{
    "baselines": {
        "H": 0.0356956561701113,
        "V": -0.08327714427893586
    },
    "thresholds": {
        "left": 3.3633677294043887,
        "right": 3.410636801184198,
        "up": 1.2311538732930656,
        "down": 1.6270780128087947
    },
    "channel_norm_factors": {
        "ch1": 37.350294309733535,
        "ch2": 33.77973593117522,
        "ch3": 37.73214381674042,
        "ch5": 12.064338140847083
    },
    "alpha": 0.055137844611528486,
    "blink_threshold": 2.440617019213192
}