{
    "baselines": {
        "H": -0.07773946624945484,
        "V": 0.00016058566120078464
    },
    "thresholds": {
        "left": 3.5979236684825966,
        "right": 3.4842392888661515,
        "up": 2.5540758443371696,
        "down": 1.918948403943231
    },
    "channel_norm_factors": {
        "ch1": 52.57396796822476,
        "ch2": 72.03551133024635,
        "ch3": 45.81187314493001,
        "ch5": 33.70842717132778
    },
    "alpha": 0.015037593984962072,
    "blink_threshold": 13.12738224972415
}