time,ch1,ch2,ch3,ch4,ch5,ch6,ch7,ch8
9.10033392906189,-400000.0625,-400000.0625,-400000.0625,-400000.0625,-400000.0625,-400000.0625,-400000.0625,-400000.0625
9.105656147003174,-400000.0625,-400000.0625,-400000.0625,-400000.0625,-400000.0625,-400000.0625,-400000.0625,-400000.0625
9.110097169876099,-400000.0625,-400000.0625,-400000.0625,-400000.0625,-400000.0625,-400000.0625,-400000.0625,-400000.0625
9.110105514526367,-400000.0625,-400000.0625,-400000.0625,-400000.0625,-400000.0625,-400000.0625,-400000.0625,-400000.0625
9.110109806060791,-400000.0625,-400000.0625,-400000.0625,-400000.0625,-400000.0625,-400000.0625,-400000.0625,-400000.0625
9.110114097595215,-400000.0625,-400000.0625,-400000.0625,-400000.0625,-400000.0625,-400000.0625,-400000.0625,-400000.0625
9.11011791229248,-400000.0625,-400000.0625,-400000.0625,-400000.0625,-400000.0625,-400000.0625,-400000.0625,-400000.0625
9.110122203826904,-400000.0625,-400000.0625,-400000.0625,-400000.0625,-400000.0625,-400000.0625,-400000.0625,-400000.0625
9.110126256942749,-400000.0625,-400000.0625,-400000.0625,-400000.0625,-400000.0625,-400000.0625,-400000.0625,-400000.0625
9.110130548477173,-400000.0625,-400000.0625,-400000.0625,-400000.0625,-400000.0625,-400000.0625,-400000.0625,-400000.0625
9.110134601593018,-400000.0625,-400000.0625,-400000.0625,-400000.0625,-400000.0625,-400000.0625,-400000.0625,-400000.0625
9.110138654708862,-400000.0625,-400000.0625,-400000.0625,-400000.0625,-400000.0625,-400000.0625,-400000.0625,-400000.0625
9.110142707824707,-400000.0625,-400000.0625,-400000.0625,-400000.0625,-400000.0625,-400000.0625,-400000.0625,-400000.0625
9.110146760940552,-400000.0625,-400000.0625,-400000.0625,-400000.0625,-400000.0625,-400000.0625,-400000.0625,-400000.0625
9.110150575637817,-400000.0625,-400000.0625,-400000.0625,-400000.0625,-400000.0625,-400000.0625,-400000.0625,-400000.0625
9.110154628753662,-400000.0625,-400000.0625,-400000.0625,-400000.0625,-400000.0625,-400000.0625,-400000.0625,-400000.0625
9.155117988586426,-400000.0625,-400000.0625,-400000.0625,-400000.0625,-400000.0625,-400000.0625,-400000.0625,-400000.0625
9.165120840072632,-400000.0625,-400000.0625,-400000.0625,-400000.0625,-400000.0625,-400000.0625,-400000.0625,-400000.0625
9.170181512832642,-400000.0625,-400000.0625,-400000.0625,-400000.0625,-400000.0625,-400000.0625,-400000.0625,-400000.0625
9.17447829246521,-400000.0625,-400000.0625,-400000.0625,-400000.0625,-400000.0625,-400000.0625,-400000.0625,-400000.0625
9.174486637115479,-400000.0625,-400000.0625,-400000.0625,-400000.0625,-400000.0625,-400000.0625,-400000.0625,-400000.0625
9.174490928649902,-400000.0625,-400000.0625,-400000.0625,-400000.0625,-400000.0625,-400000.0625,-400000.0625,-400000.0625
9.174495220184326,-400000.0625,-400000.0625,-400000.0625,-400000.0625,-400000.0625,-400000.0625,-400000.0625,-400000.0625
9.17449951171875,-400000.0625,-400000.0625,-400000.0625,-400000.0625,-400000.0625,-400000.0625,-400000.0625,-400000.0625
9.174503326416016,-400000.0625,-400000.0625,-400000.0625,-400000.0625,-400000.0625,-400000.0625,-400000.0625,-400000.0625
9.17450761795044,-400000.0625,-400000.0625,-400000.0625,-400000.0625,-400000.0625,-400000.0625,-400000.0625,-400000.0625
9.174511432647705,-400000.0625,-400000.0625,-400000.0625,-400000.0625,-400000.0625,-400000.0625,-400000.0625,-400000.0625
9.17451548576355,-400000.0625,-400000.0625,-400000.0625,-400000.0625,-400000.0625,-400000.0625,-400000.0625,-400000.0625
9.174519300460815,-400000.0625,-400000.0625,-400000.0625,-400000.0625,-400000.0625,-400000.0625,-400000.0625,-400000.0625
9.174522876739502,-400000.0625,-400000.0625,-400000.0625,-400000.0625,-400000.0625,-400000.0625,-400000.0625,-400000.0625
9.174526929855347,-400000.0625,-400000.0625,-400000.0625,-400000.0625,-400000.0625,-400000.0625,-400000.0625,-400000.0625
9.174531698226929,-400000.0625,-400000.0625,-400000.0625,-400000.0625,-400000.0625,-400000.0625,-400000.0625,-400000.0625
9.21037244796753,-400000.0625,-400000.0625,-400000.0625,-400000.0625,-400000.0625,-400000.0625,-400000.0625,-400000.0625
9.217124700546265,-400000.0625,-400000.0625,-400000.0625,-400000.0625,-400000.0625,-400000.0625,-400000.0625,-400000.0625
9.22166919708252,-400000.0625,-400000.0625,-400000.0625,-400000.0625,-400000.0625,-400000.0625,-400000.0625,-400000.0625
9.221678256988525,-400000.0625,-400000.0625,-400000.0625,-400000.0625,-400000.0625,-400000.0625,-400000.0625,-400000.0625
9.221682786941528,-400000.0625,-400000.0625,-400000.0625,-400000.0625,-400000.0625,-400000.0625,-400000.0625,-400000.0625
9.221686840057373,-400000.0625,-400000.0625,-400000.0625,-400000.0625,-400000.0625,-400000.0625,-400000.0625,-400000.0625
9.221690654754639,-400000.0625,-400000.0625,-400000.0625,-400000.0625,-400000.0625,-400000.0625,-400000.0625,-400000.0625
9.221694707870483,-400000.0625,-400000.0625,-400000.0625,-400000.0625,-400000.0625,-400000.0625,-400000.0625,-400000.0625
9.221698522567749,-400000.0625,-400000.0625,-400000.0625,-400000.0625,-400000.0625,-400000.0625,-400000.0625,-400000.0625
9.221702575683594,-400000.0625,-400000.0625,-400000.0625,-400000.0625,-400000.0625,-400000.0625,-400000.0625,-400000.0625
9.22170639038086,-400000.0625,-400000.0625,-400000.0625,-400000.0625,-400000.0625,-400000.0625,-400000.0625,-400000.0625
9.221710205078125,-400000.0625,-400000.0625,-400000.0625,-400000.0625,-400000.0625,-400000.0625,-400000.0625,-400000.0625
9.221716165542603,-400000.0625,-400000.0625,-400000.0625,-400000.0625,-400000.0625,-400000.0625,-400000.0625,-400000.0625
9.22174072265625,-400000.0625,-400000.0625,-400000.0625,-400000.0625,-400000.0625,-400000.0625,-400000.0625,-400000.0625
9.221744775772095,-400000.0625,-400000.0625,-400000.0625,-400000.0625,-400000.0625,-400000.0625,-400000.0625,-400000.0625
9.22174859046936,-400000.0625,-400000.0625,-400000.0625,-400000.0625,-400000.0625,-400000.0625,-400000.0625,-400000.0625
9.286582708358765,-400000.0625,-400000.0625,-400000.0625,-400000.0625,-400000.0625,-400000.0625,-400000.0625,-400000.0625
9.296480417251587,-400000.0625,-400000.0625,-400000.0625,-400000.0625,-400000.0625,-400000.0625,-400000.0625,-400000.0625
9.301571607589722,-400000.0625,-400000.0625,-400000.0625,-400000.0625,-400000.0625,-400000.0625,-400000.0625,-400000.0625
9.30592155456543,-400000.0625,-400000.0625,-400000.0625,-400000.0625,-400000.0625,-400000.0625,-400000.0625,-400000.0625
9.305930137634277,-400000.0625,-400000.0625,-400000.0625,-400000.0625,-400000.0625,-400000.0625,-400000.0625,-400000.0625
9.30593466758728,-400000.0625,-400000.0625,-400000.0625,-400000.0625,-400000.0625,-400000.0625,-400000.0625,-400000.0625
9.305938959121704,-400000.0625,-400000.0625,-400000.0625,-400000.0625,-400000.0625,-400000.0625,-400000.0625,-400000.0625
9.30594253540039,-400000.0625,-400000.0625,-400000.0625,-400000.0625,-400000.0625,-400000.0625,-400000.0625,-400000.0625
9.305946588516235,-400000.0625,-400000.0625,-400000.0625,-400000.0625,-400000.0625,-400000.0625,-400000.0625,-400000.0625
9.305950164794922,-400000.0625,-400000.0625,-400000.0625,-400000.0625,-400000.0625,-400000.0625,-400000.0625,-400000.0625
9.305953741073608,-400000.0625,-400000.0625,-400000.0625,-400000.0625,-400000.0625,-400000.0625,-400000.0625,-400000.0625
9.305957794189453,-400000.0625,-400000.0625,-400000.0625,-400000.0625,-400000.0625,-400000.0625,-400000.0625,-400000.0625
9.305961847305298,-400000.0625,-400000.0625,-400000.0625,-400000.0625,-400000.0625,-400000.0625,-400000.0625,-400000.0625
9.305966138839722,-400000.0625,-400000.0625,-400000.0625,-400000.0625,-400000.0625,-400000.0625,-400000.0625,-400000.0625
9.305970191955566,-400000.0625,-400000.0625,-400000.0625,-400000.0625,-400000.0625,-400000.0625,-400000.0625,-400000.0625
9.30597448348999,-400000.0625,-400000.0625,-400000.0625,-400000.0625,-400000.0625,-400000.0625,-400000.0625,-400000.0625
9.34665322303772,-400000.0625,-400000.0625,-400000.0625,-400000.0625,-400000.0625,-400000.0625,-400000.0625,-400000.0625
9.351540565490723,-400000.0625,-400000.0625,-400000.0625,-400000.0625,-400000.0625,-400000.0625,-400000.0625,-400000.0625
9.351550102233887,-400000.0625,-400000.0625,-400000.0625,-400000.0625,-400000.0625,-400000.0625,-400000.0625,-400000.0625
9.35155439376831,-400000.0625,-400000.0625,-400000.0625,-400000.0625,-400000.0625,-400000.0625,-400000.0625,-400000.0625
9.351558446884155,-400000.0625,-400000.0625,-400000.0625,-400000.0625,-400000.0625,-400000.0625,-400000.0625,-400000.0625
9.351562261581421,-400000.0625,-400000.0625,-400000.0625,-400000.0625,-400000.0625,-400000.0625,-400000.0625,-400000.0625
9.351565837860107,-400000.0625,-400000.0625,-400000.0625,-400000.0625,-400000.0625,-400000.0625,-400000.0625,-400000.0625
9.351569652557373,-400000.0625,-400000.0625,-400000.0625,-400000.0625,-400000.0625,-400000.0625,-400000.0625,-400000.0625
9.351573705673218,-400000.0625,-400000.0625,-400000.0625,-400000.0625,-400000.0625,-400000.0625,-400000.0625,-400000.0625
9.351577758789062,-400000.0625,-400000.0625,-400000.0625,-400000.0625,-400000.0625,-400000.0625,-400000.0625,-400000.0625
9.351581335067749,-400000.0625,-400000.0625,-400000.0625,-400000.0625,-400000.0625,-400000.0625,-400000.0625,-400000.0625
9.351585626602173,-400000.0625,-400000.0625,-400000.0625,-400000.0625,-400000.0625,-400000.0625,-400000.0625,-400000.0625
9.351589441299438,-400000.0625,-400000.0625,-400000.0625,-400000.0625,-400000.0625,-400000.0625,-400000.0625,-400000.0625
9.351596355438232,-400000.0625,-400000.0625,-400000.0625,-400000.0625,-400000.0625,-400000.0625,-400000.0625,-400000.0625
9.351600170135498,-400000.0625,-400000.0625,-400000.0625,-400000.0625,-400000.0625,-400000.0625,-400000.0625,-400000.0625
9.351603984832764,-400000.0625,-400000.0625,-400000.0625,-400000.0625,-400000.0625,-400000.0625,-400000.0625,-400000.0625
9.401659488677979,-400000.0625,-400000.0625,-400000.0625,-400000.0625,-400000.0625,-400000.0625,-400000.0625,-400000.0625
9.410693168640137,-400000.0625,-400000.0625,-400000.0625,-400000.0625,-400000.0625,-400000.0625,-400000.0625,-400000.0625
9.414792776107788,-400000.0625,-400000.0625,-400000.0625,-400000.0625,-400000.0625,-400000.0625,-400000.0625,-400000.0625
9.414801359176636,-400000.0625,-400000.0625,-400000.0625,-400000.0625,-400000.0625,-400000.0625,-400000.0625,-400000.0625
9.414806127548218,-400000.0625,-400000.0625,-400000.0625,-400000.0625,-400000.0625,-400000.0625,-400000.0625,-400000.0625
9.414809465408325,-400000.0625,-400000.0625,-400000.0625,-400000.0625,-400000.0625,-400000.0625,-400000.0625,-400000.0625
9.41481328010559,-400000.0625,-400000.0625,-400000.0625,-400000.0625,-400000.0625,-400000.0625,-400000.0625,-400000.0625
9.414817094802856,-400000.0625,-400000.0625,-400000.0625,-400000.0625,-400000.0625,-400000.0625,-400000.0625,-400000.0625
9.414820671081543,-400000.0625,-400000.0625,-400000.0625,-400000.0625,-400000.0625,-400000.0625,-400000.0625,-400000.0625
9.414824485778809,-400000.0625,-400000.0625,-400000.0625,-400000.0625,-400000.0625,-400000.0625,-400000.0625,-400000.0625
9.414828300476074,-400000.0625,-400000.0625,-400000.0625,-400000.0625,-400000.0625,-400000.0625,-400000.0625,-400000.0625
9.414832353591919,-400000.0625,-400000.0625,-400000.0625,-400000.0625,-400000.0625,-400000.0625,-400000.0625,-400000.0625
9.414836168289185,-400000.0625,-400000.0625,-400000.0625,-400000.0625,-400000.0625,-400000.0625,-400000.0625,-400000.0625
9.414840698242188,-400000.0625,-400000.0625,-400000.0625,-400000.0625,-400000.0625,-400000.0625,-400000.0625,-400000.0625
9.414844751358032,-400000.0625,-400000.0625,-400000.0625,-400000.0625,-400000.0625,-400000.0625,-400000.0625,-400000.0625
9.414849996566772,-400000.0625,-400000.0625,-400000.0625,-400000.0625,-400000.0625,-400000.0625,-400000.0625,-400000.0625
9.465129613876343,-400000.0625,-400000.0625,-400000.0625,-400000.0625,-400000.0625,-400000.0625,-400000.0625,-400000.0625
9.46976613998413,-400000.0625,-400000.0625,-400000.0625,-400000.0625,-400000.0625,-400000.0625,-400000.0625,-400000.0625
9.4697744846344,-400000.0625,-400000.0625,-400000.0625,-400000.0625,-400000.0625,-400000.0625,-400000.0625,-400000.0625
9.469778776168823,-400000.0625,-400000.0625,-400000.0625,-400000.0625,-400000.0625,-400000.0625,-400000.0625,-400000.0625
9.469782829284668,-400000.0625,-400000.0625,-400000.0625,-400000.0625,-400000.0625,-400000.0625,-400000.0625,-400000.0625
9.46978759765625,-400000.0625,-400000.0625,-400000.0625,-400000.0625,-400000.0625,-400000.0625,-400000.0625,-400000.0625
9.469791889190674,-400000.0625,-400000.0625,-400000.0625,-400000.0625,-400000.0625,-400000.0625,-400000.0625,-400000.0625
9.46979570388794,-400000.0625,-400000.0625,-400000.0625,-400000.0625,-400000.0625,-400000.0625,-400000.0625,-400000.0625
9.469799041748047,-400000.0625,-400000.0625,-400000.0625,-400000.0625,-400000.0625,-400000.0625,-400000.0625,-400000.0625
9.469802856445312,-400000.0625,-400000.0625,-400000.0625,-400000.0625,-400000.0625,-400000.0625,-400000.0625,-400000.0625
9.469806671142578,-400000.0625,-400000.0625,-400000.0625,-400000.0625,-400000.0625,-400000.0625,-400000.0625,-400000.0625
9.469810247421265,-400000.0625,-400000.0625,-400000.0625,-400000.0625,-400000.0625,-400000.0625,-400000.0625,-400000.0625
9.469813585281372,-400000.0625,-400000.0625,-400000.0625,-400000.0625,-400000.0625,-400000.0625,-400000.0625,-400000.0625
9.469818592071533,-400000.0625,-400000.0625,-400000.0625,-400000.0625,-400000.0625,-400000.0625,-400000.0625,-400000.0625
9.469822406768799,-400000.0625,-400000.0625,-400000.0625,-400000.0625,-400000.0625,-400000.0625,-400000.0625,-400000.0625
9.469826221466064,-400000.0625,-400000.0625,-400000.0625,-400000.0625,-400000.0625,-400000.0625,-400000.0625,-400000.0625
9.547784805297852,-400000.0625,-400000.0625,-400000.0625,-400000.0625,-400000.0625,-400000.0625,-400000.0625,-400000.0625
9.556273460388184,-400000.0625,-400000.0625,-400000.0625,-400000.0625,-400000.0625,-400000.0625,-400000.0625,-400000.0625
9.560084342956543,-400000.0625,-400000.0625,-400000.0625,-400000.0625,-400000.0625,-400000.0625,-400000.0625,-400000.0625
9.560091018676758,-400000.0625,-400000.0625,-400000.0625,-400000.0625,-400000.0625,-400000.0625,-400000.0625,-400000.0625
9.560094833374023,-400000.0625,-400000.0625,-400000.0625,-400000.0625,-400000.0625,-400000.0625,-400000.0625,-400000.0625
9.56009840965271,-400000.0625,-400000.0625,-400000.0625,-400000.0625,-400000.0625,-400000.0625,-400000.0625,-400000.0625
9.560101747512817,-400000.0625,-400000.0625,-400000.0625,-400000.0625,-400000.0625,-400000.0625,-400000.0625,-400000.0625
9.560105085372925,-400000.0625,-400000.0625,-400000.0625,-400000.0625,-400000.0625,-400000.0625,-400000.0625,-400000.0625
9.560108423233032,-400000.0625,-400000.0625,-400000.0625,-400000.0625,-400000.0625,-400000.0625,-400000.0625,-400000.0625
9.56011176109314,-400000.0625,-400000.0625,-400000.0625,-400000.0625,-400000.0625,-400000.0625,-400000.0625,-400000.0625
9.560115337371826,-400000.0625,-400000.0625,-400000.0625,-400000.0625,-400000.0625,-400000.0625,-400000.0625,-400000.0625
9.560118675231934,-400000.0625,-400000.0625,-400000.0625,-400000.0625,-400000.0625,-400000.0625,-400000.0625,-400000.0625
9.56012225151062,-400000.0625,-400000.0625,-400000.0625,-400000.0625,-400000.0625,-400000.0625,-400000.0625,-400000.0625
9.560125589370728,-400000.0625,-400000.0625,-400000.0625,-400000.0625,-400000.0625,-400000.0625,-400000.0625,-400000.0625
9.560128688812256,-400000.0625,-400000.0625,-400000.0625,-400000.0625,-400000.0625,-400000.0625,-400000.0625,-400000.0625
9.560131788253784,-400000.0625,-400000.0625,-400000.0625,-400000.0625,-400000.0625,-400000.0625,-400000.0625,-400000.0625
9.60024380683899,-400000.0625,-400000.0625,-400000.0625,-400000.0625,-400000.0625,-400000.0625,-400000.0625,-400000.0625
9.605021715164185,-400000.0625,-400000.0625,-400000.0625,-400000.0625,-400000.0625,-400000.0625,-400000.0625,-400000.0625
9.60503077507019,-400000.0625,-400000.0625,-400000.0625,-400000.0625,-400000.0625,-400000.0625,-400000.0625,-400000.0625
9.605035066604614,-400000.0625,-400000.0625,-400000.0625,-400000.0625,-400000.0625,-400000.0625,-400000.0625,-400000.0625
9.605039119720459,-400000.0625,-400000.0625,-400000.0625,-400000.0625,-400000.0625,-400000.0625,-400000.0625,-400000.0625
9.605043649673462,-400000.0625,-400000.0625,-400000.0625,-400000.0625,-400000.0625,-400000.0625,-400000.0625,-400000.0625
9.605047464370728,-400000.0625,-400000.0625,-400000.0625,-400000.0625,-400000.0625,-400000.0625,-400000.0625,-400000.0625
9.605051279067993,-400000.0625,-400000.0625,-400000.0625,-400000.0625,-400000.0625,-400000.0625,-400000.0625,-400000.0625
9.605055332183838,-400000.0625,-400000.0625,-400000.0625,-400000.0625,-400000.0625,-400000.0625,-400000.0625,-400000.0625
9.605058908462524,-400000.0625,-400000.0625,-400000.0625,-400000.0625,-400000.0625,-400000.0625,-400000.0625,-400000.0625
9.605062484741211,-400000.0625,-400000.0625,-400000.0625,-400000.0625,-400000.0625,-400000.0625,-400000.0625,-400000.0625
9.605066061019897,-400000.0625,-400000.0625,-400000.0625,-400000.0625,-400000.0625,-400000.0625,-400000.0625,-400000.0625
9.605069637298584,-400000.0625,-400000.0625,-400000.0625,-400000.0625,-400000.0625,-400000.0625,-400000.0625,-400000.0625
9.605073690414429,-400000.0625,-400000.0625,-400000.0625,-400000.0625,-400000.0625,-400000.0625,-400000.0625,-400000.0625
9.605077981948853,-400000.0625,-400000.0625,-400000.0625,-400000.0625,-400000.0625,-400000.0625,-400000.0625,-400000.0625
9.605082273483276,-400000.0625,-400000.0625,-400000.0625,-400000.0625,-400000.0625,-400000.0625,-400000.0625,-400000.0625
9.658097982406616,-400000.0625,-400000.0625,-400000.0625,-400000.0625,-400000.0625,-400000.0625,-400000.0625,-400000.0625
9.666914701461792,-400000.0625,-400000.0625,-400000.0625,-400000.0625,-400000.0625,-400000.0625,-400000.0625,-400000.0625
9.671074151992798,-400000.0625,-400000.0625,-400000.0625,-400000.0625,-400000.0625,-400000.0625,-400000.0625,-400000.0625
9.67108154296875,-400000.0625,-400000.0625,-400000.0625,-400000.0625,-400000.0625,-400000.0625,-400000.0625,-400000.0625
9.671085357666016,-400000.0625,-400000.0625,-400000.0625,-400000.0625,-400000.0625,-400000.0625,-400000.0625,-400000.0625
9.671089887619019,-400000.0625,-400000.0625,-400000.0625,-400000.0625,-400000.0625,-400000.0625,-400000.0625,-400000.0625
9.671092987060547,-400000.0625,-400000.0625,-400000.0625,-400000.0625,-400000.0625,-400000.0625,-400000.0625,-400000.0625
9.671096563339233,-400000.0625,-400000.0625,-400000.0625,-400000.0625,-400000.0625,-400000.0625,-400000.0625,-400000.0625
9.67109990119934,-400000.0625,-400000.0625,-400000.0625,-400000.0625,-400000.0625,-400000.0625,-400000.0625,-400000.0625
9.67110300064087,-400000.0625,-400000.0625,-400000.0625,-400000.0625,-400000.0625,-400000.0625,-400000.0625,-400000.0625
9.671106100082397,-400000.0625,-400000.0625,-400000.0625,-400000.0625,-400000.0625,-400000.0625,-400000.0625,-400000.0625
9.671109437942505,-400000.0625,-400000.0625,-400000.0625,-400000.0625,-400000.0625,-400000.0625,-400000.0625,-400000.0625
9.671113014221191,-400000.0625,-400000.0625,-400000.0625,-400000.0625,-400000.0625,-400000.0625,-400000.0625,-400000.0625
9.67111611366272,-400000.0625,-400000.0625,-400000.0625,-400000.0625,-400000.0625,-400000.0625,-400000.0625,-400000.0625
9.671119451522827,-400000.0625,-400000.0625,-400000.0625,-400000.0625,-400000.0625,-400000.0625,-400000.0625,-400000.0625
9.671123743057251,-400000.0625,-400000.0625,-400000.0625,-400000.0625,-400000.0625,-400000.0625,-400000.0625,-400000.0625
9.742827892303467,-400000.0625,-400000.0625,-400000.0625,-400000.0625,-400000.0625,-400000.0625,-400000.0625,-400000.0625
9.747504234313965,-400000.0625,-400000.0625,-400000.0625,-400000.0625,-400000.0625,-400000.0625,-400000.0625,-400000.0625
9.747514247894287,-400000.0625,-400000.0625,-400000.0625,-400000.0625,-400000.0625,-400000.0625,-400000.0625,-400000.0625
9.74751901626587,-400000.0625,-400000.0625,-400000.0625,-400000.0625,-400000.0625,-400000.0625,-400000.0625,-400000.0625
9.747523069381714,-400000.0625,-400000.0625,-400000.0625,-400000.0625,-400000.0625,-400000.0625,-400000.0625,-400000.0625
9.747527360916138,-400000.0625,-400000.0625,-400000.0625,-400000.0625,-400000.0625,-400000.0625,-400000.0625,-400000.0625
9.747531175613403,-400000.0625,-400000.0625,-400000.0625,-400000.0625,-400000.0625,-400000.0625,-400000.0625,-400000.0625
9.747535467147827,-400000.0625,-400000.0625,-400000.0625,-400000.0625,-400000.0625,-400000.0625,-400000.0625,-400000.0625
9.747539281845093,-400000.0625,-400000.0625,-400000.0625,-400000.0625,-400000.0625,-400000.0625,-400000.0625,-400000.0625
9.74754285812378,-400000.0625,-400000.0625,-400000.0625,-400000.0625,-400000.0625,-400000.0625,-400000.0625,-400000.0625
9.747546434402466,-400000.0625,-400000.0625,-400000.0625,-400000.0625,-400000.0625,-400000.0625,-400000.0625,-400000.0625
9.747550249099731,-400000.0625,-400000.0625,-400000.0625,-400000.0625,-400000.0625,-400000.0625,-400000.0625,-400000.0625
9.747554063796997,-400000.0625,-400000.0625,-400000.0625,-400000.0625,-400000.0625,-400000.0625,-400000.0625,-400000.0625
9.747560262680054,-400000.0625,-400000.0625,-400000.0625,-400000.0625,-400000.0625,-400000.0625,-400000.0625,-400000.0625
9.74756383895874,-400000.0625,-400000.0625,-400000.0625,-400000.0625,-400000.0625,-400000.0625,-400000.0625,-400000.0625
9.747567653656006,-400000.0625,-400000.0625,-400000.0625,-400000.0625,-400000.0625,-400000.0625,-400000.0625,-400000.0625
9.797603130340576,-400000.0625,-400000.0625,-400000.0625,-400000.0625,-400000.0625,-400000.0625,-400000.0625,-400000.0625
9.80648922920227,-400000.0625,-400000.0625,-400000.0625,-400000.0625,-400000.0625,-400000.0625,-400000.0625,-400000.0625
9.810903072357178,-400000.0625,-400000.0625,-400000.0625,-400000.0625,-400000.0625,-400000.0625,-400000.0625,-400000.0625
9.810909748077393,-400000.0625,-400000.0625,-400000.0625,-400000.0625,-400000.0625,-400000.0625,-400000.0625,-400000.0625
9.810913562774658,-400000.0625,-400000.0625,-400000.0625,-400000.0625,-400000.0625,-400000.0625,-400000.0625,-400000.0625
9.810916662216187,-400000.0625,-400000.0625,-400000.0625,-400000.0625,-400000.0625,-400000.0625,-400000.0625,-400000.0625
9.810919761657715,-400000.0625,-400000.0625,-400000.0625,-400000.0625,-400000.0625,-400000.0625,-400000.0625,-400000.0625
9.810923337936401,-400000.0625,-400000.0625,-400000.0625,-400000.0625,-400000.0625,-400000.0625,-400000.0625,-400000.0625
9.81092643737793,-400000.0625,-400000.0625,-400000.0625,-400000.0625,-400000.0625,-400000.0625,-400000.0625,-400000.0625
9.810929775238037,-400000.0625,-400000.0625,-400000.0625,-400000.0625,-400000.0625,-400000.0625,-400000.0625,-400000.0625
9.810933351516724,-400000.0625,-400000.0625,-400000.0625,-400000.0625,-400000.0625,-400000.0625,-400000.0625,-400000.0625
9.81093716621399,-400000.0625,-400000.0625,-400000.0625,-400000.0625,-400000.0625,-400000.0625,-400000.0625,-400000.0625
9.810940504074097,-400000.0625,-400000.0625,-400000.0625,-400000.0625,-400000.0625,-400000.0625,-400000.0625,-400000.0625
9.810943841934204,-400000.0625,-400000.0625,-400000.0625,-400000.0625,-400000.0625,-400000.0625,-400000.0625,-400000.0625
9.81094741821289,-400000.0625,-400000.0625,-400000.0625,-400000.0625,-400000.0625,-400000.0625,-400000.0625,-400000.0625
9.810950756072998,-400000.0625,-400000.0625,-400000.0625,-400000.0625,-400000.0625,-400000.0625,-400000.0625,-400000.0625
9.850289106369019,-400000.0625,-400000.0625,-400000.0625,-400000.0625,-400000.0625,-400000.0625,-400000.0625,-400000.0625
9.855104684829712,-400000.0625,-400000.0625,-400000.0625,-400000.0625,-400000.0625,-400000.0625,-400000.0625,-400000.0625
9.855115413665771,-400000.0625,-400000.0625,-400000.0625,-400000.0625,-400000.0625,-400000.0625,-400000.0625,-400000.0625
9.855119705200195,-400000.0625,-400000.0625,-400000.0625,-400000.0625,-400000.0625,-400000.0625,-400000.0625,-400000.0625
9.85512375831604,-400000.0625,-400000.0625,-400000.0625,-400000.0625,-400000.0625,-400000.0625,-400000.0625,-400000.0625
9.855127573013306,-400000.0625,-400000.0625,-400000.0625,-400000.0625,-400000.0625,-400000.0625,-400000.0625,-400000.0625
9.855131387710571,-400000.0625,-400000.0625,-400000.0625,-400000.0625,-400000.0625,-400000.0625,-400000.0625,-400000.0625
9.855170011520386,-400000.0625,-400000.0625,-400000.0625,-400000.0625,-400000.0625,-400000.0625,-400000.0625,-400000.0625
9.85517406463623,-400000.0625,-400000.0625,-400000.0625,-400000.0625,-400000.0625,-400000.0625,-400000.0625,-400000.0625
9.85517954826355,-400000.0625,-400000.0625,-400000.0625,-400000.0625,-400000.0625,-400000.0625,-400000.0625,-400000.0625
9.855183362960815,-400000.0625,-400000.0625,-400000.0625,-400000.0625,-400000.0625,-400000.0625,-400000.0625,-400000.0625
9.85518741607666,-400000.0625,-400000.0625,-400000.0625,-400000.0625,-400000.0625,-400000.0625,-400000.0625,-400000.0625
9.855190992355347,-400000.0625,-400000.0625,-400000.0625,-400000.0625,-400000.0625,-400000.0625,-400000.0625,-400000.0625
9.855194568634033,-400000.0625,-400000.0625,-400000.0625,-400000.0625,-400000.0625,-400000.0625,-400000.0625,-400000.0625
9.85519814491272,-400000.0625,-400000.0625,-400000.0625,-400000.0625,-400000.0625,-400000.0625,-400000.0625,-400000.0625
9.855201959609985,-400000.0625,-400000.0625,-400000.0625,-400000.0625,-400000.0625,-400000.0625,-400000.0625,-400000.0625
9.920185804367065,-400000.0625,-400000.0625,-400000.0625,-400000.0625,-400000.0625,-400000.0625,-400000.0625,-400000.0625
9.930114984512329,-400000.0625,-400000.0625,-400000.0625,-400000.0625,-400000.0625,-400000.0625,-400000.0625,-400000.0625
9.934880018234253,-400000.0625,-400000.0625,-400000.0625,-400000.0625,-400000.0625,-400000.0625,-400000.0625,-400000.0625
9.934892654418945,-400000.0625,-400000.0625,-400000.0625,-400000.0625,-400000.0625,-400000.0625,-400000.0625,-400000.0625
9.934897661209106,-400000.0625,-400000.0625,-400000.0625,-400000.0625,-400000.0625,-400000.0625,-400000.0625,-400000.0625
9.934902429580688,-400000.0625,-400000.0625,-400000.0625,-400000.0625,-400000.0625,-400000.0625,-400000.0625,-400000.0625
9.934906959533691,-400000.0625,-400000.0625,-400000.0625,-400000.0625,-400000.0625,-400000.0625,-400000.0625,-400000.0625
9.934911012649536,-400000.0625,-400000.0625,-400000.0625,-400000.0625,-400000.0625,-400000.0625,-400000.0625,-400000.0625
9.934916019439697,-400000.0625,-400000.0625,-400000.0625,-400000.0625,-400000.0625,-400000.0625,-400000.0625,-400000.0625
9.934923648834229,-400000.0625,-400000.0625,-400000.0625,-400000.0625,-400000.0625,-400000.0625,-400000.0625,-400000.0625
9.934927701950073,-400000.0625,-400000.0625,-400000.0625,-400000.0625,-400000.0625,-400000.0625,-400000.0625,-400000.0625
9.934931755065918,-400000.0625,-400000.0625,-400000.0625,-400000.0625,-400000.0625,-400000.0625,-400000.0625,-400000.0625
9.9349365234375,-400000.0625,-400000.0625,-400000.0625,-400000.0625,-400000.0625,-400000.0625,-400000.0625,-400000.0625
9.934940576553345,-400000.0625,-400000.0625,-400000.0625,-400000.0625,-400000.0625,-400000.0625,-400000.0625,-400000.0625
9.93494439125061,-400000.0625,-400000.0625,-400000.0625,-400000.0625,-400000.0625,-400000.0625,-400000.0625,-400000.0625
9.93494963645935,-400000.0625,-400000.0625,-400000.0625,-400000.0625,-400000.0625,-400000.0625,-400000.0625,-400000.0625
9.995223045349121,-400000.0625,-400000.0625,-400000.0625,-400000.0625,-400000.0625,-400000.0625,-400000.0625,-400000.0625
10.000964641571045,-400000.0625,-400000.0625,-400000.0625,-400000.0625,-400000.0625,-400000.0625,-400000.0625,-400000.0625
10.00549054145813,-400000.0625,-400000.0625,-400000.0625,-400000.0625,-400000.0625,-400000.0625,-400000.0625,-400000.0625
10.005500555038452,-400000.0625,-400000.0625,-400000.0625,-400000.0625,-400000.0625,-400000.0625,-400000.0625,-400000.0625
10.005505561828613,-400000.0625,-400000.0625,-400000.0625,-400000.0625,-400000.0625,-400000.0625,-400000.0625,-400000.0625
10.005509853363037,-400000.0625,-400000.0625,-400000.0625,-400000.0625,-400000.0625,-400000.0625,-400000.0625,-400000.0625
10.005513906478882,-400000.0625,-400000.0625,-400000.0625,-400000.0625,-400000.0625,-400000.0625,-400000.0625,-400000.0625
10.005517959594727,-400000.0625,-400000.0625,-400000.0625,-400000.0625,-400000.0625,-400000.0625,-400000.0625,-400000.0625
10.005522012710571,-400000.0625,-400000.0625,-400000.0625,-400000.0625,-400000.0625,-400000.0625,-400000.0625,-400000.0625
10.00552749633789,-400000.0625,-400000.0625,-400000.0625,-400000.0625,-400000.0625,-400000.0625,-400000.0625,-400000.0625
10.005531549453735,-400000.0625,-400000.0625,-400000.0625,-400000.0625,-400000.0625,-400000.0625,-400000.0625,-400000.0625
10.005536079406738,-400000.0625,-400000.0625,-400000.0625,-400000.0625,-400000.0625,-400000.0625,-400000.0625,-400000.0625
10.005539894104004,-400000.0625,-400000.0625,-400000.0625,-400000.0625,-400000.0625,-400000.0625,-400000.0625,-400000.0625
10.005543947219849,-400000.0625,-400000.0625,-400000.0625,-400000.0625,-400000.0625,-400000.0625,-400000.0625,-400000.0625
10.005548000335693,-400000.0625,-400000.0625,-400000.0625,-400000.0625,-400000.0625,-400000.0625,-400000.0625,-400000.0625
10.005551815032959,-400000.0625,-400000.0625,-400000.0625,-400000.0625,-400000.0625,-400000.0625,-400000.0625,-400000.0625
10.084209442138672,-400000.0625,-400000.0625,-400000.0625,-400000.0625,-400000.0625,-400000.0625,-400000.0625,-400000.0625
10.093297004699707,-400000.0625,-400000.0625,-400000.0625,-400000.0625,-400000.0625,-400000.0625,-400000.0625,-400000.0625
10.098056077957153,-400000.0625,-400000.0625,-400000.0625,-400000.0625,-400000.0625,-400000.0625,-400000.0625,-400000.0625
10.098065614700317,-400000.0625,-400000.0625,-400000.0625,-400000.0625,-400000.0625,-400000.0625,-400000.0625,-400000.0625
10.0980703830719,-400000.0625,-400000.0625,-400000.0625,-400000.0625,-400000.0625,-400000.0625,-400000.0625,-400000.0625
10.098074436187744,-400000.0625,-400000.0625,-400000.0625,-400000.0625,-400000.0625,-400000.0625,-400000.0625,-400000.0625
10.098078489303589,-400000.0625,-400000.0625,-400000.0625,-400000.0625,-400000.0625,-400000.0625,-400000.0625,-400000.0625
10.098082780838013,-400000.0625,-400000.0625,-400000.0625,-400000.0625,-400000.0625,-400000.0625,-400000.0625,-400000.0625
10.098086595535278,-400000.0625,-400000.0625,-400000.0625,-400000.0625,-400000.0625,-400000.0625,-400000.0625,-400000.0625
10.098091125488281,-400000.0625,-400000.0625,-400000.0625,-400000.0625,-400000.0625,-400000.0625,-400000.0625,-400000.0625
10.098103284835815,-400000.0625,-400000.0625,-400000.0625,-400000.0625,-400000.0625,-400000.0625,-400000.0625,-400000.0625
10.098107814788818,-400000.0625,-400000.0625,-400000.0625,-400000.0625,-400000.0625,-400000.0625,-400000.0625,-400000.0625
10.098111629486084,-400000.0625,-400000.0625,-400000.0625,-400000.0625,-400000.0625,-400000.0625,-400000.0625,-400000.0625
10.098115682601929,-400000.0625,-400000.0625,-400000.0625,-400000.0625,-400000.0625,-400000.0625,-400000.0625,-400000.0625
10.098119735717773,-400000.0625,-400000.0625,-400000.0625,-400000.0625,-400000.0625,-400000.0625,-400000.0625,-400000.0625
10.098123788833618,-400000.0625,-400000.0625,-400000.0625,-400000.0625,-400000.0625,-400000.0625,-400000.0625,-400000.0625
10.107775926589966,-400000.0625,-400000.0625,-400000.0625,-400000.0625,-400000.0625,-400000.0625,-400000.0625,-400000.0625
10.112980127334595,-400000.0625,-400000.0625,-400000.0625,-400000.0625,-400000.0625,-400000.0625,-400000.0625,-400000.0625
10.117758512496948,-400000.0625,-400000.0625,-400000.0625,-400000.0625,-400000.0625,-400000.0625,-400000.0625,-400000.0625
10.11776876449585,-400000.0625,-400000.0625,-400000.0625,-400000.0625,-400000.0625,-400000.0625,-400000.0625,-400000.0625
10.117773532867432,-400000.0625,-400000.0625,-400000.0625,-400000.0625,-400000.0625,-400000.0625,-400000.0625,-400000.0625
10.117777585983276,-400000.0625,-400000.0625,-400000.0625,-400000.0625,-400000.0625,-400000.0625,-400000.0625,-400000.0625
10.117781400680542,-400000.0625,-400000.0625,-400000.0625,-400000.0625,-400000.0625,-400000.0625,-400000.0625,-400000.0625
10.117785215377808,-400000.0625,-400000.0625,-400000.0625,-400000.0625,-400000.0625,-400000.0625,-400000.0625,-400000.0625
10.117793798446655,-400000.0625,-400000.0625,-400000.0625,-400000.0625,-400000.0625,-400000.0625,-400000.0625,-400000.0625
10.117797374725342,-400000.0625,-400000.0625,-400000.0625,-400000.0625,-400000.0625,-400000.0625,-400000.0625,-400000.0625
10.117801427841187,-400000.0625,-400000.0625,-400000.0625,-400000.0625,-400000.0625,-400000.0625,-400000.0625,-400000.0625
10.117805480957031,-400000.0625,-400000.0625,-400000.0625,-400000.0625,-400000.0625,-400000.0625,-400000.0625,-400000.0625
10.117809295654297,-400000.0625,-400000.0625,-400000.0625,-400000.0625,-400000.0625,-400000.0625,-400000.0625,-400000.0625
10.117814779281616,-400000.0625,-400000.0625,-400000.0625,-400000.0625,-400000.0625,-400000.0625,-400000.0625,-400000.0625
10.117818832397461,-400000.0625,-400000.0625,-400000.0625,-400000.0625,-400000.0625,-400000.0625,-400000.0625,-400000.0625
10.117822647094727,-400000.0625,-400000.0625,-400000.0625,-400000.0625,-400000.0625,-400000.0625,-400000.0625,-400000.0625
10.187864065170288,-400000.0625,-400000.0625,-400000.0625,-400000.0625,-400000.0625,-400000.0625,-400000.0625,-400000.0625
10.19994306564331,-400000.0625,-400000.0625,-400000.0625,-400000.0625,-400000.0625,-400000.0625,-400000.0625,-400000.0625
10.204923868179321,-400000.0625,-400000.0625,-400000.0625,-400000.0625,-400000.0625,-400000.0625,-400000.0625,-400000.0625
10.204933166503906,-400000.0625,-400000.0625,-400000.0625,-400000.0625,-400000.0625,-400000.0625,-400000.0625,-400000.0625
10.204937934875488,-400000.0625,-400000.0625,-400000.0625,-400000.0625,-400000.0625,-400000.0625,-400000.0625,-400000.0625
10.204942226409912,-400000.0625,-400000.0625,-400000.0625,-400000.0625,-400000.0625,-400000.0625,-400000.0625,-400000.0625
10.204946756362915,-400000.0625,-400000.0625,-400000.0625,-400000.0625,-400000.0625,-400000.0625,-400000.0625,-400000.0625
10.209954500198364,-400000.0625,-400000.0625,-400000.0625,-400000.0625,-400000.0625,-400000.0625,-400000.0625,-400000.0625
10.214841365814209,-400000.0625,-400000.0625,-400000.0625,-400000.0625,-400000.0625,-400000.0625,-400000.0625,-400000.0625
10.214850902557373,-400000.0625,-400000.0625,-400000.0625,-400000.0625,-400000.0625,-400000.0625,-400000.0625,-400000.0625
10.214856386184692,-400000.0625,-400000.0625,-400000.0625,-400000.0625,-400000.0625,-400000.0625,-400000.0625,-400000.0625
10.214860916137695,-400000.0625,-400000.0625,-400000.0625,-400000.0625,-400000.0625,-400000.0625,-400000.0625,-400000.0625
10.214865922927856,-400000.0625,-400000.0625,-400000.0625,-400000.0625,-400000.0625,-400000.0625,-400000.0625,-400000.0625
10.21487045288086,-400000.0625,-400000.0625,-400000.0625,-400000.0625,-400000.0625,-400000.0625,-400000.0625,-400000.0625
10.214874505996704,-400000.0625,-400000.0625,-400000.0625,-400000.0625,-400000.0625,-400000.0625,-400000.0625,-400000.0625
10.214880466461182,-400000.0625,-400000.0625,-400000.0625,-400000.0625,-400000.0625,-400000.0625,-400000.0625,-400000.0625
10.247467279434204,-400000.0625,-400000.0625,-400000.0625,-400000.0625,-400000.0625,-400000.0625,-400000.0625,-400000.0625
10.252905130386353,-400000.0625,-400000.0625,-400000.0625,-400000.0625,-400000.0625,-400000.0625,-400000.0625,-400000.0625
10.257598400115967,-400000.0625,-400000.0625,-400000.0625,-400000.0625,-400000.0625,-400000.0625,-400000.0625,-400000.0625
10.257608413696289,-400000.0625,-400000.0625,-400000.0625,-400000.0625,-400000.0625,-400000.0625,-400000.0625,-400000.0625
10.257620334625244,-400000.0625,-400000.0625,-400000.0625,-400000.0625,-400000.0625,-400000.0625,-400000.0625,-400000.0625
10.257624864578247,-400000.0625,-400000.0625,-400000.0625,-400000.0625,-400000.0625,-400000.0625,-400000.0625,-400000.0625
10.257628917694092,-400000.0625,-400000.0625,-400000.0625,-400000.0625,-400000.0625,-400000.0625,-400000.0625,-400000.0625
10.257632970809937,-400000.0625,-400000.0625,-400000.0625,-400000.0625,-400000.0625,-400000.0625,-400000.0625,-400000.0625
10.257636785507202,-400000.0625,-400000.0625,-400000.0625,-400000.0625,-400000.0625,-400000.0625,-400000.0625,-400000.0625
10.257640838623047,-400000.0625,-400000.0625,-400000.0625,-400000.0625,-400000.0625,-400000.0625,-400000.0625,-400000.0625
10.257644414901733,-400000.0625,-400000.0625,-400000.0625,-400000.0625,-400000.0625,-400000.0625,-400000.0625,-400000.0625
10.257648468017578,-400000.0625,-400000.0625,-400000.0625,-400000.0625,-400000.0625,-400000.0625,-400000.0625,-400000.0625
10.257652282714844,-400000.0625,-400000.0625,-400000.0625,-400000.0625,-400000.0625,-400000.0625,-400000.0625,-400000.0625
10.25765609741211,-400000.0625,-400000.0625,-400000.0625,-400000.0625,-400000.0625,-400000.0625,-400000.0625,-400000.0625
10.257659673690796,-400000.0625,-400000.0625,-400000.0625,-400000.0625,-400000.0625,-400000.0625,-400000.0625,-400000.0625
10.25766396522522,-400000.0625,-400000.0625,-400000.0625,-400000.0625,-400000.0625,-400000.0625,-400000.0625,-400000.0625
10.298229455947876,-400000.0625,-400000.0625,-400000.0625,-400000.0625,-400000.0625,-400000.0625,-400000.0625,-400000.0625
10.30842661857605,-400000.0625,-400000.0625,-400000.0625,-400000.0625,-400000.0625,-400000.0625,-400000.0625,-400000.0625
10.313145160675049,-400000.0625,-400000.0625,-400000.0625,-400000.0625,-400000.0625,-400000.0625,-400000.0625,-400000.0625
10.313154697418213,-400000.0625,-400000.0625,-400000.0625,-400000.0625,-400000.0625,-400000.0625,-400000.0625,-400000.0625
10.313159227371216,-400000.0625,-400000.0625,-400000.0625,-400000.0625,-400000.0625,-400000.0625,-400000.0625,-400000.0625
10.313168287277222,-400000.0625,-400000.0625,-400000.0625,-400000.0625,-400000.0625,-400000.0625,-400000.0625,-400000.0625
10.313172340393066,-400000.0625,-400000.0625,-400000.0625,-400000.0625,-400000.0625,-400000.0625,-400000.0625,-400000.0625
10.313176155090332,-400000.0625,-400000.0625,-400000.0625,-400000.0625,-400000.0625,-400000.0625,-400000.0625,-400000.0625
10.313179969787598,-400000.0625,-400000.0625,-400000.0625,-400000.0625,-400000.0625,-400000.0625,-400000.0625,-400000.0625
10.313183546066284,-400000.0625,-400000.0625,-400000.0625,-400000.0625,-400000.0625,-400000.0625,-400000.0625,-400000.0625
10.31318736076355,-400000.0625,-400000.0625,-400000.0625,-400000.0625,-400000.0625,-400000.0625,-400000.0625,-400000.0625
10.313191175460815,-400000.0625,-400000.0625,-400000.0625,-400000.0625,-400000.0625,-400000.0625,-400000.0625,-400000.0625
10.31319522857666,-400000.0625,-400000.0625,-400000.0625,-400000.0625,-400000.0625,-400000.0625,-400000.0625,-400000.0625
10.313199043273926,-400000.0625,-400000.0625,-400000.0625,-400000.0625,-400000.0625,-400000.0625,-400000.0625,-400000.0625
10.313202857971191,-400000.0625,-400000.0625,-400000.0625,-400000.0625,-400000.0625,-400000.0625,-400000.0625,-400000.0625
10.313206672668457,-400000.0625,-400000.0625,-400000.0625,-400000.0625,-400000.0625,-400000.0625,-400000.0625,-400000.0625
10.372861862182617,-400000.0625,-400000.0625,-400000.0625,-400000.0625,-400000.0625,-400000.0625,-400000.0625,-400000.0625
10.378887176513672,-400000.0625,-400000.0625,-400000.0625,-400000.0625,-400000.0625,-400000.0625,-400000.0625,-400000.0625
10.384033203125,-400000.0625,-400000.0625,-400000.0625,-400000.0625,-400000.0625,-400000.0625,-400000.0625,-400000.0625
10.389487266540527,-400000.0625,-400000.0625,-400000.0625,-400000.0625,-400000.0625,-400000.0625,-400000.0625,-400000.0625
10.394060373306274,-400000.0625,-400000.0625,-400000.0625,-400000.0625,-400000.0625,-400000.0625,-400000.0625,-400000.0625
10.39406967163086,-400000.0625,-400000.0625,-400000.0625,-400000.0625,-400000.0625,-400000.0625,-400000.0625,-400000.0625
10.394074201583862,-400000.0625,-400000.0625,-400000.0625,-400000.0625,-400000.0625,-400000.0625,-400000.0625,-400000.0625
10.394078254699707,-400000.0625,-400000.0625,-400000.0625,-400000.0625,-400000.0625,-400000.0625,-400000.0625,-400000.0625
10.394082069396973,-400000.0625,-400000.0625,-400000.0625,-400000.0625,-400000.0625,-400000.0625,-400000.0625,-400000.0625
10.394085884094238,-400000.0625,-400000.0625,-400000.0625,-400000.0625,-400000.0625,-400000.0625,-400000.0625,-400000.0625
10.394089937210083,-400000.0625,-400000.0625,-400000.0625,-400000.0625,-400000.0625,-400000.0625,-400000.0625,-400000.0625
10.394093990325928,-400000.0625,-400000.0625,-400000.0625,-400000.0625,-400000.0625,-400000.0625,-400000.0625,-400000.0625
10.394097566604614,-400000.0625,-400000.0625,-400000.0625,-400000.0625,-400000.0625,-400000.0625,-400000.0625,-400000.0625
10.394101619720459,-400000.0625,-400000.0625,-400000.0625,-400000.0625,-400000.0625,-400000.0625,-400000.0625,-400000.0625
10.394105195999146,-400000.0625,-400000.0625,-400000.0625,-400000.0625,-400000.0625,-400000.0625,-400000.0625,-400000.0625
10.394114971160889,-400000.0625,-400000.0625,-400000.0625,-400000.0625,-400000.0625,-400000.0625,-400000.0625,-400000.0625
10.455225229263306,-400000.0625,-400000.0625,-400000.0625,-400000.0625,-400000.0625,-400000.0625,-400000.0625,-400000.0625
10.471943855285645,-400000.0625,-400000.0625,-400000.0625,-400000.0625,-400000.0625,-400000.0625,-400000.0625,-400000.0625
10.47651982307434,-400000.0625,-400000.0625,-400000.0625,-400000.0625,-400000.0625,-400000.0625,-400000.0625,-400000.0625
10.47652792930603,-400000.0625,-400000.0625,-400000.0625,-400000.0625,-400000.0625,-400000.0625,-400000.0625,-400000.0625
10.47653841972351,-400000.0625,-400000.0625,-400000.0625,-400000.0625,-400000.0625,-400000.0625,-400000.0625,-400000.0625
10.476542472839355,-400000.0625,-400000.0625,-400000.0625,-400000.0625,-400000.0625,-400000.0625,-400000.0625,-400000.0625
10.476547002792358,-400000.0625,-400000.0625,-400000.0625,-400000.0625,-400000.0625,-400000.0625,-400000.0625,-400000.0625
10.476550817489624,-400000.0625,-400000.0625,-400000.0625,-400000.0625,-400000.0625,-400000.0625,-400000.0625,-400000.0625
10.47655463218689,-400000.0625,-400000.0625,-400000.0625,-400000.0625,-400000.0625,-400000.0625,-400000.0625,-400000.0625
10.476558208465576,-400000.0625,-400000.0625,-400000.0625,-400000.0625,-400000.0625,-400000.0625,-400000.0625,-400000.0625
10.476562023162842,-400000.0625,-400000.0625,-400000.0625,-400000.0625,-400000.0625,-400000.0625,-400000.0625,-400000.0625
10.476566076278687,-400000.0625,-400000.0625,-400000.0625,-400000.0625,-400000.0625,-400000.0625,-400000.0625,-400000.0625
10.476569652557373,-400000.0625,-400000.0625,-400000.0625,-400000.0625,-400000.0625,-400000.0625,-400000.0625,-400000.0625
10.476574659347534,-400000.0625,-400000.0625,-400000.0625,-400000.0625,-400000.0625,-400000.0625,-400000.0625,-400000.0625
10.4765784740448,-400000.0625,-400000.0625,-400000.0625,-400000.0625,-400000.0625,-400000.0625,-400000.0625,-400000.0625
10.47658395767212,-400000.0625,-400000.0625,-400000.0625,-400000.0625,-400000.0625,-400000.0625,-400000.0625,-400000.0625
10.490345239639282,-400000.0625,-400000.0625,-400000.0625,-400000.0625,-400000.0625,-400000.0625,-400000.0625,-400000.0625
10.496041774749756,-400000.0625,-400000.0625,-400000.0625,-400000.0625,-400000.0625,-400000.0625,-400000.0625,-400000.0625
10.501420497894287,-400000.0625,-400000.0625,-400000.0625,-400000.0625,-400000.0625,-400000.0625,-400000.0625,-400000.0625
10.506012439727783,-400000.0625,-400000.0625,-400000.0625,-400000.0625,-400000.0625,-400000.0625,-400000.0625,-400000.0625
10.506022453308105,-400000.0625,-400000.0625,-400000.0625,-400000.0625,-400000.0625,-400000.0625,-400000.0625,-400000.0625
10.506027460098267,-400000.0625,-400000.0625,-400000.0625,-400000.0625,-400000.0625,-400000.0625,-400000.0625,-400000.0625
10.50603175163269,-400000.0625,-400000.0625,-400000.0625,-400000.0625,-400000.0625,-400000.0625,-400000.0625,-400000.0625
10.506035804748535,-400000.0625,-400000.0625,-400000.0625,-400000.0625,-400000.0625,-400000.0625,-400000.0625,-400000.0625
10.5060396194458,-400000.0625,-400000.0625,-400000.0625,-400000.0625,-400000.0625,-400000.0625,-400000.0625,-400000.0625
10.506043434143066,-400000.0625,-400000.0625,-400000.0625,-400000.0625,-400000.0625,-400000.0625,-400000.0625,-400000.0625
10.506047010421753,-400000.0625,-400000.0625,-400000.0625,-400000.0625,-400000.0625,-400000.0625,-400000.0625,-400000.0625
10.506056547164917,-400000.0625,-400000.0625,-400000.0625,-400000.0625,-400000.0625,-400000.0625,-400000.0625,-400000.0625
10.506060361862183,-400000.0625,-400000.0625,-400000.0625,-400000.0625,-400000.0625,-400000.0625,-400000.0625,-400000.0625
10.506064176559448,-400000.0625,-400000.0625,-400000.0625,-400000.0625,-400000.0625,-400000.0625,-400000.0625,-400000.0625
10.506067752838135,-400000.0625,-400000.0625,-400000.0625,-400000.0625,-400000.0625,-400000.0625,-400000.0625,-400000.0625
10.5060715675354,-400000.0625,-400000.0625,-400000.0625,-400000.0625,-400000.0625,-400000.0625,-400000.0625,-400000.0625
10.555158853530884,-400000.0625,-400000.0625,-400000.0625,-400000.0625,-400000.0625,-400000.0625,-400000.0625,-400000.0625
10.561026573181152,-400000.0625,-400000.0625,-400000.0625,-400000.0625,-400000.0625,-400000.0625,-400000.0625,-400000.0625
10.572908401489258,-400000.0625,-400000.0625,-400000.0625,-400000.0625,-400000.0625,-400000.0625,-400000.0625,-400000.0625
10.577698469161987,-400000.0625,-400000.0625,-400000.0625,-400000.0625,-400000.0625,-400000.0625,-400000.0625,-400000.0625
10.577707290649414,-400000.0625,-400000.0625,-400000.0625,-400000.0625,-400000.0625,-400000.0625,-400000.0625,-400000.0625
10.577712059020996,-400000.0625,-400000.0625,-400000.0625,-400000.0625,-400000.0625,-400000.0625,-400000.0625,-400000.0625
10.57771635055542,-400000.0625,-400000.0625,-400000.0625,-400000.0625,-400000.0625,-400000.0625,-400000.0625,-400000.0625
10.577720165252686,-400000.0625,-400000.0625,-400000.0625,-400000.0625,-400000.0625,-400000.0625,-400000.0625,-400000.0625
10.577723741531372,-400000.0625,-400000.0625,-400000.0625,-400000.0625,-400000.0625,-400000.0625,-400000.0625,-400000.0625
10.577731609344482,-400000.0625,-400000.0625,-400000.0625,-400000.0625,-400000.0625,-400000.0625,-400000.0625,-400000.0625
10.577735424041748,-400000.0625,-400000.0625,-400000.0625,-400000.0625,-400000.0625,-400000.0625,-400000.0625,-400000.0625
10.577739715576172,-400000.0625,-400000.0625,-400000.0625,-400000.0625,-400000.0625,-400000.0625,-400000.0625,-400000.0625
10.577743530273438,-400000.0625,-400000.0625,-400000.0625,-400000.0625,-400000.0625,-400000.0625,-400000.0625,-400000.0625
10.577747344970703,-400000.0625,-400000.0625,-400000.0625,-400000.0625,-400000.0625,-400000.0625,-400000.0625,-400000.0625
10.57775092124939,-400000.0625,-400000.0625,-400000.0625,-400000.0625,-400000.0625,-400000.0625,-400000.0625,-400000.0625
10.577754735946655,-400000.0625,-400000.0625,-400000.0625,-400000.0625,-400000.0625,-400000.0625,-400000.0625,-400000.0625
10.61878514289856,-400000.0625,-400000.0625,-400000.0625,-400000.0625,-400000.0625,-400000.0625,-400000.0625,-400000.0625
10.624664545059204,-400000.0625,-400000.0625,-400000.0625,-400000.0625,-400000.0625,-400000.0625,-400000.0625,-400000.0625
10.629303693771362,-400000.0625,-400000.0625,-400000.0625,-400000.0625,-400000.0625,-400000.0625,-400000.0625,-400000.0625
10.62931203842163,-400000.0625,-400000.0625,-400000.0625,-400000.0625,-400000.0625,-400000.0625,-400000.0625,-400000.0625
10.629316806793213,-400000.0625,-400000.0625,-400000.0625,-400000.0625,-400000.0625,-400000.0625,-400000.0625,-400000.0625
10.629320859909058,-400000.0625,-400000.0625,-400000.0625,-400000.0625,-400000.0625,-400000.0625,-400000.0625,-400000.0625
10.629324674606323,-400000.0625,-400000.0625,-400000.0625,-400000.0625,-400000.0625,-400000.0625,-400000.0625,-400000.0625
10.629332304000854,-400000.0625,-400000.0625,-400000.0625,-400000.0625,-400000.0625,-400000.0625,-400000.0625,-400000.0625
10.629337787628174,-400000.0625,-400000.0625,-400000.0625,-400000.0625,-400000.0625,-400000.0625,-400000.0625,-400000.0625
10.62934160232544,-400000.0625,-400000.0625,-400000.0625,-400000.0625,-400000.0625,-400000.0625,-400000.0625,-400000.0625
10.629345417022705,-400000.0625,-400000.0625,-400000.0625,-400000.0625,-400000.0625,-400000.0625,-400000.0625,-400000.0625
10.629349708557129,-400000.0625,-400000.0625,-400000.0625,-400000.0625,-400000.0625,-400000.0625,-400000.0625,-400000.0625
10.629353284835815,-400000.0625,-400000.0625,-400000.0625,-400000.0625,-400000.0625,-400000.0625,-400000.0625,-400000.0625
10.629356861114502,-400000.0625,-400000.0625,-400000.0625,-400000.0625,-400000.0625,-400000.0625,-400000.0625,-400000.0625
10.629360914230347,-400000.0625,-400000.0625,-400000.0625,-400000.0625,-400000.0625,-400000.0625,-400000.0625,-400000.0625
10.629364728927612,-400000.0625,-400000.0625,-400000.0625,-400000.0625,-400000.0625,-400000.0625,-400000.0625,-400000.0625
10.698226690292358,-400000.0625,-400000.0625,-400000.0625,-400000.0625,-400000.0625,-400000.0625,-400000.0625,-400000.0625
10.708666801452637,-400000.0625,-400000.0625,-400000.0625,-400000.0625,-400000.0625,-400000.0625,-400000.0625,-400000.0625
10.713395118713379,-400000.0625,-400000.0625,-400000.0625,-400000.0625,-400000.0625,-400000.0625,-400000.0625,-400000.0625
10.713403224945068,-400000.0625,-400000.0625,-400000.0625,-400000.0625,-400000.0625,-400000.0625,-400000.0625,-400000.0625
10.713407516479492,-400000.0625,-400000.0625,-400000.0625,-400000.0625,-400000.0625,-400000.0625,-400000.0625,-400000.0625
10.713412046432495,-400000.0625,-400000.0625,-400000.0625,-400000.0625,-400000.0625,-400000.0625,-400000.0625,-400000.0625
10.713421106338501,-400000.0625,-400000.0625,-400000.0625,-400000.0625,-400000.0625,-400000.0625,-400000.0625,-400000.0625
10.713424682617188,-400000.0625,-400000.0625,-400000.0625,-400000.0625,-400000.0625,-400000.0625,-400000.0625,-400000.0625
10.713428497314453,-400000.0625,-400000.0625,-400000.0625,-400000.0625,-400000.0625,-400000.0625,-400000.0625,-400000.0625
10.713432312011719,-400000.0625,-400000.0625,-400000.0625,-400000.0625,-400000.0625,-400000.0625,-400000.0625,-400000.0625
10.713436126708984,-400000.0625,-400000.0625,-400000.0625,-400000.0625,-400000.0625,-400000.0625,-400000.0625,-400000.0625
10.713439702987671,-400000.0625,-400000.0625,-400000.0625,-400000.0625,-400000.0625,-400000.0625,-400000.0625,-400000.0625
10.713443756103516,-400000.0625,-400000.0625,-400000.0625,-400000.0625,-400000.0625,-400000.0625,-400000.0625,-400000.0625
10.713447332382202,-400000.0625,-400000.0625,-400000.0625,-400000.0625,-400000.0625,-400000.0625,-400000.0625,-400000.0625
10.713450908660889,-400000.0625,-400000.0625,-400000.0625,-400000.0625,-400000.0625,-400000.0625,-400000.0625,-400000.0625
10.713456153869629,-400000.0625,-400000.0625,-400000.0625,-400000.0625,-400000.0625,-400000.0625,-400000.0625,-400000.0625
10.752646207809448,-400000.0625,-400000.0625,-400000.0625,-400000.0625,-400000.0625,-400000.0625,-400000.0625,-400000.0625
10.757999420166016,-400000.0625,-400000.0625,-400000.0625,-400000.0625,-400000.0625,-400000.0625,-400000.0625,-400000.0625
10.762655258178711,-400000.0625,-400000.0625,-400000.0625,-400000.0625,-400000.0625,-400000.0625,-400000.0625,-400000.0625
10.762662410736084,-400000.0625,-400000.0625,-400000.0625,-400000.0625,-400000.0625,-400000.0625,-400000.0625,-400000.0625
10.762667179107666,-400000.0625,-400000.0625,-400000.0625,-400000.0625,-400000.0625,-400000.0625,-400000.0625,-400000.0625
10.76267123222351,-400000.0625,-400000.0625,-400000.0625,-400000.0625,-400000.0625,-400000.0625,-400000.0625,-400000.0625
10.762675046920776,-400000.0625,-400000.0625,-400000.0625,-400000.0625,-400000.0625,-400000.0625,-400000.0625,-400000.0625
10.762678861618042,-400000.0625,-400000.0625,-400000.0625,-400000.0625,-400000.0625,-400000.0625,-400000.0625,-400000.0625
10.762682676315308,-400000.0625,-400000.0625,-400000.0625,-400000.0625,-400000.0625,-400000.0625,-400000.0625,-400000.0625
10.762686491012573,-400000.0625,-400000.0625,-400000.0625,-400000.0625,-400000.0625,-400000.0625,-400000.0625,-400000.0625
10.762690305709839,-400000.0625,-400000.0625,-400000.0625,-400000.0625,-400000.0625,-400000.0625,-400000.0625,-400000.0625
10.762693881988525,-400000.0625,-400000.0625,-400000.0625,-400000.0625,-400000.0625,-400000.0625,-400000.0625,-400000.0625
10.76269793510437,-400000.0625,-400000.0625,-400000.0625,-400000.0625,-400000.0625,-400000.0625,-400000.0625,-400000.0625
10.762701749801636,-400000.0625,-400000.0625,-400000.0625,-400000.0625,-400000.0625,-400000.0625,-400000.0625,-400000.0625
10.762705564498901,-400000.0625,-400000.0625,-400000.0625,-400000.0625,-400000.0625,-400000.0625,-400000.0625,-400000.0625
10.762709379196167,-400000.0625,-400000.0625,-400000.0625,-400000.0625,-400000.0625,-400000.0625,-400000.0625,-400000.0625
10.820372581481934,-400000.0625,-400000.0625,-400000.0625,-400000.0625,-400000.0625,-400000.0625,-400000.0625,-400000.0625
10.829482793807983,-400000.0625,-400000.0625,-400000.0625,-400000.0625,-400000.0625,-400000.0625,-400000.0625,-400000.0625
10.833806991577148,-400000.0625,-400000.0625,-400000.0625,-400000.0625,-400000.0625,-400000.0625,-400000.0625,-400000.0625
10.833815097808838,-400000.0625,-400000.0625,-400000.0625,-400000.0625,-400000.0625,-400000.0625,-400000.0625,-400000.0625
10.833819150924683,-400000.0625,-400000.0625,-400000.0625,-400000.0625,-400000.0625,-400000.0625,-400000.0625,-400000.0625
10.833823442459106,-400000.0625,-400000.0625,-400000.0625,-400000.0625,-400000.0625,-400000.0625,-400000.0625,-400000.0625
10.833827018737793,-400000.0625,-400000.0625,-400000.0625,-400000.0625,-400000.0625,-400000.0625,-400000.0625,-400000.0625
10.83383059501648,-400000.0625,-400000.0625,-400000.0625,-400000.0625,-400000.0625,-400000.0625,-400000.0625,-400000.0625
10.833833932876587,-400000.0625,-400000.0625,-400000.0625,-400000.0625,-400000.0625,-400000.0625,-400000.0625,-400000.0625
10.833837509155273,-400000.0625,-400000.0625,-400000.0625,-400000.0625,-400000.0625,-400000.0625,-400000.0625,-400000.0625
10.833847284317017,-400000.0625,-400000.0625,-400000.0625,-400000.0625,-400000.0625,-400000.0625,-400000.0625,-400000.0625
10.833851099014282,-400000.0625,-400000.0625,-400000.0625,-400000.0625,-400000.0625,-400000.0625,-400000.0625,-400000.0625
10.83385419845581,-400000.0625,-400000.0625,-400000.0625,-400000.0625,-400000.0625,-400000.0625,-400000.0625,-400000.0625
10.833858013153076,-400000.0625,-400000.0625,-400000.0625,-400000.0625,-400000.0625,-400000.0625,-400000.0625,-400000.0625
10.833861112594604,-400000.0625,-400000.0625,-400000.0625,-400000.0625,-400000.0625,-400000.0625,-400000.0625,-400000.0625
10.83386492729187,-400000.0625,-400000.0625,-400000.0625,-400000.0625,-400000.0625,-400000.0625,-400000.0625,-400000.0625
10.880498170852661,-400000.0625,-400000.0625,-400000.0625,-400000.0625,-400000.0625,-400000.0625,-400000.0625,-400000.0625
10.88581895828247,-400000.0625,-400000.0625,-400000.0625,-400000.0625,-400000.0625,-400000.0625,-400000.0625,-400000.0625
10.890575885772705,-400000.0625,-400000.0625,-400000.0625,-400000.0625,-400000.0625,-400000.0625,-400000.0625,-400000.0625
10.890584230422974,-400000.0625,-400000.0625,-400000.0625,-400000.0625,-400000.0625,-400000.0625,-400000.0625,-400000.0625
10.890588283538818,-400000.0625,-400000.0625,-400000.0625,-400000.0625,-400000.0625,-400000.0625,-400000.0625,-400000.0625
10.890592336654663,-400000.0625,-400000.0625,-400000.0625,-400000.0625,-400000.0625,-400000.0625,-400000.0625,-400000.0625
10.89059591293335,-400000.0625,-400000.0625,-400000.0625,-400000.0625,-400000.0625,-400000.0625,-400000.0625,-400000.0625
10.890599489212036,-400000.0625,-400000.0625,-400000.0625,-400000.0625,-400000.0625,-400000.0625,-400000.0625,-400000.0625
10.890602827072144,-400000.0625,-400000.0625,-400000.0625,-400000.0625,-400000.0625,-400000.0625,-400000.0625,-400000.0625
10.890607833862305,-400000.0625,-400000.0625,-400000.0625,-400000.0625,-400000.0625,-400000.0625,-400000.0625,-400000.0625
10.890611410140991,-400000.0625,-400000.0625,-400000.0625,-400000.0625,-400000.0625,-400000.0625,-400000.0625,-400000.0625
10.890615224838257,-400000.0625,-400000.0625,-400000.0625,-400000.0625,-400000.0625,-400000.0625,-400000.0625,-400000.0625
10.890618801116943,-400000.0625,-400000.0625,-400000.0625,-400000.0625,-400000.0625,-400000.0625,-400000.0625,-400000.0625
10.89062213897705,-400000.0625,-400000.0625,-400000.0625,-400000.0625,-400000.0625,-400000.0625,-400000.0625,-400000.0625
10.89063286781311,-400000.0625,-400000.0625,-400000.0625,-400000.0625,-400000.0625,-400000.0625,-400000.0625,-400000.0625
10.890636682510376,-400000.0625,-400000.0625,-400000.0625,-400000.0625,-400000.0625,-400000.0625,-400000.0625,-400000.0625
10.944692373275757,-400000.0625,-400000.0625,-400000.0625,-400000.0625,-400000.0625,-400000.0625,-400000.0625,-400000.0625
10.953521013259888,-400000.0625,-400000.0625,-400000.0625,-400000.0625,-400000.0625,-400000.0625,-400000.0625,-400000.0625
10.957828283309937,-400000.0625,-400000.0625,-400000.0625,-400000.0625,-400000.0625,-400000.0625,-400000.0625,-400000.0625
10.957835912704468,-400000.0625,-400000.0625,-400000.0625,-400000.0625,-400000.0625,-400000.0625,-400000.0625,-400000.0625
10.957839727401733,-400000.0625,-400000.0625,-400000.0625,-400000.0625,-400000.0625,-400000.0625,-400000.0625,-400000.0625
10.957843542098999,-400000.0625,-400000.0625,-400000.0625,-400000.0625,-400000.0625,-400000.0625,-400000.0625,-400000.0625
10.957847118377686,-400000.0625,-400000.0625,-400000.0625,-400000.0625,-400000.0625,-400000.0625,-400000.0625,-400000.0625
10.957850694656372,-400000.0625,-400000.0625,-400000.0625,-400000.0625,-400000.0625,-400000.0625,-400000.0625,-400000.0625
10.957854270935059,-400000.0625,-400000.0625,-400000.0625,-400000.0625,-400000.0625,-400000.0625,-400000.0625,-400000.0625
10.957857370376587,-400000.0625,-400000.0625,-400000.0625,-400000.0625,-400000.0625,-400000.0625,-400000.0625,-400000.0625
10.957860946655273,-400000.0625,-400000.0625,-400000.0625,-400000.0625,-400000.0625,-400000.0625,-400000.0625,-400000.0625
10.95786428451538,-400000.0625,-400000.0625,-400000.0625,-400000.0625,-400000.0625,-400000.0625,-400000.0625,-400000.0625
10.957874059677124,-400000.0625,-400000.0625,-400000.0625,-400000.0625,-400000.0625,-400000.0625,-400000.0625,-400000.0625
10.95787763595581,-400000.0625,-400000.0625,-400000.0625,-400000.0625,-400000.0625,-400000.0625,-400000.0625,-400000.0625
10.957880973815918,-400000.0625,-400000.0625,-400000.0625,-400000.0625,-400000.0625,-400000.0625,-400000.0625,-400000.0625
10.9578857421875,-400000.0625,-400000.0625,-400000.0625,-400000.0625,-400000.0625,-400000.0625,-400000.0625,-400000.0625
11.013560056686401,-400000.0625,-400000.0625,-400000.0625,-400000.0625,-400000.0625,-400000.0625,-400000.0625,-400000.0625
11.018398761749268,-400000.0625,-400000.0625,-400000.0625,-400000.0625,-400000.0625,-400000.0625,-400000.0625,-400000.0625
11.018407344818115,-400000.0625,-400000.0625,-400000.0625,-400000.0625,-400000.0625,-400000.0625,-400000.0625,-400000.0625
11.018411636352539,-400000.0625,-400000.0625,-400000.0625,-400000.0625,-400000.0625,-400000.0625,-400000.0625,-400000.0625
11.018415689468384,-400000.0625,-400000.0625,-400000.0625,-400000.0625,-400000.0625,-400000.0625,-400000.0625,-400000.0625
11.01841926574707,-400000.0625,-400000.0625,-400000.0625,-400000.0625,-400000.0625,-400000.0625,-400000.0625,-400000.0625
11.018422603607178,-400000.0625,-400000.0625,-400000.0625,-400000.0625,-400000.0625,-400000.0625,-400000.0625,-400000.0625
11.018426179885864,-400000.0625,-400000.0625,-400000.0625,-400000.0625,-400000.0625,-400000.0625,-400000.0625,-400000.0625
11.01842975616455,-400000.0625,-400000.0625,-400000.0625,-400000.0625,-400000.0625,-400000.0625,-400000.0625,-400000.0625
11.018433094024658,-400000.0625,-400000.0625,-400000.0625,-400000.0625,-400000.0625,-400000.0625,-400000.0625,-400000.0625
11.018436670303345,-400000.0625,-400000.0625,-400000.0625,-400000.0625,-400000.0625,-400000.0625,-400000.0625,-400000.0625
11.018446207046509,-400000.0625,-400000.0625,-400000.0625,-400000.0625,-400000.0625,-400000.0625,-400000.0625,-400000.0625
11.018449783325195,-400000.0625,-400000.0625,-400000.0625,-400000.0625,-400000.0625,-400000.0625,-400000.0625,-400000.0625
11.018453359603882,-400000.0625,-400000.0625,-400000.0625,-400000.0625,-400000.0625,-400000.0625,-400000.0625,-400000.0625
11.018463134765625,-400000.0625,-400000.0625,-400000.0625,-400000.0625,-400000.0625,-400000.0625,-400000.0625,-400000.0625
11.01846694946289,-400000.0625,-400000.0625,-400000.0625,-400000.0625,-400000.0625,-400000.0625,-400000.0625,-400000.0625
11.069617986679077,-400000.0625,-400000.0625,-400000.0625,-400000.0625,-400000.0625,-400000.0625,-400000.0625,-400000.0625
11.079149007797241,-400000.0625,-400000.0625,-400000.0625,-400000.0625,-400000.0625,-400000.0625,-400000.0625,-400000.0625
11.083534479141235,-400000.0625,-400000.0625,-400000.0625,-400000.0625,-400000.0625,-400000.0625,-400000.0625,-400000.0625
11.08354377746582,-400000.0625,-400000.0625,-400000.0625,-400000.0625,-400000.0625,-400000.0625,-400000.0625,-400000.0625
11.083547830581665,-400000.0625,-400000.0625,-400000.0625,-400000.0625,-400000.0625,-400000.0625,-400000.0625,-400000.0625
11.083551406860352,-400000.0625,-400000.0625,-400000.0625,-400000.0625,-400000.0625,-400000.0625,-400000.0625,-400000.0625
11.083554983139038,-400000.0625,-400000.0625,-400000.0625,-400000.0625,-400000.0625,-400000.0625,-400000.0625,-400000.0625
11.083558559417725,-400000.0625,-400000.0625,-400000.0625,-400000.0625,-400000.0625,-400000.0625,-400000.0625,-400000.0625
11.083561897277832,-400000.0625,-400000.0625,-400000.0625,-400000.0625,-400000.0625,-400000.0625,-400000.0625,-400000.0625
11.083565950393677,-400000.0625,-400000.0625,-400000.0625,-400000.0625,-400000.0625,-400000.0625,-400000.0625,-400000.0625
11.083569526672363,-400000.0625,-400000.0625,-400000.0625,-400000.0625,-400000.0625,-400000.0625,-400000.0625,-400000.0625
11.08357286453247,-400000.0625,-400000.0625,-400000.0625,-400000.0625,-400000.0625,-400000.0625,-400000.0625,-400000.0625
11.083576440811157,-400000.0625,-400000.0625,-400000.0625,-400000.0625,-400000.0625,-400000.0625,-400000.0625,-400000.0625
11.083579540252686,-400000.0625,-400000.0625,-400000.0625,-400000.0625,-400000.0625,-400000.0625,-400000.0625,-400000.0625
11.083583116531372,-400000.0625,-400000.0625,-400000.0625,-400000.0625,-400000.0625,-400000.0625,-400000.0625,-400000.0625
11.083586692810059,-400000.0625,-400000.0625,-400000.0625,-400000.0625,-400000.0625,-400000.0625,-400000.0625,-400000.0625
11.180312871932983,-400000.0625,-400000.0625,-400000.0625,-400000.0625,-400000.0625,-400000.0625,-400000.0625,-400000.0625
11.189644813537598,-400000.0625,-400000.0625,-400000.0625,-400000.0625,-400000.0625,-400000.0625,-400000.0625,-400000.0625
11.193960189819336,-400000.0625,-400000.0625,-400000.0625,-400000.0625,-400000.0625,-400000.0625,-400000.0625,-400000.0625
11.193969011306763,-400000.0625,-400000.0625,-400000.0625,-400000.0625,-400000.0625,-400000.0625,-400000.0625,-400000.0625
11.193973064422607,-400000.0625,-400000.0625,-400000.0625,-400000.0625,-400000.0625,-400000.0625,-400000.0625,-400000.0625
11.193976879119873,-400000.0625,-400000.0625,-400000.0625,-400000.0625,-400000.0625,-400000.0625,-400000.0625,-400000.0625
11.19398045539856,-400000.0625,-400000.0625,-400000.0625,-400000.0625,-400000.0625,-400000.0625,-400000.0625,-400000.0625
11.193984031677246,-400000.0625,-400000.0625,-400000.0625,-400000.0625,-400000.0625,-400000.0625,-400000.0625,-400000.0625
11.193987369537354,-400000.0625,-400000.0625,-400000.0625,-400000.0625,-400000.0625,-400000.0625,-400000.0625,-400000.0625
11.193993091583252,-400000.0625,-400000.0625,-400000.0625,-400000.0625,-400000.0625,-400000.0625,-400000.0625,-400000.0625
11.193996667861938,-400000.0625,-400000.0625,-400000.0625,-400000.0625,-400000.0625,-400000.0625,-400000.0625,-400000.0625
11.194000005722046,-400000.0625,-400000.0625,-400000.0625,-400000.0625,-400000.0625,-400000.0625,-400000.0625,-400000.0625
11.194003343582153,-400000.0625,-400000.0625,-400000.0625,-400000.0625,-400000.0625,-400000.0625,-400000.0625,-400000.0625
11.19400691986084,-400000.0625,-400000.0625,-400000.0625,-400000.0625,-400000.0625,-400000.0625,-400000.0625,-400000.0625
11.194010257720947,-400000.0625,-400000.0625,-400000.0625,-400000.0625,-400000.0625,-400000.0625,-400000.0625,-400000.0625
11.194013833999634,-400000.0625,-400000.0625,-400000.0625,-400000.0625,-400000.0625,-400000.0625,-400000.0625,-400000.0625
11.208011150360107,-400000.0625,-400000.0625,-400000.0625,-400000.0625,-400000.0625,-400000.0625,-400000.0625,-400000.0625
11.213101148605347,-400000.0625,-400000.0625,-400000.0625,-400000.0625,-400000.0625,-400000.0625,-400000.0625,-400000.0625
11.217569351196289,-400000.0625,-400000.0625,-400000.0625,-400000.0625,-400000.0625,-400000.0625,-400000.0625,-400000.0625
11.217577695846558,-400000.0625,-400000.0625,-400000.0625,-400000.0625,-400000.0625,-400000.0625,-400000.0625,-400000.0625
11.217581987380981,-400000.0625,-400000.0625,-400000.0625,-400000.0625,-400000.0625,-400000.0625,-400000.0625,-400000.0625
11.217585802078247,-400000.0625,-400000.0625,-400000.0625,-400000.0625,-400000.0625,-400000.0625,-400000.0625,-400000.0625
11.217589378356934,-400000.0625,-400000.0625,-400000.0625,-400000.0625,-400000.0625,-400000.0625,-400000.0625,-400000.0625
11.21759295463562,-400000.0625,-400000.0625,-400000.0625,-400000.0625,-400000.0625,-400000.0625,-400000.0625,-400000.0625
11.217596530914307,-400000.0625,-400000.0625,-400000.0625,-400000.0625,-400000.0625,-400000.0625,-400000.0625,-400000.0625
11.217600107192993,-400000.0625,-400000.0625,-400000.0625,-400000.0625,-400000.0625,-400000.0625,-400000.0625,-400000.0625
11.21760368347168,-400000.0625,-400000.0625,-400000.0625,-400000.0625,-400000.0625,-400000.0625,-400000.0625,-400000.0625
11.217607259750366,-400000.0625,-400000.0625,-400000.0625,-400000.0625,-400000.0625,-400000.0625,-400000.0625,-400000.0625
11.217611312866211,-400000.0625,-400000.0625,-400000.0625,-400000.0625,-400000.0625,-400000.0625,-400000.0625,-400000.0625
11.217614650726318,-400000.0625,-400000.0625,-400000.0625,-400000.0625,-400000.0625,-400000.0625,-400000.0625,-400000.0625
11.217618227005005,-400000.0625,-400000.0625,-400000.0625,-400000.0625,-400000.0625,-400000.0625,-400000.0625,-400000.0625
11.217623472213745,-400000.0625,-400000.0625,-400000.0625,-400000.0625,-400000.0625,-400000.0625,-400000.0625,-400000.0625
11.265278577804565,-400000.0625,-400000.0625,-400000.0625,-400000.0625,-400000.0625,-400000.0625,-400000.0625,-400000.0625
11.270026683807373,-400000.0625,-400000.0625,-400000.0625,-400000.0625,-400000.0625,-400000.0625,-400000.0625,-400000.0625
11.270034313201904,-400000.0625,-400000.0625,-400000.0625,-400000.0625,-400000.0625,-400000.0625,-400000.0625,-400000.0625
11.270038604736328,-400000.0625,-400000.0625,-400000.0625,-400000.0625,-400000.0625,-400000.0625,-400000.0625,-400000.0625
11.270042419433594,-400000.0625,-400000.0625,-400000.0625,-400000.0625,-400000.0625,-400000.0625,-400000.0625,-400000.0625
11.27004599571228,-400000.0625,-400000.0625,-400000.0625,-400000.0625,-400000.0625,-400000.0625,-400000.0625,-400000.0625
11.270049571990967,-400000.0625,-400000.0625,-400000.0625,-400000.0625,-400000.0625,-400000.0625,-400000.0625,-400000.0625
11.270053148269653,-400000.0625,-400000.0625,-400000.0625,-400000.0625,-400000.0625,-400000.0625,-400000.0625,-400000.0625
11.27005672454834,-400000.0625,-400000.0625,-400000.0625,-400000.0625,-400000.0625,-400000.0625,-400000.0625,-400000.0625
11.270060062408447,-400000.0625,-400000.0625,-400000.0625,-400000.0625,-400000.0625,-400000.0625,-400000.0625,-400000.0625
11.270063638687134,-400000.0625,-400000.0625,-400000.0625,-400000.0625,-400000.0625,-400000.0625,-400000.0625,-400000.0625
11.27006721496582,-400000.0625,-400000.0625,-400000.0625,-400000.0625,-400000.0625,-400000.0625,-400000.0625,-400000.0625
11.270070791244507,-400000.0625,-400000.0625,-400000.0625,-400000.0625,-400000.0625,-400000.0625,-400000.0625,-400000.0625
11.270074367523193,-400000.0625,-400000.0625,-400000.0625,-400000.0625,-400000.0625,-400000.0625,-400000.0625,-400000.0625
11.2700777053833,-400000.0625,-400000.0625,-400000.0625,-400000.0625,-400000.0625,-400000.0625,-400000.0625,-400000.0625
11.270081281661987,-400000.0625,-400000.0625,-400000.0625,-400000.0625,-400000.0625,-400000.0625,-400000.0625,-400000.0625
11.347288131713867,-400000.0625,-400000.0625,-400000.0625,-400000.0625,-400000.0625,-400000.0625,-400000.0625,-400000.0625
11.356370210647583,-400000.0625,-400000.0625,-400000.0625,-400000.0625,-400000.0625,-400000.0625,-400000.0625,-400000.0625
11.360666036605835,-400000.0625,-400000.0625,-400000.0625,-400000.0625,-400000.0625,-400000.0625,-400000.0625,-400000.0625
11.360673666000366,-400000.0625,-400000.0625,-400000.0625,-400000.0625,-400000.0625,-400000.0625,-400000.0625,-400000.0625
11.360677719116211,-400000.0625,-400000.0625,-400000.0625,-400000.0625,-400000.0625,-400000.0625,-400000.0625,-400000.0625
11.360681533813477,-400000.0625,-400000.0625,-400000.0625,-400000.0625,-400000.0625,-400000.0625,-400000.0625,-400000.0625
11.360685110092163,-400000.0625,-400000.0625,-400000.0625,-400000.0625,-400000.0625,-400000.0625,-400000.0625,-400000.0625
11.36068844795227,-400000.0625,-400000.0625,-400000.0625,-400000.0625,-400000.0625,-400000.0625,-400000.0625,-400000.0625
11.360692024230957,-400000.0625,-400000.0625,-400000.0625,-400000.0625,-400000.0625,-400000.0625,-400000.0625,-400000.0625
11.360695362091064,-400000.0625,-400000.0625,-400000.0625,-400000.0625,-400000.0625,-400000.0625,-400000.0625,-400000.0625
11.360698699951172,-400000.0625,-400000.0625,-400000.0625,-400000.0625,-400000.0625,-400000.0625,-400000.0625,-400000.0625
11.360702276229858,-400000.0625,-400000.0625,-400000.0625,-400000.0625,-400000.0625,-400000.0625,-400000.0625,-400000.0625
11.360705375671387,-400000.0625,-400000.0625,-400000.0625,-400000.0625,-400000.0625,-400000.0625,-400000.0625,-400000.0625
11.360708951950073,-400000.0625,-400000.0625,-400000.0625,-400000.0625,-400000.0625,-400000.0625,-400000.0625,-400000.0625
11.36071228981018,-400000.0625,-400000.0625,-400000.0625,-400000.0625,-400000.0625,-400000.0625,-400000.0625,-400000.0625
11.360715866088867,-400000.0625,-400000.0625,-400000.0625,-400000.0625,-400000.0625,-400000.0625,-400000.0625,-400000.0625
11.392776489257812,-400000.0625,-400000.0625,-400000.0625,-400000.0625,-400000.0625,-400000.0625,-400000.0625,-400000.0625
11.39765739440918,-400000.0625,-400000.0625,-400000.0625,-400000.0625,-400000.0625,-400000.0625,-400000.0625,-400000.0625
11.397665977478027,-400000.0625,-400000.0625,-400000.0625,-400000.0625,-400000.0625,-400000.0625,-400000.0625,-400000.0625
11.397670030593872,-400000.0625,-400000.0625,-400000.0625,-400000.0625,-400000.0625,-400000.0625,-400000.0625,-400000.0625
11.397673845291138,-400000.0625,-400000.0625,-400000.0625,-400000.0625,-400000.0625,-400000.0625,-400000.0625,-400000.0625
11.397677421569824,-400000.0625,-400000.0625,-400000.0625,-400000.0625,-400000.0625,-400000.0625,-400000.0625,-400000.0625
11.39768099784851,-400000.0625,-400000.0625,-400000.0625,-400000.0625,-400000.0625,-400000.0625,-400000.0625,-400000.0625
11.397684574127197,-400000.0625,-400000.0625,-400000.0625,-400000.0625,-400000.0625,-400000.0625,-400000.0625,-400000.0625
11.397687911987305,-400000.0625,-400000.0625,-400000.0625,-400000.0625,-400000.0625,-400000.0625,-400000.0625,-400000.0625
11.397691249847412,-400000.0625,-400000.0625,-400000.0625,-400000.0625,-400000.0625,-400000.0625,-400000.0625,-400000.0625
11.397694826126099,-400000.0625,-400000.0625,-400000.0625,-400000.0625,-400000.0625,-400000.0625,-400000.0625,-400000.0625
11.397698402404785,-400000.0625,-400000.0625,-400000.0625,-400000.0625,-400000.0625,-400000.0625,-400000.0625,-400000.0625
11.397701978683472,-400000.0625,-400000.0625,-400000.0625,-400000.0625,-400000.0625,-400000.0625,-400000.0625,-400000.0625
11.397705554962158,-400000.0625,-400000.0625,-400000.0625,-400000.0625,-400000.0625,-400000.0625,-400000.0625,-400000.0625
11.397708892822266,-400000.0625,-400000.0625,-400000.0625,-400000.0625,-400000.0625,-400000.0625,-400000.0625,-400000.0625
11.397712707519531,-400000.0625,-400000.0625,-400000.0625,-400000.0625,-400000.0625,-400000.0625,-400000.0625,-400000.0625
11.451545238494873,-400000.0625,-400000.0625,-400000.0625,-400000.0625,-400000.0625,-400000.0625,-400000.0625,-400000.0625
11.460638761520386,-400000.0625,-400000.0625,-400000.0625,-400000.0625,-400000.0625,-400000.0625,-400000.0625,-400000.0625
11.464964628219604,-400000.0625,-400000.0625,-400000.0625,-400000.0625,-400000.0625,-400000.0625,-400000.0625,-400000.0625
11.464972496032715,-400000.0625,-400000.0625,-400000.0625,-400000.0625,-400000.0625,-400000.0625,-400000.0625,-400000.0625
11.46497654914856,-400000.0625,-400000.0625,-400000.0625,-400000.0625,-400000.0625,-400000.0625,-400000.0625,-400000.0625
11.464980602264404,-400000.0625,-400000.0625,-400000.0625,-400000.0625,-400000.0625,-400000.0625,-400000.0625,-400000.0625
11.464983940124512,-400000.0625,-400000.0625,-400000.0625,-400000.0625,-400000.0625,-400000.0625,-400000.0625,-400000.0625
11.464987516403198,-400000.0625,-400000.0625,-400000.0625,-400000.0625,-400000.0625,-400000.0625,-400000.0625,-400000.0625
11.464990854263306,-400000.0625,-400000.0625,-400000.0625,-400000.0625,-400000.0625,-400000.0625,-400000.0625,-400000.0625
11.464994192123413,-400000.0625,-400000.0625,-400000.0625,-400000.0625,-400000.0625,-400000.0625,-400000.0625,-400000.0625
11.46499752998352,-400000.0625,-400000.0625,-400000.0625,-400000.0625,-400000.0625,-400000.0625,-400000.0625,-400000.0625
11.465001106262207,-400000.0625,-400000.0625,-400000.0625,-400000.0625,-400000.0625,-400000.0625,-400000.0625,-400000.0625
11.465004920959473,-400000.0625,-400000.0625,-400000.0625,-400000.0625,-400000.0625,-400000.0625,-400000.0625,-400000.0625
11.46500825881958,-400000.0625,-400000.0625,-400000.0625,-400000.0625,-400000.0625,-400000.0625,-400000.0625,-400000.0625
11.465011596679688,-400000.0625,-400000.0625,-400000.0625,-400000.0625,-400000.0625,-400000.0625,-400000.0625,-400000.0625
11.465016841888428,-400000.0625,-400000.0625,-400000.0625,-400000.0625,-400000.0625,-400000.0625,-400000.0625,-400000.0625
11.563595294952393,-400000.0625,-400000.0625,-400000.0625,-400000.0625,-400000.0625,-400000.0625,-400000.0625,-400000.0625
11.57276725769043,-400000.0625,-400000.0625,-400000.0625,-400000.0625,-400000.0625,-400000.0625,-400000.0625,-400000.0625
11.576873064041138,-400000.0625,-400000.0625,-400000.0625,-400000.0625,-400000.0625,-400000.0625,-400000.0625,-400000.0625
11.576880931854248,-400000.0625,-400000.0625,-400000.0625,-400000.0625,-400000.0625,-400000.0625,-400000.0625,-400000.0625
11.576884746551514,-400000.0625,-400000.0625,-400000.0625,-400000.0625,-400000.0625,-400000.0625,-400000.0625,-400000.0625
11.576888799667358,-400000.0625,-400000.0625,-400000.0625,-400000.0625,-400000.0625,-400000.0625,-400000.0625,-400000.0625
11.576892375946045,-400000.0625,-400000.0625,-400000.0625,-400000.0625,-400000.0625,-400000.0625,-400000.0625,-400000.0625
11.576895475387573,-400000.0625,-400000.0625,-400000.0625,-400000.0625,-400000.0625,-400000.0625,-400000.0625,-400000.0625
11.576899290084839,-400000.0625,-400000.0625,-400000.0625,-400000.0625,-400000.0625,-400000.0625,-400000.0625,-400000.0625
11.576902866363525,-400000.0625,-400000.0625,-400000.0625,-400000.0625,-400000.0625,-400000.0625,-400000.0625,-400000.0625
11.576927661895752,-400000.0625,-400000.0625,-400000.0625,-400000.0625,-400000.0625,-400000.0625,-400000.0625,-400000.0625
11.576931238174438,-400000.0625,-400000.0625,-400000.0625,-400000.0625,-400000.0625,-400000.0625,-400000.0625,-400000.0625
11.576934814453125,-400000.0625,-400000.0625,-400000.0625,-400000.0625,-400000.0625,-400000.0625,-400000.0625,-400000.0625
11.576938390731812,-400000.0625,-400000.0625,-400000.0625,-400000.0625,-400000.0625,-400000.0625,-400000.0625,-400000.0625
11.576941728591919,-400000.0625,-400000.0625,-400000.0625,-400000.0625,-400000.0625,-400000.0625,-400000.0625,-400000.0625
11.576945304870605,-400000.0625,-400000.0625,-400000.0625,-400000.0625,-400000.0625,-400000.0625,-400000.0625,-400000.0625
11.58674693107605,-400000.0625,-400000.0625,-400000.0625,-400000.0625,-400000.0625,-400000.0625,-400000.0625,-400000.0625
11.591917276382446,-400000.0625,-400000.0625,-400000.0625,-400000.0625,-400000.0625,-400000.0625,-400000.0625,-400000.0625
11.596232652664185,-400000.0625,-400000.0625,-400000.0625,-400000.0625,-400000.0625,-400000.0625,-400000.0625,-400000.0625
11.596239805221558,-400000.0625,-400000.0625,-400000.0625,-400000.0625,-400000.0625,-400000.0625,-400000.0625,-400000.0625
11.596243858337402,-400000.0625,-400000.0625,-400000.0625,-400000.0625,-400000.0625,-400000.0625,-400000.0625,-400000.0625
11.596247911453247,-400000.0625,-400000.0625,-400000.0625,-400000.0625,-400000.0625,-400000.0625,-400000.0625,-400000.0625
11.596251249313354,-400000.0625,-400000.0625,-400000.0625,-400000.0625,-400000.0625,-400000.0625,-400000.0625,-400000.0625
11.596254825592041,-400000.0625,-400000.0625,-400000.0625,-400000.0625,-400000.0625,-400000.0625,-400000.0625,-400000.0625
11.596258401870728,-400000.0625,-400000.0625,-400000.0625,-400000.0625,-400000.0625,-400000.0625,-400000.0625,-400000.0625
11.596261739730835,-400000.0625,-400000.0625,-400000.0625,-400000.0625,-400000.0625,-400000.0625,-400000.0625,-400000.0625
11.596265316009521,-400000.0625,-400000.0625,-400000.0625,-400000.0625,-400000.0625,-400000.0625,-400000.0625,-400000.0625
11.59626841545105,-400000.0625,-400000.0625,-400000.0625,-400000.0625,-400000.0625,-400000.0625,-400000.0625,-400000.0625
11.596271991729736,-400000.0625,-400000.0625,-400000.0625,-400000.0625,-400000.0625,-400000.0625,-400000.0625,-400000.0625
11.596275568008423,-400000.0625,-400000.0625,-400000.0625,-400000.0625,-400000.0625,-400000.0625,-400000.0625,-400000.0625
11.59627890586853,-400000.0625,-400000.0625,-400000.0625,-400000.0625,-400000.0625,-400000.0625,-400000.0625,-400000.0625
11.596282243728638,-400000.0625,-400000.0625,-400000.0625,-400000.0625,-400000.0625,-400000.0625,-400000.0625,-400000.0625
11.65040135383606,-400000.0625,-400000.0625,-400000.0625,-400000.0625,-400000.0625,-400000.0625,-400000.0625,-400000.0625
11.655448913574219,-400000.0625,-400000.0625,-400000.0625,-400000.0625,-400000.0625,-400000.0625,-400000.0625,-400000.0625
11.659716606140137,-400000.0625,-400000.0625,-400000.0625,-400000.0625,-400000.0625,-400000.0625,-400000.0625,-400000.0625
11.659724235534668,-400000.0625,-400000.0625,-400000.0625,-400000.0625,-400000.0625,-400000.0625,-400000.0625,-400000.0625
11.659728288650513,-400000.0625,-400000.0625,-400000.0625,-400000.0625,-400000.0625,-400000.0625,-400000.0625,-400000.0625
11.6597318649292,-400000.0625,-400000.0625,-400000.0625,-400000.0625,-400000.0625,-400000.0625,-400000.0625,-400000.0625
11.659735441207886,-400000.0625,-400000.0625,-400000.0625,-400000.0625,-400000.0625,-400000.0625,-400000.0625,-400000.0625
11.659739017486572,-400000.0625,-400000.0625,-400000.0625,-400000.0625,-400000.0625,-400000.0625,-400000.0625,-400000.0625
11.65974235534668,-400000.0625,-400000.0625,-400000.0625,-400000.0625,-400000.0625,-400000.0625,-400000.0625,-400000.0625
11.659745693206787,-400000.0625,-400000.0625,-400000.0625,-400000.0625,-400000.0625,-400000.0625,-400000.0625,-400000.0625
11.659749031066895,-400000.0625,-400000.0625,-400000.0625,-400000.0625,-400000.0625,-400000.0625,-400000.0625,-400000.0625
11.659752368927002,-400000.0625,-400000.0625,-400000.0625,-400000.0625,-400000.0625,-400000.0625,-400000.0625,-400000.0625
11.659755945205688,-400000.0625,-400000.0625,-400000.0625,-400000.0625,-400000.0625,-400000.0625,-400000.0625,-400000.0625
11.659759283065796,-400000.0625,-400000.0625,-400000.0625,-400000.0625,-400000.0625,-400000.0625,-400000.0625,-400000.0625
11.659762620925903,-400000.0625,-400000.0625,-400000.0625,-400000.0625,-400000.0625,-400000.0625,-400000.0625,-400000.0625
11.65976619720459,-400000.0625,-400000.0625,-400000.0625,-400000.0625,-400000.0625,-400000.0625,-400000.0625,-400000.0625
11.706663608551025,-400000.0625,-400000.0625,-400000.0625,-400000.0625,-400000.0625,-400000.0625,-400000.0625,-400000.0625
11.716107606887817,-400000.0625,-400000.0625,-400000.0625,-400000.0625,-400000.0625,-400000.0625,-400000.0625,-400000.0625
11.720930337905884,-400000.0625,-400000.0625,-400000.0625,-400000.0625,-400000.0625,-400000.0625,-400000.0625,-400000.0625
11.720938920974731,-400000.0625,-400000.0625,-400000.0625,-400000.0625,-400000.0625,-400000.0625,-400000.0625,-400000.0625
11.720942735671997,-400000.0625,-400000.0625,-400000.0625,-400000.0625,-400000.0625,-400000.0625,-400000.0625,-400000.0625
11.720946550369263,-400000.0625,-400000.0625,-400000.0625,-400000.0625,-400000.0625,-400000.0625,-400000.0625,-400000.0625
11.72095012664795,-400000.0625,-400000.0625,-400000.0625,-400000.0625,-400000.0625,-400000.0625,-400000.0625,-400000.0625
11.720953702926636,-400000.0625,-400000.0625,-400000.0625,-400000.0625,-400000.0625,-400000.0625,-400000.0625,-400000.0625
11.720957040786743,-400000.0625,-400000.0625,-400000.0625,-400000.0625,-400000.0625,-400000.0625,-400000.0625,-400000.0625
11.72096037864685,-400000.0625,-400000.0625,-400000.0625,-400000.0625,-400000.0625,-400000.0625,-400000.0625,-400000.0625
11.720963716506958,-400000.0625,-400000.0625,-400000.0625,-400000.0625,-400000.0625,-400000.0625,-400000.0625,-400000.0625
11.720967292785645,-400000.0625,-400000.0625,-400000.0625,-400000.0625,-400000.0625,-400000.0625,-400000.0625,-400000.0625
11.72097110748291,-400000.0625,-400000.0625,-400000.0625,-400000.0625,-400000.0625,-400000.0625,-400000.0625,-400000.0625
11.720974683761597,-400000.0625,-400000.0625,-400000.0625,-400000.0625,-400000.0625,-400000.0625,-400000.0625,-400000.0625
11.720978021621704,-400000.0625,-400000.0625,-400000.0625,-400000.0625,-400000.0625,-400000.0625,-400000.0625,-400000.0625
11.720982551574707,-400000.0625,-400000.0625,-400000.0625,-400000.0625,-400000.0625,-400000.0625,-400000.0625,-400000.0625
11.772682905197144,-400000.0625,-400000.0625,-400000.0625,-400000.0625,-400000.0625,-400000.0625,-400000.0625,-400000.0625
11.777522802352905,-400000.0625,-400000.0625,-400000.0625,-400000.0625,-400000.0625,-400000.0625,-400000.0625,-400000.0625
11.777530670166016,-400000.0625,-400000.0625,-400000.0625,-400000.0625,-400000.0625,-400000.0625,-400000.0625,-400000.0625
11.777535200119019,-400000.0625,-400000.0625,-400000.0625,-400000.0625,-400000.0625,-400000.0625,-400000.0625,-400000.0625
11.777538776397705,-400000.0625,-400000.0625,-400000.0625,-400000.0625,-400000.0625,-400000.0625,-400000.0625,-400000.0625
11.777542352676392,-400000.0625,-400000.0625,-400000.0625,-400000.0625,-400000.0625,-400000.0625,-400000.0625,-400000.0625
11.777545690536499,-400000.0625,-400000.0625,-400000.0625,-400000.0625,-400000.0625,-400000.0625,-400000.0625,-400000.0625
11.777549266815186,-400000.0625,-400000.0625,-400000.0625,-400000.0625,-400000.0625,-400000.0625,-400000.0625,-400000.0625
11.777552604675293,-400000.0625,-400000.0625,-400000.0625,-400000.0625,-400000.0625,-400000.0625,-400000.0625,-400000.0625
11.777555704116821,-400000.0625,-400000.0625,-400000.0625,-400000.0625,-400000.0625,-400000.0625,-400000.0625,-400000.0625
11.777559518814087,-400000.0625,-400000.0625,-400000.0625,-400000.0625,-400000.0625,-400000.0625,-400000.0625,-400000.0625
11.777562618255615,-400000.0625,-400000.0625,-400000.0625,-400000.0625,-400000.0625,-400000.0625,-400000.0625,-400000.0625
11.77756643295288,-400000.0625,-400000.0625,-400000.0625,-400000.0625,-400000.0625,-400000.0625,-400000.0625,-400000.0625
11.777570009231567,-400000.0625,-400000.0625,-400000.0625,-400000.0625,-400000.0625,-400000.0625,-400000.0625,-400000.0625
11.777573108673096,-400000.0625,-400000.0625,-400000.0625,-400000.0625,-400000.0625,-400000.0625,-400000.0625,-400000.0625
11.777576923370361,-400000.0625,-400000.0625,-400000.0625,-400000.0625,-400000.0625,-400000.0625,-400000.0625,-400000.0625
11.846992015838623,-400000.0625,-400000.0625,-400000.0625,-400000.0625,-400000.0625,-400000.0625,-400000.0625,-400000.0625
11.856337070465088,-400000.0625,-400000.0625,-400000.0625,-400000.0625,-400000.0625,-400000.0625,-400000.0625,-400000.0625
11.860660314559937,-400000.0625,-400000.0625,-400000.0625,-400000.0625,-400000.0625,-400000.0625,-400000.0625,-400000.0625
11.860666990280151,-400000.0625,-400000.0625,-400000.0625,-400000.0625,-400000.0625,-400000.0625,-400000.0625,-400000.0625
11.860670804977417,-400000.0625,-400000.0625,-400000.0625,-400000.0625,-400000.0625,-400000.0625,-400000.0625,-400000.0625
11.860673904418945,-400000.0625,-400000.0625,-400000.0625,-400000.0625,-400000.0625,-400000.0625,-400000.0625,-400000.0625
11.860677003860474,-400000.0625,-400000.0625,-400000.0625,-400000.0625,-400000.0625,-400000.0625,-400000.0625,-400000.0625
11.860680103302002,-400000.0625,-400000.0625,-400000.0625,-400000.0625,-400000.0625,-400000.0625,-400000.0625,-400000.0625
11.86068320274353,-400000.0625,-400000.0625,-400000.0625,-400000.0625,-400000.0625,-400000.0625,-400000.0625,-400000.0625
11.860686302185059,-400000.0625,-400000.0625,-400000.0625,-400000.0625,-400000.0625,-400000.0625,-400000.0625,-400000.0625
11.860690116882324,-400000.0625,-400000.0625,-400000.0625,-400000.0625,-400000.0625,-400000.0625,-400000.0625,-400000.0625
11.860693216323853,-400000.0625,-400000.0625,-400000.0625,-400000.0625,-400000.0625,-400000.0625,-400000.0625,-400000.0625
11.86069631576538,-400000.0625,-400000.0625,-400000.0625,-400000.0625,-400000.0625,-400000.0625,-400000.0625,-400000.0625
11.86069941520691,-400000.0625,-400000.0625,-400000.0625,-400000.0625,-400000.0625,-400000.0625,-400000.0625,-400000.0625
11.860702514648438,-400000.0625,-400000.0625,-400000.0625,-400000.0625,-400000.0625,-400000.0625,-400000.0625,-400000.0625
11.860705614089966,-400000.0625,-400000.0625,-400000.0625,-400000.0625,-400000.0625,-400000.0625,-400000.0625,-400000.0625
11.934067964553833,-400000.0625,-400000.0625,-400000.0625,-400000.0625,-400000.0625,-400000.0625,-400000.0625,-400000.0625
11.93900752067566,-400000.0625,-400000.0625,-400000.0625,-400000.0625,-400000.0625,-400000.0625,-400000.0625,-400000.0625
11.939014911651611,-400000.0625,-400000.0625,-400000.0625,-400000.0625,-400000.0625,-400000.0625,-400000.0625,-400000.0625
11.939019203186035,-400000.0625,-400000.0625,-400000.0625,-400000.0625,-400000.0625,-400000.0625,-400000.0625,-400000.0625
11.93902325630188,-400000.0625,-400000.0625,-400000.0625,-400000.0625,-400000.0625,-400000.0625,-400000.0625,-400000.0625
11.939026594161987,-400000.0625,-400000.0625,-400000.0625,-400000.0625,-400000.0625,-400000.0625,-400000.0625,-400000.0625
11.939030170440674,-400000.0625,-400000.0625,-400000.0625,-400000.0625,-400000.0625,-400000.0625,-400000.0625,-400000.0625
11.93903374671936,-400000.0625,-400000.0625,-400000.0625,-400000.0625,-400000.0625,-400000.0625,-400000.0625,-400000.0625
11.939037084579468,-400000.0625,-400000.0625,-400000.0625,-400000.0625,-400000.0625,-400000.0625,-400000.0625,-400000.0625
11.939040660858154,-400000.0625,-400000.0625,-400000.0625,-400000.0625,-400000.0625,-400000.0625,-400000.0625,-400000.0625
11.93904423713684,-400000.0625,-400000.0625,-400000.0625,-400000.0625,-400000.0625,-400000.0625,-400000.0625,-400000.0625
11.939047813415527,-400000.0625,-400000.0625,-400000.0625,-400000.0625,-400000.0625,-400000.0625,-400000.0625,-400000.0625
11.939051389694214,-400000.0625,-400000.0625,-400000.0625,-400000.0625,-400000.0625,-400000.0625,-400000.0625,-400000.0625
11.9390549659729,-400000.0625,-400000.0625,-400000.0625,-400000.0625,-400000.0625,-400000.0625,-400000.0625,-400000.0625
11.939058542251587,-400000.0625,-400000.0625,-400000.0625,-400000.0625,-400000.0625,-400000.0625,-400000.0625,-400000.0625
11.939062118530273,-400000.0625,-400000.0625,-400000.0625,-400000.0625,-400000.0625,-400000.0625,-400000.0625,-400000.0625
11.965122699737549,-400000.0625,-400000.0625,-400000.0625,-400000.0625,-400000.0625,-400000.0625,-400000.0625,-400000.0625
11.974314451217651,-400000.0625,-400000.0625,-400000.0625,-400000.0625,-400000.0625,-400000.0625,-400000.0625,-400000.0625
11.978488445281982,-400000.0625,-400000.0625,-400000.0625,-400000.0625,-400000.0625,-400000.0625,-400000.0625,-400000.0625
11.97849440574646,-400000.0625,-400000.0625,-400000.0625,-400000.0625,-400000.0625,-400000.0625,-400000.0625,-400000.0625
11.978498458862305,-400000.0625,-400000.0625,-400000.0625,-400000.0625,-400000.0625,-400000.0625,-400000.0625,-400000.0625
11.978502035140991,-400000.0625,-400000.0625,-400000.0625,-400000.0625,-400000.0625,-400000.0625,-400000.0625,-400000.0625
11.978505373001099,-400000.0625,-400000.0625,-400000.0625,-400000.0625,-400000.0625,-400000.0625,-400000.0625,-400000.0625
11.978508710861206,-400000.0625,-400000.0625,-400000.0625,-400000.0625,-400000.0625,-400000.0625,-400000.0625,-400000.0625
11.978512048721313,-400000.0625,-400000.0625,-400000.0625,-400000.0625,-400000.0625,-400000.0625,-400000.0625,-400000.0625
11.978515386581421,-400000.0625,-400000.0625,-400000.0625,-400000.0625,-400000.0625,-400000.0625,-400000.0625,-400000.0625
11.978518724441528,-400000.0625,-400000.0625,-400000.0625,-400000.0625,-400000.0625,-400000.0625,-400000.0625,-400000.0625
11.978522300720215,-400000.0625,-400000.0625,-400000.0625,-400000.0625,-400000.0625,-400000.0625,-400000.0625,-400000.0625
11.97852635383606,-400000.0625,-400000.0625,-400000.0625,-400000.0625,-400000.0625,-400000.0625,-400000.0625,-400000.0625
11.978529453277588,-400000.0625,-400000.0625,-400000.0625,-400000.0625,-400000.0625,-400000.0625,-400000.0625,-400000.0625
11.978533029556274,-400000.0625,-400000.0625,-400000.0625,-400000.0625,-400000.0625,-400000.0625,-400000.0625,-400000.0625
11.97853708267212,-400000.0625,-400000.0625,-400000.0625,-400000.0625,-400000.0625,-400000.0625,-400000.0625,-400000.0625
12.047616720199585,-400000.0625,-400000.0625,-400000.0625,-400000.0625,-400000.0625,-400000.0625,-400000.0625,-400000.0625
12.05300498008728,-400000.0625,-400000.0625,-400000.0625,-400000.0625,-400000.0625,-400000.0625,-400000.0625,-400000.0625
12.05752944946289,-400000.0625,-400000.0625,-400000.0625,-400000.0625,-400000.0625,-400000.0625,-400000.0625,-400000.0625
12.057537317276001,-400000.0625,-400000.0625,-400000.0625,-400000.0625,-400000.0625,-400000.0625,-400000.0625,-400000.0625
12.057541370391846,-400000.0625,-400000.0625,-400000.0625,-400000.0625,-400000.0625,-400000.0625,-400000.0625,-400000.0625
12.05754542350769,-400000.0625,-400000.0625,-400000.0625,-400000.0625,-400000.0625,-400000.0625,-400000.0625,-400000.0625
12.057548761367798,-400000.0625,-400000.0625,-400000.0625,-400000.0625,-400000.0625,-400000.0625,-400000.0625,-400000.0625
12.057552337646484,-400000.0625,-400000.0625,-400000.0625,-400000.0625,-400000.0625,-400000.0625,-400000.0625,-400000.0625
12.057555675506592,-400000.0625,-400000.0625,-400000.0625,-400000.0625,-400000.0625,-400000.0625,-400000.0625,-400000.0625
12.05755877494812,-400000.0625,-400000.0625,-400000.0625,-400000.0625,-400000.0625,-400000.0625,-400000.0625,-400000.0625
12.057562589645386,-400000.0625,-400000.0625,-400000.0625,-400000.0625,-400000.0625,-400000.0625,-400000.0625,-400000.0625
12.057565689086914,-400000.0625,-400000.0625,-400000.0625,-400000.0625,-400000.0625,-400000.0625,-400000.0625,-400000.0625
12.057569026947021,-400000.0625,-400000.0625,-400000.0625,-400000.0625,-400000.0625,-400000.0625,-400000.0625,-400000.0625
12.057572364807129,-400000.0625,-400000.0625,-400000.0625,-400000.0625,-400000.0625,-400000.0625,-400000.0625,-400000.0625
12.057575702667236,-400000.0625,-400000.0625,-400000.0625,-400000.0625,-400000.0625,-400000.0625,-400000.0625,-400000.0625
12.057579278945923,-400000.0625,-400000.0625,-400000.0625,-400000.0625,-400000.0625,-400000.0625,-400000.0625,-400000.0625
12.095637798309326,-400000.0625,-400000.0625,-400000.0625,-400000.0625,-400000.0625,-400000.0625,-400000.0625,-400000.0625
12.10515308380127,-400000.0625,-400000.0625,-400000.0625,-400000.0625,-400000.0625,-400000.0625,-400000.0625,-400000.0625
12.1096351146698,-400000.0625,-400000.0625,-400000.0625,-400000.0625,-400000.0625,-400000.0625,-400000.0625,-400000.0625
12.109645128250122,-400000.0625,-400000.0625,-400000.0625,-400000.0625,-400000.0625,-400000.0625,-400000.0625,-400000.0625
12.109648942947388,-400000.0625,-400000.0625,-400000.0625,-400000.0625,-400000.0625,-400000.0625,-400000.0625,-400000.0625
12.109652996063232,-400000.0625,-400000.0625,-400000.0625,-400000.0625,-400000.0625,-400000.0625,-400000.0625,-400000.0625
12.10965633392334,-400000.0625,-400000.0625,-400000.0625,-400000.0625,-400000.0625,-400000.0625,-400000.0625,-400000.0625
12.109659910202026,-400000.0625,-400000.0625,-400000.0625,-400000.0625,-400000.0625,-400000.0625,-400000.0625,-400000.0625
12.109663248062134,-400000.0625,-400000.0625,-400000.0625,-400000.0625,-400000.0625,-400000.0625,-400000.0625,-400000.0625
12.109669923782349,-400000.0625,-400000.0625,-400000.0625,-400000.0625,-400000.0625,-400000.0625,-400000.0625,-400000.0625
12.109673261642456,-400000.0625,-400000.0625,-400000.0625,-400000.0625,-400000.0625,-400000.0625,-400000.0625,-400000.0625
12.109676837921143,-400000.0625,-400000.0625,-400000.0625,-400000.0625,-400000.0625,-400000.0625,-400000.0625,-400000.0625
12.10968017578125,-400000.0625,-400000.0625,-400000.0625,-400000.0625,-400000.0625,-400000.0625,-400000.0625,-400000.0625
12.109683513641357,-400000.0625,-400000.0625,-400000.0625,-400000.0625,-400000.0625,-400000.0625,-400000.0625,-400000.0625
12.109686851501465,-400000.0625,-400000.0625,-400000.0625,-400000.0625,-400000.0625,-400000.0625,-400000.0625,-400000.0625
12.109690427780151,-400000.0625,-400000.0625,-400000.0625,-400000.0625,-400000.0625,-400000.0625,-400000.0625,-400000.0625
12.154005289077759,-400000.0625,-400000.0625,-400000.0625,-400000.0625,-400000.0625,-400000.0625,-400000.0625,-400000.0625
12.164066076278687,-400000.0625,-400000.0625,-400000.0625,-400000.0625,-400000.0625,-400000.0625,-400000.0625,-400000.0625
12.168898820877075,-400000.0625,-400000.0625,-400000.0625,-400000.0625,-400000.0625,-400000.0625,-400000.0625,-400000.0625
12.16890811920166,-400000.0625,-400000.0625,-400000.0625,-400000.0625,-400000.0625,-400000.0625,-400000.0625,-400000.0625
12.168912172317505,-400000.0625,-400000.0625,-400000.0625,-400000.0625,-400000.0625,-400000.0625,-400000.0625,-400000.0625
12.16891598701477,-400000.0625,-400000.0625,-400000.0625,-400000.0625,-400000.0625,-400000.0625,-400000.0625,-400000.0625
12.168919324874878,-400000.0625,-400000.0625,-400000.0625,-400000.0625,-400000.0625,-400000.0625,-400000.0625,-400000.0625
12.168922901153564,-400000.0625,-400000.0625,-400000.0625,-400000.0625,-400000.0625,-400000.0625,-400000.0625,-400000.0625
12.168926239013672,-400000.0625,-400000.0625,-400000.0625,-400000.0625,-400000.0625,-400000.0625,-400000.0625,-400000.0625
12.168929815292358,-400000.0625,-400000.0625,-400000.0625,-400000.0625,-400000.0625,-400000.0625,-400000.0625,-400000.0625
12.168933153152466,-400000.0625,-400000.0625,-400000.0625,-400000.0625,-400000.0625,-400000.0625,-400000.0625,-400000.0625
12.168936491012573,-400000.0625,-400000.0625,-400000.0625,-400000.0625,-400000.0625,-400000.0625,-400000.0625,-400000.0625
12.16894006729126,-400000.0625,-400000.0625,-400000.0625,-400000.0625,-400000.0625,-400000.0625,-400000.0625,-400000.0625
12.168943405151367,-400000.0625,-400000.0625,-400000.0625,-400000.0625,-400000.0625,-400000.0625,-400000.0625,-400000.0625
12.168946743011475,-400000.0625,-400000.0625,-400000.0625,-400000.0625,-400000.0625,-400000.0625,-400000.0625,-400000.0625
12.16895055770874,-400000.0625,-400000.0625,-400000.0625,-400000.0625,-400000.0625,-400000.0625,-400000.0625,-400000.0625
12.220387697219849,-400000.0625,-400000.0625,-400000.0625,-400000.0625,-400000.0625,-400000.0625,-400000.0625,-400000.0625
12.229728698730469,-400000.0625,-400000.0625,-400000.0625,-400000.0625,-400000.0625,-400000.0625,-400000.0625,-400000.0625
12.23443078994751,-400000.0625,-400000.0625,-400000.0625,-400000.0625,-400000.0625,-400000.0625,-400000.0625,-400000.0625
12.234440565109253,-400000.0625,-400000.0625,-400000.0625,-400000.0625,-400000.0625,-400000.0625,-400000.0625,-400000.0625
12.234445095062256,-400000.0625,-400000.0625,-400000.0625,-400000.0625,-400000.0625,-400000.0625,-400000.0625,-400000.0625
12.234448909759521,-400000.0625,-400000.0625,-400000.0625,-400000.0625,-400000.0625,-400000.0625,-400000.0625,-400000.0625
12.234452486038208,-400000.0625,-400000.0625,-400000.0625,-400000.0625,-400000.0625,-400000.0625,-400000.0625,-400000.0625
12.234455823898315,-400000.0625,-400000.0625,-400000.0625,-400000.0625,-400000.0625,-400000.0625,-400000.0625,-400000.0625
12.234459400177002,-400000.0625,-400000.0625,-400000.0625,-400000.0625,-400000.0625,-400000.0625,-400000.0625,-400000.0625
12.23446273803711,-400000.0625,-400000.0625,-400000.0625,-400000.0625,-400000.0625,-400000.0625,-400000.0625,-400000.0625
12.234466314315796,-400000.0625,-400000.0625,-400000.0625,-400000.0625,-400000.0625,-400000.0625,-400000.0625,-400000.0625
12.234469890594482,-400000.0625,-400000.0625,-400000.0625,-400000.0625,-400000.0625,-400000.0625,-400000.0625,-400000.0625
12.234473943710327,-400000.0625,-400000.0625,-400000.0625,-400000.0625,-400000.0625,-400000.0625,-400000.0625,-400000.0625
12.234476804733276,-400000.0625,-400000.0625,-400000.0625,-400000.0625,-400000.0625,-400000.0625,-400000.0625,-400000.0625
12.234480381011963,-400000.0625,-400000.0625,-400000.0625,-400000.0625,-400000.0625,-400000.0625,-400000.0625,-400000.0625
12.234486103057861,-400000.0625,-400000.0625,-400000.0625,-400000.0625,-400000.0625,-400000.0625,-400000.0625,-400000.0625
12.315363645553589,-400000.0625,-400000.0625,-400000.0625,-400000.0625,-400000.0625,-400000.0625,-400000.0625,-400000.0625
12.320372104644775,-400000.0625,-400000.0625,-400000.0625,-400000.0625,-400000.0625,-400000.0625,-400000.0625,-400000.0625
12.324778079986572,-400000.0625,-400000.0625,-400000.0625,-400000.0625,-400000.0625,-400000.0625,-400000.0625,-400000.0625
12.328824520111084,-400000.0625,-400000.0625,-400000.0625,-400000.0625,-400000.0625,-400000.0625,-400000.0625,-400000.0625
12.333349704742432,-400000.0625,-400000.0625,-400000.0625,-400000.0625,-400000.0625,-400000.0625,-400000.0625,-400000.0625
12.33335828781128,-400000.0625,-400000.0625,-400000.0625,-400000.0625,-400000.0625,-400000.0625,-400000.0625,-400000.0625
12.333362340927124,-400000.0625,-400000.0625,-400000.0625,-400000.0625,-400000.0625,-400000.0625,-400000.0625,-400000.0625
12.33336615562439,-400000.0625,-400000.0625,-400000.0625,-400000.0625,-400000.0625,-400000.0625,-400000.0625,-400000.0625
12.333369731903076,-400000.0625,-400000.0625,-400000.0625,-400000.0625,-400000.0625,-400000.0625,-400000.0625,-400000.0625
12.333373308181763,-400000.0625,-400000.0625,-400000.0625,-400000.0625,-400000.0625,-400000.0625,-400000.0625,-400000.0625
12.33337664604187,-400000.0625,-400000.0625,-400000.0625,-400000.0625,-400000.0625,-400000.0625,-400000.0625,-400000.0625
12.333380222320557,-400000.0625,-400000.0625,-400000.0625,-400000.0625,-400000.0625,-400000.0625,-400000.0625,-400000.0625
12.333383560180664,-400000.0625,-400000.0625,-400000.0625,-400000.0625,-400000.0625,-400000.0625,-400000.0625,-400000.0625
12.333386898040771,-400000.0625,-400000.0625,-400000.0625,-400000.0625,-400000.0625,-400000.0625,-400000.0625,-400000.0625
12.333390474319458,-400000.0625,-400000.0625,-400000.0625,-400000.0625,-400000.0625,-400000.0625,-400000.0625,-400000.0625
12.333394050598145,-400000.0625,-400000.0625,-400000.0625,-400000.0625,-400000.0625,-400000.0625,-400000.0625,-400000.0625
12.34661054611206,-400000.0625,-400000.0625,-400000.0625,-400000.0625,-400000.0625,-400000.0625,-400000.0625,-400000.0625
12.351629972457886,-400000.0625,-400000.0625,-400000.0625,-400000.0625,-400000.0625,-400000.0625,-400000.0625,-400000.0625
12.356208324432373,-400000.0625,-400000.0625,-400000.0625,-400000.0625,-400000.0625,-400000.0625,-400000.0625,-400000.0625
12.3562171459198,-400000.0625,-400000.0625,-400000.0625,-400000.0625,-400000.0625,-400000.0625,-400000.0625,-400000.0625
12.356221199035645,-400000.0625,-400000.0625,-400000.0625,-400000.0625,-400000.0625,-400000.0625,-400000.0625,-400000.0625
12.35622501373291,-400000.0625,-400000.0625,-400000.0625,-400000.0625,-400000.0625,-400000.0625,-400000.0625,-400000.0625
12.356228828430176,-400000.0625,-400000.0625,-400000.0625,-400000.0625,-400000.0625,-400000.0625,-400000.0625,-400000.0625
12.356232404708862,-400000.0625,-400000.0625,-400000.0625,-400000.0625,-400000.0625,-400000.0625,-400000.0625,-400000.0625
12.35623574256897,-400000.0625,-400000.0625,-400000.0625,-400000.0625,-400000.0625,-400000.0625,-400000.0625,-400000.0625
12.356239318847656,-400000.0625,-400000.0625,-400000.0625,-400000.0625,-400000.0625,-400000.0625,-400000.0625,-400000.0625
12.356242179870605,-400000.0625,-400000.0625,-400000.0625,-400000.0625,-400000.0625,-400000.0625,-400000.0625,-400000.0625
12.356245756149292,-400000.0625,-400000.0625,-400000.0625,-400000.0625,-400000.0625,-400000.0625,-400000.0625,-400000.0625
12.3562490940094,-400000.0625,-400000.0625,-400000.0625,-400000.0625,-400000.0625,-400000.0625,-400000.0625,-400000.0625
12.356252431869507,-400000.0625,-400000.0625,-400000.0625,-400000.0625,-400000.0625,-400000.0625,-400000.0625,-400000.0625
12.356256008148193,-400000.0625,-400000.0625,-400000.0625,-400000.0625,-400000.0625,-400000.0625,-400000.0625,-400000.0625
12.3562593460083,-400000.0625,-400000.0625,-400000.0625,-400000.0625,-400000.0625,-400000.0625,-400000.0625,-400000.0625
12.411856889724731,-400000.0625,-400000.0625,-400000.0625,-400000.0625,-400000.0625,-400000.0625,-400000.0625,-400000.0625
12.41733980178833,-400000.0625,-400000.0625,-400000.0625,-400000.0625,-400000.0625,-400000.0625,-400000.0625,-400000.0625
12.42177438735962,-400000.0625,-400000.0625,-400000.0625,-400000.0625,-400000.0625,-400000.0625,-400000.0625,-400000.0625
12.421782493591309,-400000.0625,-400000.0625,-400000.0625,-400000.0625,-400000.0625,-400000.0625,-400000.0625,-400000.0625
12.421786308288574,-400000.0625,-400000.0625,-400000.0625,-400000.0625,-400000.0625,-400000.0625,-400000.0625,-400000.0625
12.42179012298584,-400000.0625,-400000.0625,-400000.0625,-400000.0625,-400000.0625,-400000.0625,-400000.0625,-400000.0625
12.421793699264526,-400000.0625,-400000.0625,-400000.0625,-400000.0625,-400000.0625,-400000.0625,-400000.0625,-400000.0625
12.421797275543213,-400000.0625,-400000.0625,-400000.0625,-400000.0625,-400000.0625,-400000.0625,-400000.0625,-400000.0625
12.4218008518219,-400000.0625,-400000.0625,-400000.0625,-400000.0625,-400000.0625,-400000.0625,-400000.0625,-400000.0625
12.421804428100586,-400000.0625,-400000.0625,-400000.0625,-400000.0625,-400000.0625,-400000.0625,-400000.0625,-400000.0625
12.421808004379272,-400000.0625,-400000.0625,-400000.0625,-400000.0625,-400000.0625,-400000.0625,-400000.0625,-400000.0625
12.42181134223938,-400000.0625,-400000.0625,-400000.0625,-400000.0625,-400000.0625,-400000.0625,-400000.0625,-400000.0625
12.421814918518066,-400000.0625,-400000.0625,-400000.0625,-400000.0625,-400000.0625,-400000.0625,-400000.0625,-400000.0625
12.421818971633911,-400000.0625,-400000.0625,-400000.0625,-400000.0625,-400000.0625,-400000.0625,-400000.0625,-400000.0625
12.421822547912598,-400000.0625,-400000.0625,-400000.0625,-400000.0625,-400000.0625,-400000.0625,-400000.0625,-400000.0625
12.421826124191284,-400000.0625,-400000.0625,-400000.0625,-400000.0625,-400000.0625,-400000.0625,-400000.0625,-400000.0625
12.489057302474976,-400000.0625,-400000.0625,-400000.0625,-400000.0625,-400000.0625,-400000.0625,-400000.0625,-400000.0625
12.498193740844727,-400000.0625,-400000.0625,-400000.0625,-400000.0625,-400000.0625,-400000.0625,-400000.0625,-400000.0625
12.50265645980835,-400000.0625,-400000.0625,-400000.0625,-400000.0625,-400000.0625,-400000.0625,-400000.0625,-400000.0625
12.50266408920288,-400000.0625,-400000.0625,-400000.0625,-400000.0625,-400000.0625,-400000.0625,-400000.0625,-400000.0625
12.502668142318726,-400000.0625,-400000.0625,-400000.0625,-400000.0625,-400000.0625,-400000.0625,-400000.0625,-400000.0625
12.50267219543457,-400000.0625,-400000.0625,-400000.0625,-400000.0625,-400000.0625,-400000.0625,-400000.0625,-400000.0625
12.502675533294678,-400000.0625,-400000.0625,-400000.0625,-400000.0625,-400000.0625,-400000.0625,-400000.0625,-400000.0625
12.502679109573364,-400000.0625,-400000.0625,-400000.0625,-400000.0625,-400000.0625,-400000.0625,-400000.0625,-400000.0625
12.50268268585205,-400000.0625,-400000.0625,-400000.0625,-400000.0625,-400000.0625,-400000.0625,-400000.0625,-400000.0625
12.502686023712158,-400000.0625,-400000.0625,-400000.0625,-400000.0625,-400000.0625,-400000.0625,-400000.0625,-400000.0625
12.502689599990845,-400000.0625,-400000.0625,-400000.0625,-400000.0625,-400000.0625,-400000.0625,-400000.0625,-400000.0625
12.50269341468811,-400000.0625,-400000.0625,-400000.0625,-400000.0625,-400000.0625,-400000.0625,-400000.0625,-400000.0625
12.502697229385376,-400000.0625,-400000.0625,-400000.0625,-400000.0625,-400000.0625,-400000.0625,-400000.0625,-400000.0625
12.50270414352417,-400000.0625,-400000.0625,-400000.0625,-400000.0625,-400000.0625,-400000.0625,-400000.0625,-400000.0625
12.502707719802856,-400000.0625,-400000.0625,-400000.0625,-400000.0625,-400000.0625,-400000.0625,-400000.0625,-400000.0625
12.502712726593018,-400000.0625,-400000.0625,-400000.0625,-400000.0625,-400000.0625,-400000.0625,-400000.0625,-400000.0625
12.54704761505127,-400000.0625,-400000.0625,-400000.0625,-400000.0625,-400000.0625,-400000.0625,-400000.0625,-400000.0625
12.55260705947876,-400000.0625,-400000.0625,-400000.0625,-400000.0625,-400000.0625,-400000.0625,-400000.0625,-400000.0625
12.557129859924316,-400000.0625,-400000.0625,-400000.0625,-400000.0625,-400000.0625,-400000.0625,-400000.0625,-400000.0625
12.557137489318848,-400000.0625,-400000.0625,-400000.0625,-400000.0625,-400000.0625,-400000.0625,-400000.0625,-400000.0625
12.557141542434692,-400000.0625,-400000.0625,-400000.0625,-400000.0625,-400000.0625,-400000.0625,-400000.0625,-400000.0625
12.557145118713379,-400000.0625,-400000.0625,-400000.0625,-400000.0625,-400000.0625,-400000.0625,-400000.0625,-400000.0625
12.557148694992065,-400000.0625,-400000.0625,-400000.0625,-400000.0625,-400000.0625,-400000.0625,-400000.0625,-400000.0625
12.557152032852173,-400000.0625,-400000.0625,-400000.0625,-400000.0625,-400000.0625,-400000.0625,-400000.0625,-400000.0625
12.55715537071228,-400000.0625,-400000.0625,-400000.0625,-400000.0625,-400000.0625,-400000.0625,-400000.0625,-400000.0625
12.557158946990967,-400000.0625,-400000.0625,-400000.0625,-400000.0625,-400000.0625,-400000.0625,-400000.0625,-400000.0625
12.557162284851074,-400000.0625,-400000.0625,-400000.0625,-400000.0625,-400000.0625,-400000.0625,-400000.0625,-400000.0625
12.55716586112976,-400000.0625,-400000.0625,-400000.0625,-400000.0625,-400000.0625,-400000.0625,-400000.0625,-400000.0625
12.557169198989868,-400000.0625,-400000.0625,-400000.0625,-400000.0625,-400000.0625,-400000.0625,-400000.0625,-400000.0625
12.557172536849976,-400000.0625,-400000.0625,-400000.0625,-400000.0625,-400000.0625,-400000.0625,-400000.0625,-400000.0625
12.557176113128662,-400000.0625,-400000.0625,-400000.0625,-400000.0625,-400000.0625,-400000.0625,-400000.0625,-400000.0625
12.557179689407349,-400000.0625,-400000.0625,-400000.0625,-400000.0625,-400000.0625,-400000.0625,-400000.0625,-400000.0625
12.60170316696167,-400000.0625,-400000.0625,-400000.0625,-400000.0625,-400000.0625,-400000.0625,-400000.0625,-400000.0625
12.61119532585144,-400000.0625,-400000.0625,-400000.0625,-400000.0625,-400000.0625,-400000.0625,-400000.0625,-400000.0625
12.615730047225952,-400000.0625,-400000.0625,-400000.0625,-400000.0625,-400000.0625,-400000.0625,-400000.0625,-400000.0625
12.615738868713379,-400000.0625,-400000.0625,-400000.0625,-400000.0625,-400000.0625,-400000.0625,-400000.0625,-400000.0625
12.615743398666382,-400000.0625,-400000.0625,-400000.0625,-400000.0625,-400000.0625,-400000.0625,-400000.0625,-400000.0625
12.615747213363647,-400000.0625,-400000.0625,-400000.0625,-400000.0625,-400000.0625,-400000.0625,-400000.0625,-400000.0625
12.615751028060913,-400000.0625,-400000.0625,-400000.0625,-400000.0625,-400000.0625,-400000.0625,-400000.0625,-400000.0625
12.61575436592102,-400000.0625,-400000.0625,-400000.0625,-400000.0625,-400000.0625,-400000.0625,-400000.0625,-400000.0625
12.615757942199707,-400000.0625,-400000.0625,-400000.0625,-400000.0625,-400000.0625,-400000.0625,-400000.0625,-400000.0625
12.615761518478394,-400000.0625,-400000.0625,-400000.0625,-400000.0625,-400000.0625,-400000.0625,-400000.0625,-400000.0625
12.615764856338501,-400000.0625,-400000.0625,-400000.0625,-400000.0625,-400000.0625,-400000.0625,-400000.0625,-400000.0625
12.615768194198608,-400000.0625,-400000.0625,-400000.0625,-400000.0625,-400000.0625,-400000.0625,-400000.0625,-400000.0625
12.615771770477295,-400000.0625,-400000.0625,-400000.0625,-400000.0625,-400000.0625,-400000.0625,-400000.0625,-400000.0625
12.615775108337402,-400000.0625,-400000.0625,-400000.0625,-400000.0625,-400000.0625,-400000.0625,-400000.0625,-400000.0625
12.615778684616089,-400000.0625,-400000.0625,-400000.0625,-400000.0625,-400000.0625,-400000.0625,-400000.0625,-400000.0625
12.615782260894775,-400000.0625,-400000.0625,-400000.0625,-400000.0625,-400000.0625,-400000.0625,-400000.0625,-400000.0625
12.66662073135376,-400000.0625,-400000.0625,-400000.0625,-400000.0625,-400000.0625,-400000.0625,-400000.0625,-400000.0625
12.672096967697144,-400000.0625,-400000.0625,-400000.0625,-400000.0625,-400000.0625,-400000.0625,-400000.0625,-400000.0625
12.676521062850952,-400000.0625,-400000.0625,-400000.0625,-400000.0625,-400000.0625,-400000.0625,-400000.0625,-400000.0625
12.676528692245483,-400000.0625,-400000.0625,-400000.0625,-400000.0625,-400000.0625,-400000.0625,-400000.0625,-400000.0625
12.676532745361328,-400000.0625,-400000.0625,-400000.0625,-400000.0625,-400000.0625,-400000.0625,-400000.0625,-400000.0625
12.676537036895752,-400000.0625,-400000.0625,-400000.0625,-400000.0625,-400000.0625,-400000.0625,-400000.0625,-400000.0625
12.67655086517334,-400000.0625,-400000.0625,-400000.0625,-400000.0625,-400000.0625,-400000.0625,-400000.0625,-400000.0625
12.676554918289185,-400000.0625,-400000.0625,-400000.0625,-400000.0625,-400000.0625,-400000.0625,-400000.0625,-400000.0625
12.67655873298645,-400000.0625,-400000.0625,-400000.0625,-400000.0625,-400000.0625,-400000.0625,-400000.0625,-400000.0625
12.676562309265137,-400000.0625,-400000.0625,-400000.0625,-400000.0625,-400000.0625,-400000.0625,-400000.0625,-400000.0625
12.676565885543823,-400000.0625,-400000.0625,-400000.0625,-400000.0625,-400000.0625,-400000.0625,-400000.0625,-400000.0625
12.67656922340393,-400000.0625,-400000.0625,-400000.0625,-400000.0625,-400000.0625,-400000.0625,-400000.0625,-400000.0625
12.676572799682617,-400000.0625,-400000.0625,-400000.0625,-400000.0625,-400000.0625,-400000.0625,-400000.0625,-400000.0625
12.676576375961304,-400000.0625,-400000.0625,-400000.0625,-400000.0625,-400000.0625,-400000.0625,-400000.0625,-400000.0625
12.67657995223999,-400000.0625,-400000.0625,-400000.0625,-400000.0625,-400000.0625,-400000.0625,-400000.0625,-400000.0625
12.676583528518677,-400000.0625,-400000.0625,-400000.0625,-400000.0625,-400000.0625,-400000.0625,-400000.0625,-400000.0625
12.74168848991394,-400000.0625,-400000.0625,-400000.0625,-400000.0625,-400000.0625,-400000.0625,-400000.0625,-400000.0625
12.751392126083374,-400000.0625,-400000.0625,-400000.0625,-400000.0625,-400000.0625,-400000.0625,-400000.0625,-400000.0625
12.756011962890625,-400000.0625,-400000.0625,-400000.0625,-400000.0625,-400000.0625,-400000.0625,-400000.0625,-400000.0625
12.756020307540894,-400000.0625,-400000.0625,-400000.0625,-400000.0625,-400000.0625,-400000.0625,-400000.0625,-400000.0625
12.756024360656738,-400000.0625,-400000.0625,-400000.0625,-400000.0625,-400000.0625,-400000.0625,-400000.0625,-400000.0625
12.756028413772583,-400000.0625,-400000.0625,-400000.0625,-400000.0625,-400000.0625,-400000.0625,-400000.0625,-400000.0625
12.75603175163269,-400000.0625,-400000.0625,-400000.0625,-400000.0625,-400000.0625,-400000.0625,-400000.0625,-400000.0625
12.756035327911377,-400000.0625,-400000.0625,-400000.0625,-400000.0625,-400000.0625,-400000.0625,-400000.0625,-400000.0625
12.756038904190063,-400000.0625,-400000.0625,-400000.0625,-400000.0625,-400000.0625,-400000.0625,-400000.0625,-400000.0625
12.756042718887329,-400000.0625,-400000.0625,-400000.0625,-400000.0625,-400000.0625,-400000.0625,-400000.0625,-400000.0625
12.756045818328857,-400000.0625,-400000.0625,-400000.0625,-400000.0625,-400000.0625,-400000.0625,-400000.0625,-400000.0625
12.756049633026123,-400000.0625,-400000.0625,-400000.0625,-400000.0625,-400000.0625,-400000.0625,-400000.0625,-400000.0625
12.756053447723389,-400000.0625,-400000.0625,-400000.0625,-400000.0625,-400000.0625,-400000.0625,-400000.0625,-400000.0625
12.756057024002075,-400000.0625,-400000.0625,-400000.0625,-400000.0625,-400000.0625,-400000.0625,-400000.0625,-400000.0625
12.756060361862183,-400000.0625,-400000.0625,-400000.0625,-400000.0625,-400000.0625,-400000.0625,-400000.0625,-400000.0625
12.756067514419556,-400000.0625,-400000.0625,-400000.0625,-400000.0625,-400000.0625,-400000.0625,-400000.0625,-400000.0625
12.797706127166748,-400000.0625,-400000.0625,-400000.0625,-400000.0625,-400000.0625,-400000.0625,-400000.0625,-400000.0625
12.802989959716797,-400000.0625,-400000.0625,-400000.0625,-400000.0625,-400000.0625,-400000.0625,-400000.0625,-400000.0625
12.807363748550415,-400000.0625,-400000.0625,-400000.0625,-400000.0625,-400000.0625,-400000.0625,-400000.0625,-400000.0625
12.807371616363525,-400000.0625,-400000.0625,-400000.0625,-400000.0625,-400000.0625,-400000.0625,-400000.0625,-400000.0625
12.80737566947937,-400000.0625,-400000.0625,-400000.0625,-400000.0625,-400000.0625,-400000.0625,-400000.0625,-400000.0625
12.807379484176636,-400000.0625,-400000.0625,-400000.0625,-400000.0625,-400000.0625,-400000.0625,-400000.0625,-400000.0625
12.807383060455322,-400000.0625,-400000.0625,-400000.0625,-400000.0625,-400000.0625,-400000.0625,-400000.0625,-400000.0625
12.807386636734009,-400000.0625,-400000.0625,-400000.0625,-400000.0625,-400000.0625,-400000.0625,-400000.0625,-400000.0625
12.807389974594116,-400000.0625,-400000.0625,-400000.0625,-400000.0625,-400000.0625,-400000.0625,-400000.0625,-400000.0625
12.807393312454224,-400000.0625,-400000.0625,-400000.0625,-400000.0625,-400000.0625,-400000.0625,-400000.0625,-400000.0625
12.807396650314331,-400000.0625,-400000.0625,-400000.0625,-400000.0625,-400000.0625,-400000.0625,-400000.0625,-400000.0625
12.807400226593018,-400000.0625,-400000.0625,-400000.0625,-400000.0625,-400000.0625,-400000.0625,-400000.0625,-400000.0625
12.807403564453125,-400000.0625,-400000.0625,-400000.0625,-400000.0625,-400000.0625,-400000.0625,-400000.0625,-400000.0625
12.807407140731812,-400000.0625,-400000.0625,-400000.0625,-400000.0625,-400000.0625,-400000.0625,-400000.0625,-400000.0625
12.807411193847656,-400000.0625,-400000.0625,-400000.0625,-400000.0625,-400000.0625,-400000.0625,-400000.0625,-400000.0625
12.807414054870605,-400000.0625,-400000.0625,-400000.0625,-400000.0625,-400000.0625,-400000.0625,-400000.0625,-400000.0625
12.863866806030273,-400000.0625,-400000.0625,-400000.0625,-400000.0625,-400000.0625,-400000.0625,-400000.0625,-400000.0625
12.87296724319458,-400000.0625,-400000.0625,-400000.0625,-400000.0625,-400000.0625,-400000.0625,-400000.0625,-400000.0625
12.877241134643555,-400000.0625,-400000.0625,-400000.0625,-400000.0625,-400000.0625,-400000.0625,-400000.0625,-400000.0625
12.877249479293823,-400000.0625,-400000.0625,-400000.0625,-400000.0625,-400000.0625,-400000.0625,-400000.0625,-400000.0625
12.877254009246826,-400000.0625,-400000.0625,-400000.0625,-400000.0625,-400000.0625,-400000.0625,-400000.0625,-400000.0625
12.877257823944092,-400000.0625,-400000.0625,-400000.0625,-400000.0625,-400000.0625,-400000.0625,-400000.0625,-400000.0625
12.8772611618042,-400000.0625,-400000.0625,-400000.0625,-400000.0625,-400000.0625,-400000.0625,-400000.0625,-400000.0625
12.877264738082886,-400000.0625,-400000.0625,-400000.0625,-400000.0625,-400000.0625,-400000.0625,-400000.0625,-400000.0625
12.877268314361572,-400000.0625,-400000.0625,-400000.0625,-400000.0625,-400000.0625,-400000.0625,-400000.0625,-400000.0625
12.87727165222168,-400000.0625,-400000.0625,-400000.0625,-400000.0625,-400000.0625,-400000.0625,-400000.0625,-400000.0625
12.877274990081787,-400000.0625,-400000.0625,-400000.0625,-400000.0625,-400000.0625,-400000.0625,-400000.0625,-400000.0625
12.877278804779053,-400000.0625,-400000.0625,-400000.0625,-400000.0625,-400000.0625,-400000.0625,-400000.0625,-400000.0625
12.87728238105774,-400000.0625,-400000.0625,-400000.0625,-400000.0625,-400000.0625,-400000.0625,-400000.0625,-400000.0625
12.877285957336426,-400000.0625,-400000.0625,-400000.0625,-400000.0625,-400000.0625,-400000.0625,-400000.0625,-400000.0625
12.877289772033691,-400000.0625,-400000.0625,-400000.0625,-400000.0625,-400000.0625,-400000.0625,-400000.0625,-400000.0625
12.877293348312378,-400000.0625,-400000.0625,-400000.0625,-400000.0625,-400000.0625,-400000.0625,-400000.0625,-400000.0625
12.932878255844116,-400000.0625,-400000.0625,-400000.0625,-400000.0625,-400000.0625,-400000.0625,-400000.0625,-400000.0625
12.938170433044434,-400000.0625,-400000.0625,-400000.0625,-400000.0625,-400000.0625,-400000.0625,-400000.0625,-400000.0625
12.94266414642334,-400000.0625,-400000.0625,-400000.0625,-400000.0625,-400000.0625,-400000.0625,-400000.0625,-400000.0625
12.942671775817871,-400000.0625,-400000.0625,-400000.0625,-400000.0625,-400000.0625,-400000.0625,-400000.0625,-400000.0625
12.942676067352295,-400000.0625,-400000.0625,-400000.0625,-400000.0625,-400000.0625,-400000.0625,-400000.0625,-400000.0625
12.94267988204956,-400000.0625,-400000.0625,-400000.0625,-400000.0625,-400000.0625,-400000.0625,-400000.0625,-400000.0625
12.942683458328247,-400000.0625,-400000.0625,-400000.0625,-400000.0625,-400000.0625,-400000.0625,-400000.0625,-400000.0625
12.942686796188354,-400000.0625,-400000.0625,-400000.0625,-400000.0625,-400000.0625,-400000.0625,-400000.0625,-400000.0625
12.942690372467041,-400000.0625,-400000.0625,-400000.0625,-400000.0625,-400000.0625,-400000.0625,-400000.0625,-400000.0625
12.942693710327148,-400000.0625,-400000.0625,-400000.0625,-400000.0625,-400000.0625,-400000.0625,-400000.0625,-400000.0625
12.942697048187256,-400000.0625,-400000.0625,-400000.0625,-400000.0625,-400000.0625,-400000.0625,-400000.0625,-400000.0625
12.942700624465942,-400000.0625,-400000.0625,-400000.0625,-400000.0625,-400000.0625,-400000.0625,-400000.0625,-400000.0625
12.94270396232605,-400000.0625,-400000.0625,-400000.0625,-400000.0625,-400000.0625,-400000.0625,-400000.0625,-400000.0625
12.942709922790527,-400000.0625,-400000.0625,-400000.0625,-400000.0625,-400000.0625,-400000.0625,-400000.0625,-400000.0625
12.942713737487793,-400000.0625,-400000.0625,-400000.0625,-400000.0625,-400000.0625,-400000.0625,-400000.0625,-400000.0625
12.9427170753479,-400000.0625,-400000.0625,-400000.0625,-400000.0625,-400000.0625,-400000.0625,-400000.0625,-400000.0625
13.019044637680054,-400000.0625,-400000.0625,-400000.0625,-400000.0625,-400000.0625,-400000.0625,-400000.0625,-400000.0625
13.02861213684082,-400000.0625,-400000.0625,-400000.0625,-400000.0625,-400000.0625,-400000.0625,-400000.0625,-400000.0625
13.033321619033813,-400000.0625,-400000.0625,-400000.0625,-400000.0625,-400000.0625,-400000.0625,-400000.0625,-400000.0625
13.03333067893982,-400000.0625,-400000.0625,-400000.0625,-400000.0625,-400000.0625,-400000.0625,-400000.0625,-400000.0625
13.033334970474243,-400000.0625,-400000.0625,-400000.0625,-400000.0625,-400000.0625,-400000.0625,-400000.0625,-400000.0625
13.033338785171509,-400000.0625,-400000.0625,-400000.0625,-400000.0625,-400000.0625,-400000.0625,-400000.0625,-400000.0625
13.033342599868774,-400000.0625,-400000.0625,-400000.0625,-400000.0625,-400000.0625,-400000.0625,-400000.0625,-400000.0625
13.033345937728882,-400000.0625,-400000.0625,-400000.0625,-400000.0625,-400000.0625,-400000.0625,-400000.0625,-400000.0625
13.033349514007568,-400000.0625,-400000.0625,-400000.0625,-400000.0625,-400000.0625,-400000.0625,-400000.0625,-400000.0625
13.033352851867676,-400000.0625,-400000.0625,-400000.0625,-400000.0625,-400000.0625,-400000.0625,-400000.0625,-400000.0625
13.033356428146362,-400000.0625,-400000.0625,-400000.0625,-400000.0625,-400000.0625,-400000.0625,-400000.0625,-400000.0625
13.033360004425049,-400000.0625,-400000.0625,-400000.0625,-400000.0625,-400000.0625,-400000.0625,-400000.0625,-400000.0625
13.033364057540894,-400000.0625,-400000.0625,-400000.0625,-400000.0625,-400000.0625,-400000.0625,-400000.0625,-400000.0625
13.03336763381958,-400000.0625,-400000.0625,-400000.0625,-400000.0625,-400000.0625,-400000.0625,-400000.0625,-400000.0625
13.033370971679688,-400000.0625,-400000.0625,-400000.0625,-400000.0625,-400000.0625,-400000.0625,-400000.0625,-400000.0625
13.033376216888428,-400000.0625,-400000.0625,-400000.0625,-400000.0625,-400000.0625,-400000.0625,-400000.0625,-400000.0625
13.050766468048096,-400000.0625,-400000.0625,-400000.0625,-400000.0625,-400000.0625,-400000.0625,-400000.0625,-400000.0625
13.05590009689331,-400000.0625,-400000.0625,-400000.0625,-400000.0625,-400000.0625,-400000.0625,-400000.0625,-400000.0625
13.060293436050415,-400000.0625,-400000.0625,-400000.0625,-400000.0625,-400000.0625,-400000.0625,-400000.0625,-400000.0625
13.060300827026367,-400000.0625,-400000.0625,-400000.0625,-400000.0625,-400000.0625,-400000.0625,-400000.0625,-400000.0625
13.06030535697937,-400000.0625,-400000.0625,-400000.0625,-400000.0625,-400000.0625,-400000.0625,-400000.0625,-400000.0625
13.060309171676636,-400000.0625,-400000.0625,-400000.0625,-400000.0625,-400000.0625,-400000.0625,-400000.0625,-400000.0625
13.060312747955322,-400000.0625,-400000.0625,-400000.0625,-400000.0625,-400000.0625,-400000.0625,-400000.0625,-400000.0625
13.060316324234009,-400000.0625,-400000.0625,-400000.0625,-400000.0625,-400000.0625,-400000.0625,-400000.0625,-400000.0625
13.060319900512695,-400000.0625,-400000.0625,-400000.0625,-400000.0625,-400000.0625,-400000.0625,-400000.0625,-400000.0625
13.060323238372803,-400000.0625,-400000.0625,-400000.0625,-400000.0625,-400000.0625,-400000.0625,-400000.0625,-400000.0625
13.06032657623291,-400000.0625,-400000.0625,-400000.0625,-400000.0625,-400000.0625,-400000.0625,-400000.0625,-400000.0625
13.060330152511597,-400000.0625,-400000.0625,-400000.0625,-400000.0625,-400000.0625,-400000.0625,-400000.0625,-400000.0625
13.060333490371704,-400000.0625,-400000.0625,-400000.0625,-400000.0625,-400000.0625,-400000.0625,-400000.0625,-400000.0625
13.060336828231812,-400000.0625,-400000.0625,-400000.0625,-400000.0625,-400000.0625,-400000.0625,-400000.0625,-400000.0625
13.060340404510498,-400000.0625,-400000.0625,-400000.0625,-400000.0625,-400000.0625,-400000.0625,-400000.0625,-400000.0625
13.060343980789185,-400000.0625,-400000.0625,-400000.0625,-400000.0625,-400000.0625,-400000.0625,-400000.0625,-400000.0625
13.115455627441406,-400000.0625,-400000.0625,-400000.0625,-400000.0625,-400000.0625,-400000.0625,-400000.0625,-400000.0625
13.120477199554443,-400000.0625,-400000.0625,-400000.0625,-400000.0625,-400000.0625,-400000.0625,-400000.0625,-400000.0625
13.129032373428345,-400000.0625,-400000.0625,-400000.0625,-400000.0625,-400000.0625,-400000.0625,-400000.0625,-400000.0625
13.133608341217041,-400000.0625,-400000.0625,-400000.0625,-400000.0625,-400000.0625,-400000.0625,-400000.0625,-400000.0625
13.133617162704468,-400000.0625,-400000.0625,-400000.0625,-400000.0625,-400000.0625,-400000.0625,-400000.0625,-400000.0625
13.13362169265747,-400000.0625,-400000.0625,-400000.0625,-400000.0625,-400000.0625,-400000.0625,-400000.0625,-400000.0625
13.133625268936157,-400000.0625,-400000.0625,-400000.0625,-400000.0625,-400000.0625,-400000.0625,-400000.0625,-400000.0625
13.133629083633423,-400000.0625,-400000.0625,-400000.0625,-400000.0625,-400000.0625,-400000.0625,-400000.0625,-400000.0625
13.13363242149353,-400000.0625,-400000.0625,-400000.0625,-400000.0625,-400000.0625,-400000.0625,-400000.0625,-400000.0625
13.133635759353638,-400000.0625,-400000.0625,-400000.0625,-400000.0625,-400000.0625,-400000.0625,-400000.0625,-400000.0625
13.133639335632324,-400000.0625,-400000.0625,-400000.0625,-400000.0625,-400000.0625,-400000.0625,-400000.0625,-400000.0625
13.133642673492432,-400000.0625,-400000.0625,-400000.0625,-400000.0625,-400000.0625,-400000.0625,-400000.0625,-400000.0625
13.133646249771118,-400000.0625,-400000.0625,-400000.0625,-400000.0625,-400000.0625,-400000.0625,-400000.0625,-400000.0625
13.133650064468384,-400000.0625,-400000.0625,-400000.0625,-400000.0625,-400000.0625,-400000.0625,-400000.0625,-400000.0625
13.13365364074707,-400000.0625,-400000.0625,-400000.0625,-400000.0625,-400000.0625,-400000.0625,-400000.0625,-400000.0625
13.133657217025757,-400000.0625,-400000.0625,-400000.0625,-400000.0625,-400000.0625,-400000.0625,-400000.0625,-400000.0625
13.19037413597107,-400000.0625,-400000.0625,-400000.0625,-400000.0625,-400000.0625,-400000.0625,-400000.0625,-400000.0625
13.195603847503662,-400000.0625,-400000.0625,-400000.0625,-400000.0625,-400000.0625,-400000.0625,-400000.0625,-400000.0625
13.20028042793274,-400000.0625,-400000.0625,-400000.0625,-400000.0625,-400000.0625,-400000.0625,-400000.0625,-400000.0625
13.200289487838745,-400000.0625,-400000.0625,-400000.0625,-400000.0625,-400000.0625,-400000.0625,-400000.0625,-400000.0625
13.200293779373169,-400000.0625,-400000.0625,-400000.0625,-400000.0625,-400000.0625,-400000.0625,-400000.0625,-400000.0625
13.200297594070435,-400000.0625,-400000.0625,-400000.0625,-400000.0625,-400000.0625,-400000.0625,-400000.0625,-400000.0625
13.200301170349121,-400000.0625,-400000.0625,-400000.0625,-400000.0625,-400000.0625,-400000.0625,-400000.0625,-400000.0625
13.200304746627808,-400000.0625,-400000.0625,-400000.0625,-400000.0625,-400000.0625,-400000.0625,-400000.0625,-400000.0625
13.200308322906494,-400000.0625,-400000.0625,-400000.0625,-400000.0625,-400000.0625,-400000.0625,-400000.0625,-400000.0625
13.200311660766602,-400000.0625,-400000.0625,-400000.0625,-400000.0625,-400000.0625,-400000.0625,-400000.0625,-400000.0625
13.200314998626709,-400000.0625,-400000.0625,-400000.0625,-400000.0625,-400000.0625,-400000.0625,-400000.0625,-400000.0625
13.200318336486816,-400000.0625,-400000.0625,-400000.0625,-400000.0625,-400000.0625,-400000.0625,-400000.0625,-400000.0625
13.200321912765503,-400000.0625,-400000.0625,-400000.0625,-400000.0625,-400000.0625,-400000.0625,-400000.0625,-400000.0625
13.20032525062561,-400000.0625,-400000.0625,-400000.0625,-400000.0625,-400000.0625,-400000.0625,-400000.0625,-400000.0625
13.200328588485718,-400000.0625,-400000.0625,-400000.0625,-400000.0625,-400000.0625,-400000.0625,-400000.0625,-400000.0625
13.200332164764404,-400000.0625,-400000.0625,-400000.0625,-400000.0625,-400000.0625,-400000.0625,-400000.0625,-400000.0625
13.247296571731567,-400000.0625,-400000.0625,-400000.0625,-400000.0625,-400000.0625,-400000.0625,-400000.0625,-400000.0625
13.256675481796265,-400000.0625,-400000.0625,-400000.0625,-400000.0625,-400000.0625,-400000.0625,-400000.0625,-400000.0625
13.261144638061523,-400000.0625,-400000.0625,-400000.0625,-400000.0625,-400000.0625,-400000.0625,-400000.0625,-400000.0625
13.261152267456055,-400000.0625,-400000.0625,-400000.0625,-400000.0625,-400000.0625,-400000.0625,-400000.0625,-400000.0625
13.261156797409058,-400000.0625,-400000.0625,-400000.0625,-400000.0625,-400000.0625,-400000.0625,-400000.0625,-400000.0625
13.261160612106323,-400000.0625,-400000.0625,-400000.0625,-400000.0625,-400000.0625,-400000.0625,-400000.0625,-400000.0625
13.261164426803589,-400000.0625,-400000.0625,-400000.0625,-400000.0625,-400000.0625,-400000.0625,-400000.0625,-400000.0625
13.261167764663696,-400000.0625,-400000.0625,-400000.0625,-400000.0625,-400000.0625,-400000.0625,-400000.0625,-400000.0625
13.261171340942383,-400000.0625,-400000.0625,-400000.0625,-400000.0625,-400000.0625,-400000.0625,-400000.0625,-400000.0625
13.26117491722107,-400000.0625,-400000.0625,-400000.0625,-400000.0625,-400000.0625,-400000.0625,-400000.0625,-400000.0625
13.261178255081177,-400000.0625,-400000.0625,-400000.0625,-400000.0625,-400000.0625,-400000.0625,-400000.0625,-400000.0625
13.261181831359863,-400000.0625,-400000.0625,-400000.0625,-400000.0625,-400000.0625,-400000.0625,-400000.0625,-400000.0625
13.261185646057129,-400000.0625,-400000.0625,-400000.0625,-400000.0625,-400000.0625,-400000.0625,-400000.0625,-400000.0625
13.261188983917236,-400000.0625,-400000.0625,-400000.0625,-400000.0625,-400000.0625,-400000.0625,-400000.0625,-400000.0625
13.261192321777344,-400000.0625,-400000.0625,-400000.0625,-400000.0625,-400000.0625,-400000.0625,-400000.0625,-400000.0625
13.261197090148926,-400000.0625,-400000.0625,-400000.0625,-400000.0625,-400000.0625,-400000.0625,-400000.0625,-400000.0625
13.305140733718872,-400000.0625,-400000.0625,-400000.0625,-400000.0625,-400000.0625,-400000.0625,-400000.0625,-400000.0625
13.310480833053589,-400000.0625,-400000.0625,-400000.0625,-400000.0625,-400000.0625,-400000.0625,-400000.0625,-400000.0625
13.315021991729736,-400000.0625,-400000.0625,-400000.0625,-400000.0625,-400000.0625,-400000.0625,-400000.0625,-400000.0625
13.315030574798584,-400000.0625,-400000.0625,-400000.0625,-400000.0625,-400000.0625,-400000.0625,-400000.0625,-400000.0625
13.315045595169067,-400000.0625,-400000.0625,-400000.0625,-400000.0625,-400000.0625,-400000.0625,-400000.0625,-400000.0625
13.315050601959229,-400000.0625,-400000.0625,-400000.0625,-400000.0625,-400000.0625,-400000.0625,-400000.0625,-400000.0625
13.315054178237915,-400000.0625,-400000.0625,-400000.0625,-400000.0625,-400000.0625,-400000.0625,-400000.0625,-400000.0625
13.31505799293518,-400000.0625,-400000.0625,-400000.0625,-400000.0625,-400000.0625,-400000.0625,-400000.0625,-400000.0625
13.315061569213867,-400000.0625,-400000.0625,-400000.0625,-400000.0625,-400000.0625,-400000.0625,-400000.0625,-400000.0625
13.315065145492554,-400000.0625,-400000.0625,-400000.0625,-400000.0625,-400000.0625,-400000.0625,-400000.0625,-400000.0625
13.315068483352661,-400000.0625,-400000.0625,-400000.0625,-400000.0625,-400000.0625,-400000.0625,-400000.0625,-400000.0625
13.315072059631348,-400000.0625,-400000.0625,-400000.0625,-400000.0625,-400000.0625,-400000.0625,-400000.0625,-400000.0625
13.315075635910034,-400000.0625,-400000.0625,-400000.0625,-400000.0625,-400000.0625,-400000.0625,-400000.0625,-400000.0625
13.315078973770142,-400000.0625,-400000.0625,-400000.0625,-400000.0625,-400000.0625,-400000.0625,-400000.0625,-400000.0625
13.315082550048828,-400000.0625,-400000.0625,-400000.0625,-400000.0625,-400000.0625,-400000.0625,-400000.0625,-400000.0625
13.315086364746094,-400000.0625,-400000.0625,-400000.0625,-400000.0625,-400000.0625,-400000.0625,-400000.0625,-400000.0625
13.413854360580444,-400000.0625,-400000.0625,-400000.0625,-400000.0625,-400000.0625,-400000.0625,-400000.0625,-400000.0625
13.423515558242798,-400000.0625,-400000.0625,-400000.0625,-400000.0625,-400000.0625,-400000.0625,-400000.0625,-400000.0625
13.427542448043823,-400000.0625,-400000.0625,-400000.0625,-400000.0625,-400000.0625,-400000.0625,-400000.0625,-400000.0625
13.427550077438354,-400000.0625,-400000.0625,-400000.0625,-400000.0625,-400000.0625,-400000.0625,-400000.0625,-400000.0625
13.427553653717041,-400000.0625,-400000.0625,-400000.0625,-400000.0625,-400000.0625,-400000.0625,-400000.0625,-400000.0625
13.42755675315857,-400000.0625,-400000.0625,-400000.0625,-400000.0625,-400000.0625,-400000.0625,-400000.0625,-400000.0625
13.427559852600098,-400000.0625,-400000.0625,-400000.0625,-400000.0625,-400000.0625,-400000.0625,-400000.0625,-400000.0625
13.427562952041626,-400000.0625,-400000.0625,-400000.0625,-400000.0625,-400000.0625,-400000.0625,-400000.0625,-400000.0625
13.427565813064575,-400000.0625,-400000.0625,-400000.0625,-400000.0625,-400000.0625,-400000.0625,-400000.0625,-400000.0625
13.427568912506104,-400000.0625,-400000.0625,-400000.0625,-400000.0625,-400000.0625,-400000.0625,-400000.0625,-400000.0625
13.427572011947632,-400000.0625,-400000.0625,-400000.0625,-400000.0625,-400000.0625,-400000.0625,-400000.0625,-400000.0625
13.42757534980774,-400000.0625,-400000.0625,-400000.0625,-400000.0625,-400000.0625,-400000.0625,-400000.0625,-400000.0625
13.427578449249268,-400000.0625,-400000.0625,-400000.0625,-400000.0625,-400000.0625,-400000.0625,-400000.0625,-400000.0625
13.427581310272217,-400000.0625,-400000.0625,-400000.0625,-400000.0625,-400000.0625,-400000.0625,-400000.0625,-400000.0625
13.427584409713745,-400000.0625,-400000.0625,-400000.0625,-400000.0625,-400000.0625,-400000.0625,-400000.0625,-400000.0625
13.427587747573853,-400000.0625,-400000.0625,-400000.0625,-400000.0625,-400000.0625,-400000.0625,-400000.0625,-400000.0625
13.447268962860107,-400000.0625,-400000.0625,-400000.0625,-400000.0625,-400000.0625,-400000.0625,-400000.0625,-400000.0625
13.452528238296509,-400000.0625,-400000.0625,-400000.0625,-400000.0625,-400000.0625,-400000.0625,-400000.0625,-400000.0625
13.457032442092896,-400000.0625,-400000.0625,-400000.0625,-400000.0625,-400000.0625,-400000.0625,-400000.0625,-400000.0625
13.45704197883606,-400000.0625,-400000.0625,-400000.0625,-400000.0625,-400000.0625,-400000.0625,-400000.0625,-400000.0625
13.457046031951904,-400000.0625,-400000.0625,-400000.0625,-400000.0625,-400000.0625,-400000.0625,-400000.0625,-400000.0625
13.45704960823059,-400000.0625,-400000.0625,-400000.0625,-400000.0625,-400000.0625,-400000.0625,-400000.0625,-400000.0625
13.457053184509277,-400000.0625,-400000.0625,-400000.0625,-400000.0625,-400000.0625,-400000.0625,-400000.0625,-400000.0625
13.457056760787964,-400000.0625,-400000.0625,-400000.0625,-400000.0625,-400000.0625,-400000.0625,-400000.0625,-400000.0625
13.45706057548523,-400000.0625,-400000.0625,-400000.0625,-400000.0625,-400000.0625,-400000.0625,-400000.0625,-400000.0625
13.457063674926758,-400000.0625,-400000.0625,-400000.0625,-400000.0625,-400000.0625,-400000.0625,-400000.0625,-400000.0625
13.457067489624023,-400000.0625,-400000.0625,-400000.0625,-400000.0625,-400000.0625,-400000.0625,-400000.0625,-400000.0625
13.457070589065552,-400000.0625,-400000.0625,-400000.0625,-400000.0625,-400000.0625,-400000.0625,-400000.0625,-400000.0625
13.457074165344238,-400000.0625,-400000.0625,-400000.0625,-400000.0625,-400000.0625,-400000.0625,-400000.0625,-400000.0625
13.457079887390137,-400000.0625,-400000.0625,-400000.0625,-400000.0625,-400000.0625,-400000.0625,-400000.0625,-400000.0625
13.457083463668823,-400000.0625,-400000.0625,-400000.0625,-400000.0625,-400000.0625,-400000.0625,-400000.0625,-400000.0625
13.457087278366089,-400000.0625,-400000.0625,-400000.0625,-400000.0625,-400000.0625,-400000.0625,-400000.0625,-400000.0625
13.498225212097168,-400000.0625,-400000.0625,-400000.0625,-400000.0625,-400000.0625,-400000.0625,-400000.0625,-400000.0625
13.503242492675781,-400000.0625,-400000.0625,-400000.0625,-400000.0625,-400000.0625,-400000.0625,-400000.0625,-400000.0625
13.507861375808716,-400000.0625,-400000.0625,-400000.0625,-400000.0625,-400000.0625,-400000.0625,-400000.0625,-400000.0625
13.507869720458984,-400000.0625,-400000.0625,-400000.0625,-400000.0625,-400000.0625,-400000.0625,-400000.0625,-400000.0625
13.507874250411987,-400000.0625,-400000.0625,-400000.0625,-400000.0625,-400000.0625,-400000.0625,-400000.0625,-400000.0625
13.507878065109253,-400000.0625,-400000.0625,-400000.0625,-400000.0625,-400000.0625,-400000.0625,-400000.0625,-400000.0625
13.50788164138794,-400000.0625,-400000.0625,-400000.0625,-400000.0625,-400000.0625,-400000.0625,-400000.0625,-400000.0625
13.507885217666626,-400000.0625,-400000.0625,-400000.0625,-400000.0625,-400000.0625,-400000.0625,-400000.0625,-400000.0625
13.507888793945312,-400000.0625,-400000.0625,-400000.0625,-400000.0625,-400000.0625,-400000.0625,-400000.0625,-400000.0625
13.507892370223999,-400000.0625,-400000.0625,-400000.0625,-400000.0625,-400000.0625,-400000.0625,-400000.0625,-400000.0625
13.507895708084106,-400000.0625,-400000.0625,-400000.0625,-400000.0625,-400000.0625,-400000.0625,-400000.0625,-400000.0625
13.507899284362793,-400000.0625,-400000.0625,-400000.0625,-400000.0625,-400000.0625,-400000.0625,-400000.0625,-400000.0625
13.507903099060059,-400000.0625,-400000.0625,-400000.0625,-400000.0625,-400000.0625,-400000.0625,-400000.0625,-400000.0625
13.507906436920166,-400000.0625,-400000.0625,-400000.0625,-400000.0625,-400000.0625,-400000.0625,-400000.0625,-400000.0625
13.507910013198853,-400000.0625,-400000.0625,-400000.0625,-400000.0625,-400000.0625,-400000.0625,-400000.0625,-400000.0625
13.507913827896118,-400000.0625,-400000.0625,-400000.0625,-400000.0625,-400000.0625,-400000.0625,-400000.0625,-400000.0625
13.577771663665771,-400000.0625,-400000.0625,-400000.0625,-400000.0625,-400000.0625,-400000.0625,-400000.0625,-400000.0625
13.58743166923523,-400000.0625,-400000.0625,-400000.0625,-400000.0625,-400000.0625,-400000.0625,-400000.0625,-400000.0625
13.59207272529602,-400000.0625,-400000.0625,-400000.0625,-400000.0625,-400000.0625,-400000.0625,-400000.0625,-400000.0625
13.592079162597656,-400000.0625,-400000.0625,-400000.0625,-400000.0625,-400000.0625,-400000.0625,-400000.0625,-400000.0625
13.592082500457764,-400000.0625,-400000.0625,-400000.0625,-400000.0625,-400000.0625,-400000.0625,-400000.0625,-400000.0625
13.592085838317871,-400000.0625,-400000.0625,-400000.0625,-400000.0625,-400000.0625,-400000.0625,-400000.0625,-400000.0625
13.592089176177979,-400000.0625,-400000.0625,-400000.0625,-400000.0625,-400000.0625,-400000.0625,-400000.0625,-400000.0625
13.592092275619507,-400000.0625,-400000.0625,-400000.0625,-400000.0625,-400000.0625,-400000.0625,-400000.0625,-400000.0625
13.592095613479614,-400000.0625,-400000.0625,-400000.0625,-400000.0625,-400000.0625,-400000.0625,-400000.0625,-400000.0625
13.592098712921143,-400000.0625,-400000.0625,-400000.0625,-400000.0625,-400000.0625,-400000.0625,-400000.0625,-400000.0625
13.592101812362671,-400000.0625,-400000.0625,-400000.0625,-400000.0625,-400000.0625,-400000.0625,-400000.0625,-400000.0625
13.5921049118042,-400000.0625,-400000.0625,-400000.0625,-400000.0625,-400000.0625,-400000.0625,-400000.0625,-400000.0625
13.592107772827148,-400000.0625,-400000.0625,-400000.0625,-400000.0625,-400000.0625,-400000.0625,-400000.0625,-400000.0625
13.592110872268677,-400000.0625,-400000.0625,-400000.0625,-400000.0625,-400000.0625,-400000.0625,-400000.0625,-400000.0625
13.592113971710205,-400000.0625,-400000.0625,-400000.0625,-400000.0625,-400000.0625,-400000.0625,-400000.0625,-400000.0625
13.592117071151733,-400000.0625,-400000.0625,-400000.0625,-400000.0625,-400000.0625,-400000.0625,-400000.0625,-400000.0625
13.640357971191406,-400000.0625,-400000.0625,-400000.0625,-400000.0625,-400000.0625,-400000.0625,-400000.0625,-400000.0625
13.645386934280396,-400000.0625,-400000.0625,-400000.0625,-400000.0625,-400000.0625,-400000.0625,-400000.0625,-400000.0625
13.649931192398071,-400000.0625,-400000.0625,-400000.0625,-400000.0625,-400000.0625,-400000.0625,-400000.0625,-400000.0625
13.649940490722656,-400000.0625,-400000.0625,-400000.0625,-400000.0625,-400000.0625,-400000.0625,-400000.0625,-400000.0625
13.64994502067566,-400000.0625,-400000.0625,-400000.0625,-400000.0625,-400000.0625,-400000.0625,-400000.0625,-400000.0625
13.649948596954346,-400000.0625,-400000.0625,-400000.0625,-400000.0625,-400000.0625,-400000.0625,-400000.0625,-400000.0625
13.649952173233032,-400000.0625,-400000.0625,-400000.0625,-400000.0625,-400000.0625,-400000.0625,-400000.0625,-400000.0625
13.649955749511719,-400000.0625,-400000.0625,-400000.0625,-400000.0625,-400000.0625,-400000.0625,-400000.0625,-400000.0625
13.649959325790405,-400000.0625,-400000.0625,-400000.0625,-400000.0625,-400000.0625,-400000.0625,-400000.0625,-400000.0625
13.649962902069092,-400000.0625,-400000.0625,-400000.0625,-400000.0625,-400000.0625,-400000.0625,-400000.0625,-400000.0625
13.649966478347778,-400000.0625,-400000.0625,-400000.0625,-400000.0625,-400000.0625,-400000.0625,-400000.0625,-400000.0625
13.649970293045044,-400000.0625,-400000.0625,-400000.0625,-400000.0625,-400000.0625,-400000.0625,-400000.0625,-400000.0625
13.649973630905151,-400000.0625,-400000.0625,-400000.0625,-400000.0625,-400000.0625,-400000.0625,-400000.0625,-400000.0625
13.649977207183838,-400000.0625,-400000.0625,-400000.0625,-400000.0625,-400000.0625,-400000.0625,-400000.0625,-400000.0625
13.649981021881104,-400000.0625,-400000.0625,-400000.0625,-400000.0625,-400000.0625,-400000.0625,-400000.0625,-400000.0625
13.649984359741211,-400000.0625,-400000.0625,-400000.0625,-400000.0625,-400000.0625,-400000.0625,-400000.0625,-400000.0625
13.697926998138428,-400000.0625,-400000.0625,-400000.0625,-400000.0625,-400000.0625,-400000.0625,-400000.0625,-400000.0625
13.710346937179565,-400000.0625,-400000.0625,-400000.0625,-400000.0625,-400000.0625,-400000.0625,-400000.0625,-400000.0625
13.714694023132324,-400000.0625,-400000.0625,-400000.0625,-400000.0625,-400000.0625,-400000.0625,-400000.0625,-400000.0625
13.714702129364014,-400000.0625,-400000.0625,-400000.0625,-400000.0625,-400000.0625,-400000.0625,-400000.0625,-400000.0625
13.7147057056427,-400000.0625,-400000.0625,-400000.0625,-400000.0625,-400000.0625,-400000.0625,-400000.0625,-400000.0625
13.714709043502808,-400000.0625,-400000.0625,-400000.0625,-400000.0625,-400000.0625,-400000.0625,-400000.0625,-400000.0625
13.714712619781494,-400000.0625,-400000.0625,-400000.0625,-400000.0625,-400000.0625,-400000.0625,-400000.0625,-400000.0625
13.71471619606018,-400000.0625,-400000.0625,-400000.0625,-400000.0625,-400000.0625,-400000.0625,-400000.0625,-400000.0625
13.714719533920288,-400000.0625,-400000.0625,-400000.0625,-400000.0625,-400000.0625,-400000.0625,-400000.0625,-400000.0625
13.714723348617554,-400000.0625,-400000.0625,-400000.0625,-400000.0625,-400000.0625,-400000.0625,-400000.0625,-400000.0625
13.714726686477661,-400000.0625,-400000.0625,-400000.0625,-400000.0625,-400000.0625,-400000.0625,-400000.0625,-400000.0625
13.714730262756348,-400000.0625,-400000.0625,-400000.0625,-400000.0625,-400000.0625,-400000.0625,-400000.0625,-400000.0625
13.714733839035034,-400000.0625,-400000.0625,-400000.0625,-400000.0625,-400000.0625,-400000.0625,-400000.0625,-400000.0625
13.71473741531372,-400000.0625,-400000.0625,-400000.0625,-400000.0625,-400000.0625,-400000.0625,-400000.0625,-400000.0625
13.714741468429565,-400000.0625,-400000.0625,-400000.0625,-400000.0625,-400000.0625,-400000.0625,-400000.0625,-400000.0625
13.714745044708252,-400000.0625,-400000.0625,-400000.0625,-400000.0625,-400000.0625,-400000.0625,-400000.0625,-400000.0625
13.768316745758057,-400000.0625,-400000.0625,-400000.0625,-400000.0625,-400000.0625,-400000.0625,-400000.0625,-400000.0625
13.773502111434937,-400000.0625,-400000.0625,-400000.0625,-400000.0625,-400000.0625,-400000.0625,-400000.0625,-400000.0625
13.777915954589844,-400000.0625,-400000.0625,-400000.0625,-400000.0625,-400000.0625,-400000.0625,-400000.0625,-400000.0625
13.777923583984375,-400000.0625,-400000.0625,-400000.0625,-400000.0625,-400000.0625,-400000.0625,-400000.0625,-400000.0625
13.777927875518799,-400000.0625,-400000.0625,-400000.0625,-400000.0625,-400000.0625,-400000.0625,-400000.0625,-400000.0625
13.777931690216064,-400000.0625,-400000.0625,-400000.0625,-400000.0625,-400000.0625,-400000.0625,-400000.0625,-400000.0625
13.777935266494751,-400000.0625,-400000.0625,-400000.0625,-400000.0625,-400000.0625,-400000.0625,-400000.0625,-400000.0625
13.777939081192017,-400000.0625,-400000.0625,-400000.0625,-400000.0625,-400000.0625,-400000.0625,-400000.0625,-400000.0625
13.777942657470703,-400000.0625,-400000.0625,-400000.0625,-400000.0625,-400000.0625,-400000.0625,-400000.0625,-400000.0625
13.77794599533081,-400000.0625,-400000.0625,-400000.0625,-400000.0625,-400000.0625,-400000.0625,-400000.0625,-400000.0625
13.777949571609497,-400000.0625,-400000.0625,-400000.0625,-400000.0625,-400000.0625,-400000.0625,-400000.0625,-400000.0625
13.777953147888184,-400000.0625,-400000.0625,-400000.0625,-400000.0625,-400000.0625,-400000.0625,-400000.0625,-400000.0625
13.77795672416687,-400000.0625,-400000.0625,-400000.0625,-400000.0625,-400000.0625,-400000.0625,-400000.0625,-400000.0625
13.777960300445557,-400000.0625,-400000.0625,-400000.0625,-400000.0625,-400000.0625,-400000.0625,-400000.0625,-400000.0625
13.777963876724243,-400000.0625,-400000.0625,-400000.0625,-400000.0625,-400000.0625,-400000.0625,-400000.0625,-400000.0625
13.777967691421509,-400000.0625,-400000.0625,-400000.0625,-400000.0625,-400000.0625,-400000.0625,-400000.0625,-400000.0625
13.821582555770874,-400000.0625,-400000.0625,-400000.0625,-400000.0625,-400000.0625,-400000.0625,-400000.0625,-400000.0625
13.831045150756836,-400000.0625,-400000.0625,-400000.0625,-400000.0625,-400000.0625,-400000.0625,-400000.0625,-400000.0625
13.83559799194336,-400000.0625,-400000.0625,-400000.0625,-400000.0625,-400000.0625,-400000.0625,-400000.0625,-400000.0625
13.835607290267944,-400000.0625,-400000.0625,-400000.0625,-400000.0625,-400000.0625,-400000.0625,-400000.0625,-400000.0625
13.835611820220947,-400000.0625,-400000.0625,-400000.0625,-400000.0625,-400000.0625,-400000.0625,-400000.0625,-400000.0625
13.835616111755371,-400000.0625,-400000.0625,-400000.0625,-400000.0625,-400000.0625,-400000.0625,-400000.0625,-400000.0625
13.835619688034058,-400000.0625,-400000.0625,-400000.0625,-400000.0625,-400000.0625,-400000.0625,-400000.0625,-400000.0625
13.835623502731323,-400000.0625,-400000.0625,-400000.0625,-400000.0625,-400000.0625,-400000.0625,-400000.0625,-400000.0625
13.83562707901001,-400000.0625,-400000.0625,-400000.0625,-400000.0625,-400000.0625,-400000.0625,-400000.0625,-400000.0625
13.835630893707275,-400000.0625,-400000.0625,-400000.0625,-400000.0625,-400000.0625,-400000.0625,-400000.0625,-400000.0625
13.835634469985962,-400000.0625,-400000.0625,-400000.0625,-400000.0625,-400000.0625,-400000.0625,-400000.0625,-400000.0625
13.835638046264648,-400000.0625,-400000.0625,-400000.0625,-400000.0625,-400000.0625,-400000.0625,-400000.0625,-400000.0625
13.835641622543335,-400000.0625,-400000.0625,-400000.0625,-400000.0625,-400000.0625,-400000.0625,-400000.0625,-400000.0625
13.8356454372406,-400000.0625,-400000.0625,-400000.0625,-400000.0625,-400000.0625,-400000.0625,-400000.0625,-400000.0625
13.835649013519287,-400000.0625,-400000.0625,-400000.0625,-400000.0625,-400000.0625,-400000.0625,-400000.0625,-400000.0625
13.835653066635132,-400000.0625,-400000.0625,-400000.0625,-400000.0625,-400000.0625,-400000.0625,-400000.0625,-400000.0625
13.897395610809326,-400000.0625,-400000.0625,-400000.0625,-400000.0625,-400000.0625,-400000.0625,-400000.0625,-400000.0625
13.902425289154053,-400000.0625,-400000.0625,-400000.0625,-400000.0625,-400000.0625,-400000.0625,-400000.0625,-400000.0625
13.906769037246704,-400000.0625,-400000.0625,-400000.0625,-400000.0625,-400000.0625,-400000.0625,-400000.0625,-400000.0625
13.906776905059814,-400000.0625,-400000.0625,-400000.0625,-400000.0625,-400000.0625,-400000.0625,-400000.0625,-400000.0625
13.906781196594238,-400000.0625,-400000.0625,-400000.0625,-400000.0625,-400000.0625,-400000.0625,-400000.0625,-400000.0625
13.906785249710083,-400000.0625,-400000.0625,-400000.0625,-400000.0625,-400000.0625,-400000.0625,-400000.0625,-400000.0625
13.90678882598877,-400000.0625,-400000.0625,-400000.0625,-400000.0625,-400000.0625,-400000.0625,-400000.0625,-400000.0625
13.906792402267456,-400000.0625,-400000.0625,-400000.0625,-400000.0625,-400000.0625,-400000.0625,-400000.0625,-400000.0625
13.906796216964722,-400000.0625,-400000.0625,-400000.0625,-400000.0625,-400000.0625,-400000.0625,-400000.0625,-400000.0625
13.906799793243408,-400000.0625,-400000.0625,-400000.0625,-400000.0625,-400000.0625,-400000.0625,-400000.0625,-400000.0625
13.906803369522095,-400000.0625,-400000.0625,-400000.0625,-400000.0625,-400000.0625,-400000.0625,-400000.0625,-400000.0625
13.906806945800781,-400000.0625,-400000.0625,-400000.0625,-400000.0625,-400000.0625,-400000.0625,-400000.0625,-400000.0625
13.906810522079468,-400000.0625,-400000.0625,-400000.0625,-400000.0625,-400000.0625,-400000.0625,-400000.0625,-400000.0625
13.906814336776733,-400000.0625,-400000.0625,-400000.0625,-400000.0625,-400000.0625,-400000.0625,-400000.0625,-400000.0625
13.90681791305542,-400000.0625,-400000.0625,-400000.0625,-400000.0625,-400000.0625,-400000.0625,-400000.0625,-400000.0625
13.906821489334106,-400000.0625,-400000.0625,-400000.0625,-400000.0625,-400000.0625,-400000.0625,-400000.0625,-400000.0625
13.948139905929565,-400000.0625,-400000.0625,-400000.0625,-400000.0625,-400000.0625,-400000.0625,-400000.0625,-400000.0625
13.957425832748413,-400000.0625,-400000.0625,-400000.0625,-400000.0625,-400000.0625,-400000.0625,-400000.0625,-400000.0625
13.961537837982178,-400000.0625,-400000.0625,-400000.0625,-400000.0625,-400000.0625,-400000.0625,-400000.0625,-400000.0625
13.961546182632446,-400000.0625,-400000.0625,-400000.0625,-400000.0625,-400000.0625,-400000.0625,-400000.0625,-400000.0625
13.96155071258545,-400000.0625,-400000.0625,-400000.0625,-400000.0625,-400000.0625,-400000.0625,-400000.0625,-400000.0625
13.961554527282715,-400000.0625,-400000.0625,-400000.0625,-400000.0625,-400000.0625,-400000.0625,-400000.0625,-400000.0625
13.961558103561401,-400000.0625,-400000.0625,-400000.0625,-400000.0625,-400000.0625,-400000.0625,-400000.0625,-400000.0625
13.961561679840088,-400000.0625,-400000.0625,-400000.0625,-400000.0625,-400000.0625,-400000.0625,-400000.0625,-400000.0625
13.961565256118774,-400000.0625,-400000.0625,-400000.0625,-400000.0625,-400000.0625,-400000.0625,-400000.0625,-400000.0625
13.961568593978882,-400000.0625,-400000.0625,-400000.0625,-400000.0625,-400000.0625,-400000.0625,-400000.0625,-400000.0625
13.961572170257568,-400000.0625,-400000.0625,-400000.0625,-400000.0625,-400000.0625,-400000.0625,-400000.0625,-400000.0625
13.961575746536255,-400000.0625,-400000.0625,-400000.0625,-400000.0625,-400000.0625,-400000.0625,-400000.0625,-400000.0625
13.961579322814941,-400000.0625,-400000.0625,-400000.0625,-400000.0625,-400000.0625,-400000.0625,-400000.0625,-400000.0625
13.961582899093628,-400000.0625,-400000.0625,-400000.0625,-400000.0625,-400000.0625,-400000.0625,-400000.0625,-400000.0625
13.96158766746521,-400000.0625,-400000.0625,-400000.0625,-400000.0625,-400000.0625,-400000.0625,-400000.0625,-400000.0625
13.96159052848816,-400000.0625,-400000.0625,-400000.0625,-400000.0625,-400000.0625,-400000.0625,-400000.0625,-400000.0625
14.012919187545776,-400000.0625,-400000.0625,-400000.0625,-400000.0625,-400000.0625,-400000.0625,-400000.0625,-400000.0625
14.018199682235718,-400000.0625,-400000.0625,-400000.0625,-400000.0625,-400000.0625,-400000.0625,-400000.0625,-400000.0625
14.022379636764526,-400000.0625,-400000.0625,-400000.0625,-400000.0625,-400000.0625,-400000.0625,-400000.0625,-400000.0625
14.022386074066162,-400000.0625,-400000.0625,-400000.0625,-400000.0625,-400000.0625,-400000.0625,-400000.0625,-400000.0625
14.022389650344849,-400000.0625,-400000.0625,-400000.0625,-400000.0625,-400000.0625,-400000.0625,-400000.0625,-400000.0625
14.022393226623535,-400000.0625,-400000.0625,-400000.0625,-400000.0625,-400000.0625,-400000.0625,-400000.0625,-400000.0625
14.022396564483643,-400000.0625,-400000.0625,-400000.0625,-400000.0625,-400000.0625,-400000.0625,-400000.0625,-400000.0625
14.02239990234375,-400000.0625,-400000.0625,-400000.0625,-400000.0625,-400000.0625,-400000.0625,-400000.0625,-400000.0625
14.022403240203857,-400000.0625,-400000.0625,-400000.0625,-400000.0625,-400000.0625,-400000.0625,-400000.0625,-400000.0625
14.022406578063965,-400000.0625,-400000.0625,-400000.0625,-400000.0625,-400000.0625,-400000.0625,-400000.0625,-400000.0625
14.022409915924072,-400000.0625,-400000.0625,-400000.0625,-400000.0625,-400000.0625,-400000.0625,-400000.0625,-400000.0625
14.022415399551392,-400000.0625,-400000.0625,-400000.0625,-400000.0625,-400000.0625,-400000.0625,-400000.0625,-400000.0625
14.022418737411499,-400000.0625,-400000.0625,-400000.0625,-400000.0625,-400000.0625,-400000.0625,-400000.0625,-400000.0625
14.022424936294556,-400000.0625,-400000.0625,-400000.0625,-400000.0625,-400000.0625,-400000.0625,-400000.0625,-400000.0625
14.022428035736084,-400000.0625,-400000.0625,-400000.0625,-400000.0625,-400000.0625,-400000.0625,-400000.0625,-400000.0625
14.02243161201477,-400000.0625,-400000.0625,-400000.0625,-400000.0625,-400000.0625,-400000.0625,-400000.0625,-400000.0625
14.12173581123352,-400000.0625,-400000.0625,-400000.0625,-400000.0625,-400000.0625,-400000.0625,-400000.0625,-400000.0625
14.149473905563354,-400000.0625,-400000.0625,-400000.0625,-400000.0625,-400000.0625,-400000.0625,-400000.0625,-400000.0625
14.21474003791809,-400000.0625,-400000.0625,-400000.0625,-400000.0625,-400000.0625,-400000.0625,-400000.0625,-400000.0625
14.266560792922974,-400000.0625,-400000.0625,-400000.0625,-400000.0625,-400000.0625,-400000.0625,-400000.0625,-400000.0625
14.344080686569214,-400000.0625,-400000.0625,-400000.0625,-400000.0625,-400000.0625,-400000.0625,-400000.0625,-400000.0625
14.397444248199463,-400000.0625,-400000.0625,-400000.0625,-400000.0625,-400000.0625,-400000.0625,-400000.0625,-400000.0625
14.49400281906128,-400000.0625,-400000.0625,-400000.0625,-400000.0625,-400000.0625,-400000.0625,-400000.0625,-400000.0625
14.586373567581177,-400000.0625,-400000.0625,-400000.0625,-400000.0625,-400000.0625,-400000.0625,-400000.0625,-400000.0625
14.652783632278442,-400000.0625,-400000.0625,-400000.0625,-400000.0625,-400000.0625,-400000.0625,-400000.0625,-400000.0625
14.789410829544067,-400000.0625,-400000.0625,-400000.0625,-400000.0625,-400000.0625,-400000.0625,-400000.0625,-400000.0625
14.789476156234741,-400000.0625,-400000.0625,-400000.0625,-400000.0625,-400000.0625,-400000.0625,-400000.0625,-400000.0625
14.789483308792114,-400000.0625,-400000.0625,-400000.0625,-400000.0625,-400000.0625,-400000.0625,-400000.0625,-400000.0625
14.789489030838013,-400000.0625,-400000.0625,-400000.0625,-400000.0625,-400000.0625,-400000.0625,-400000.0625,-400000.0625
14.789494037628174,-400000.0625,-400000.0625,-400000.0625,-400000.0625,-400000.0625,-400000.0625,-400000.0625,-400000.0625
14.905327320098877,-400000.0625,-400000.0625,-400000.0625,-400000.0625,-400000.0625,-400000.0625,-400000.0625,-400000.0625
15.100162982940674,-400000.0625,-400000.0625,-400000.0625,-400000.0625,-400000.0625,-400000.0625,-400000.0625,-400000.0625
15.23003339767456,-400000.0625,-400000.0625,-400000.0625,-400000.0625,-21307.419921875,-400000.0625,-400000.0625,-400000.0625
15.436561822891235,-400000.0625,-400000.0625,-400000.0625,-400000.0625,53940.96875,-400000.0625,-400000.0625,-400000.0625
15.615547180175781,-400000.0625,-400000.0625,-400000.0625,-400000.0625,-16194.8701171875,-400000.0625,-400000.0625,-400000.0625
15.615611791610718,-400000.0625,-400000.0625,-400000.0625,-400000.0625,61947.01953125,-400000.0625,-400000.0625,-400000.0625
15.6156165599823,-400000.0625,-400000.0625,-400000.0625,-400000.0625,101630.890625,-400000.0625,-400000.0625,-400000.0625
15.745270013809204,-400000.0625,-400000.0625,-400000.0625,-400000.0625,44615.4609375,-400000.0625,-400000.0625,-400000.0625
15.814066886901855,-400000.0625,-400000.0625,-400000.0625,-400000.0625,-126038.7109375,-400000.0625,-400000.0625,-400000.0625
15.86920690536499,-400000.0625,-400000.0625,-400000.0625,-400000.0625,-268618.1875,-400000.0625,-400000.0625,-400000.0625
16.135555744171143,-400000.0625,-400000.0625,-400000.0625,-400000.0625,-400000.0625,-400000.0625,-400000.0625,-400000.0625
16.18767476081848,-400000.0625,-400000.0625,-400000.0625,-400000.0625,-400000.0625,-400000.0625,-400000.0625,-400000.0625
16.336691856384277,-400000.0625,-400000.0625,-400000.0625,-400000.0625,-400000.0625,-400000.0625,-400000.0625,-400000.0625
16.398075819015503,-400000.0625,-400000.0625,-400000.0625,-400000.0625,-400000.0625,-400000.0625,-400000.0625,-400000.0625
16.441734313964844,-400000.0625,-400000.0625,-400000.0625,-400000.0625,-400000.0625,-400000.0625,-400000.0625,-400000.0625
16.506356954574585,-400000.0625,-400000.0625,-400000.0625,-400000.0625,-400000.0625,-400000.0625,-400000.0625,-400000.0625
16.57178807258606,-400000.0625,-400000.0625,-400000.0625,-400000.0625,-400000.0625,-400000.0625,-400000.0625,-400000.0625
16.574394941329956,-400000.0625,-400000.0625,-400000.0625,-400000.0625,-400000.0625,-400000.0625,-400000.0625,-400000.0625
16.57440495491028,-400000.0625,-400000.0625,-400000.0625,-400000.0625,-400000.0625,-400000.0625,-400000.0625,-400000.0625
16.57441020011902,-400000.0625,-400000.0625,-400000.0625,-400000.0625,-400000.0625,-400000.0625,-400000.0625,-400000.0625
16.574414253234863,-400000.0625,-400000.0625,-400000.0625,-400000.0625,-400000.0625,-400000.0625,-400000.0625,-400000.0625
16.574418306350708,-400000.0625,-400000.0625,-400000.0625,-400000.0625,-400000.0625,-400000.0625,-400000.0625,-400000.0625
16.574422121047974,-400000.0625,-400000.0625,-400000.0625,-400000.0625,-400000.0625,-400000.0625,-400000.0625,-400000.0625
16.57442617416382,-400000.0625,-400000.0625,-400000.0625,-400000.0625,-400000.0625,-400000.0625,-400000.0625,-400000.0625
16.574430227279663,-400000.0625,-400000.0625,-400000.0625,-400000.0625,-400000.0625,-400000.0625,-400000.0625,-400000.0625
16.57443404197693,-400000.0625,-400000.0625,-400000.0625,-400000.0625,-400000.0625,-400000.0625,-400000.0625,-400000.0625
16.574438095092773,-400000.0625,-400000.0625,-400000.0625,-400000.0625,-400000.0625,-400000.0625,-400000.0625,-400000.0625
16.574442386627197,-400000.0625,-400000.0625,-400000.0625,-400000.0625,-400000.0625,-400000.0625,-400000.0625,-400000.0625
16.5744469165802,-400000.0625,-400000.0625,-400000.0625,-400000.0625,-400000.0625,-400000.0625,-400000.0625,-400000.0625
16.574451208114624,-400000.0625,-400000.0625,-400000.0625,-400000.0625,-400000.0625,-400000.0625,-400000.0625,-400000.0625
16.57445526123047,-400000.0625,-400000.0625,-400000.0625,-400000.0625,-400000.0625,-400000.0625,-400000.0625,-400000.0625
16.574459075927734,-400000.0625,-400000.0625,-400000.0625,-400000.0625,-400000.0625,-400000.0625,-400000.0625,-400000.0625
16.636817455291748,-400000.0625,-400000.0625,-400000.0625,-400000.0625,-400000.0625,-400000.0625,-400000.0625,-400000.0625
16.63692831993103,-400000.0625,-400000.0625,-400000.0625,-400000.0625,-400000.0625,-400000.0625,-400000.0625,-400000.0625
16.636942625045776,-400000.0625,-400000.0625,-400000.0625,-400000.0625,-400000.0625,-400000.0625,-400000.0625,-400000.0625
16.63696026802063,-400000.0625,-400000.0625,-400000.0625,-400000.0625,-400000.0625,-400000.0625,-400000.0625,-400000.0625
16.636971950531006,-400000.0625,-400000.0625,-400000.0625,-400000.0625,-400000.0625,-400000.0625,-400000.0625,-400000.0625
16.636983394622803,-400000.0625,-400000.0625,-400000.0625,-400000.0625,-400000.0625,-400000.0625,-400000.0625,-400000.0625
16.63699436187744,-400000.0625,-400000.0625,-400000.0625,-400000.0625,-400000.0625,-400000.0625,-400000.0625,-400000.0625
16.63700556755066,-400000.0625,-400000.0625,-400000.0625,-400000.0625,-400000.0625,-400000.0625,-400000.0625,-400000.0625
16.637017011642456,-400000.0625,-400000.0625,-400000.0625,-400000.0625,-400000.0625,-400000.0625,-400000.0625,-400000.0625
16.637027740478516,-400000.0625,-400000.0625,-400000.0625,-400000.0625,-400000.0625,-400000.0625,-400000.0625,-400000.0625
16.637038707733154,-400000.0625,-400000.0625,-400000.0625,-400000.0625,-400000.0625,-400000.0625,-400000.0625,-400000.0625
16.637049674987793,-400000.0625,-400000.0625,-400000.0625,-400000.0625,-400000.0625,-400000.0625,-400000.0625,-400000.0625
16.63706064224243,-400000.0625,-400000.0625,-400000.0625,-400000.0625,-400000.0625,-400000.0625,-400000.0625,-400000.0625
16.63710594177246,-400000.0625,-400000.0625,-400000.0625,-400000.0625,-400000.0625,-400000.0625,-400000.0625,-400000.0625
16.63711452484131,-400000.0625,-400000.0625,-400000.0625,-400000.0625,-400000.0625,-400000.0625,-400000.0625,-400000.0625
16.63711929321289,-400000.0625,-400000.0625,-400000.0625,-400000.0625,-400000.0625,-400000.0625,-400000.0625,-400000.0625
16.70366930961609,-400000.0625,-400000.0625,-400000.0625,-400000.0625,-400000.0625,-400000.0625,-400000.0625,-400000.0625
16.719205379486084,-400000.0625,-400000.0625,-400000.0625,-400000.0625,-400000.0625,-400000.0625,-400000.0625,-400000.0625
16.723551750183105,-400000.0625,-400000.0625,-400000.0625,-400000.0625,-400000.0625,-400000.0625,-400000.0625,-400000.0625
16.72355890274048,-400000.0625,-400000.0625,-400000.0625,-400000.0625,-400000.0625,-400000.0625,-400000.0625,-400000.0625
16.72356343269348,-400000.0625,-400000.0625,-400000.0625,-400000.0625,-400000.0625,-400000.0625,-400000.0625,-400000.0625
16.723567247390747,-400000.0625,-400000.0625,-400000.0625,-400000.0625,-400000.0625,-400000.0625,-400000.0625,-400000.0625
16.723571062088013,-400000.0625,-400000.0625,-400000.0625,-400000.0625,-400000.0625,-400000.0625,-400000.0625,-400000.0625
16.72357487678528,-400000.0625,-400000.0625,-400000.0625,-400000.0625,-400000.0625,-400000.0625,-400000.0625,-400000.0625
16.723578691482544,-400000.0625,-400000.0625,-400000.0625,-400000.0625,-400000.0625,-400000.0625,-400000.0625,-400000.0625
16.72358250617981,-400000.0625,-400000.0625,-400000.0625,-400000.0625,-400000.0625,-400000.0625,-400000.0625,-400000.0625
16.723586320877075,-400000.0625,-400000.0625,-400000.0625,-400000.0625,-400000.0625,-400000.0625,-400000.0625,-400000.0625
16.72359013557434,-400000.0625,-400000.0625,-400000.0625,-400000.0625,-400000.0625,-400000.0625,-400000.0625,-400000.0625
16.723593950271606,-400000.0625,-400000.0625,-400000.0625,-400000.0625,-400000.0625,-400000.0625,-400000.0625,-400000.0625
16.723597764968872,-400000.0625,-400000.0625,-400000.0625,-400000.0625,-400000.0625,-400000.0625,-400000.0625,-400000.0625
16.723601579666138,-400000.0625,-400000.0625,-400000.0625,-400000.0625,-400000.0625,-400000.0625,-400000.0625,-400000.0625
16.723605155944824,-400000.0625,-400000.0625,-400000.0625,-400000.0625,-400000.0625,-400000.0625,-400000.0625,-400000.0625
16.782975673675537,-400000.0625,-400000.0625,-400000.0625,-400000.0625,-400000.0625,-400000.0625,-400000.0625,-400000.0625
16.78815221786499,-400000.0625,-400000.0625,-400000.0625,-400000.0625,-400000.0625,-400000.0625,-400000.0625,-400000.0625
16.7926824092865,-400000.0625,-400000.0625,-400000.0625,-400000.0625,-400000.0625,-400000.0625,-400000.0625,-400000.0625
16.79269003868103,-400000.0625,-400000.0625,-400000.0625,-400000.0625,-400000.0625,-400000.0625,-400000.0625,-400000.0625
16.792694568634033,-400000.0625,-400000.0625,-400000.0625,-400000.0625,-400000.0625,-400000.0625,-400000.0625,-400000.0625
16.7926983833313,-400000.0625,-400000.0625,-400000.0625,-400000.0625,-400000.0625,-400000.0625,-400000.0625,-400000.0625
16.792702674865723,-400000.0625,-400000.0625,-400000.0625,-400000.0625,-400000.0625,-400000.0625,-400000.0625,-400000.0625
16.79270648956299,-400000.0625,-400000.0625,-400000.0625,-400000.0625,-400000.0625,-400000.0625,-400000.0625,-400000.0625
16.792710304260254,-400000.0625,-400000.0625,-400000.0625,-400000.0625,-400000.0625,-400000.0625,-400000.0625,-400000.0625
16.792714834213257,-400000.0625,-400000.0625,-400000.0625,-400000.0625,-400000.0625,-400000.0625,-400000.0625,-400000.0625
16.792718648910522,-400000.0625,-400000.0625,-400000.0625,-400000.0625,-400000.0625,-400000.0625,-400000.0625,-400000.0625
16.792723655700684,-400000.0625,-400000.0625,-400000.0625,-400000.0625,-400000.0625,-400000.0625,-400000.0625,-400000.0625
16.79272747039795,-400000.0625,-400000.0625,-400000.0625,-400000.0625,-400000.0625,-400000.0625,-400000.0625,-400000.0625
16.792731285095215,-400000.0625,-400000.0625,-400000.0625,-400000.0625,-400000.0625,-400000.0625,-400000.0625,-400000.0625
16.79273509979248,-400000.0625,-400000.0625,-400000.0625,-400000.0625,-400000.0625,-400000.0625,-400000.0625,-400000.0625
16.792739152908325,-400000.0625,-400000.0625,-400000.0625,-400000.0625,-400000.0625,-400000.0625,-400000.0625,-400000.0625
16.836658239364624,-400000.0625,-400000.0625,-400000.0625,-400000.0625,-400000.0625,-400000.0625,-400000.0625,-400000.0625
16.846657752990723,-400000.0625,-400000.0625,-400000.0625,-400000.0625,-400000.0625,-400000.0625,-400000.0625,-400000.0625
16.85160255432129,-400000.0625,-400000.0625,-400000.0625,-400000.0625,-400000.0625,-400000.0625,-400000.0625,-400000.0625
16.8516104221344,-400000.0625,-400000.0625,-400000.0625,-400000.0625,-400000.0625,-400000.0625,-400000.0625,-400000.0625
16.851614713668823,-400000.0625,-400000.0625,-400000.0625,-400000.0625,-400000.0625,-400000.0625,-400000.0625,-400000.0625
16.851619005203247,-400000.0625,-400000.0625,-400000.0625,-400000.0625,-400000.0625,-400000.0625,-400000.0625,-400000.0625
16.851622819900513,-400000.0625,-400000.0625,-400000.0625,-400000.0625,-400000.0625,-400000.0625,-400000.0625,-400000.0625
16.85162663459778,-400000.0625,-400000.0625,-400000.0625,-400000.0625,-400000.0625,-400000.0625,-400000.0625,-400000.0625
16.851630210876465,-400000.0625,-400000.0625,-400000.0625,-400000.0625,-400000.0625,-400000.0625,-400000.0625,-400000.0625
16.85163426399231,-400000.0625,-400000.0625,-400000.0625,-400000.0625,-400000.0625,-400000.0625,-400000.0625,-400000.0625
16.851637840270996,-400000.0625,-400000.0625,-400000.0625,-400000.0625,-400000.0625,-400000.0625,-400000.0625,-400000.0625
16.85164165496826,-400000.0625,-400000.0625,-400000.0625,-400000.0625,-400000.0625,-400000.0625,-400000.0625,-400000.0625
16.85164523124695,-400000.0625,-400000.0625,-400000.0625,-400000.0625,-400000.0625,-400000.0625,-400000.0625,-400000.0625
16.851649045944214,-400000.0625,-400000.0625,-400000.0625,-400000.0625,-400000.0625,-400000.0625,-400000.0625,-400000.0625
16.8516526222229,-400000.0625,-400000.0625,-400000.0625,-400000.0625,-400000.0625,-400000.0625,-400000.0625,-400000.0625
16.851656198501587,-400000.0625,-400000.0625,-400000.0625,-400000.0625,-400000.0625,-400000.0625,-400000.0625,-400000.0625
16.897733688354492,-400000.0625,-400000.0625,-400000.0625,-400000.0625,-400000.0625,-400000.0625,-400000.0625,-400000.0625
16.904053688049316,-400000.0625,-400000.0625,-400000.0625,-400000.0625,-400000.0625,-400000.0625,-400000.0625,-400000.0625
16.91000986099243,-400000.0625,-400000.0625,-400000.0625,-400000.0625,-400000.0625,-400000.0625,-400000.0625,-400000.0625
16.914884567260742,-400000.0625,-400000.0625,-400000.0625,-400000.0625,-400000.0625,-400000.0625,-400000.0625,-400000.0625
16.914892435073853,-400000.0625,-400000.0625,-400000.0625,-400000.0625,-400000.0625,-400000.0625,-400000.0625,-400000.0625
16.914896726608276,-400000.0625,-400000.0625,-400000.0625,-400000.0625,-400000.0625,-400000.0625,-400000.0625,-400000.0625
16.91490077972412,-400000.0625,-400000.0625,-400000.0625,-400000.0625,-400000.0625,-400000.0625,-400000.0625,-400000.0625
16.914904832839966,-400000.0625,-400000.0625,-400000.0625,-400000.0625,-400000.0625,-400000.0625,-400000.0625,-400000.0625
16.91490888595581,-400000.0625,-400000.0625,-400000.0625,-400000.0625,-400000.0625,-400000.0625,-400000.0625,-400000.0625
16.914912939071655,-400000.0625,-400000.0625,-400000.0625,-400000.0625,-400000.0625,-400000.0625,-400000.0625,-400000.0625
16.91491675376892,-400000.0625,-400000.0625,-400000.0625,-400000.0625,-400000.0625,-400000.0625,-400000.0625,-400000.0625
16.914920568466187,-400000.0625,-400000.0625,-400000.0625,-400000.0625,-400000.0625,-400000.0625,-400000.0625,-400000.0625
16.914924383163452,-400000.0625,-400000.0625,-400000.0625,-400000.0625,-400000.0625,-400000.0625,-400000.0625,-400000.0625
16.914928197860718,-400000.0625,-400000.0625,-400000.0625,-400000.0625,-400000.0625,-400000.0625,-400000.0625,-400000.0625
16.914932012557983,-400000.0625,-400000.0625,-400000.0625,-400000.0625,-400000.0625,-400000.0625,-400000.0625,-400000.0625
16.914936065673828,-400000.0625,-400000.0625,-400000.0625,-400000.0625,-400000.0625,-400000.0625,-400000.0625,-400000.0625
16.9579176902771,-400000.0625,-400000.0625,-400000.0625,-400000.0625,-400000.0625,-400000.0625,-400000.0625,-400000.0625
16.970537662506104,-400000.0625,-400000.0625,-400000.0625,-400000.0625,-400000.0625,-400000.0625,-400000.0625,-400000.0625
16.975116968154907,-400000.0625,-400000.0625,-400000.0625,-400000.0625,-400000.0625,-400000.0625,-400000.0625,-400000.0625
16.97512435913086,-400000.0625,-400000.0625,-400000.0625,-400000.0625,-400000.0625,-400000.0625,-400000.0625,-400000.0625
16.975128889083862,-400000.0625,-400000.0625,-400000.0625,-400000.0625,-400000.0625,-400000.0625,-400000.0625,-400000.0625
16.975133180618286,-400000.0625,-400000.0625,-400000.0625,-400000.0625,-400000.0625,-400000.0625,-400000.0625,-400000.0625
16.975141763687134,-400000.0625,-400000.0625,-400000.0625,-400000.0625,-400000.0625,-400000.0625,-400000.0625,-400000.0625
16.975150108337402,-400000.0625,-400000.0625,-400000.0625,-400000.0625,-400000.0625,-400000.0625,-400000.0625,-400000.0625
16.975154399871826,-400000.0625,-400000.0625,-400000.0625,-400000.0625,-400000.0625,-400000.0625,-400000.0625,-400000.0625
16.975158214569092,-400000.0625,-400000.0625,-400000.0625,-400000.0625,-400000.0625,-400000.0625,-400000.0625,-400000.0625
16.975162029266357,-400000.0625,-400000.0625,-400000.0625,-400000.0625,-400000.0625,-400000.0625,-400000.0625,-400000.0625
16.975165843963623,-400000.0625,-400000.0625,-400000.0625,-400000.0625,-400000.0625,-400000.0625,-400000.0625,-400000.0625
16.97516942024231,-400000.0625,-400000.0625,-400000.0625,-400000.0625,-400000.0625,-400000.0625,-400000.0625,-400000.0625
16.975173234939575,-400000.0625,-400000.0625,-400000.0625,-400000.0625,-400000.0625,-400000.0625,-400000.0625,-400000.0625
16.97517704963684,-400000.0625,-400000.0625,-400000.0625,-400000.0625,-400000.0625,-400000.0625,-400000.0625,-400000.0625
16.975180864334106,-400000.0625,-400000.0625,-400000.0625,-400000.0625,-400000.0625,-400000.0625,-400000.0625,-400000.0625
17.04276704788208,-400000.0625,-400000.0625,-400000.0625,-400000.0625,-400000.0625,-400000.0625,-400000.0625,-400000.0625
17.04936981201172,-400000.0625,-400000.0625,-400000.0625,-400000.0625,-400000.0625,-400000.0625,-400000.0625,-400000.0625
17.293545246124268,-400000.0625,-400000.0625,-400000.0625,-400000.0625,-400000.0625,-400000.0625,-400000.0625,-400000.0625
17.34893798828125,-400000.0625,-400000.0625,-400000.0625,-400000.0625,-400000.0625,-400000.0625,-400000.0625,-400000.0625
17.452943801879883,-400000.0625,-400000.0625,-400000.0625,-400000.0625,-400000.0625,-400000.0625,-400000.0625,-400000.0625
17.48021173477173,-400000.0625,-400000.0625,-400000.0625,-400000.0625,-400000.0625,-400000.0625,-400000.0625,-400000.0625
17.53644585609436,-400000.0625,-400000.0625,-400000.0625,-400000.0625,-400000.0625,-400000.0625,-400000.0625,-400000.0625
17.597211837768555,-400000.0625,-400000.0625,-400000.0625,-400000.0625,-400000.0625,-400000.0625,-400000.0625,-400000.0625
17.86429214477539,-400000.0625,-400000.0625,-400000.0625,-400000.0625,-400000.0625,-400000.0625,-400000.0625,-400000.0625
18.0522563457489,-400000.0625,-400000.0625,-400000.0625,-400000.0625,-400000.0625,-400000.0625,-400000.0625,-400000.0625
18.10608673095703,-400000.0625,-400000.0625,-400000.0625,-400000.0625,-400000.0625,-400000.0625,-400000.0625,-400000.0625
18.180627584457397,-400000.0625,-400000.0625,-400000.0625,-400000.0625,-400000.0625,-400000.0625,-400000.0625,-400000.0625
18.23909878730774,-400000.0625,-400000.0625,-400000.0625,-400000.0625,-400000.0625,-400000.0625,-400000.0625,-400000.0625
18.29820728302002,-400000.0625,-400000.0625,-400000.0625,-400000.0625,-400000.0625,-400000.0625,-400000.0625,-400000.0625
18.44780659675598,-400000.0625,-400000.0625,-400000.0625,-400000.0625,-400000.0625,-400000.0625,-400000.0625,-400000.0625
18.554572105407715,-400000.0625,-400000.0625,-400000.0625,-400000.0625,-400000.0625,-400000.0625,-400000.0625,-400000.0625
18.61998224258423,-400000.0625,-400000.0625,-400000.0625,-400000.0625,-400000.0625,-400000.0625,-400000.0625,-400000.0625
18.69754123687744,-400000.0625,-13702.5400390625,-400000.0625,-400000.0625,-400000.0625,-400000.0625,-400000.0625,-400000.0625
18.748087644577026,-400000.0625,-8121.72998046875,-400000.0625,-400000.0625,-400000.0625,-400000.0625,-400000.0625,-400000.0625
18.814438343048096,-400000.0625,-6767.85009765625,-400000.0625,-400000.0625,-400000.0625,-400000.0625,-400000.0625,-400000.0625
18.94728374481201,-400000.0625,-148.44000244140625,-400000.0625,-400000.0625,-400000.0625,-400000.0625,-400000.0625,-400000.0625
19.002360343933105,-400000.0625,-3118.7099609375,-400000.0625,-400000.0625,-400000.0625,-400000.0625,-400000.0625,-400000.0625
19.066801071166992,-400000.0625,-5134.580078125,-400000.0625,-400000.0625,-400000.0625,-400000.0625,-400000.0625,-400000.0625
19.077143669128418,-400000.0625,-11126.330078125,-400000.0625,-400000.0625,-400000.0625,-400000.0625,-400000.0625,-400000.0625
19.082556009292603,-400000.0625,-24620.060546875,-400000.0625,-400000.0625,-400000.0625,-400000.0625,-400000.0625,-400000.0625
19.08788013458252,-400000.0625,-34451.8203125,-400000.0625,-400000.0625,-400000.0625,-400000.0625,-400000.0625,-400000.0625
19.093148946762085,-400000.0625,-30370.380859375,-400000.0625,-400000.0625,-400000.0625,-400000.0625,-400000.0625,-400000.0625
19.097798109054565,-400000.0625,-22468.330078125,-400000.0625,-400000.0625,-400000.0625,-400000.0625,-400000.0625,-400000.0625
19.097808599472046,-400000.0625,-26147.029296875,-400000.0625,-400000.0625,-400000.0625,-400000.0625,-400000.0625,-400000.0625
19.09781312942505,-400000.0625,-40695.76953125,-400000.0625,-400000.0625,-400000.0625,-400000.0625,-400000.0625,-400000.0625
19.097817420959473,-400000.0625,-50423.8203125,-400000.0625,-400000.0625,-400000.0625,-400000.0625,-400000.0625,-400000.0625
19.09782123565674,-400000.0625,-44176.01171875,-400000.0625,-400000.0625,-400000.0625,-400000.0625,-400000.0625,-400000.0625
19.097825050354004,-400000.0625,-23003.580078125,-400000.0625,-400000.0625,-400000.0625,-400000.0625,-400000.0625,-400000.0625
19.097829580307007,-400000.0625,-10324.1904296875,-400000.0625,-400000.0625,-400000.0625,-400000.0625,-400000.0625,-400000.0625
19.09783411026001,-400000.0625,-5639.83984375,-400000.0625,-400000.0625,-400000.0625,-400000.0625,-400000.0625,-400000.0625
19.097838640213013,-400000.0625,-4889.2001953125,-400000.0625,-400000.0625,-400000.0625,-400000.0625,-400000.0625,-400000.0625
19.097843408584595,-400000.0625,-7013.4599609375,-400000.0625,-400000.0625,-400000.0625,-400000.0625,-400000.0625,-400000.0625
19.097847938537598,-400000.0625,-8307.0302734375,-400000.0625,-400000.0625,-400000.0625,-400000.0625,-400000.0625,-400000.0625
19.14465308189392,-400000.0625,-6473.77978515625,-400000.0625,-400000.0625,-400000.0625,-400000.0625,-400000.0625,-400000.0625
19.154466152191162,-400000.0625,-3550.77001953125,-400000.0625,-400000.0625,-400000.0625,-400000.0625,-400000.0625,-400000.0625
19.15928602218628,-400000.0625,-3966.429931640625,-400000.0625,-400000.0625,-400000.0625,-400000.0625,-400000.0625,-400000.0625
19.159294843673706,-400000.0625,-6259.25,-400000.0625,-400000.0625,-400000.0625,-400000.0625,-400000.0625,-400000.0625
19.15929937362671,-400000.0625,-7062.6298828125,-400000.0625,-400000.0625,-400000.0625,-400000.0625,-400000.0625,-400000.0625
19.159303426742554,-400000.0625,-5388.830078125,-400000.0625,-400000.0625,-400000.0625,-400000.0625,-400000.0625,-400000.0625
19.159337043762207,-400000.0625,-3164.9599609375,-400000.0625,-400000.0625,-400000.0625,-400000.0625,-400000.0625,-400000.0625
19.159345149993896,-400000.0625,-3373.3798828125,-400000.0625,-400000.0625,-400000.0625,-400000.0625,-400000.0625,-400000.0625
19.159350395202637,-400000.0625,-6392.0498046875,-400000.0625,-400000.0625,-400000.0625,-400000.0625,-400000.0625,-400000.0625
19.159355401992798,-400000.0625,-7594.77978515625,-400000.0625,-400000.0625,-400000.0625,-400000.0625,-400000.0625,-400000.0625
19.159360885620117,-400000.0625,-5546.18994140625,-400000.0625,-400000.0625,-400000.0625,-400000.0625,-400000.0625,-400000.0625
19.15936589241028,-400000.0625,-2633.909912109375,-400000.0625,-400000.0625,-400000.0625,-400000.0625,-400000.0625,-400000.0625
19.159371376037598,-400000.0625,-3122.81005859375,-400000.0625,-400000.0625,-400000.0625,-400000.0625,-400000.0625,-400000.0625
19.159377098083496,-400000.0625,-6430.81982421875,-400000.0625,-400000.0625,-400000.0625,-400000.0625,-400000.0625,-400000.0625
19.159383058547974,-400000.0625,-7449.91015625,-400000.0625,-400000.0625,-400000.0625,-400000.0625,-400000.0625,-400000.0625
19.159388303756714,-400000.0625,-4790.64013671875,-400000.0625,-400000.0625,-400000.0625,-400000.0625,-400000.0625,-400000.0625
19.199135065078735,-400000.0625,-1118.469970703125,-400000.0625,-400000.0625,-400000.0625,-400000.0625,-400000.0625,-400000.0625
19.210583686828613,-400000.0625,-714.1599731445312,-400000.0625,-400000.0625,-400000.0625,-400000.0625,-400000.0625,-400000.0625
19.215455293655396,-400000.0625,-2110.2900390625,-400000.0625,-400000.0625,-400000.0625,-400000.0625,-400000.0625,-400000.0625
19.21547269821167,-400000.0625,3505.800048828125,-400000.0625,-400000.0625,-400000.0625,-400000.0625,-400000.0625,-400000.0625
19.21547818183899,-400000.0625,7068.77978515625,-400000.0625,-400000.0625,-400000.0625,-400000.0625,-400000.0625,-400000.0625
19.215482234954834,-400000.0625,6062.080078125,-400000.0625,-400000.0625,-400000.0625,-400000.0625,-400000.0625,-400000.0625
19.2154860496521,-400000.0625,2133.419921875,-400000.0625,-400000.0625,-400000.0625,-400000.0625,-400000.0625,-400000.0625
19.215489864349365,-400000.0625,-2986.18994140625,-400000.0625,-400000.0625,-400000.0625,-400000.0625,-400000.0625,-400000.0625
19.21549367904663,-400000.0625,-5093.14990234375,-400000.0625,-400000.0625,-400000.0625,-400000.0625,-400000.0625,-400000.0625
19.215497255325317,-400000.0625,-2902.56005859375,-400000.0625,-400000.0625,-400000.0625,-400000.0625,-400000.0625,-400000.0625
19.21550178527832,-400000.0625,22.600000381469727,-400000.0625,-400000.0625,-400000.0625,-400000.0625,-400000.0625,-400000.0625
19.215505599975586,-400000.0625,-1294.9000244140625,-400000.0625,-400000.0625,-400000.0625,-400000.0625,-400000.0625,-400000.0625
19.215509176254272,-400000.0625,-4965.830078125,-400000.0625,-400000.0625,-400000.0625,-400000.0625,-400000.0625,-400000.0625
19.215512990951538,-400000.0625,-6320.52001953125,-400000.0625,-400000.0625,-400000.0625,-400000.0625,-400000.0625,-400000.0625
19.215516567230225,-400000.0625,-3962.22998046875,-400000.0625,-400000.0625,-400000.0625,-400000.0625,-400000.0625,-400000.0625
19.21552038192749,-400000.0625,-1107.739990234375,-400000.0625,-400000.0625,-400000.0625,-400000.0625,-400000.0625,-400000.0625
19.281927585601807,-400000.0625,-2041.6300048828125,-400000.0625,-400000.0625,-400000.0625,-400000.0625,-400000.0625,-400000.0625
19.288688898086548,-400000.0625,-5076.64990234375,-400000.0625,-400000.0625,-400000.0625,-400000.0625,-400000.0625,-400000.0625
19.29321026802063,-400000.0625,-6602.56982421875,-400000.0625,-400000.0625,-400000.0625,-400000.0625,-400000.0625,-400000.0625
19.29321837425232,-400000.0625,-4001.6201171875,-400000.0625,-400000.0625,-400000.0625,-400000.0625,-400000.0625,-400000.0625
19.293222904205322,-400000.0625,-1006.5999755859375,-400000.0625,-400000.0625,-400000.0625,-400000.0625,-400000.0625,-400000.0625
19.293227195739746,-400000.0625,-1984.31005859375,-400000.0625,-400000.0625,-400000.0625,-400000.0625,-400000.0625,-400000.0625
19.29323101043701,-400000.0625,-5536.7001953125,-400000.0625,-400000.0625,-400000.0625,-400000.0625,-400000.0625,-400000.0625
19.293234825134277,-400000.0625,-6564.56982421875,-400000.0625,-400000.0625,-400000.0625,-400000.0625,-400000.0625,-400000.0625
19.293238639831543,-400000.0625,-4194.93017578125,-400000.0625,-400000.0625,-400000.0625,-400000.0625,-400000.0625,-400000.0625
19.293242692947388,-400000.0625,-1368.8599853515625,-400000.0625,-400000.0625,-400000.0625,-400000.0625,-400000.0625,-400000.0625
19.29324698448181,-400000.0625,-2039.239990234375,-400000.0625,-400000.0625,-400000.0625,-400000.0625,-400000.0625,-400000.0625
19.293250560760498,-400000.0625,-5165.009765625,-400000.0625,-400000.0625,-400000.0625,-400000.0625,-400000.0625,-400000.0625
19.293254613876343,-400000.0625,-6503.06005859375,-400000.0625,-400000.0625,-400000.0625,-400000.0625,-400000.0625,-400000.0625
19.293258666992188,-400000.0625,-3829.429931640625,-400000.0625,-400000.0625,-400000.0625,-400000.0625,-400000.0625,-400000.0625
19.293262720108032,-400000.0625,-564.3800048828125,-400000.0625,-400000.0625,-400000.0625,-400000.0625,-400000.0625,-400000.0625
19.293266534805298,-400000.0625,-1458.0699462890625,-400000.0625,-400000.0625,-400000.0625,-400000.0625,-400000.0625,-400000.0625
19.330376863479614,-400000.0625,-4731.60986328125,-400000.0625,-400000.0625,-400000.0625,-400000.0625,-400000.0625,-400000.0625
19.341087818145752,-400000.0625,-6071.7099609375,-400000.0625,-400000.0625,-400000.0625,-400000.0625,-400000.0625,-400000.0625
19.345534324645996,-400000.0625,-3465.1298828125,-400000.0625,-400000.0625,-400000.0625,-400000.0625,-400000.0625,-400000.0625
19.34554386138916,-400000.0625,-360.9200134277344,-400000.0625,-400000.0625,-400000.0625,-400000.0625,-400000.0625,-400000.0625
19.345548391342163,-400000.0625,-1119.4200439453125,-400000.0625,-400000.0625,-400000.0625,-400000.0625,-400000.0625,-400000.0625
19.345552444458008,-400000.0625,-4717.2099609375,-400000.0625,-400000.0625,-400000.0625,-400000.0625,-400000.0625,-400000.0625
19.345556497573853,-400000.0625,-6100.75,-400000.0625,-400000.0625,-400000.0625,-400000.0625,-400000.0625,-400000.0625
19.34556007385254,-400000.0625,-3137.06005859375,-400000.0625,-400000.0625,-400000.0625,-400000.0625,-400000.0625,-400000.0625
19.345564126968384,-400000.0625,-43.72999954223633,-400000.0625,-400000.0625,-400000.0625,-400000.0625,-400000.0625,-400000.0625
19.34556818008423,-400000.0625,-1060.6800537109375,-400000.0625,-400000.0625,-400000.0625,-400000.0625,-400000.0625,-400000.0625
19.345571756362915,-400000.0625,-4635.85986328125,-400000.0625,-400000.0625,-400000.0625,-400000.0625,-400000.0625,-400000.0625
19.34557557106018,-400000.0625,-5798.2900390625,-400000.0625,-400000.0625,-400000.0625,-400000.0625,-400000.0625,-400000.0625
19.345579385757446,-400000.0625,-2892.830078125,-400000.0625,-400000.0625,-400000.0625,-400000.0625,-400000.0625,-400000.0625
19.345582962036133,-400000.0625,117.7300033569336,-400000.0625,-400000.0625,-400000.0625,-400000.0625,-400000.0625,-400000.0625
19.345587015151978,-400000.0625,-926.8800048828125,-400000.0625,-400000.0625,-400000.0625,-400000.0625,-400000.0625,-400000.0625
19.345590829849243,-400000.0625,-4930.39990234375,-400000.0625,-400000.0625,-400000.0625,-400000.0625,-400000.0625,-400000.0625
19.386556148529053,-400000.0625,-6270.7900390625,-400000.0625,-400000.0625,-400000.0625,-400000.0625,-400000.0625,-400000.0625
19.39238142967224,-400000.0625,-2912.7099609375,-400000.0625,-400000.0625,-400000.0625,-400000.0625,-400000.0625,-400000.0625
19.396941900253296,-400000.0625,132.75,-400000.0625,-400000.0625,-400000.0625,-400000.0625,-400000.0625,-400000.0625
19.39695119857788,-400000.0625,-1254.27001953125,-400000.0625,-400000.0625,-400000.0625,-400000.0625,-400000.0625,-400000.0625
19.396955728530884,-400000.0625,-5089.47021484375,-400000.0625,-400000.0625,-400000.0625,-400000.0625,-400000.0625,-400000.0625
19.396960020065308,-400000.0625,-6647.58984375,-400000.0625,-400000.0625,-400000.0625,-400000.0625,-400000.0625,-400000.0625
19.39696431159973,-400000.0625,-3713.0400390625,-400000.0625,-400000.0625,-400000.0625,-400000.0625,-400000.0625,-400000.0625
19.396968364715576,-400000.0625,-452.4700012207031,-400000.0625,-400000.0625,-400000.0625,-400000.0625,-400000.0625,-400000.0625
19.396972179412842,-400000.0625,-1755.9100341796875,-400000.0625,-400000.0625,-400000.0625,-400000.0625,-400000.0625,-400000.0625
19.396976232528687,-400000.0625,-5149.31982421875,-400000.0625,-400000.0625,-400000.0625,-400000.0625,-400000.0625,-400000.0625
19.396980047225952,-400000.0625,-6541.490234375,-400000.0625,-400000.0625,-400000.0625,-400000.0625,-400000.0625,-400000.0625
19.396984100341797,-400000.0625,-3784.699951171875,-400000.0625,-400000.0625,-400000.0625,-400000.0625,-400000.0625,-400000.0625
19.396987915039062,-400000.0625,-630.0,-400000.0625,-400000.0625,-400000.0625,-400000.0625,-400000.0625,-400000.0625
19.396991968154907,-400000.0625,-1695.3499755859375,-400000.0625,-400000.0625,-400000.0625,-400000.0625,-400000.0625,-400000.0625
19.396995782852173,-400000.0625,-5715.990234375,-400000.0625,-400000.0625,-400000.0625,-400000.0625,-400000.0625,-400000.0625
19.39699959754944,-400000.0625,-6699.419921875,-400000.0625,-400000.0625,-400000.0625,-400000.0625,-400000.0625,-400000.0625
19.450347185134888,-400000.0625,-3806.72998046875,-400000.0625,-400000.0625,-400000.0625,-400000.0625,-400000.0625,-400000.0625
19.460155487060547,-400000.0625,-620.1300048828125,-400000.0625,-400000.0625,-400000.0625,-400000.0625,-400000.0625,-400000.0625
19.46475076675415,-400000.0625,-1881.9300537109375,-400000.0625,-400000.0625,-400000.0625,-400000.0625,-400000.0625,-400000.0625
19.464759588241577,-400000.0625,-5563.2099609375,-400000.0625,-400000.0625,-400000.0625,-400000.0625,-400000.0625,-400000.0625
19.46476459503174,-400000.0625,-6438.39990234375,-400000.0625,-400000.0625,-400000.0625,-400000.0625,-400000.0625,-400000.0625
19.464768648147583,-400000.0625,-3536.080078125,-400000.0625,-400000.0625,-400000.0625,-400000.0625,-400000.0625,-400000.0625
19.464772701263428,-400000.0625,-956.010009765625,-400000.0625,-400000.0625,-400000.0625,-400000.0625,-400000.0625,-400000.0625
19.464776754379272,-400000.0625,-2057.550048828125,-400000.0625,-400000.0625,-400000.0625,-400000.0625,-400000.0625,-400000.0625
19.464808702468872,-400000.0625,-5626.8701171875,-400000.0625,-400000.0625,-400000.0625,-400000.0625,-400000.0625,-400000.0625
19.464813232421875,-400000.0625,-6573.06005859375,-400000.0625,-400000.0625,-400000.0625,-400000.0625,-400000.0625,-400000.0625
19.4648175239563,-400000.0625,-3790.429931640625,-400000.0625,-400000.0625,-400000.0625,-400000.0625,-400000.0625,-400000.0625
19.464821577072144,-400000.0625,-807.8099975585938,-400000.0625,-400000.0625,-400000.0625,-400000.0625,-400000.0625,-400000.0625
19.46482515335083,-400000.0625,-2057.4599609375,-400000.0625,-400000.0625,-400000.0625,-400000.0625,-400000.0625,-400000.0625
19.464828968048096,-400000.0625,-5685.7099609375,-400000.0625,-400000.0625,-400000.0625,-400000.0625,-400000.0625,-400000.0625
19.46483302116394,-400000.0625,-6618.06982421875,-400000.0625,-400000.0625,-400000.0625,-400000.0625,-400000.0625,-400000.0625
19.464837074279785,-400000.0625,-4025.97998046875,-400000.0625,-400000.0625,-400000.0625,-400000.0625,-400000.0625,-400000.0625
19.516631841659546,-400000.0625,-1646.0899658203125,-400000.0625,-400000.0625,-400000.0625,-400000.0625,-400000.0625,-400000.0625
19.523592710494995,-400000.0625,-2614.68994140625,-400000.0625,-400000.0625,-400000.0625,-400000.0625,-400000.0625,-400000.0625
19.528356313705444,-400000.0625,-5315.97021484375,-400000.0625,-400000.0625,-400000.0625,-400000.0625,-400000.0625,-400000.0625
19.528363466262817,-400000.0625,-5890.3701171875,-400000.0625,-400000.0625,-400000.0625,-400000.0625,-400000.0625,-400000.0625
19.52836799621582,-400000.0625,-3668.830078125,-400000.0625,-400000.0625,-400000.0625,-400000.0625,-400000.0625,-400000.0625
19.528372049331665,-400000.0625,-1405.239990234375,-400000.0625,-400000.0625,-400000.0625,-400000.0625,-400000.0625,-400000.0625
19.52837586402893,-400000.0625,-2011.6300048828125,-400000.0625,-400000.0625,-400000.0625,-400000.0625,-400000.0625,-400000.0625
19.528379917144775,-400000.0625,-4315.66015625,-400000.0625,-400000.0625,-400000.0625,-400000.0625,-400000.0625,-400000.0625
19.528383493423462,-400000.0625,-4487.60986328125,-400000.0625,-400000.0625,-400000.0625,-400000.0625,-400000.0625,-400000.0625
19.528387784957886,-400000.0625,-1317.5999755859375,-400000.0625,-400000.0625,-400000.0625,-400000.0625,-400000.0625,-400000.0625
19.52839183807373,-400000.0625,1146.93994140625,-400000.0625,-400000.0625,-400000.0625,-400000.0625,-400000.0625,-400000.0625
19.528395652770996,-400000.0625,239.99000549316406,-400000.0625,-400000.0625,-400000.0625,-400000.0625,-400000.0625,-400000.0625
19.52839946746826,-400000.0625,-2054.409912109375,-400000.0625,-400000.0625,-400000.0625,-400000.0625,-400000.0625,-400000.0625
19.528403520584106,-400000.0625,-2939.080078125,-400000.0625,-400000.0625,-400000.0625,-400000.0625,-400000.0625,-400000.0625
19.528407335281372,-400000.0625,-1718.0899658203125,-400000.0625,-400000.0625,-400000.0625,-400000.0625,-400000.0625,-400000.0625
19.528411149978638,-400000.0625,-487.95001220703125,-400000.0625,-400000.0625,-400000.0625,-400000.0625,-400000.0625,-400000.0625
19.62444496154785,-400000.0625,-1349.8800048828125,-400000.0625,-400000.0625,-400000.0625,-400000.0625,-400000.0625,-400000.0625
19.714170217514038,-400000.0625,-5038.02001953125,-400000.0625,-400000.0625,-6493.66015625,-400000.0625,-400000.0625,-400000.0625
19.78736400604248,-400000.0625,-412.17999267578125,-400000.0625,-400000.0625,-1094.6800537109375,-400000.0625,-400000.0625,-400000.0625
19.83943223953247,-400000.0625,3050.179931640625,-400000.0625,-400000.0625,3845.169921875,-400000.0625,-400000.0625,-400000.0625
19.898813009262085,-400000.0625,4034.570068359375,-400000.0625,-400000.0625,6015.830078125,-400000.0625,-400000.0625,-400000.0625
20.03181290626526,-400000.0625,7376.669921875,-400000.0625,-400000.0625,3252.7900390625,-400000.0625,-400000.0625,-400000.0625
20.09723663330078,-400000.0625,9429.26953125,-400000.0625,-400000.0625,-13230.900390625,-400000.0625,-400000.0625,-400000.0625
20.164470434188843,-400000.0625,10664.1796875,-400000.0625,-400000.0625,-13953.2099609375,-400000.0625,-400000.0625,-400000.0625
20.23143196105957,-400000.0625,9145.9296875,-400000.0625,-400000.0625,-15301.7099609375,-400000.0625,-400000.0625,-400000.0625
20.297324419021606,-400000.0625,6422.22998046875,-400000.0625,-400000.0625,-19005.630859375,-400000.0625,-400000.0625,-400000.0625
20.386600017547607,-400000.0625,4841.7099609375,-400000.0625,-400000.0625,-18467.51953125,-400000.0625,-400000.0625,-400000.0625
20.42009949684143,-400000.0625,5871.81982421875,-400000.0625,-400000.0625,-18087.19921875,-400000.0625,-400000.0625,-400000.0625
20.48026204109192,-400000.0625,7762.72021484375,-400000.0625,-400000.0625,-17637.109375,-400000.0625,-400000.0625,-400000.0625
20.620495319366455,-400000.0625,5843.93017578125,-400000.0625,-400000.0625,-20721.529296875,-400000.0625,-400000.0625,-400000.0625
20.764591693878174,-400000.0625,8154.490234375,-400000.0625,-400000.0625,-14636.900390625,-400000.0625,-400000.0625,-400000.0625
20.810348987579346,-400000.0625,9137.76953125,-400000.0625,-400000.0625,-12079.669921875,-400000.0625,-400000.0625,-400000.0625
20.931480169296265,-400000.0625,8357.5703125,-400000.0625,-400000.0625,-13254.740234375,-400000.0625,-400000.0625,-400000.0625
21.140333890914917,-400000.0625,-103643.2890625,-400000.0625,-400000.0625,-13423.0595703125,-400000.0625,-400000.0625,-400000.0625
21.19304895401001,-400000.0625,-126359.1015625,-400000.0625,-400000.0625,-11288.01953125,-400000.0625,-400000.0625,-400000.0625
21.306445598602295,-400000.0625,-188248.984375,-400000.0625,-400000.0625,-11999.7001953125,-400000.0625,-400000.0625,-400000.0625
21.380527019500732,-400000.0625,-232107.765625,-400000.0625,-400000.0625,-11371.9501953125,-400000.0625,-400000.0625,-400000.0625
21.465969562530518,-400000.0625,-262758.5625,-400000.0625,-400000.0625,-11614.75,-400000.0625,-400000.0625,-400000.0625
21.565868854522705,-400000.0625,-316220.75,-400000.0625,-400000.0625,-14625.1201171875,-400000.0625,-400000.0625,-400000.0625
21.57286787033081,-400000.0625,-310482.59375,-400000.0625,-400000.0625,-14881.849609375,-400000.0625,-400000.0625,-400000.0625
21.58363628387451,-400000.0625,-315598.5625,-400000.0625,-400000.0625,-13473.3203125,-400000.0625,-400000.0625,-400000.0625
21.58979845046997,-400000.0625,-326923.84375,-400000.0625,-400000.0625,-12384.419921875,-400000.0625,-400000.0625,-400000.0625
21.594353437423706,-400000.0625,-331100.0625,-400000.0625,-400000.0625,-13129.2802734375,-400000.0625,-400000.0625,-400000.0625
21.594364404678345,-400000.0625,-324799.875,-400000.0625,-400000.0625,-14768.7001953125,-400000.0625,-400000.0625,-400000.0625
21.594369411468506,-400000.0625,-319053.78125,-400000.0625,-400000.0625,-15289.830078125,-400000.0625,-400000.0625,-400000.0625
21.59437346458435,-400000.0625,-324176.03125,-400000.0625,-400000.0625,-13605.740234375,-400000.0625,-400000.0625,-400000.0625
21.594377517700195,-400000.0625,-335490.09375,-400000.0625,-400000.0625,-12547.919921875,-400000.0625,-400000.0625,-400000.0625
21.59438133239746,-400000.0625,-339617.59375,-400000.0625,-400000.0625,-13446.48046875,-400000.0625,-400000.0625,-400000.0625
21.594385862350464,-400000.0625,-333290.09375,-400000.0625,-400000.0625,-14859.5400390625,-400000.0625,-400000.0625,-400000.0625
21.594390153884888,-400000.0625,-327551.25,-400000.0625,-400000.0625,-15024.2802734375,-400000.0625,-400000.0625,-400000.0625
21.594393968582153,-400000.0625,-332699.1875,-400000.0625,-400000.0625,-13639.169921875,-400000.0625,-400000.0625,-400000.0625
21.59439778327942,-400000.0625,-343992.5625,-400000.0625,-400000.0625,-12561.23046875,-400000.0625,-400000.0625,-400000.0625
21.594401359558105,-400000.0625,-348087.40625,-400000.0625,-400000.0625,-13290.5,-400000.0625,-400000.0625,-400000.0625
21.59440517425537,-400000.0625,-341737.5,-400000.0625,-400000.0625,-14853.91015625,-400000.0625,-400000.0625,-400000.0625
21.642979860305786,-400000.0625,-335996.125,-400000.0625,-400000.0625,-15262.080078125,-400000.0625,-400000.0625,-400000.0625
21.64931559562683,-400000.0625,-341133.96875,-400000.0625,-400000.0625,-13921.0703125,-400000.0625,-400000.0625,-400000.0625
21.654343366622925,-400000.0625,-352390.875,-400000.0625,-400000.0625,-12629.5595703125,-400000.0625,-400000.0625,-400000.0625
21.659691095352173,-400000.0625,-356417.875,-400000.0625,-400000.0625,-13502.650390625,-400000.0625,-400000.0625,-400000.0625
21.66464591026306,-400000.0625,-350020.3125,-400000.0625,-400000.0625,-15204.8603515625,-400000.0625,-400000.0625,-400000.0625
21.664654970169067,-400000.0625,-344276.8125,-400000.0625,-400000.0625,-15343.8095703125,-400000.0625,-400000.0625,-400000.0625
21.66465973854065,-400000.0625,-349417.4375,-400000.0625,-400000.0625,-13758.990234375,-400000.0625,-400000.0625,-400000.0625
21.664666891098022,-400000.0625,-360647.90625,-400000.0625,-400000.0625,-12683.919921875,-400000.0625,-400000.0625,-400000.0625
21.664671182632446,-400000.0625,-364642.0,-400000.0625,-400000.0625,-13561.349609375,-400000.0625,-400000.0625,-400000.0625
21.664674997329712,-400000.0625,-358190.53125,-400000.0625,-400000.0625,-15084.509765625,-400000.0625,-400000.0625,-400000.0625
21.664679050445557,-400000.0625,-352381.3125,-400000.0625,-400000.0625,-15060.3798828125,-400000.0625,-400000.0625,-400000.0625
21.664682865142822,-400000.0625,-357459.21875,-400000.0625,-400000.0625,-13820.509765625,-400000.0625,-400000.0625,-400000.0625
21.66468644142151,-400000.0625,-368624.25,-400000.0625,-400000.0625,-12786.580078125,-400000.0625,-400000.0625,-400000.0625
21.664690017700195,-400000.0625,-372529.875,-400000.0625,-400000.0625,-13581.849609375,-400000.0625,-400000.0625,-400000.0625
21.66469407081604,-400000.0625,-366027.34375,-400000.0625,-400000.0625,-15132.240234375,-400000.0625,-400000.0625,-400000.0625
21.669974327087402,-400000.0625,-360213.625,-400000.0625,-400000.0625,-15344.6201171875,-400000.0625,-400000.0625,-400000.0625
21.697750568389893,-400000.0625,-365282.4375,-400000.0625,-400000.0625,-13780.0703125,-400000.0625,-400000.0625,-400000.0625
21.71063733100891,-400000.0625,-376382.96875,-400000.0625,-400000.0625,-12661.740234375,-400000.0625,-400000.0625,-400000.0625
21.716150522232056,-400000.0625,-380208.0625,-400000.0625,-400000.0625,-13530.2998046875,-400000.0625,-400000.0625,-400000.0625
21.72205948829651,-400000.0625,-373640.625,-400000.0625,-400000.0625,-15241.91015625,-400000.0625,-400000.0625,-400000.0625
21.72679615020752,-400000.0625,-367809.53125,-400000.0625,-400000.0625,-15364.7001953125,-400000.0625,-400000.0625,-400000.0625
21.726804494857788,-400000.0625,-372855.28125,-400000.0625,-400000.0625,-13788.2197265625,-400000.0625,-400000.0625,-400000.0625
21.72680926322937,-400000.0625,-383931.53125,-400000.0625,-400000.0625,-12536.5302734375,-400000.0625,-400000.0625,-400000.0625
21.726813554763794,-400000.0625,-387722.3125,-400000.0625,-400000.0625,-13470.7900390625,-400000.0625,-400000.0625,-400000.0625
21.72681736946106,-400000.0625,-381137.375,-400000.0625,-400000.0625,-15088.9404296875,-400000.0625,-400000.0625,-400000.0625
21.726821422576904,-400000.0625,-375298.875,-400000.0625,-400000.0625,-15263.509765625,-400000.0625,-400000.0625,-400000.0625
21.72682523727417,-400000.0625,-380354.03125,-400000.0625,-400000.0625,-13916.4501953125,-400000.0625,-400000.0625,-400000.0625
21.726829051971436,-400000.0625,-391403.78125,-400000.0625,-400000.0625,-12828.6904296875,-400000.0625,-400000.0625,-400000.0625
21.726840019226074,-400000.0625,-395139.96875,-400000.0625,-400000.0625,-13625.150390625,-400000.0625,-400000.0625,-400000.0625
21.72684383392334,-400000.0625,-388526.53125,-400000.0625,-400000.0625,-15318.490234375,-400000.0625,-400000.0625,-400000.0625
21.726847648620605,-400000.0625,-382696.53125,-400000.0625,-400000.0625,-15223.9296875,-400000.0625,-400000.0625,-400000.0625
21.726851224899292,-400000.0625,-387758.84375,-400000.0625,-400000.0625,-13890.7001953125,-400000.0625,-400000.0625,-400000.0625
21.75388526916504,-400000.0625,-398765.71875,-400000.0625,-400000.0625,-12867.01953125,-400000.0625,-400000.0625,-400000.0625
21.759316444396973,-400000.0625,-400000.0625,-400000.0625,-400000.0625,-13794.1396484375,-400000.0625,-400000.0625,-400000.0625
21.764098405838013,-400000.0625,-395753.46875,-400000.0625,-400000.0625,-15383.91015625,-400000.0625,-400000.0625,-400000.0625
21.764111042022705,-400000.0625,-389947.875,-400000.0625,-400000.0625,-15522.33984375,-400000.0625,-400000.0625,-400000.0625
21.764116525650024,-400000.0625,-395028.03125,-400000.0625,-400000.0625,-14096.4501953125,-400000.0625,-400000.0625,-400000.0625
21.76412034034729,-400000.0625,-400000.0625,-400000.0625,-400000.0625,-12984.5595703125,-400000.0625,-400000.0625,-400000.0625
21.764124631881714,-400000.0625,-400000.0625,-400000.0625,-400000.0625,-13817.83984375,-400000.0625,-400000.0625,-400000.0625
21.764135122299194,-400000.0625,-400000.0625,-400000.0625,-400000.0625,-15551.66015625,-400000.0625,-400000.0625,-400000.0625
21.76413893699646,-400000.0625,-397121.875,-400000.0625,-400000.0625,-15687.2802734375,-400000.0625,-400000.0625,-400000.0625
21.764142751693726,-400000.0625,-400000.0625,-400000.0625,-400000.0625,-14278.3701171875,-400000.0625,-400000.0625,-400000.0625
21.76415228843689,-400000.0625,-400000.0625,-400000.0625,-400000.0625,-13271.48046875,-400000.0625,-400000.0625,-400000.0625
21.764156103134155,-400000.0625,-400000.0625,-400000.0625,-400000.0625,-14087.490234375,-400000.0625,-400000.0625,-400000.0625
21.76416015625,-400000.0625,-400000.0625,-400000.0625,-400000.0625,-15691.6201171875,-400000.0625,-400000.0625,-400000.0625
21.764164686203003,-400000.0625,-400000.0625,-400000.0625,-400000.0625,-15811.6796875,-400000.0625,-400000.0625,-400000.0625
21.764168739318848,-400000.0625,-400000.0625,-400000.0625,-400000.0625,-14250.51953125,-400000.0625,-400000.0625,-400000.0625
21.764172792434692,-400000.0625,-400000.0625,-400000.0625,-400000.0625,-13525.76953125,-400000.0625,-400000.0625,-400000.0625
21.86504554748535,-400000.0625,-400000.0625,-400000.0625,-400000.0625,-14293.5302734375,-400000.0625,-400000.0625,-400000.0625
21.87745690345764,-400000.0625,-400000.0625,-400000.0625,-400000.0625,-15846.490234375,-400000.0625,-400000.0625,-400000.0625
21.882308959960938,-400000.0625,-400000.0625,-400000.0625,-400000.0625,-15988.7802734375,-400000.0625,-400000.0625,-400000.0625
21.882318019866943,-400000.0625,-400000.0625,-400000.0625,-400000.0625,-14547.6796875,-400000.0625,-400000.0625,-400000.0625
21.882322549819946,-400000.0625,-400000.0625,-400000.0625,-400000.0625,-13323.1201171875,-400000.0625,-400000.0625,-400000.0625
21.88232660293579,-400000.0625,-400000.0625,-400000.0625,-400000.0625,-14273.8798828125,-400000.0625,-400000.0625,-400000.0625
21.882330179214478,-400000.0625,-400000.0625,-400000.0625,-400000.0625,-15816.9296875,-400000.0625,-400000.0625,-400000.0625
21.882334232330322,-400000.0625,-400000.0625,-400000.0625,-400000.0625,-15966.6103515625,-400000.0625,-400000.0625,-400000.0625
21.88233780860901,-400000.0625,-400000.0625,-400000.0625,-400000.0625,-14511.400390625,-400000.0625,-400000.0625,-400000.0625
21.88234829902649,-400000.0625,-400000.0625,-400000.0625,-400000.0625,-13423.7802734375,-400000.0625,-400000.0625,-400000.0625
21.882352352142334,-400000.0625,-400000.0625,-400000.0625,-400000.0625,-14300.8701171875,-400000.0625,-400000.0625,-400000.0625
21.88235640525818,-400000.0625,-400000.0625,-400000.0625,-400000.0625,-15916.4404296875,-400000.0625,-400000.0625,-400000.0625
21.882360219955444,-400000.0625,-400000.0625,-400000.0625,-400000.0625,-15823.4599609375,-400000.0625,-400000.0625,-400000.0625
21.88236379623413,-400000.0625,-400000.0625,-400000.0625,-400000.0625,-14498.66015625,-400000.0625,-400000.0625,-400000.0625
21.882367372512817,-400000.0625,-400000.0625,-400000.0625,-400000.0625,-13718.3701171875,-400000.0625,-400000.0625,-400000.0625
21.882371187210083,-400000.0625,-400000.0625,-400000.0625,-400000.0625,-14550.9697265625,-400000.0625,-400000.0625,-400000.0625
21.900437831878662,-400000.0625,-400000.0625,-400000.0625,-400000.0625,-16034.3701171875,-400000.0625,-400000.0625,-400000.0625
21.90616536140442,-400000.0625,-400000.0625,-400000.0625,-400000.0625,-16087.3896484375,-400000.0625,-400000.0625,-400000.0625
21.911608695983887,-400000.0625,-400000.0625,-400000.0625,-400000.0625,-14653.2998046875,-400000.0625,-400000.0625,-400000.0625
21.916926860809326,-400000.0625,-400000.0625,-400000.0625,-400000.0625,-13625.099609375,-400000.0625,-400000.0625,-400000.0625
21.921615839004517,-400000.0625,-400000.0625,-400000.0625,-400000.0625,-14464.6201171875,-400000.0625,-400000.0625,-400000.0625
21.921624898910522,-400000.0625,-400000.0625,-400000.0625,-400000.0625,-16094.8798828125,-400000.0625,-400000.0625,-400000.0625
21.921629190444946,-400000.0625,-400000.0625,-400000.0625,-400000.0625,-16223.76953125,-400000.0625,-400000.0625,-400000.0625
21.92164134979248,-400000.0625,-400000.0625,-400000.0625,-400000.0625,-14724.58984375,-400000.0625,-400000.0625,-400000.0625
21.921645402908325,-400000.0625,-400000.0625,-400000.0625,-400000.0625,-13653.9501953125,-400000.0625,-400000.0625,-400000.0625
21.92164945602417,-400000.0625,-400000.0625,-400000.0625,-400000.0625,-14422.7998046875,-400000.0625,-400000.0625,-400000.0625
21.921653270721436,-400000.0625,-400000.0625,-400000.0625,-400000.0625,-15910.25,-400000.0625,-400000.0625,-400000.0625
21.921656847000122,-400000.0625,-400000.0625,-400000.0625,-400000.0625,-15678.0302734375,-400000.0625,-400000.0625,-400000.0625
21.921661138534546,-400000.0625,-400000.0625,-400000.0625,-400000.0625,-14450.4599609375,-400000.0625,-400000.0625,-400000.0625
21.921664714813232,-400000.0625,-400000.0625,-400000.0625,-400000.0625,-13536.98046875,-400000.0625,-400000.0625,-400000.0625
21.92166829109192,-400000.0625,-400000.0625,-400000.0625,-400000.0625,-14488.5595703125,-400000.0625,-400000.0625,-400000.0625
21.921672105789185,-400000.0625,-400000.0625,-400000.0625,-400000.0625,-15950.490234375,-400000.0625,-400000.0625,-400000.0625
21.9557147026062,-400000.0625,-400000.0625,-400000.0625,-400000.0625,-16005.2802734375,-400000.0625,-400000.0625,-400000.0625
21.964725971221924,-400000.0625,-400000.0625,-400000.0625,-400000.0625,-14485.98046875,-400000.0625,-400000.0625,-400000.0625
21.969969987869263,-400000.0625,-400000.0625,-400000.0625,-400000.0625,-13211.25,-400000.0625,-400000.0625,-400000.0625
21.979216814041138,-400000.0625,-400000.0625,-400000.0625,-400000.0625,-13914.7802734375,-400000.0625,-400000.0625,-400000.0625
21.98427176475525,-400000.0625,-400000.0625,-400000.0625,-400000.0625,-15597.5400390625,-400000.0625,-400000.0625,-400000.0625
21.988922357559204,-400000.0625,-324499.65625,-400000.0625,-400000.0625,-18380.44921875,-400000.0625,-400000.0625,-400000.0625
21.98893141746521,-400000.0625,-96175.96875,-400000.0625,-400000.0625,-18542.630859375,-400000.0625,-400000.0625,-400000.0625
21.988935708999634,-400000.0625,-22780.08984375,-400000.0625,-400000.0625,-15132.2900390625,-400000.0625,-400000.0625,-400000.0625
21.988940238952637,-400000.0625,-9843.259765625,-400000.0625,-400000.0625,-14709.6201171875,-400000.0625,-400000.0625,-400000.0625
21.98894429206848,-400000.0625,-5433.3701171875,-400000.0625,-400000.0625,-15238.5302734375,-400000.0625,-400000.0625,-400000.0625
21.988947868347168,-400000.0625,-3744.080078125,-400000.0625,-400000.0625,-14844.4697265625,-400000.0625,-400000.0625,-400000.0625
21.988951921463013,-400000.0625,-1812.7900390625,-400000.0625,-400000.0625,-13276.2900390625,-400000.0625,-400000.0625,-400000.0625
21.9889554977417,-400000.0625,-697.3300170898438,-400000.0625,-400000.0625,-12400.91015625,-400000.0625,-400000.0625,-400000.0625
21.988959550857544,-400000.0625,-1279.68994140625,-400000.0625,-400000.0625,-12898.259765625,-400000.0625,-400000.0625,-400000.0625
21.98896336555481,-400000.0625,-2677.300048828125,-400000.0625,-400000.0625,-14087.2998046875,-400000.0625,-400000.0625,-400000.0625
21.988967180252075,-400000.0625,-2762.60009765625,-400000.0625,-400000.0625,-14111.1396484375,-400000.0625,-400000.0625,-400000.0625
22.014343976974487,-400000.0625,-1145.219970703125,-400000.0625,-400000.0625,-12585.2099609375,-400000.0625,-400000.0625,-400000.0625
22.02030658721924,-400000.0625,216.52999877929688,-400000.0625,-400000.0625,-11375.8603515625,-400000.0625,-400000.0625,-400000.0625
22.02593445777893,-400000.0625,-514.030029296875,-400000.0625,-400000.0625,-11935.66015625,-400000.0625,-400000.0625,-400000.0625
22.03147053718567,-400000.0625,-1926.8499755859375,-400000.0625,-400000.0625,-13244.6796875,-400000.0625,-400000.0625,-400000.0625
22.036409616470337,-400000.0625,-2069.89990234375,-400000.0625,-400000.0625,-13462.349609375,-400000.0625,-400000.0625,-400000.0625
22.036418676376343,-400000.0625,103.08999633789062,-400000.0625,-400000.0625,-11786.41015625,-400000.0625,-400000.0625,-400000.0625
22.036422967910767,-400000.0625,1902.3399658203125,-400000.0625,-400000.0625,-10287.6201171875,-400000.0625,-400000.0625,-400000.0625
22.03642773628235,-400000.0625,935.8400268554688,-400000.0625,-400000.0625,-11287.2099609375,-400000.0625,-400000.0625,-400000.0625
22.036431550979614,-400000.0625,-343.94000244140625,-400000.0625,-400000.0625,-12563.66015625,-400000.0625,-400000.0625,-400000.0625
22.03643536567688,-400000.0625,168.0399932861328,-400000.0625,-400000.0625,-12237.599609375,-400000.0625,-400000.0625,-400000.0625
22.036439180374146,-400000.0625,2424.909912109375,-400000.0625,-400000.0625,-10224.2001953125,-400000.0625,-400000.0625,-400000.0625
22.03644347190857,-400000.0625,3915.1201171875,-400000.0625,-400000.0625,-8967.73046875,-400000.0625,-400000.0625,-400000.0625
22.036447286605835,-400000.0625,2753.449951171875,-400000.0625,-400000.0625,-10307.41015625,-400000.0625,-400000.0625,-400000.0625
22.03645133972168,-400000.0625,1166.300048828125,-400000.0625,-400000.0625,-12042.9501953125,-400000.0625,-400000.0625,-400000.0625
22.036455392837524,-400000.0625,1781.6500244140625,-400000.0625,-400000.0625,-11639.7900390625,-400000.0625,-400000.0625,-400000.0625
22.03645944595337,-400000.0625,3917.68994140625,-400000.0625,-400000.0625,-9771.7802734375,-400000.0625,-400000.0625,-400000.0625
22.14055562019348,-400000.0625,8848.7197265625,-400000.0625,-400000.0625,-7252.60009765625,-400000.0625,-400000.0625,-400000.0625
22.231627225875854,-400000.0625,8918.0498046875,-400000.0625,-400000.0625,-7593.490234375,-400000.0625,-400000.0625,-400000.0625
22.271419525146484,-400000.0625,9835.8603515625,-400000.0625,-400000.0625,-6778.56982421875,-400000.0625,-400000.0625,-400000.0625
22.33849549293518,-400000.0625,11492.830078125,-400000.0625,-400000.0625,-4658.509765625,-400000.0625,-400000.0625,-400000.0625
22.464824199676514,-400000.0625,-54417.23828125,-400000.0625,-400000.0625,-11572.8896484375,-400000.0625,-400000.0625,-400000.0625
22.56398582458496,-400000.0625,-87334.5,-400000.0625,-400000.0625,-13092.08984375,-400000.0625,-400000.0625,-400000.0625
22.716737270355225,-400000.0625,-198360.3125,-400000.0625,-400000.0625,-43066.359375,-400000.0625,-400000.0625,-400000.0625
22.797786712646484,-400000.0625,-229250.515625,-400000.0625,-400000.0625,-41182.76171875,-400000.0625,-400000.0625,-400000.0625
22.963746547698975,-400000.0625,-270606.6875,-400000.0625,-400000.0625,-20903.44921875,-400000.0625,-400000.0625,-400000.0625
23.047749996185303,-400000.0625,-335831.90625,-400000.0625,-400000.0625,-17158.130859375,-400000.0625,-400000.0625,-400000.0625
23.172842264175415,-400000.0625,-373634.0,-400000.0625,-400000.0625,-17552.23046875,-400000.0625,-400000.0625,-400000.0625
23.240349292755127,-400000.0625,-388611.40625,-400000.0625,-400000.0625,-18067.029296875,-400000.0625,-400000.0625,-400000.0625
23.313957452774048,-400000.0625,1370.5699462890625,-400000.0625,-400000.0625,-31092.41015625,-400000.0625,-400000.0625,-400000.0625
23.353978157043457,-400000.0625,3113.1298828125,-400000.0625,-400000.0625,-32382.779296875,-400000.0625,-400000.0625,-400000.0625
23.496819019317627,-400000.0625,2342.75,-400000.0625,-400000.0625,-73225.703125,-400000.0625,-400000.0625,-400000.0625
23.554067373275757,-400000.0625,5637.60009765625,-400000.0625,-400000.0625,-121507.953125,-400000.0625,-400000.0625,-400000.0625
23.614184379577637,-400000.0625,-37354.94921875,-400000.0625,-400000.0625,-171559.15625,-400000.0625,-400000.0625,-400000.0625
23.69717001914978,-400000.0625,77.62999725341797,-400000.0625,-400000.0625,-219156.234375,-400000.0625,-400000.0625,-400000.0625
23.74916386604309,-400000.0625,1003.3599853515625,-400000.0625,-400000.0625,-258928.65625,-400000.0625,-400000.0625,-400000.0625
23.866613388061523,-400000.0625,3835.199951171875,-400000.0625,-400000.0625,-322227.9375,-400000.0625,-400000.0625,-400000.0625
23.999138355255127,-400000.0625,3227.280029296875,-400000.0625,-400000.0625,-388716.40625,-400000.0625,-400000.0625,-400000.0625
24.13037347793579,-400000.0625,5008.60009765625,-400000.0625,-400000.0625,-400000.0625,-400000.0625,-400000.0625,-400000.0625
24.14041233062744,-400000.0625,4517.31982421875,-400000.0625,-400000.0625,-400000.0625,-400000.0625,-400000.0625,-400000.0625
24.14443826675415,-400000.0625,2911.0,-400000.0625,-400000.0625,-400000.0625,-400000.0625,-400000.0625,-400000.0625
24.144447088241577,-400000.0625,2330.969970703125,-400000.0625,-400000.0625,-400000.0625,-400000.0625,-400000.0625,-400000.0625
24.144450902938843,-400000.0625,4021.219970703125,-400000.0625,-400000.0625,-400000.0625,-400000.0625,-400000.0625,-400000.0625
24.14445447921753,-400000.0625,5955.02978515625,-400000.0625,-400000.0625,-400000.0625,-400000.0625,-400000.0625,-400000.0625
24.144457817077637,-400000.0625,4481.35986328125,-400000.0625,-400000.0625,-400000.0625,-400000.0625,-400000.0625,-400000.0625
24.144461631774902,-400000.0625,282.1400146484375,-400000.0625,-400000.0625,-400000.0625,-400000.0625,-400000.0625,-400000.0625
24.14446496963501,-400000.0625,-1829.5799560546875,-400000.0625,-400000.0625,-400000.0625,-400000.0625,-400000.0625,-400000.0625
24.144468307495117,-400000.0625,928.9299926757812,-400000.0625,-400000.0625,-400000.0625,-400000.0625,-400000.0625,-400000.0625
24.144471883773804,-400000.0625,4501.14990234375,-400000.0625,-400000.0625,-400000.0625,-400000.0625,-400000.0625,-400000.0625
24.144474983215332,-400000.0625,3380.43994140625,-400000.0625,-400000.0625,-400000.0625,-400000.0625,-400000.0625,-400000.0625
24.14447832107544,-400000.0625,-5378.8701171875,-400000.0625,-400000.0625,-400000.0625,-400000.0625,-400000.0625,-400000.0625
24.144481420516968,-400000.0625,-16763.2109375,-400000.0625,-400000.0625,-400000.0625,-400000.0625,-400000.0625,-400000.0625
24.144484758377075,-400000.0625,-18514.73046875,-400000.0625,-400000.0625,-400000.0625,-400000.0625,-400000.0625,-400000.0625
24.144489526748657,-400000.0625,-11520.91015625,-400000.0625,-400000.0625,-400000.0625,-400000.0625,-400000.0625,-400000.0625
24.192839860916138,-400000.0625,-8797.0302734375,-400000.0625,-400000.0625,-400000.0625,-400000.0625,-400000.0625,-400000.0625
24.198219537734985,-400000.0625,-17303.900390625,-400000.0625,-400000.0625,-400000.0625,-400000.0625,-400000.0625,-400000.0625
24.20362401008606,-400000.0625,-28631.830078125,-400000.0625,-400000.0625,-400000.0625,-400000.0625,-400000.0625,-400000.0625
24.208287477493286,-400000.0625,-28149.1796875,-400000.0625,-400000.0625,-400000.0625,-400000.0625,-400000.0625,-400000.0625
24.208295822143555,-400000.0625,-11101.5302734375,-400000.0625,-400000.0625,-400000.0625,-400000.0625,-400000.0625,-400000.0625
24.2082998752594,-400000.0625,-982.7100219726562,-400000.0625,-400000.0625,-400000.0625,-400000.0625,-400000.0625,-400000.0625
24.208303451538086,-400000.0625,178.14999389648438,-400000.0625,-400000.0625,-400000.0625,-400000.0625,-400000.0625,-400000.0625
24.208307027816772,-400000.0625,1606.1800537109375,-400000.0625,-400000.0625,-400000.0625,-400000.0625,-400000.0625,-400000.0625
24.20831060409546,-400000.0625,3883.699951171875,-400000.0625,-400000.0625,-400000.0625,-400000.0625,-400000.0625,-400000.0625
24.208313941955566,-400000.0625,5377.10009765625,-400000.0625,-400000.0625,-400000.0625,-400000.0625,-400000.0625,-400000.0625
24.208317279815674,-400000.0625,4742.81005859375,-400000.0625,-400000.0625,-400000.0625,-400000.0625,-400000.0625,-400000.0625
24.20832061767578,-400000.0625,3793.239990234375,-400000.0625,-400000.0625,-400000.0625,-400000.0625,-400000.0625,-400000.0625
24.208324193954468,-400000.0625,4296.259765625,-400000.0625,-400000.0625,-400000.0625,-400000.0625,-400000.0625,-400000.0625
24.208327531814575,-400000.0625,5646.31982421875,-400000.0625,-400000.0625,-400000.0625,-400000.0625,-400000.0625,-400000.0625
24.208330869674683,-400000.0625,5751.08984375,-400000.0625,-400000.0625,-400000.0625,-400000.0625,-400000.0625,-400000.0625
24.20833444595337,-400000.0625,4990.580078125,-400000.0625,-400000.0625,-400000.0625,-400000.0625,-400000.0625,-400000.0625
24.25045943260193,-400000.0625,4937.7900390625,-400000.0625,-400000.0625,-400000.0625,-400000.0625,-400000.0625,-400000.0625
24.259601831436157,-400000.0625,5819.7001953125,-400000.0625,-400000.0625,-400000.0625,-400000.0625,-400000.0625,-400000.0625
24.26403260231018,-400000.0625,6027.169921875,-400000.0625,-400000.0625,-400000.0625,-400000.0625,-400000.0625,-400000.0625
24.264039754867554,-400000.0625,5393.83984375,-400000.0625,-400000.0625,-400000.0625,-400000.0625,-400000.0625,-400000.0625
24.2640438079834,-400000.0625,5011.75,-400000.0625,-400000.0625,-400000.0625,-400000.0625,-400000.0625,-400000.0625
24.264047861099243,-400000.0625,5537.27001953125,-400000.0625,-400000.0625,-400000.0625,-400000.0625,-400000.0625,-400000.0625
24.26405167579651,-400000.0625,6174.3701171875,-400000.0625,-400000.0625,-400000.0625,-400000.0625,-400000.0625,-400000.0625
24.264055252075195,-400000.0625,6168.4599609375,-400000.0625,-400000.0625,-400000.0625,-400000.0625,-400000.0625,-400000.0625
24.26405906677246,-400000.0625,5270.2001953125,-400000.0625,-400000.0625,-400000.0625,-400000.0625,-400000.0625,-400000.0625
24.264062881469727,-400000.0625,5043.509765625,-400000.0625,-400000.0625,-400000.0625,-400000.0625,-400000.0625,-400000.0625
24.264066457748413,-400000.0625,5672.41015625,-400000.0625,-400000.0625,-400000.0625,-400000.0625,-400000.0625,-400000.0625
24.2640700340271,-400000.0625,6330.68017578125,-400000.0625,-400000.0625,-400000.0625,-400000.0625,-400000.0625,-400000.0625
24.264073610305786,-400000.0625,5863.10009765625,-400000.0625,-400000.0625,-400000.0625,-400000.0625,-400000.0625,-400000.0625
24.264077186584473,-400000.0625,4831.93017578125,-400000.0625,-400000.0625,-400000.0625,-400000.0625,-400000.0625,-400000.0625
24.26408100128174,-400000.0625,4891.35009765625,-400000.0625,-400000.0625,-400000.0625,-400000.0625,-400000.0625,-400000.0625
24.264084339141846,-400000.0625,5979.35009765625,-400000.0625,-400000.0625,-400000.0625,-400000.0625,-400000.0625,-400000.0625
24.31649088859558,-400000.0625,6773.66015625,-400000.0625,-400000.0625,-400000.0625,-400000.0625,-400000.0625,-400000.0625
24.322083711624146,-400000.0625,5653.240234375,-400000.0625,-400000.0625,-400000.0625,-400000.0625,-400000.0625,-400000.0625
24.326309204101562,-400000.0625,4016.02001953125,-400000.0625,-400000.0625,-400000.0625,-400000.0625,-400000.0625,-400000.0625
24.326316595077515,-400000.0625,3508.0,-400000.0625,-400000.0625,-400000.0625,-400000.0625,-400000.0625,-400000.0625
24.32632064819336,-400000.0625,4112.6298828125,-400000.0625,-400000.0625,-400000.0625,-400000.0625,-400000.0625,-400000.0625
24.326324701309204,-400000.0625,3419.449951171875,-400000.0625,-400000.0625,-336799.0,-400000.0625,-400000.0625,-400000.0625
24.32632851600647,-400000.0625,-533.9099731445312,-400000.0625,-400000.0625,-161813.140625,-400000.0625,-400000.0625,-400000.0625
24.326332092285156,-400000.0625,-2147.14990234375,-400000.0625,-400000.0625,-41488.26953125,-400000.0625,-400000.0625,-400000.0625
24.326335668563843,-400000.0625,-1190.6099853515625,-400000.0625,-400000.0625,-24468.189453125,-400000.0625,-400000.0625,-400000.0625
24.32633924484253,-400000.0625,286.2900085449219,-400000.0625,-400000.0625,-19354.19921875,-400000.0625,-400000.0625,-400000.0625
24.326342582702637,-400000.0625,504.9200134277344,-400000.0625,-400000.0625,-17160.470703125,-400000.0625,-400000.0625,-400000.0625
24.326346397399902,-400000.0625,-1319.9300537109375,-400000.0625,-400000.0625,-17282.630859375,-400000.0625,-400000.0625,-400000.0625
24.32634997367859,-400000.0625,-3202.489990234375,-400000.0625,-400000.0625,-17823.41015625,-400000.0625,-400000.0625,-400000.0625
24.326353311538696,-400000.0625,-3032.5400390625,-400000.0625,-400000.0625,-17096.0,-400000.0625,-400000.0625,-400000.0625
24.326356887817383,-400000.0625,-1229.050048828125,-400000.0625,-400000.0625,-15092.849609375,-400000.0625,-400000.0625,-400000.0625
24.32636046409607,-400000.0625,-431.9200134277344,-400000.0625,-400000.0625,-14022.9697265625,-400000.0625,-400000.0625,-400000.0625
24.449456691741943,-400000.0625,-1765.780029296875,-400000.0625,-400000.0625,-14875.3203125,-400000.0625,-400000.0625,-400000.0625
24.459431886672974,-400000.0625,-3314.830078125,-400000.0625,-400000.0625,-16070.7998046875,-400000.0625,-400000.0625,-400000.0625
24.464160919189453,-400000.0625,-2949.909912109375,-400000.0625,-400000.0625,-15843.4404296875,-400000.0625,-400000.0625,-400000.0625
24.46416974067688,-400000.0625,-1218.3199462890625,-400000.0625,-400000.0625,-14400.150390625,-400000.0625,-400000.0625,-400000.0625
24.464174270629883,-400000.0625,-323.05999755859375,-400000.0625,-400000.0625,-13518.3798828125,-400000.0625,-400000.0625,-400000.0625
24.464178323745728,-400000.0625,-1491.9300537109375,-400000.0625,-400000.0625,-14377.6904296875,-400000.0625,-400000.0625,-400000.0625
24.464182138442993,-400000.0625,-2663.3701171875,-400000.0625,-400000.0625,-15363.0302734375,-400000.0625,-400000.0625,-400000.0625
24.46418595314026,-400000.0625,-1715.760009765625,-400000.0625,-400000.0625,-14649.2001953125,-400000.0625,-400000.0625,-400000.0625
24.464189767837524,-400000.0625,-1.4800000190734863,-400000.0625,-400000.0625,-13307.759765625,-400000.0625,-400000.0625,-400000.0625
24.46419334411621,-400000.0625,1051.0,-400000.0625,-400000.0625,-12419.4599609375,-400000.0625,-400000.0625,-400000.0625
24.464197158813477,-400000.0625,-351.0,-400000.0625,-400000.0625,-13649.5595703125,-400000.0625,-400000.0625,-400000.0625
24.464200973510742,-400000.0625,-1430.22998046875,-400000.0625,-400000.0625,-14672.4697265625,-400000.0625,-400000.0625,-400000.0625
24.46420454978943,-400000.0625,-345.75,-400000.0625,-400000.0625,-13849.6904296875,-400000.0625,-400000.0625,-400000.0625
24.464208126068115,-400000.0625,1778.27001953125,-400000.0625,-400000.0625,-12096.2197265625,-400000.0625,-400000.0625,-400000.0625
24.46421480178833,-400000.0625,2429.530029296875,-400000.0625,-400000.0625,-11659.33984375,-400000.0625,-400000.0625,-400000.0625
24.464219093322754,-400000.0625,1071.4100341796875,-400000.0625,-400000.0625,-13005.8798828125,-400000.0625,-400000.0625,-400000.0625
24.46422290802002,-400000.0625,83.26000213623047,-400000.0625,-400000.0625,-14061.6904296875,-400000.0625,-400000.0625,-400000.0625
24.464226484298706,-400000.0625,695.280029296875,-400000.0625,-400000.0625,-13697.4404296875,-400000.0625,-400000.0625,-400000.0625
24.464230060577393,-400000.0625,2674.820068359375,-400000.0625,-400000.0625,-11961.75,-400000.0625,-400000.0625,-400000.0625
24.464233875274658,-400000.0625,3264.0,-400000.0625,-400000.0625,-11461.3095703125,-400000.0625,-400000.0625,-400000.0625
24.464237451553345,-400000.0625,2567.199951171875,-400000.0625,-400000.0625,-12263.9697265625,-400000.0625,-400000.0625,-400000.0625
24.46424126625061,-400000.0625,1547.47998046875,-400000.0625,-400000.0625,-13356.8798828125,-400000.0625,-400000.0625,-400000.0625
24.464245080947876,-400000.0625,2143.570068359375,-400000.0625,-400000.0625,-12898.7802734375,-400000.0625,-400000.0625,-400000.0625
24.464248657226562,-400000.0625,4070.659912109375,-400000.0625,-400000.0625,-11162.849609375,-400000.0625,-400000.0625,-400000.0625
24.46425223350525,-400000.0625,4704.85986328125,-400000.0625,-400000.0625,-10585.6904296875,-400000.0625,-400000.0625,-400000.0625
24.464255809783936,-400000.0625,3308.5400390625,-400000.0625,-400000.0625,-12017.2998046875,-400000.0625,-400000.0625,-400000.0625
24.464259386062622,-400000.0625,2389.3798828125,-400000.0625,-400000.0625,-13055.990234375,-400000.0625,-400000.0625,-400000.0625
24.46426272392273,-400000.0625,3378.820068359375,-400000.0625,-400000.0625,-12233.349609375,-400000.0625,-400000.0625,-400000.0625
24.464266300201416,-400000.0625,5127.56982421875,-400000.0625,-400000.0625,-10613.25,-400000.0625,-400000.0625,-400000.0625
24.464269876480103,-400000.0625,5895.08984375,-400000.0625,-400000.0625,-9899.08984375,-400000.0625,-400000.0625,-400000.0625
24.46427345275879,-400000.0625,4459.759765625,-400000.0625,-400000.0625,-11286.1201171875,-400000.0625,-400000.0625,-400000.0625
24.464277029037476,-400000.0625,3490.639892578125,-400000.0625,-400000.0625,-12241.9404296875,-400000.0625,-400000.0625,-400000.0625
24.505208730697632,-400000.0625,4573.5400390625,-400000.0625,-400000.0625,-11191.5595703125,-400000.0625,-400000.0625,-400000.0625
24.510743856430054,-400000.0625,6410.169921875,-400000.0625,-400000.0625,-9400.3701171875,-400000.0625,-400000.0625,-400000.0625
24.515185356140137,-400000.0625,7296.52001953125,-400000.0625,-400000.0625,-8571.9599609375,-400000.0625,-400000.0625,-400000.0625
24.515193462371826,-400000.0625,5637.5498046875,-400000.0625,-400000.0625,-10220.0,-400000.0625,-400000.0625,-400000.0625
24.51519799232483,-400000.0625,4079.2900390625,-400000.0625,-400000.0625,-11748.3203125,-400000.0625,-400000.0625,-400000.0625
24.515201568603516,-400000.0625,5249.169921875,-400000.0625,-400000.0625,-10598.1396484375,-400000.0625,-400000.0625,-400000.0625
24.51520538330078,-400000.0625,7045.7001953125,-400000.0625,-400000.0625,-8808.1796875,-400000.0625,-400000.0625,-400000.0625
24.51520872116089,-400000.0625,7963.56005859375,-400000.0625,-400000.0625,-7883.68994140625,-400000.0625,-400000.0625,-400000.0625
24.515212297439575,-400000.0625,7138.490234375,-400000.0625,-400000.0625,-8662.83984375,-400000.0625,-400000.0625,-400000.0625
24.51521635055542,-400000.0625,5564.35986328125,-400000.0625,-400000.0625,-10170.599609375,-400000.0625,-400000.0625,-400000.0625
24.515219926834106,-400000.0625,5758.56982421875,-400000.0625,-400000.0625,-9943.009765625,-400000.0625,-400000.0625,-400000.0625
24.515223503112793,-400000.0625,8037.0,-400000.0625,-400000.0625,-7669.259765625,-400000.0625,-400000.0625,-400000.0625
24.51522707939148,-400000.0625,9731.7197265625,-400000.0625,-400000.0625,-5951.2099609375,-400000.0625,-400000.0625,-400000.0625
24.515230894088745,-400000.0625,8350.6103515625,-400000.0625,-400000.0625,-7254.5498046875,-400000.0625,-400000.0625,-400000.0625
24.51523494720459,-400000.0625,6698.990234375,-400000.0625,-400000.0625,-8854.9599609375,-400000.0625,-400000.0625,-400000.0625
24.515238761901855,-400000.0625,7410.0,-400000.0625,-400000.0625,-8136.93994140625,-400000.0625,-400000.0625,-400000.0625
24.58721923828125,-400000.0625,9338.669921875,-400000.0625,-400000.0625,-6218.47998046875,-400000.0625,-400000.0625,-400000.0625
24.69779682159424,-400000.0625,13223.3203125,-400000.0625,-400000.0625,-1363.22998046875,-400000.0625,-400000.0625,-400000.0625
24.787283420562744,-400000.0625,13416.91015625,-400000.0625,-400000.0625,-899.5999755859375,-400000.0625,-400000.0625,-400000.0625
24.839038610458374,-400000.0625,14008.669921875,-400000.0625,-400000.0625,121.44999694824219,-400000.0625,-400000.0625,-400000.0625
24.897289276123047,-400000.0625,30114.1796875,-400000.0625,-400000.0625,565.239990234375,-400000.0625,-400000.0625,-400000.0625
25.166303873062134,-400000.0625,-92031.3515625,-400000.0625,-400000.0625,-156173.484375,-400000.0625,-400000.0625,-400000.0625
25.214524030685425,-400000.0625,-129834.328125,-400000.0625,-400000.0625,-25480.4609375,-400000.0625,-400000.0625,-400000.0625
25.29815912246704,-400000.0625,-168778.921875,-400000.0625,-400000.0625,-52301.94140625,-400000.0625,-400000.0625,-400000.0625
25.338927745819092,-400000.0625,-196062.25,-400000.0625,-400000.0625,-9340.7197265625,-400000.0625,-400000.0625,-400000.0625
25.469171285629272,-400000.0625,-246523.703125,-400000.0625,-400000.0625,-9169.4404296875,-400000.0625,-400000.0625,-400000.0625
25.530144214630127,-400000.0625,-280758.84375,-400000.0625,-400000.0625,-8688.7802734375,-400000.0625,-400000.0625,-400000.0625
25.663870096206665,-400000.0625,-316913.5,-400000.0625,-400000.0625,-11913.7802734375,-400000.0625,-400000.0625,-400000.0625
25.897010326385498,-400000.0625,-386312.625,-400000.0625,-400000.0625,-7484.33984375,-400000.0625,-400000.0625,-400000.0625
26.041361093521118,-400000.0625,-3592.43994140625,-400000.0625,-400000.0625,-9481.759765625,-400000.0625,-400000.0625,-400000.0625
26.113997220993042,-400000.0625,8950.1396484375,-400000.0625,-400000.0625,-6933.8798828125,-400000.0625,-400000.0625,-400000.0625
26.25524640083313,-400000.0625,12982.0400390625,-400000.0625,-400000.0625,-6266.06982421875,-400000.0625,-400000.0625,-400000.0625
26.313850164413452,-400000.0625,12332.8701171875,-400000.0625,-400000.0625,-7496.68994140625,-400000.0625,-400000.0625,-400000.0625
26.38050603866577,-400000.0625,10819.4404296875,-400000.0625,-400000.0625,-8378.3603515625,-400000.0625,-400000.0625,-400000.0625
26.43185019493103,-400000.0625,9659.5302734375,-400000.0625,-400000.0625,-7074.39990234375,-400000.0625,-400000.0625,-400000.0625
26.563812971115112,-400000.0625,9374.5703125,-400000.0625,-400000.0625,-4861.2099609375,-400000.0625,-400000.0625,-400000.0625
26.630364418029785,-400000.0625,7847.97998046875,-400000.0625,-400000.0625,-6354.330078125,-400000.0625,-400000.0625,-400000.0625
26.636048078536987,-400000.0625,6360.33984375,-400000.0625,-400000.0625,-7773.5,-400000.0625,-400000.0625,-400000.0625
26.641198873519897,-400000.0625,7163.56982421875,-400000.0625,-400000.0625,-7004.8798828125,-400000.0625,-400000.0625,-400000.0625
26.64553737640381,-400000.0625,8948.990234375,-400000.0625,-400000.0625,-5297.27978515625,-400000.0625,-400000.0625,-400000.0625
26.64554476737976,-400000.0625,9238.0498046875,-400000.0625,-400000.0625,-5018.14013671875,-400000.0625,-400000.0625,-400000.0625
26.645548820495605,-400000.0625,7387.10986328125,-400000.0625,-400000.0625,-6792.740234375,-400000.0625,-400000.0625,-400000.0625
26.64555263519287,-400000.0625,6059.5,-400000.0625,-400000.0625,-8060.89013671875,-400000.0625,-400000.0625,-400000.0625
26.645556688308716,-400000.0625,6978.080078125,-400000.0625,-400000.0625,-7176.10986328125,-400000.0625,-400000.0625,-400000.0625
26.645560026168823,-400000.0625,8956.6201171875,-400000.0625,-400000.0625,-5287.1201171875,-400000.0625,-400000.0625,-400000.0625
26.64556360244751,-400000.0625,9393.5498046875,-400000.0625,-400000.0625,-4877.7099609375,-400000.0625,-400000.0625,-400000.0625
26.645567417144775,-400000.0625,7835.43994140625,-400000.0625,-400000.0625,-6377.27001953125,-400000.0625,-400000.0625,-400000.0625
26.64557147026062,-400000.0625,6540.97021484375,-400000.0625,-400000.0625,-7611.419921875,-400000.0625,-400000.0625,-400000.0625
26.645575046539307,-400000.0625,7452.39013671875,-400000.0625,-400000.0625,-6730.3701171875,-400000.0625,-400000.0625,-400000.0625
26.645578622817993,-400000.0625,9287.7900390625,-400000.0625,-400000.0625,-4962.8701171875,-400000.0625,-400000.0625,-400000.0625
26.64558243751526,-400000.0625,9534.0302734375,-400000.0625,-400000.0625,-4729.60986328125,-400000.0625,-400000.0625,-400000.0625
26.645586013793945,-400000.0625,7822.31982421875,-400000.0625,-400000.0625,-6379.02978515625,-400000.0625,-400000.0625,-400000.0625
26.68651008605957,-400000.0625,6569.14990234375,-400000.0625,-400000.0625,-7589.06005859375,-400000.0625,-400000.0625,-400000.0625
26.69554901123047,-400000.0625,7473.0400390625,-400000.0625,-400000.0625,-6722.8798828125,-400000.0625,-400000.0625,-400000.0625
26.700724363327026,-400000.0625,9283.01953125,-400000.0625,-400000.0625,-4991.47998046875,-400000.0625,-400000.0625,-400000.0625
26.706259965896606,-400000.0625,9523.349609375,-400000.0625,-400000.0625,-4766.7998046875,-400000.0625,-400000.0625,-400000.0625
26.710859060287476,-400000.0625,7830.85986328125,-400000.0625,-400000.0625,-6397.2001953125,-400000.0625,-400000.0625,-400000.0625
26.71086835861206,-400000.0625,6565.669921875,-400000.0625,-400000.0625,-7614.08984375,-400000.0625,-400000.0625,-400000.0625
26.710872650146484,-400000.0625,7454.77978515625,-400000.0625,-400000.0625,-6760.1201171875,-400000.0625,-400000.0625,-400000.0625
26.71087646484375,-400000.0625,9275.6796875,-400000.0625,-400000.0625,-5009.169921875,-400000.0625,-400000.0625,-400000.0625
26.710879802703857,-400000.0625,9444.1396484375,-400000.0625,-400000.0625,-4845.56982421875,-400000.0625,-400000.0625,-400000.0625
26.710883617401123,-400000.0625,7799.52978515625,-400000.0625,-400000.0625,-6430.14990234375,-400000.0625,-400000.0625,-400000.0625
26.71088719367981,-400000.0625,6559.85009765625,-400000.0625,-400000.0625,-7610.22998046875,-400000.0625,-400000.0625,-400000.0625
26.710891008377075,-400000.0625,7313.77978515625,-400000.0625,-400000.0625,-6880.330078125,-400000.0625,-400000.0625,-400000.0625
26.710894346237183,-400000.0625,9198.4296875,-400000.0625,-400000.0625,-5069.2099609375,-400000.0625,-400000.0625,-400000.0625
26.71089792251587,-400000.0625,9435.1796875,-400000.0625,-400000.0625,-4845.0,-400000.0625,-400000.0625,-400000.0625
26.710901260375977,-400000.0625,7806.35009765625,-400000.0625,-400000.0625,-6417.85009765625,-400000.0625,-400000.0625,-400000.0625
26.710904598236084,-400000.0625,6522.18017578125,-400000.0625,-400000.0625,-7647.1298828125,-400000.0625,-400000.0625,-400000.0625
26.74816870689392,-400000.0625,7410.47998046875,-400000.0625,-400000.0625,-6788.830078125,-400000.0625,-400000.0625,-400000.0625
26.754603147506714,-400000.0625,9191.419921875,-400000.0625,-400000.0625,-5081.64990234375,-400000.0625,-400000.0625,-400000.0625
26.759818077087402,-400000.0625,9428.98046875,-400000.0625,-400000.0625,-4867.97998046875,-400000.0625,-400000.0625,-400000.0625
26.764089107513428,-400000.0625,7828.81005859375,-400000.0625,-400000.0625,-6419.22998046875,-400000.0625,-400000.0625,-400000.0625
26.764097213745117,-400000.0625,6520.31982421875,-400000.0625,-400000.0625,-7671.8798828125,-400000.0625,-400000.0625,-400000.0625
26.764103412628174,-400000.0625,7391.22021484375,-400000.0625,-400000.0625,-6822.77978515625,-400000.0625,-400000.0625,-400000.0625
26.764108180999756,-400000.0625,9199.48046875,-400000.0625,-400000.0625,-5072.68994140625,-400000.0625,-400000.0625,-400000.0625
26.764111757278442,-400000.0625,9427.169921875,-400000.0625,-400000.0625,-4860.4501953125,-400000.0625,-400000.0625,-400000.0625
26.76411533355713,-400000.0625,7735.39990234375,-400000.0625,-400000.0625,-6505.35009765625,-400000.0625,-400000.0625,-400000.0625
26.764118909835815,-400000.0625,6533.669921875,-400000.0625,-400000.0625,-7656.91015625,-400000.0625,-400000.0625,-400000.0625
26.764122486114502,-400000.0625,7465.64990234375,-400000.0625,-400000.0625,-6741.0,-400000.0625,-400000.0625,-400000.0625
26.764126300811768,-400000.0625,9181.259765625,-400000.0625,-400000.0625,-5077.7900390625,-400000.0625,-400000.0625,-400000.0625
26.764130115509033,-400000.0625,9373.2802734375,-400000.0625,-400000.0625,-4899.4501953125,-400000.0625,-400000.0625,-400000.0625
26.76413369178772,-400000.0625,7807.2099609375,-400000.0625,-400000.0625,-6417.22998046875,-400000.0625,-400000.0625,-400000.0625
26.764137268066406,-400000.0625,6580.93017578125,-400000.0625,-400000.0625,-7599.77978515625,-400000.0625,-400000.0625,-400000.0625
26.76414132118225,-400000.0625,7434.75,-400000.0625,-400000.0625,-6781.39013671875,-400000.0625,-400000.0625,-400000.0625
26.811566591262817,-400000.0625,9190.1796875,-400000.0625,-400000.0625,-5094.72021484375,-400000.0625,-400000.0625,-400000.0625
26.82165813446045,-400000.0625,9424.9697265625,-400000.0625,-400000.0625,-4875.419921875,-400000.0625,-400000.0625,-400000.0625
26.82620120048523,-400000.0625,7786.31982421875,-400000.0625,-400000.0625,-6454.89990234375,-400000.0625,-400000.0625,-400000.0625
26.82620906829834,-400000.0625,6519.7998046875,-400000.0625,-400000.0625,-7669.2099609375,-400000.0625,-400000.0625,-400000.0625
26.826213598251343,-400000.0625,7403.27978515625,-400000.0625,-400000.0625,-6810.6201171875,-400000.0625,-400000.0625,-400000.0625
26.82621741294861,-400000.0625,9189.8896484375,-400000.0625,-400000.0625,-5089.43017578125,-400000.0625,-400000.0625,-400000.0625
26.826220750808716,-400000.0625,9397.650390625,-400000.0625,-400000.0625,-4898.68994140625,-400000.0625,-400000.0625,-400000.0625
26.826224088668823,-400000.0625,7738.2099609375,-400000.0625,-400000.0625,-6516.89013671875,-400000.0625,-400000.0625,-400000.0625
26.82622766494751,-400000.0625,6496.43017578125,-400000.0625,-400000.0625,-7717.3701171875,-400000.0625,-400000.0625,-400000.0625
26.826231002807617,-400000.0625,7415.10009765625,-400000.0625,-400000.0625,-6822.009765625,-400000.0625,-400000.0625,-400000.0625
26.826234102249146,-400000.0625,9214.58984375,-400000.0625,-400000.0625,-5086.85009765625,-400000.0625,-400000.0625,-400000.0625
26.82623791694641,-400000.0625,9423.7802734375,-400000.0625,-400000.0625,-4903.27001953125,-400000.0625,-400000.0625,-400000.0625
26.82624101638794,-400000.0625,7794.18994140625,-400000.0625,-400000.0625,-6489.08984375,-400000.0625,-400000.0625,-400000.0625
26.826244831085205,-400000.0625,6614.39990234375,-400000.0625,-400000.0625,-7630.16015625,-400000.0625,-400000.0625,-400000.0625
26.826247930526733,-400000.0625,7395.31982421875,-400000.0625,-400000.0625,-6889.43994140625,-400000.0625,-400000.0625,-400000.0625
26.826251745224,-400000.0625,9059.1396484375,-400000.0625,-400000.0625,-5310.14990234375,-400000.0625,-400000.0625,-400000.0625
26.89174771308899,-400000.0625,9303.3798828125,-400000.0625,-400000.0625,-5126.669921875,-400000.0625,-400000.0625,-400000.0625
26.896652460098267,-400000.0625,7567.31005859375,-400000.0625,-400000.0625,-6856.72998046875,-400000.0625,-400000.0625,-400000.0625
26.89665985107422,-400000.0625,6121.06005859375,-400000.0625,-400000.0625,-8171.419921875,-400000.0625,-400000.0625,-400000.0625
26.896663904190063,-400000.0625,6589.64990234375,-400000.0625,-400000.0625,-7528.16015625,-400000.0625,-400000.0625,-400000.0625
26.89666771888733,-400000.0625,8062.509765625,-400000.0625,-400000.0625,-5888.419921875,-400000.0625,-400000.0625,-400000.0625
26.896671295166016,-400000.0625,7911.2099609375,-400000.0625,-400000.0625,-5815.93994140625,-400000.0625,-400000.0625,-400000.0625
26.896674871444702,-400000.0625,5744.41015625,-400000.0625,-400000.0625,-7632.68994140625,-400000.0625,-400000.0625,-400000.0625
26.89667820930481,-400000.0625,4167.31982421875,-400000.0625,-400000.0625,-8895.259765625,-400000.0625,-400000.0625,-400000.0625
26.896681785583496,-400000.0625,5020.6201171875,-400000.0625,-400000.0625,-7827.89990234375,-400000.0625,-400000.0625,-400000.0625
26.896685123443604,-400000.0625,6775.759765625,-400000.0625,-400000.0625,-5925.60986328125,-400000.0625,-400000.0625,-400000.0625
26.89668869972229,-400000.0625,6958.14990234375,-400000.0625,-400000.0625,-5631.77978515625,-400000.0625,-400000.0625,-400000.0625
26.896692752838135,-400000.0625,4975.60986328125,-400000.0625,-400000.0625,-7450.68017578125,-400000.0625,-400000.0625,-400000.0625
26.89669632911682,-400000.0625,3656.580078125,-400000.0625,-400000.0625,-8658.5498046875,-400000.0625,-400000.0625,-400000.0625
26.89669966697693,-400000.0625,4483.1298828125,-400000.0625,-400000.0625,-7689.43017578125,-400000.0625,-400000.0625,-400000.0625
26.896703243255615,-400000.0625,6261.8701171875,-400000.0625,-400000.0625,-5844.8798828125,-400000.0625,-400000.0625,-400000.0625
26.89670753479004,-400000.0625,7028.8701171875,-400000.0625,-400000.0625,-5119.85009765625,-400000.0625,-400000.0625,-400000.0625
26.98696994781494,-400000.0625,5181.22021484375,-400000.0625,-400000.0625,-6969.740234375,-400000.0625,-400000.0625,-400000.0625
26.995839834213257,-400000.0625,3920.27001953125,-400000.0625,-400000.0625,-8201.080078125,-400000.0625,-400000.0625,-400000.0625
27.000560760498047,-400000.0625,4922.009765625,-400000.0625,-400000.0625,-7189.89013671875,-400000.0625,-400000.0625,-400000.0625
27.000569105148315,-400000.0625,6517.35986328125,-400000.0625,-400000.0625,-5648.22998046875,-400000.0625,-400000.0625,-400000.0625
27.00057363510132,-400000.0625,7234.0498046875,-400000.0625,-400000.0625,-5019.14013671875,-400000.0625,-400000.0625,-400000.0625
27.000577688217163,-400000.0625,5373.85986328125,-400000.0625,-400000.0625,-6920.10009765625,-400000.0625,-400000.0625,-400000.0625
27.00058126449585,-400000.0625,3910.449951171875,-400000.0625,-400000.0625,-8340.9296875,-400000.0625,-400000.0625,-400000.0625
27.000584840774536,-400000.0625,4975.22021484375,-400000.0625,-400000.0625,-7187.02978515625,-400000.0625,-400000.0625,-400000.0625
27.000588417053223,-400000.0625,6737.47021484375,-400000.0625,-400000.0625,-5386.16015625,-400000.0625,-400000.0625,-400000.0625
27.00059199333191,-400000.0625,7169.14990234375,-400000.0625,-400000.0625,-4963.490234375,-400000.0625,-400000.0625,-400000.0625
27.000595331192017,-400000.0625,5283.68994140625,-400000.0625,-400000.0625,-6899.68994140625,-400000.0625,-400000.0625,-400000.0625
27.000598907470703,-400000.0625,4189.2099609375,-400000.0625,-400000.0625,-8146.85986328125,-400000.0625,-400000.0625,-400000.0625
27.00060248374939,-400000.0625,5678.93994140625,-400000.0625,-400000.0625,-6795.97998046875,-400000.0625,-400000.0625,-400000.0625
27.000606060028076,-400000.0625,7535.27001953125,-400000.0625,-400000.0625,-5009.509765625,-400000.0625,-400000.0625,-400000.0625
27.000609397888184,-400000.0625,8140.14013671875,-400000.0625,-400000.0625,-4463.14990234375,-400000.0625,-400000.0625,-400000.0625
27.00061273574829,-400000.0625,6283.330078125,-400000.0625,-400000.0625,-6365.8701171875,-400000.0625,-400000.0625,-400000.0625
27.03637957572937,-400000.0625,5014.0400390625,-400000.0625,-400000.0625,-7659.10009765625,-400000.0625,-400000.0625,-400000.0625
27.041767120361328,-400000.0625,6303.68994140625,-400000.0625,-400000.0625,-6381.7001953125,-400000.0625,-400000.0625,-400000.0625
27.04615020751953,-400000.0625,8608.7197265625,-400000.0625,-400000.0625,-4091.219970703125,-400000.0625,-400000.0625,-400000.0625
27.046157598495483,-400000.0625,8556.7001953125,-400000.0625,-400000.0625,-4157.35009765625,-400000.0625,-400000.0625,-400000.0625
27.046162128448486,-400000.0625,7194.759765625,-400000.0625,-400000.0625,-5560.919921875,-400000.0625,-400000.0625,-400000.0625
27.046165704727173,-400000.0625,5926.89990234375,-400000.0625,-400000.0625,-6832.64990234375,-400000.0625,-400000.0625,-400000.0625
27.04616928100586,-400000.0625,6907.22998046875,-400000.0625,-400000.0625,-5868.43994140625,-400000.0625,-400000.0625,-400000.0625
27.046173095703125,-400000.0625,9099.5302734375,-400000.0625,-400000.0625,-3739.68994140625,-400000.0625,-400000.0625,-400000.0625
27.046176433563232,-400000.0625,9498.5,-400000.0625,-400000.0625,-3404.0,-400000.0625,-400000.0625,-400000.0625
27.04618000984192,-400000.0625,7772.02001953125,-400000.0625,-400000.0625,-5149.93994140625,-400000.0625,-400000.0625,-400000.0625
27.046183586120605,-400000.0625,6601.240234375,-400000.0625,-400000.0625,-6277.18017578125,-400000.0625,-400000.0625,-400000.0625
27.046187162399292,-400000.0625,7954.5,-400000.0625,-400000.0625,-4862.8798828125,-400000.0625,-400000.0625,-400000.0625
27.046190977096558,-400000.0625,9585.8603515625,-400000.0625,-400000.0625,-3201.25,-400000.0625,-400000.0625,-400000.0625
27.046194553375244,-400000.0625,9976.9599609375,-400000.0625,-400000.0625,-2827.929931640625,-400000.0625,-400000.0625,-400000.0625
27.04619812965393,-400000.0625,8107.18994140625,-400000.0625,-400000.0625,-4726.740234375,-400000.0625,-400000.0625,-400000.0625
27.046201705932617,-400000.0625,7067.8701171875,-400000.0625,-400000.0625,-5739.39990234375,-400000.0625,-400000.0625,-400000.0625
27.06904435157776,-400000.0625,8334.0703125,-400000.0625,-400000.0625,-4389.52001953125,-400000.0625,-400000.0625,-400000.0625
27.074740409851074,-400000.0625,10354.849609375,-400000.0625,-400000.0625,-2294.72998046875,-400000.0625,-400000.0625,-400000.0625
27.19709849357605,-400000.0625,13040.01953125,-400000.0625,-400000.0625,1482.3900146484375,-400000.0625,-400000.0625,-400000.0625
27.39700436592102,-400000.0625,11469.509765625,-400000.0625,-400000.0625,-486.0899963378906,-400000.0625,-400000.0625,-400000.0625
27.59726095199585,-400000.0625,13201.1904296875,-400000.0625,-400000.0625,-198.0800018310547,-400000.0625,-400000.0625,-400000.0625
27.655241012573242,-400000.0625,11549.3798828125,-400000.0625,-400000.0625,-1601.1700439453125,-400000.0625,-400000.0625,-400000.0625
27.786576986312866,-400000.0625,13707.259765625,-400000.0625,-400000.0625,1138.1600341796875,-400000.0625,-400000.0625,-400000.0625
27.839133262634277,-400000.0625,13650.2802734375,-400000.0625,-400000.0625,1254.6099853515625,-400000.0625,-400000.0625,-400000.0625
27.962840795516968,-400000.0625,10179.849609375,-400000.0625,-400000.0625,-2349.419921875,-400000.0625,-400000.0625,-400000.0625
28.03769826889038,-400000.0625,11133.240234375,-400000.0625,-400000.0625,-1339.8599853515625,-400000.0625,-400000.0625,-400000.0625
28.092806577682495,-400000.0625,12706.0400390625,-400000.0625,-400000.0625,309.2799987792969,-400000.0625,-400000.0625,-400000.0625
28.16383194923401,-400000.0625,12523.5595703125,-400000.0625,-400000.0625,177.10000610351562,-400000.0625,-400000.0625,-400000.0625
28.220539808273315,-400000.0625,10624.4599609375,-400000.0625,-400000.0625,-1716.52001953125,-400000.0625,-400000.0625,-400000.0625
28.29533052444458,-400000.0625,9278.73046875,-400000.0625,-400000.0625,-3005.889892578125,-400000.0625,-400000.0625,-400000.0625
28.350181818008423,-400000.0625,10025.8798828125,-400000.0625,-400000.0625,-2093.360107421875,-400000.0625,-400000.0625,-400000.0625
28.48038387298584,-400000.0625,11402.1796875,-400000.0625,-400000.0625,-582.219970703125,-400000.0625,-400000.0625,-400000.0625
28.669212579727173,-400000.0625,9362.41015625,-400000.0625,-400000.0625,-2538.590087890625,-400000.0625,-400000.0625,-400000.0625
28.74732494354248,-400000.0625,10734.849609375,-400000.0625,-400000.0625,-1162.3900146484375,-400000.0625,-400000.0625,-400000.0625
28.866008281707764,-400000.0625,7758.0498046875,-400000.0625,-400000.0625,-4158.97021484375,-400000.0625,-400000.0625,-400000.0625
28.931620359420776,-400000.0625,7499.740234375,-400000.0625,-400000.0625,-4371.5498046875,-400000.0625,-400000.0625,-400000.0625
28.997499465942383,-400000.0625,10369.4501953125,-400000.0625,-400000.0625,-1329.6099853515625,-400000.0625,-400000.0625,-400000.0625
29.050172328948975,-400000.0625,10214.6201171875,-400000.0625,-400000.0625,-1434.0400390625,-400000.0625,-400000.0625,-400000.0625
29.11904215812683,-400000.0625,9844.16015625,-400000.0625,-400000.0625,-1789.4300537109375,-400000.0625,-400000.0625,-400000.0625
29.12842345237732,-400000.0625,8027.27001953125,-400000.0625,-400000.0625,-3685.090087890625,-400000.0625,-400000.0625,-400000.0625
29.133041620254517,-400000.0625,7113.740234375,-400000.0625,-400000.0625,-4583.06982421875,-400000.0625,-400000.0625,-400000.0625
29.1330509185791,-400000.0625,8302.830078125,-400000.0625,-400000.0625,-3300.3798828125,-400000.0625,-400000.0625,-400000.0625
29.133054971694946,-400000.0625,10056.16015625,-400000.0625,-400000.0625,-1494.97998046875,-400000.0625,-400000.0625,-400000.0625
29.13305902481079,-400000.0625,9758.3798828125,-400000.0625,-400000.0625,-1849.7900390625,-400000.0625,-400000.0625,-400000.0625
29.133062601089478,-400000.0625,7982.830078125,-400000.0625,-400000.0625,-3706.550048828125,-400000.0625,-400000.0625,-400000.0625
29.133065938949585,-400000.0625,7067.97021484375,-400000.0625,-400000.0625,-4610.009765625,-400000.0625,-400000.0625,-400000.0625
29.13306975364685,-400000.0625,8335.0703125,-400000.0625,-400000.0625,-3252.550048828125,-400000.0625,-400000.0625,-400000.0625
29.133073568344116,-400000.0625,9896.5703125,-400000.0625,-400000.0625,-1645.6099853515625,-400000.0625,-400000.0625,-400000.0625
29.13307762145996,-400000.0625,9729.669921875,-400000.0625,-400000.0625,-1878.31005859375,-400000.0625,-400000.0625,-400000.0625
29.133081436157227,-400000.0625,7852.509765625,-400000.0625,-400000.0625,-3839.590087890625,-400000.0625,-400000.0625,-400000.0625
29.133085012435913,-400000.0625,7066.77978515625,-400000.0625,-400000.0625,-4611.16015625,-400000.0625,-400000.0625,-400000.0625
29.13308882713318,-400000.0625,8195.9296875,-400000.0625,-400000.0625,-3377.719970703125,-400000.0625,-400000.0625,-400000.0625
29.133092403411865,-400000.0625,9961.7998046875,-400000.0625,-400000.0625,-1559.5,-400000.0625,-400000.0625,-400000.0625
29.133095741271973,-400000.0625,9662.580078125,-400000.0625,-400000.0625,-1918.3599853515625,-400000.0625,-400000.0625,-400000.0625
29.197721004486084,-400000.0625,7782.7900390625,-400000.0625,-400000.0625,-3880.639892578125,-400000.0625,-400000.0625,-400000.0625
29.203201055526733,-400000.0625,6908.93994140625,-400000.0625,-400000.0625,-4741.669921875,-400000.0625,-400000.0625,-400000.0625
29.208171844482422,-400000.0625,8214.1904296875,-400000.0625,-400000.0625,-3341.10009765625,-400000.0625,-400000.0625,-400000.0625
29.20818042755127,-400000.0625,9690.51953125,-400000.0625,-400000.0625,-1811.97998046875,-400000.0625,-400000.0625,-400000.0625
29.208184719085693,-400000.0625,9556.2001953125,-400000.0625,-400000.0625,-2010.1099853515625,-400000.0625,-400000.0625,-400000.0625
29.20818853378296,-400000.0625,7756.0400390625,-400000.0625,-400000.0625,-3893.81005859375,-400000.0625,-400000.0625,-400000.0625
29.208192110061646,-400000.0625,6875.419921875,-400000.0625,-400000.0625,-4760.31005859375,-400000.0625,-400000.0625,-400000.0625
29.208195686340332,-400000.0625,8043.43017578125,-400000.0625,-400000.0625,-3495.68994140625,-400000.0625,-400000.0625,-400000.0625
29.20819926261902,-400000.0625,9719.7998046875,-400000.0625,-400000.0625,-1765.72998046875,-400000.0625,-400000.0625,-400000.0625
29.208202600479126,-400000.0625,9484.7197265625,-400000.0625,-400000.0625,-2056.889892578125,-400000.0625,-400000.0625,-400000.0625
29.20820641517639,-400000.0625,7644.7998046875,-400000.0625,-400000.0625,-3981.39990234375,-400000.0625,-400000.0625,-400000.0625
29.21276545524597,-400000.0625,6745.52978515625,-400000.0625,-400000.0625,-4869.75,-400000.0625,-400000.0625,-400000.0625
29.212773323059082,-400000.0625,7982.830078125,-400000.0625,-400000.0625,-3543.949951171875,-400000.0625,-400000.0625,-400000.0625
29.212777376174927,-400000.0625,9683.990234375,-400000.0625,-400000.0625,-1791.4300537109375,-400000.0625,-400000.0625,-400000.0625
29.212781190872192,-400000.0625,9446.0498046875,-400000.0625,-400000.0625,-2086.5400390625,-400000.0625,-400000.0625,-400000.0625
29.2127845287323,-400000.0625,7348.77978515625,-400000.0625,-400000.0625,-3970.77001953125,-400000.0625,-400000.0625,-400000.0625
29.246681690216064,-400000.0625,5321.64990234375,-400000.0625,-400000.0625,-4722.41015625,-400000.0625,-400000.0625,-400000.0625
29.256936073303223,-400000.0625,5721.14013671875,-400000.0625,-400000.0625,-3491.5,-400000.0625,-400000.0625,-400000.0625
29.261430978775024,-400000.0625,7091.47998046875,-400000.0625,-400000.0625,-1837.5899658203125,-400000.0625,-400000.0625,-400000.0625
29.261438608169556,-400000.0625,6718.2998046875,-400000.0625,-400000.0625,-2155.39990234375,-400000.0625,-400000.0625,-400000.0625
29.26144242286682,-400000.0625,4819.490234375,-400000.0625,-400000.0625,-4040.669921875,-400000.0625,-400000.0625,-400000.0625
29.261446237564087,-400000.0625,3904.300048828125,-400000.0625,-400000.0625,-4873.7998046875,-400000.0625,-400000.0625,-400000.0625
29.261450052261353,-400000.0625,5240.81982421875,-400000.0625,-400000.0625,-3381.159912109375,-400000.0625,-400000.0625,-400000.0625
29.26145362854004,-400000.0625,6705.7099609375,-400000.0625,-400000.0625,-1800.9200439453125,-400000.0625,-400000.0625,-400000.0625
29.261459827423096,-400000.0625,6386.56982421875,-400000.0625,-400000.0625,-2135.0400390625,-400000.0625,-400000.0625,-400000.0625
29.26146364212036,-400000.0625,4485.89013671875,-400000.0625,-400000.0625,-4082.780029296875,-400000.0625,-400000.0625,-400000.0625
29.26146697998047,-400000.0625,3646.56005859375,-400000.0625,-400000.0625,-4868.60009765625,-400000.0625,-400000.0625,-400000.0625
29.261470794677734,-400000.0625,4863.169921875,-400000.0625,-400000.0625,-3490.590087890625,-400000.0625,-400000.0625,-400000.0625
29.261474132537842,-400000.0625,6563.6201171875,-400000.0625,-400000.0625,-1663.4000244140625,-400000.0625,-400000.0625,-400000.0625
29.26147770881653,-400000.0625,6257.10986328125,-400000.0625,-400000.0625,-1945.6400146484375,-400000.0625,-400000.0625,-400000.0625
29.261481285095215,-400000.0625,4227.77978515625,-400000.0625,-400000.0625,-3932.760009765625,-400000.0625,-400000.0625,-400000.0625
29.2614848613739,-400000.0625,3170.5400390625,-400000.0625,-400000.0625,-4829.7900390625,-400000.0625,-400000.0625,-400000.0625
29.31460404396057,-400000.0625,4480.27001953125,-400000.0625,-400000.0625,-3406.429931640625,-400000.0625,-400000.0625,-400000.0625
29.31996512413025,-400000.0625,6409.68994140625,-400000.0625,-400000.0625,-1685.949951171875,-400000.0625,-400000.0625,-400000.0625
29.324692010879517,-400000.0625,6463.39013671875,-400000.0625,-400000.0625,-2058.1201171875,-400000.0625,-400000.0625,-400000.0625
29.32469940185547,-400000.0625,4923.25,-400000.0625,-400000.0625,-3949.8798828125,-400000.0625,-400000.0625,-400000.0625
29.324703693389893,-400000.0625,4278.22998046875,-400000.0625,-400000.0625,-4770.14013671875,-400000.0625,-400000.0625,-400000.0625
29.324707746505737,-400000.0625,5659.8701171875,-400000.0625,-400000.0625,-3457.739990234375,-400000.0625,-400000.0625,-400000.0625
29.324711561203003,-400000.0625,7652.759765625,-400000.0625,-400000.0625,-1574.949951171875,-400000.0625,-400000.0625,-400000.0625
29.32471513748169,-400000.0625,7349.06005859375,-400000.0625,-400000.0625,-2040.6700439453125,-400000.0625,-400000.0625,-400000.0625
29.324718713760376,-400000.0625,5580.240234375,-400000.0625,-400000.0625,-3947.5400390625,-400000.0625,-400000.0625,-400000.0625
29.32472252845764,-400000.0625,4803.990234375,-400000.0625,-400000.0625,-4743.52978515625,-400000.0625,-400000.0625,-400000.0625
29.324726343154907,-400000.0625,6019.77978515625,-400000.0625,-400000.0625,-3425.070068359375,-400000.0625,-400000.0625,-400000.0625
29.324729919433594,-400000.0625,7807.2998046875,-400000.0625,-400000.0625,-1588.199951171875,-400000.0625,-400000.0625,-400000.0625
29.3247332572937,-400000.0625,7686.81005859375,-400000.0625,-400000.0625,-1816.3199462890625,-400000.0625,-400000.0625,-400000.0625
29.324736833572388,-400000.0625,5892.7998046875,-400000.0625,-400000.0625,-3737.8798828125,-400000.0625,-400000.0625,-400000.0625
29.324740171432495,-400000.0625,4929.830078125,-400000.0625,-400000.0625,-4664.14013671875,-400000.0625,-400000.0625,-400000.0625
29.32474374771118,-400000.0625,6132.75,-400000.0625,-400000.0625,-3367.659912109375,-400000.0625,-400000.0625,-400000.0625
29.37786626815796,-400000.0625,8087.8701171875,-400000.0625,-400000.0625,-1385.1600341796875,-400000.0625,-400000.0625,-400000.0625
29.388315677642822,-400000.0625,7331.89990234375,-400000.0625,-400000.0625,-2170.1298828125,-400000.0625,-400000.0625,-400000.0625
29.39305591583252,-400000.0625,5441.52001953125,-400000.0625,-400000.0625,-4062.75,-400000.0625,-400000.0625,-400000.0625
29.393063068389893,-400000.0625,5185.990234375,-400000.0625,-400000.0625,-4224.490234375,-400000.0625,-400000.0625,-400000.0625
29.393067359924316,-400000.0625,6320.47998046875,-400000.0625,-400000.0625,-2987.81005859375,-400000.0625,-400000.0625,-400000.0625
29.39307165145874,-400000.0625,7889.93994140625,-400000.0625,-400000.0625,-1411.8199462890625,-400000.0625,-400000.0625,-400000.0625
29.393075466156006,-400000.0625,7662.5400390625,-400000.0625,-400000.0625,-1708.27001953125,-400000.0625,-400000.0625,-400000.0625
29.393078804016113,-400000.0625,5909.6298828125,-400000.0625,-400000.0625,-3500.840087890625,-400000.0625,-400000.0625,-400000.0625
29.39308261871338,-400000.0625,5479.33984375,-400000.0625,-400000.0625,-3917.169921875,-400000.0625,-400000.0625,-400000.0625
29.393086671829224,-400000.0625,7196.81005859375,-400000.0625,-400000.0625,-2187.39990234375,-400000.0625,-400000.0625,-400000.0625
29.39309000968933,-400000.0625,8790.8798828125,-400000.0625,-400000.0625,-622.4600219726562,-400000.0625,-400000.0625,-400000.0625
29.393093585968018,-400000.0625,8124.4501953125,-400000.0625,-400000.0625,-1381.2099609375,-400000.0625,-400000.0625,-400000.0625
29.393096923828125,-400000.0625,6635.0,-400000.0625,-400000.0625,-2961.25,-400000.0625,-400000.0625,-400000.0625
29.393100023269653,-400000.0625,6423.14013671875,-400000.0625,-400000.0625,-3193.3798828125,-400000.0625,-400000.0625,-400000.0625
29.39310336112976,-400000.0625,7500.1201171875,-400000.0625,-400000.0625,-2064.85009765625,-400000.0625,-400000.0625,-400000.0625
29.393106937408447,-400000.0625,9370.23046875,-400000.0625,-400000.0625,-185.77999877929688,-400000.0625,-400000.0625,-400000.0625
29.437955141067505,-400000.0625,9113.4599609375,-400000.0625,-400000.0625,-477.6499938964844,-400000.0625,-400000.0625,-400000.0625
29.44342279434204,-400000.0625,7246.259765625,-400000.0625,-400000.0625,-2364.02001953125,-400000.0625,-400000.0625,-400000.0625
29.44798755645752,-400000.0625,6480.64990234375,-400000.0625,-400000.0625,-3114.080078125,-400000.0625,-400000.0625,-400000.0625
29.447996854782104,-400000.0625,8080.10009765625,-400000.0625,-400000.0625,-1454.68994140625,-400000.0625,-400000.0625,-400000.0625
29.448001861572266,-400000.0625,10140.6103515625,-400000.0625,-400000.0625,642.1099853515625,-400000.0625,-400000.0625,-400000.0625
29.44800591468811,-400000.0625,9974.0,-400000.0625,-400000.0625,447.2699890136719,-400000.0625,-400000.0625,-400000.0625
29.448009729385376,-400000.0625,8018.4501953125,-400000.0625,-400000.0625,-1538.1300048828125,-400000.0625,-400000.0625,-400000.0625
29.448013305664062,-400000.0625,7535.169921875,-400000.0625,-400000.0625,-1973.8199462890625,-400000.0625,-400000.0625,-400000.0625
29.448017120361328,-400000.0625,8638.0498046875,-400000.0625,-400000.0625,-768.6099853515625,-400000.0625,-400000.0625,-400000.0625
29.448021173477173,-400000.0625,10519.41015625,-400000.0625,-400000.0625,1199.719970703125,-400000.0625,-400000.0625,-400000.0625
29.44802498817444,-400000.0625,10298.16015625,-400000.0625,-400000.0625,1000.4500122070312,-400000.0625,-400000.0625,-400000.0625
29.448028326034546,-400000.0625,8706.7099609375,-400000.0625,-400000.0625,-571.1599731445312,-400000.0625,-400000.0625,-400000.0625
29.448031663894653,-400000.0625,7578.330078125,-400000.0625,-400000.0625,-1623.199951171875,-400000.0625,-400000.0625,-400000.0625
29.44803500175476,-400000.0625,9249.0703125,-400000.0625,-400000.0625,122.55000305175781,-400000.0625,-400000.0625,-400000.0625
29.448078870773315,-400000.0625,11228.3203125,-400000.0625,-400000.0625,2158.8798828125,-400000.0625,-400000.0625,-400000.0625
29.44808268547058,-400000.0625,10989.9501953125,-400000.0625,-400000.0625,1930.949951171875,-400000.0625,-400000.0625,-400000.0625
29.497848510742188,-400000.0625,9448.099609375,-400000.0625,-400000.0625,385.04998779296875,-400000.0625,-400000.0625,-400000.0625
29.508605241775513,-400000.0625,9056.7099609375,-400000.0625,-400000.0625,26.270000457763672,-400000.0625,-400000.0625,-400000.0625
29.513416290283203,-400000.0625,10207.3203125,-400000.0625,-400000.0625,1254.93994140625,-400000.0625,-400000.0625,-400000.0625
29.513423919677734,-400000.0625,11810.4501953125,-400000.0625,-400000.0625,2909.570068359375,-400000.0625,-400000.0625,-400000.0625
29.513428449630737,-400000.0625,11413.580078125,-400000.0625,-400000.0625,2505.449951171875,-400000.0625,-400000.0625,-400000.0625
29.513432025909424,-400000.0625,9730.6298828125,-400000.0625,-400000.0625,808.239990234375,-400000.0625,-400000.0625,-400000.0625
29.51343560218811,-400000.0625,9167.150390625,-400000.0625,-400000.0625,266.6000061035156,-400000.0625,-400000.0625,-400000.0625
29.513439178466797,-400000.0625,10752.8203125,-400000.0625,-400000.0625,1901.5799560546875,-400000.0625,-400000.0625,-400000.0625
29.513442516326904,-400000.0625,12640.3798828125,-400000.0625,-400000.0625,3816.1298828125,-400000.0625,-400000.0625,-400000.0625
29.51344609260559,-400000.0625,12361.7197265625,-400000.0625,-400000.0625,3528.639892578125,-400000.0625,-400000.0625,-400000.0625
29.5134494304657,-400000.0625,10422.1396484375,-400000.0625,-400000.0625,1588.43994140625,-400000.0625,-400000.0625,-400000.0625
29.513453245162964,-400000.0625,10034.4697265625,-400000.0625,-400000.0625,1220.93994140625,-400000.0625,-400000.0625,-400000.0625
29.51345682144165,-400000.0625,11706.5400390625,-400000.0625,-400000.0625,2945.22998046875,-400000.0625,-400000.0625,-400000.0625
29.513460397720337,-400000.0625,13185.4501953125,-400000.0625,-400000.0625,4462.0,-400000.0625,-400000.0625,-400000.0625
29.513463973999023,-400000.0625,12689.0703125,-400000.0625,-400000.0625,3965.89990234375,-400000.0625,-400000.0625,-400000.0625
29.51346755027771,-400000.0625,11005.2099609375,-400000.0625,-400000.0625,2280.280029296875,-400000.0625,-400000.0625,-400000.0625
29.647871732711792,-400000.0625,13212.1103515625,-400000.0625,-400000.0625,5149.56005859375,-400000.0625,-400000.0625,-400000.0625
29.700249195098877,-400000.0625,14669.419921875,-400000.0625,-400000.0625,6599.85986328125,-400000.0625,-400000.0625,-400000.0625
29.75846815109253,-400000.0625,14195.0595703125,-400000.0625,-400000.0625,5648.89990234375,-400000.0625,-400000.0625,-400000.0625
29.8187038898468,-400000.0625,11665.2001953125,-400000.0625,-400000.0625,2327.389892578125,-400000.0625,-400000.0625,-400000.0625
29.93023443222046,-400000.0625,12108.66015625,-400000.0625,-400000.0625,329.5400085449219,-400000.0625,-400000.0625,-400000.0625
29.947974920272827,-400000.0625,14911.7001953125,-400000.0625,-400000.0625,2527.570068359375,-400000.0625,-400000.0625,-400000.0625
30.013880491256714,-400000.0625,14055.400390625,-400000.0625,-400000.0625,1596.1600341796875,-400000.0625,-400000.0625,-400000.0625
30.097075700759888,-400000.0625,12634.4697265625,-400000.0625,-400000.0625,1947.5899658203125,-400000.0625,-400000.0625,-400000.0625
30.140064477920532,-400000.0625,10139.75,-400000.0625,-400000.0625,-553.510009765625,-400000.0625,-400000.0625,-400000.0625
30.297671794891357,-400000.0625,10899.7802734375,-400000.0625,-400000.0625,-783.1599731445312,-400000.0625,-400000.0625,-400000.0625
30.40032196044922,-400000.0625,11300.1396484375,-400000.0625,-400000.0625,-607.9199829101562,-400000.0625,-400000.0625,-400000.0625
30.45892095565796,-400000.0625,9344.669921875,-400000.0625,-400000.0625,-2937.699951171875,-400000.0625,-400000.0625,-400000.0625
30.536519289016724,-400000.0625,8538.33984375,-400000.0625,-400000.0625,-3752.610107421875,-400000.0625,-400000.0625,-400000.0625
30.67675018310547,-400000.0625,10796.9296875,-400000.0625,-400000.0625,-1491.97998046875,-400000.0625,-400000.0625,-400000.0625
30.79762625694275,-400000.0625,7836.77001953125,-400000.0625,-400000.0625,-4560.27978515625,-400000.0625,-400000.0625,-400000.0625
30.85159420967102,-400000.0625,7668.68994140625,-400000.0625,-400000.0625,-4676.52978515625,-400000.0625,-400000.0625,-400000.0625
30.913657665252686,-400000.0625,9688.66015625,-400000.0625,-400000.0625,-2593.7099609375,-400000.0625,-400000.0625,-400000.0625
30.98039150238037,-400000.0625,9933.1904296875,-400000.0625,-400000.0625,-2170.659912109375,-400000.0625,-400000.0625,-400000.0625
31.03583025932312,-400000.0625,9400.75,-400000.0625,-400000.0625,-2897.68994140625,-400000.0625,-400000.0625,-400000.0625
31.1635525226593,-400000.0625,8250.1396484375,-400000.0625,-400000.0625,-3986.409912109375,-400000.0625,-400000.0625,-400000.0625
31.417726755142212,-400000.0625,7009.169921875,-400000.0625,-400000.0625,-5338.9599609375,-400000.0625,-400000.0625,-400000.0625
31.49811887741089,-400000.0625,6551.89013671875,-400000.0625,-400000.0625,-5836.81982421875,-400000.0625,-400000.0625,-400000.0625
31.54660654067993,-400000.0625,7878.77978515625,-400000.0625,-400000.0625,-4467.2998046875,-400000.0625,-400000.0625,-400000.0625
31.614278078079224,-400000.0625,9099.8701171875,-400000.0625,-400000.0625,-3290.1298828125,-400000.0625,-400000.0625,-400000.0625
31.619972229003906,-400000.0625,8433.33984375,-400000.0625,-400000.0625,-4002.760009765625,-400000.0625,-400000.0625,-400000.0625
31.62468647956848,-400000.0625,6677.2001953125,-400000.0625,-400000.0625,-5779.5498046875,-400000.0625,-400000.0625,-400000.0625
31.62469458580017,-400000.0625,6434.35009765625,-400000.0625,-400000.0625,-5997.60986328125,-400000.0625,-400000.0625,-400000.0625
31.624698877334595,-400000.0625,7940.6298828125,-400000.0625,-400000.0625,-4453.0400390625,-400000.0625,-400000.0625,-400000.0625
31.62470245361328,-400000.0625,9195.3798828125,-400000.0625,-400000.0625,-3218.219970703125,-400000.0625,-400000.0625,-400000.0625
31.624706506729126,-400000.0625,8521.41015625,-400000.0625,-400000.0625,-3949.830078125,-400000.0625,-400000.0625,-400000.0625
31.624710083007812,-400000.0625,6762.22021484375,-400000.0625,-400000.0625,-5740.740234375,-400000.0625,-400000.0625,-400000.0625
31.6247136592865,-400000.0625,6382.509765625,-400000.0625,-400000.0625,-6098.93994140625,-400000.0625,-400000.0625,-400000.0625
31.624717473983765,-400000.0625,7936.72021484375,-400000.0625,-400000.0625,-4519.1298828125,-400000.0625,-400000.0625,-400000.0625
31.62472105026245,-400000.0625,9317.400390625,-400000.0625,-400000.0625,-3163.77001953125,-400000.0625,-400000.0625,-400000.0625
31.624724626541138,-400000.0625,8640.3896484375,-400000.0625,-400000.0625,-3890.469970703125,-400000.0625,-400000.0625,-400000.0625
31.624728441238403,-400000.0625,6930.02001953125,-400000.0625,-400000.0625,-5615.56982421875,-400000.0625,-400000.0625,-400000.0625
31.62473201751709,-400000.0625,6515.22021484375,-400000.0625,-400000.0625,-5991.4599609375,-400000.0625,-400000.0625,-400000.0625
31.624736309051514,-400000.0625,7917.5498046875,-400000.0625,-400000.0625,-4554.080078125,-400000.0625,-400000.0625,-400000.0625
31.62474012374878,-400000.0625,9262.7099609375,-400000.0625,-400000.0625,-3232.6201171875,-400000.0625,-400000.0625,-400000.0625
31.69838309288025,-400000.0625,8658.7001953125,-400000.0625,-400000.0625,-3886.179931640625,-400000.0625,-400000.0625,-400000.0625
31.710767030715942,-400000.0625,6814.18994140625,-400000.0625,-400000.0625,-5733.16015625,-400000.0625,-400000.0625,-400000.0625
31.71612572669983,-400000.0625,6457.0,-400000.0625,-400000.0625,-6055.830078125,-400000.0625,-400000.0625,-400000.0625
31.721124410629272,-400000.0625,8076.56982421875,-400000.0625,-400000.0625,-4417.0400390625,-400000.0625,-400000.0625,-400000.0625
31.721131801605225,-400000.0625,9400.0400390625,-400000.0625,-400000.0625,-3114.030029296875,-400000.0625,-400000.0625,-400000.0625
31.725878477096558,-400000.0625,8652.830078125,-400000.0625,-400000.0625,-3896.52001953125,-400000.0625,-400000.0625,-400000.0625
31.72588586807251,-400000.0625,6843.7099609375,-400000.0625,-400000.0625,-5708.93017578125,-400000.0625,-400000.0625,-400000.0625
31.725889921188354,-400000.0625,6390.0498046875,-400000.0625,-400000.0625,-6123.68994140625,-400000.0625,-400000.0625,-400000.0625
31.7258939743042,-400000.0625,7917.5498046875,-400000.0625,-400000.0625,-4570.91015625,-400000.0625,-400000.0625,-400000.0625
31.725897550582886,-400000.0625,9383.490234375,-400000.0625,-400000.0625,-3130.25,-400000.0625,-400000.0625,-400000.0625
31.725901126861572,-400000.0625,8657.4599609375,-400000.0625,-400000.0625,-3893.659912109375,-400000.0625,-400000.0625,-400000.0625
31.72590446472168,-400000.0625,6807.08984375,-400000.0625,-400000.0625,-5751.60986328125,-400000.0625,-400000.0625,-400000.0625
31.725907802581787,-400000.0625,6416.22998046875,-400000.0625,-400000.0625,-6109.56982421875,-400000.0625,-400000.0625,-400000.0625
31.725911378860474,-400000.0625,7983.10986328125,-400000.0625,-400000.0625,-4520.22998046875,-400000.0625,-400000.0625,-400000.0625
31.72591495513916,-400000.0625,9379.8203125,-400000.0625,-400000.0625,-3158.3798828125,-400000.0625,-400000.0625,-400000.0625
31.725918292999268,-400000.0625,8612.490234375,-400000.0625,-400000.0625,-3968.429931640625,-400000.0625,-400000.0625,-400000.0625
31.766143560409546,-400000.0625,6744.580078125,-400000.0625,-400000.0625,-5840.58984375,-400000.0625,-400000.0625,-400000.0625
31.77204918861389,-400000.0625,6439.64013671875,-400000.0625,-400000.0625,-6111.56982421875,-400000.0625,-400000.0625,-400000.0625
31.77695894241333,-400000.0625,8089.02001953125,-400000.0625,-400000.0625,-4430.43994140625,-400000.0625,-400000.0625,-400000.0625
31.776967525482178,-400000.0625,9337.51953125,-400000.0625,-400000.0625,-3197.77001953125,-400000.0625,-400000.0625,-400000.0625
31.77697205543518,-400000.0625,8499.580078125,-400000.0625,-400000.0625,-4088.31005859375,-400000.0625,-400000.0625,-400000.0625
31.776976346969604,-400000.0625,6747.72021484375,-400000.0625,-400000.0625,-5857.0400390625,-400000.0625,-400000.0625,-400000.0625
31.77698016166687,-400000.0625,6435.10986328125,-400000.0625,-400000.0625,-6141.52001953125,-400000.0625,-400000.0625,-400000.0625
31.776983976364136,-400000.0625,7964.89990234375,-400000.0625,-400000.0625,-4588.4599609375,-400000.0625,-400000.0625,-400000.0625
31.776987552642822,-400000.0625,9361.5498046875,-400000.0625,-400000.0625,-3212.68994140625,-400000.0625,-400000.0625,-400000.0625
31.77699112892151,-400000.0625,8542.1103515625,-400000.0625,-400000.0625,-4075.340087890625,-400000.0625,-400000.0625,-400000.0625
31.776994466781616,-400000.0625,6667.18994140625,-400000.0625,-400000.0625,-5962.08984375,-400000.0625,-400000.0625,-400000.0625
31.776998043060303,-400000.0625,6336.31005859375,-400000.0625,-400000.0625,-6254.14990234375,-400000.0625,-400000.0625,-400000.0625
31.77700185775757,-400000.0625,7918.02978515625,-400000.0625,-400000.0625,-4637.81005859375,-400000.0625,-400000.0625,-400000.0625
31.777005195617676,-400000.0625,9229.5703125,-400000.0625,-400000.0625,-3342.9599609375,-400000.0625,-400000.0625,-400000.0625
31.777008771896362,-400000.0625,8375.599609375,-400000.0625,-400000.0625,-4238.7001953125,-400000.0625,-400000.0625,-400000.0625
31.77701234817505,-400000.0625,6590.41015625,-400000.0625,-400000.0625,-6015.2099609375,-400000.0625,-400000.0625,-400000.0625
31.80358624458313,-400000.0625,6246.14013671875,-400000.0625,-400000.0625,-6284.81005859375,-400000.0625,-400000.0625,-400000.0625
31.81382131576538,-400000.0625,7832.39013671875,-400000.0625,-400000.0625,-4617.5498046875,-400000.0625,-400000.0625,-400000.0625
31.81963872909546,-400000.0625,9158.1796875,-400000.0625,-400000.0625,-3287.4599609375,-400000.0625,-400000.0625,-400000.0625
31.824660539627075,-400000.0625,8238.1298828125,-400000.0625,-400000.0625,-4232.4501953125,-400000.0625,-400000.0625,-400000.0625
31.829653024673462,-400000.0625,6425.759765625,-400000.0625,-400000.0625,-6076.580078125,-400000.0625,-400000.0625,-400000.0625
31.82966113090515,-400000.0625,6097.89013671875,-400000.0625,-400000.0625,-6376.169921875,-400000.0625,-400000.0625,-400000.0625
31.829665422439575,-400000.0625,7610.3701171875,-400000.0625,-400000.0625,-4842.0,-400000.0625,-400000.0625,-400000.0625
31.834482431411743,-400000.0625,8940.4599609375,-400000.0625,-400000.0625,-3515.199951171875,-400000.0625,-400000.0625,-400000.0625
31.83449101448059,-400000.0625,8128.60009765625,-400000.0625,-400000.0625,-4297.5400390625,-400000.0625,-400000.0625,-400000.0625
31.834495544433594,-400000.0625,6220.009765625,-400000.0625,-400000.0625,-6162.259765625,-400000.0625,-400000.0625,-400000.0625
31.83449935913086,-400000.0625,5886.35986328125,-400000.0625,-400000.0625,-6434.25,-400000.0625,-400000.0625,-400000.0625
31.834502935409546,-400000.0625,7454.2998046875,-400000.0625,-400000.0625,-4795.35986328125,-400000.0625,-400000.0625,-400000.0625
31.834506511688232,-400000.0625,8735.849609375,-400000.0625,-400000.0625,-3474.239990234375,-400000.0625,-400000.0625,-400000.0625
31.83451008796692,-400000.0625,7900.0498046875,-400000.0625,-400000.0625,-4269.93017578125,-400000.0625,-400000.0625,-400000.0625
31.834514379501343,-400000.0625,6081.9599609375,-400000.0625,-400000.0625,-6008.240234375,-400000.0625,-400000.0625,-400000.0625
31.83451795578003,-400000.0625,5640.64990234375,-400000.0625,-400000.0625,-6327.33984375,-400000.0625,-400000.0625,-400000.0625
31.871500968933105,-400000.0625,7078.4599609375,-400000.0625,-400000.0625,-4761.169921875,-400000.0625,-400000.0625,-400000.0625
31.877699375152588,-400000.0625,8443.1201171875,-400000.0625,-400000.0625,-3270.860107421875,-400000.0625,-400000.0625,-400000.0625
31.882939338684082,-400000.0625,7116.31982421875,-400000.0625,-400000.0625,-4272.7001953125,-400000.0625,-400000.0625,-400000.0625
31.888728618621826,-400000.0625,4794.169921875,-400000.0625,-400000.0625,-6238.509765625,-400000.0625,-400000.0625,-400000.0625
31.893734455108643,-400000.0625,4144.0,-400000.0625,-400000.0625,-6719.97021484375,-400000.0625,-400000.0625,-400000.0625
31.899094581604004,-400000.0625,5797.77001953125,-400000.0625,-400000.0625,-4989.2001953125,-400000.0625,-400000.0625,-400000.0625
31.904146432876587,-400000.0625,7265.56982421875,-400000.0625,-400000.0625,-3424.739990234375,-400000.0625,-400000.0625,-400000.0625
31.91364073753357,-400000.0625,6072.43017578125,-400000.0625,-400000.0625,-4557.3701171875,-400000.0625,-400000.0625,-400000.0625
31.919291973114014,-400000.0625,4166.27001953125,-400000.0625,-400000.0625,-6490.22998046875,-400000.0625,-400000.0625,-400000.0625
31.92406439781189,-400000.0625,3869.10009765625,-400000.0625,-400000.0625,-6839.1298828125,-400000.0625,-400000.0625,-400000.0625
31.924072265625,-400000.0625,6170.89013671875,-400000.0625,-400000.0625,-4582.1201171875,-400000.0625,-400000.0625,-400000.0625
31.924076557159424,-400000.0625,7546.56982421875,-400000.0625,-400000.0625,-3208.72998046875,-400000.0625,-400000.0625,-400000.0625
31.92408037185669,-400000.0625,6611.5400390625,-400000.0625,-400000.0625,-4183.14990234375,-400000.0625,-400000.0625,-400000.0625
31.924083709716797,-400000.0625,5133.52978515625,-400000.0625,-400000.0625,-5677.18017578125,-400000.0625,-400000.0625,-400000.0625
31.924087285995483,-400000.0625,4838.18017578125,-400000.0625,-400000.0625,-5924.22998046875,-400000.0625,-400000.0625,-400000.0625
31.92409062385559,-400000.0625,6626.27001953125,-400000.0625,-400000.0625,-4077.6298828125,-400000.0625,-400000.0625,-400000.0625
31.93651533126831,-400000.0625,8098.41015625,-400000.0625,-400000.0625,-2583.68994140625,-400000.0625,-400000.0625,-400000.0625
31.941745042800903,-400000.0625,7082.509765625,-400000.0625,-400000.0625,-3626.780029296875,-400000.0625,-400000.0625,-400000.0625
31.946654796600342,-400000.0625,5558.39990234375,-400000.0625,-400000.0625,-5156.419921875,-400000.0625,-400000.0625,-400000.0625
31.946661710739136,-400000.0625,5315.10986328125,-400000.0625,-400000.0625,-5385.02001953125,-400000.0625,-400000.0625,-400000.0625
31.94666576385498,-400000.0625,7054.6201171875,-400000.0625,-400000.0625,-3633.739990234375,-400000.0625,-400000.0625,-400000.0625
31.946669340133667,-400000.0625,8605.099609375,-400000.0625,-400000.0625,-2114.820068359375,-400000.0625,-400000.0625,-400000.0625
31.946672916412354,-400000.0625,7994.93994140625,-400000.0625,-400000.0625,-2798.1298828125,-400000.0625,-400000.0625,-400000.0625
31.94667649269104,-400000.0625,6200.35986328125,-400000.0625,-400000.0625,-4653.64990234375,-400000.0625,-400000.0625,-400000.0625
31.946679830551147,-400000.0625,5937.10009765625,-400000.0625,-400000.0625,-4922.25,-400000.0625,-400000.0625,-400000.0625
31.946683406829834,-400000.0625,7665.919921875,-400000.0625,-400000.0625,-3141.8798828125,-400000.0625,-400000.0625,-400000.0625
31.94668674468994,-400000.0625,9449.6298828125,-400000.0625,-400000.0625,-1332.8599853515625,-400000.0625,-400000.0625,-400000.0625
31.94669008255005,-400000.0625,8853.76953125,-400000.0625,-400000.0625,-1925.469970703125,-400000.0625,-400000.0625,-400000.0625
31.946693420410156,-400000.0625,7087.990234375,-400000.0625,-400000.0625,-3706.260009765625,-400000.0625,-400000.0625,-400000.0625
31.946696758270264,-400000.0625,6853.81982421875,-400000.0625,-400000.0625,-3900.389892578125,-400000.0625,-400000.0625,-400000.0625
31.94670033454895,-400000.0625,8564.849609375,-400000.0625,-400000.0625,-2088.830078125,-400000.0625,-400000.0625,-400000.0625
31.94670844078064,-400000.0625,10118.76953125,-400000.0625,-400000.0625,-459.6700134277344,-400000.0625,-400000.0625,-400000.0625
31.997730493545532,-400000.0625,9171.8701171875,-400000.0625,-400000.0625,-1387.6400146484375,-400000.0625,-400000.0625,-400000.0625
32.00322103500366,-400000.0625,7515.72021484375,-400000.0625,-400000.0625,-3037.360107421875,-400000.0625,-400000.0625,-400000.0625
32.008129358291626,-400000.0625,7441.56982421875,-400000.0625,-400000.0625,-3036.550048828125,-400000.0625,-400000.0625,-400000.0625
32.01240086555481,-400000.0625,9309.25,-400000.0625,-400000.0625,-1062.3499755859375,-400000.0625,-400000.0625,-400000.0625
32.017279624938965,-400000.0625,10635.1904296875,-400000.0625,-400000.0625,310.3299865722656,-400000.0625,-400000.0625,-400000.0625
32.01728820800781,-400000.0625,9690.51953125,-400000.0625,-400000.0625,-665.3300170898438,-400000.0625,-400000.0625,-400000.0625
32.017292499542236,-400000.0625,8029.3701171875,-400000.0625,-400000.0625,-2343.800048828125,-400000.0625,-400000.0625,-400000.0625
32.01729655265808,-400000.0625,7702.259765625,-400000.0625,-400000.0625,-2599.570068359375,-400000.0625,-400000.0625,-400000.0625
32.01730036735535,-400000.0625,9748.7900390625,-400000.0625,-400000.0625,-442.92999267578125,-400000.0625,-400000.0625,-400000.0625
32.01730442047119,-400000.0625,11208.4404296875,-400000.0625,-400000.0625,1085.8499755859375,-400000.0625,-400000.0625,-400000.0625
32.017311096191406,-400000.0625,10461.1396484375,-400000.0625,-400000.0625,340.4100036621094,-400000.0625,-400000.0625,-400000.0625
32.01731491088867,-400000.0625,8343.1298828125,-400000.0625,-400000.0625,-1774.7900390625,-400000.0625,-400000.0625,-400000.0625
32.01731848716736,-400000.0625,7991.740234375,-400000.0625,-400000.0625,-2053.169921875,-400000.0625,-400000.0625,-400000.0625
32.017322301864624,-400000.0625,9963.5595703125,-400000.0625,-400000.0625,40.86000061035156,-400000.0625,-400000.0625,-400000.0625
32.01732635498047,-400000.0625,11294.650390625,-400000.0625,-400000.0625,1444.9599609375,-400000.0625,-400000.0625,-400000.0625
32.01733064651489,-400000.0625,10409.98046875,-400000.0625,-400000.0625,558.469970703125,-400000.0625,-400000.0625,-400000.0625
32.063870906829834,-400000.0625,8810.5703125,-400000.0625,-400000.0625,-1031.4000244140625,-400000.0625,-400000.0625,-400000.0625
32.06950354576111,-400000.0625,8379.83984375,-400000.0625,-400000.0625,-1378.6300048828125,-400000.0625,-400000.0625,-400000.0625
32.0741400718689,-400000.0625,10074.5703125,-400000.0625,-400000.0625,421.42999267578125,-400000.0625,-400000.0625,-400000.0625
32.07414722442627,-400000.0625,11325.41015625,-400000.0625,-400000.0625,1724.6700439453125,-400000.0625,-400000.0625,-400000.0625
32.07415175437927,-400000.0625,10310.83984375,-400000.0625,-400000.0625,701.1400146484375,-400000.0625,-400000.0625,-400000.0625
32.07415580749512,-400000.0625,8644.009765625,-400000.0625,-400000.0625,-961.260009765625,-400000.0625,-400000.0625,-400000.0625
32.07415986061096,-400000.0625,8395.150390625,-400000.0625,-400000.0625,-1131.010009765625,-400000.0625,-400000.0625,-400000.0625
32.07416391372681,-400000.0625,10386.75,-400000.0625,-400000.0625,974.0800170898438,-400000.0625,-400000.0625,-400000.0625
32.07416749000549,-400000.0625,11632.490234375,-400000.0625,-400000.0625,2279.0400390625,-400000.0625,-400000.0625,-400000.0625
32.07417106628418,-400000.0625,10578.919921875,-400000.0625,-400000.0625,1211.0699462890625,-400000.0625,-400000.0625,-400000.0625
32.074174880981445,-400000.0625,8670.759765625,-400000.0625,-400000.0625,-708.77001953125,-400000.0625,-400000.0625,-400000.0625
32.07417845726013,-400000.0625,8595.990234375,-400000.0625,-400000.0625,-719.02001953125,-400000.0625,-400000.0625,-400000.0625
32.07418203353882,-400000.0625,10541.76953125,-400000.0625,-400000.0625,1322.1700439453125,-400000.0625,-400000.0625,-400000.0625
32.074185609817505,-400000.0625,11862.1796875,-400000.0625,-400000.0625,2682.070068359375,-400000.0625,-400000.0625,-400000.0625
32.07418942451477,-400000.0625,10792.259765625,-400000.0625,-400000.0625,1593.68994140625,-400000.0625,-400000.0625,-400000.0625
32.07419300079346,-400000.0625,8948.1396484375,-400000.0625,-400000.0625,-264.45001220703125,-400000.0625,-400000.0625,-400000.0625
32.16506218910217,-400000.0625,8685.919921875,-400000.0625,-400000.0625,-466.20001220703125,-400000.0625,-400000.0625,-400000.0625
32.25174355506897,-400000.0625,13074.919921875,-400000.0625,-400000.0625,5163.10009765625,-400000.0625,-400000.0625,-400000.0625
32.331218957901,-400000.0625,12522.3701171875,-400000.0625,-400000.0625,4842.52001953125,-400000.0625,-400000.0625,-400000.0625
32.397791385650635,-400000.0625,10466.150390625,-400000.0625,-400000.0625,2378.510009765625,-400000.0625,-400000.0625,-400000.0625
32.44837546348572,-400000.0625,9847.58984375,-400000.0625,-400000.0625,816.3499755859375,-400000.0625,-400000.0625,-400000.0625
32.51404428482056,-400000.0625,11123.7099609375,-400000.0625,-400000.0625,1180.550048828125,-400000.0625,-400000.0625,-400000.0625
32.58082175254822,-400000.0625,13617.9501953125,-400000.0625,-400000.0625,1460.219970703125,-400000.0625,-400000.0625,-400000.0625
32.64755630493164,-400000.0625,12285.08984375,-400000.0625,-400000.0625,-707.47998046875,-400000.0625,-400000.0625,-400000.0625
32.86654806137085,-400000.0625,10135.7900390625,-400000.0625,-400000.0625,-2269.4599609375,-400000.0625,-400000.0625,-400000.0625
33.14653515815735,-400000.0625,10426.4697265625,-400000.0625,-400000.0625,-1741.0799560546875,-400000.0625,-400000.0625,-400000.0625
33.27415418624878,-400000.0625,9041.6904296875,-400000.0625,-400000.0625,-3363.22998046875,-400000.0625,-400000.0625,-400000.0625
33.34745001792908,-400000.0625,7258.7001953125,-400000.0625,-400000.0625,-5300.56982421875,-400000.0625,-400000.0625,-400000.0625
33.46805715560913,-400000.0625,8843.330078125,-400000.0625,-400000.0625,-3858.52001953125,-400000.0625,-400000.0625,-400000.0625
33.54525852203369,-400000.0625,9711.7900390625,-400000.0625,-400000.0625,-3049.469970703125,-400000.0625,-400000.0625,-400000.0625
33.664334535598755,-400000.0625,6784.580078125,-400000.0625,-400000.0625,-6125.35986328125,-400000.0625,-400000.0625,-400000.0625
33.791539907455444,-400000.0625,8079.81982421875,-400000.0625,-400000.0625,-4526.56982421875,-400000.0625,-400000.0625,-400000.0625
33.850144147872925,-400000.0625,9055.1904296875,-400000.0625,-400000.0625,-3656.43994140625,-400000.0625,-400000.0625,-400000.0625
33.99897503852844,-400000.0625,5726.72021484375,-400000.0625,-400000.0625,-7083.419921875,-400000.0625,-400000.0625,-400000.0625
34.053065061569214,-400000.0625,7055.18994140625,-400000.0625,-400000.0625,-5075.68994140625,-400000.0625,-400000.0625,-400000.0625
34.114845275878906,-400000.0625,5756.0,-400000.0625,-400000.0625,-4966.39990234375,-400000.0625,-400000.0625,-400000.0625
34.12557506561279,-400000.0625,6863.4501953125,-400000.0625,-400000.0625,-3936.860107421875,-400000.0625,-400000.0625,-400000.0625
34.130220890045166,-400000.0625,5559.39990234375,-400000.0625,-400000.0625,-5295.56005859375,-400000.0625,-400000.0625,-400000.0625
34.13023018836975,-400000.0625,3910.02001953125,-400000.0625,-400000.0625,-6940.080078125,-400000.0625,-400000.0625,-400000.0625
34.130234241485596,-400000.0625,4018.5,-400000.0625,-400000.0625,-6716.81982421875,-400000.0625,-400000.0625,-400000.0625
34.13023829460144,-400000.0625,5835.2001953125,-400000.0625,-400000.0625,-4828.5498046875,-400000.0625,-400000.0625,-400000.0625
34.13024187088013,-400000.0625,6816.43994140625,-400000.0625,-400000.0625,-3970.47998046875,-400000.0625,-400000.0625,-400000.0625
34.13024544715881,-400000.0625,5565.68994140625,-400000.0625,-400000.0625,-5328.89013671875,-400000.0625,-400000.0625,-400000.0625
34.1302490234375,-400000.0625,3928.139892578125,-400000.0625,-400000.0625,-7064.43994140625,-400000.0625,-400000.0625,-400000.0625
34.130253076553345,-400000.0625,4190.97021484375,-400000.0625,-400000.0625,-6787.490234375,-400000.0625,-400000.0625,-400000.0625
34.13025689125061,-400000.0625,6207.56005859375,-400000.0625,-400000.0625,-4843.66015625,-400000.0625,-400000.0625,-400000.0625
34.130260944366455,-400000.0625,7294.56005859375,-400000.0625,-400000.0625,-3860.18994140625,-400000.0625,-400000.0625,-400000.0625
34.13026452064514,-400000.0625,6103.22998046875,-400000.0625,-400000.0625,-5173.97021484375,-400000.0625,-400000.0625,-400000.0625
34.13026833534241,-400000.0625,4334.740234375,-400000.0625,-400000.0625,-7026.0498046875,-400000.0625,-400000.0625,-400000.0625
34.13027334213257,-400000.0625,4581.4501953125,-400000.0625,-400000.0625,-6730.990234375,-400000.0625,-400000.0625,-400000.0625
34.13027763366699,-400000.0625,6419.7099609375,-400000.0625,-400000.0625,-4850.9599609375,-400000.0625,-400000.0625,-400000.0625
34.18042302131653,-400000.0625,7416.919921875,-400000.0625,-400000.0625,-3929.18994140625,-400000.0625,-400000.0625,-400000.0625
34.18639302253723,-400000.0625,6290.580078125,-400000.0625,-400000.0625,-5229.7099609375,-400000.0625,-400000.0625,-400000.0625
34.19132399559021,-400000.0625,4667.89990234375,-400000.0625,-400000.0625,-6983.89990234375,-400000.0625,-400000.0625,-400000.0625
34.19133234024048,-400000.0625,5055.759765625,-400000.0625,-400000.0625,-6623.080078125,-400000.0625,-400000.0625,-400000.0625
34.19133687019348,-400000.0625,6885.669921875,-400000.0625,-400000.0625,-4825.93017578125,-400000.0625,-400000.0625,-400000.0625
34.191340923309326,-400000.0625,7961.419921875,-400000.0625,-400000.0625,-3871.199951171875,-400000.0625,-400000.0625,-400000.0625
34.19134449958801,-400000.0625,6753.58984375,-400000.0625,-400000.0625,-5209.259765625,-400000.0625,-400000.0625,-400000.0625
34.1913480758667,-400000.0625,5018.66015625,-400000.0625,-400000.0625,-6997.5400390625,-400000.0625,-400000.0625,-400000.0625
34.191351652145386,-400000.0625,5333.22998046875,-400000.0625,-400000.0625,-6676.77001953125,-400000.0625,-400000.0625,-400000.0625
34.19135499000549,-400000.0625,7329.509765625,-400000.0625,-400000.0625,-4701.81005859375,-400000.0625,-400000.0625,-400000.0625
34.19135856628418,-400000.0625,8290.8203125,-400000.0625,-400000.0625,-3830.239990234375,-400000.0625,-400000.0625,-400000.0625
34.19136190414429,-400000.0625,7099.2998046875,-400000.0625,-400000.0625,-5125.759765625,-400000.0625,-400000.0625,-400000.0625
34.19136595726013,-400000.0625,5376.33984375,-400000.0625,-400000.0625,-6838.60986328125,-400000.0625,-400000.0625,-400000.0625
34.1913697719574,-400000.0625,5584.6201171875,-400000.0625,-400000.0625,-6552.080078125,-400000.0625,-400000.0625,-400000.0625
34.191373348236084,-400000.0625,7440.0,-400000.0625,-400000.0625,-4689.22021484375,-400000.0625,-400000.0625,-400000.0625
34.19137668609619,-400000.0625,8491.849609375,-400000.0625,-400000.0625,-3659.300048828125,-400000.0625,-400000.0625,-400000.0625
34.23830842971802,-400000.0625,7110.7900390625,-400000.0625,-400000.0625,-5028.39013671875,-400000.0625,-400000.0625,-400000.0625
34.25063610076904,-400000.0625,5361.83984375,-400000.0625,-400000.0625,-6678.77001953125,-400000.0625,-400000.0625,-400000.0625
34.25605535507202,-400000.0625,5644.85009765625,-400000.0625,-400000.0625,-6281.08984375,-400000.0625,-400000.0625,-400000.0625
34.26076126098633,-400000.0625,7554.580078125,-400000.0625,-400000.0625,-4325.33984375,-400000.0625,-400000.0625,-400000.0625
34.26076865196228,-400000.0625,8456.759765625,-400000.0625,-400000.0625,-3400.280029296875,-400000.0625,-400000.0625,-400000.0625
34.260772943496704,-400000.0625,7091.18994140625,-400000.0625,-400000.0625,-4733.89990234375,-400000.0625,-400000.0625,-400000.0625
34.26077675819397,-400000.0625,5339.580078125,-400000.0625,-400000.0625,-6466.72021484375,-400000.0625,-400000.0625,-400000.0625
34.260780334472656,-400000.0625,5686.3798828125,-400000.0625,-400000.0625,-6104.89990234375,-400000.0625,-400000.0625,-400000.0625
34.26078414916992,-400000.0625,7603.06982421875,-400000.0625,-400000.0625,-4119.919921875,-400000.0625,-400000.0625,-400000.0625
34.26078748703003,-400000.0625,8422.1796875,-400000.0625,-400000.0625,-3235.6298828125,-400000.0625,-400000.0625,-400000.0625
34.26079082489014,-400000.0625,6998.35009765625,-400000.0625,-400000.0625,-4606.580078125,-400000.0625,-400000.0625,-400000.0625
34.26079487800598,-400000.0625,5082.3701171875,-400000.0625,-400000.0625,-6412.35986328125,-400000.0625,-400000.0625,-400000.0625
34.26079845428467,-400000.0625,5375.0498046875,-400000.0625,-400000.0625,-6091.02001953125,-400000.0625,-400000.0625,-400000.0625
34.260801792144775,-400000.0625,7279.02001953125,-400000.0625,-400000.0625,-4208.27978515625,-400000.0625,-400000.0625,-400000.0625
34.26080656051636,-400000.0625,8477.400390625,-400000.0625,-400000.0625,-3022.10009765625,-400000.0625,-400000.0625,-400000.0625
34.260810136795044,-400000.0625,7132.81982421875,-400000.0625,-400000.0625,-4327.490234375,-400000.0625,-400000.0625,-400000.0625
34.33502554893494,-400000.0625,5149.89013671875,-400000.0625,-400000.0625,-6230.31005859375,-400000.0625,-400000.0625,-400000.0625
34.340813636779785,-400000.0625,5573.18017578125,-400000.0625,-400000.0625,-5774.31005859375,-400000.0625,-400000.0625,-400000.0625
34.35020852088928,-400000.0625,7546.08984375,-400000.0625,-400000.0625,-3788.85009765625,-400000.0625,-400000.0625,-400000.0625
34.355873823165894,-400000.0625,8522.4599609375,-400000.0625,-400000.0625,-2810.239990234375,-400000.0625,-400000.0625,-400000.0625
34.36061906814575,-400000.0625,7124.6201171875,-400000.0625,-400000.0625,-4200.75,-400000.0625,-400000.0625,-400000.0625
34.360628604888916,-400000.0625,5428.83984375,-400000.0625,-400000.0625,-5887.7998046875,-400000.0625,-400000.0625,-400000.0625
34.36063313484192,-400000.0625,5791.0400390625,-400000.0625,-400000.0625,-5557.919921875,-400000.0625,-400000.0625,-400000.0625
34.360636949539185,-400000.0625,7863.9501953125,-400000.0625,-400000.0625,-3546.2900390625,-400000.0625,-400000.0625,-400000.0625
34.36064076423645,-400000.0625,8752.0595703125,-400000.0625,-400000.0625,-2670.14990234375,-400000.0625,-400000.0625,-400000.0625
34.36064410209656,-400000.0625,7373.330078125,-400000.0625,-400000.0625,-4011.14990234375,-400000.0625,-400000.0625,-400000.0625
34.3606481552124,-400000.0625,5683.419921875,-400000.0625,-400000.0625,-5672.740234375,-400000.0625,-400000.0625,-400000.0625
34.36065125465393,-400000.0625,6113.240234375,-400000.0625,-400000.0625,-5242.77978515625,-400000.0625,-400000.0625,-400000.0625
34.36065459251404,-400000.0625,8355.0498046875,-400000.0625,-400000.0625,-3048.989990234375,-400000.0625,-400000.0625,-400000.0625
34.36066007614136,-400000.0625,9439.9501953125,-400000.0625,-400000.0625,-2002.530029296875,-400000.0625,-400000.0625,-400000.0625
34.360663652420044,-400000.0625,8118.72998046875,-400000.0625,-400000.0625,-3331.139892578125,-400000.0625,-400000.0625,-400000.0625
34.36066722869873,-400000.0625,6335.97021484375,-400000.0625,-400000.0625,-5110.60009765625,-400000.0625,-400000.0625,-400000.0625
34.3665075302124,-400000.0625,6862.93017578125,-400000.0625,-400000.0625,-4617.1201171875,-400000.0625,-400000.0625,-400000.0625
34.37254452705383,-400000.0625,8925.3896484375,-400000.0625,-400000.0625,-2597.52001953125,-400000.0625,-400000.0625,-400000.0625
34.37686204910278,-400000.0625,9738.2998046875,-400000.0625,-400000.0625,-1818.8499755859375,-400000.0625,-400000.0625,-400000.0625
34.37687110900879,-400000.0625,8274.169921875,-400000.0625,-400000.0625,-3308.110107421875,-400000.0625,-400000.0625,-400000.0625
34.376874923706055,-400000.0625,6692.93017578125,-400000.0625,-400000.0625,-4902.22021484375,-400000.0625,-400000.0625,-400000.0625
34.37687826156616,-400000.0625,7381.72998046875,-400000.0625,-400000.0625,-4227.10986328125,-400000.0625,-400000.0625,-400000.0625
34.37688159942627,-400000.0625,9172.580078125,-400000.0625,-400000.0625,-2458.2900390625,-400000.0625,-400000.0625,-400000.0625
34.3768846988678,-400000.0625,9885.2197265625,-400000.0625,-400000.0625,-1772.2099609375,-400000.0625,-400000.0625,-400000.0625
34.37688755989075,-400000.0625,8611.7802734375,-400000.0625,-400000.0625,-3050.949951171875,-400000.0625,-400000.0625,-400000.0625
34.376890659332275,-400000.0625,6841.990234375,-400000.0625,-400000.0625,-4815.52978515625,-400000.0625,-400000.0625,-400000.0625
34.37689399719238,-400000.0625,7541.7099609375,-400000.0625,-400000.0625,-4150.72021484375,-400000.0625,-400000.0625,-400000.0625
34.37689733505249,-400000.0625,9430.9296875,-400000.0625,-400000.0625,-2307.4599609375,-400000.0625,-400000.0625,-400000.0625
34.3769006729126,-400000.0625,10367.3896484375,-400000.0625,-400000.0625,-1421.550048828125,-400000.0625,-400000.0625,-400000.0625
34.376904010772705,-400000.0625,9133.9599609375,-400000.0625,-400000.0625,-2680.830078125,-400000.0625,-400000.0625,-400000.0625
34.37690758705139,-400000.0625,7607.56005859375,-400000.0625,-400000.0625,-4206.0400390625,-400000.0625,-400000.0625,-400000.0625
34.37691116333008,-400000.0625,7799.91015625,-400000.0625,-400000.0625,-4011.43994140625,-400000.0625,-400000.0625,-400000.0625
34.43800473213196,-400000.0625,9766.3896484375,-400000.0625,-400000.0625,-2093.889892578125,-400000.0625,-400000.0625,-400000.0625
34.443477153778076,-400000.0625,10671.1904296875,-400000.0625,-400000.0625,-1238.06005859375,-400000.0625,-400000.0625,-400000.0625
34.453818798065186,-400000.0625,9548.7099609375,-400000.0625,-400000.0625,-2388.6201171875,-400000.0625,-400000.0625,-400000.0625
34.459800481796265,-400000.0625,7828.08984375,-400000.0625,-400000.0625,-4118.77978515625,-400000.0625,-400000.0625,-400000.0625
34.46548390388489,-400000.0625,8494.0,-400000.0625,-400000.0625,-3478.6201171875,-400000.0625,-400000.0625,-400000.0625
34.47100305557251,-400000.0625,10644.150390625,-400000.0625,-400000.0625,-1356.97998046875,-400000.0625,-400000.0625,-400000.0625
34.475467920303345,-400000.0625,11208.0595703125,-400000.0625,-400000.0625,-820.5900268554688,-400000.0625,-400000.0625,-400000.0625
34.47547459602356,-400000.0625,9542.900390625,-400000.0625,-400000.0625,-2493.909912109375,-400000.0625,-400000.0625,-400000.0625
34.475478410720825,-400000.0625,8066.85009765625,-400000.0625,-400000.0625,-3973.199951171875,-400000.0625,-400000.0625,-400000.0625
34.47548174858093,-400000.0625,8611.25,-400000.0625,-400000.0625,-3417.72998046875,-400000.0625,-400000.0625,-400000.0625
34.47548508644104,-400000.0625,10650.400390625,-400000.0625,-400000.0625,-1367.6600341796875,-400000.0625,-400000.0625,-400000.0625
34.47548818588257,-400000.0625,11623.4296875,-400000.0625,-400000.0625,-388.4800109863281,-400000.0625,-400000.0625,-400000.0625
34.4754912853241,-400000.0625,10291.009765625,-400000.0625,-400000.0625,-1711.4200439453125,-400000.0625,-400000.0625,-400000.0625
34.475494146347046,-400000.0625,8767.7001953125,-400000.0625,-400000.0625,-3215.409912109375,-400000.0625,-400000.0625,-400000.0625
34.47549748420715,-400000.0625,9137.580078125,-400000.0625,-400000.0625,-2809.239990234375,-400000.0625,-400000.0625,-400000.0625
34.47550082206726,-400000.0625,11239.33984375,-400000.0625,-400000.0625,-687.9299926757812,-400000.0625,-400000.0625,-400000.0625
34.49708700180054,-400000.0625,12568.0498046875,-400000.0625,-400000.0625,631.6199951171875,-400000.0625,-400000.0625,-400000.0625
34.502835273742676,-400000.0625,11223.0302734375,-400000.0625,-400000.0625,-726.27001953125,-400000.0625,-400000.0625,-400000.0625
34.50737452507019,-400000.0625,9179.7802734375,-400000.0625,-400000.0625,-2777.530029296875,-400000.0625,-400000.0625,-400000.0625
34.50738286972046,-400000.0625,9358.2197265625,-400000.0625,-400000.0625,-2584.409912109375,-400000.0625,-400000.0625,-400000.0625
34.50738716125488,-400000.0625,11694.099609375,-400000.0625,-400000.0625,-236.6999969482422,-400000.0625,-400000.0625,-400000.0625
34.50739145278931,-400000.0625,12799.3603515625,-400000.0625,-400000.0625,864.7000122070312,-400000.0625,-400000.0625,-400000.0625
34.507394552230835,-400000.0625,11720.9404296875,-400000.0625,-400000.0625,-225.02000427246094,-400000.0625,-400000.0625,-400000.0625
34.5073983669281,-400000.0625,9913.0595703125,-400000.0625,-400000.0625,-2016.2099609375,-400000.0625,-400000.0625,-400000.0625
34.50740194320679,-400000.0625,9928.75,-400000.0625,-400000.0625,-1970.77001953125,-400000.0625,-400000.0625,-400000.0625
34.507405519485474,-400000.0625,12035.23046875,-400000.0625,-400000.0625,156.8300018310547,-400000.0625,-400000.0625,-400000.0625
34.50740933418274,-400000.0625,13152.7001953125,-400000.0625,-400000.0625,1279.260009765625,-400000.0625,-400000.0625,-400000.0625
34.507413148880005,-400000.0625,11683.6103515625,-400000.0625,-400000.0625,-196.6999969482422,-400000.0625,-400000.0625,-400000.0625
34.50741696357727,-400000.0625,9658.0,-400000.0625,-400000.0625,-2212.570068359375,-400000.0625,-400000.0625,-400000.0625
34.50742053985596,-400000.0625,10690.5498046875,-400000.0625,-400000.0625,-1157.3800048828125,-400000.0625,-400000.0625,-400000.0625
34.50742530822754,-400000.0625,12928.2001953125,-400000.0625,-400000.0625,1107.260009765625,-400000.0625,-400000.0625,-400000.0625
34.507428884506226,-400000.0625,13844.400390625,-400000.0625,-400000.0625,2027.699951171875,-400000.0625,-400000.0625,-400000.0625
34.5559184551239,-400000.0625,12458.990234375,-400000.0625,-400000.0625,645.4500122070312,-400000.0625,-400000.0625,-400000.0625
34.565428495407104,-400000.0625,10650.1103515625,-400000.0625,-400000.0625,-1134.5899658203125,-400000.0625,-400000.0625,-400000.0625
34.57026743888855,-400000.0625,11109.8798828125,-400000.0625,-400000.0625,-631.52001953125,-400000.0625,-400000.0625,-400000.0625
34.57027554512024,-400000.0625,13194.23046875,-400000.0625,-400000.0625,1491.4000244140625,-400000.0625,-400000.0625,-400000.0625
34.57027983665466,-400000.0625,13813.830078125,-400000.0625,-400000.0625,2120.639892578125,-400000.0625,-400000.0625,-400000.0625
34.57028388977051,-400000.0625,12369.58984375,-400000.0625,-400000.0625,670.1500244140625,-400000.0625,-400000.0625,-400000.0625
34.57028770446777,-400000.0625,10920.5703125,-400000.0625,-400000.0625,-763.6500244140625,-400000.0625,-400000.0625,-400000.0625
34.57029104232788,-400000.0625,11415.4404296875,-400000.0625,-400000.0625,-225.30999755859375,-400000.0625,-400000.0625,-400000.0625
34.57029461860657,-400000.0625,13548.419921875,-400000.0625,-400000.0625,1945.3499755859375,-400000.0625,-400000.0625,-400000.0625
34.57029843330383,-400000.0625,14482.3095703125,-400000.0625,-400000.0625,2885.6298828125,-400000.0625,-400000.0625,-400000.0625
34.57030200958252,-400000.0625,12950.419921875,-400000.0625,-400000.0625,1345.8299560546875,-400000.0625,-400000.0625,-400000.0625
34.570305585861206,-400000.0625,11275.3896484375,-400000.0625,-400000.0625,-320.5299987792969,-400000.0625,-400000.0625,-400000.0625
34.57030916213989,-400000.0625,11863.1396484375,-400000.0625,-400000.0625,289.20001220703125,-400000.0625,-400000.0625,-400000.0625
34.57031273841858,-400000.0625,13932.849609375,-400000.0625,-400000.0625,2385.6201171875,-400000.0625,-400000.0625,-400000.0625
34.570316553115845,-400000.0625,14736.5595703125,-400000.0625,-400000.0625,3191.330078125,-400000.0625,-400000.0625,-400000.0625
34.57032012939453,-400000.0625,13181.259765625,-400000.0625,-400000.0625,1623.43994140625,-400000.0625,-400000.0625,-400000.0625
34.63647794723511,-400000.0625,11946.1103515625,-400000.0625,-400000.0625,421.7099914550781,-400000.0625,-400000.0625,-400000.0625
34.74799823760986,-400000.0625,12237.169921875,-400000.0625,-400000.0625,486.3699951171875,-400000.0625,-400000.0625,-400000.0625
34.88635182380676,-400000.0625,11689.4697265625,-400000.0625,-400000.0625,-961.3499755859375,-400000.0625,-400000.0625,-400000.0625
34.9474151134491,-400000.0625,11092.4697265625,-400000.0625,-400000.0625,-3318.360107421875,-400000.0625,-400000.0625,-400000.0625
35.001856565475464,-400000.0625,12879.900390625,-400000.0625,-400000.0625,-2049.39990234375,-400000.0625,-400000.0625,-400000.0625
35.19714975357056,-400000.0625,11392.98046875,-400000.0625,-400000.0625,-4204.3701171875,-400000.0625,-400000.0625,-400000.0625
35.33635449409485,-400000.0625,9841.8203125,-400000.0625,-400000.0625,-5921.89013671875,-400000.0625,-400000.0625,-400000.0625
35.59728002548218,-400000.0625,7944.2998046875,-400000.0625,-400000.0625,-7760.330078125,-400000.0625,-400000.0625,-400000.0625
35.64410662651062,-400000.0625,8250.4296875,-400000.0625,-400000.0625,-7192.18017578125,-400000.0625,-400000.0625,-400000.0625
35.80653190612793,-400000.0625,8285.330078125,-400000.0625,-400000.0625,-7010.990234375,-400000.0625,-400000.0625,-400000.0625
35.89798831939697,-400000.0625,6956.43994140625,-400000.0625,-400000.0625,-8109.240234375,-400000.0625,-400000.0625,-400000.0625
36.094048261642456,-400000.0625,8861.259765625,-400000.0625,-400000.0625,-5857.56005859375,-400000.0625,-400000.0625,-400000.0625
36.182737588882446,-400000.0625,7212.02001953125,-400000.0625,-400000.0625,-7571.080078125,-400000.0625,-400000.0625,-400000.0625
36.2181396484375,-400000.0625,5785.18017578125,-400000.0625,-400000.0625,-8976.169921875,-400000.0625,-400000.0625,-400000.0625
36.298218965530396,-400000.0625,6408.41015625,-400000.0625,-400000.0625,-8265.4501953125,-400000.0625,-400000.0625,-400000.0625
36.49283170700073,-400000.0625,6856.5400390625,-400000.0625,-400000.0625,-7562.2099609375,-400000.0625,-400000.0625,-400000.0625
36.5470507144928,-400000.0625,5282.1201171875,-400000.0625,-400000.0625,-8860.2998046875,-400000.0625,-400000.0625,-400000.0625
36.61288619041443,-400000.0625,6309.4599609375,-400000.0625,-400000.0625,-7626.14990234375,-400000.0625,-400000.0625,-400000.0625
36.62378191947937,-400000.0625,8138.31982421875,-400000.0625,-400000.0625,-5718.759765625,-400000.0625,-400000.0625,-400000.0625
36.62888765335083,-400000.0625,8420.7998046875,-400000.0625,-400000.0625,-5425.5498046875,-400000.0625,-400000.0625,-400000.0625
36.63468360900879,-400000.0625,6664.990234375,-400000.0625,-400000.0625,-7180.68994140625,-400000.0625,-400000.0625,-400000.0625
36.64094114303589,-400000.0625,5380.6298828125,-400000.0625,-400000.0625,-8415.75,-400000.0625,-400000.0625,-400000.0625
36.64588022232056,-400000.0625,6424.08984375,-400000.0625,-400000.0625,-7304.2900390625,-400000.0625,-400000.0625,-400000.0625
36.645888328552246,-400000.0625,8290.240234375,-400000.0625,-400000.0625,-5369.9501953125,-400000.0625,-400000.0625,-400000.0625
36.64589262008667,-400000.0625,8474.2998046875,-400000.0625,-400000.0625,-5155.66015625,-400000.0625,-400000.0625,-400000.0625
36.645896196365356,-400000.0625,6587.4599609375,-400000.0625,-400000.0625,-6981.89990234375,-400000.0625,-400000.0625,-400000.0625
36.64589977264404,-400000.0625,5410.81005859375,-400000.0625,-400000.0625,-8032.7001953125,-400000.0625,-400000.0625,-400000.0625
36.64590382575989,-400000.0625,6395.2001953125,-400000.0625,-400000.0625,-6944.89990234375,-400000.0625,-400000.0625,-400000.0625
36.64590764045715,-400000.0625,8234.3095703125,-400000.0625,-400000.0625,-5038.4501953125,-400000.0625,-400000.0625,-400000.0625
36.64591145515442,-400000.0625,8495.2802734375,-400000.0625,-400000.0625,-4729.31982421875,-400000.0625,-400000.0625,-400000.0625
36.645915031433105,-400000.0625,6497.9599609375,-400000.0625,-400000.0625,-6695.1298828125,-400000.0625,-400000.0625,-400000.0625
36.64591884613037,-400000.0625,5513.9501953125,-400000.0625,-400000.0625,-7652.330078125,-400000.0625,-400000.0625,-400000.0625
36.64592266082764,-400000.0625,6360.009765625,-400000.0625,-400000.0625,-6758.68994140625,-400000.0625,-400000.0625,-400000.0625
36.66879653930664,-400000.0625,8336.2099609375,-400000.0625,-400000.0625,-4746.06005859375,-400000.0625,-400000.0625,-400000.0625
36.67429971694946,-400000.0625,8745.33984375,-400000.0625,-400000.0625,-4308.75,-400000.0625,-400000.0625,-400000.0625
36.67905378341675,-400000.0625,6849.669921875,-400000.0625,-400000.0625,-6167.93994140625,-400000.0625,-400000.0625,-400000.0625
36.6790611743927,-400000.0625,5589.8701171875,-400000.0625,-400000.0625,-7392.93017578125,-400000.0625,-400000.0625,-400000.0625
36.679065227508545,-400000.0625,6640.81982421875,-400000.0625,-400000.0625,-6310.64990234375,-400000.0625,-400000.0625,-400000.0625
36.67906904220581,-400000.0625,8526.419921875,-400000.0625,-400000.0625,-4421.27978515625,-400000.0625,-400000.0625,-400000.0625
36.6790726184845,-400000.0625,8966.0703125,-400000.0625,-400000.0625,-4006.199951171875,-400000.0625,-400000.0625,-400000.0625
36.679076194763184,-400000.0625,7058.91015625,-400000.0625,-400000.0625,-5914.5498046875,-400000.0625,-400000.0625,-400000.0625
36.67907977104187,-400000.0625,5585.2900390625,-400000.0625,-400000.0625,-7360.60009765625,-400000.0625,-400000.0625,-400000.0625
36.679083585739136,-400000.0625,6823.97021484375,-400000.0625,-400000.0625,-6087.2099609375,-400000.0625,-400000.0625,-400000.0625
36.67908763885498,-400000.0625,8940.0302734375,-400000.0625,-400000.0625,-3950.8798828125,-400000.0625,-400000.0625,-400000.0625
36.67909121513367,-400000.0625,9197.0,-400000.0625,-400000.0625,-3687.3798828125,-400000.0625,-400000.0625,-400000.0625
36.67909479141235,-400000.0625,7399.18017578125,-400000.0625,-400000.0625,-5484.14990234375,-400000.0625,-400000.0625,-400000.0625
36.679099798202515,-400000.0625,6025.509765625,-400000.0625,-400000.0625,-6847.0,-400000.0625,-400000.0625,-400000.0625
36.6791033744812,-400000.0625,7303.0498046875,-400000.0625,-400000.0625,-5553.39013671875,-400000.0625,-400000.0625,-400000.0625
36.67910695075989,-400000.0625,9359.0302734375,-400000.0625,-400000.0625,-3485.969970703125,-400000.0625,-400000.0625,-400000.0625
36.747212171554565,-400000.0625,9523.4404296875,-400000.0625,-400000.0625,-3331.949951171875,-400000.0625,-400000.0625,-400000.0625
36.757893323898315,-400000.0625,7645.7998046875,-400000.0625,-400000.0625,-5221.4599609375,-400000.0625,-400000.0625,-400000.0625
36.76325798034668,-400000.0625,6385.0400390625,-400000.0625,-400000.0625,-6478.35986328125,-400000.0625,-400000.0625,-400000.0625
36.76878476142883,-400000.0625,7561.16015625,-400000.0625,-400000.0625,-5292.7001953125,-400000.0625,-400000.0625,-400000.0625
36.773720026016235,-400000.0625,9692.6201171875,-400000.0625,-400000.0625,-3147.360107421875,-400000.0625,-400000.0625,-400000.0625
36.77372717857361,-400000.0625,9777.2099609375,-400000.0625,-400000.0625,-3058.340087890625,-400000.0625,-400000.0625,-400000.0625
36.77373147010803,-400000.0625,7908.25,-400000.0625,-400000.0625,-4945.419921875,-400000.0625,-400000.0625,-400000.0625
36.7737352848053,-400000.0625,6804.18017578125,-400000.0625,-400000.0625,-6047.5400390625,-400000.0625,-400000.0625,-400000.0625
36.773738861083984,-400000.0625,8093.8798828125,-400000.0625,-400000.0625,-4732.27978515625,-400000.0625,-400000.0625,-400000.0625
36.77374243736267,-400000.0625,9951.830078125,-400000.0625,-400000.0625,-2844.909912109375,-400000.0625,-400000.0625,-400000.0625
36.77374601364136,-400000.0625,9952.4501953125,-400000.0625,-400000.0625,-2829.5,-400000.0625,-400000.0625,-400000.0625
36.773749589920044,-400000.0625,8262.4404296875,-400000.0625,-400000.0625,-4507.77978515625,-400000.0625,-400000.0625,-400000.0625
36.77375316619873,-400000.0625,6922.52978515625,-400000.0625,-400000.0625,-5826.330078125,-400000.0625,-400000.0625,-400000.0625
36.77375650405884,-400000.0625,7944.6298828125,-400000.0625,-400000.0625,-4786.10986328125,-400000.0625,-400000.0625,-400000.0625
36.773760080337524,-400000.0625,10075.6201171875,-400000.0625,-400000.0625,-2651.449951171875,-400000.0625,-400000.0625,-400000.0625
36.77376365661621,-400000.0625,10116.0498046875,-400000.0625,-400000.0625,-2608.820068359375,-400000.0625,-400000.0625,-400000.0625
36.796395778656006,-400000.0625,8201.0302734375,-400000.0625,-400000.0625,-4521.7998046875,-400000.0625,-400000.0625,-400000.0625
36.80226373672485,-400000.0625,7042.83984375,-400000.0625,-400000.0625,-5675.64990234375,-400000.0625,-400000.0625,-400000.0625
36.807674407958984,-400000.0625,8305.2197265625,-400000.0625,-400000.0625,-4415.1298828125,-400000.0625,-400000.0625,-400000.0625
36.81253695487976,-400000.0625,10455.75,-400000.0625,-400000.0625,-2290.919921875,-400000.0625,-400000.0625,-400000.0625
36.812668561935425,-400000.0625,10563.1396484375,-400000.0625,-400000.0625,-2230.070068359375,-400000.0625,-400000.0625,-400000.0625
36.812681436538696,-400000.0625,8813.5703125,-400000.0625,-400000.0625,-4016.72998046875,-400000.0625,-400000.0625,-400000.0625
36.82205653190613,-400000.0625,7811.5,-400000.0625,-400000.0625,-5022.14013671875,-400000.0625,-400000.0625,-400000.0625
36.82788562774658,-400000.0625,9052.1796875,-400000.0625,-400000.0625,-3783.75,-400000.0625,-400000.0625,-400000.0625
36.83375811576843,-400000.0625,11078.1201171875,-400000.0625,-400000.0625,-1784.989990234375,-400000.0625,-400000.0625,-400000.0625
36.839207887649536,-400000.0625,11252.7900390625,-400000.0625,-400000.0625,-1641.93994140625,-400000.0625,-400000.0625,-400000.0625
36.844053506851196,-400000.0625,9106.400390625,-400000.0625,-400000.0625,-3808.550048828125,-400000.0625,-400000.0625,-400000.0625
36.84406232833862,-400000.0625,7883.97998046875,-400000.0625,-400000.0625,-5052.81005859375,-400000.0625,-400000.0625,-400000.0625
36.84406661987305,-400000.0625,9076.2099609375,-400000.0625,-400000.0625,-3883.97998046875,-400000.0625,-400000.0625,-400000.0625
36.84407043457031,-400000.0625,11323.1201171875,-400000.0625,-400000.0625,-1670.68994140625,-400000.0625,-400000.0625,-400000.0625
36.844075202941895,-400000.0625,11464.7900390625,-400000.0625,-400000.0625,-1554.199951171875,-400000.0625,-400000.0625,-400000.0625
36.84407901763916,-400000.0625,9656.1904296875,-400000.0625,-400000.0625,-3383.35009765625,-400000.0625,-400000.0625,-400000.0625
36.864243268966675,-400000.0625,8501.8203125,-400000.0625,-400000.0625,-4544.97021484375,-400000.0625,-400000.0625,-400000.0625
36.87460684776306,-400000.0625,9790.4697265625,-400000.0625,-400000.0625,-3259.56005859375,-400000.0625,-400000.0625,-400000.0625
36.87954640388489,-400000.0625,11972.9501953125,-400000.0625,-400000.0625,-1092.530029296875,-400000.0625,-400000.0625,-400000.0625
36.879555225372314,-400000.0625,12128.01953125,-400000.0625,-400000.0625,-969.7000122070312,-400000.0625,-400000.0625,-400000.0625
36.87955927848816,-400000.0625,10131.0302734375,-400000.0625,-400000.0625,-2990.43994140625,-400000.0625,-400000.0625,-400000.0625
36.879563093185425,-400000.0625,8940.599609375,-400000.0625,-400000.0625,-4191.2099609375,-400000.0625,-400000.0625,-400000.0625
36.87956666946411,-400000.0625,10229.25,-400000.0625,-400000.0625,-2905.889892578125,-400000.0625,-400000.0625,-400000.0625
36.8795702457428,-400000.0625,12256.8095703125,-400000.0625,-400000.0625,-884.3900146484375,-400000.0625,-400000.0625,-400000.0625
36.879573583602905,-400000.0625,12449.1201171875,-400000.0625,-400000.0625,-708.530029296875,-400000.0625,-400000.0625,-400000.0625
36.87957715988159,-400000.0625,10643.150390625,-400000.0625,-400000.0625,-2521.85009765625,-400000.0625,-400000.0625,-400000.0625
36.8795804977417,-400000.0625,9419.25,-400000.0625,-400000.0625,-3739.070068359375,-400000.0625,-400000.0625,-400000.0625
36.879584074020386,-400000.0625,10664.66015625,-400000.0625,-400000.0625,-2484.3701171875,-400000.0625,-400000.0625,-400000.0625
36.87958765029907,-400000.0625,12654.9296875,-400000.0625,-400000.0625,-496.239990234375,-400000.0625,-400000.0625,-400000.0625
36.87959122657776,-400000.0625,12829.1103515625,-400000.0625,-400000.0625,-338.4100036621094,-400000.0625,-400000.0625,-400000.0625
36.879594564437866,-400000.0625,10913.75,-400000.0625,-400000.0625,-2265.219970703125,-400000.0625,-400000.0625,-400000.0625
36.87959814071655,-400000.0625,9685.419921875,-400000.0625,-400000.0625,-3487.39990234375,-400000.0625,-400000.0625,-400000.0625
36.928006649017334,-400000.0625,10975.4599609375,-400000.0625,-400000.0625,-2187.159912109375,-400000.0625,-400000.0625,-400000.0625
36.934502363204956,-400000.0625,13114.8798828125,-400000.0625,-400000.0625,-49.72999954223633,-400000.0625,-400000.0625,-400000.0625
36.94062113761902,-400000.0625,13119.169921875,-400000.0625,-400000.0625,-55.84000015258789,-400000.0625,-400000.0625,-400000.0625
36.94614219665527,-400000.0625,11132.1904296875,-400000.0625,-400000.0625,-2053.929931640625,-400000.0625,-400000.0625,-400000.0625
36.95180606842041,-400000.0625,9888.3603515625,-400000.0625,-400000.0625,-3296.280029296875,-400000.0625,-400000.0625,-400000.0625
36.95704460144043,-400000.0625,11003.5400390625,-400000.0625,-400000.0625,-2174.22998046875,-400000.0625,-400000.0625,-400000.0625
36.96262240409851,-400000.0625,13188.3203125,-400000.0625,-400000.0625,4.289999961853027,-400000.0625,-400000.0625,-400000.0625
36.968297719955444,-400000.0625,13410.2802734375,-400000.0625,-400000.0625,210.75999450683594,-400000.0625,-400000.0625,-400000.0625
36.97741341590881,-400000.0625,11503.169921875,-400000.0625,-400000.0625,-1712.93994140625,-400000.0625,-400000.0625,-400000.0625
36.98256468772888,-400000.0625,10031.1298828125,-400000.0625,-400000.0625,-3182.97998046875,-400000.0625,-400000.0625,-400000.0625
36.98811888694763,-400000.0625,11213.01953125,-400000.0625,-400000.0625,-1994.280029296875,-400000.0625,-400000.0625,-400000.0625
36.993277072906494,-400000.0625,13388.2099609375,-400000.0625,-400000.0625,170.85000610351562,-400000.0625,-400000.0625,-400000.0625
36.998364210128784,-400000.0625,13469.4599609375,-400000.0625,-400000.0625,231.5500030517578,-400000.0625,-400000.0625,-400000.0625
37.00348711013794,-400000.0625,11439.9404296875,-400000.0625,-400000.0625,-1822.22998046875,-400000.0625,-400000.0625,-400000.0625
37.009562492370605,-400000.0625,10320.8603515625,-400000.0625,-400000.0625,-2952.050048828125,-400000.0625,-400000.0625,-400000.0625
37.01441192626953,-400000.0625,11369.9404296875,-400000.0625,-400000.0625,-1899.9599609375,-400000.0625,-400000.0625,-400000.0625
37.01442241668701,-400000.0625,13407.0400390625,-400000.0625,-400000.0625,123.73999786376953,-400000.0625,-400000.0625,-400000.0625
37.014426708221436,-400000.0625,13500.2197265625,-400000.0625,-400000.0625,188.02000427246094,-400000.0625,-400000.0625,-400000.0625
37.01443099975586,-400000.0625,11628.3896484375,-400000.0625,-400000.0625,-1709.800048828125,-400000.0625,-400000.0625,-400000.0625
37.014434814453125,-400000.0625,10193.6396484375,-400000.0625,-400000.0625,-3148.510009765625,-400000.0625,-400000.0625,-400000.0625
37.01443886756897,-400000.0625,11311.099609375,-400000.0625,-400000.0625,-2027.0799560546875,-400000.0625,-400000.0625,-400000.0625
37.014442682266235,-400000.0625,13438.1796875,-400000.0625,-400000.0625,96.2300033569336,-400000.0625,-400000.0625,-400000.0625
37.0144464969635,-400000.0625,13338.5703125,-400000.0625,-400000.0625,-6.150000095367432,-400000.0625,-400000.0625,-400000.0625
37.014450550079346,-400000.0625,11442.66015625,-400000.0625,-400000.0625,-1904.5799560546875,-400000.0625,-400000.0625,-400000.0625
37.01445412635803,-400000.0625,10254.2900390625,-400000.0625,-400000.0625,-3084.659912109375,-400000.0625,-400000.0625,-400000.0625
37.01445770263672,-400000.0625,11349.8203125,-400000.0625,-400000.0625,-1965.6700439453125,-400000.0625,-400000.0625,-400000.0625
37.014461278915405,-400000.0625,13250.5,-400000.0625,-400000.0625,-48.59000015258789,-400000.0625,-400000.0625,-400000.0625
37.01446509361267,-400000.0625,13192.1298828125,-400000.0625,-400000.0625,-108.4800033569336,-400000.0625,-400000.0625,-400000.0625
37.014469146728516,-400000.0625,11243.9599609375,-400000.0625,-400000.0625,-2071.139892578125,-400000.0625,-400000.0625,-400000.0625
37.0144727230072,-400000.0625,9951.3095703125,-400000.0625,-400000.0625,-3363.85009765625,-400000.0625,-400000.0625,-400000.0625
37.01447653770447,-400000.0625,11070.919921875,-400000.0625,-400000.0625,-2238.1298828125,-400000.0625,-400000.0625,-400000.0625
37.01448106765747,-400000.0625,12957.099609375,-400000.0625,-400000.0625,-352.04998779296875,-400000.0625,-400000.0625,-400000.0625
37.05027198791504,-400000.0625,12911.66015625,-400000.0625,-400000.0625,-402.7799987792969,-400000.0625,-400000.0625,-400000.0625
37.055835008621216,-400000.0625,10984.23046875,-400000.0625,-400000.0625,-2325.5400390625,-400000.0625,-400000.0625,-400000.0625
37.061283349990845,-400000.0625,9692.9599609375,-400000.0625,-400000.0625,-3592.6298828125,-400000.0625,-400000.0625,-400000.0625
37.06694793701172,-400000.0625,10685.4501953125,-400000.0625,-400000.0625,-2574.72998046875,-400000.0625,-400000.0625,-400000.0625
37.0734338760376,-400000.0625,12473.919921875,-400000.0625,-400000.0625,-779.530029296875,-400000.0625,-400000.0625,-400000.0625
37.08485531806946,-400000.0625,12557.5595703125,-400000.0625,-400000.0625,-720.4500122070312,-400000.0625,-400000.0625,-400000.0625
37.09045958518982,-400000.0625,10678.150390625,-400000.0625,-400000.0625,-2629.419921875,-400000.0625,-400000.0625,-400000.0625
37.09526777267456,-400000.0625,9437.7099609375,-400000.0625,-400000.0625,-3892.800048828125,-400000.0625,-400000.0625,-400000.0625
37.095274686813354,-400000.0625,10561.1796875,-400000.0625,-400000.0625,-2784.780029296875,-400000.0625,-400000.0625,-400000.0625
37.09527921676636,-400000.0625,12317.7998046875,-400000.0625,-400000.0625,-1045.989990234375,-400000.0625,-400000.0625,-400000.0625
37.09528303146362,-400000.0625,12361.240234375,-400000.0625,-400000.0625,-1045.510009765625,-400000.0625,-400000.0625,-400000.0625
37.09528684616089,-400000.0625,10509.7802734375,-400000.0625,-400000.0625,-2945.139892578125,-400000.0625,-400000.0625,-400000.0625
37.095290422439575,-400000.0625,9255.3095703125,-400000.0625,-400000.0625,-4220.919921875,-400000.0625,-400000.0625,-400000.0625
37.09529399871826,-400000.0625,10217.7197265625,-400000.0625,-400000.0625,-3256.989990234375,-400000.0625,-400000.0625,-400000.0625
37.095298528671265,-400000.0625,12024.58984375,-400000.0625,-400000.0625,-1456.550048828125,-400000.0625,-400000.0625,-400000.0625
37.09530258178711,-400000.0625,12161.4501953125,-400000.0625,-400000.0625,-1370.050048828125,-400000.0625,-400000.0625,-400000.0625
37.11679720878601,-400000.0625,10342.8896484375,-400000.0625,-400000.0625,-3255.989990234375,-400000.0625,-400000.0625,-400000.0625
37.19161605834961,-400000.0625,9273.4296875,-400000.0625,-400000.0625,-5547.10009765625,-400000.0625,-400000.0625,-400000.0625
37.274128913879395,-400000.0625,9567.169921875,-400000.0625,-400000.0625,-5275.43994140625,-400000.0625,-400000.0625,-400000.0625
37.30776023864746,-400000.0625,9463.0302734375,-400000.0625,-400000.0625,-4314.419921875,-400000.0625,-400000.0625,-400000.0625
37.4427490234375,-400000.0625,-36599.3515625,-400000.0625,-400000.0625,-7658.85986328125,-400000.0625,-400000.0625,-400000.0625
37.49761343002319,-400000.0625,-54840.05078125,-400000.0625,-400000.0625,-9443.8603515625,-400000.0625,-400000.0625,-400000.0625
37.564250230789185,-400000.0625,-81302.9375,-400000.0625,-400000.0625,-8341.0703125,-400000.0625,-400000.0625,-400000.0625
37.64760661125183,-400000.0625,-116621.1328125,-400000.0625,-400000.0625,-6542.39990234375,-400000.0625,-400000.0625,-400000.0625
37.82014751434326,-400000.0625,7728.6298828125,-400000.0625,-400000.0625,-10098.41015625,-400000.0625,-400000.0625,-400000.0625
37.89725685119629,-400000.0625,8060.83984375,-400000.0625,-400000.0625,-9010.0302734375,-400000.0625,-400000.0625,-400000.0625
37.94777965545654,-400000.0625,8659.1298828125,-400000.0625,-400000.0625,-7410.56982421875,-400000.0625,-400000.0625,-400000.0625
38.097195625305176,-400000.0625,4709.85986328125,-400000.0625,-400000.0625,-10374.259765625,-400000.0625,-400000.0625,-400000.0625
38.14906716346741,-400000.0625,4761.169921875,-400000.0625,-400000.0625,-10311.650390625,-400000.0625,-400000.0625,-400000.0625
38.203484773635864,-400000.0625,5663.2998046875,-400000.0625,-400000.0625,-9069.7802734375,-400000.0625,-400000.0625,-400000.0625
38.38134980201721,-400000.0625,7367.52001953125,-400000.0625,-400000.0625,-7733.77978515625,-400000.0625,-400000.0625,-400000.0625
38.457977533340454,-400000.0625,4957.10009765625,-400000.0625,-400000.0625,-10474.8701171875,-400000.0625,-400000.0625,-400000.0625
38.53295373916626,-400000.0625,5906.77001953125,-400000.0625,-400000.0625,-9308.3896484375,-400000.0625,-400000.0625,-400000.0625
38.65106153488159,-400000.0625,7415.580078125,-400000.0625,-400000.0625,-8026.89013671875,-400000.0625,-400000.0625,-400000.0625
38.91403532028198,-400000.0625,7932.14013671875,-400000.0625,-400000.0625,-7919.35986328125,-400000.0625,-400000.0625,-400000.0625
38.97278380393982,-400000.0625,8037.27978515625,-400000.0625,-400000.0625,-7761.43017578125,-400000.0625,-400000.0625,-400000.0625
39.0377311706543,-400000.0625,6243.75,-400000.0625,-400000.0625,-9642.2197265625,-400000.0625,-400000.0625,-400000.0625
39.11827540397644,-400000.0625,5335.0,-400000.0625,-400000.0625,-9931.990234375,-400000.0625,-400000.0625,-400000.0625
39.12452244758606,-400000.0625,6807.14013671875,-400000.0625,-400000.0625,-8369.5400390625,-400000.0625,-400000.0625,-400000.0625
39.12948226928711,-400000.0625,8294.6298828125,-400000.0625,-400000.0625,-6820.5400390625,-400000.0625,-400000.0625,-400000.0625
39.1294891834259,-400000.0625,7723.89990234375,-400000.0625,-400000.0625,-7284.830078125,-400000.0625,-400000.0625,-400000.0625
39.129493951797485,-400000.0625,5775.02001953125,-400000.0625,-400000.0625,-9071.349609375,-400000.0625,-400000.0625,-400000.0625
39.12949800491333,-400000.0625,4964.2099609375,-400000.0625,-400000.0625,-9761.8095703125,-400000.0625,-400000.0625,-400000.0625
39.12950158119202,-400000.0625,6491.7099609375,-400000.0625,-400000.0625,-8224.9697265625,-400000.0625,-400000.0625,-400000.0625
39.12950682640076,-400000.0625,8335.0703125,-400000.0625,-400000.0625,-6391.0498046875,-400000.0625,-400000.0625,-400000.0625
39.129512786865234,-400000.0625,7797.39013671875,-400000.0625,-400000.0625,-6865.259765625,-400000.0625,-400000.0625,-400000.0625
39.12951683998108,-400000.0625,5774.93017578125,-400000.0625,-400000.0625,-8777.4296875,-400000.0625,-400000.0625,-400000.0625
39.129520416259766,-400000.0625,5094.81005859375,-400000.0625,-400000.0625,-9414.099609375,-400000.0625,-400000.0625,-400000.0625
39.12952446937561,-400000.0625,6702.47021484375,-400000.0625,-400000.0625,-7838.6298828125,-400000.0625,-400000.0625,-400000.0625
39.135390758514404,-400000.0625,8386.5703125,-400000.0625,-400000.0625,-6187.919921875,-400000.0625,-400000.0625,-400000.0625
39.1423602104187,-400000.0625,8007.580078125,-400000.0625,-400000.0625,-6553.1298828125,-400000.0625,-400000.0625,-400000.0625
39.15192246437073,-400000.0625,6088.8798828125,-400000.0625,-400000.0625,-8416.5595703125,-400000.0625,-400000.0625,-400000.0625
39.15794324874878,-400000.0625,5409.2900390625,-400000.0625,-400000.0625,-9076.6396484375,-400000.0625,-400000.0625,-400000.0625
39.17664861679077,-400000.0625,7142.4501953125,-400000.0625,-400000.0625,-7399.66015625,-400000.0625,-400000.0625,-400000.0625
39.182602882385254,-400000.0625,8748.099609375,-400000.0625,-400000.0625,-5837.5400390625,-400000.0625,-400000.0625,-400000.0625
39.18824553489685,-400000.0625,8192.6396484375,-400000.0625,-400000.0625,-6382.3701171875,-400000.0625,-400000.0625,-400000.0625
39.193164348602295,-400000.0625,6401.919921875,-400000.0625,-400000.0625,-8135.56005859375,-400000.0625,-400000.0625,-400000.0625
39.19317412376404,-400000.0625,5637.259765625,-400000.0625,-400000.0625,-8886.150390625,-400000.0625,-400000.0625,-400000.0625
39.19317841529846,-400000.0625,7330.66015625,-400000.0625,-400000.0625,-7270.18994140625,-400000.0625,-400000.0625,-400000.0625
39.19318199157715,-400000.0625,9110.0703125,-400000.0625,-400000.0625,-5579.52001953125,-400000.0625,-400000.0625,-400000.0625
39.19318604469299,-400000.0625,8619.9296875,-400000.0625,-400000.0625,-6080.2001953125,-400000.0625,-400000.0625,-400000.0625
39.19319009780884,-400000.0625,6689.60009765625,-400000.0625,-400000.0625,-7987.7900390625,-400000.0625,-400000.0625,-400000.0625
39.1931939125061,-400000.0625,6126.830078125,-400000.0625,-400000.0625,-8579.73046875,-400000.0625,-400000.0625,-400000.0625
39.19319772720337,-400000.0625,7841.06005859375,-400000.0625,-400000.0625,-6949.08984375,-400000.0625,-400000.0625,-400000.0625
39.193201541900635,-400000.0625,9409.240234375,-400000.0625,-400000.0625,-5462.1201171875,-400000.0625,-400000.0625,-400000.0625
39.19320511817932,-400000.0625,9126.8603515625,-400000.0625,-400000.0625,-5774.93017578125,-400000.0625,-400000.0625,-400000.0625
39.19320869445801,-400000.0625,7193.759765625,-400000.0625,-400000.0625,-7700.2998046875,-400000.0625,-400000.0625,-400000.0625
39.193212032318115,-400000.0625,6428.2900390625,-400000.0625,-400000.0625,-8502.580078125,-400000.0625,-400000.0625,-400000.0625
39.19321584701538,-400000.0625,8026.89013671875,-400000.0625,-400000.0625,-7001.39990234375,-400000.0625,-400000.0625,-400000.0625
39.24702215194702,-400000.0625,9944.4404296875,-400000.0625,-400000.0625,-5169.39013671875,-400000.0625,-400000.0625,-400000.0625
39.25849366188049,-400000.0625,9556.009765625,-400000.0625,-400000.0625,-5573.93994140625,-400000.0625,-400000.0625,-400000.0625
39.26384353637695,-400000.0625,7560.68017578125,-400000.0625,-400000.0625,-7552.6201171875,-400000.0625,-400000.0625,-400000.0625
39.26981210708618,-400000.0625,6796.22021484375,-400000.0625,-400000.0625,-8339.01953125,-400000.0625,-400000.0625,-400000.0625
39.27464938163757,-400000.0625,8500.8603515625,-400000.0625,-400000.0625,-6717.5400390625,-400000.0625,-400000.0625,-400000.0625
39.27466011047363,-400000.0625,10534.759765625,-400000.0625,-400000.0625,-4760.080078125,-400000.0625,-400000.0625,-400000.0625
39.27466440200806,-400000.0625,10167.8896484375,-400000.0625,-400000.0625,-5135.2998046875,-400000.0625,-400000.0625,-400000.0625
39.27466797828674,-400000.0625,7993.509765625,-400000.0625,-400000.0625,-7286.5498046875,-400000.0625,-400000.0625,-400000.0625
39.27467179298401,-400000.0625,7329.4599609375,-400000.0625,-400000.0625,-7968.669921875,-400000.0625,-400000.0625,-400000.0625
39.274675607681274,-400000.0625,9024.7197265625,-400000.0625,-400000.0625,-6320.0,-400000.0625,-400000.0625,-400000.0625
39.27467942237854,-400000.0625,10802.9404296875,-400000.0625,-400000.0625,-4599.14013671875,-400000.0625,-400000.0625,-400000.0625
39.27468299865723,-400000.0625,10310.5595703125,-400000.0625,-400000.0625,-5101.490234375,-400000.0625,-400000.0625,-400000.0625
39.27468657493591,-400000.0625,8533.91015625,-400000.0625,-400000.0625,-6863.39990234375,-400000.0625,-400000.0625,-400000.0625
39.27468991279602,-400000.0625,7939.33984375,-400000.0625,-400000.0625,-7464.509765625,-400000.0625,-400000.0625,-400000.0625
39.27469325065613,-400000.0625,9523.919921875,-400000.0625,-400000.0625,-5931.66015625,-400000.0625,-400000.0625,-400000.0625
39.274696588516235,-400000.0625,11328.26953125,-400000.0625,-400000.0625,-4187.6298828125,-400000.0625,-400000.0625,-400000.0625
39.292866945266724,-400000.0625,10801.2197265625,-400000.0625,-400000.0625,-4724.35986328125,-400000.0625,-400000.0625,-400000.0625
39.29842138290405,-400000.0625,8706.4296875,-400000.0625,-400000.0625,-6805.7099609375,-400000.0625,-400000.0625,-400000.0625
39.30374097824097,-400000.0625,7916.830078125,-400000.0625,-400000.0625,-7621.33984375,-400000.0625,-400000.0625,-400000.0625
39.30965256690979,-400000.0625,9756.7998046875,-400000.0625,-400000.0625,-5855.3701171875,-400000.0625,-400000.0625,-400000.0625
39.31420302391052,-400000.0625,11889.41015625,-400000.0625,-400000.0625,-3790.570068359375,-400000.0625,-400000.0625,-400000.0625
39.31421208381653,-400000.0625,11487.2900390625,-400000.0625,-400000.0625,-4221.39013671875,-400000.0625,-400000.0625,-400000.0625
39.31421875953674,-400000.0625,9231.3798828125,-400000.0625,-400000.0625,-6473.4501953125,-400000.0625,-400000.0625,-400000.0625
39.31422543525696,-400000.0625,8145.759765625,-400000.0625,-400000.0625,-7569.35986328125,-400000.0625,-400000.0625,-400000.0625
39.31422996520996,-400000.0625,10033.75,-400000.0625,-400000.0625,-5723.9501953125,-400000.0625,-400000.0625,-400000.0625
39.31423377990723,-400000.0625,11975.669921875,-400000.0625,-400000.0625,-3815.60009765625,-400000.0625,-400000.0625,-400000.0625
39.31431770324707,-400000.0625,11446.0498046875,-400000.0625,-400000.0625,-4352.27978515625,-400000.0625,-400000.0625,-400000.0625
39.31433916091919,-400000.0625,9778.4501953125,-400000.0625,-400000.0625,-6005.240234375,-400000.0625,-400000.0625,-400000.0625
39.314348459243774,-400000.0625,8952.48046875,-400000.0625,-400000.0625,-6822.39990234375,-400000.0625,-400000.0625,-400000.0625
39.314356565475464,-400000.0625,10448.8896484375,-400000.0625,-400000.0625,-5358.41015625,-400000.0625,-400000.0625,-400000.0625
39.31436514854431,-400000.0625,12050.1103515625,-400000.0625,-400000.0625,-3787.570068359375,-400000.0625,-400000.0625,-400000.0625
39.31437301635742,-400000.0625,11748.509765625,-400000.0625,-400000.0625,-4097.080078125,-400000.0625,-400000.0625,-400000.0625
39.36381149291992,-400000.0625,9877.4404296875,-400000.0625,-400000.0625,-5949.06982421875,-400000.0625,-400000.0625,-400000.0625
39.37392520904541,-400000.0625,9198.91015625,-400000.0625,-400000.0625,-6623.31982421875,-400000.0625,-400000.0625,-400000.0625
39.3786256313324,-400000.0625,10978.83984375,-400000.0625,-400000.0625,-4867.97998046875,-400000.0625,-400000.0625,-400000.0625
39.378633975982666,-400000.0625,12774.1796875,-400000.0625,-400000.0625,-3087.89990234375,-400000.0625,-400000.0625,-400000.0625
39.37863826751709,-400000.0625,12153.2001953125,-400000.0625,-400000.0625,-3693.06005859375,-400000.0625,-400000.0625,-400000.0625
39.37864279747009,-400000.0625,10093.740234375,-400000.0625,-400000.0625,-5716.419921875,-400000.0625,-400000.0625,-400000.0625
39.37864637374878,-400000.0625,9496.5498046875,-400000.0625,-400000.0625,-6295.39990234375,-400000.0625,-400000.0625,-400000.0625
39.378649950027466,-400000.0625,11445.1904296875,-400000.0625,-400000.0625,-4357.14990234375,-400000.0625,-400000.0625,-400000.0625
39.37865376472473,-400000.0625,13086.1796875,-400000.0625,-400000.0625,-2728.4599609375,-400000.0625,-400000.0625,-400000.0625
39.37865734100342,-400000.0625,12432.669921875,-400000.0625,-400000.0625,-3387.260009765625,-400000.0625,-400000.0625,-400000.0625
39.378660678863525,-400000.0625,10480.8798828125,-400000.0625,-400000.0625,-5330.3701171875,-400000.0625,-400000.0625,-400000.0625
39.37866425514221,-400000.0625,9909.1103515625,-400000.0625,-400000.0625,-5904.52978515625,-400000.0625,-400000.0625,-400000.0625
39.3786678314209,-400000.0625,11604.1201171875,-400000.0625,-400000.0625,-4234.1201171875,-400000.0625,-400000.0625,-400000.0625
39.378671407699585,-400000.0625,13344.1904296875,-400000.0625,-400000.0625,-2520.510009765625,-400000.0625,-400000.0625,-400000.0625
39.37867498397827,-400000.0625,12813.240234375,-400000.0625,-400000.0625,-3057.860107421875,-400000.0625,-400000.0625,-400000.0625
39.37867832183838,-400000.0625,10709.48046875,-400000.0625,-400000.0625,-5147.97998046875,-400000.0625,-400000.0625,-400000.0625
39.41906666755676,-400000.0625,10009.76953125,-400000.0625,-400000.0625,-5847.06982421875,-400000.0625,-400000.0625,-400000.0625
39.42472004890442,-400000.0625,11864.08984375,-400000.0625,-400000.0625,-4025.27001953125,-400000.0625,-400000.0625,-400000.0625
39.42999744415283,-400000.0625,13731.7197265625,-400000.0625,-400000.0625,-2189.449951171875,-400000.0625,-400000.0625,-400000.0625
39.43525218963623,-400000.0625,13104.8203125,-400000.0625,-400000.0625,-2826.5,-400000.0625,-400000.0625,-400000.0625
39.44063425064087,-400000.0625,11004.1201171875,-400000.0625,-400000.0625,-4923.2001953125,-400000.0625,-400000.0625,-400000.0625
39.445850133895874,-400000.0625,10380.599609375,-400000.0625,-400000.0625,-5553.33984375,-400000.0625,-400000.0625,-400000.0625
39.45268106460571,-400000.0625,11950.6396484375,-400000.0625,-400000.0625,-4014.5400390625,-400000.0625,-400000.0625,-400000.0625
39.45878624916077,-400000.0625,13621.5703125,-400000.0625,-400000.0625,-2391.429931640625,-400000.0625,-400000.0625,-400000.0625
39.46403431892395,-400000.0625,13130.759765625,-400000.0625,-400000.0625,-2919.389892578125,-400000.0625,-400000.0625,-400000.0625
39.47420120239258,-400000.0625,10974.6904296875,-400000.0625,-400000.0625,-5096.580078125,-400000.0625,-400000.0625,-400000.0625
39.47939324378967,-400000.0625,10309.599609375,-400000.0625,-400000.0625,-5805.4501953125,-400000.0625,-400000.0625,-400000.0625
39.485225677490234,-400000.0625,12023.5,-400000.0625,-400000.0625,-4165.97998046875,-400000.0625,-400000.0625,-400000.0625
39.49179983139038,-400000.0625,13827.7099609375,-400000.0625,-400000.0625,-2426.6201171875,-400000.0625,-400000.0625,-400000.0625
39.497695446014404,-400000.0625,13150.8798828125,-400000.0625,-400000.0625,-3145.169921875,-400000.0625,-400000.0625,-400000.0625
39.504456520080566,-400000.0625,11073.400390625,-400000.0625,-400000.0625,-5245.06982421875,-400000.0625,-400000.0625,-400000.0625
39.511202335357666,-400000.0625,10498.7197265625,-400000.0625,-400000.0625,-5846.31005859375,-400000.0625,-400000.0625,-400000.0625
39.51686453819275,-400000.0625,12174.3203125,-400000.0625,-400000.0625,-4217.240234375,-400000.0625,-400000.0625,-400000.0625
39.522956132888794,-400000.0625,13940.5302734375,-400000.0625,-400000.0625,-2502.010009765625,-400000.0625,-400000.0625,-400000.0625
39.52864980697632,-400000.0625,13241.33984375,-400000.0625,-400000.0625,-3227.280029296875,-400000.0625,-400000.0625,-400000.0625
39.53469896316528,-400000.0625,11055.9501953125,-400000.0625,-400000.0625,-5422.1201171875,-400000.0625,-400000.0625,-400000.0625
39.540682315826416,-400000.0625,10565.4697265625,-400000.0625,-400000.0625,-5932.0498046875,-400000.0625,-400000.0625,-400000.0625
39.54576539993286,-400000.0625,12239.1201171875,-400000.0625,-400000.0625,-4289.580078125,-400000.0625,-400000.0625,-400000.0625
39.551753997802734,-400000.0625,13884.58984375,-400000.0625,-400000.0625,-2672.10009765625,-400000.0625,-400000.0625,-400000.0625
39.55706191062927,-400000.0625,12940.98046875,-400000.0625,-400000.0625,-3617.330078125,-400000.0625,-400000.0625,-400000.0625
39.56256175041199,-400000.0625,10882.669921875,-400000.0625,-400000.0625,-5670.64013671875,-400000.0625,-400000.0625,-400000.0625
39.5681037902832,-400000.0625,10316.2802734375,-400000.0625,-400000.0625,-6236.27001953125,-400000.0625,-400000.0625,-400000.0625
39.57887363433838,-400000.0625,11928.9404296875,-400000.0625,-400000.0625,-4637.52978515625,-400000.0625,-400000.0625,-400000.0625
39.58454489707947,-400000.0625,13507.9404296875,-400000.0625,-400000.0625,-3076.409912109375,-400000.0625,-400000.0625,-400000.0625
39.590047121047974,-400000.0625,12824.009765625,-400000.0625,-400000.0625,-3760.2900390625,-400000.0625,-400000.0625,-400000.0625
39.59532570838928,-400000.0625,10789.7802734375,-400000.0625,-400000.0625,-5779.35986328125,-400000.0625,-400000.0625,-400000.0625
39.601550817489624,-400000.0625,10014.25,-400000.0625,-400000.0625,-6547.8798828125,-400000.0625,-400000.0625,-400000.0625
39.61403179168701,-400000.0625,11391.3095703125,-400000.0625,-400000.0625,-5898.81005859375,-400000.0625,-400000.0625,-400000.0625
39.702906131744385,-400000.0625,10006.099609375,-400000.0625,-400000.0625,-8762.1201171875,-400000.0625,-400000.0625,-400000.0625
39.725282192230225,-400000.0625,9313.8701171875,-400000.0625,-400000.0625,-9395.5498046875,-400000.0625,-400000.0625,-400000.0625
39.738795042037964,-400000.0625,10532.900390625,-400000.0625,-400000.0625,-7815.22021484375,-400000.0625,-400000.0625,-400000.0625
39.752251386642456,-400000.0625,11811.5400390625,-400000.0625,-400000.0625,-6290.8701171875,-400000.0625,-400000.0625,-400000.0625
39.761865854263306,-400000.0625,11246.9697265625,-400000.0625,-400000.0625,-7074.7900390625,-400000.0625,-400000.0625,-400000.0625
39.77217507362366,-400000.0625,9627.6298828125,-400000.0625,-400000.0625,-9084.3203125,-400000.0625,-400000.0625,-400000.0625
39.78257775306702,-400000.0625,9044.4599609375,-400000.0625,-400000.0625,-9630.1103515625,-400000.0625,-400000.0625,-400000.0625
39.79158639907837,-400000.0625,10106.3701171875,-400000.0625,-400000.0625,-8192.9697265625,-400000.0625,-400000.0625,-400000.0625
39.797780990600586,-400000.0625,11306.9501953125,-400000.0625,-400000.0625,-6777.33984375,-400000.0625,-400000.0625,-400000.0625
39.8062002658844,-400000.0625,11108.6396484375,-400000.0625,-400000.0625,-7354.1201171875,-400000.0625,-400000.0625,-400000.0625
39.81865835189819,-400000.0625,9736.4404296875,-400000.0625,-400000.0625,-9280.400390625,-400000.0625,-400000.0625,-400000.0625
39.82388949394226,-400000.0625,9066.8203125,-400000.0625,-400000.0625,-9952.01953125,-400000.0625,-400000.0625,-400000.0625
39.829081296920776,-400000.0625,10095.599609375,-400000.0625,-400000.0625,-8393.0498046875,-400000.0625,-400000.0625,-400000.0625
39.8347692489624,-400000.0625,11335.5703125,-400000.0625,-400000.0625,-6863.39990234375,-400000.0625,-400000.0625,-400000.0625
39.8404860496521,-400000.0625,11097.580078125,-400000.0625,-400000.0625,-7616.81005859375,-400000.0625,-400000.0625,-400000.0625
39.845874071121216,-400000.0625,9825.51953125,-400000.0625,-400000.0625,-9622.9599609375,-400000.0625,-400000.0625,-400000.0625
39.851664781570435,-400000.0625,9324.0703125,-400000.0625,-400000.0625,-10101.1298828125,-400000.0625,-400000.0625,-400000.0625
39.85686755180359,-400000.0625,10135.83984375,-400000.0625,-400000.0625,-8549.0703125,-400000.0625,-400000.0625,-400000.0625
39.86233425140381,-400000.0625,11210.16015625,-400000.0625,-400000.0625,-7058.43017578125,-400000.0625,-400000.0625,-400000.0625
39.867568016052246,-400000.0625,10909.26953125,-400000.0625,-400000.0625,-7904.009765625,-400000.0625,-400000.0625,-400000.0625
39.87313985824585,-400000.0625,9799.76953125,-400000.0625,-400000.0625,-9779.599609375,-400000.0625,-400000.0625,-400000.0625
39.87890338897705,-400000.0625,9185.98046875,-400000.0625,-400000.0625,-10342.740234375,-400000.0625,-400000.0625,-400000.0625
39.884117603302,-400000.0625,10004.5703125,-400000.0625,-400000.0625,-8654.169921875,-400000.0625,-400000.0625,-400000.0625
39.889671325683594,-400000.0625,11009.9296875,-400000.0625,-400000.0625,-7165.240234375,-400000.0625,-400000.0625,-400000.0625
39.8947012424469,-400000.0625,10798.599609375,-400000.0625,-400000.0625,-7972.2900390625,-400000.0625,-400000.0625,-400000.0625
39.900325536727905,-400000.0625,9687.23046875,-400000.0625,-400000.0625,-9930.23046875,-400000.0625,-400000.0625,-400000.0625
39.90526986122131,-400000.0625,8991.5302734375,-400000.0625,-400000.0625,-10532.0,-400000.0625,-400000.0625,-400000.0625
39.90527892112732,-400000.0625,9747.650390625,-400000.0625,-400000.0625,-8835.509765625,-400000.0625,-400000.0625,-400000.0625
39.90528321266174,-400000.0625,10735.3701171875,-400000.0625,-400000.0625,-7342.52978515625,-400000.0625,-400000.0625,-400000.0625
39.90528678894043,-400000.0625,10445.5,-400000.0625,-400000.0625,-8187.06005859375,-400000.0625,-400000.0625,-400000.0625
39.905290603637695,-400000.0625,9339.3798828125,-400000.0625,-400000.0625,-10042.3798828125,-400000.0625,-400000.0625,-400000.0625
39.90529441833496,-400000.0625,8789.4501953125,-400000.0625,-400000.0625,-10513.1201171875,-400000.0625,-400000.0625,-400000.0625
39.905298471450806,-400000.0625,9497.3603515625,-400000.0625,-400000.0625,-8950.4296875,-400000.0625,-400000.0625,-400000.0625
39.90530204772949,-400000.0625,10542.490234375,-400000.0625,-400000.0625,-7428.64990234375,-400000.0625,-400000.0625,-400000.0625
39.90530586242676,-400000.0625,10384.509765625,-400000.0625,-400000.0625,-8147.9599609375,-400000.0625,-400000.0625,-400000.0625
39.905309438705444,-400000.0625,9183.0302734375,-400000.0625,-400000.0625,-10106.849609375,-400000.0625,-400000.0625,-400000.0625
39.90531301498413,-400000.0625,8611.9697265625,-400000.0625,-400000.0625,-10572.2001953125,-400000.0625,-400000.0625,-400000.0625
39.905317068099976,-400000.0625,9485.6796875,-400000.0625,-400000.0625,-8871.7001953125,-400000.0625,-400000.0625,-400000.0625
39.90532088279724,-400000.0625,10416.509765625,-400000.0625,-400000.0625,-7495.68994140625,-400000.0625,-400000.0625,-400000.0625
39.90532445907593,-400000.0625,10159.6396484375,-400000.0625,-400000.0625,-8239.080078125,-400000.0625,-400000.0625,-400000.0625
39.905328035354614,-400000.0625,8898.16015625,-400000.0625,-400000.0625,-10163.4501953125,-400000.0625,-400000.0625,-400000.0625
39.90533185005188,-400000.0625,8228.9697265625,-400000.0625,-400000.0625,-10714.580078125,-400000.0625,-400000.0625,-400000.0625
39.91086483001709,-400000.0625,9166.33984375,-400000.0625,-400000.0625,-9024.7197265625,-400000.0625,-400000.0625,-400000.0625
39.92073082923889,-400000.0625,10235.5498046875,-400000.0625,-400000.0625,-7550.2900390625,-400000.0625,-400000.0625,-400000.0625
39.92569351196289,-400000.0625,9949.73046875,-400000.0625,-400000.0625,-8268.6904296875,-400000.0625,-400000.0625,-400000.0625
39.92570352554321,-400000.0625,8663.849609375,-400000.0625,-400000.0625,-10121.919921875,-400000.0625,-400000.0625,-400000.0625
39.925708055496216,-400000.0625,8060.169921875,-400000.0625,-400000.0625,-10622.7900390625,-400000.0625,-400000.0625,-400000.0625
39.925713300704956,-400000.0625,9010.599609375,-400000.0625,-400000.0625,-9034.400390625,-400000.0625,-400000.0625,-400000.0625
39.92571830749512,-400000.0625,10144.51953125,-400000.0625,-400000.0625,-7561.5400390625,-400000.0625,-400000.0625,-400000.0625
39.92572236061096,-400000.0625,9785.6103515625,-400000.0625,-400000.0625,-8311.990234375,-400000.0625,-400000.0625,-400000.0625
39.92572641372681,-400000.0625,8311.5595703125,-400000.0625,-400000.0625,-10319.419921875,-400000.0625,-400000.0625,-400000.0625
39.92573022842407,-400000.0625,7649.22998046875,-400000.0625,-400000.0625,-10890.099609375,-400000.0625,-400000.0625,-400000.0625
39.92573380470276,-400000.0625,8730.9404296875,-400000.0625,-400000.0625,-9191.3701171875,-400000.0625,-400000.0625,-400000.0625
39.925737619400024,-400000.0625,10025.9296875,-400000.0625,-400000.0625,-7568.06982421875,-400000.0625,-400000.0625,-400000.0625
39.93133306503296,-400000.0625,9570.7900390625,-400000.0625,-400000.0625,-8380.4599609375,-400000.0625,-400000.0625,-400000.0625
39.936548471450806,-400000.0625,8101.27001953125,-400000.0625,-400000.0625,-10326.4296875,-400000.0625,-400000.0625,-400000.0625
39.94220304489136,-400000.0625,7551.77001953125,-400000.0625,-400000.0625,-10793.16015625,-400000.0625,-400000.0625,-400000.0625
39.94748783111572,-400000.0625,8581.7802734375,-400000.0625,-400000.0625,-9200.7197265625,-400000.0625,-400000.0625,-400000.0625
39.95305562019348,-400000.0625,9705.6904296875,-400000.0625,-400000.0625,-7771.06005859375,-400000.0625,-400000.0625,-400000.0625
39.95863723754883,-400000.0625,9401.849609375,-400000.0625,-400000.0625,-8417.419921875,-400000.0625,-400000.0625,-400000.0625
39.9636709690094,-400000.0625,7995.02978515625,-400000.0625,-400000.0625,-10290.099609375,-400000.0625,-400000.0625,-400000.0625
39.96963381767273,-400000.0625,7330.31982421875,-400000.0625,-400000.0625,-10874.26953125,-400000.0625,-400000.0625,-400000.0625
39.97484302520752,-400000.0625,8391.3798828125,-400000.0625,-400000.0625,-9269.669921875,-400000.0625,-400000.0625,-400000.0625
39.9897186756134,-400000.0625,9632.0595703125,-400000.0625,-400000.0625,-7733.35009765625,-400000.0625,-400000.0625,-400000.0625
39.997227907180786,-400000.0625,9160.4697265625,-400000.0625,-400000.0625,-8548.01953125,-400000.0625,-400000.0625,-400000.0625
40.00765109062195,-400000.0625,7714.080078125,-400000.0625,-400000.0625,-10455.5595703125,-400000.0625,-400000.0625,-400000.0625
40.019092321395874,-400000.0625,7216.60009765625,-400000.0625,-400000.0625,-10875.1298828125,-400000.0625,-400000.0625,-400000.0625
40.035841941833496,-400000.0625,8381.5595703125,-400000.0625,-400000.0625,-9175.1103515625,-400000.0625,-400000.0625,-400000.0625
40.04615879058838,-400000.0625,9601.98046875,-400000.0625,-400000.0625,-7668.5,-400000.0625,-400000.0625,-400000.0625
