time,ch1,ch2,ch3,ch4,ch5,ch6,ch7,ch8
81.47005319595337,-400000.0625,-400000.0625,-400000.0625,-400000.0625,-400000.0625,-400000.0625,-400000.0625,-400000.0625
81.481769323349,-400000.0625,-400000.0625,-400000.0625,-400000.0625,-400000.0625,-400000.0625,-400000.0625,-400000.0625
81.48692512512207,-400000.0625,-400000.0625,-400000.0625,-400000.0625,-400000.0625,-400000.0625,-400000.0625,-400000.0625
81.49350261688232,-400000.0625,-400000.0625,-400000.0625,-400000.0625,-400000.0625,-400000.0625,-400000.0625,-400000.0625
81.4990348815918,-400000.0625,-400000.0625,-400000.0625,-400000.0625,-400000.0625,-400000.0625,-400000.0625,-400000.0625
81.50492835044861,-400000.0625,-400000.0625,-400000.0625,-400000.0625,-400000.0625,-400000.0625,-400000.0625,-400000.0625
81.51241111755371,-400000.0625,-400000.0625,-400000.0625,-400000.0625,-400000.0625,-400000.0625,-400000.0625,-400000.0625
81.5175347328186,-400000.0625,-400000.0625,-400000.0625,-400000.0625,-400000.0625,-400000.0625,-400000.0625,-400000.0625
81.52363181114197,-400000.0625,-400000.0625,-400000.0625,-400000.0625,-400000.0625,-400000.0625,-400000.0625,-400000.0625
81.53030800819397,-400000.0625,-400000.0625,-400000.0625,-400000.0625,-400000.0625,-400000.0625,-400000.0625,-400000.0625
81.5362503528595,-400000.0625,-400000.0625,-400000.0625,-400000.0625,-400000.0625,-400000.0625,-400000.0625,-400000.0625
81.54371809959412,-400000.0625,-400000.0625,-400000.0625,-400000.0625,-400000.0625,-400000.0625,-400000.0625,-400000.0625
81.5494315624237,-400000.0625,-400000.0625,-400000.0625,-400000.0625,-400000.0625,-400000.0625,-400000.0625,-400000.0625
81.55565881729126,-400000.0625,-400000.0625,-400000.0625,-400000.0625,-400000.0625,-400000.0625,-400000.0625,-400000.0625
81.56189608573914,-400000.0625,-400000.0625,-400000.0625,-400000.0625,-400000.0625,-400000.0625,-400000.0625,-400000.0625
81.56747961044312,-400000.0625,-400000.0625,-400000.0625,-400000.0625,-400000.0625,-400000.0625,-400000.0625,-400000.0625
81.57329654693604,-400000.0625,-400000.0625,-400000.0625,-400000.0625,-400000.0625,-400000.0625,-400000.0625,-400000.0625
81.58355712890625,-400000.0625,-400000.0625,-400000.0625,-400000.0625,-400000.0625,-400000.0625,-400000.0625,-400000.0625
81.58891034126282,-400000.0625,-400000.0625,-400000.0625,-400000.0625,-400000.0625,-400000.0625,-400000.0625,-400000.0625
81.59665513038635,-400000.0625,-400000.0625,-400000.0625,-400000.0625,-400000.0625,-400000.0625,-400000.0625,-400000.0625
81.60122990608215,-400000.0625,-400000.0625,-400000.0625,-400000.0625,-400000.0625,-400000.0625,-400000.0625,-400000.0625
81.60123801231384,-400000.0625,-400000.0625,-400000.0625,-400000.0625,-400000.0625,-400000.0625,-400000.0625,-400000.0625
81.60124349594116,-400000.0625,-400000.0625,-400000.0625,-400000.0625,-400000.0625,-400000.0625,-400000.0625,-400000.0625
81.60124778747559,-400000.0625,-400000.0625,-400000.0625,-400000.0625,-400000.0625,-400000.0625,-400000.0625,-400000.0625
81.60125184059143,-400000.0625,-400000.0625,-400000.0625,-400000.0625,-400000.0625,-400000.0625,-400000.0625,-400000.0625
81.60125589370728,-400000.0625,-400000.0625,-400000.0625,-400000.0625,-400000.0625,-400000.0625,-400000.0625,-400000.0625
81.60125994682312,-400000.0625,-400000.0625,-400000.0625,-400000.0625,-400000.0625,-400000.0625,-400000.0625,-400000.0625
81.60126423835754,-400000.0625,-400000.0625,-400000.0625,-400000.0625,-400000.0625,-400000.0625,-400000.0625,-400000.0625
81.60126852989197,-400000.0625,-400000.0625,-400000.0625,-400000.0625,-400000.0625,-400000.0625,-400000.0625,-400000.0625
81.60127258300781,-400000.0625,-400000.0625,-400000.0625,-400000.0625,-400000.0625,-400000.0625,-400000.0625,-400000.0625
81.60127639770508,-400000.0625,-400000.0625,-400000.0625,-400000.0625,-400000.0625,-400000.0625,-400000.0625,-400000.0625
81.60128021240234,-400000.0625,-400000.0625,-400000.0625,-400000.0625,-400000.0625,-400000.0625,-400000.0625,-400000.0625
81.60870242118835,-400000.0625,-400000.0625,-400000.0625,-400000.0625,-400000.0625,-400000.0625,-400000.0625,-400000.0625
81.6156234741211,-400000.0625,-400000.0625,-400000.0625,-400000.0625,-400000.0625,-400000.0625,-400000.0625,-400000.0625
81.62064361572266,-400000.0625,-400000.0625,-400000.0625,-400000.0625,-400000.0625,-400000.0625,-400000.0625,-400000.0625
81.62716436386108,-400000.0625,-400000.0625,-400000.0625,-400000.0625,-400000.0625,-400000.0625,-400000.0625,-400000.0625
81.63197636604309,-400000.0625,-400000.0625,-400000.0625,-400000.0625,-400000.0625,-400000.0625,-400000.0625,-400000.0625
81.63198471069336,-400000.0625,-400000.0625,-400000.0625,-400000.0625,-400000.0625,-400000.0625,-400000.0625,-400000.0625
81.63198924064636,-400000.0625,-400000.0625,-400000.0625,-400000.0625,-400000.0625,-400000.0625,-400000.0625,-400000.0625
81.63199377059937,-400000.0625,-400000.0625,-400000.0625,-400000.0625,-400000.0625,-400000.0625,-400000.0625,-400000.0625
81.63199830055237,-400000.0625,-400000.0625,-400000.0625,-400000.0625,-400000.0625,-400000.0625,-400000.0625,-400000.0625
81.63200235366821,-400000.0625,-400000.0625,-400000.0625,-400000.0625,-400000.0625,-400000.0625,-400000.0625,-400000.0625
81.63200616836548,-400000.0625,-400000.0625,-400000.0625,-400000.0625,-400000.0625,-400000.0625,-400000.0625,-400000.0625
81.63201069831848,-400000.0625,-400000.0625,-400000.0625,-400000.0625,-400000.0625,-400000.0625,-400000.0625,-400000.0625
81.63201546669006,-400000.0625,-400000.0625,-400000.0625,-400000.0625,-400000.0625,-400000.0625,-400000.0625,-400000.0625
81.63201999664307,-400000.0625,-400000.0625,-400000.0625,-400000.0625,-400000.0625,-400000.0625,-400000.0625,-400000.0625
81.63202404975891,-400000.0625,-400000.0625,-400000.0625,-400000.0625,-400000.0625,-400000.0625,-400000.0625,-400000.0625
81.63202834129333,-400000.0625,-400000.0625,-400000.0625,-400000.0625,-400000.0625,-400000.0625,-400000.0625,-400000.0625
81.6648678779602,-400000.0625,-400000.0625,-400000.0625,-400000.0625,-400000.0625,-400000.0625,-400000.0625,-400000.0625
81.66978812217712,-400000.0625,-400000.0625,-400000.0625,-400000.0625,-400000.0625,-400000.0625,-400000.0625,-400000.0625
81.66979765892029,-400000.0625,-400000.0625,-400000.0625,-400000.0625,-400000.0625,-400000.0625,-400000.0625,-400000.0625
81.66980218887329,-400000.0625,-400000.0625,-400000.0625,-400000.0625,-400000.0625,-400000.0625,-400000.0625,-400000.0625
81.66980695724487,-400000.0625,-400000.0625,-400000.0625,-400000.0625,-400000.0625,-400000.0625,-400000.0625,-400000.0625
81.6698112487793,-400000.0625,-400000.0625,-400000.0625,-400000.0625,-400000.0625,-400000.0625,-400000.0625,-400000.0625
81.66981530189514,-400000.0625,-400000.0625,-400000.0625,-400000.0625,-400000.0625,-400000.0625,-400000.0625,-400000.0625
81.66981935501099,-400000.0625,-400000.0625,-400000.0625,-400000.0625,-400000.0625,-400000.0625,-400000.0625,-400000.0625
81.66982316970825,-400000.0625,-400000.0625,-400000.0625,-400000.0625,-400000.0625,-400000.0625,-400000.0625,-400000.0625
81.6698272228241,-400000.0625,-400000.0625,-400000.0625,-400000.0625,-400000.0625,-400000.0625,-400000.0625,-400000.0625
81.66983151435852,-400000.0625,-400000.0625,-400000.0625,-400000.0625,-400000.0625,-400000.0625,-400000.0625,-400000.0625
81.66983580589294,-400000.0625,-400000.0625,-400000.0625,-400000.0625,-400000.0625,-400000.0625,-400000.0625,-400000.0625
81.66983985900879,-400000.0625,-400000.0625,-400000.0625,-400000.0625,-400000.0625,-400000.0625,-400000.0625,-400000.0625
81.66984391212463,-400000.0625,-400000.0625,-400000.0625,-400000.0625,-400000.0625,-400000.0625,-400000.0625,-400000.0625
81.66984820365906,-400000.0625,-400000.0625,-400000.0625,-400000.0625,-400000.0625,-400000.0625,-400000.0625,-400000.0625
81.6698522567749,-400000.0625,-400000.0625,-400000.0625,-400000.0625,-400000.0625,-400000.0625,-400000.0625,-400000.0625
81.72254157066345,-400000.0625,-400000.0625,-400000.0625,-400000.0625,-400000.0625,-400000.0625,-400000.0625,-400000.0625
81.73301911354065,-400000.0625,-400000.0625,-400000.0625,-400000.0625,-400000.0625,-400000.0625,-400000.0625,-400000.0625
81.73871302604675,-400000.0625,-400000.0625,-400000.0625,-400000.0625,-400000.0625,-400000.0625,-400000.0625,-400000.0625
81.7451696395874,-400000.0625,-400000.0625,-400000.0625,-400000.0625,-400000.0625,-400000.0625,-400000.0625,-400000.0625
81.750333070755,-400000.0625,-400000.0625,-400000.0625,-400000.0625,-400000.0625,-400000.0625,-400000.0625,-400000.0625
81.75638341903687,-400000.0625,-400000.0625,-400000.0625,-400000.0625,-400000.0625,-400000.0625,-400000.0625,-400000.0625
81.76205587387085,-400000.0625,-400000.0625,-400000.0625,-400000.0625,-400000.0625,-400000.0625,-400000.0625,-400000.0625
81.76749205589294,-400000.0625,-400000.0625,-400000.0625,-400000.0625,-400000.0625,-400000.0625,-400000.0625,-400000.0625
81.77380895614624,-400000.0625,-400000.0625,-400000.0625,-400000.0625,-400000.0625,-400000.0625,-400000.0625,-400000.0625
81.7797327041626,-400000.0625,-400000.0625,-400000.0625,-400000.0625,-400000.0625,-400000.0625,-400000.0625,-400000.0625
81.78554844856262,-400000.0625,-400000.0625,-400000.0625,-400000.0625,-400000.0625,-400000.0625,-400000.0625,-400000.0625
81.7928717136383,-400000.0625,-400000.0625,-400000.0625,-400000.0625,-400000.0625,-400000.0625,-400000.0625,-400000.0625
81.79836630821228,-400000.0625,-400000.0625,-400000.0625,-400000.0625,-400000.0625,-400000.0625,-400000.0625,-400000.0625
81.8028917312622,-400000.0625,-400000.0625,-400000.0625,-400000.0625,-400000.0625,-400000.0625,-400000.0625,-400000.0625
81.80290031433105,-400000.0625,-400000.0625,-400000.0625,-400000.0625,-400000.0625,-400000.0625,-400000.0625,-400000.0625
81.80290460586548,-400000.0625,-400000.0625,-400000.0625,-400000.0625,-400000.0625,-400000.0625,-400000.0625,-400000.0625
81.8029088973999,-400000.0625,-400000.0625,-400000.0625,-400000.0625,-400000.0625,-400000.0625,-400000.0625,-400000.0625
81.80291318893433,-400000.0625,-400000.0625,-400000.0625,-400000.0625,-400000.0625,-400000.0625,-400000.0625,-400000.0625
81.80291795730591,-400000.0625,-400000.0625,-400000.0625,-400000.0625,-400000.0625,-400000.0625,-400000.0625,-400000.0625
81.80292224884033,-400000.0625,-400000.0625,-400000.0625,-400000.0625,-400000.0625,-400000.0625,-400000.0625,-400000.0625
81.80292630195618,-400000.0625,-400000.0625,-400000.0625,-400000.0625,-400000.0625,-400000.0625,-400000.0625,-400000.0625
81.80293035507202,-400000.0625,-400000.0625,-400000.0625,-400000.0625,-400000.0625,-400000.0625,-400000.0625,-400000.0625
81.80293416976929,-400000.0625,-400000.0625,-400000.0625,-400000.0625,-400000.0625,-400000.0625,-400000.0625,-400000.0625
81.80293893814087,-400000.0625,-400000.0625,-400000.0625,-400000.0625,-400000.0625,-400000.0625,-400000.0625,-400000.0625
81.80294346809387,-400000.0625,-400000.0625,-400000.0625,-400000.0625,-400000.0625,-400000.0625,-400000.0625,-400000.0625
81.8029477596283,-400000.0625,-400000.0625,-400000.0625,-400000.0625,-400000.0625,-400000.0625,-400000.0625,-400000.0625
81.80295205116272,-400000.0625,-400000.0625,-400000.0625,-400000.0625,-400000.0625,-400000.0625,-400000.0625,-400000.0625
81.80295610427856,-400000.0625,-400000.0625,-400000.0625,-400000.0625,-400000.0625,-400000.0625,-400000.0625,-400000.0625
81.80295991897583,-400000.0625,-400000.0625,-400000.0625,-400000.0625,-400000.0625,-400000.0625,-400000.0625,-400000.0625
81.80296468734741,-400000.0625,-400000.0625,-400000.0625,-400000.0625,-400000.0625,-400000.0625,-400000.0625,-400000.0625
81.80296874046326,-400000.0625,-400000.0625,-400000.0625,-400000.0625,-400000.0625,-400000.0625,-400000.0625,-400000.0625
81.80297327041626,-400000.0625,-400000.0625,-400000.0625,-400000.0625,-400000.0625,-400000.0625,-400000.0625,-400000.0625
81.84540510177612,-400000.0625,-400000.0625,-400000.0625,-400000.0625,-400000.0625,-400000.0625,-400000.0625,-400000.0625
81.85439109802246,-400000.0625,-400000.0625,-400000.0625,-400000.0625,-400000.0625,-400000.0625,-400000.0625,-400000.0625
81.86017751693726,-400000.0625,-400000.0625,-400000.0625,-400000.0625,-400000.0625,-400000.0625,-400000.0625,-400000.0625
81.86504697799683,-400000.0625,-400000.0625,-400000.0625,-400000.0625,-400000.0625,-400000.0625,-400000.0625,-400000.0625
81.86505675315857,-400000.0625,-400000.0625,-400000.0625,-400000.0625,-400000.0625,-400000.0625,-400000.0625,-400000.0625
81.86506152153015,-400000.0625,-400000.0625,-400000.0625,-400000.0625,-400000.0625,-400000.0625,-400000.0625,-400000.0625
81.86506628990173,-400000.0625,-400000.0625,-400000.0625,-400000.0625,-400000.0625,-400000.0625,-400000.0625,-400000.0625
81.86507034301758,-400000.0625,-400000.0625,-400000.0625,-400000.0625,-400000.0625,-400000.0625,-400000.0625,-400000.0625
81.8650758266449,-400000.0625,-400000.0625,-400000.0625,-400000.0625,-400000.0625,-400000.0625,-400000.0625,-400000.0625
81.86508011817932,-400000.0625,-400000.0625,-400000.0625,-400000.0625,-400000.0625,-400000.0625,-400000.0625,-400000.0625
81.8650848865509,-400000.0625,-400000.0625,-400000.0625,-400000.0625,-400000.0625,-400000.0625,-400000.0625,-400000.0625
81.86508989334106,-400000.0625,-400000.0625,-400000.0625,-400000.0625,-400000.0625,-400000.0625,-400000.0625,-400000.0625
81.86509466171265,-400000.0625,-400000.0625,-400000.0625,-400000.0625,-400000.0625,-400000.0625,-400000.0625,-400000.0625
81.86510276794434,-400000.0625,-400000.0625,-400000.0625,-400000.0625,-400000.0625,-400000.0625,-400000.0625,-400000.0625
81.86510729789734,-400000.0625,-400000.0625,-400000.0625,-400000.0625,-400000.0625,-400000.0625,-400000.0625,-400000.0625
81.86511182785034,-400000.0625,-400000.0625,-400000.0625,-400000.0625,-400000.0625,-400000.0625,-400000.0625,-400000.0625
81.95565271377563,-400000.0625,-400000.0625,-400000.0625,-400000.0625,-400000.0625,-400000.0625,-400000.0625,-400000.0625
81.96673440933228,-400000.0625,-400000.0625,-400000.0625,-400000.0625,-400000.0625,-400000.0625,-400000.0625,-400000.0625
81.9718554019928,-400000.0625,-400000.0625,-400000.0625,-400000.0625,-400000.0625,-400000.0625,-400000.0625,-400000.0625
81.97826933860779,-400000.0625,-400000.0625,-400000.0625,-400000.0625,-400000.0625,-400000.0625,-400000.0625,-400000.0625
81.98364424705505,-400000.0625,-400000.0625,-400000.0625,-400000.0625,-400000.0625,-400000.0625,-400000.0625,-400000.0625
81.98892831802368,-400000.0625,-400000.0625,-400000.0625,-400000.0625,-400000.0625,-400000.0625,-400000.0625,-400000.0625
81.99583148956299,-400000.0625,-400000.0625,-400000.0625,-400000.0625,-400000.0625,-400000.0625,-400000.0625,-400000.0625
82.00096702575684,-400000.0625,-400000.0625,-400000.0625,-400000.0625,-400000.0625,-400000.0625,-400000.0625,-400000.0625
82.00920534133911,-400000.0625,-400000.0625,-400000.0625,-400000.0625,-400000.0625,-400000.0625,-400000.0625,-400000.0625
82.01657104492188,-400000.0625,-400000.0625,-400000.0625,-400000.0625,-400000.0625,-400000.0625,-400000.0625,-400000.0625
82.02468752861023,-400000.0625,-400000.0625,-400000.0625,-400000.0625,-400000.0625,-400000.0625,-400000.0625,-400000.0625
82.0326566696167,-400000.0625,-400000.0625,-400000.0625,-400000.0625,-400000.0625,-400000.0625,-400000.0625,-400000.0625
82.0372359752655,-400000.0625,-400000.0625,-400000.0625,-400000.0625,-400000.0625,-400000.0625,-400000.0625,-400000.0625
82.03724503517151,-400000.0625,-400000.0625,-400000.0625,-400000.0625,-400000.0625,-400000.0625,-400000.0625,-400000.0625
82.03724908828735,-400000.0625,-400000.0625,-400000.0625,-400000.0625,-400000.0625,-400000.0625,-400000.0625,-400000.0625
82.03725337982178,-400000.0625,-400000.0625,-400000.0625,-400000.0625,-400000.0625,-400000.0625,-400000.0625,-400000.0625
82.03725719451904,-400000.0625,-400000.0625,-400000.0625,-400000.0625,-400000.0625,-400000.0625,-400000.0625,-400000.0625
82.03726291656494,-400000.0625,-400000.0625,-400000.0625,-400000.0625,-400000.0625,-400000.0625,-400000.0625,-400000.0625
82.03726649284363,-400000.0625,-400000.0625,-400000.0625,-400000.0625,-400000.0625,-400000.0625,-400000.0625,-400000.0625
82.0372703075409,-400000.0625,-400000.0625,-400000.0625,-400000.0625,-400000.0625,-400000.0625,-400000.0625,-400000.0625
82.03727388381958,-400000.0625,-400000.0625,-400000.0625,-400000.0625,-400000.0625,-400000.0625,-400000.0625,-400000.0625
82.03727746009827,-400000.0625,-400000.0625,-400000.0625,-400000.0625,-400000.0625,-400000.0625,-400000.0625,-400000.0625
82.03728127479553,-400000.0625,-400000.0625,-400000.0625,-400000.0625,-400000.0625,-400000.0625,-400000.0625,-400000.0625
82.03728485107422,-400000.0625,-400000.0625,-400000.0625,-400000.0625,-400000.0625,-400000.0625,-400000.0625,-400000.0625
82.0372884273529,-400000.0625,-400000.0625,-400000.0625,-400000.0625,-400000.0625,-400000.0625,-400000.0625,-400000.0625
82.03729200363159,-400000.0625,-400000.0625,-400000.0625,-400000.0625,-400000.0625,-400000.0625,-400000.0625,-400000.0625
82.03729605674744,-400000.0625,-400000.0625,-400000.0625,-400000.0625,-400000.0625,-400000.0625,-400000.0625,-400000.0625
82.03730010986328,-400000.0625,-400000.0625,-400000.0625,-400000.0625,-400000.0625,-400000.0625,-400000.0625,-400000.0625
82.03730392456055,-400000.0625,-400000.0625,-400000.0625,-400000.0625,-400000.0625,-400000.0625,-400000.0625,-400000.0625
82.03730750083923,-400000.0625,-400000.0625,-400000.0625,-400000.0625,-400000.0625,-400000.0625,-400000.0625,-400000.0625
82.03731107711792,-400000.0625,-400000.0625,-400000.0625,-400000.0625,-400000.0625,-400000.0625,-400000.0625,-400000.0625
82.0373146533966,-400000.0625,-400000.0625,-400000.0625,-400000.0625,-400000.0625,-400000.0625,-400000.0625,-400000.0625
82.04017925262451,-400000.0625,-400000.0625,-400000.0625,-400000.0625,-400000.0625,-400000.0625,-400000.0625,-400000.0625
82.04660987854004,-400000.0625,-400000.0625,-400000.0625,-400000.0625,-400000.0625,-400000.0625,-400000.0625,-400000.0625
82.0519506931305,-400000.0625,-400000.0625,-400000.0625,-400000.0625,-400000.0625,-400000.0625,-400000.0625,-400000.0625
82.05958700180054,-400000.0625,-400000.0625,-400000.0625,-400000.0625,-400000.0625,-400000.0625,-400000.0625,-400000.0625
82.07025671005249,-400000.0625,-400000.0625,-400000.0625,-400000.0625,-400000.0625,-400000.0625,-400000.0625,-400000.0625
82.0774757862091,-400000.0625,-400000.0625,-400000.0625,-400000.0625,-400000.0625,-400000.0625,-400000.0625,-400000.0625
82.08303594589233,-400000.0625,-400000.0625,-400000.0625,-400000.0625,-400000.0625,-400000.0625,-400000.0625,-400000.0625
82.0892984867096,-400000.0625,-400000.0625,-400000.0625,-400000.0625,-400000.0625,-400000.0625,-400000.0625,-400000.0625
82.09571528434753,-400000.0625,-400000.0625,-400000.0625,-400000.0625,-400000.0625,-400000.0625,-400000.0625,-400000.0625
82.10095167160034,-400000.0625,-400000.0625,-400000.0625,-400000.0625,-400000.0625,-400000.0625,-400000.0625,-400000.0625
82.10742425918579,-400000.0625,-400000.0625,-400000.0625,-400000.0625,-400000.0625,-400000.0625,-400000.0625,-400000.0625
82.11266756057739,-400000.0625,-400000.0625,-400000.0625,-400000.0625,-400000.0625,-400000.0625,-400000.0625,-400000.0625
82.11781811714172,-400000.0625,-400000.0625,-400000.0625,-400000.0625,-400000.0625,-400000.0625,-400000.0625,-400000.0625
82.12503838539124,-400000.0625,-400000.0625,-400000.0625,-400000.0625,-400000.0625,-400000.0625,-400000.0625,-400000.0625
82.13014268875122,-400000.0625,-400000.0625,-400000.0625,-400000.0625,-400000.0625,-400000.0625,-400000.0625,-400000.0625
82.13484120368958,-400000.0625,-400000.0625,-400000.0625,-400000.0625,-400000.0625,-400000.0625,-400000.0625,-400000.0625
82.13485074043274,-400000.0625,-400000.0625,-400000.0625,-400000.0625,-400000.0625,-400000.0625,-400000.0625,-400000.0625
82.13485550880432,-400000.0625,-400000.0625,-400000.0625,-400000.0625,-400000.0625,-400000.0625,-400000.0625,-400000.0625
82.13485956192017,-400000.0625,-400000.0625,-400000.0625,-400000.0625,-400000.0625,-400000.0625,-400000.0625,-400000.0625
82.13486361503601,-400000.0625,-400000.0625,-400000.0625,-400000.0625,-400000.0625,-400000.0625,-400000.0625,-400000.0625
82.13486790657043,-400000.0625,-400000.0625,-400000.0625,-400000.0625,-400000.0625,-400000.0625,-400000.0625,-400000.0625
82.13487195968628,-400000.0625,-400000.0625,-400000.0625,-400000.0625,-400000.0625,-400000.0625,-400000.0625,-400000.0625
82.13487601280212,-400000.0625,-400000.0625,-400000.0625,-400000.0625,-400000.0625,-400000.0625,-400000.0625,-400000.0625
82.13487982749939,-400000.0625,-400000.0625,-400000.0625,-400000.0625,-400000.0625,-400000.0625,-400000.0625,-400000.0625
82.13488388061523,-400000.0625,-400000.0625,-400000.0625,-400000.0625,-400000.0625,-400000.0625,-400000.0625,-400000.0625
82.1348876953125,-400000.0625,-400000.0625,-400000.0625,-400000.0625,-400000.0625,-400000.0625,-400000.0625,-400000.0625
82.13489198684692,-400000.0625,-400000.0625,-400000.0625,-400000.0625,-400000.0625,-400000.0625,-400000.0625,-400000.0625
82.13489603996277,-400000.0625,-400000.0625,-400000.0625,-400000.0625,-400000.0625,-400000.0625,-400000.0625,-400000.0625
82.13490033149719,-400000.0625,-400000.0625,-400000.0625,-400000.0625,-400000.0625,-400000.0625,-400000.0625,-400000.0625
82.13490533828735,-400000.0625,-400000.0625,-400000.0625,-400000.0625,-400000.0625,-400000.0625,-400000.0625,-400000.0625
82.13490962982178,-400000.0625,-400000.0625,-400000.0625,-400000.0625,-400000.0625,-400000.0625,-400000.0625,-400000.0625
82.13491344451904,-400000.0625,-400000.0625,-400000.0625,-400000.0625,-400000.0625,-400000.0625,-400000.0625,-400000.0625
82.17266082763672,-400000.0625,-400000.0625,-400000.0625,-400000.0625,-400000.0625,-400000.0625,-400000.0625,-400000.0625
82.18235778808594,-400000.0625,-400000.0625,-400000.0625,-400000.0625,-400000.0625,-400000.0625,-400000.0625,-400000.0625
82.1869695186615,-400000.0625,-400000.0625,-400000.0625,-400000.0625,-400000.0625,-400000.0625,-400000.0625,-400000.0625
82.18697929382324,-400000.0625,-400000.0625,-400000.0625,-400000.0625,-400000.0625,-400000.0625,-400000.0625,-400000.0625
82.1869843006134,-400000.0625,-400000.0625,-400000.0625,-400000.0625,-400000.0625,-400000.0625,-400000.0625,-400000.0625
82.18698906898499,-400000.0625,-400000.0625,-400000.0625,-400000.0625,-400000.0625,-400000.0625,-400000.0625,-400000.0625
82.18699336051941,-400000.0625,-400000.0625,-400000.0625,-400000.0625,-400000.0625,-400000.0625,-400000.0625,-400000.0625
82.18699765205383,-400000.0625,-400000.0625,-400000.0625,-400000.0625,-400000.0625,-400000.0625,-400000.0625,-400000.0625
82.18700218200684,-400000.0625,-400000.0625,-400000.0625,-400000.0625,-400000.0625,-400000.0625,-400000.0625,-400000.0625
82.18700623512268,-400000.0625,-400000.0625,-400000.0625,-400000.0625,-400000.0625,-400000.0625,-400000.0625,-400000.0625
82.1870105266571,-400000.0625,-400000.0625,-400000.0625,-400000.0625,-400000.0625,-400000.0625,-400000.0625,-400000.0625
82.18701457977295,-400000.0625,-400000.0625,-400000.0625,-400000.0625,-400000.0625,-400000.0625,-400000.0625,-400000.0625
82.18701887130737,-400000.0625,-400000.0625,-400000.0625,-400000.0625,-400000.0625,-400000.0625,-400000.0625,-400000.0625
82.18702292442322,-400000.0625,-400000.0625,-400000.0625,-400000.0625,-400000.0625,-400000.0625,-400000.0625,-400000.0625
82.18702721595764,-400000.0625,-400000.0625,-400000.0625,-400000.0625,-400000.0625,-400000.0625,-400000.0625,-400000.0625
82.18703174591064,-400000.0625,-400000.0625,-400000.0625,-400000.0625,-400000.0625,-400000.0625,-400000.0625,-400000.0625
82.23126363754272,-400000.0625,-400000.0625,-400000.0625,-400000.0625,-400000.0625,-400000.0625,-400000.0625,-400000.0625
82.23664045333862,-400000.0625,-400000.0625,-400000.0625,-400000.0625,-400000.0625,-400000.0625,-400000.0625,-400000.0625
82.24210810661316,-400000.0625,-400000.0625,-400000.0625,-400000.0625,-400000.0625,-400000.0625,-400000.0625,-400000.0625
82.24690818786621,-400000.0625,-400000.0625,-400000.0625,-400000.0625,-400000.0625,-400000.0625,-400000.0625,-400000.0625
82.24691891670227,-400000.0625,-400000.0625,-400000.0625,-400000.0625,-400000.0625,-400000.0625,-400000.0625,-400000.0625
82.2469232082367,-400000.0625,-400000.0625,-400000.0625,-400000.0625,-400000.0625,-400000.0625,-400000.0625,-400000.0625
82.24692702293396,-400000.0625,-400000.0625,-400000.0625,-400000.0625,-400000.0625,-400000.0625,-400000.0625,-400000.0625
82.24693083763123,-400000.0625,-400000.0625,-400000.0625,-400000.0625,-400000.0625,-400000.0625,-400000.0625,-400000.0625
82.24693441390991,-400000.0625,-400000.0625,-400000.0625,-400000.0625,-400000.0625,-400000.0625,-400000.0625,-400000.0625
82.24694061279297,-400000.0625,-400000.0625,-400000.0625,-400000.0625,-400000.0625,-400000.0625,-400000.0625,-400000.0625
82.24694418907166,-400000.0625,-400000.0625,-400000.0625,-400000.0625,-400000.0625,-400000.0625,-400000.0625,-400000.0625
82.24694800376892,-400000.0625,-400000.0625,-400000.0625,-400000.0625,-400000.0625,-400000.0625,-400000.0625,-400000.0625
82.24695158004761,-400000.0625,-400000.0625,-400000.0625,-400000.0625,-400000.0625,-400000.0625,-400000.0625,-400000.0625
82.2469551563263,-400000.0625,-400000.0625,-400000.0625,-400000.0625,-400000.0625,-400000.0625,-400000.0625,-400000.0625
82.24695873260498,-400000.0625,-400000.0625,-400000.0625,-400000.0625,-400000.0625,-400000.0625,-400000.0625,-400000.0625
82.24696254730225,-400000.0625,-400000.0625,-400000.0625,-400000.0625,-400000.0625,-400000.0625,-400000.0625,-400000.0625
82.33646821975708,-400000.0625,-400000.0625,-400000.0625,-400000.0625,-400000.0625,-400000.0625,-400000.0625,-400000.0625
82.34802746772766,-400000.0625,-400000.0625,-400000.0625,-400000.0625,-400000.0625,-400000.0625,-400000.0625,-400000.0625
82.35343933105469,-400000.0625,-400000.0625,-400000.0625,-400000.0625,-400000.0625,-400000.0625,-400000.0625,-400000.0625
82.35989117622375,-400000.0625,-400000.0625,-400000.0625,-400000.0625,-400000.0625,-400000.0625,-400000.0625,-400000.0625
82.36517548561096,-400000.0625,-400000.0625,-400000.0625,-400000.0625,-400000.0625,-400000.0625,-400000.0625,-400000.0625
82.37017154693604,-400000.0625,-400000.0625,-400000.0625,-400000.0625,-400000.0625,-400000.0625,-400000.0625,-400000.0625
82.37018179893494,-400000.0625,-400000.0625,-400000.0625,-400000.0625,-400000.0625,-400000.0625,-400000.0625,-400000.0625
82.38078832626343,-400000.0625,-400000.0625,-400000.0625,-400000.0625,-400000.0625,-400000.0625,-400000.0625,-400000.0625
82.38707256317139,-400000.0625,-400000.0625,-400000.0625,-400000.0625,-400000.0625,-400000.0625,-400000.0625,-400000.0625
82.3955328464508,-400000.0625,-400000.0625,-400000.0625,-400000.0625,-400000.0625,-400000.0625,-400000.0625,-400000.0625
82.40152668952942,-400000.0625,-400000.0625,-400000.0625,-400000.0625,-400000.0625,-400000.0625,-400000.0625,-400000.0625
82.4087746143341,-400000.0625,-400000.0625,-400000.0625,-400000.0625,-400000.0625,-400000.0625,-400000.0625,-400000.0625
82.41503190994263,-400000.0625,-400000.0625,-400000.0625,-400000.0625,-400000.0625,-400000.0625,-400000.0625,-400000.0625
82.42039465904236,-400000.0625,-400000.0625,-400000.0625,-400000.0625,-400000.0625,-400000.0625,-400000.0625,-400000.0625
82.42702555656433,-400000.0625,-400000.0625,-400000.0625,-400000.0625,-400000.0625,-400000.0625,-400000.0625,-400000.0625
82.43222689628601,-400000.0625,-400000.0625,-400000.0625,-400000.0625,-400000.0625,-400000.0625,-400000.0625,-400000.0625
82.4369330406189,-400000.0625,-400000.0625,-400000.0625,-400000.0625,-400000.0625,-400000.0625,-400000.0625,-400000.0625
82.44323945045471,-400000.0625,-400000.0625,-400000.0625,-400000.0625,-400000.0625,-400000.0625,-400000.0625,-400000.0625
82.44861817359924,-400000.0625,-400000.0625,-400000.0625,-400000.0625,-400000.0625,-400000.0625,-400000.0625,-400000.0625
82.4539806842804,-400000.0625,-400000.0625,-400000.0625,-400000.0625,-400000.0625,-400000.0625,-400000.0625,-400000.0625
82.4601080417633,-400000.0625,-400000.0625,-400000.0625,-400000.0625,-400000.0625,-400000.0625,-400000.0625,-400000.0625
82.466805934906,-400000.0625,-400000.0625,-400000.0625,-400000.0625,-400000.0625,-400000.0625,-400000.0625,-400000.0625
82.47215414047241,-400000.0625,-400000.0625,-400000.0625,-400000.0625,-400000.0625,-400000.0625,-400000.0625,-400000.0625
82.47966742515564,-400000.0625,-400000.0625,-400000.0625,-400000.0625,-400000.0625,-400000.0625,-400000.0625,-400000.0625
82.48523736000061,-400000.0625,-400000.0625,-400000.0625,-400000.0625,-400000.0625,-400000.0625,-400000.0625,-400000.0625
82.49394845962524,-400000.0625,-400000.0625,-400000.0625,-400000.0625,-400000.0625,-400000.0625,-400000.0625,-400000.0625
82.49964261054993,-400000.0625,-400000.0625,-400000.0625,-400000.0625,-400000.0625,-400000.0625,-400000.0625,-400000.0625
82.50690793991089,-400000.0625,-400000.0625,-400000.0625,-400000.0625,-400000.0625,-400000.0625,-400000.0625,-400000.0625
82.51383996009827,-400000.0625,-400000.0625,-400000.0625,-400000.0625,-400000.0625,-400000.0625,-400000.0625,-400000.0625
82.51916527748108,-400000.0625,-400000.0625,-400000.0625,-400000.0625,-400000.0625,-400000.0625,-400000.0625,-400000.0625
82.52861261367798,-400000.0625,-400000.0625,-400000.0625,-400000.0625,-400000.0625,-400000.0625,-400000.0625,-400000.0625
82.53450083732605,-400000.0625,-400000.0625,-400000.0625,-400000.0625,-400000.0625,-400000.0625,-400000.0625,-400000.0625
82.5406277179718,-400000.0625,-400000.0625,-400000.0625,-400000.0625,-400000.0625,-400000.0625,-400000.0625,-400000.0625
82.55070805549622,-400000.0625,-400000.0625,-400000.0625,-400000.0625,-400000.0625,-400000.0625,-400000.0625,-400000.0625
82.55599093437195,-400000.0625,-400000.0625,-400000.0625,-400000.0625,-400000.0625,-400000.0625,-400000.0625,-400000.0625
82.56181693077087,-400000.0625,-400000.0625,-400000.0625,-400000.0625,-400000.0625,-400000.0625,-400000.0625,-400000.0625
82.56646466255188,-400000.0625,-400000.0625,-400000.0625,-400000.0625,-400000.0625,-400000.0625,-400000.0625,-400000.0625
82.56647396087646,-400000.0625,-400000.0625,-400000.0625,-400000.0625,-400000.0625,-400000.0625,-400000.0625,-400000.0625
82.56647825241089,-400000.0625,-400000.0625,-400000.0625,-400000.0625,-400000.0625,-400000.0625,-400000.0625,-400000.0625
82.56648373603821,-400000.0625,-400000.0625,-400000.0625,-400000.0625,-400000.0625,-400000.0625,-400000.0625,-400000.0625
82.56649160385132,-400000.0625,-400000.0625,-400000.0625,-400000.0625,-400000.0625,-400000.0625,-400000.0625,-400000.0625
82.5664963722229,-400000.0625,-400000.0625,-400000.0625,-400000.0625,-400000.0625,-400000.0625,-400000.0625,-400000.0625
82.56650042533875,-400000.0625,-400000.0625,-400000.0625,-400000.0625,-400000.0625,-400000.0625,-400000.0625,-400000.0625
82.56650447845459,-400000.0625,-400000.0625,-400000.0625,-400000.0625,-400000.0625,-400000.0625,-400000.0625,-400000.0625
82.56650853157043,-400000.0625,-400000.0625,-400000.0625,-400000.0625,-400000.0625,-400000.0625,-400000.0625,-400000.0625
82.56651282310486,-400000.0625,-400000.0625,-400000.0625,-400000.0625,-400000.0625,-400000.0625,-400000.0625,-400000.0625
82.56651663780212,-400000.0625,-400000.0625,-400000.0625,-400000.0625,-400000.0625,-400000.0625,-400000.0625,-400000.0625
82.56652092933655,-400000.0625,-400000.0625,-400000.0625,-400000.0625,-400000.0625,-400000.0625,-400000.0625,-400000.0625
82.56652498245239,-400000.0625,-400000.0625,-400000.0625,-400000.0625,-400000.0625,-400000.0625,-400000.0625,-400000.0625
82.56652879714966,-400000.0625,-400000.0625,-400000.0625,-400000.0625,-400000.0625,-400000.0625,-400000.0625,-400000.0625
82.56653261184692,-400000.0625,-400000.0625,-400000.0625,-400000.0625,-400000.0625,-400000.0625,-400000.0625,-400000.0625
82.56653642654419,-400000.0625,-400000.0625,-400000.0625,-400000.0625,-400000.0625,-400000.0625,-400000.0625,-400000.0625
82.56654000282288,-400000.0625,-400000.0625,-400000.0625,-400000.0625,-400000.0625,-400000.0625,-400000.0625,-400000.0625
82.56654381752014,-400000.0625,-400000.0625,-400000.0625,-400000.0625,-400000.0625,-400000.0625,-400000.0625,-400000.0625
82.56654763221741,-400000.0625,-400000.0625,-400000.0625,-400000.0625,-400000.0625,-400000.0625,-400000.0625,-400000.0625
82.56655144691467,-400000.0625,-400000.0625,-400000.0625,-400000.0625,-400000.0625,-400000.0625,-400000.0625,-400000.0625
82.56655550003052,-400000.0625,-400000.0625,-400000.0625,-400000.0625,-400000.0625,-400000.0625,-400000.0625,-400000.0625
82.56655955314636,-400000.0625,-400000.0625,-400000.0625,-400000.0625,-400000.0625,-400000.0625,-400000.0625,-400000.0625
82.56656336784363,-400000.0625,-400000.0625,-400000.0625,-400000.0625,-400000.0625,-400000.0625,-400000.0625,-400000.0625
82.5665671825409,-400000.0625,-400000.0625,-400000.0625,-400000.0625,-400000.0625,-400000.0625,-400000.0625,-400000.0625
82.56657147407532,-400000.0625,-400000.0625,-400000.0625,-400000.0625,-400000.0625,-400000.0625,-400000.0625,-400000.0625
82.56657695770264,-400000.0625,-400000.0625,-400000.0625,-400000.0625,-400000.0625,-400000.0625,-400000.0625,-400000.0625
82.5665807723999,-400000.0625,-400000.0625,-400000.0625,-400000.0625,-400000.0625,-400000.0625,-400000.0625,-400000.0625
82.56658458709717,-400000.0625,-400000.0625,-400000.0625,-400000.0625,-400000.0625,-400000.0625,-400000.0625,-400000.0625
82.56658840179443,-400000.0625,-400000.0625,-400000.0625,-400000.0625,-400000.0625,-400000.0625,-400000.0625,-400000.0625
82.5665922164917,-400000.0625,-400000.0625,-400000.0625,-400000.0625,-400000.0625,-400000.0625,-400000.0625,-400000.0625
82.56659626960754,-400000.0625,-400000.0625,-400000.0625,-400000.0625,-400000.0625,-400000.0625,-400000.0625,-400000.0625
82.56660008430481,-400000.0625,-400000.0625,-400000.0625,-400000.0625,-400000.0625,-400000.0625,-400000.0625,-400000.0625
82.56660413742065,-400000.0625,-400000.0625,-400000.0625,-400000.0625,-400000.0625,-400000.0625,-400000.0625,-400000.0625
82.56660795211792,-400000.0625,-400000.0625,-400000.0625,-400000.0625,-400000.0625,-400000.0625,-400000.0625,-400000.0625
82.56661224365234,-400000.0625,-400000.0625,-400000.0625,-400000.0625,-400000.0625,-400000.0625,-400000.0625,-400000.0625
82.56661605834961,-400000.0625,-400000.0625,-400000.0625,-400000.0625,-400000.0625,-400000.0625,-400000.0625,-400000.0625
82.56661987304688,-400000.0625,-400000.0625,-400000.0625,-400000.0625,-400000.0625,-400000.0625,-400000.0625,-400000.0625
82.56662368774414,-400000.0625,-400000.0625,-400000.0625,-400000.0625,-400000.0625,-400000.0625,-400000.0625,-400000.0625
82.56662726402283,-400000.0625,-400000.0625,-400000.0625,-400000.0625,-400000.0625,-400000.0625,-400000.0625,-400000.0625
82.56663179397583,-400000.0625,-400000.0625,-400000.0625,-400000.0625,-400000.0625,-400000.0625,-400000.0625,-400000.0625
82.5666356086731,-400000.0625,-400000.0625,-400000.0625,-400000.0625,-400000.0625,-400000.0625,-400000.0625,-400000.0625
82.56663990020752,-400000.0625,-400000.0625,-400000.0625,-400000.0625,-400000.0625,-400000.0625,-400000.0625,-400000.0625
82.56664419174194,-400000.0625,-400000.0625,-400000.0625,-400000.0625,-400000.0625,-400000.0625,-400000.0625,-400000.0625
82.56664800643921,-400000.0625,-400000.0625,-400000.0625,-400000.0625,-400000.0625,-400000.0625,-400000.0625,-400000.0625
82.64626407623291,-400000.0625,-400000.0625,-400000.0625,-400000.0625,-400000.0625,-400000.0625,-400000.0625,-400000.0625
82.65577411651611,-400000.0625,-400000.0625,-400000.0625,-400000.0625,-400000.0625,-400000.0625,-400000.0625,-400000.0625
82.66348958015442,-400000.0625,-400000.0625,-400000.0625,-400000.0625,-400000.0625,-400000.0625,-400000.0625,-400000.0625
82.66842412948608,-400000.0625,-400000.0625,-400000.0625,-400000.0625,-400000.0625,-400000.0625,-400000.0625,-400000.0625
82.66843390464783,-400000.0625,-400000.0625,-400000.0625,-400000.0625,-400000.0625,-400000.0625,-400000.0625,-400000.0625
82.66843843460083,-400000.0625,-400000.0625,-400000.0625,-400000.0625,-400000.0625,-400000.0625,-400000.0625,-400000.0625
82.66844248771667,-400000.0625,-400000.0625,-400000.0625,-400000.0625,-400000.0625,-400000.0625,-400000.0625,-400000.0625
82.66844654083252,-400000.0625,-400000.0625,-400000.0625,-400000.0625,-400000.0625,-400000.0625,-400000.0625,-400000.0625
82.66845059394836,-400000.0625,-400000.0625,-400000.0625,-400000.0625,-400000.0625,-400000.0625,-400000.0625,-400000.0625
82.66845417022705,-400000.0625,-400000.0625,-400000.0625,-400000.0625,-400000.0625,-400000.0625,-400000.0625,-400000.0625
82.6684582233429,-400000.0625,-400000.0625,-400000.0625,-400000.0625,-400000.0625,-400000.0625,-400000.0625,-400000.0625
82.66846203804016,-400000.0625,-400000.0625,-400000.0625,-400000.0625,-400000.0625,-400000.0625,-400000.0625,-400000.0625
82.66846585273743,-400000.0625,-400000.0625,-400000.0625,-400000.0625,-400000.0625,-400000.0625,-400000.0625,-400000.0625
82.66846966743469,-400000.0625,-400000.0625,-400000.0625,-400000.0625,-400000.0625,-400000.0625,-400000.0625,-400000.0625
82.66847372055054,-400000.0625,-400000.0625,-400000.0625,-400000.0625,-400000.0625,-400000.0625,-400000.0625,-400000.0625
82.6684775352478,-400000.0625,-400000.0625,-400000.0625,-400000.0625,-400000.0625,-400000.0625,-400000.0625,-400000.0625
82.72019720077515,-400000.0625,-400000.0625,-400000.0625,-400000.0625,-400000.0625,-400000.0625,-400000.0625,-400000.0625
82.72865080833435,-400000.0625,-400000.0625,-400000.0625,-400000.0625,-400000.0625,-400000.0625,-400000.0625,-400000.0625
82.73361682891846,-400000.0625,-400000.0625,-400000.0625,-400000.0625,-400000.0625,-400000.0625,-400000.0625,-400000.0625
82.7336266040802,-400000.0625,-400000.0625,-400000.0625,-400000.0625,-400000.0625,-400000.0625,-400000.0625,-400000.0625
82.73363065719604,-400000.0625,-400000.0625,-400000.0625,-400000.0625,-400000.0625,-400000.0625,-400000.0625,-400000.0625
82.73363590240479,-400000.0625,-400000.0625,-400000.0625,-400000.0625,-400000.0625,-400000.0625,-400000.0625,-400000.0625
82.73363971710205,-400000.0625,-400000.0625,-400000.0625,-400000.0625,-400000.0625,-400000.0625,-400000.0625,-400000.0625
82.73364353179932,-400000.0625,-400000.0625,-400000.0625,-400000.0625,-400000.0625,-400000.0625,-400000.0625,-400000.0625
82.733647108078,-400000.0625,-400000.0625,-400000.0625,-400000.0625,-400000.0625,-400000.0625,-400000.0625,-400000.0625
82.73365044593811,-400000.0625,-400000.0625,-400000.0625,-400000.0625,-400000.0625,-400000.0625,-400000.0625,-400000.0625
82.73365426063538,-400000.0625,-400000.0625,-400000.0625,-400000.0625,-400000.0625,-400000.0625,-400000.0625,-400000.0625
82.73365807533264,-400000.0625,-400000.0625,-400000.0625,-400000.0625,-400000.0625,-400000.0625,-400000.0625,-400000.0625
82.73948693275452,-400000.0625,-400000.0625,-400000.0625,-400000.0625,-400000.0625,-400000.0625,-400000.0625,-400000.0625
82.74522829055786,-400000.0625,-400000.0625,-400000.0625,-400000.0625,-400000.0625,-400000.0625,-400000.0625,-400000.0625
82.7499098777771,-400000.0625,-400000.0625,-400000.0625,-400000.0625,-400000.0625,-400000.0625,-400000.0625,-400000.0625
82.75401782989502,-400000.0625,-400000.0625,-400000.0625,-400000.0625,-400000.0625,-400000.0625,-400000.0625,-400000.0625
82.7611346244812,-400000.0625,-400000.0625,-400000.0625,-400000.0625,-400000.0625,-400000.0625,-400000.0625,-400000.0625
82.76581192016602,-400000.0625,-400000.0625,-400000.0625,-400000.0625,-400000.0625,-400000.0625,-400000.0625,-400000.0625
82.76582145690918,-400000.0625,-400000.0625,-400000.0625,-400000.0625,-400000.0625,-400000.0625,-400000.0625,-400000.0625
82.76582598686218,-400000.0625,-400000.0625,-400000.0625,-400000.0625,-400000.0625,-400000.0625,-400000.0625,-400000.0625
82.76583003997803,-400000.0625,-400000.0625,-400000.0625,-400000.0625,-400000.0625,-400000.0625,-400000.0625,-400000.0625
82.76583433151245,-400000.0625,-400000.0625,-400000.0625,-400000.0625,-400000.0625,-400000.0625,-400000.0625,-400000.0625
82.76583814620972,-400000.0625,-400000.0625,-400000.0625,-400000.0625,-400000.0625,-400000.0625,-400000.0625,-400000.0625
82.76584219932556,-400000.0625,-400000.0625,-400000.0625,-400000.0625,-400000.0625,-400000.0625,-400000.0625,-400000.0625
82.7658462524414,-400000.0625,-400000.0625,-400000.0625,-400000.0625,-400000.0625,-400000.0625,-400000.0625,-400000.0625
82.76585006713867,-400000.0625,-400000.0625,-400000.0625,-400000.0625,-400000.0625,-400000.0625,-400000.0625,-400000.0625
82.76585388183594,-400000.0625,-400000.0625,-400000.0625,-400000.0625,-400000.0625,-400000.0625,-400000.0625,-400000.0625
82.7658576965332,-400000.0625,-400000.0625,-400000.0625,-400000.0625,-400000.0625,-400000.0625,-400000.0625,-400000.0625
82.76586198806763,-400000.0625,-400000.0625,-400000.0625,-400000.0625,-400000.0625,-400000.0625,-400000.0625,-400000.0625
82.76586580276489,-400000.0625,-400000.0625,-400000.0625,-400000.0625,-400000.0625,-400000.0625,-400000.0625,-400000.0625
82.76586961746216,-400000.0625,-400000.0625,-400000.0625,-400000.0625,-400000.0625,-400000.0625,-400000.0625,-400000.0625
82.765873670578,-400000.0625,-400000.0625,-400000.0625,-400000.0625,-400000.0625,-400000.0625,-400000.0625,-400000.0625
82.8231291770935,-400000.0625,-400000.0625,-400000.0625,-400000.0625,-400000.0625,-400000.0625,-400000.0625,-400000.0625
82.82856631278992,-400000.0625,-400000.0625,-400000.0625,-400000.0625,-400000.0625,-400000.0625,-400000.0625,-400000.0625
82.83327436447144,-400000.0625,-400000.0625,-400000.0625,-400000.0625,-400000.0625,-400000.0625,-400000.0625,-400000.0625
82.83328247070312,-400000.0625,-400000.0625,-400000.0625,-400000.0625,-400000.0625,-400000.0625,-400000.0625,-400000.0625
82.83328747749329,-400000.0625,-400000.0625,-400000.0625,-400000.0625,-400000.0625,-400000.0625,-400000.0625,-400000.0625
82.83329153060913,-400000.0625,-400000.0625,-400000.0625,-400000.0625,-400000.0625,-400000.0625,-400000.0625,-400000.0625
82.83329606056213,-400000.0625,-400000.0625,-400000.0625,-400000.0625,-400000.0625,-400000.0625,-400000.0625,-400000.0625
82.83330011367798,-400000.0625,-400000.0625,-400000.0625,-400000.0625,-400000.0625,-400000.0625,-400000.0625,-400000.0625
82.8333044052124,-400000.0625,-400000.0625,-400000.0625,-400000.0625,-400000.0625,-400000.0625,-400000.0625,-400000.0625
82.83330845832825,-400000.0625,-400000.0625,-400000.0625,-400000.0625,-400000.0625,-400000.0625,-400000.0625,-400000.0625
82.83331274986267,-400000.0625,-400000.0625,-400000.0625,-400000.0625,-400000.0625,-400000.0625,-400000.0625,-400000.0625
82.8333170413971,-400000.0625,-400000.0625,-400000.0625,-400000.0625,-400000.0625,-400000.0625,-400000.0625,-400000.0625
82.83332085609436,-400000.0625,-400000.0625,-400000.0625,-400000.0625,-400000.0625,-400000.0625,-400000.0625,-400000.0625
82.83332514762878,-400000.0625,-400000.0625,-400000.0625,-400000.0625,-400000.0625,-400000.0625,-400000.0625,-400000.0625
82.83332920074463,-400000.0625,-400000.0625,-400000.0625,-400000.0625,-400000.0625,-400000.0625,-400000.0625,-400000.0625
82.83333325386047,-400000.0625,-400000.0625,-400000.0625,-400000.0625,-400000.0625,-400000.0625,-400000.0625,-400000.0625
82.87608933448792,-400000.0625,-400000.0625,-400000.0625,-400000.0625,-400000.0625,-400000.0625,-400000.0625,-400000.0625
82.88575911521912,-400000.0625,-400000.0625,-400000.0625,-400000.0625,-400000.0625,-400000.0625,-400000.0625,-400000.0625
82.89093852043152,-400000.0625,-400000.0625,-400000.0625,-400000.0625,-400000.0625,-400000.0625,-400000.0625,-400000.0625
82.8960313796997,-400000.0625,-400000.0625,-400000.0625,-400000.0625,-400000.0625,-400000.0625,-400000.0625,-400000.0625
82.90243554115295,-400000.0625,-400000.0625,-400000.0625,-400000.0625,-400000.0625,-400000.0625,-400000.0625,-400000.0625
82.90818762779236,-400000.0625,-400000.0625,-400000.0625,-400000.0625,-400000.0625,-400000.0625,-400000.0625,-400000.0625
82.9137511253357,-400000.0625,-400000.0625,-400000.0625,-400000.0625,-400000.0625,-400000.0625,-400000.0625,-400000.0625
82.91866660118103,-400000.0625,-400000.0625,-400000.0625,-400000.0625,-400000.0625,-400000.0625,-400000.0625,-400000.0625
82.91867566108704,-400000.0625,-400000.0625,-400000.0625,-400000.0625,-400000.0625,-400000.0625,-400000.0625,-400000.0625
82.91868042945862,-400000.0625,-400000.0625,-400000.0625,-400000.0625,-400000.0625,-400000.0625,-400000.0625,-400000.0625
82.91868448257446,-400000.0625,-400000.0625,-400000.0625,-400000.0625,-400000.0625,-400000.0625,-400000.0625,-400000.0625
82.91868853569031,-400000.0625,-400000.0625,-400000.0625,-400000.0625,-400000.0625,-400000.0625,-400000.0625,-400000.0625
82.91869258880615,-400000.0625,-400000.0625,-400000.0625,-400000.0625,-400000.0625,-400000.0625,-400000.0625,-400000.0625
82.91869640350342,-400000.0625,-400000.0625,-400000.0625,-400000.0625,-400000.0625,-400000.0625,-400000.0625,-400000.0625
82.91870045661926,-400000.0625,-400000.0625,-400000.0625,-400000.0625,-400000.0625,-400000.0625,-400000.0625,-400000.0625
82.91870474815369,-400000.0625,-400000.0625,-400000.0625,-400000.0625,-400000.0625,-400000.0625,-400000.0625,-400000.0625
82.93614053726196,-400000.0625,-400000.0625,-400000.0625,-400000.0625,-400000.0625,-400000.0625,-400000.0625,-400000.0625
82.9420735836029,-400000.0625,-400000.0625,-400000.0625,-400000.0625,-400000.0625,-400000.0625,-400000.0625,-400000.0625
82.94704127311707,-400000.0625,-400000.0625,-400000.0625,-400000.0625,-400000.0625,-400000.0625,-400000.0625,-400000.0625
82.94705057144165,-400000.0625,-400000.0625,-400000.0625,-400000.0625,-400000.0625,-400000.0625,-400000.0625,-400000.0625
82.9470546245575,-400000.0625,-400000.0625,-400000.0625,-400000.0625,-400000.0625,-400000.0625,-400000.0625,-400000.0625
82.94705867767334,-400000.0625,-400000.0625,-400000.0625,-400000.0625,-400000.0625,-400000.0625,-400000.0625,-400000.0625
82.94706225395203,-400000.0625,-400000.0625,-400000.0625,-400000.0625,-400000.0625,-400000.0625,-400000.0625,-400000.0625
82.94706583023071,-400000.0625,-400000.0625,-400000.0625,-400000.0625,-400000.0625,-400000.0625,-400000.0625,-400000.0625
82.9470694065094,-400000.0625,-400000.0625,-400000.0625,-400000.0625,-400000.0625,-400000.0625,-400000.0625,-400000.0625
82.9470727443695,-400000.0625,-400000.0625,-400000.0625,-400000.0625,-400000.0625,-400000.0625,-400000.0625,-400000.0625
82.94707655906677,-400000.0625,-400000.0625,-400000.0625,-400000.0625,-400000.0625,-400000.0625,-400000.0625,-400000.0625
82.94708037376404,-400000.0625,-400000.0625,-400000.0625,-400000.0625,-400000.0625,-400000.0625,-400000.0625,-400000.0625
82.95185852050781,-400000.0625,-400000.0625,-400000.0625,-400000.0625,-400000.0625,-400000.0625,-400000.0625,-400000.0625
82.95186853408813,-400000.0625,-400000.0625,-400000.0625,-400000.0625,-400000.0625,-400000.0625,-400000.0625,-400000.0625
82.9518735408783,-400000.0625,-400000.0625,-400000.0625,-400000.0625,-400000.0625,-400000.0625,-400000.0625,-400000.0625
82.95187783241272,-400000.0625,-400000.0625,-400000.0625,-400000.0625,-400000.0625,-400000.0625,-400000.0625,-400000.0625
83.0412061214447,-400000.0625,-400000.0625,-400000.0625,-400000.0625,-400000.0625,-400000.0625,-400000.0625,-400000.0625
83.051029920578,-400000.0625,-400000.0625,-400000.0625,-400000.0625,-400000.0625,-400000.0625,-400000.0625,-400000.0625
83.05645251274109,-400000.0625,-400000.0625,-400000.0625,-400000.0625,-400000.0625,-400000.0625,-400000.0625,-400000.0625
83.06185507774353,-400000.0625,-400000.0625,-400000.0625,-400000.0625,-400000.0625,-400000.0625,-400000.0625,-400000.0625
83.0674216747284,-400000.0625,-400000.0625,-400000.0625,-400000.0625,-400000.0625,-400000.0625,-400000.0625,-400000.0625
83.07265400886536,-400000.0625,-400000.0625,-400000.0625,-400000.0625,-400000.0625,-400000.0625,-400000.0625,-400000.0625
83.07872438430786,-400000.0625,-400000.0625,-400000.0625,-400000.0625,-400000.0625,-400000.0625,-400000.0625,-400000.0625
83.08413934707642,-400000.0625,-400000.0625,-400000.0625,-400000.0625,-400000.0625,-400000.0625,-400000.0625,-400000.0625
83.08945798873901,-400000.0625,-400000.0625,-400000.0625,-400000.0625,-400000.0625,-400000.0625,-400000.0625,-400000.0625
83.09594583511353,-400000.0625,-400000.0625,-400000.0625,-400000.0625,-400000.0625,-400000.0625,-400000.0625,-400000.0625
83.10108494758606,-400000.0625,-400000.0625,-400000.0625,-400000.0625,-400000.0625,-400000.0625,-400000.0625,-400000.0625
83.107017993927,-400000.0625,-400000.0625,-400000.0625,-400000.0625,-400000.0625,-400000.0625,-400000.0625,-400000.0625
83.11260604858398,-400000.0625,-400000.0625,-400000.0625,-400000.0625,-400000.0625,-400000.0625,-400000.0625,-400000.0625
83.11804842948914,-400000.0625,-400000.0625,-400000.0625,-400000.0625,-400000.0625,-400000.0625,-400000.0625,-400000.0625
83.12357544898987,-400000.0625,-400000.0625,-400000.0625,-400000.0625,-400000.0625,-400000.0625,-400000.0625,-400000.0625
83.12992238998413,-400000.0625,-400000.0625,-400000.0625,-400000.0625,-400000.0625,-400000.0625,-400000.0625,-400000.0625
83.13538670539856,-400000.0625,-400000.0625,-400000.0625,-400000.0625,-400000.0625,-400000.0625,-400000.0625,-400000.0625
83.14145994186401,-400000.0625,-400000.0625,-400000.0625,-400000.0625,-400000.0625,-400000.0625,-400000.0625,-400000.0625
83.15069770812988,-400000.0625,-400000.0625,-400000.0625,-400000.0625,-400000.0625,-400000.0625,-400000.0625,-400000.0625
83.15538763999939,-400000.0625,-400000.0625,-400000.0625,-400000.0625,-400000.0625,-400000.0625,-400000.0625,-400000.0625
83.15539765357971,-400000.0625,-400000.0625,-400000.0625,-400000.0625,-400000.0625,-400000.0625,-400000.0625,-400000.0625
83.15540194511414,-400000.0625,-400000.0625,-400000.0625,-400000.0625,-400000.0625,-400000.0625,-400000.0625,-400000.0625
83.15540647506714,-400000.0625,-400000.0625,-400000.0625,-400000.0625,-400000.0625,-400000.0625,-400000.0625,-400000.0625
83.15541052818298,-400000.0625,-400000.0625,-400000.0625,-400000.0625,-400000.0625,-400000.0625,-400000.0625,-400000.0625
83.15541434288025,-400000.0625,-400000.0625,-400000.0625,-400000.0625,-400000.0625,-400000.0625,-400000.0625,-400000.0625
83.1554183959961,-400000.0625,-400000.0625,-400000.0625,-400000.0625,-400000.0625,-400000.0625,-400000.0625,-400000.0625
83.15542221069336,-400000.0625,-400000.0625,-400000.0625,-400000.0625,-400000.0625,-400000.0625,-400000.0625,-400000.0625
83.15542602539062,-400000.0625,-400000.0625,-400000.0625,-400000.0625,-400000.0625,-400000.0625,-400000.0625,-400000.0625
83.15542960166931,-400000.0625,-400000.0625,-400000.0625,-400000.0625,-400000.0625,-400000.0625,-400000.0625,-400000.0625
83.15543389320374,-400000.0625,-400000.0625,-400000.0625,-400000.0625,-400000.0625,-400000.0625,-400000.0625,-400000.0625
83.155437707901,-400000.0625,-400000.0625,-400000.0625,-400000.0625,-400000.0625,-400000.0625,-400000.0625,-400000.0625
83.15544176101685,-400000.0625,-400000.0625,-400000.0625,-400000.0625,-400000.0625,-400000.0625,-400000.0625,-400000.0625
83.15544557571411,-400000.0625,-400000.0625,-400000.0625,-400000.0625,-400000.0625,-400000.0625,-400000.0625,-400000.0625
83.1554491519928,-400000.0625,-400000.0625,-400000.0625,-400000.0625,-400000.0625,-400000.0625,-400000.0625,-400000.0625
83.15545296669006,-400000.0625,-400000.0625,-400000.0625,-400000.0625,-400000.0625,-400000.0625,-400000.0625,-400000.0625
83.15545654296875,-400000.0625,-400000.0625,-400000.0625,-400000.0625,-400000.0625,-400000.0625,-400000.0625,-400000.0625
83.15546035766602,-400000.0625,-400000.0625,-400000.0625,-400000.0625,-400000.0625,-400000.0625,-400000.0625,-400000.0625
83.1554639339447,-400000.0625,-400000.0625,-400000.0625,-400000.0625,-400000.0625,-400000.0625,-400000.0625,-400000.0625
83.15546751022339,-400000.0625,-400000.0625,-400000.0625,-400000.0625,-400000.0625,-400000.0625,-400000.0625,-400000.0625
83.15547132492065,-400000.0625,-400000.0625,-400000.0625,-400000.0625,-400000.0625,-400000.0625,-400000.0625,-400000.0625
83.15547490119934,-400000.0625,-400000.0625,-400000.0625,-400000.0625,-400000.0625,-400000.0625,-400000.0625,-400000.0625
83.15547847747803,-400000.0625,-400000.0625,-400000.0625,-400000.0625,-400000.0625,-400000.0625,-400000.0625,-400000.0625
83.15548205375671,-400000.0625,-400000.0625,-400000.0625,-400000.0625,-400000.0625,-400000.0625,-400000.0625,-400000.0625
83.15548586845398,-400000.0625,-400000.0625,-400000.0625,-400000.0625,-400000.0625,-400000.0625,-400000.0625,-400000.0625
83.15548944473267,-400000.0625,-400000.0625,-400000.0625,-400000.0625,-400000.0625,-400000.0625,-400000.0625,-400000.0625
83.15549302101135,-400000.0625,-400000.0625,-400000.0625,-400000.0625,-400000.0625,-400000.0625,-400000.0625,-400000.0625
83.1554970741272,-400000.0625,-400000.0625,-400000.0625,-400000.0625,-400000.0625,-400000.0625,-400000.0625,-400000.0625
83.15550065040588,-400000.0625,-400000.0625,-400000.0625,-400000.0625,-400000.0625,-400000.0625,-400000.0625,-400000.0625
83.19132852554321,-400000.0625,-400000.0625,-400000.0625,-400000.0625,-400000.0625,-400000.0625,-400000.0625,-400000.0625
83.19676399230957,-400000.0625,-400000.0625,-400000.0625,-400000.0625,-400000.0625,-400000.0625,-400000.0625,-400000.0625
83.20124340057373,-400000.0625,-400000.0625,-400000.0625,-400000.0625,-400000.0625,-400000.0625,-400000.0625,-400000.0625
83.20125246047974,-400000.0625,-400000.0625,-400000.0625,-400000.0625,-400000.0625,-400000.0625,-400000.0625,-400000.0625
83.20125651359558,-400000.0625,-400000.0625,-400000.0625,-400000.0625,-400000.0625,-400000.0625,-400000.0625,-400000.0625
83.20126056671143,-400000.0625,-400000.0625,-400000.0625,-400000.0625,-400000.0625,-400000.0625,-400000.0625,-400000.0625
83.20126414299011,-400000.0625,-400000.0625,-400000.0625,-400000.0625,-400000.0625,-400000.0625,-400000.0625,-400000.0625
83.2012677192688,-400000.0625,-400000.0625,-400000.0625,-400000.0625,-400000.0625,-400000.0625,-400000.0625,-400000.0625
83.20127129554749,-400000.0625,-400000.0625,-400000.0625,-400000.0625,-400000.0625,-400000.0625,-400000.0625,-400000.0625
83.20127511024475,-400000.0625,-400000.0625,-400000.0625,-400000.0625,-400000.0625,-400000.0625,-400000.0625,-400000.0625
83.20127892494202,-400000.0625,-400000.0625,-400000.0625,-400000.0625,-400000.0625,-400000.0625,-400000.0625,-400000.0625
83.2012825012207,-400000.0625,-400000.0625,-400000.0625,-400000.0625,-400000.0625,-400000.0625,-400000.0625,-400000.0625
83.20128655433655,-400000.0625,-400000.0625,-400000.0625,-400000.0625,-400000.0625,-400000.0625,-400000.0625,-400000.0625
83.20129060745239,-400000.0625,-400000.0625,-400000.0625,-400000.0625,-400000.0625,-400000.0625,-400000.0625,-400000.0625
83.2012939453125,-400000.0625,-400000.0625,-400000.0625,-400000.0625,-400000.0625,-400000.0625,-400000.0625,-400000.0625
83.20129752159119,-400000.0625,-400000.0625,-400000.0625,-400000.0625,-400000.0625,-400000.0625,-400000.0625,-400000.0625
83.29762363433838,-400000.0625,-400000.0625,-400000.0625,-400000.0625,-400000.0625,-400000.0625,-400000.0625,-400000.0625
83.30708622932434,-400000.0625,-400000.0625,-400000.0625,-400000.0625,-400000.0625,-400000.0625,-400000.0625,-400000.0625
83.31199312210083,-400000.0625,-400000.0625,-400000.0625,-400000.0625,-400000.0625,-400000.0625,-400000.0625,-400000.0625
83.312002658844,-400000.0625,-400000.0625,-400000.0625,-400000.0625,-400000.0625,-400000.0625,-400000.0625,-400000.0625
83.31200695037842,-400000.0625,-400000.0625,-400000.0625,-400000.0625,-400000.0625,-400000.0625,-400000.0625,-400000.0625
83.31201076507568,-400000.0625,-400000.0625,-400000.0625,-400000.0625,-400000.0625,-400000.0625,-400000.0625,-400000.0625
83.31201457977295,-400000.0625,-400000.0625,-400000.0625,-400000.0625,-400000.0625,-400000.0625,-400000.0625,-400000.0625
83.31201839447021,-400000.0625,-400000.0625,-400000.0625,-400000.0625,-400000.0625,-400000.0625,-400000.0625,-400000.0625
83.31202220916748,-400000.0625,-400000.0625,-400000.0625,-400000.0625,-400000.0625,-400000.0625,-400000.0625,-400000.0625
83.31202793121338,-400000.0625,-400000.0625,-400000.0625,-400000.0625,-400000.0625,-400000.0625,-400000.0625,-400000.0625
83.3120322227478,-400000.0625,-400000.0625,-400000.0625,-400000.0625,-400000.0625,-400000.0625,-400000.0625,-400000.0625
83.31203603744507,-400000.0625,-400000.0625,-400000.0625,-400000.0625,-400000.0625,-400000.0625,-400000.0625,-400000.0625
83.31203985214233,-400000.0625,-400000.0625,-400000.0625,-400000.0625,-400000.0625,-400000.0625,-400000.0625,-400000.0625
83.31204342842102,-400000.0625,-400000.0625,-400000.0625,-400000.0625,-400000.0625,-400000.0625,-400000.0625,-400000.0625
83.31204724311829,-400000.0625,-400000.0625,-400000.0625,-400000.0625,-400000.0625,-400000.0625,-400000.0625,-400000.0625
83.31205105781555,-400000.0625,-400000.0625,-400000.0625,-400000.0625,-400000.0625,-400000.0625,-400000.0625,-400000.0625
83.32860112190247,-400000.0625,-400000.0625,-400000.0625,-400000.0625,-400000.0625,-400000.0625,-400000.0625,-400000.0625
83.3339376449585,-400000.0625,-400000.0625,-400000.0625,-400000.0625,-400000.0625,-400000.0625,-400000.0625,-400000.0625
83.33857345581055,-400000.0625,-400000.0625,-400000.0625,-400000.0625,-400000.0625,-400000.0625,-400000.0625,-400000.0625
83.33858346939087,-400000.0625,-400000.0625,-400000.0625,-400000.0625,-400000.0625,-400000.0625,-400000.0625,-400000.0625
83.33858799934387,-400000.0625,-400000.0625,-400000.0625,-400000.0625,-400000.0625,-400000.0625,-400000.0625,-400000.0625
83.33859205245972,-400000.0625,-400000.0625,-400000.0625,-400000.0625,-400000.0625,-400000.0625,-400000.0625,-400000.0625
83.33859634399414,-400000.0625,-400000.0625,-400000.0625,-400000.0625,-400000.0625,-400000.0625,-400000.0625,-400000.0625
83.33860039710999,-400000.0625,-400000.0625,-400000.0625,-400000.0625,-400000.0625,-400000.0625,-400000.0625,-400000.0625
83.33860421180725,-400000.0625,-400000.0625,-400000.0625,-400000.0625,-400000.0625,-400000.0625,-400000.0625,-400000.0625
83.33860850334167,-400000.0625,-400000.0625,-400000.0625,-400000.0625,-400000.0625,-400000.0625,-400000.0625,-400000.0625
83.33861231803894,-400000.0625,-400000.0625,-400000.0625,-400000.0625,-400000.0625,-400000.0625,-400000.0625,-400000.0625
83.3386161327362,-400000.0625,-400000.0625,-400000.0625,-400000.0625,-400000.0625,-400000.0625,-400000.0625,-400000.0625
83.33861994743347,-400000.0625,-400000.0625,-400000.0625,-400000.0625,-400000.0625,-400000.0625,-400000.0625,-400000.0625
83.33862376213074,-400000.0625,-400000.0625,-400000.0625,-400000.0625,-400000.0625,-400000.0625,-400000.0625,-400000.0625
83.33862781524658,-400000.0625,-400000.0625,-400000.0625,-400000.0625,-400000.0625,-400000.0625,-400000.0625,-400000.0625
83.33863186836243,-400000.0625,-400000.0625,-400000.0625,-400000.0625,-400000.0625,-400000.0625,-400000.0625,-400000.0625
83.43903946876526,-400000.0625,-400000.0625,-400000.0625,-400000.0625,-400000.0625,-400000.0625,-400000.0625,-400000.0625
83.45009899139404,-400000.0625,-400000.0625,-400000.0625,-400000.0625,-400000.0625,-400000.0625,-400000.0625,-400000.0625
83.45572829246521,-400000.0625,-400000.0625,-400000.0625,-400000.0625,-400000.0625,-400000.0625,-400000.0625,-400000.0625
83.46545362472534,-400000.0625,-400000.0625,-400000.0625,-400000.0625,-400000.0625,-400000.0625,-400000.0625,-400000.0625
83.47073340415955,-400000.0625,-400000.0625,-400000.0625,-400000.0625,-400000.0625,-400000.0625,-400000.0625,-400000.0625
83.478679895401,-400000.0625,-400000.0625,-400000.0625,-400000.0625,-400000.0625,-400000.0625,-400000.0625,-400000.0625
83.48326778411865,-400000.0625,-400000.0625,-400000.0625,-400000.0625,-400000.0625,-400000.0625,-400000.0625,-400000.0625
83.48327732086182,-400000.0625,-400000.0625,-400000.0625,-400000.0625,-400000.0625,-400000.0625,-400000.0625,-400000.0625
83.48328185081482,-400000.0625,-400000.0625,-400000.0625,-400000.0625,-400000.0625,-400000.0625,-400000.0625,-400000.0625
83.48328566551208,-400000.0625,-400000.0625,-400000.0625,-400000.0625,-400000.0625,-400000.0625,-400000.0625,-400000.0625
83.48328971862793,-400000.0625,-400000.0625,-400000.0625,-400000.0625,-400000.0625,-400000.0625,-400000.0625,-400000.0625
83.48329329490662,-400000.0625,-400000.0625,-400000.0625,-400000.0625,-400000.0625,-400000.0625,-400000.0625,-400000.0625
83.48329734802246,-400000.0625,-400000.0625,-400000.0625,-400000.0625,-400000.0625,-400000.0625,-400000.0625,-400000.0625
83.4833014011383,-400000.0625,-400000.0625,-400000.0625,-400000.0625,-400000.0625,-400000.0625,-400000.0625,-400000.0625
83.48330521583557,-400000.0625,-400000.0625,-400000.0625,-400000.0625,-400000.0625,-400000.0625,-400000.0625,-400000.0625
83.48330903053284,-400000.0625,-400000.0625,-400000.0625,-400000.0625,-400000.0625,-400000.0625,-400000.0625,-400000.0625
83.4833128452301,-400000.0625,-400000.0625,-400000.0625,-400000.0625,-400000.0625,-400000.0625,-400000.0625,-400000.0625
83.48331713676453,-400000.0625,-400000.0625,-400000.0625,-400000.0625,-400000.0625,-400000.0625,-400000.0625,-400000.0625
83.48332095146179,-400000.0625,-400000.0625,-400000.0625,-400000.0625,-400000.0625,-400000.0625,-400000.0625,-400000.0625
83.48332476615906,-400000.0625,-400000.0625,-400000.0625,-400000.0625,-400000.0625,-400000.0625,-400000.0625,-400000.0625
83.48332858085632,-400000.0625,-400000.0625,-400000.0625,-400000.0625,-400000.0625,-400000.0625,-400000.0625,-400000.0625
83.48333239555359,-400000.0625,-400000.0625,-400000.0625,-400000.0625,-400000.0625,-400000.0625,-400000.0625,-400000.0625
83.48333621025085,-400000.0625,-400000.0625,-400000.0625,-400000.0625,-400000.0625,-400000.0625,-400000.0625,-400000.0625
83.48333978652954,-400000.0625,-400000.0625,-400000.0625,-400000.0625,-400000.0625,-400000.0625,-400000.0625,-400000.0625
83.48334336280823,-400000.0625,-400000.0625,-400000.0625,-400000.0625,-400000.0625,-400000.0625,-400000.0625,-400000.0625
83.48334693908691,-400000.0625,-400000.0625,-400000.0625,-400000.0625,-400000.0625,-400000.0625,-400000.0625,-400000.0625
83.48335075378418,-400000.0625,-400000.0625,-400000.0625,-400000.0625,-400000.0625,-400000.0625,-400000.0625,-400000.0625
83.48335433006287,-400000.0625,-400000.0625,-400000.0625,-400000.0625,-400000.0625,-400000.0625,-400000.0625,-400000.0625
83.48335814476013,-400000.0625,-400000.0625,-400000.0625,-400000.0625,-400000.0625,-400000.0625,-400000.0625,-400000.0625
83.48336219787598,-400000.0625,-400000.0625,-400000.0625,-400000.0625,-400000.0625,-400000.0625,-400000.0625,-400000.0625
83.48336625099182,-400000.0625,-400000.0625,-400000.0625,-400000.0625,-400000.0625,-400000.0625,-400000.0625,-400000.0625
83.48337006568909,-400000.0625,-400000.0625,-400000.0625,-400000.0625,-400000.0625,-400000.0625,-400000.0625,-400000.0625
83.50984239578247,-400000.0625,-400000.0625,-400000.0625,-400000.0625,-400000.0625,-400000.0625,-400000.0625,-400000.0625
83.51484155654907,-400000.0625,-400000.0625,-400000.0625,-400000.0625,-400000.0625,-400000.0625,-400000.0625,-400000.0625
83.5148491859436,-400000.0625,-400000.0625,-400000.0625,-400000.0625,-400000.0625,-400000.0625,-400000.0625,-400000.0625
83.51485347747803,-400000.0625,-400000.0625,-400000.0625,-400000.0625,-400000.0625,-400000.0625,-400000.0625,-400000.0625
83.51485705375671,-400000.0625,-400000.0625,-400000.0625,-400000.0625,-400000.0625,-400000.0625,-400000.0625,-400000.0625
83.51934599876404,-400000.0625,-400000.0625,-400000.0625,-400000.0625,-400000.0625,-400000.0625,-400000.0625,-400000.0625
83.51935529708862,-400000.0625,-400000.0625,-400000.0625,-400000.0625,-400000.0625,-400000.0625,-400000.0625,-400000.0625
83.51935982704163,-400000.0625,-400000.0625,-400000.0625,-400000.0625,-400000.0625,-400000.0625,-400000.0625,-400000.0625
83.51936388015747,-400000.0625,-400000.0625,-400000.0625,-400000.0625,-400000.0625,-400000.0625,-400000.0625,-400000.0625
83.51936912536621,-400000.0625,-400000.0625,-400000.0625,-400000.0625,-400000.0625,-400000.0625,-400000.0625,-400000.0625
83.5193727016449,-400000.0625,-400000.0625,-400000.0625,-400000.0625,-400000.0625,-400000.0625,-400000.0625,-400000.0625
83.51937675476074,-400000.0625,-400000.0625,-400000.0625,-400000.0625,-400000.0625,-400000.0625,-400000.0625,-400000.0625
83.51938033103943,-400000.0625,-400000.0625,-400000.0625,-400000.0625,-400000.0625,-400000.0625,-400000.0625,-400000.0625
83.51938390731812,-400000.0625,-400000.0625,-400000.0625,-400000.0625,-400000.0625,-400000.0625,-400000.0625,-400000.0625
83.5193874835968,-400000.0625,-400000.0625,-400000.0625,-400000.0625,-400000.0625,-400000.0625,-400000.0625,-400000.0625
83.51939105987549,-400000.0625,-400000.0625,-400000.0625,-400000.0625,-400000.0625,-400000.0625,-400000.0625,-400000.0625
83.57738280296326,-400000.0625,-400000.0625,-400000.0625,-400000.0625,-400000.0625,-400000.0625,-400000.0625,-400000.0625
83.58717679977417,-400000.0625,-400000.0625,-400000.0625,-400000.0625,-400000.0625,-400000.0625,-400000.0625,-400000.0625
83.59313988685608,-400000.0625,-400000.0625,-400000.0625,-400000.0625,-400000.0625,-400000.0625,-400000.0625,-400000.0625
83.59848737716675,-400000.0625,-400000.0625,-400000.0625,-400000.0625,-400000.0625,-400000.0625,-400000.0625,-400000.0625
83.60350441932678,-400000.0625,-400000.0625,-400000.0625,-400000.0625,-400000.0625,-400000.0625,-400000.0625,-400000.0625
83.61073899269104,-400000.0625,-400000.0625,-400000.0625,-400000.0625,-400000.0625,-400000.0625,-400000.0625,-400000.0625
83.61651706695557,-400000.0625,-400000.0625,-400000.0625,-400000.0625,-400000.0625,-400000.0625,-400000.0625,-400000.0625
83.621328830719,-400000.0625,-400000.0625,-400000.0625,-400000.0625,-400000.0625,-400000.0625,-400000.0625,-400000.0625
83.62133932113647,-400000.0625,-400000.0625,-400000.0625,-400000.0625,-400000.0625,-400000.0625,-400000.0625,-400000.0625
83.62134408950806,-400000.0625,-400000.0625,-400000.0625,-400000.0625,-400000.0625,-400000.0625,-400000.0625,-400000.0625
83.62134838104248,-400000.0625,-400000.0625,-400000.0625,-400000.0625,-400000.0625,-400000.0625,-400000.0625,-400000.0625
83.62135243415833,-400000.0625,-400000.0625,-400000.0625,-400000.0625,-400000.0625,-400000.0625,-400000.0625,-400000.0625
83.62135648727417,-400000.0625,-400000.0625,-400000.0625,-400000.0625,-400000.0625,-400000.0625,-400000.0625,-400000.0625
83.62136054039001,-400000.0625,-400000.0625,-400000.0625,-400000.0625,-400000.0625,-400000.0625,-400000.0625,-400000.0625
83.62136507034302,-400000.0625,-400000.0625,-400000.0625,-400000.0625,-400000.0625,-400000.0625,-400000.0625,-400000.0625
83.62136912345886,-400000.0625,-400000.0625,-400000.0625,-400000.0625,-400000.0625,-400000.0625,-400000.0625,-400000.0625
83.63757419586182,-400000.0625,-400000.0625,-400000.0625,-400000.0625,-400000.0625,-400000.0625,-400000.0625,-400000.0625
83.64367318153381,-400000.0625,-400000.0625,-400000.0625,-400000.0625,-400000.0625,-400000.0625,-400000.0625,-400000.0625
83.64859557151794,-400000.0625,-400000.0625,-400000.0625,-400000.0625,-400000.0625,-400000.0625,-400000.0625,-400000.0625
83.64860606193542,-400000.0625,-400000.0625,-400000.0625,-400000.0625,-400000.0625,-400000.0625,-400000.0625,-400000.0625
83.64861059188843,-400000.0625,-400000.0625,-400000.0625,-400000.0625,-400000.0625,-400000.0625,-400000.0625,-400000.0625
83.6486144065857,-400000.0625,-400000.0625,-400000.0625,-400000.0625,-400000.0625,-400000.0625,-400000.0625,-400000.0625
83.64861845970154,-400000.0625,-400000.0625,-400000.0625,-400000.0625,-400000.0625,-400000.0625,-400000.0625,-400000.0625
83.64862275123596,-400000.0625,-400000.0625,-400000.0625,-400000.0625,-400000.0625,-400000.0625,-400000.0625,-400000.0625
83.64862704277039,-400000.0625,-400000.0625,-400000.0625,-400000.0625,-400000.0625,-400000.0625,-400000.0625,-400000.0625
83.64863085746765,-400000.0625,-400000.0625,-400000.0625,-400000.0625,-400000.0625,-400000.0625,-400000.0625,-400000.0625
83.64863467216492,-400000.0625,-400000.0625,-400000.0625,-400000.0625,-400000.0625,-400000.0625,-400000.0625,-400000.0625
83.64863848686218,-400000.0625,-400000.0625,-400000.0625,-400000.0625,-400000.0625,-400000.0625,-400000.0625,-400000.0625
83.64864230155945,-400000.0625,-400000.0625,-400000.0625,-400000.0625,-400000.0625,-400000.0625,-400000.0625,-400000.0625
83.64864611625671,-400000.0625,-400000.0625,-400000.0625,-400000.0625,-400000.0625,-400000.0625,-400000.0625,-400000.0625
83.64864993095398,-400000.0625,-400000.0625,-400000.0625,-400000.0625,-400000.0625,-400000.0625,-400000.0625,-400000.0625
83.64865374565125,-400000.0625,-400000.0625,-400000.0625,-400000.0625,-400000.0625,-400000.0625,-400000.0625,-400000.0625
83.70530605316162,-400000.0625,-400000.0625,-400000.0625,-400000.0625,-400000.0625,-400000.0625,-400000.0625,-400000.0625
83.71528816223145,-400000.0625,-400000.0625,-400000.0625,-400000.0625,-400000.0625,-400000.0625,-400000.0625,-400000.0625
83.71966814994812,-400000.0625,-400000.0625,-400000.0625,-400000.0625,-400000.0625,-400000.0625,-400000.0625,-400000.0625
83.71967768669128,-400000.0625,-400000.0625,-400000.0625,-400000.0625,-400000.0625,-400000.0625,-400000.0625,-400000.0625
83.71968221664429,-400000.0625,-400000.0625,-400000.0625,-400000.0625,-400000.0625,-400000.0625,-400000.0625,-400000.0625
83.71968603134155,-400000.0625,-400000.0625,-400000.0625,-400000.0625,-400000.0625,-400000.0625,-400000.0625,-400000.0625
83.71969032287598,-400000.0625,-400000.0625,-400000.0625,-400000.0625,-400000.0625,-400000.0625,-400000.0625,-400000.0625
83.71969389915466,-400000.0625,-400000.0625,-400000.0625,-400000.0625,-400000.0625,-400000.0625,-400000.0625,-400000.0625
83.71969771385193,-400000.0625,-400000.0625,-400000.0625,-400000.0625,-400000.0625,-400000.0625,-400000.0625,-400000.0625
83.71970129013062,-400000.0625,-400000.0625,-400000.0625,-400000.0625,-400000.0625,-400000.0625,-400000.0625,-400000.0625
83.7197048664093,-400000.0625,-400000.0625,-400000.0625,-400000.0625,-400000.0625,-400000.0625,-400000.0625,-400000.0625
83.71970891952515,-400000.0625,-400000.0625,-400000.0625,-400000.0625,-400000.0625,-400000.0625,-400000.0625,-400000.0625
83.71971273422241,-400000.0625,-400000.0625,-400000.0625,-400000.0625,-400000.0625,-400000.0625,-400000.0625,-400000.0625
83.71971654891968,-400000.0625,-400000.0625,-400000.0625,-400000.0625,-400000.0625,-400000.0625,-400000.0625,-400000.0625
83.71972012519836,-400000.0625,-400000.0625,-400000.0625,-400000.0625,-400000.0625,-400000.0625,-400000.0625,-400000.0625
83.71972370147705,-400000.0625,-400000.0625,-400000.0625,-400000.0625,-400000.0625,-400000.0625,-400000.0625,-400000.0625
83.79422879219055,-400000.0625,-400000.0625,-400000.0625,-400000.0625,-400000.0625,-400000.0625,-400000.0625,-400000.0625
83.79952335357666,-400000.0625,-400000.0625,-400000.0625,-400000.0625,-400000.0625,-400000.0625,-400000.0625,-400000.0625
83.80511426925659,-400000.0625,-400000.0625,-400000.0625,-400000.0625,-400000.0625,-400000.0625,-400000.0625,-400000.0625
83.81111454963684,-400000.0625,-400000.0625,-400000.0625,-400000.0625,-400000.0625,-400000.0625,-400000.0625,-400000.0625
83.82167363166809,-400000.0625,-400000.0625,-400000.0625,-400000.0625,-400000.0625,-400000.0625,-400000.0625,-400000.0625
83.82777190208435,-400000.0625,-400000.0625,-400000.0625,-400000.0625,-400000.0625,-400000.0625,-400000.0625,-400000.0625
83.8329975605011,-400000.0625,-400000.0625,-400000.0625,-400000.0625,-400000.0625,-400000.0625,-400000.0625,-400000.0625
83.83763003349304,-400000.0625,-400000.0625,-400000.0625,-400000.0625,-400000.0625,-400000.0625,-400000.0625,-400000.0625
83.83763837814331,-400000.0625,-400000.0625,-400000.0625,-400000.0625,-400000.0625,-400000.0625,-400000.0625,-400000.0625
83.83764243125916,-400000.0625,-400000.0625,-400000.0625,-400000.0625,-400000.0625,-400000.0625,-400000.0625,-400000.0625
83.83764624595642,-400000.0625,-400000.0625,-400000.0625,-400000.0625,-400000.0625,-400000.0625,-400000.0625,-400000.0625
83.83765006065369,-400000.0625,-400000.0625,-400000.0625,-400000.0625,-400000.0625,-400000.0625,-400000.0625,-400000.0625
83.83765411376953,-400000.0625,-400000.0625,-400000.0625,-400000.0625,-400000.0625,-400000.0625,-400000.0625,-400000.0625
83.8376579284668,-400000.0625,-400000.0625,-400000.0625,-400000.0625,-400000.0625,-400000.0625,-400000.0625,-400000.0625
83.83766174316406,-400000.0625,-400000.0625,-400000.0625,-400000.0625,-400000.0625,-400000.0625,-400000.0625,-400000.0625
83.83766555786133,-400000.0625,-400000.0625,-400000.0625,-400000.0625,-400000.0625,-400000.0625,-400000.0625,-400000.0625
83.83998346328735,-400000.0625,-400000.0625,-400000.0625,-400000.0625,-400000.0625,-400000.0625,-400000.0625,-400000.0625
83.8459050655365,-400000.0625,-400000.0625,-400000.0625,-400000.0625,-400000.0625,-400000.0625,-400000.0625,-400000.0625
83.85067772865295,-400000.0625,-400000.0625,-400000.0625,-400000.0625,-400000.0625,-400000.0625,-400000.0625,-400000.0625
83.85068726539612,-400000.0625,-400000.0625,-400000.0625,-400000.0625,-400000.0625,-400000.0625,-400000.0625,-400000.0625
83.85069155693054,-400000.0625,-400000.0625,-400000.0625,-400000.0625,-400000.0625,-400000.0625,-400000.0625,-400000.0625
83.85069537162781,-400000.0625,-400000.0625,-400000.0625,-400000.0625,-400000.0625,-400000.0625,-400000.0625,-400000.0625
83.85070013999939,-400000.0625,-400000.0625,-400000.0625,-400000.0625,-400000.0625,-400000.0625,-400000.0625,-400000.0625
83.85070371627808,-400000.0625,-400000.0625,-400000.0625,-400000.0625,-400000.0625,-400000.0625,-400000.0625,-400000.0625
83.85070776939392,-400000.0625,-400000.0625,-400000.0625,-400000.0625,-400000.0625,-400000.0625,-400000.0625,-400000.0625
83.85071158409119,-400000.0625,-400000.0625,-400000.0625,-400000.0625,-400000.0625,-400000.0625,-400000.0625,-400000.0625
83.85071539878845,-400000.0625,-400000.0625,-400000.0625,-400000.0625,-400000.0625,-400000.0625,-400000.0625,-400000.0625
83.85071921348572,-400000.0625,-400000.0625,-400000.0625,-400000.0625,-400000.0625,-400000.0625,-400000.0625,-400000.0625
83.85072302818298,-400000.0625,-400000.0625,-400000.0625,-400000.0625,-400000.0625,-400000.0625,-400000.0625,-400000.0625
83.85072660446167,-400000.0625,-400000.0625,-400000.0625,-400000.0625,-400000.0625,-400000.0625,-400000.0625,-400000.0625
83.85073065757751,-400000.0625,-400000.0625,-400000.0625,-400000.0625,-400000.0625,-400000.0625,-400000.0625,-400000.0625
83.8507342338562,-400000.0625,-400000.0625,-400000.0625,-400000.0625,-400000.0625,-400000.0625,-400000.0625,-400000.0625
83.9216856956482,-400000.0625,-400000.0625,-400000.0625,-400000.0625,-400000.0625,-400000.0625,-400000.0625,-400000.0625
83.93227195739746,-400000.0625,-400000.0625,-400000.0625,-400000.0625,-400000.0625,-400000.0625,-400000.0625,-400000.0625
83.93774747848511,-400000.0625,-400000.0625,-400000.0625,-400000.0625,-400000.0625,-400000.0625,-400000.0625,-400000.0625
83.94408702850342,-400000.0625,-400000.0625,-400000.0625,-400000.0625,-400000.0625,-400000.0625,-400000.0625,-400000.0625
83.94945025444031,-400000.0625,-400000.0625,-400000.0625,-400000.0625,-400000.0625,-400000.0625,-400000.0625,-400000.0625
83.95486521720886,-400000.0625,-400000.0625,-400000.0625,-400000.0625,-400000.0625,-400000.0625,-400000.0625,-400000.0625
83.9608895778656,-400000.0625,-400000.0625,-400000.0625,-400000.0625,-400000.0625,-400000.0625,-400000.0625,-400000.0625
83.96694207191467,-400000.0625,-400000.0625,-400000.0625,-400000.0625,-400000.0625,-400000.0625,-400000.0625,-400000.0625
83.97216892242432,-400000.0625,-400000.0625,-400000.0625,-400000.0625,-400000.0625,-400000.0625,-400000.0625,-400000.0625
83.9787437915802,-400000.0625,-400000.0625,-400000.0625,-400000.0625,-400000.0625,-400000.0625,-400000.0625,-400000.0625
83.98408341407776,-400000.0625,-400000.0625,-400000.0625,-400000.0625,-400000.0625,-400000.0625,-400000.0625,-400000.0625
83.98991227149963,-400000.0625,-400000.0625,-400000.0625,-400000.0625,-400000.0625,-400000.0625,-400000.0625,-400000.0625
83.99615430831909,-400000.0625,-400000.0625,-400000.0625,-400000.0625,-400000.0625,-400000.0625,-400000.0625,-400000.0625
84.00079011917114,-400000.0625,-400000.0625,-400000.0625,-400000.0625,-400000.0625,-400000.0625,-400000.0625,-400000.0625
84.00079846382141,-400000.0625,-400000.0625,-400000.0625,-400000.0625,-400000.0625,-400000.0625,-400000.0625,-400000.0625
84.00080275535583,-400000.0625,-400000.0625,-400000.0625,-400000.0625,-400000.0625,-400000.0625,-400000.0625,-400000.0625
84.0008065700531,-400000.0625,-400000.0625,-400000.0625,-400000.0625,-400000.0625,-400000.0625,-400000.0625,-400000.0625
84.0008111000061,-400000.0625,-400000.0625,-400000.0625,-400000.0625,-400000.0625,-400000.0625,-400000.0625,-400000.0625
84.00081491470337,-400000.0625,-400000.0625,-400000.0625,-400000.0625,-400000.0625,-400000.0625,-400000.0625,-400000.0625
84.00081825256348,-400000.0625,-400000.0625,-400000.0625,-400000.0625,-400000.0625,-400000.0625,-400000.0625,-400000.0625
84.00082206726074,-400000.0625,-400000.0625,-400000.0625,-400000.0625,-400000.0625,-400000.0625,-400000.0625,-400000.0625
84.00082564353943,-400000.0625,-400000.0625,-400000.0625,-400000.0625,-400000.0625,-400000.0625,-400000.0625,-400000.0625
84.00082921981812,-400000.0625,-400000.0625,-400000.0625,-400000.0625,-400000.0625,-400000.0625,-400000.0625,-400000.0625
84.00083303451538,-400000.0625,-400000.0625,-400000.0625,-400000.0625,-400000.0625,-400000.0625,-400000.0625,-400000.0625
84.00083661079407,-400000.0625,-400000.0625,-400000.0625,-400000.0625,-400000.0625,-400000.0625,-400000.0625,-400000.0625
84.00084018707275,-400000.0625,-400000.0625,-400000.0625,-400000.0625,-400000.0625,-400000.0625,-400000.0625,-400000.0625
84.00084400177002,-400000.0625,-400000.0625,-400000.0625,-400000.0625,-400000.0625,-400000.0625,-400000.0625,-400000.0625
84.00084781646729,-400000.0625,-400000.0625,-400000.0625,-400000.0625,-400000.0625,-400000.0625,-400000.0625,-400000.0625
84.00085163116455,-400000.0625,-400000.0625,-400000.0625,-400000.0625,-400000.0625,-400000.0625,-400000.0625,-400000.0625
84.00085544586182,-400000.0625,-400000.0625,-400000.0625,-400000.0625,-400000.0625,-400000.0625,-400000.0625,-400000.0625
84.0008590221405,-400000.0625,-400000.0625,-400000.0625,-400000.0625,-400000.0625,-400000.0625,-400000.0625,-400000.0625
84.00086307525635,-400000.0625,-400000.0625,-400000.0625,-400000.0625,-400000.0625,-400000.0625,-400000.0625,-400000.0625
84.02502679824829,-400000.0625,-400000.0625,-400000.0625,-400000.0625,-400000.0625,-400000.0625,-400000.0625,-400000.0625
84.03408718109131,-400000.0625,-400000.0625,-400000.0625,-400000.0625,-400000.0625,-400000.0625,-400000.0625,-400000.0625
84.04069972038269,-400000.0625,-400000.0625,-400000.0625,-400000.0625,-400000.0625,-400000.0625,-400000.0625,-400000.0625
84.04608392715454,-400000.0625,-400000.0625,-400000.0625,-400000.0625,-400000.0625,-400000.0625,-400000.0625,-400000.0625
84.05080580711365,-400000.0625,-400000.0625,-400000.0625,-400000.0625,-400000.0625,-400000.0625,-400000.0625,-400000.0625
84.0508143901825,-400000.0625,-400000.0625,-400000.0625,-400000.0625,-400000.0625,-400000.0625,-400000.0625,-400000.0625
84.05081915855408,-400000.0625,-400000.0625,-400000.0625,-400000.0625,-400000.0625,-400000.0625,-400000.0625,-400000.0625
84.0508234500885,-400000.0625,-400000.0625,-400000.0625,-400000.0625,-400000.0625,-400000.0625,-400000.0625,-400000.0625
84.0508279800415,-400000.0625,-400000.0625,-400000.0625,-400000.0625,-400000.0625,-400000.0625,-400000.0625,-400000.0625
84.05083227157593,-400000.0625,-400000.0625,-400000.0625,-400000.0625,-400000.0625,-400000.0625,-400000.0625,-400000.0625
84.05083632469177,-400000.0625,-400000.0625,-400000.0625,-400000.0625,-400000.0625,-400000.0625,-400000.0625,-400000.0625
84.05084037780762,-400000.0625,-400000.0625,-400000.0625,-400000.0625,-400000.0625,-400000.0625,-400000.0625,-400000.0625
84.05084443092346,-400000.0625,-400000.0625,-400000.0625,-400000.0625,-400000.0625,-400000.0625,-400000.0625,-400000.0625
84.0508484840393,-400000.0625,-400000.0625,-400000.0625,-400000.0625,-400000.0625,-400000.0625,-400000.0625,-400000.0625
84.05085253715515,-400000.0625,-400000.0625,-400000.0625,-400000.0625,-400000.0625,-400000.0625,-400000.0625,-400000.0625
84.050856590271,-400000.0625,-400000.0625,-400000.0625,-400000.0625,-400000.0625,-400000.0625,-400000.0625,-400000.0625
84.09110856056213,-400000.0625,-400000.0625,-400000.0625,-400000.0625,-400000.0625,-400000.0625,-400000.0625,-400000.0625
84.09664607048035,-400000.0625,-400000.0625,-400000.0625,-400000.0625,-400000.0625,-400000.0625,-400000.0625,-400000.0625
84.1011016368866,-400000.0625,-400000.0625,-400000.0625,-400000.0625,-400000.0625,-400000.0625,-400000.0625,-400000.0625
84.10111021995544,-400000.0625,-400000.0625,-400000.0625,-400000.0625,-400000.0625,-400000.0625,-400000.0625,-400000.0625
84.10111546516418,-400000.0625,-400000.0625,-400000.0625,-400000.0625,-400000.0625,-400000.0625,-400000.0625,-400000.0625
84.10111975669861,-400000.0625,-400000.0625,-400000.0625,-400000.0625,-400000.0625,-400000.0625,-400000.0625,-400000.0625
84.10112380981445,-400000.0625,-400000.0625,-400000.0625,-400000.0625,-400000.0625,-400000.0625,-400000.0625,-400000.0625
84.10112714767456,-400000.0625,-400000.0625,-400000.0625,-400000.0625,-400000.0625,-400000.0625,-400000.0625,-400000.0625
84.10113072395325,-400000.0625,-400000.0625,-400000.0625,-400000.0625,-400000.0625,-400000.0625,-400000.0625,-400000.0625
84.10113406181335,-400000.0625,-400000.0625,-400000.0625,-400000.0625,-400000.0625,-400000.0625,-400000.0625,-400000.0625
84.10113763809204,-400000.0625,-400000.0625,-400000.0625,-400000.0625,-400000.0625,-400000.0625,-400000.0625,-400000.0625
84.10114121437073,-400000.0625,-400000.0625,-400000.0625,-400000.0625,-400000.0625,-400000.0625,-400000.0625,-400000.0625
84.10114479064941,-400000.0625,-400000.0625,-400000.0625,-400000.0625,-400000.0625,-400000.0625,-400000.0625,-400000.0625
84.1011483669281,-400000.0625,-400000.0625,-400000.0625,-400000.0625,-400000.0625,-400000.0625,-400000.0625,-400000.0625
84.10115194320679,-400000.0625,-400000.0625,-400000.0625,-400000.0625,-400000.0625,-400000.0625,-400000.0625,-400000.0625
84.1011552810669,-400000.0625,-400000.0625,-400000.0625,-400000.0625,-400000.0625,-400000.0625,-400000.0625,-400000.0625
84.17119336128235,-400000.0625,-400000.0625,-400000.0625,-400000.0625,-400000.0625,-400000.0625,-400000.0625,-400000.0625
84.18190431594849,-400000.0625,-400000.0625,-400000.0625,-400000.0625,-400000.0625,-400000.0625,-400000.0625,-400000.0625
84.18757462501526,-400000.0625,-400000.0625,-400000.0625,-400000.0625,-400000.0625,-400000.0625,-400000.0625,-400000.0625
84.19398522377014,-400000.0625,-400000.0625,-400000.0625,-400000.0625,-400000.0625,-400000.0625,-400000.0625,-400000.0625
84.1994297504425,-400000.0625,-400000.0625,-400000.0625,-400000.0625,-400000.0625,-400000.0625,-400000.0625,-400000.0625
84.20502495765686,-400000.0625,-400000.0625,-400000.0625,-400000.0625,-400000.0625,-400000.0625,-400000.0625,-400000.0625
84.21094965934753,-400000.0625,-400000.0625,-400000.0625,-400000.0625,-400000.0625,-400000.0625,-400000.0625,-400000.0625
84.21668124198914,-400000.0625,-400000.0625,-400000.0625,-400000.0625,-400000.0625,-400000.0625,-400000.0625,-400000.0625
84.22231364250183,-400000.0625,-400000.0625,-400000.0625,-400000.0625,-400000.0625,-400000.0625,-400000.0625,-400000.0625
84.2285578250885,-400000.0625,-400000.0625,-400000.0625,-400000.0625,-400000.0625,-400000.0625,-400000.0625,-400000.0625
84.23388886451721,-400000.0625,-400000.0625,-400000.0625,-400000.0625,-400000.0625,-400000.0625,-400000.0625,-400000.0625
84.23926854133606,-400000.0625,-400000.0625,-400000.0625,-400000.0625,-400000.0625,-400000.0625,-400000.0625,-400000.0625
84.24557137489319,-400000.0625,-400000.0625,-400000.0625,-400000.0625,-400000.0625,-400000.0625,-400000.0625,-400000.0625
84.2504472732544,-400000.0625,-400000.0625,-400000.0625,-400000.0625,-400000.0625,-400000.0625,-400000.0625,-400000.0625
84.25045680999756,-400000.0625,-400000.0625,-400000.0625,-400000.0625,-400000.0625,-400000.0625,-400000.0625,-400000.0625
84.25046253204346,-400000.0625,-400000.0625,-400000.0625,-400000.0625,-400000.0625,-400000.0625,-400000.0625,-400000.0625
84.25046730041504,-400000.0625,-400000.0625,-400000.0625,-400000.0625,-400000.0625,-400000.0625,-400000.0625,-400000.0625
84.2504723072052,-400000.0625,-400000.0625,-400000.0625,-400000.0625,-400000.0625,-400000.0625,-400000.0625,-400000.0625
84.25047659873962,-400000.0625,-400000.0625,-400000.0625,-400000.0625,-400000.0625,-400000.0625,-400000.0625,-400000.0625
84.25048065185547,-400000.0625,-400000.0625,-400000.0625,-400000.0625,-400000.0625,-400000.0625,-400000.0625,-400000.0625
84.25048494338989,-400000.0625,-400000.0625,-400000.0625,-400000.0625,-400000.0625,-400000.0625,-400000.0625,-400000.0625
84.25048899650574,-400000.0625,-400000.0625,-400000.0625,-400000.0625,-400000.0625,-400000.0625,-400000.0625,-400000.0625
84.250492811203,-400000.0625,-400000.0625,-400000.0625,-400000.0625,-400000.0625,-400000.0625,-400000.0625,-400000.0625
84.25049710273743,-400000.0625,-400000.0625,-400000.0625,-400000.0625,-400000.0625,-400000.0625,-400000.0625,-400000.0625
84.25050115585327,-400000.0625,-400000.0625,-400000.0625,-400000.0625,-400000.0625,-400000.0625,-400000.0625,-400000.0625
84.25050520896912,-400000.0625,-400000.0625,-400000.0625,-400000.0625,-400000.0625,-400000.0625,-400000.0625,-400000.0625
84.25050926208496,-400000.0625,-400000.0625,-400000.0625,-400000.0625,-400000.0625,-400000.0625,-400000.0625,-400000.0625
84.25051355361938,-400000.0625,-400000.0625,-400000.0625,-400000.0625,-400000.0625,-400000.0625,-400000.0625,-400000.0625
84.25051784515381,-400000.0625,-400000.0625,-400000.0625,-400000.0625,-400000.0625,-400000.0625,-400000.0625,-400000.0625
84.25052189826965,-400000.0625,-400000.0625,-400000.0625,-400000.0625,-400000.0625,-400000.0625,-400000.0625,-400000.0625
84.2505259513855,-400000.0625,-400000.0625,-400000.0625,-400000.0625,-400000.0625,-400000.0625,-400000.0625,-400000.0625
84.25053000450134,-400000.0625,-400000.0625,-400000.0625,-400000.0625,-400000.0625,-400000.0625,-400000.0625,-400000.0625
84.27985310554504,-400000.0625,-400000.0625,-400000.0625,-400000.0625,-400000.0625,-400000.0625,-400000.0625,-400000.0625
84.2888536453247,-400000.0625,-400000.0625,-400000.0625,-400000.0625,-400000.0625,-400000.0625,-400000.0625,-400000.0625
84.29407382011414,-400000.0625,-400000.0625,-400000.0625,-400000.0625,-400000.0625,-400000.0625,-400000.0625,-400000.0625
84.2986741065979,-400000.0625,-400000.0625,-400000.0625,-400000.0625,-400000.0625,-400000.0625,-400000.0625,-400000.0625
84.29868340492249,-400000.0625,-400000.0625,-400000.0625,-400000.0625,-400000.0625,-400000.0625,-400000.0625,-400000.0625
84.29868793487549,-400000.0625,-400000.0625,-400000.0625,-400000.0625,-400000.0625,-400000.0625,-400000.0625,-400000.0625
84.29869198799133,-400000.0625,-400000.0625,-400000.0625,-400000.0625,-400000.0625,-400000.0625,-400000.0625,-400000.0625
84.29869604110718,-400000.0625,-400000.0625,-400000.0625,-400000.0625,-400000.0625,-400000.0625,-400000.0625,-400000.0625
84.29869985580444,-400000.0625,-400000.0625,-400000.0625,-400000.0625,-400000.0625,-400000.0625,-400000.0625,-400000.0625
84.29870367050171,-400000.0625,-400000.0625,-400000.0625,-400000.0625,-400000.0625,-400000.0625,-400000.0625,-400000.0625
84.29870748519897,-400000.0625,-400000.0625,-400000.0625,-400000.0625,-400000.0625,-400000.0625,-400000.0625,-400000.0625
84.29871153831482,-400000.0625,-400000.0625,-400000.0625,-400000.0625,-400000.0625,-400000.0625,-400000.0625,-400000.0625
84.29871535301208,-400000.0625,-400000.0625,-400000.0625,-400000.0625,-400000.0625,-400000.0625,-400000.0625,-400000.0625
84.29871916770935,-400000.0625,-400000.0625,-400000.0625,-400000.0625,-400000.0625,-400000.0625,-400000.0625,-400000.0625
84.29872298240662,-400000.0625,-400000.0625,-400000.0625,-400000.0625,-400000.0625,-400000.0625,-400000.0625,-400000.0625
84.29872679710388,-400000.0625,-400000.0625,-400000.0625,-400000.0625,-400000.0625,-400000.0625,-400000.0625,-400000.0625
84.34239339828491,-400000.0625,-400000.0625,-400000.0625,-400000.0625,-400000.0625,-400000.0625,-400000.0625,-400000.0625
84.34804177284241,-400000.0625,-400000.0625,-400000.0625,-400000.0625,-400000.0625,-400000.0625,-400000.0625,-400000.0625
84.35279035568237,-400000.0625,-400000.0625,-400000.0625,-400000.0625,-400000.0625,-400000.0625,-400000.0625,-400000.0625
84.35279965400696,-400000.0625,-400000.0625,-400000.0625,-400000.0625,-400000.0625,-400000.0625,-400000.0625,-400000.0625
84.35280442237854,-400000.0625,-400000.0625,-400000.0625,-400000.0625,-400000.0625,-400000.0625,-400000.0625,-400000.0625
84.35280847549438,-400000.0625,-400000.0625,-400000.0625,-400000.0625,-400000.0625,-400000.0625,-400000.0625,-400000.0625
84.35281276702881,-400000.0625,-400000.0625,-400000.0625,-400000.0625,-400000.0625,-400000.0625,-400000.0625,-400000.0625
84.35281658172607,-400000.0625,-400000.0625,-400000.0625,-400000.0625,-400000.0625,-400000.0625,-400000.0625,-400000.0625
84.35282063484192,-400000.0625,-400000.0625,-400000.0625,-400000.0625,-400000.0625,-400000.0625,-400000.0625,-400000.0625
84.3528242111206,-400000.0625,-400000.0625,-400000.0625,-400000.0625,-400000.0625,-400000.0625,-400000.0625,-400000.0625
84.35282826423645,-400000.0625,-400000.0625,-400000.0625,-400000.0625,-400000.0625,-400000.0625,-400000.0625,-400000.0625
84.3528323173523,-400000.0625,-400000.0625,-400000.0625,-400000.0625,-400000.0625,-400000.0625,-400000.0625,-400000.0625
84.35283613204956,-400000.0625,-400000.0625,-400000.0625,-400000.0625,-400000.0625,-400000.0625,-400000.0625,-400000.0625
84.35283994674683,-400000.0625,-400000.0625,-400000.0625,-400000.0625,-400000.0625,-400000.0625,-400000.0625,-400000.0625
84.35284376144409,-400000.0625,-400000.0625,-400000.0625,-400000.0625,-400000.0625,-400000.0625,-400000.0625,-400000.0625
84.35284781455994,-400000.0625,-400000.0625,-400000.0625,-400000.0625,-400000.0625,-400000.0625,-400000.0625,-400000.0625
84.42256355285645,-400000.0625,-400000.0625,-400000.0625,-400000.0625,-400000.0625,-400000.0625,-400000.0625,-400000.0625
84.43304538726807,-400000.0625,-400000.0625,-400000.0625,-400000.0625,-400000.0625,-400000.0625,-400000.0625,-400000.0625
84.43833827972412,-400000.0625,-400000.0625,-400000.0625,-400000.0625,-400000.0625,-400000.0625,-400000.0625,-400000.0625
84.44540047645569,-400000.0625,-400000.0625,-400000.0625,-400000.0625,-400000.0625,-400000.0625,-400000.0625,-400000.0625
84.45081520080566,-400000.0625,-400000.0625,-400000.0625,-400000.0625,-400000.0625,-400000.0625,-400000.0625,-400000.0625
84.45691895484924,-400000.0625,-400000.0625,-400000.0625,-400000.0625,-400000.0625,-400000.0625,-400000.0625,-400000.0625
84.46267604827881,-400000.0625,-400000.0625,-400000.0625,-400000.0625,-400000.0625,-400000.0625,-400000.0625,-400000.0625
84.46848106384277,-400000.0625,-400000.0625,-400000.0625,-400000.0625,-400000.0625,-400000.0625,-400000.0625,-400000.0625
84.47498989105225,-400000.0625,-400000.0625,-400000.0625,-400000.0625,-400000.0625,-400000.0625,-400000.0625,-400000.0625
84.48026657104492,-400000.0625,-400000.0625,-400000.0625,-400000.0625,-400000.0625,-400000.0625,-400000.0625,-400000.0625
84.48598146438599,-400000.0625,-400000.0625,-400000.0625,-400000.0625,-400000.0625,-400000.0625,-400000.0625,-400000.0625
84.49183225631714,-400000.0625,-400000.0625,-400000.0625,-400000.0625,-400000.0625,-400000.0625,-400000.0625,-400000.0625
84.49808120727539,-400000.0625,-400000.0625,-400000.0625,-400000.0625,-400000.0625,-400000.0625,-400000.0625,-400000.0625
84.50363206863403,-400000.0625,-400000.0625,-400000.0625,-400000.0625,-400000.0625,-400000.0625,-400000.0625,-400000.0625
84.51112794876099,-400000.0625,-400000.0625,-400000.0625,-400000.0625,-400000.0625,-400000.0625,-400000.0625,-400000.0625
84.5161542892456,-400000.0625,-400000.0625,-400000.0625,-400000.0625,-400000.0625,-400000.0625,-400000.0625,-400000.0625
84.52085137367249,-400000.0625,-400000.0625,-400000.0625,-400000.0625,-400000.0625,-400000.0625,-400000.0625,-400000.0625
84.52086138725281,-400000.0625,-400000.0625,-400000.0625,-400000.0625,-400000.0625,-400000.0625,-400000.0625,-400000.0625
84.52086544036865,-400000.0625,-400000.0625,-400000.0625,-400000.0625,-400000.0625,-400000.0625,-400000.0625,-400000.0625
84.52086973190308,-400000.0625,-400000.0625,-400000.0625,-400000.0625,-400000.0625,-400000.0625,-400000.0625,-400000.0625
84.52087354660034,-400000.0625,-400000.0625,-400000.0625,-400000.0625,-400000.0625,-400000.0625,-400000.0625,-400000.0625
84.52087759971619,-400000.0625,-400000.0625,-400000.0625,-400000.0625,-400000.0625,-400000.0625,-400000.0625,-400000.0625
84.52088141441345,-400000.0625,-400000.0625,-400000.0625,-400000.0625,-400000.0625,-400000.0625,-400000.0625,-400000.0625
84.52088499069214,-400000.0625,-400000.0625,-400000.0625,-400000.0625,-400000.0625,-400000.0625,-400000.0625,-400000.0625
84.5208888053894,-400000.0625,-400000.0625,-400000.0625,-400000.0625,-400000.0625,-400000.0625,-400000.0625,-400000.0625
84.52089548110962,-400000.0625,-400000.0625,-400000.0625,-400000.0625,-400000.0625,-400000.0625,-400000.0625,-400000.0625
84.52089977264404,-400000.0625,-400000.0625,-400000.0625,-400000.0625,-400000.0625,-400000.0625,-400000.0625,-400000.0625
84.52090382575989,-400000.0625,-400000.0625,-400000.0625,-400000.0625,-400000.0625,-400000.0625,-400000.0625,-400000.0625
84.52090787887573,-400000.0625,-400000.0625,-400000.0625,-400000.0625,-400000.0625,-400000.0625,-400000.0625,-400000.0625
84.520911693573,-400000.0625,-400000.0625,-400000.0625,-400000.0625,-400000.0625,-400000.0625,-400000.0625,-400000.0625
84.52091550827026,-400000.0625,-400000.0625,-400000.0625,-400000.0625,-400000.0625,-400000.0625,-400000.0625,-400000.0625
84.52091932296753,-400000.0625,-400000.0625,-400000.0625,-400000.0625,-400000.0625,-400000.0625,-400000.0625,-400000.0625
84.58233165740967,-400000.0625,-400000.0625,-400000.0625,-400000.0625,-400000.0625,-400000.0625,-400000.0625,-400000.0625
84.59248948097229,-400000.0625,-400000.0625,-400000.0625,-400000.0625,-400000.0625,-400000.0625,-400000.0625,-400000.0625
84.59715628623962,-400000.0625,-400000.0625,-400000.0625,-400000.0625,-400000.0625,-400000.0625,-400000.0625,-400000.0625
84.59716558456421,-400000.0625,-400000.0625,-400000.0625,-400000.0625,-400000.0625,-400000.0625,-400000.0625,-400000.0625
84.59716963768005,-400000.0625,-400000.0625,-400000.0625,-400000.0625,-400000.0625,-400000.0625,-400000.0625,-400000.0625
84.59717345237732,-400000.0625,-400000.0625,-400000.0625,-400000.0625,-400000.0625,-400000.0625,-400000.0625,-400000.0625
84.597177028656,-400000.0625,-400000.0625,-400000.0625,-400000.0625,-400000.0625,-400000.0625,-400000.0625,-400000.0625
84.59718036651611,-400000.0625,-400000.0625,-400000.0625,-400000.0625,-400000.0625,-400000.0625,-400000.0625,-400000.0625
84.59718418121338,-400000.0625,-400000.0625,-400000.0625,-400000.0625,-400000.0625,-400000.0625,-400000.0625,-400000.0625
84.59718775749207,-400000.0625,-400000.0625,-400000.0625,-400000.0625,-400000.0625,-400000.0625,-400000.0625,-400000.0625
84.59719133377075,-400000.0625,-400000.0625,-400000.0625,-400000.0625,-400000.0625,-400000.0625,-400000.0625,-400000.0625
84.59719514846802,-400000.0625,-400000.0625,-400000.0625,-400000.0625,-400000.0625,-400000.0625,-400000.0625,-400000.0625
84.59719896316528,-400000.0625,-400000.0625,-400000.0625,-400000.0625,-400000.0625,-400000.0625,-400000.0625,-400000.0625
84.59720253944397,-400000.0625,-400000.0625,-400000.0625,-400000.0625,-400000.0625,-400000.0625,-400000.0625,-400000.0625
84.59720611572266,-400000.0625,-400000.0625,-400000.0625,-400000.0625,-400000.0625,-400000.0625,-400000.0625,-400000.0625
84.59720969200134,-400000.0625,-400000.0625,-400000.0625,-400000.0625,-400000.0625,-400000.0625,-400000.0625,-400000.0625
84.60628581047058,-400000.0625,-400000.0625,-400000.0625,-400000.0625,-400000.0625,-400000.0625,-400000.0625,-400000.0625
84.61226511001587,-400000.0625,-400000.0625,-400000.0625,-400000.0625,-400000.0625,-400000.0625,-400000.0625,-400000.0625
84.6176335811615,-400000.0625,-400000.0625,-400000.0625,-400000.0625,-400000.0625,-400000.0625,-400000.0625,-400000.0625
84.62329030036926,-400000.0625,-400000.0625,-400000.0625,-400000.0625,-400000.0625,-400000.0625,-400000.0625,-400000.0625
84.63122630119324,-400000.0625,-400000.0625,-400000.0625,-400000.0625,-400000.0625,-400000.0625,-400000.0625,-400000.0625
84.63676333427429,-400000.0625,-400000.0625,-400000.0625,-400000.0625,-400000.0625,-400000.0625,-400000.0625,-400000.0625
84.64272260665894,-400000.0625,-400000.0625,-400000.0625,-400000.0625,-400000.0625,-400000.0625,-400000.0625,-400000.0625
84.64837694168091,-400000.0625,-400000.0625,-400000.0625,-400000.0625,-400000.0625,-400000.0625,-400000.0625,-400000.0625
84.65330672264099,-400000.0625,-400000.0625,-400000.0625,-400000.0625,-400000.0625,-400000.0625,-400000.0625,-400000.0625
84.65331602096558,-400000.0625,-400000.0625,-400000.0625,-400000.0625,-400000.0625,-400000.0625,-400000.0625,-400000.0625
84.65332055091858,-400000.0625,-400000.0625,-400000.0625,-400000.0625,-400000.0625,-400000.0625,-400000.0625,-400000.0625
84.65332508087158,-400000.0625,-400000.0625,-400000.0625,-400000.0625,-400000.0625,-400000.0625,-400000.0625,-400000.0625
84.65332889556885,-400000.0625,-400000.0625,-400000.0625,-400000.0625,-400000.0625,-400000.0625,-400000.0625,-400000.0625
84.65333294868469,-400000.0625,-400000.0625,-400000.0625,-400000.0625,-400000.0625,-400000.0625,-400000.0625,-400000.0625
84.65333676338196,-400000.0625,-400000.0625,-400000.0625,-400000.0625,-400000.0625,-400000.0625,-400000.0625,-400000.0625
84.6533408164978,-400000.0625,-400000.0625,-400000.0625,-400000.0625,-400000.0625,-400000.0625,-400000.0625,-400000.0625
84.6650161743164,-400000.0625,-400000.0625,-400000.0625,-400000.0625,-400000.0625,-400000.0625,-400000.0625,-400000.0625
84.67035031318665,-400000.0625,-400000.0625,-400000.0625,-400000.0625,-400000.0625,-400000.0625,-400000.0625,-400000.0625
84.67881965637207,-400000.0625,-400000.0625,-400000.0625,-400000.0625,-400000.0625,-400000.0625,-400000.0625,-400000.0625
84.68417930603027,-400000.0625,-400000.0625,-400000.0625,-400000.0625,-400000.0625,-400000.0625,-400000.0625,-400000.0625
84.69508337974548,-400000.0625,-400000.0625,-400000.0625,-400000.0625,-400000.0625,-400000.0625,-400000.0625,-400000.0625
84.69990038871765,-400000.0625,-400000.0625,-400000.0625,-400000.0625,-400000.0625,-400000.0625,-400000.0625,-400000.0625
84.69991040229797,-400000.0625,-400000.0625,-400000.0625,-400000.0625,-400000.0625,-400000.0625,-400000.0625,-400000.0625
84.6999146938324,-400000.0625,-400000.0625,-400000.0625,-400000.0625,-400000.0625,-400000.0625,-400000.0625,-400000.0625
84.69991874694824,-400000.0625,-400000.0625,-400000.0625,-400000.0625,-400000.0625,-400000.0625,-400000.0625,-400000.0625
84.69992303848267,-400000.0625,-400000.0625,-400000.0625,-400000.0625,-400000.0625,-400000.0625,-400000.0625,-400000.0625
84.69992685317993,-400000.0625,-400000.0625,-400000.0625,-400000.0625,-400000.0625,-400000.0625,-400000.0625,-400000.0625
84.69993090629578,-400000.0625,-400000.0625,-400000.0625,-400000.0625,-400000.0625,-400000.0625,-400000.0625,-400000.0625
84.69993495941162,-400000.0625,-400000.0625,-400000.0625,-400000.0625,-400000.0625,-400000.0625,-400000.0625,-400000.0625
84.69993877410889,-400000.0625,-400000.0625,-400000.0625,-400000.0625,-400000.0625,-400000.0625,-400000.0625,-400000.0625
84.69994258880615,-400000.0625,-400000.0625,-400000.0625,-400000.0625,-400000.0625,-400000.0625,-400000.0625,-400000.0625
84.69994640350342,-400000.0625,-400000.0625,-400000.0625,-400000.0625,-400000.0625,-400000.0625,-400000.0625,-400000.0625
84.72514033317566,-400000.0625,-400000.0625,-400000.0625,-400000.0625,-400000.0625,-400000.0625,-400000.0625,-400000.0625
84.73021745681763,-400000.0625,-400000.0625,-400000.0625,-400000.0625,-400000.0625,-400000.0625,-400000.0625,-400000.0625
84.73464369773865,-400000.0625,-400000.0625,-400000.0625,-400000.0625,-400000.0625,-400000.0625,-400000.0625,-400000.0625
84.73465180397034,-400000.0625,-400000.0625,-400000.0625,-400000.0625,-400000.0625,-400000.0625,-400000.0625,-400000.0625
84.73465609550476,-400000.0625,-400000.0625,-400000.0625,-400000.0625,-400000.0625,-400000.0625,-400000.0625,-400000.0625
84.73465967178345,-400000.0625,-400000.0625,-400000.0625,-400000.0625,-400000.0625,-400000.0625,-400000.0625,-400000.0625
84.73466324806213,-400000.0625,-400000.0625,-400000.0625,-400000.0625,-400000.0625,-400000.0625,-400000.0625,-400000.0625
84.73466682434082,-400000.0625,-400000.0625,-400000.0625,-400000.0625,-400000.0625,-400000.0625,-400000.0625,-400000.0625
84.7346704006195,-400000.0625,-400000.0625,-400000.0625,-400000.0625,-400000.0625,-400000.0625,-400000.0625,-400000.0625
84.7346739768982,-400000.0625,-400000.0625,-400000.0625,-400000.0625,-400000.0625,-400000.0625,-400000.0625,-400000.0625
84.73467779159546,-400000.0625,-400000.0625,-400000.0625,-400000.0625,-400000.0625,-400000.0625,-400000.0625,-400000.0625
84.73468136787415,-400000.0625,-400000.0625,-400000.0625,-400000.0625,-400000.0625,-400000.0625,-400000.0625,-400000.0625
84.73468518257141,-400000.0625,-400000.0625,-400000.0625,-400000.0625,-400000.0625,-400000.0625,-400000.0625,-400000.0625
84.7346887588501,-400000.0625,-400000.0625,-400000.0625,-400000.0625,-400000.0625,-400000.0625,-400000.0625,-400000.0625
84.73469233512878,-400000.0625,-400000.0625,-400000.0625,-400000.0625,-400000.0625,-400000.0625,-400000.0625,-400000.0625
84.73469567298889,-400000.0625,-400000.0625,-400000.0625,-400000.0625,-400000.0625,-400000.0625,-400000.0625,-400000.0625
84.79362916946411,-400000.0625,-400000.0625,-400000.0625,-400000.0625,-400000.0625,-400000.0625,-400000.0625,-400000.0625
84.80322766304016,-400000.0625,-400000.0625,-400000.0625,-400000.0625,-400000.0625,-400000.0625,-400000.0625,-400000.0625
84.8090124130249,-400000.0625,-400000.0625,-400000.0625,-400000.0625,-400000.0625,-400000.0625,-400000.0625,-400000.0625
84.8148398399353,-400000.0625,-400000.0625,-400000.0625,-400000.0625,-400000.0625,-400000.0625,-400000.0625,-400000.0625
84.81989407539368,-400000.0625,-400000.0625,-400000.0625,-400000.0625,-400000.0625,-400000.0625,-400000.0625,-400000.0625
84.82621574401855,-400000.0625,-400000.0625,-400000.0625,-400000.0625,-400000.0625,-400000.0625,-400000.0625,-400000.0625
84.83157515525818,-400000.0625,-400000.0625,-400000.0625,-400000.0625,-400000.0625,-400000.0625,-400000.0625,-400000.0625
84.83677434921265,-400000.0625,-400000.0625,-400000.0625,-400000.0625,-400000.0625,-400000.0625,-400000.0625,-400000.0625
84.84228610992432,-400000.0625,-400000.0625,-400000.0625,-400000.0625,-400000.0625,-400000.0625,-400000.0625,-400000.0625
84.84799408912659,-400000.0625,-400000.0625,-400000.0625,-400000.0625,-400000.0625,-400000.0625,-400000.0625,-400000.0625
84.8532030582428,-400000.0625,-400000.0625,-400000.0625,-400000.0625,-400000.0625,-400000.0625,-400000.0625,-400000.0625
84.85954999923706,-400000.0625,-400000.0625,-400000.0625,-400000.0625,-400000.0625,-400000.0625,-400000.0625,-400000.0625
84.86509871482849,-400000.0625,-400000.0625,-400000.0625,-400000.0625,-400000.0625,-400000.0625,-400000.0625,-400000.0625
84.86962509155273,-400000.0625,-400000.0625,-400000.0625,-400000.0625,-400000.0625,-400000.0625,-400000.0625,-400000.0625
84.86963415145874,-400000.0625,-400000.0625,-400000.0625,-400000.0625,-400000.0625,-400000.0625,-400000.0625,-400000.0625
84.86963868141174,-400000.0625,-400000.0625,-400000.0625,-400000.0625,-400000.0625,-400000.0625,-400000.0625,-400000.0625
84.88899970054626,-400000.0625,-400000.0625,-400000.0625,-400000.0625,-400000.0625,-400000.0625,-400000.0625,-400000.0625
84.89479041099548,-400000.0625,-400000.0625,-400000.0625,-400000.0625,-400000.0625,-400000.0625,-400000.0625,-400000.0625
84.90313625335693,-400000.0625,-400000.0625,-400000.0625,-400000.0625,-400000.0625,-400000.0625,-400000.0625,-400000.0625
84.90924906730652,-400000.0625,-400000.0625,-400000.0625,-400000.0625,-400000.0625,-400000.0625,-400000.0625,-400000.0625
84.91436338424683,-400000.0625,-400000.0625,-400000.0625,-400000.0625,-400000.0625,-400000.0625,-400000.0625,-400000.0625
84.91907286643982,-400000.0625,-400000.0625,-400000.0625,-400000.0625,-400000.0625,-400000.0625,-400000.0625,-400000.0625
84.91908240318298,-400000.0625,-400000.0625,-400000.0625,-400000.0625,-400000.0625,-400000.0625,-400000.0625,-400000.0625
84.91908764839172,-400000.0625,-400000.0625,-400000.0625,-400000.0625,-400000.0625,-400000.0625,-400000.0625,-400000.0625
84.91909170150757,-400000.0625,-400000.0625,-400000.0625,-400000.0625,-400000.0625,-400000.0625,-400000.0625,-400000.0625
84.91909575462341,-400000.0625,-400000.0625,-400000.0625,-400000.0625,-400000.0625,-400000.0625,-400000.0625,-400000.0625
84.91910004615784,-400000.0625,-400000.0625,-400000.0625,-400000.0625,-400000.0625,-400000.0625,-400000.0625,-400000.0625
84.91910433769226,-400000.0625,-400000.0625,-400000.0625,-400000.0625,-400000.0625,-400000.0625,-400000.0625,-400000.0625
84.91910886764526,-400000.0625,-400000.0625,-400000.0625,-400000.0625,-400000.0625,-400000.0625,-400000.0625,-400000.0625
84.91911673545837,-400000.0625,-400000.0625,-400000.0625,-400000.0625,-400000.0625,-400000.0625,-400000.0625,-400000.0625
84.91912055015564,-400000.0625,-400000.0625,-400000.0625,-400000.0625,-400000.0625,-400000.0625,-400000.0625,-400000.0625
84.91912484169006,-400000.0625,-400000.0625,-400000.0625,-400000.0625,-400000.0625,-400000.0625,-400000.0625,-400000.0625
84.93920087814331,-400000.0625,-400000.0625,-400000.0625,-400000.0625,-400000.0625,-400000.0625,-400000.0625,-400000.0625
84.9454755783081,-400000.0625,-400000.0625,-400000.0625,-400000.0625,-400000.0625,-400000.0625,-400000.0625,-400000.0625
84.94995760917664,-400000.0625,-400000.0625,-400000.0625,-400000.0625,-400000.0625,-400000.0625,-400000.0625,-400000.0625
84.9499671459198,-400000.0625,-400000.0625,-400000.0625,-400000.0625,-400000.0625,-400000.0625,-400000.0625,-400000.0625
84.9499716758728,-400000.0625,-400000.0625,-400000.0625,-400000.0625,-400000.0625,-400000.0625,-400000.0625,-400000.0625
84.94997549057007,-400000.0625,-400000.0625,-400000.0625,-400000.0625,-400000.0625,-400000.0625,-400000.0625,-400000.0625
84.94997882843018,-400000.0625,-400000.0625,-400000.0625,-400000.0625,-400000.0625,-400000.0625,-400000.0625,-400000.0625
84.94998240470886,-400000.0625,-400000.0625,-400000.0625,-400000.0625,-400000.0625,-400000.0625,-400000.0625,-400000.0625
84.94998598098755,-400000.0625,-400000.0625,-400000.0625,-400000.0625,-400000.0625,-400000.0625,-400000.0625,-400000.0625
84.94998955726624,-400000.0625,-400000.0625,-400000.0625,-400000.0625,-400000.0625,-400000.0625,-400000.0625,-400000.0625
84.94999384880066,-400000.0625,-400000.0625,-400000.0625,-400000.0625,-400000.0625,-400000.0625,-400000.0625,-400000.0625
84.94999766349792,-400000.0625,-400000.0625,-400000.0625,-400000.0625,-400000.0625,-400000.0625,-400000.0625,-400000.0625
84.95000100135803,-400000.0625,-400000.0625,-400000.0625,-400000.0625,-400000.0625,-400000.0625,-400000.0625,-400000.0625
84.95000457763672,-400000.0625,-400000.0625,-400000.0625,-400000.0625,-400000.0625,-400000.0625,-400000.0625,-400000.0625
84.9500081539154,-400000.0625,-400000.0625,-400000.0625,-400000.0625,-400000.0625,-400000.0625,-400000.0625,-400000.0625
84.95001173019409,-400000.0625,-400000.0625,-400000.0625,-400000.0625,-400000.0625,-400000.0625,-400000.0625,-400000.0625
84.98733234405518,-400000.0625,-400000.0625,-400000.0625,-400000.0625,-400000.0625,-400000.0625,-400000.0625,-400000.0625
84.99320650100708,-400000.0625,-400000.0625,-400000.0625,-400000.0625,-400000.0625,-400000.0625,-400000.0625,-400000.0625
84.99772214889526,-400000.0625,-400000.0625,-400000.0625,-400000.0625,-400000.0625,-400000.0625,-400000.0625,-400000.0625
85.001699924469,-400000.0625,-400000.0625,-400000.0625,-400000.0625,-400000.0625,-400000.0625,-400000.0625,-400000.0625
85.00656747817993,-400000.0625,-400000.0625,-400000.0625,-400000.0625,-400000.0625,-400000.0625,-400000.0625,-400000.0625
85.00658321380615,-400000.0625,-400000.0625,-400000.0625,-400000.0625,-400000.0625,-400000.0625,-400000.0625,-400000.0625
85.00659036636353,-400000.0625,-400000.0625,-400000.0625,-400000.0625,-400000.0625,-400000.0625,-400000.0625,-400000.0625
85.00659704208374,-400000.0625,-400000.0625,-400000.0625,-400000.0625,-400000.0625,-400000.0625,-400000.0625,-400000.0625
85.00660371780396,-400000.0625,-400000.0625,-400000.0625,-400000.0625,-400000.0625,-400000.0625,-400000.0625,-400000.0625
85.00660991668701,-400000.0625,-400000.0625,-400000.0625,-400000.0625,-400000.0625,-400000.0625,-400000.0625,-400000.0625
85.00661706924438,-400000.0625,-400000.0625,-400000.0625,-400000.0625,-400000.0625,-400000.0625,-400000.0625,-400000.0625
85.0066249370575,-400000.0625,-400000.0625,-400000.0625,-400000.0625,-400000.0625,-400000.0625,-400000.0625,-400000.0625
85.00663256645203,-400000.0625,-400000.0625,-400000.0625,-400000.0625,-400000.0625,-400000.0625,-400000.0625,-400000.0625
85.0066397190094,-400000.0625,-400000.0625,-400000.0625,-400000.0625,-400000.0625,-400000.0625,-400000.0625,-400000.0625
85.0066454410553,-400000.0625,-400000.0625,-400000.0625,-400000.0625,-400000.0625,-400000.0625,-400000.0625,-400000.0625
85.00665140151978,-400000.0625,-400000.0625,-400000.0625,-400000.0625,-400000.0625,-400000.0625,-400000.0625,-400000.0625
85.06361794471741,-400000.0625,-400000.0625,-400000.0625,-400000.0625,-400000.0625,-400000.0625,-400000.0625,-400000.0625
85.0684380531311,-400000.0625,-400000.0625,-400000.0625,-400000.0625,-400000.0625,-400000.0625,-400000.0625,-400000.0625
85.06844639778137,-400000.0625,-400000.0625,-400000.0625,-400000.0625,-400000.0625,-400000.0625,-400000.0625,-400000.0625
85.06845092773438,-400000.0625,-400000.0625,-400000.0625,-400000.0625,-400000.0625,-400000.0625,-400000.0625,-400000.0625
85.06845450401306,-400000.0625,-400000.0625,-400000.0625,-400000.0625,-400000.0625,-400000.0625,-400000.0625,-400000.0625
85.06845831871033,-400000.0625,-400000.0625,-400000.0625,-400000.0625,-400000.0625,-400000.0625,-400000.0625,-400000.0625
85.06846189498901,-400000.0625,-400000.0625,-400000.0625,-400000.0625,-400000.0625,-400000.0625,-400000.0625,-400000.0625
85.06846761703491,-400000.0625,-400000.0625,-400000.0625,-400000.0625,-400000.0625,-400000.0625,-400000.0625,-400000.0625
85.06847167015076,-400000.0625,-400000.0625,-400000.0625,-400000.0625,-400000.0625,-400000.0625,-400000.0625,-400000.0625
85.06847524642944,-400000.0625,-400000.0625,-400000.0625,-400000.0625,-400000.0625,-400000.0625,-400000.0625,-400000.0625
85.06847882270813,-400000.0625,-400000.0625,-400000.0625,-400000.0625,-400000.0625,-400000.0625,-400000.0625,-400000.0625
85.0684826374054,-400000.0625,-400000.0625,-400000.0625,-400000.0625,-400000.0625,-400000.0625,-400000.0625,-400000.0625
85.06848621368408,-400000.0625,-400000.0625,-400000.0625,-400000.0625,-400000.0625,-400000.0625,-400000.0625,-400000.0625
85.06849002838135,-400000.0625,-400000.0625,-400000.0625,-400000.0625,-400000.0625,-400000.0625,-400000.0625,-400000.0625
85.06849336624146,-400000.0625,-400000.0625,-400000.0625,-400000.0625,-400000.0625,-400000.0625,-400000.0625,-400000.0625
85.06849694252014,-400000.0625,-400000.0625,-400000.0625,-400000.0625,-400000.0625,-400000.0625,-400000.0625,-400000.0625
85.12233066558838,-400000.0625,-400000.0625,-400000.0625,-400000.0625,-400000.0625,-400000.0625,-400000.0625,-400000.0625
85.13167357444763,-400000.0625,-400000.0625,-400000.0625,-400000.0625,-400000.0625,-400000.0625,-400000.0625,-400000.0625
85.13611841201782,-400000.0625,-400000.0625,-400000.0625,-400000.0625,-400000.0625,-400000.0625,-400000.0625,-400000.0625
85.13612794876099,-400000.0625,-400000.0625,-400000.0625,-400000.0625,-400000.0625,-400000.0625,-400000.0625,-400000.0625
85.13613200187683,-400000.0625,-400000.0625,-400000.0625,-400000.0625,-400000.0625,-400000.0625,-400000.0625,-400000.0625
85.13613605499268,-400000.0625,-400000.0625,-400000.0625,-400000.0625,-400000.0625,-400000.0625,-400000.0625,-400000.0625
85.1361403465271,-400000.0625,-400000.0625,-400000.0625,-400000.0625,-400000.0625,-400000.0625,-400000.0625,-400000.0625
85.13614392280579,-400000.0625,-400000.0625,-400000.0625,-400000.0625,-400000.0625,-400000.0625,-400000.0625,-400000.0625
85.13614749908447,-400000.0625,-400000.0625,-400000.0625,-400000.0625,-400000.0625,-400000.0625,-400000.0625,-400000.0625
85.13615107536316,-400000.0625,-400000.0625,-400000.0625,-400000.0625,-400000.0625,-400000.0625,-400000.0625,-400000.0625
85.13615489006042,-400000.0625,-400000.0625,-400000.0625,-400000.0625,-400000.0625,-400000.0625,-400000.0625,-400000.0625
85.13615870475769,-400000.0625,-400000.0625,-400000.0625,-400000.0625,-400000.0625,-400000.0625,-400000.0625,-400000.0625
85.13616275787354,-400000.0625,-400000.0625,-400000.0625,-400000.0625,-400000.0625,-400000.0625,-400000.0625,-400000.0625
85.13616681098938,-400000.0625,-400000.0625,-400000.0625,-400000.0625,-400000.0625,-400000.0625,-400000.0625,-400000.0625
85.13617038726807,-400000.0625,-400000.0625,-400000.0625,-400000.0625,-400000.0625,-400000.0625,-400000.0625,-400000.0625
85.13617396354675,-400000.0625,-400000.0625,-400000.0625,-400000.0625,-400000.0625,-400000.0625,-400000.0625,-400000.0625
85.20863676071167,-400000.0625,-400000.0625,-400000.0625,-400000.0625,-400000.0625,-400000.0625,-400000.0625,-400000.0625
85.21383547782898,-400000.0625,-400000.0625,-400000.0625,-400000.0625,-400000.0625,-400000.0625,-400000.0625,-400000.0625
85.21817135810852,-400000.0625,-400000.0625,-400000.0625,-400000.0625,-400000.0625,-400000.0625,-400000.0625,-400000.0625
85.21817874908447,-400000.0625,-400000.0625,-400000.0625,-400000.0625,-400000.0625,-400000.0625,-400000.0625,-400000.0625
85.21818327903748,-400000.0625,-400000.0625,-400000.0625,-400000.0625,-400000.0625,-400000.0625,-400000.0625,-400000.0625
85.21818733215332,-400000.0625,-400000.0625,-400000.0625,-400000.0625,-400000.0625,-400000.0625,-400000.0625,-400000.0625
85.21819114685059,-400000.0625,-400000.0625,-400000.0625,-400000.0625,-400000.0625,-400000.0625,-400000.0625,-400000.0625
85.21819472312927,-400000.0625,-400000.0625,-400000.0625,-400000.0625,-400000.0625,-400000.0625,-400000.0625,-400000.0625
85.21819829940796,-400000.0625,-400000.0625,-400000.0625,-400000.0625,-400000.0625,-400000.0625,-400000.0625,-400000.0625
85.21820187568665,-400000.0625,-400000.0625,-400000.0625,-400000.0625,-400000.0625,-400000.0625,-400000.0625,-400000.0625
85.21820569038391,-400000.0625,-400000.0625,-400000.0625,-400000.0625,-400000.0625,-400000.0625,-400000.0625,-400000.0625
85.2182092666626,-400000.0625,-400000.0625,-400000.0625,-400000.0625,-400000.0625,-400000.0625,-400000.0625,-400000.0625
85.21821284294128,-400000.0625,-400000.0625,-400000.0625,-400000.0625,-400000.0625,-400000.0625,-400000.0625,-400000.0625
85.21821641921997,-400000.0625,-400000.0625,-400000.0625,-400000.0625,-400000.0625,-400000.0625,-400000.0625,-400000.0625
85.21821999549866,-400000.0625,-400000.0625,-400000.0625,-400000.0625,-400000.0625,-400000.0625,-400000.0625,-400000.0625
85.21822357177734,-400000.0625,-400000.0625,-400000.0625,-400000.0625,-400000.0625,-400000.0625,-400000.0625,-400000.0625
85.28358721733093,-400000.0625,-400000.0625,-400000.0625,-400000.0625,-400000.0625,-400000.0625,-400000.0625,-400000.0625
85.29439735412598,-400000.0625,-400000.0625,-400000.0625,-400000.0625,-400000.0625,-400000.0625,-400000.0625,-400000.0625
85.29966807365417,-400000.0625,-400000.0625,-400000.0625,-400000.0625,-400000.0625,-400000.0625,-400000.0625,-400000.0625
85.30541801452637,-400000.0625,-400000.0625,-400000.0625,-400000.0625,-400000.0625,-400000.0625,-400000.0625,-400000.0625
85.31104302406311,-400000.0625,-400000.0625,-400000.0625,-400000.0625,-400000.0625,-400000.0625,-400000.0625,-400000.0625
85.31722855567932,-400000.0625,-400000.0625,-400000.0625,-400000.0625,-400000.0625,-400000.0625,-400000.0625,-400000.0625
85.32221031188965,-400000.0625,-400000.0625,-400000.0625,-400000.0625,-400000.0625,-400000.0625,-400000.0625,-400000.0625
85.32222056388855,-400000.0625,-400000.0625,-400000.0625,-400000.0625,-400000.0625,-400000.0625,-400000.0625,-400000.0625
85.32222509384155,-400000.0625,-400000.0625,-400000.0625,-400000.0625,-400000.0625,-400000.0625,-400000.0625,-400000.0625
85.3222291469574,-400000.0625,-400000.0625,-400000.0625,-400000.0625,-400000.0625,-400000.0625,-400000.0625,-400000.0625
85.32223343849182,-400000.0625,-400000.0625,-400000.0625,-400000.0625,-400000.0625,-400000.0625,-400000.0625,-400000.0625
85.32223725318909,-400000.0625,-400000.0625,-400000.0625,-400000.0625,-400000.0625,-400000.0625,-400000.0625,-400000.0625
85.32747483253479,-400000.0625,-400000.0625,-400000.0625,-400000.0625,-400000.0625,-400000.0625,-400000.0625,-400000.0625
85.33265399932861,-400000.0625,-400000.0625,-400000.0625,-400000.0625,-400000.0625,-400000.0625,-400000.0625,-400000.0625
85.33992385864258,-400000.0625,-400000.0625,-400000.0625,-400000.0625,-400000.0625,-400000.0625,-400000.0625,-400000.0625
85.34527778625488,-400000.0625,-400000.0625,-400000.0625,-400000.0625,-400000.0625,-400000.0625,-400000.0625,-400000.0625
85.35048341751099,-400000.0625,-400000.0625,-400000.0625,-400000.0625,-400000.0625,-400000.0625,-400000.0625,-400000.0625
85.35545802116394,-400000.0625,-400000.0625,-400000.0625,-400000.0625,-400000.0625,-400000.0625,-400000.0625,-400000.0625
85.35547256469727,-400000.0625,-400000.0625,-400000.0625,-400000.0625,-400000.0625,-400000.0625,-400000.0625,-400000.0625
85.35547947883606,-400000.0625,-400000.0625,-400000.0625,-400000.0625,-400000.0625,-400000.0625,-400000.0625,-400000.0625
85.35548639297485,-400000.0625,-400000.0625,-400000.0625,-400000.0625,-400000.0625,-400000.0625,-400000.0625,-400000.0625
85.35549306869507,-400000.0625,-400000.0625,-400000.0625,-400000.0625,-400000.0625,-400000.0625,-400000.0625,-400000.0625
85.36129784584045,-400000.0625,-400000.0625,-400000.0625,-400000.0625,-400000.0625,-400000.0625,-400000.0625,-400000.0625
85.3663125038147,-400000.0625,-400000.0625,-400000.0625,-400000.0625,-400000.0625,-400000.0625,-400000.0625,-400000.0625
85.37140917778015,-400000.0625,-400000.0625,-400000.0625,-400000.0625,-400000.0625,-400000.0625,-400000.0625,-400000.0625
85.37740540504456,-400000.0625,-400000.0625,-400000.0625,-400000.0625,-400000.0625,-400000.0625,-400000.0625,-400000.0625
85.3821268081665,-400000.0625,-400000.0625,-400000.0625,-400000.0625,-400000.0625,-400000.0625,-400000.0625,-400000.0625
85.38213586807251,-400000.0625,-400000.0625,-400000.0625,-400000.0625,-400000.0625,-400000.0625,-400000.0625,-400000.0625
85.38214063644409,-400000.0625,-400000.0625,-400000.0625,-400000.0625,-400000.0625,-400000.0625,-400000.0625,-400000.0625
85.3821473121643,-400000.0625,-400000.0625,-400000.0625,-400000.0625,-400000.0625,-400000.0625,-400000.0625,-400000.0625
85.38215136528015,-400000.0625,-400000.0625,-400000.0625,-400000.0625,-400000.0625,-400000.0625,-400000.0625,-400000.0625
85.38215589523315,-400000.0625,-400000.0625,-400000.0625,-400000.0625,-400000.0625,-400000.0625,-400000.0625,-400000.0625
85.38215970993042,-400000.0625,-400000.0625,-400000.0625,-400000.0625,-400000.0625,-400000.0625,-400000.0625,-400000.0625
85.38216376304626,-400000.0625,-400000.0625,-400000.0625,-400000.0625,-400000.0625,-400000.0625,-400000.0625,-400000.0625
85.38216757774353,-400000.0625,-400000.0625,-400000.0625,-400000.0625,-400000.0625,-400000.0625,-400000.0625,-400000.0625
85.38217163085938,-400000.0625,-400000.0625,-400000.0625,-400000.0625,-400000.0625,-400000.0625,-400000.0625,-400000.0625
85.38217544555664,-400000.0625,-400000.0625,-400000.0625,-400000.0625,-400000.0625,-400000.0625,-400000.0625,-400000.0625
85.3821792602539,-400000.0625,-400000.0625,-400000.0625,-400000.0625,-400000.0625,-400000.0625,-400000.0625,-400000.0625
85.38218379020691,-400000.0625,-400000.0625,-400000.0625,-400000.0625,-400000.0625,-400000.0625,-400000.0625,-400000.0625
85.38218760490417,-400000.0625,-400000.0625,-400000.0625,-400000.0625,-400000.0625,-400000.0625,-400000.0625,-400000.0625
85.38219165802002,-400000.0625,-400000.0625,-400000.0625,-400000.0625,-400000.0625,-400000.0625,-400000.0625,-400000.0625
85.38219547271729,-400000.0625,-400000.0625,-400000.0625,-400000.0625,-400000.0625,-400000.0625,-400000.0625,-400000.0625
85.38219952583313,-400000.0625,-400000.0625,-400000.0625,-400000.0625,-400000.0625,-400000.0625,-400000.0625,-400000.0625
85.38220357894897,-400000.0625,-400000.0625,-400000.0625,-400000.0625,-400000.0625,-400000.0625,-400000.0625,-400000.0625
85.38220763206482,-400000.0625,-400000.0625,-400000.0625,-400000.0625,-400000.0625,-400000.0625,-400000.0625,-400000.0625
85.38221168518066,-400000.0625,-400000.0625,-400000.0625,-400000.0625,-400000.0625,-400000.0625,-400000.0625,-400000.0625
85.38221549987793,-400000.0625,-400000.0625,-400000.0625,-400000.0625,-400000.0625,-400000.0625,-400000.0625,-400000.0625
85.38221979141235,-400000.0625,-400000.0625,-400000.0625,-400000.0625,-400000.0625,-400000.0625,-400000.0625,-400000.0625
85.43023896217346,-400000.0625,-400000.0625,-400000.0625,-400000.0625,-400000.0625,-400000.0625,-400000.0625,-400000.0625
85.44091176986694,-400000.0625,-400000.0625,-400000.0625,-400000.0625,-400000.0625,-400000.0625,-400000.0625,-400000.0625
85.44725227355957,-400000.0625,-400000.0625,-400000.0625,-400000.0625,-400000.0625,-400000.0625,-400000.0625,-400000.0625
85.45227718353271,-400000.0625,-400000.0625,-400000.0625,-400000.0625,-400000.0625,-400000.0625,-400000.0625,-400000.0625
85.45971322059631,-400000.0625,-400000.0625,-400000.0625,-400000.0625,-400000.0625,-400000.0625,-400000.0625,-400000.0625
85.46565628051758,-400000.0625,-400000.0625,-400000.0625,-400000.0625,-400000.0625,-400000.0625,-400000.0625,-400000.0625
85.47317838668823,-400000.0625,-400000.0625,-400000.0625,-400000.0625,-400000.0625,-400000.0625,-400000.0625,-400000.0625
85.47921109199524,-400000.0625,-400000.0625,-400000.0625,-400000.0625,-400000.0625,-400000.0625,-400000.0625,-400000.0625
85.4846134185791,-400000.0625,-400000.0625,-400000.0625,-400000.0625,-400000.0625,-400000.0625,-400000.0625,-400000.0625
85.48971819877625,-400000.0625,-400000.0625,-400000.0625,-400000.0625,-400000.0625,-400000.0625,-400000.0625,-400000.0625
85.49616265296936,-400000.0625,-400000.0625,-400000.0625,-400000.0625,-400000.0625,-400000.0625,-400000.0625,-400000.0625
85.50143647193909,-400000.0625,-400000.0625,-400000.0625,-400000.0625,-400000.0625,-400000.0625,-400000.0625,-400000.0625
85.50747632980347,-400000.0625,-400000.0625,-400000.0625,-400000.0625,-400000.0625,-400000.0625,-400000.0625,-400000.0625
85.51354956626892,-400000.0625,-400000.0625,-400000.0625,-400000.0625,-400000.0625,-400000.0625,-400000.0625,-400000.0625
85.51860857009888,-400000.0625,-400000.0625,-400000.0625,-400000.0625,-400000.0625,-400000.0625,-400000.0625,-400000.0625
85.52508282661438,-400000.0625,-400000.0625,-400000.0625,-400000.0625,-400000.0625,-400000.0625,-400000.0625,-400000.0625
85.53040719032288,-400000.0625,-400000.0625,-400000.0625,-400000.0625,-400000.0625,-400000.0625,-400000.0625,-400000.0625
85.5417869091034,-400000.0625,-400000.0625,-400000.0625,-400000.0625,-400000.0625,-400000.0625,-400000.0625,-400000.0625
85.54784965515137,-400000.0625,-400000.0625,-400000.0625,-400000.0625,-400000.0625,-400000.0625,-400000.0625,-400000.0625
85.55292344093323,-400000.0625,-400000.0625,-400000.0625,-400000.0625,-400000.0625,-400000.0625,-400000.0625,-400000.0625
85.56023859977722,-400000.0625,-400000.0625,-400000.0625,-400000.0625,-400000.0625,-400000.0625,-400000.0625,-400000.0625
85.56625986099243,-400000.0625,-400000.0625,-400000.0625,-400000.0625,-400000.0625,-400000.0625,-400000.0625,-400000.0625
85.57183146476746,-400000.0625,-400000.0625,-400000.0625,-400000.0625,-400000.0625,-400000.0625,-400000.0625,-400000.0625
85.5784080028534,-400000.0625,-400000.0625,-400000.0625,-400000.0625,-400000.0625,-400000.0625,-400000.0625,-400000.0625
85.58384156227112,-400000.0625,-400000.0625,-400000.0625,-400000.0625,-400000.0625,-400000.0625,-400000.0625,-400000.0625
85.5904586315155,-400000.0625,-400000.0625,-400000.0625,-400000.0625,-400000.0625,-400000.0625,-400000.0625,-400000.0625
85.59660625457764,-400000.0625,-400000.0625,-400000.0625,-400000.0625,-400000.0625,-400000.0625,-400000.0625,-400000.0625
85.60152888298035,-400000.0625,-400000.0625,-400000.0625,-400000.0625,-400000.0625,-400000.0625,-400000.0625,-400000.0625
85.6015374660492,-400000.0625,-400000.0625,-400000.0625,-400000.0625,-400000.0625,-400000.0625,-400000.0625,-400000.0625
85.60154271125793,-400000.0625,-400000.0625,-400000.0625,-400000.0625,-400000.0625,-400000.0625,-400000.0625,-400000.0625
85.60154700279236,-400000.0625,-400000.0625,-400000.0625,-400000.0625,-400000.0625,-400000.0625,-400000.0625,-400000.0625
85.60155129432678,-400000.0625,-400000.0625,-400000.0625,-400000.0625,-400000.0625,-400000.0625,-400000.0625,-400000.0625
85.60155534744263,-400000.0625,-400000.0625,-400000.0625,-400000.0625,-400000.0625,-400000.0625,-400000.0625,-400000.0625
85.60155963897705,-400000.0625,-400000.0625,-400000.0625,-400000.0625,-400000.0625,-400000.0625,-400000.0625,-400000.0625
85.6015636920929,-400000.0625,-400000.0625,-400000.0625,-400000.0625,-400000.0625,-400000.0625,-400000.0625,-400000.0625
85.60156750679016,-400000.0625,-400000.0625,-400000.0625,-400000.0625,-400000.0625,-400000.0625,-400000.0625,-400000.0625
85.601571559906,-400000.0625,-400000.0625,-400000.0625,-400000.0625,-400000.0625,-400000.0625,-400000.0625,-400000.0625
85.60157537460327,-400000.0625,-400000.0625,-400000.0625,-400000.0625,-400000.0625,-400000.0625,-400000.0625,-400000.0625
85.60157942771912,-400000.0625,-400000.0625,-400000.0625,-400000.0625,-400000.0625,-400000.0625,-400000.0625,-400000.0625
85.60158348083496,-400000.0625,-400000.0625,-400000.0625,-400000.0625,-400000.0625,-400000.0625,-400000.0625,-400000.0625
85.6015875339508,-400000.0625,-400000.0625,-400000.0625,-400000.0625,-400000.0625,-400000.0625,-400000.0625,-400000.0625
85.60159134864807,-400000.0625,-400000.0625,-400000.0625,-400000.0625,-400000.0625,-400000.0625,-400000.0625,-400000.0625
85.60159516334534,-400000.0625,-400000.0625,-400000.0625,-400000.0625,-400000.0625,-400000.0625,-400000.0625,-400000.0625
85.60159921646118,-400000.0625,-400000.0625,-400000.0625,-400000.0625,-400000.0625,-400000.0625,-400000.0625,-400000.0625
85.60160326957703,-400000.0625,-400000.0625,-400000.0625,-400000.0625,-400000.0625,-400000.0625,-400000.0625,-400000.0625
85.60160732269287,-400000.0625,-400000.0625,-400000.0625,-400000.0625,-400000.0625,-400000.0625,-400000.0625,-400000.0625
85.60161137580872,-400000.0625,-400000.0625,-400000.0625,-400000.0625,-400000.0625,-400000.0625,-400000.0625,-400000.0625
85.60760474205017,-400000.0625,-400000.0625,-400000.0625,-400000.0625,-400000.0625,-400000.0625,-400000.0625,-400000.0625
85.65501499176025,-400000.0625,-400000.0625,-400000.0625,-400000.0625,-400000.0625,-400000.0625,-400000.0625,-400000.0625
85.66590356826782,-400000.0625,-400000.0625,-400000.0625,-400000.0625,-400000.0625,-400000.0625,-400000.0625,-400000.0625
85.6703782081604,-400000.0625,-400000.0625,-400000.0625,-400000.0625,-400000.0625,-400000.0625,-400000.0625,-400000.0625
85.67038679122925,-400000.0625,-400000.0625,-400000.0625,-400000.0625,-400000.0625,-400000.0625,-400000.0625,-400000.0625
85.67039108276367,-400000.0625,-400000.0625,-400000.0625,-400000.0625,-400000.0625,-400000.0625,-400000.0625,-400000.0625
85.6703953742981,-400000.0625,-400000.0625,-400000.0625,-400000.0625,-400000.0625,-400000.0625,-400000.0625,-400000.0625
85.67039966583252,-400000.0625,-400000.0625,-400000.0625,-400000.0625,-400000.0625,-400000.0625,-400000.0625,-400000.0625
85.67040395736694,-400000.0625,-400000.0625,-400000.0625,-400000.0625,-400000.0625,-400000.0625,-400000.0625,-400000.0625
85.67040753364563,-400000.0625,-400000.0625,-400000.0625,-400000.0625,-400000.0625,-400000.0625,-400000.0625,-400000.0625
85.67041158676147,-400000.0625,-400000.0625,-400000.0625,-400000.0625,-400000.0625,-400000.0625,-400000.0625,-400000.0625
85.67041540145874,-400000.0625,-400000.0625,-400000.0625,-400000.0625,-400000.0625,-400000.0625,-400000.0625,-400000.0625
85.67041969299316,-400000.0625,-400000.0625,-400000.0625,-400000.0625,-400000.0625,-400000.0625,-400000.0625,-400000.0625
85.67042350769043,-400000.0625,-400000.0625,-400000.0625,-400000.0625,-400000.0625,-400000.0625,-400000.0625,-400000.0625
85.67042756080627,-400000.0625,-400000.0625,-400000.0625,-400000.0625,-400000.0625,-400000.0625,-400000.0625,-400000.0625
85.67043137550354,-400000.0625,-400000.0625,-400000.0625,-400000.0625,-400000.0625,-400000.0625,-400000.0625,-400000.0625
85.67043542861938,-400000.0625,-400000.0625,-400000.0625,-400000.0625,-400000.0625,-400000.0625,-400000.0625,-400000.0625
85.69254159927368,-400000.0625,-400000.0625,-400000.0625,-400000.0625,-400000.0625,-400000.0625,-400000.0625,-400000.0625
85.69850850105286,-400000.0625,-400000.0625,-400000.0625,-400000.0625,-400000.0625,-400000.0625,-400000.0625,-400000.0625
85.7038505077362,-400000.0625,-400000.0625,-400000.0625,-400000.0625,-400000.0625,-400000.0625,-400000.0625,-400000.0625
85.70984244346619,-400000.0625,-400000.0625,-400000.0625,-400000.0625,-400000.0625,-400000.0625,-400000.0625,-400000.0625
85.71556496620178,-400000.0625,-400000.0625,-400000.0625,-400000.0625,-400000.0625,-400000.0625,-400000.0625,-400000.0625
85.72059941291809,-400000.0625,-400000.0625,-400000.0625,-400000.0625,-400000.0625,-400000.0625,-400000.0625,-400000.0625
85.72711825370789,-400000.0625,-400000.0625,-400000.0625,-400000.0625,-400000.0625,-400000.0625,-400000.0625,-400000.0625
85.73260021209717,-400000.0625,-400000.0625,-400000.0625,-400000.0625,-400000.0625,-400000.0625,-400000.0625,-400000.0625
85.73785662651062,-400000.0625,-400000.0625,-400000.0625,-400000.0625,-400000.0625,-400000.0625,-400000.0625,-400000.0625
85.74642586708069,-400000.0625,-400000.0625,-400000.0625,-400000.0625,-400000.0625,-400000.0625,-400000.0625,-400000.0625
85.75159430503845,-400000.0625,-400000.0625,-400000.0625,-400000.0625,-400000.0625,-400000.0625,-400000.0625,-400000.0625
85.75746774673462,-400000.0625,-400000.0625,-400000.0625,-400000.0625,-400000.0625,-400000.0625,-400000.0625,-400000.0625
85.76855063438416,-400000.0625,-400000.0625,-400000.0625,-400000.0625,-400000.0625,-400000.0625,-400000.0625,-400000.0625
85.77464723587036,-400000.0625,-400000.0625,-400000.0625,-400000.0625,-400000.0625,-400000.0625,-400000.0625,-400000.0625
85.78024125099182,-400000.0625,-400000.0625,-400000.0625,-400000.0625,-400000.0625,-400000.0625,-400000.0625,-400000.0625
85.78569960594177,-400000.0625,-400000.0625,-400000.0625,-400000.0625,-400000.0625,-400000.0625,-400000.0625,-400000.0625
85.7914674282074,-400000.0625,-400000.0625,-400000.0625,-400000.0625,-400000.0625,-400000.0625,-400000.0625,-400000.0625
85.79854583740234,-400000.0625,-400000.0625,-400000.0625,-400000.0625,-400000.0625,-400000.0625,-400000.0625,-400000.0625
85.80327677726746,-400000.0625,-400000.0625,-400000.0625,-400000.0625,-400000.0625,-400000.0625,-400000.0625,-400000.0625
85.80328702926636,-400000.0625,-400000.0625,-400000.0625,-400000.0625,-400000.0625,-400000.0625,-400000.0625,-400000.0625
85.80329132080078,-400000.0625,-400000.0625,-400000.0625,-400000.0625,-400000.0625,-400000.0625,-400000.0625,-400000.0625
85.80329585075378,-400000.0625,-400000.0625,-400000.0625,-400000.0625,-400000.0625,-400000.0625,-400000.0625,-400000.0625
85.80329966545105,-400000.0625,-400000.0625,-400000.0625,-400000.0625,-400000.0625,-400000.0625,-400000.0625,-400000.0625
85.80330348014832,-400000.0625,-400000.0625,-400000.0625,-400000.0625,-400000.0625,-400000.0625,-400000.0625,-400000.0625
85.80330729484558,-400000.0625,-400000.0625,-400000.0625,-400000.0625,-400000.0625,-400000.0625,-400000.0625,-400000.0625
85.80331110954285,-400000.0625,-400000.0625,-400000.0625,-400000.0625,-400000.0625,-400000.0625,-400000.0625,-400000.0625
85.80331492424011,-400000.0625,-400000.0625,-400000.0625,-400000.0625,-400000.0625,-400000.0625,-400000.0625,-400000.0625
85.80331897735596,-400000.0625,-400000.0625,-400000.0625,-400000.0625,-400000.0625,-400000.0625,-400000.0625,-400000.0625
85.80332279205322,-400000.0625,-400000.0625,-400000.0625,-400000.0625,-400000.0625,-400000.0625,-400000.0625,-400000.0625
85.80332660675049,-400000.0625,-400000.0625,-400000.0625,-400000.0625,-400000.0625,-400000.0625,-400000.0625,-400000.0625
85.80333042144775,-400000.0625,-400000.0625,-400000.0625,-400000.0625,-400000.0625,-400000.0625,-400000.0625,-400000.0625
85.80333423614502,-400000.0625,-400000.0625,-400000.0625,-400000.0625,-400000.0625,-400000.0625,-400000.0625,-400000.0625
85.83488249778748,-400000.0625,-400000.0625,-400000.0625,-400000.0625,-400000.0625,-400000.0625,-400000.0625,-400000.0625
85.84036111831665,-400000.0625,-400000.0625,-400000.0625,-400000.0625,-400000.0625,-400000.0625,-400000.0625,-400000.0625
85.8453996181488,-400000.0625,-400000.0625,-400000.0625,-400000.0625,-400000.0625,-400000.0625,-400000.0625,-400000.0625
85.84983992576599,-400000.0625,-400000.0625,-400000.0625,-400000.0625,-400000.0625,-400000.0625,-400000.0625,-400000.0625
85.84984993934631,-400000.0625,-400000.0625,-400000.0625,-400000.0625,-400000.0625,-400000.0625,-400000.0625,-400000.0625
85.84985446929932,-400000.0625,-400000.0625,-400000.0625,-400000.0625,-400000.0625,-400000.0625,-400000.0625,-400000.0625
85.84985852241516,-400000.0625,-400000.0625,-400000.0625,-400000.0625,-400000.0625,-400000.0625,-400000.0625,-400000.0625
85.84986305236816,-400000.0625,-400000.0625,-400000.0625,-400000.0625,-400000.0625,-400000.0625,-400000.0625,-400000.0625
85.84986710548401,-400000.0625,-400000.0625,-400000.0625,-400000.0625,-400000.0625,-400000.0625,-400000.0625,-400000.0625
85.84987115859985,-400000.0625,-400000.0625,-400000.0625,-400000.0625,-400000.0625,-400000.0625,-400000.0625,-400000.0625
85.84987783432007,-400000.0625,-400000.0625,-400000.0625,-400000.0625,-400000.0625,-400000.0625,-400000.0625,-400000.0625
85.84988164901733,-400000.0625,-400000.0625,-400000.0625,-400000.0625,-400000.0625,-400000.0625,-400000.0625,-400000.0625
85.8498854637146,-400000.0625,-400000.0625,-400000.0625,-400000.0625,-400000.0625,-400000.0625,-400000.0625,-400000.0625
85.84989142417908,-400000.0625,-400000.0625,-400000.0625,-400000.0625,-400000.0625,-400000.0625,-400000.0625,-400000.0625
85.84989523887634,-400000.0625,-400000.0625,-400000.0625,-400000.0625,-400000.0625,-400000.0625,-400000.0625,-400000.0625
85.84989929199219,-400000.0625,-400000.0625,-400000.0625,-400000.0625,-400000.0625,-400000.0625,-400000.0625,-400000.0625
85.87773561477661,-400000.0625,-400000.0625,-400000.0625,-400000.0625,-400000.0625,-400000.0625,-400000.0625,-400000.0625
85.88755178451538,-400000.0625,-400000.0625,-400000.0625,-400000.0625,-400000.0625,-400000.0625,-400000.0625,-400000.0625
85.89357781410217,-400000.0625,-400000.0625,-400000.0625,-400000.0625,-400000.0625,-400000.0625,-400000.0625,-400000.0625
85.89875411987305,-400000.0625,-400000.0625,-400000.0625,-400000.0625,-400000.0625,-400000.0625,-400000.0625,-400000.0625
85.9038872718811,-400000.0625,-400000.0625,-400000.0625,-400000.0625,-400000.0625,-400000.0625,-400000.0625,-400000.0625
85.91004204750061,-400000.0625,-400000.0625,-400000.0625,-400000.0625,-400000.0625,-400000.0625,-400000.0625,-400000.0625
85.91588187217712,-400000.0625,-400000.0625,-400000.0625,-400000.0625,-400000.0625,-400000.0625,-400000.0625,-400000.0625
85.92088675498962,-400000.0625,-400000.0625,-400000.0625,-400000.0625,-400000.0625,-400000.0625,-400000.0625,-400000.0625
85.92759037017822,-400000.0625,-400000.0625,-400000.0625,-400000.0625,-400000.0625,-400000.0625,-400000.0625,-400000.0625
85.93302154541016,-400000.0625,-400000.0625,-400000.0625,-400000.0625,-400000.0625,-400000.0625,-400000.0625,-400000.0625
85.93846249580383,-400000.0625,-400000.0625,-400000.0625,-400000.0625,-400000.0625,-400000.0625,-400000.0625,-400000.0625
85.94561791419983,-400000.0625,-400000.0625,-400000.0625,-400000.0625,-400000.0625,-400000.0625,-400000.0625,-400000.0625
85.95068669319153,-400000.0625,-400000.0625,-400000.0625,-400000.0625,-400000.0625,-400000.0625,-400000.0625,-400000.0625
85.95660877227783,-400000.0625,-400000.0625,-400000.0625,-400000.0625,-400000.0625,-400000.0625,-400000.0625,-400000.0625
85.96219182014465,-400000.0625,-400000.0625,-400000.0625,-400000.0625,-400000.0625,-400000.0625,-400000.0625,-400000.0625
85.96792006492615,-400000.0625,-400000.0625,-400000.0625,-400000.0625,-400000.0625,-400000.0625,-400000.0625,-400000.0625
85.97367882728577,-400000.0625,-400000.0625,-400000.0625,-400000.0625,-400000.0625,-400000.0625,-400000.0625,-400000.0625
85.97955322265625,-400000.0625,-400000.0625,-400000.0625,-400000.0625,-400000.0625,-400000.0625,-400000.0625,-400000.0625
85.98989391326904,-400000.0625,-400000.0625,-400000.0625,-400000.0625,-400000.0625,-400000.0625,-400000.0625,-400000.0625
85.99590992927551,-400000.0625,-400000.0625,-400000.0625,-400000.0625,-400000.0625,-400000.0625,-400000.0625,-400000.0625
86.00081157684326,-400000.0625,-400000.0625,-400000.0625,-400000.0625,-400000.0625,-400000.0625,-400000.0625,-400000.0625
86.00082039833069,-400000.0625,-400000.0625,-400000.0625,-400000.0625,-400000.0625,-400000.0625,-400000.0625,-400000.0625
86.00082492828369,-400000.0625,-400000.0625,-400000.0625,-400000.0625,-400000.0625,-400000.0625,-400000.0625,-400000.0625
86.00082921981812,-400000.0625,-400000.0625,-400000.0625,-400000.0625,-400000.0625,-400000.0625,-400000.0625,-400000.0625
86.00083351135254,-400000.0625,-400000.0625,-400000.0625,-400000.0625,-400000.0625,-400000.0625,-400000.0625,-400000.0625
86.00083756446838,-400000.0625,-400000.0625,-400000.0625,-400000.0625,-400000.0625,-400000.0625,-400000.0625,-400000.0625
86.00084161758423,-400000.0625,-400000.0625,-400000.0625,-400000.0625,-400000.0625,-400000.0625,-400000.0625,-400000.0625
86.00084614753723,-400000.0625,-400000.0625,-400000.0625,-400000.0625,-400000.0625,-400000.0625,-400000.0625,-400000.0625
86.0008499622345,-400000.0625,-400000.0625,-400000.0625,-400000.0625,-400000.0625,-400000.0625,-400000.0625,-400000.0625
86.00085425376892,-400000.0625,-400000.0625,-400000.0625,-400000.0625,-400000.0625,-400000.0625,-400000.0625,-400000.0625
86.00085806846619,-400000.0625,-400000.0625,-400000.0625,-400000.0625,-400000.0625,-400000.0625,-400000.0625,-400000.0625
86.00086188316345,-400000.0625,-400000.0625,-400000.0625,-400000.0625,-400000.0625,-400000.0625,-400000.0625,-400000.0625
86.02252674102783,-400000.0625,-400000.0625,-400000.0625,-400000.0625,-400000.0625,-400000.0625,-400000.0625,-400000.0625
86.02856969833374,-400000.0625,-400000.0625,-400000.0625,-400000.0625,-400000.0625,-400000.0625,-400000.0625,-400000.0625
86.0329999923706,-400000.0625,-400000.0625,-400000.0625,-400000.0625,-400000.0625,-400000.0625,-400000.0625,-400000.0625
86.03300905227661,-400000.0625,-400000.0625,-400000.0625,-400000.0625,-400000.0625,-400000.0625,-400000.0625,-400000.0625
86.03301358222961,-400000.0625,-400000.0625,-400000.0625,-400000.0625,-400000.0625,-400000.0625,-400000.0625,-400000.0625
86.03301739692688,-400000.0625,-400000.0625,-400000.0625,-400000.0625,-400000.0625,-400000.0625,-400000.0625,-400000.0625
86.03302097320557,-400000.0625,-400000.0625,-400000.0625,-400000.0625,-400000.0625,-400000.0625,-400000.0625,-400000.0625
86.03302454948425,-400000.0625,-400000.0625,-400000.0625,-400000.0625,-400000.0625,-400000.0625,-400000.0625,-400000.0625
86.0330286026001,-400000.0625,-400000.0625,-400000.0625,-400000.0625,-400000.0625,-400000.0625,-400000.0625,-400000.0625
86.03303241729736,-400000.0625,-400000.0625,-400000.0625,-400000.0625,-400000.0625,-400000.0625,-400000.0625,-400000.0625
86.03303599357605,-400000.0625,-400000.0625,-400000.0625,-400000.0625,-400000.0625,-400000.0625,-400000.0625,-400000.0625
86.03303956985474,-400000.0625,-400000.0625,-400000.0625,-400000.0625,-400000.0625,-400000.0625,-400000.0625,-400000.0625
86.03304314613342,-400000.0625,-400000.0625,-400000.0625,-400000.0625,-400000.0625,-400000.0625,-400000.0625,-400000.0625
86.03304672241211,-400000.0625,-400000.0625,-400000.0625,-400000.0625,-400000.0625,-400000.0625,-400000.0625,-400000.0625
86.0330502986908,-400000.0625,-400000.0625,-400000.0625,-400000.0625,-400000.0625,-400000.0625,-400000.0625,-400000.0625
86.03305387496948,-400000.0625,-400000.0625,-400000.0625,-400000.0625,-400000.0625,-400000.0625,-400000.0625,-400000.0625
86.07242631912231,-400000.0625,-400000.0625,-400000.0625,-400000.0625,-400000.0625,-400000.0625,-400000.0625,-400000.0625
86.07804441452026,-400000.0625,-400000.0625,-400000.0625,-400000.0625,-400000.0625,-400000.0625,-400000.0625,-400000.0625
86.08246278762817,-400000.0625,-400000.0625,-400000.0625,-400000.0625,-400000.0625,-400000.0625,-400000.0625,-400000.0625
86.0863025188446,-400000.0625,-400000.0625,-400000.0625,-400000.0625,-400000.0625,-400000.0625,-400000.0625,-400000.0625
86.09133315086365,-400000.0625,-400000.0625,-400000.0625,-400000.0625,-400000.0625,-400000.0625,-400000.0625,-400000.0625
86.09650015830994,-400000.0625,-400000.0625,-400000.0625,-400000.0625,-400000.0625,-400000.0625,-400000.0625,-400000.0625
86.10112810134888,-400000.0625,-400000.0625,-400000.0625,-400000.0625,-400000.0625,-400000.0625,-400000.0625,-400000.0625
86.10113716125488,-400000.0625,-400000.0625,-400000.0625,-400000.0625,-400000.0625,-400000.0625,-400000.0625,-400000.0625
86.10114192962646,-400000.0625,-400000.0625,-400000.0625,-400000.0625,-400000.0625,-400000.0625,-400000.0625,-400000.0625
86.10114622116089,-400000.0625,-400000.0625,-400000.0625,-400000.0625,-400000.0625,-400000.0625,-400000.0625,-400000.0625
86.10115003585815,-400000.0625,-400000.0625,-400000.0625,-400000.0625,-400000.0625,-400000.0625,-400000.0625,-400000.0625
86.101154088974,-400000.0625,-400000.0625,-400000.0625,-400000.0625,-400000.0625,-400000.0625,-400000.0625,-400000.0625
86.10115790367126,-400000.0625,-400000.0625,-400000.0625,-400000.0625,-400000.0625,-400000.0625,-400000.0625,-400000.0625
86.10116195678711,-400000.0625,-400000.0625,-400000.0625,-400000.0625,-400000.0625,-400000.0625,-400000.0625,-400000.0625
86.10116577148438,-400000.0625,-400000.0625,-400000.0625,-400000.0625,-400000.0625,-400000.0625,-400000.0625,-400000.0625
86.10116982460022,-400000.0625,-400000.0625,-400000.0625,-400000.0625,-400000.0625,-400000.0625,-400000.0625,-400000.0625
86.13963031768799,-400000.0625,-400000.0625,-400000.0625,-400000.0625,-400000.0625,-400000.0625,-400000.0625,-400000.0625
86.14740252494812,-400000.0625,-400000.0625,-400000.0625,-400000.0625,-400000.0625,-400000.0625,-400000.0625,-400000.0625
86.15256214141846,-400000.0625,-400000.0625,-400000.0625,-400000.0625,-400000.0625,-400000.0625,-400000.0625,-400000.0625
86.15845370292664,-400000.0625,-400000.0625,-400000.0625,-400000.0625,-400000.0625,-400000.0625,-400000.0625,-400000.0625
86.16327714920044,-400000.0625,-400000.0625,-400000.0625,-400000.0625,-400000.0625,-400000.0625,-400000.0625,-400000.0625
86.16328763961792,-400000.0625,-400000.0625,-400000.0625,-400000.0625,-400000.0625,-400000.0625,-400000.0625,-400000.0625
86.16329288482666,-400000.0625,-400000.0625,-400000.0625,-400000.0625,-400000.0625,-400000.0625,-400000.0625,-400000.0625
86.16329717636108,-400000.0625,-400000.0625,-400000.0625,-400000.0625,-400000.0625,-400000.0625,-400000.0625,-400000.0625
86.16330170631409,-400000.0625,-400000.0625,-400000.0625,-400000.0625,-400000.0625,-400000.0625,-400000.0625,-400000.0625
86.16330599784851,-400000.0625,-400000.0625,-400000.0625,-400000.0625,-400000.0625,-400000.0625,-400000.0625,-400000.0625
86.16331028938293,-400000.0625,-400000.0625,-400000.0625,-400000.0625,-400000.0625,-400000.0625,-400000.0625,-400000.0625
86.1633141040802,-400000.0625,-400000.0625,-400000.0625,-400000.0625,-400000.0625,-400000.0625,-400000.0625,-400000.0625
86.1633186340332,-400000.0625,-400000.0625,-400000.0625,-400000.0625,-400000.0625,-400000.0625,-400000.0625,-400000.0625
86.16332244873047,-400000.0625,-400000.0625,-400000.0625,-400000.0625,-400000.0625,-400000.0625,-400000.0625,-400000.0625
86.16332626342773,-400000.0625,-400000.0625,-400000.0625,-400000.0625,-400000.0625,-400000.0625,-400000.0625,-400000.0625
86.16333031654358,-400000.0625,-400000.0625,-400000.0625,-400000.0625,-400000.0625,-400000.0625,-400000.0625,-400000.0625
86.20551347732544,-400000.0625,-400000.0625,-400000.0625,-400000.0625,-400000.0625,-400000.0625,-400000.0625,-400000.0625
86.2149338722229,-400000.0625,-400000.0625,-400000.0625,-400000.0625,-400000.0625,-400000.0625,-400000.0625,-400000.0625
86.21966695785522,-400000.0625,-400000.0625,-400000.0625,-400000.0625,-400000.0625,-400000.0625,-400000.0625,-400000.0625
86.21967673301697,-400000.0625,-400000.0625,-400000.0625,-400000.0625,-400000.0625,-400000.0625,-400000.0625,-400000.0625
86.21968150138855,-400000.0625,-400000.0625,-400000.0625,-400000.0625,-400000.0625,-400000.0625,-400000.0625,-400000.0625
86.21968603134155,-400000.0625,-400000.0625,-400000.0625,-400000.0625,-400000.0625,-400000.0625,-400000.0625,-400000.0625
86.21969079971313,-400000.0625,-400000.0625,-400000.0625,-400000.0625,-400000.0625,-400000.0625,-400000.0625,-400000.0625
86.21969532966614,-400000.0625,-400000.0625,-400000.0625,-400000.0625,-400000.0625,-400000.0625,-400000.0625,-400000.0625
86.21969938278198,-400000.0625,-400000.0625,-400000.0625,-400000.0625,-400000.0625,-400000.0625,-400000.0625,-400000.0625
86.21970415115356,-400000.0625,-400000.0625,-400000.0625,-400000.0625,-400000.0625,-400000.0625,-400000.0625,-400000.0625
86.21970868110657,-400000.0625,-400000.0625,-400000.0625,-400000.0625,-400000.0625,-400000.0625,-400000.0625,-400000.0625
86.21971344947815,-400000.0625,-400000.0625,-400000.0625,-400000.0625,-400000.0625,-400000.0625,-400000.0625,-400000.0625
86.21971869468689,-400000.0625,-400000.0625,-400000.0625,-400000.0625,-400000.0625,-400000.0625,-400000.0625,-400000.0625
86.21972322463989,-400000.0625,-400000.0625,-400000.0625,-400000.0625,-400000.0625,-400000.0625,-400000.0625,-400000.0625
86.21972799301147,-400000.0625,-400000.0625,-400000.0625,-400000.0625,-400000.0625,-400000.0625,-400000.0625,-400000.0625
86.21973276138306,-400000.0625,-400000.0625,-400000.0625,-400000.0625,-400000.0625,-400000.0625,-400000.0625,-400000.0625
86.26619935035706,-400000.0625,-400000.0625,-400000.0625,-400000.0625,-400000.0625,-400000.0625,-400000.0625,-400000.0625
86.27103853225708,-400000.0625,-400000.0625,-400000.0625,-400000.0625,-400000.0625,-400000.0625,-400000.0625,-400000.0625
86.27104759216309,-400000.0625,-400000.0625,-400000.0625,-400000.0625,-400000.0625,-400000.0625,-400000.0625,-400000.0625
86.27105259895325,-400000.0625,-400000.0625,-400000.0625,-400000.0625,-400000.0625,-400000.0625,-400000.0625,-400000.0625
86.27105665206909,-400000.0625,-400000.0625,-400000.0625,-400000.0625,-400000.0625,-400000.0625,-400000.0625,-400000.0625
86.27106022834778,-400000.0625,-400000.0625,-400000.0625,-400000.0625,-400000.0625,-400000.0625,-400000.0625,-400000.0625
86.27106428146362,-400000.0625,-400000.0625,-400000.0625,-400000.0625,-400000.0625,-400000.0625,-400000.0625,-400000.0625
86.27106833457947,-400000.0625,-400000.0625,-400000.0625,-400000.0625,-400000.0625,-400000.0625,-400000.0625,-400000.0625
86.27107214927673,-400000.0625,-400000.0625,-400000.0625,-400000.0625,-400000.0625,-400000.0625,-400000.0625,-400000.0625
86.27107572555542,-400000.0625,-400000.0625,-400000.0625,-400000.0625,-400000.0625,-400000.0625,-400000.0625,-400000.0625
86.27108001708984,-400000.0625,-400000.0625,-400000.0625,-400000.0625,-400000.0625,-400000.0625,-400000.0625,-400000.0625
86.27108383178711,-400000.0625,-400000.0625,-400000.0625,-400000.0625,-400000.0625,-400000.0625,-400000.0625,-400000.0625
86.27108812332153,-400000.0625,-400000.0625,-400000.0625,-400000.0625,-400000.0625,-400000.0625,-400000.0625,-400000.0625
86.27109265327454,-400000.0625,-400000.0625,-400000.0625,-400000.0625,-400000.0625,-400000.0625,-400000.0625,-400000.0625
86.27109694480896,-400000.0625,-400000.0625,-400000.0625,-400000.0625,-400000.0625,-400000.0625,-400000.0625,-400000.0625
86.27110147476196,-400000.0625,-400000.0625,-400000.0625,-400000.0625,-400000.0625,-400000.0625,-400000.0625,-400000.0625
86.37863659858704,-400000.0625,-400000.0625,-400000.0625,-400000.0625,-400000.0625,-400000.0625,-400000.0625,-400000.0625
86.38876438140869,-400000.0625,-400000.0625,-400000.0625,-400000.0625,-400000.0625,-400000.0625,-400000.0625,-400000.0625
86.39676785469055,-400000.0625,-400000.0625,-400000.0625,-400000.0625,-400000.0625,-400000.0625,-400000.0625,-400000.0625
86.4019410610199,-400000.0625,-400000.0625,-400000.0625,-400000.0625,-400000.0625,-400000.0625,-400000.0625,-400000.0625
86.40967082977295,-400000.0625,-400000.0625,-400000.0625,-400000.0625,-400000.0625,-400000.0625,-400000.0625,-400000.0625
86.4172375202179,-400000.0625,-400000.0625,-400000.0625,-400000.0625,-400000.0625,-400000.0625,-400000.0625,-400000.0625
86.42339062690735,-400000.0625,-400000.0625,-400000.0625,-400000.0625,-400000.0625,-400000.0625,-400000.0625,-400000.0625
86.42955470085144,-400000.0625,-400000.0625,-400000.0625,-400000.0625,-400000.0625,-400000.0625,-400000.0625,-400000.0625
86.43509125709534,-400000.0625,-400000.0625,-400000.0625,-400000.0625,-400000.0625,-400000.0625,-400000.0625,-400000.0625
86.44058871269226,-400000.0625,-400000.0625,-400000.0625,-400000.0625,-400000.0625,-400000.0625,-400000.0625,-400000.0625
86.4468846321106,-400000.0625,-400000.0625,-400000.0625,-400000.0625,-400000.0625,-400000.0625,-400000.0625,-400000.0625
86.45199346542358,-400000.0625,-400000.0625,-400000.0625,-400000.0625,-400000.0625,-400000.0625,-400000.0625,-400000.0625
86.45842456817627,-400000.0625,-400000.0625,-400000.0625,-400000.0625,-400000.0625,-400000.0625,-400000.0625,-400000.0625
86.46445608139038,-400000.0625,-400000.0625,-400000.0625,-400000.0625,-400000.0625,-400000.0625,-400000.0625,-400000.0625
86.469562292099,-400000.0625,-400000.0625,-400000.0625,-400000.0625,-400000.0625,-400000.0625,-400000.0625,-400000.0625
86.48866820335388,-400000.0625,-400000.0625,-400000.0625,-400000.0625,-400000.0625,-400000.0625,-400000.0625,-400000.0625
86.5239987373352,-400000.0625,-400000.0625,-400000.0625,-400000.0625,-400000.0625,-400000.0625,-400000.0625,-400000.0625
86.75656509399414,-400000.0625,-400000.0625,-400000.0625,-400000.0625,-400000.0625,-400000.0625,-400000.0625,-400000.0625
86.77265739440918,-400000.0625,-400000.0625,-400000.0625,-400000.0625,-400000.0625,-400000.0625,-400000.0625,-400000.0625
86.91493391990662,-400000.0625,-400000.0625,-400000.0625,-400000.0625,-400000.0625,-400000.0625,-400000.0625,-400000.0625
86.97498965263367,-400000.0625,-400000.0625,-400000.0625,-400000.0625,-400000.0625,-400000.0625,-400000.0625,-400000.0625
87.12376475334167,-400000.0625,-400000.0625,-400000.0625,-400000.0625,-400000.0625,-400000.0625,-400000.0625,-400000.0625
87.15872716903687,-400000.0625,-400000.0625,-400000.0625,-400000.0625,-400000.0625,-400000.0625,-400000.0625,-400000.0625
87.22436189651489,-400000.0625,-400000.0625,-400000.0625,-400000.0625,-400000.0625,-400000.0625,-400000.0625,-400000.0625
87.28610157966614,-400000.0625,-400000.0625,-400000.0625,-400000.0625,-400000.0625,-400000.0625,-400000.0625,-400000.0625
87.36474871635437,-400000.0625,-400000.0625,-400000.0625,-400000.0625,-400000.0625,-400000.0625,-400000.0625,-400000.0625
87.49618673324585,-400000.0625,-400000.0625,-400000.0625,-400000.0625,-400000.0625,-400000.0625,-400000.0625,-400000.0625
87.61751294136047,-400000.0625,-400000.0625,-400000.0625,-400000.0625,-400000.0625,-400000.0625,-400000.0625,-400000.0625
87.67269802093506,-400000.0625,-400000.0625,-400000.0625,-400000.0625,-400000.0625,-400000.0625,-400000.0625,-400000.0625
87.76132726669312,-400000.0625,-400000.0625,-400000.0625,-400000.0625,-400000.0625,-400000.0625,-400000.0625,-400000.0625
87.8211600780487,-400000.0625,-400000.0625,-400000.0625,-400000.0625,-400000.0625,-400000.0625,-400000.0625,-400000.0625
87.92739605903625,-400000.0625,-400000.0625,-400000.0625,-400000.0625,-400000.0625,-400000.0625,-400000.0625,-400000.0625
88.07238817214966,-400000.0625,-400000.0625,-400000.0625,-400000.0625,-400000.0625,-400000.0625,-400000.0625,-400000.0625
88.2559142112732,-400000.0625,-400000.0625,-400000.0625,-400000.0625,-400000.0625,-400000.0625,-400000.0625,-400000.0625
88.322026014328,-400000.0625,-400000.0625,-400000.0625,-400000.0625,-400000.0625,-400000.0625,-400000.0625,-400000.0625
88.39367842674255,-400000.0625,-400000.0625,-400000.0625,-400000.0625,-400000.0625,-400000.0625,-400000.0625,-400000.0625
88.63919353485107,-400000.0625,-400000.0625,-400000.0625,-400000.0625,-400000.0625,-400000.0625,-400000.0625,-400000.0625
88.69638657569885,-400000.0625,-400000.0625,-400000.0625,-400000.0625,-400000.0625,-400000.0625,-400000.0625,-400000.0625
88.82378435134888,-400000.0625,-400000.0625,-400000.0625,-400000.0625,-400000.0625,-400000.0625,-400000.0625,-400000.0625
88.96606540679932,-400000.0625,-400000.0625,-400000.0625,-400000.0625,-400000.0625,-400000.0625,-400000.0625,-400000.0625
89.04390001296997,-400000.0625,-400000.0625,-400000.0625,-400000.0625,-400000.0625,-400000.0625,-400000.0625,-400000.0625
89.04397535324097,-400000.0625,-400000.0625,-400000.0625,-400000.0625,-400000.0625,-400000.0625,-400000.0625,-400000.0625
89.0439805984497,-400000.0625,-400000.0625,-400000.0625,-400000.0625,-400000.0625,-400000.0625,-400000.0625,-400000.0625
89.04398465156555,-400000.0625,-400000.0625,-400000.0625,-400000.0625,-400000.0625,-400000.0625,-400000.0625,-400000.0625
89.04398846626282,-400000.0625,-400000.0625,-400000.0625,-400000.0625,-400000.0625,-400000.0625,-400000.0625,-400000.0625
89.04399228096008,-400000.0625,-400000.0625,-400000.0625,-400000.0625,-400000.0625,-400000.0625,-400000.0625,-400000.0625
89.04399609565735,-400000.0625,-400000.0625,-400000.0625,-400000.0625,-400000.0625,-400000.0625,-400000.0625,-400000.0625
89.04399967193604,-400000.0625,-400000.0625,-400000.0625,-400000.0625,-400000.0625,-400000.0625,-400000.0625,-400000.0625
89.04400372505188,-400000.0625,-400000.0625,-400000.0625,-400000.0625,-400000.0625,-400000.0625,-400000.0625,-400000.0625
89.04400753974915,-400000.0625,-400000.0625,-400000.0625,-400000.0625,-400000.0625,-400000.0625,-400000.0625,-400000.0625
89.04401135444641,-400000.0625,-400000.0625,-400000.0625,-400000.0625,-400000.0625,-400000.0625,-400000.0625,-400000.0625
89.0440149307251,-400000.0625,-400000.0625,-400000.0625,-400000.0625,-400000.0625,-400000.0625,-400000.0625,-400000.0625
89.04401850700378,-400000.0625,-400000.0625,-400000.0625,-400000.0625,-400000.0625,-400000.0625,-400000.0625,-400000.0625
89.04402184486389,-400000.0625,-400000.0625,-400000.0625,-400000.0625,-400000.0625,-400000.0625,-400000.0625,-400000.0625
89.04402542114258,-400000.0625,-400000.0625,-400000.0625,-400000.0625,-400000.0625,-400000.0625,-400000.0625,-400000.0625
89.04402899742126,-400000.0625,-400000.0625,-400000.0625,-400000.0625,-400000.0625,-400000.0625,-400000.0625,-400000.0625
89.0761547088623,-400000.0625,-400000.0625,-400000.0625,-400000.0625,-400000.0625,-400000.0625,-400000.0625,-400000.0625
89.07847690582275,-400000.0625,-400000.0625,-400000.0625,-400000.0625,-400000.0625,-400000.0625,-400000.0625,-400000.0625
89.07848787307739,-400000.0625,-400000.0625,-400000.0625,-400000.0625,-400000.0625,-400000.0625,-400000.0625,-400000.0625
89.07849216461182,-400000.0625,-400000.0625,-400000.0625,-400000.0625,-400000.0625,-400000.0625,-400000.0625,-400000.0625
89.0784957408905,-400000.0625,-400000.0625,-400000.0625,-400000.0625,-400000.0625,-400000.0625,-400000.0625,-400000.0625
89.07849979400635,-400000.0625,-400000.0625,-400000.0625,-400000.0625,-400000.0625,-400000.0625,-400000.0625,-400000.0625
89.07850337028503,-400000.0625,-400000.0625,-400000.0625,-400000.0625,-400000.0625,-400000.0625,-400000.0625,-400000.0625
89.0785071849823,-400000.0625,-400000.0625,-400000.0625,-400000.0625,-400000.0625,-400000.0625,-400000.0625,-400000.0625
89.07851076126099,-400000.0625,-400000.0625,-400000.0625,-400000.0625,-400000.0625,-400000.0625,-400000.0625,-400000.0625
89.07851433753967,-400000.0625,-400000.0625,-400000.0625,-400000.0625,-400000.0625,-400000.0625,-400000.0625,-400000.0625
89.07851767539978,-400000.0625,-400000.0625,-400000.0625,-400000.0625,-400000.0625,-400000.0625,-400000.0625,-400000.0625
89.07852125167847,-400000.0625,-400000.0625,-400000.0625,-400000.0625,-400000.0625,-400000.0625,-400000.0625,-400000.0625
89.07852482795715,-400000.0625,-400000.0625,-400000.0625,-400000.0625,-400000.0625,-400000.0625,-400000.0625,-400000.0625
89.07852840423584,-400000.0625,-400000.0625,-400000.0625,-400000.0625,-400000.0625,-400000.0625,-400000.0625,-400000.0625
89.07853198051453,-400000.0625,-400000.0625,-400000.0625,-400000.0625,-400000.0625,-400000.0625,-400000.0625,-400000.0625
89.07853531837463,-400000.0625,-400000.0625,-400000.0625,-400000.0625,-400000.0625,-400000.0625,-400000.0625,-400000.0625
89.15669512748718,-400000.0625,-400000.0625,-400000.0625,-400000.0625,-400000.0625,-400000.0625,-400000.0625,-400000.0625
89.16224837303162,-400000.0625,-400000.0625,-400000.0625,-400000.0625,-400000.0625,-400000.0625,-400000.0625,-400000.0625
89.16758561134338,-400000.0625,-400000.0625,-400000.0625,-400000.0625,-400000.0625,-400000.0625,-400000.0625,-400000.0625
89.17351627349854,-400000.0625,-400000.0625,-400000.0625,-400000.0625,-400000.0625,-400000.0625,-400000.0625,-400000.0625
89.17995715141296,-400000.0625,-400000.0625,-400000.0625,-400000.0625,-400000.0625,-400000.0625,-400000.0625,-400000.0625
89.19252920150757,-400000.0625,-400000.0625,-400000.0625,-400000.0625,-400000.0625,-400000.0625,-400000.0625,-400000.0625
89.1969883441925,-400000.0625,-400000.0625,-400000.0625,-400000.0625,-400000.0625,-400000.0625,-400000.0625,-400000.0625
89.19699573516846,-400000.0625,-400000.0625,-400000.0625,-400000.0625,-400000.0625,-400000.0625,-400000.0625,-400000.0625
89.19700026512146,-400000.0625,-400000.0625,-400000.0625,-400000.0625,-400000.0625,-400000.0625,-400000.0625,-400000.0625
89.19700407981873,-400000.0625,-400000.0625,-400000.0625,-400000.0625,-400000.0625,-400000.0625,-400000.0625,-400000.0625
89.19700789451599,-400000.0625,-400000.0625,-400000.0625,-400000.0625,-400000.0625,-400000.0625,-400000.0625,-400000.0625
89.19701290130615,-400000.0625,-400000.0625,-400000.0625,-400000.0625,-400000.0625,-400000.0625,-400000.0625,-400000.0625
89.19701719284058,-400000.0625,-400000.0625,-400000.0625,-400000.0625,-400000.0625,-400000.0625,-400000.0625,-400000.0625
89.19702100753784,-400000.0625,-400000.0625,-400000.0625,-400000.0625,-400000.0625,-400000.0625,-400000.0625,-400000.0625
89.19702506065369,-400000.0625,-400000.0625,-400000.0625,-400000.0625,-400000.0625,-400000.0625,-400000.0625,-400000.0625
89.19702911376953,-400000.0625,-400000.0625,-400000.0625,-400000.0625,-400000.0625,-400000.0625,-400000.0625,-400000.0625
89.21735763549805,-400000.0625,-400000.0625,-400000.0625,-400000.0625,-400000.0625,-400000.0625,-400000.0625,-400000.0625
89.22211742401123,-400000.0625,-400000.0625,-400000.0625,-400000.0625,-400000.0625,-400000.0625,-400000.0625,-400000.0625
89.22212505340576,-400000.0625,-400000.0625,-400000.0625,-400000.0625,-400000.0625,-400000.0625,-400000.0625,-400000.0625
89.2221291065216,-400000.0625,-400000.0625,-400000.0625,-400000.0625,-400000.0625,-400000.0625,-400000.0625,-400000.0625
89.22213387489319,-400000.0625,-400000.0625,-400000.0625,-400000.0625,-400000.0625,-400000.0625,-400000.0625,-400000.0625
89.22213745117188,-400000.0625,-400000.0625,-400000.0625,-400000.0625,-400000.0625,-400000.0625,-400000.0625,-400000.0625
89.22214150428772,-400000.0625,-400000.0625,-400000.0625,-400000.0625,-400000.0625,-400000.0625,-400000.0625,-400000.0625
89.22214484214783,-400000.0625,-400000.0625,-400000.0625,-400000.0625,-400000.0625,-400000.0625,-400000.0625,-400000.0625
89.22214913368225,-400000.0625,-400000.0625,-400000.0625,-400000.0625,-400000.0625,-400000.0625,-400000.0625,-400000.0625
89.22215294837952,-400000.0625,-400000.0625,-400000.0625,-400000.0625,-400000.0625,-400000.0625,-400000.0625,-400000.0625
89.2221565246582,-400000.0625,-400000.0625,-400000.0625,-400000.0625,-400000.0625,-400000.0625,-400000.0625,-400000.0625
89.22216033935547,-400000.0625,-400000.0625,-400000.0625,-400000.0625,-400000.0625,-400000.0625,-400000.0625,-400000.0625
89.22216439247131,-400000.0625,-400000.0625,-400000.0625,-400000.0625,-400000.0625,-400000.0625,-400000.0625,-400000.0625
89.22216820716858,-400000.0625,-400000.0625,-400000.0625,-400000.0625,-400000.0625,-400000.0625,-400000.0625,-400000.0625
89.22217154502869,-400000.0625,-400000.0625,-400000.0625,-400000.0625,-400000.0625,-400000.0625,-400000.0625,-400000.0625
89.22217559814453,-400000.0625,-400000.0625,-400000.0625,-400000.0625,-400000.0625,-400000.0625,-400000.0625,-400000.0625
89.30594658851624,-400000.0625,-400000.0625,-400000.0625,-400000.0625,-400000.0625,-400000.0625,-400000.0625,-400000.0625
89.31680941581726,-400000.0625,-400000.0625,-400000.0625,-400000.0625,-400000.0625,-400000.0625,-400000.0625,-400000.0625
89.3207197189331,-400000.0625,-400000.0625,-400000.0625,-400000.0625,-400000.0625,-400000.0625,-400000.0625,-400000.0625
89.3207266330719,-400000.0625,-400000.0625,-400000.0625,-400000.0625,-400000.0625,-400000.0625,-400000.0625,-400000.0625
89.32073068618774,-400000.0625,-400000.0625,-400000.0625,-400000.0625,-400000.0625,-400000.0625,-400000.0625,-400000.0625
89.32073450088501,-400000.0625,-400000.0625,-400000.0625,-400000.0625,-400000.0625,-400000.0625,-400000.0625,-400000.0625
89.3207380771637,-400000.0625,-400000.0625,-400000.0625,-400000.0625,-400000.0625,-400000.0625,-400000.0625,-400000.0625
89.32074189186096,-400000.0625,-400000.0625,-400000.0625,-400000.0625,-400000.0625,-400000.0625,-400000.0625,-400000.0625
89.32074570655823,-400000.0625,-400000.0625,-400000.0625,-400000.0625,-400000.0625,-400000.0625,-400000.0625,-400000.0625
89.3207495212555,-400000.0625,-400000.0625,-400000.0625,-400000.0625,-400000.0625,-400000.0625,-400000.0625,-400000.0625
89.32075309753418,-400000.0625,-400000.0625,-400000.0625,-400000.0625,-400000.0625,-400000.0625,-400000.0625,-400000.0625
89.32075667381287,-400000.0625,-400000.0625,-400000.0625,-400000.0625,-400000.0625,-400000.0625,-400000.0625,-400000.0625
89.32076025009155,-400000.0625,-400000.0625,-400000.0625,-400000.0625,-400000.0625,-400000.0625,-400000.0625,-400000.0625
89.32076382637024,-400000.0625,-400000.0625,-400000.0625,-400000.0625,-400000.0625,-400000.0625,-400000.0625,-400000.0625
89.32076740264893,-400000.0625,-400000.0625,-400000.0625,-400000.0625,-400000.0625,-400000.0625,-400000.0625,-400000.0625
89.32077097892761,-400000.0625,-400000.0625,-400000.0625,-400000.0625,-400000.0625,-400000.0625,-400000.0625,-400000.0625
89.33728528022766,-400000.0625,-400000.0625,-400000.0625,-400000.0625,-400000.0625,-400000.0625,-400000.0625,-400000.0625
89.34457755088806,-400000.0625,-400000.0625,-400000.0625,-400000.0625,-400000.0625,-400000.0625,-400000.0625,-400000.0625
89.3483099937439,-400000.0625,-400000.0625,-400000.0625,-400000.0625,-400000.0625,-400000.0625,-400000.0625,-400000.0625
89.34831953048706,-400000.0625,-400000.0625,-400000.0625,-400000.0625,-400000.0625,-400000.0625,-400000.0625,-400000.0625
89.34832429885864,-400000.0625,-400000.0625,-400000.0625,-400000.0625,-400000.0625,-400000.0625,-400000.0625,-400000.0625
89.34832906723022,-400000.0625,-400000.0625,-400000.0625,-400000.0625,-400000.0625,-400000.0625,-400000.0625,-400000.0625
89.34833335876465,-400000.0625,-400000.0625,-400000.0625,-400000.0625,-400000.0625,-400000.0625,-400000.0625,-400000.0625
89.34833765029907,-400000.0625,-400000.0625,-400000.0625,-400000.0625,-400000.0625,-400000.0625,-400000.0625,-400000.0625
89.34834170341492,-400000.0625,-400000.0625,-400000.0625,-400000.0625,-400000.0625,-400000.0625,-400000.0625,-400000.0625
89.3483464717865,-400000.0625,-400000.0625,-400000.0625,-400000.0625,-400000.0625,-400000.0625,-400000.0625,-400000.0625
89.34835076332092,-400000.0625,-400000.0625,-400000.0625,-400000.0625,-400000.0625,-400000.0625,-400000.0625,-400000.0625
89.3483555316925,-400000.0625,-400000.0625,-400000.0625,-400000.0625,-400000.0625,-400000.0625,-400000.0625,-400000.0625
89.34836030006409,-400000.0625,-400000.0625,-400000.0625,-400000.0625,-400000.0625,-400000.0625,-400000.0625,-400000.0625
89.34836459159851,-400000.0625,-400000.0625,-400000.0625,-400000.0625,-400000.0625,-400000.0625,-400000.0625,-400000.0625
89.34836888313293,-400000.0625,-400000.0625,-400000.0625,-400000.0625,-400000.0625,-400000.0625,-400000.0625,-400000.0625
89.34837317466736,-400000.0625,-400000.0625,-400000.0625,-400000.0625,-400000.0625,-400000.0625,-400000.0625,-400000.0625
89.41608881950378,-400000.0625,-400000.0625,-400000.0625,-400000.0625,-400000.0625,-400000.0625,-400000.0625,-400000.0625
89.42547821998596,-400000.0625,-400000.0625,-400000.0625,-400000.0625,-400000.0625,-400000.0625,-400000.0625,-400000.0625
89.43028163909912,-400000.0625,-400000.0625,-400000.0625,-400000.0625,-400000.0625,-400000.0625,-400000.0625,-400000.0625
89.43028950691223,-400000.0625,-400000.0625,-400000.0625,-400000.0625,-400000.0625,-400000.0625,-400000.0625,-400000.0625
89.43029451370239,-400000.0625,-400000.0625,-400000.0625,-400000.0625,-400000.0625,-400000.0625,-400000.0625,-400000.0625
89.43029975891113,-400000.0625,-400000.0625,-400000.0625,-400000.0625,-400000.0625,-400000.0625,-400000.0625,-400000.0625
89.43030333518982,-400000.0625,-400000.0625,-400000.0625,-400000.0625,-400000.0625,-400000.0625,-400000.0625,-400000.0625
89.43030714988708,-400000.0625,-400000.0625,-400000.0625,-400000.0625,-400000.0625,-400000.0625,-400000.0625,-400000.0625
89.43031072616577,-400000.0625,-400000.0625,-400000.0625,-400000.0625,-400000.0625,-400000.0625,-400000.0625,-400000.0625
89.43031430244446,-400000.0625,-400000.0625,-400000.0625,-400000.0625,-400000.0625,-400000.0625,-400000.0625,-400000.0625
89.43031811714172,-400000.0625,-400000.0625,-400000.0625,-400000.0625,-400000.0625,-400000.0625,-400000.0625,-400000.0625
89.43032240867615,-400000.0625,-400000.0625,-400000.0625,-400000.0625,-400000.0625,-400000.0625,-400000.0625,-400000.0625
89.43032646179199,-400000.0625,-400000.0625,-400000.0625,-400000.0625,-400000.0625,-400000.0625,-400000.0625,-400000.0625
89.43033027648926,-400000.0625,-400000.0625,-400000.0625,-400000.0625,-400000.0625,-400000.0625,-400000.0625,-400000.0625
89.43033409118652,-400000.0625,-400000.0625,-400000.0625,-400000.0625,-400000.0625,-400000.0625,-400000.0625,-400000.0625
89.43033814430237,-400000.0625,-400000.0625,-400000.0625,-400000.0625,-400000.0625,-400000.0625,-400000.0625,-400000.0625
89.47380447387695,-400000.0625,-400000.0625,-400000.0625,-400000.0625,-400000.0625,-400000.0625,-400000.0625,-400000.0625
89.5293185710907,-400000.0625,-400000.0625,-400000.0625,-400000.0625,-400000.0625,-400000.0625,-400000.0625,-400000.0625
89.59021782875061,-400000.0625,-400000.0625,-400000.0625,-400000.0625,-400000.0625,-400000.0625,-400000.0625,-400000.0625
89.69371700286865,-400000.0625,-400000.0625,-400000.0625,-400000.0625,-400000.0625,-400000.0625,-400000.0625,-400000.0625
89.72861814498901,-400000.0625,-400000.0625,-400000.0625,-400000.0625,-400000.0625,-400000.0625,-400000.0625,-400000.0625
89.78349733352661,-400000.0625,-400000.0625,-400000.0625,-400000.0625,-400000.0625,-400000.0625,-400000.0625,-400000.0625
89.97861838340759,-400000.0625,-400000.0625,-400000.0625,-400000.0625,-400000.0625,-400000.0625,-400000.0625,-400000.0625
90.1740894317627,-400000.0625,-400000.0625,-400000.0625,-400000.0625,-400000.0625,-400000.0625,-400000.0625,-400000.0625
90.22986793518066,-400000.0625,-400000.0625,-400000.0625,-400000.0625,-400000.0625,-400000.0625,-400000.0625,-400000.0625
90.31346273422241,-400000.0625,-400000.0625,-400000.0625,-400000.0625,-400000.0625,-400000.0625,-400000.0625,-400000.0625
90.40708184242249,-400000.0625,-400000.0625,-400000.0625,-400000.0625,-400000.0625,-400000.0625,-400000.0625,-400000.0625
90.43731713294983,-400000.0625,-400000.0625,-400000.0625,-400000.0625,-400000.0625,-400000.0625,-400000.0625,-400000.0625
90.49263381958008,-400000.0625,-400000.0625,-400000.0625,-400000.0625,-400000.0625,-400000.0625,-400000.0625,-400000.0625
90.62406325340271,-400000.0625,-400000.0625,-400000.0625,-400000.0625,-400000.0625,-400000.0625,-400000.0625,-400000.0625
90.67783117294312,-400000.0625,-400000.0625,-400000.0625,-400000.0625,-400000.0625,-400000.0625,-400000.0625,-400000.0625
90.89381623268127,-400000.0625,-400000.0625,-400000.0625,-400000.0625,-400000.0625,-400000.0625,-400000.0625,-400000.0625
90.96729803085327,-400000.0625,-400000.0625,-400000.0625,-400000.0625,-400000.0625,-400000.0625,-400000.0625,-400000.0625
91.00244402885437,-400000.0625,-400000.0625,-400000.0625,-400000.0625,-400000.0625,-400000.0625,-400000.0625,-400000.0625
91.063791513443,-400000.0625,-400000.0625,-400000.0625,-400000.0625,-400000.0625,-400000.0625,-400000.0625,-400000.0625
91.16855597496033,-400000.0625,-400000.0625,-400000.0625,-400000.0625,-400000.0625,-400000.0625,-400000.0625,-400000.0625
91.19028377532959,-400000.0625,-400000.0625,-400000.0625,-400000.0625,-400000.0625,-400000.0625,-400000.0625,-400000.0625
91.2669129371643,-400000.0625,-400000.0625,-400000.0625,-400000.0625,-400000.0625,-400000.0625,-400000.0625,-400000.0625
91.38914036750793,-400000.0625,-400000.0625,-400000.0625,-400000.0625,-400000.0625,-400000.0625,-400000.0625,-400000.0625
91.49402046203613,-400000.0625,-400000.0625,-400000.0625,-400000.0625,-400000.0625,-400000.0625,-400000.0625,-400000.0625
91.50280618667603,-400000.0625,-400000.0625,-400000.0625,-400000.0625,-400000.0625,-400000.0625,-400000.0625,-400000.0625
91.50804352760315,-400000.0625,-400000.0625,-400000.0625,-400000.0625,-400000.0625,-400000.0625,-400000.0625,-400000.0625
91.51338386535645,-400000.0625,-400000.0625,-400000.0625,-400000.0625,-400000.0625,-400000.0625,-400000.0625,-400000.0625
91.51796340942383,-400000.0625,-400000.0625,-400000.0625,-400000.0625,-400000.0625,-400000.0625,-400000.0625,-400000.0625
91.51797342300415,-400000.0625,-400000.0625,-400000.0625,-400000.0625,-400000.0625,-400000.0625,-400000.0625,-400000.0625
91.51797938346863,-400000.0625,-400000.0625,-400000.0625,-400000.0625,-400000.0625,-400000.0625,-400000.0625,-400000.0625
91.51798343658447,-400000.0625,-400000.0625,-400000.0625,-400000.0625,-400000.0625,-400000.0625,-400000.0625,-400000.0625
91.51798820495605,-400000.0625,-400000.0625,-400000.0625,-400000.0625,-400000.0625,-400000.0625,-400000.0625,-400000.0625
91.5179922580719,-400000.0625,-400000.0625,-400000.0625,-400000.0625,-400000.0625,-400000.0625,-400000.0625,-400000.0625
91.51799631118774,-400000.0625,-400000.0625,-400000.0625,-400000.0625,-400000.0625,-400000.0625,-400000.0625,-400000.0625
91.51800060272217,-400000.0625,-400000.0625,-400000.0625,-400000.0625,-400000.0625,-400000.0625,-400000.0625,-400000.0625
91.51800465583801,-400000.0625,-400000.0625,-400000.0625,-400000.0625,-400000.0625,-400000.0625,-400000.0625,-400000.0625
91.51800894737244,-400000.0625,-400000.0625,-400000.0625,-400000.0625,-400000.0625,-400000.0625,-400000.0625,-400000.0625
91.51802158355713,-400000.0625,-400000.0625,-400000.0625,-400000.0625,-400000.0625,-400000.0625,-400000.0625,-400000.0625
91.51802587509155,-400000.0625,-400000.0625,-400000.0625,-400000.0625,-400000.0625,-400000.0625,-400000.0625,-400000.0625
91.53979349136353,-400000.0625,-400000.0625,-400000.0625,-400000.0625,-400000.0625,-400000.0625,-400000.0625,-400000.0625
91.54544186592102,-400000.0625,-400000.0625,-400000.0625,-400000.0625,-400000.0625,-400000.0625,-400000.0625,-400000.0625
91.55013012886047,-400000.0625,-400000.0625,-400000.0625,-400000.0625,-400000.0625,-400000.0625,-400000.0625,-400000.0625
91.55013918876648,-400000.0625,-400000.0625,-400000.0625,-400000.0625,-400000.0625,-400000.0625,-400000.0625,-400000.0625
91.55014419555664,-400000.0625,-400000.0625,-400000.0625,-400000.0625,-400000.0625,-400000.0625,-400000.0625,-400000.0625
91.55014777183533,-400000.0625,-400000.0625,-400000.0625,-400000.0625,-400000.0625,-400000.0625,-400000.0625,-400000.0625
91.55015134811401,-400000.0625,-400000.0625,-400000.0625,-400000.0625,-400000.0625,-400000.0625,-400000.0625,-400000.0625
91.55015516281128,-400000.0625,-400000.0625,-400000.0625,-400000.0625,-400000.0625,-400000.0625,-400000.0625,-400000.0625
91.55015873908997,-400000.0625,-400000.0625,-400000.0625,-400000.0625,-400000.0625,-400000.0625,-400000.0625,-400000.0625
91.55016279220581,-400000.0625,-400000.0625,-400000.0625,-400000.0625,-400000.0625,-400000.0625,-400000.0625,-400000.0625
91.5501663684845,-400000.0625,-400000.0625,-400000.0625,-400000.0625,-400000.0625,-400000.0625,-400000.0625,-400000.0625
91.55016994476318,-400000.0625,-400000.0625,-400000.0625,-400000.0625,-400000.0625,-400000.0625,-400000.0625,-400000.0625
91.55017352104187,-400000.0625,-400000.0625,-400000.0625,-400000.0625,-400000.0625,-400000.0625,-400000.0625,-400000.0625
91.55017733573914,-400000.0625,-400000.0625,-400000.0625,-400000.0625,-400000.0625,-400000.0625,-400000.0625,-400000.0625
91.5501811504364,-400000.0625,-400000.0625,-400000.0625,-400000.0625,-400000.0625,-400000.0625,-400000.0625,-400000.0625
91.55018520355225,-400000.0625,-400000.0625,-400000.0625,-400000.0625,-400000.0625,-400000.0625,-400000.0625,-400000.0625
91.60651850700378,-400000.0625,-400000.0625,-400000.0625,-400000.0625,-400000.0625,-400000.0625,-400000.0625,-400000.0625
91.6168851852417,-400000.0625,-400000.0625,-400000.0625,-400000.0625,-400000.0625,-400000.0625,-400000.0625,-400000.0625
91.62151265144348,-400000.0625,-400000.0625,-400000.0625,-400000.0625,-400000.0625,-400000.0625,-400000.0625,-400000.0625
91.6215226650238,-400000.0625,-400000.0625,-400000.0625,-400000.0625,-400000.0625,-400000.0625,-400000.0625,-400000.0625
91.62152767181396,-400000.0625,-400000.0625,-400000.0625,-400000.0625,-400000.0625,-400000.0625,-400000.0625,-400000.0625
91.62153482437134,-400000.0625,-400000.0625,-400000.0625,-400000.0625,-400000.0625,-400000.0625,-400000.0625,-400000.0625
91.62153911590576,-400000.0625,-400000.0625,-400000.0625,-400000.0625,-400000.0625,-400000.0625,-400000.0625,-400000.0625
91.6215431690216,-400000.0625,-400000.0625,-400000.0625,-400000.0625,-400000.0625,-400000.0625,-400000.0625,-400000.0625
91.62154746055603,-400000.0625,-400000.0625,-400000.0625,-400000.0625,-400000.0625,-400000.0625,-400000.0625,-400000.0625
91.6215512752533,-400000.0625,-400000.0625,-400000.0625,-400000.0625,-400000.0625,-400000.0625,-400000.0625,-400000.0625
91.62155556678772,-400000.0625,-400000.0625,-400000.0625,-400000.0625,-400000.0625,-400000.0625,-400000.0625,-400000.0625
91.62155985832214,-400000.0625,-400000.0625,-400000.0625,-400000.0625,-400000.0625,-400000.0625,-400000.0625,-400000.0625
91.62156367301941,-400000.0625,-400000.0625,-400000.0625,-400000.0625,-400000.0625,-400000.0625,-400000.0625,-400000.0625
91.62156748771667,-400000.0625,-400000.0625,-400000.0625,-400000.0625,-400000.0625,-400000.0625,-400000.0625,-400000.0625
91.62157106399536,-400000.0625,-400000.0625,-400000.0625,-400000.0625,-400000.0625,-400000.0625,-400000.0625,-400000.0625
91.62157487869263,-400000.0625,-400000.0625,-400000.0625,-400000.0625,-400000.0625,-400000.0625,-400000.0625,-400000.0625
91.64037370681763,-400000.0625,-400000.0625,-400000.0625,-400000.0625,-400000.0625,-400000.0625,-400000.0625,-400000.0625
91.64626002311707,-400000.0625,-400000.0625,-400000.0625,-400000.0625,-400000.0625,-400000.0625,-400000.0625,-400000.0625
91.65107488632202,-400000.0625,-400000.0625,-400000.0625,-400000.0625,-400000.0625,-400000.0625,-400000.0625,-400000.0625
91.65108489990234,-400000.0625,-400000.0625,-400000.0625,-400000.0625,-400000.0625,-400000.0625,-400000.0625,-400000.0625
91.6510899066925,-400000.0625,-400000.0625,-400000.0625,-400000.0625,-400000.0625,-400000.0625,-400000.0625,-400000.0625
91.65109395980835,-400000.0625,-400000.0625,-400000.0625,-400000.0625,-400000.0625,-400000.0625,-400000.0625,-400000.0625
91.6510980129242,-400000.0625,-400000.0625,-400000.0625,-400000.0625,-400000.0625,-400000.0625,-400000.0625,-400000.0625
91.65110230445862,-400000.0625,-400000.0625,-400000.0625,-400000.0625,-400000.0625,-400000.0625,-400000.0625,-400000.0625
91.65110659599304,-400000.0625,-400000.0625,-400000.0625,-400000.0625,-400000.0625,-400000.0625,-400000.0625,-400000.0625
91.65111017227173,-400000.0625,-400000.0625,-400000.0625,-400000.0625,-400000.0625,-400000.0625,-400000.0625,-400000.0625
91.651113986969,-400000.0625,-400000.0625,-400000.0625,-400000.0625,-400000.0625,-400000.0625,-400000.0625,-400000.0625
91.65111780166626,-400000.0625,-400000.0625,-400000.0625,-400000.0625,-400000.0625,-400000.0625,-400000.0625,-400000.0625
91.65112161636353,-400000.0625,-400000.0625,-400000.0625,-400000.0625,-400000.0625,-400000.0625,-400000.0625,-400000.0625
91.65112566947937,-400000.0625,-400000.0625,-400000.0625,-400000.0625,-400000.0625,-400000.0625,-400000.0625,-400000.0625
91.6511299610138,-400000.0625,-400000.0625,-400000.0625,-400000.0625,-400000.0625,-400000.0625,-400000.0625,-400000.0625
91.65113353729248,-400000.0625,-400000.0625,-400000.0625,-400000.0625,-400000.0625,-400000.0625,-400000.0625,-400000.0625
91.71617412567139,-400000.0625,-400000.0625,-400000.0625,-400000.0625,-400000.0625,-400000.0625,-400000.0625,-400000.0625
91.72789144515991,-400000.0625,-400000.0625,-400000.0625,-400000.0625,-400000.0625,-400000.0625,-400000.0625,-400000.0625
91.73211216926575,-400000.0625,-400000.0625,-400000.0625,-400000.0625,-400000.0625,-400000.0625,-400000.0625,-400000.0625
91.7321207523346,-400000.0625,-400000.0625,-400000.0625,-400000.0625,-400000.0625,-400000.0625,-400000.0625,-400000.0625
91.73212575912476,-400000.0625,-400000.0625,-400000.0625,-400000.0625,-400000.0625,-400000.0625,-400000.0625,-400000.0625
91.73213005065918,-400000.0625,-400000.0625,-400000.0625,-400000.0625,-400000.0625,-400000.0625,-400000.0625,-400000.0625
91.7321343421936,-400000.0625,-400000.0625,-400000.0625,-400000.0625,-400000.0625,-400000.0625,-400000.0625,-400000.0625
91.73213839530945,-400000.0625,-400000.0625,-400000.0625,-400000.0625,-400000.0625,-400000.0625,-400000.0625,-400000.0625
91.7321424484253,-400000.0625,-400000.0625,-400000.0625,-400000.0625,-400000.0625,-400000.0625,-400000.0625,-400000.0625
91.73214650154114,-400000.0625,-400000.0625,-400000.0625,-400000.0625,-400000.0625,-400000.0625,-400000.0625,-400000.0625
91.7321503162384,-400000.0625,-400000.0625,-400000.0625,-400000.0625,-400000.0625,-400000.0625,-400000.0625,-400000.0625
91.73215389251709,-400000.0625,-400000.0625,-400000.0625,-400000.0625,-400000.0625,-400000.0625,-400000.0625,-400000.0625
91.73215746879578,-400000.0625,-400000.0625,-400000.0625,-400000.0625,-400000.0625,-400000.0625,-400000.0625,-400000.0625
91.73216104507446,-400000.0625,-400000.0625,-400000.0625,-400000.0625,-400000.0625,-400000.0625,-400000.0625,-400000.0625
91.73216485977173,-400000.0625,-400000.0625,-400000.0625,-400000.0625,-400000.0625,-400000.0625,-400000.0625,-400000.0625
91.73216843605042,-400000.0625,-400000.0625,-400000.0625,-400000.0625,-400000.0625,-400000.0625,-400000.0625,-400000.0625
91.7726423740387,-400000.0625,-400000.0625,-400000.0625,-400000.0625,-400000.0625,-400000.0625,-400000.0625,-400000.0625
91.77886915206909,-400000.0625,-400000.0625,-400000.0625,-400000.0625,-400000.0625,-400000.0625,-400000.0625,-400000.0625
91.78393507003784,-400000.0625,-400000.0625,-400000.0625,-400000.0625,-400000.0625,-400000.0625,-400000.0625,-400000.0625
91.78818845748901,-400000.0625,-400000.0625,-400000.0625,-400000.0625,-400000.0625,-400000.0625,-400000.0625,-400000.0625
91.78820323944092,-400000.0625,-400000.0625,-400000.0625,-400000.0625,-400000.0625,-400000.0625,-400000.0625,-400000.0625
91.78820967674255,-400000.0625,-400000.0625,-400000.0625,-400000.0625,-400000.0625,-400000.0625,-400000.0625,-400000.0625
91.78821659088135,-400000.0625,-400000.0625,-400000.0625,-400000.0625,-400000.0625,-400000.0625,-400000.0625,-400000.0625
91.78822326660156,-400000.0625,-400000.0625,-400000.0625,-400000.0625,-400000.0625,-400000.0625,-400000.0625,-400000.0625
91.78822946548462,-400000.0625,-400000.0625,-400000.0625,-400000.0625,-400000.0625,-400000.0625,-400000.0625,-400000.0625
91.78823518753052,-400000.0625,-400000.0625,-400000.0625,-400000.0625,-400000.0625,-400000.0625,-400000.0625,-400000.0625
91.78824162483215,-400000.0625,-400000.0625,-400000.0625,-400000.0625,-400000.0625,-400000.0625,-400000.0625,-400000.0625
91.7882490158081,-400000.0625,-400000.0625,-400000.0625,-400000.0625,-400000.0625,-400000.0625,-400000.0625,-400000.0625
91.78825569152832,-400000.0625,-400000.0625,-400000.0625,-400000.0625,-400000.0625,-400000.0625,-400000.0625,-400000.0625
91.78826117515564,-400000.0625,-400000.0625,-400000.0625,-400000.0625,-400000.0625,-400000.0625,-400000.0625,-400000.0625
91.78826785087585,-400000.0625,-400000.0625,-400000.0625,-400000.0625,-400000.0625,-400000.0625,-400000.0625,-400000.0625
91.78827357292175,-400000.0625,-400000.0625,-400000.0625,-400000.0625,-400000.0625,-400000.0625,-400000.0625,-400000.0625
91.8823893070221,-400000.0625,-400000.0625,-400000.0625,-400000.0625,-400000.0625,-400000.0625,-400000.0625,-400000.0625
91.89464569091797,-400000.0625,-400000.0625,-400000.0625,-400000.0625,-400000.0625,-400000.0625,-400000.0625,-400000.0625
91.89899969100952,-400000.0625,-400000.0625,-400000.0625,-400000.0625,-400000.0625,-400000.0625,-400000.0625,-400000.0625
91.8990089893341,-400000.0625,-400000.0625,-400000.0625,-400000.0625,-400000.0625,-400000.0625,-400000.0625,-400000.0625
91.89901351928711,-400000.0625,-400000.0625,-400000.0625,-400000.0625,-400000.0625,-400000.0625,-400000.0625,-400000.0625
91.89901781082153,-400000.0625,-400000.0625,-400000.0625,-400000.0625,-400000.0625,-400000.0625,-400000.0625,-400000.0625
91.8990216255188,-400000.0625,-400000.0625,-400000.0625,-400000.0625,-400000.0625,-400000.0625,-400000.0625,-400000.0625
91.89902591705322,-400000.0625,-400000.0625,-400000.0625,-400000.0625,-400000.0625,-400000.0625,-400000.0625,-400000.0625
91.89902997016907,-400000.0625,-400000.0625,-400000.0625,-400000.0625,-400000.0625,-400000.0625,-400000.0625,-400000.0625
91.89903378486633,-400000.0625,-400000.0625,-400000.0625,-400000.0625,-400000.0625,-400000.0625,-400000.0625,-400000.0625
91.8990375995636,-400000.0625,-400000.0625,-400000.0625,-400000.0625,-400000.0625,-400000.0625,-400000.0625,-400000.0625
91.89904165267944,-400000.0625,-400000.0625,-400000.0625,-400000.0625,-400000.0625,-400000.0625,-400000.0625,-400000.0625
91.89904546737671,-400000.0625,-400000.0625,-400000.0625,-400000.0625,-400000.0625,-400000.0625,-400000.0625,-400000.0625
91.89904975891113,-400000.0625,-400000.0625,-400000.0625,-400000.0625,-400000.0625,-400000.0625,-400000.0625,-400000.0625
91.89905405044556,-400000.0625,-400000.0625,-400000.0625,-400000.0625,-400000.0625,-400000.0625,-400000.0625,-400000.0625
91.8990581035614,-400000.0625,-400000.0625,-400000.0625,-400000.0625,-400000.0625,-400000.0625,-400000.0625,-400000.0625
91.89906311035156,-400000.0625,-400000.0625,-400000.0625,-400000.0625,-400000.0625,-400000.0625,-400000.0625,-400000.0625
91.89906716346741,-400000.0625,-400000.0625,-400000.0625,-400000.0625,-400000.0625,-400000.0625,-400000.0625,-400000.0625
91.89907121658325,-400000.0625,-400000.0625,-400000.0625,-400000.0625,-400000.0625,-400000.0625,-400000.0625,-400000.0625
91.8990752696991,-400000.0625,-400000.0625,-400000.0625,-400000.0625,-400000.0625,-400000.0625,-400000.0625,-400000.0625
91.89907932281494,-400000.0625,-400000.0625,-400000.0625,-400000.0625,-400000.0625,-400000.0625,-400000.0625,-400000.0625
91.89908361434937,-400000.0625,-400000.0625,-400000.0625,-400000.0625,-400000.0625,-400000.0625,-400000.0625,-400000.0625
91.89908766746521,-400000.0625,-400000.0625,-400000.0625,-400000.0625,-400000.0625,-400000.0625,-400000.0625,-400000.0625
91.89909172058105,-400000.0625,-400000.0625,-400000.0625,-400000.0625,-400000.0625,-400000.0625,-400000.0625,-400000.0625
91.89909553527832,-400000.0625,-400000.0625,-400000.0625,-400000.0625,-400000.0625,-400000.0625,-400000.0625,-400000.0625
91.89909934997559,-400000.0625,-400000.0625,-400000.0625,-400000.0625,-400000.0625,-400000.0625,-400000.0625,-400000.0625
91.89910364151001,-400000.0625,-400000.0625,-400000.0625,-400000.0625,-400000.0625,-400000.0625,-400000.0625,-400000.0625
91.89910769462585,-400000.0625,-400000.0625,-400000.0625,-400000.0625,-400000.0625,-400000.0625,-400000.0625,-400000.0625
91.89911150932312,-400000.0625,-400000.0625,-400000.0625,-400000.0625,-400000.0625,-400000.0625,-400000.0625,-400000.0625
91.89911580085754,-400000.0625,-400000.0625,-400000.0625,-400000.0625,-400000.0625,-400000.0625,-400000.0625,-400000.0625
91.89912033081055,-400000.0625,-400000.0625,-400000.0625,-400000.0625,-400000.0625,-400000.0625,-400000.0625,-400000.0625
91.89912414550781,-400000.0625,-400000.0625,-400000.0625,-400000.0625,-400000.0625,-400000.0625,-400000.0625,-400000.0625
91.96754741668701,-400000.0625,-400000.0625,-400000.0625,-400000.0625,-400000.0625,-400000.0625,-400000.0625,-400000.0625
91.97345614433289,-400000.0625,-400000.0625,-400000.0625,-400000.0625,-400000.0625,-400000.0625,-400000.0625,-400000.0625
92.02624797821045,-400000.0625,-400000.0625,-400000.0625,-400000.0625,-400000.0625,-400000.0625,-400000.0625,-400000.0625
92.16478991508484,-400000.0625,-400000.0625,-400000.0625,-400000.0625,-400000.0625,-400000.0625,-400000.0625,-400000.0625
92.25857639312744,-400000.0625,-400000.0625,-400000.0625,-400000.0625,-400000.0625,-400000.0625,-400000.0625,-400000.0625
92.40511441230774,-400000.0625,-400000.0625,-400000.0625,-400000.0625,-400000.0625,-400000.0625,-400000.0625,-400000.0625
92.4927110671997,-400000.0625,-400000.0625,-400000.0625,-400000.0625,-400000.0625,-400000.0625,-400000.0625,-400000.0625
92.53354978561401,-400000.0625,-400000.0625,-400000.0625,-400000.0625,-400000.0625,-400000.0625,-400000.0625,-400000.0625
92.6335654258728,-400000.0625,-400000.0625,-400000.0625,-400000.0625,-400000.0625,-400000.0625,-400000.0625,-400000.0625
92.66725635528564,-400000.0625,-400000.0625,-400000.0625,-400000.0625,-400000.0625,-400000.0625,-400000.0625,-400000.0625
92.79110431671143,-400000.0625,-400000.0625,-400000.0625,-400000.0625,-400000.0625,-400000.0625,-400000.0625,-400000.0625
92.89081692695618,-400000.0625,-400000.0625,-400000.0625,-400000.0625,-400000.0625,-400000.0625,-400000.0625,-400000.0625
92.9225742816925,-400000.0625,-400000.0625,-400000.0625,-400000.0625,-400000.0625,-400000.0625,-400000.0625,-400000.0625
92.98759961128235,-400000.0625,-400000.0625,-400000.0625,-400000.0625,-400000.0625,-400000.0625,-400000.0625,-400000.0625
93.1173460483551,-400000.0625,-400000.0625,-400000.0625,-400000.0625,-400000.0625,-400000.0625,-400000.0625,-400000.0625
93.23749423027039,-400000.0625,-400000.0625,-400000.0625,-400000.0625,-400000.0625,-400000.0625,-400000.0625,-400000.0625
93.36877012252808,-400000.0625,-400000.0625,-400000.0625,-400000.0625,-400000.0625,-400000.0625,-400000.0625,-400000.0625
93.43115735054016,-400000.0625,-400000.0625,-400000.0625,-400000.0625,-400000.0625,-400000.0625,-400000.0625,-400000.0625
93.52227735519409,-400000.0625,-400000.0625,-400000.0625,-400000.0625,-400000.0625,-400000.0625,-400000.0625,-400000.0625
93.57314801216125,-400000.0625,-400000.0625,-400000.0625,-400000.0625,-400000.0625,-400000.0625,-400000.0625,-400000.0625
93.62550616264343,-400000.0625,-400000.0625,-400000.0625,-400000.0625,-400000.0625,-400000.0625,-400000.0625,-400000.0625
93.72890305519104,-400000.0625,-400000.0625,-400000.0625,-400000.0625,-400000.0625,-400000.0625,-400000.0625,-400000.0625
93.87886786460876,-400000.0625,-400000.0625,-400000.0625,-400000.0625,-400000.0625,-400000.0625,-400000.0625,-400000.0625
94.01864194869995,-400000.0625,-400000.0625,-400000.0625,-400000.0625,-400000.0625,-400000.0625,-400000.0625,-400000.0625
94.03127646446228,-400000.0625,-400000.0625,-400000.0625,-400000.0625,-400000.0625,-400000.0625,-400000.0625,-400000.0625
94.03642225265503,-400000.0625,-400000.0625,-400000.0625,-400000.0625,-400000.0625,-400000.0625,-400000.0625,-400000.0625
94.04204368591309,-400000.0625,-400000.0625,-400000.0625,-400000.0625,-400000.0625,-400000.0625,-400000.0625,-400000.0625
94.04782795906067,-400000.0625,-400000.0625,-400000.0625,-400000.0625,-400000.0625,-400000.0625,-400000.0625,-400000.0625
94.05230569839478,-400000.0625,-400000.0625,-400000.0625,-400000.0625,-400000.0625,-400000.0625,-400000.0625,-400000.0625
94.05231285095215,-400000.0625,-400000.0625,-400000.0625,-400000.0625,-400000.0625,-400000.0625,-400000.0625,-400000.0625
94.05231738090515,-400000.0625,-400000.0625,-400000.0625,-400000.0625,-400000.0625,-400000.0625,-400000.0625,-400000.0625
94.052321434021,-400000.0625,-400000.0625,-400000.0625,-400000.0625,-400000.0625,-400000.0625,-400000.0625,-400000.0625
94.05232548713684,-400000.0625,-400000.0625,-400000.0625,-400000.0625,-400000.0625,-400000.0625,-400000.0625,-400000.0625
94.0523293018341,-400000.0625,-400000.0625,-400000.0625,-400000.0625,-400000.0625,-400000.0625,-400000.0625,-400000.0625
94.05233335494995,-400000.0625,-400000.0625,-400000.0625,-400000.0625,-400000.0625,-400000.0625,-400000.0625,-400000.0625
94.05233716964722,-400000.0625,-400000.0625,-400000.0625,-400000.0625,-400000.0625,-400000.0625,-400000.0625,-400000.0625
94.05234122276306,-400000.0625,-400000.0625,-400000.0625,-400000.0625,-400000.0625,-400000.0625,-400000.0625,-400000.0625
94.05234479904175,-400000.0625,-400000.0625,-400000.0625,-400000.0625,-400000.0625,-400000.0625,-400000.0625,-400000.0625
94.05234837532043,-400000.0625,-400000.0625,-400000.0625,-400000.0625,-400000.0625,-400000.0625,-400000.0625,-400000.0625
94.09251856803894,-400000.0625,-400000.0625,-400000.0625,-400000.0625,-400000.0625,-400000.0625,-400000.0625,-400000.0625
94.09726524353027,-400000.0625,-400000.0625,-400000.0625,-400000.0625,-400000.0625,-400000.0625,-400000.0625,-400000.0625
94.09727430343628,-400000.0625,-400000.0625,-400000.0625,-400000.0625,-400000.0625,-400000.0625,-400000.0625,-400000.0625
94.09727931022644,-400000.0625,-400000.0625,-400000.0625,-400000.0625,-400000.0625,-400000.0625,-400000.0625,-400000.0625
94.09728336334229,-400000.0625,-400000.0625,-400000.0625,-400000.0625,-400000.0625,-400000.0625,-400000.0625,-400000.0625
94.09728789329529,-400000.0625,-400000.0625,-400000.0625,-400000.0625,-400000.0625,-400000.0625,-400000.0625,-400000.0625
94.09729170799255,-400000.0625,-400000.0625,-400000.0625,-400000.0625,-400000.0625,-400000.0625,-400000.0625,-400000.0625
94.0972957611084,-400000.0625,-400000.0625,-400000.0625,-400000.0625,-400000.0625,-400000.0625,-400000.0625,-400000.0625
94.09729981422424,-400000.0625,-400000.0625,-400000.0625,-400000.0625,-400000.0625,-400000.0625,-400000.0625,-400000.0625
94.09730339050293,-400000.0625,-400000.0625,-400000.0625,-400000.0625,-400000.0625,-400000.0625,-400000.0625,-400000.0625
94.09730696678162,-400000.0625,-400000.0625,-400000.0625,-400000.0625,-400000.0625,-400000.0625,-400000.0625,-400000.0625
94.0973105430603,-400000.0625,-400000.0625,-400000.0625,-400000.0625,-400000.0625,-400000.0625,-400000.0625,-400000.0625
94.09731435775757,-400000.0625,-400000.0625,-400000.0625,-400000.0625,-400000.0625,-400000.0625,-400000.0625,-400000.0625
94.09731817245483,-400000.0625,-400000.0625,-400000.0625,-400000.0625,-400000.0625,-400000.0625,-400000.0625,-400000.0625
94.09732174873352,-400000.0625,-400000.0625,-400000.0625,-400000.0625,-400000.0625,-400000.0625,-400000.0625,-400000.0625
94.09732556343079,-400000.0625,-400000.0625,-400000.0625,-400000.0625,-400000.0625,-400000.0625,-400000.0625,-400000.0625
94.15356826782227,-400000.0625,-400000.0625,-400000.0625,-400000.0625,-400000.0625,-400000.0625,-400000.0625,-400000.0625
94.16507649421692,-400000.0625,-400000.0625,-400000.0625,-400000.0625,-400000.0625,-400000.0625,-400000.0625,-400000.0625
94.1696572303772,-400000.0625,-400000.0625,-400000.0625,-400000.0625,-400000.0625,-400000.0625,-400000.0625,-400000.0625
94.16966557502747,-400000.0625,-400000.0625,-400000.0625,-400000.0625,-400000.0625,-400000.0625,-400000.0625,-400000.0625
94.16967010498047,-400000.0625,-400000.0625,-400000.0625,-400000.0625,-400000.0625,-400000.0625,-400000.0625,-400000.0625
94.16967439651489,-400000.0625,-400000.0625,-400000.0625,-400000.0625,-400000.0625,-400000.0625,-400000.0625,-400000.0625
94.1696789264679,-400000.0625,-400000.0625,-400000.0625,-400000.0625,-400000.0625,-400000.0625,-400000.0625,-400000.0625
94.16968369483948,-400000.0625,-400000.0625,-400000.0625,-400000.0625,-400000.0625,-400000.0625,-400000.0625,-400000.0625
94.16968750953674,-400000.0625,-400000.0625,-400000.0625,-400000.0625,-400000.0625,-400000.0625,-400000.0625,-400000.0625
94.16969132423401,-400000.0625,-400000.0625,-400000.0625,-400000.0625,-400000.0625,-400000.0625,-400000.0625,-400000.0625
94.16969537734985,-400000.0625,-400000.0625,-400000.0625,-400000.0625,-400000.0625,-400000.0625,-400000.0625,-400000.0625
94.16970491409302,-400000.0625,-400000.0625,-400000.0625,-400000.0625,-400000.0625,-400000.0625,-400000.0625,-400000.0625
94.16970872879028,-400000.0625,-400000.0625,-400000.0625,-400000.0625,-400000.0625,-400000.0625,-400000.0625,-400000.0625
94.16971278190613,-400000.0625,-400000.0625,-400000.0625,-400000.0625,-400000.0625,-400000.0625,-400000.0625,-400000.0625
94.16971707344055,-400000.0625,-400000.0625,-400000.0625,-400000.0625,-400000.0625,-400000.0625,-400000.0625,-400000.0625
94.16972088813782,-400000.0625,-400000.0625,-400000.0625,-400000.0625,-400000.0625,-400000.0625,-400000.0625,-400000.0625
94.20655369758606,-400000.0625,-400000.0625,-400000.0625,-400000.0625,-400000.0625,-400000.0625,-400000.0625,-400000.0625
94.21220374107361,-400000.0625,-400000.0625,-400000.0625,-400000.0625,-400000.0625,-400000.0625,-400000.0625,-400000.0625
94.21800827980042,-400000.0625,-400000.0625,-400000.0625,-400000.0625,-400000.0625,-400000.0625,-400000.0625,-400000.0625
94.22381782531738,-400000.0625,-400000.0625,-400000.0625,-400000.0625,-400000.0625,-400000.0625,-400000.0625,-400000.0625
94.22994351387024,-400000.0625,-400000.0625,-400000.0625,-400000.0625,-400000.0625,-400000.0625,-400000.0625,-400000.0625
94.2369372844696,-400000.0625,-400000.0625,-400000.0625,-400000.0625,-400000.0625,-400000.0625,-400000.0625,-400000.0625
94.24329471588135,-400000.0625,-400000.0625,-400000.0625,-400000.0625,-400000.0625,-400000.0625,-400000.0625,-400000.0625
94.24853706359863,-400000.0625,-400000.0625,-400000.0625,-400000.0625,-400000.0625,-400000.0625,-400000.0625,-400000.0625
94.25304293632507,-400000.0625,-400000.0625,-400000.0625,-400000.0625,-400000.0625,-400000.0625,-400000.0625,-400000.0625
94.25305223464966,-400000.0625,-400000.0625,-400000.0625,-400000.0625,-400000.0625,-400000.0625,-400000.0625,-400000.0625
94.25305700302124,-400000.0625,-400000.0625,-400000.0625,-400000.0625,-400000.0625,-400000.0625,-400000.0625,-400000.0625
94.25306129455566,-400000.0625,-400000.0625,-400000.0625,-400000.0625,-400000.0625,-400000.0625,-400000.0625,-400000.0625
94.25306558609009,-400000.0625,-400000.0625,-400000.0625,-400000.0625,-400000.0625,-400000.0625,-400000.0625,-400000.0625
94.25306987762451,-400000.0625,-400000.0625,-400000.0625,-400000.0625,-400000.0625,-400000.0625,-400000.0625,-400000.0625
94.25307393074036,-400000.0625,-400000.0625,-400000.0625,-400000.0625,-400000.0625,-400000.0625,-400000.0625,-400000.0625
94.2530779838562,-400000.0625,-400000.0625,-400000.0625,-400000.0625,-400000.0625,-400000.0625,-400000.0625,-400000.0625
94.26493692398071,-400000.0625,-400000.0625,-400000.0625,-400000.0625,-400000.0625,-400000.0625,-400000.0625,-400000.0625
94.27561831474304,-400000.0625,-400000.0625,-400000.0625,-400000.0625,-400000.0625,-400000.0625,-400000.0625,-400000.0625
94.28240609169006,-400000.0625,-400000.0625,-400000.0625,-400000.0625,-400000.0625,-400000.0625,-400000.0625,-400000.0625
94.28645730018616,-400000.0625,-400000.0625,-400000.0625,-400000.0625,-400000.0625,-400000.0625,-400000.0625,-400000.0625
94.28646445274353,-400000.0625,-400000.0625,-400000.0625,-400000.0625,-400000.0625,-400000.0625,-400000.0625,-400000.0625
94.28646850585938,-400000.0625,-400000.0625,-400000.0625,-400000.0625,-400000.0625,-400000.0625,-400000.0625,-400000.0625
94.28647255897522,-400000.0625,-400000.0625,-400000.0625,-400000.0625,-400000.0625,-400000.0625,-400000.0625,-400000.0625
94.2864761352539,-400000.0625,-400000.0625,-400000.0625,-400000.0625,-400000.0625,-400000.0625,-400000.0625,-400000.0625
94.28647994995117,-400000.0625,-400000.0625,-400000.0625,-400000.0625,-400000.0625,-400000.0625,-400000.0625,-400000.0625
94.28648352622986,-400000.0625,-400000.0625,-400000.0625,-400000.0625,-400000.0625,-400000.0625,-400000.0625,-400000.0625
94.28648710250854,-400000.0625,-400000.0625,-400000.0625,-400000.0625,-400000.0625,-400000.0625,-400000.0625,-400000.0625
94.28649067878723,-400000.0625,-400000.0625,-400000.0625,-400000.0625,-400000.0625,-400000.0625,-400000.0625,-400000.0625
94.28649425506592,-400000.0625,-400000.0625,-400000.0625,-400000.0625,-400000.0625,-400000.0625,-400000.0625,-400000.0625
94.28649830818176,-400000.0625,-400000.0625,-400000.0625,-400000.0625,-400000.0625,-400000.0625,-400000.0625,-400000.0625
94.28650212287903,-400000.0625,-400000.0625,-400000.0625,-400000.0625,-400000.0625,-400000.0625,-400000.0625,-400000.0625
94.28650569915771,-400000.0625,-400000.0625,-400000.0625,-400000.0625,-400000.0625,-400000.0625,-400000.0625,-400000.0625
94.32522082328796,-400000.0625,-400000.0625,-400000.0625,-400000.0625,-400000.0625,-400000.0625,-400000.0625,-400000.0625
94.33015084266663,-400000.0625,-400000.0625,-400000.0625,-400000.0625,-400000.0625,-400000.0625,-400000.0625,-400000.0625
94.33016014099121,-400000.0625,-400000.0625,-400000.0625,-400000.0625,-400000.0625,-400000.0625,-400000.0625,-400000.0625
94.33016419410706,-400000.0625,-400000.0625,-400000.0625,-400000.0625,-400000.0625,-400000.0625,-400000.0625,-400000.0625
94.3301682472229,-400000.0625,-400000.0625,-400000.0625,-400000.0625,-400000.0625,-400000.0625,-400000.0625,-400000.0625
94.33017182350159,-400000.0625,-400000.0625,-400000.0625,-400000.0625,-400000.0625,-400000.0625,-400000.0625,-400000.0625
94.33017539978027,-400000.0625,-400000.0625,-400000.0625,-400000.0625,-400000.0625,-400000.0625,-400000.0625,-400000.0625
94.33017897605896,-400000.0625,-400000.0625,-400000.0625,-400000.0625,-400000.0625,-400000.0625,-400000.0625,-400000.0625
94.33018255233765,-400000.0625,-400000.0625,-400000.0625,-400000.0625,-400000.0625,-400000.0625,-400000.0625,-400000.0625
94.33018612861633,-400000.0625,-400000.0625,-400000.0625,-400000.0625,-400000.0625,-400000.0625,-400000.0625,-400000.0625
94.33019065856934,-400000.0625,-400000.0625,-400000.0625,-400000.0625,-400000.0625,-400000.0625,-400000.0625,-400000.0625
94.3301944732666,-400000.0625,-400000.0625,-400000.0625,-400000.0625,-400000.0625,-400000.0625,-400000.0625,-400000.0625
94.33019804954529,-400000.0625,-400000.0625,-400000.0625,-400000.0625,-400000.0625,-400000.0625,-400000.0625,-400000.0625
94.33020186424255,-400000.0625,-400000.0625,-400000.0625,-400000.0625,-400000.0625,-400000.0625,-400000.0625,-400000.0625
94.33020544052124,-400000.0625,-400000.0625,-400000.0625,-400000.0625,-400000.0625,-400000.0625,-400000.0625,-400000.0625
94.33020901679993,-400000.0625,-400000.0625,-400000.0625,-400000.0625,-400000.0625,-400000.0625,-400000.0625,-400000.0625
94.39272594451904,-400000.0625,-400000.0625,-400000.0625,-400000.0625,-400000.0625,-400000.0625,-400000.0625,-400000.0625
94.4022204875946,-400000.0625,-400000.0625,-400000.0625,-400000.0625,-400000.0625,-400000.0625,-400000.0625,-400000.0625
94.40783405303955,-400000.0625,-400000.0625,-400000.0625,-400000.0625,-400000.0625,-400000.0625,-400000.0625,-400000.0625
94.41377711296082,-400000.0625,-400000.0625,-400000.0625,-400000.0625,-400000.0625,-400000.0625,-400000.0625,-400000.0625
94.4190845489502,-400000.0625,-400000.0625,-400000.0625,-400000.0625,-400000.0625,-400000.0625,-400000.0625,-400000.0625
94.42771506309509,-400000.0625,-400000.0625,-400000.0625,-400000.0625,-400000.0625,-400000.0625,-400000.0625,-400000.0625
94.43232893943787,-400000.0625,-400000.0625,-400000.0625,-400000.0625,-400000.0625,-400000.0625,-400000.0625,-400000.0625
94.43233680725098,-400000.0625,-400000.0625,-400000.0625,-400000.0625,-400000.0625,-400000.0625,-400000.0625,-400000.0625
94.43234157562256,-400000.0625,-400000.0625,-400000.0625,-400000.0625,-400000.0625,-400000.0625,-400000.0625,-400000.0625
94.4323456287384,-400000.0625,-400000.0625,-400000.0625,-400000.0625,-400000.0625,-400000.0625,-400000.0625,-400000.0625
94.43235039710999,-400000.0625,-400000.0625,-400000.0625,-400000.0625,-400000.0625,-400000.0625,-400000.0625,-400000.0625
94.43235445022583,-400000.0625,-400000.0625,-400000.0625,-400000.0625,-400000.0625,-400000.0625,-400000.0625,-400000.0625
94.43235898017883,-400000.0625,-400000.0625,-400000.0625,-400000.0625,-400000.0625,-400000.0625,-400000.0625,-400000.0625
94.4323627948761,-400000.0625,-400000.0625,-400000.0625,-400000.0625,-400000.0625,-400000.0625,-400000.0625,-400000.0625
94.43236684799194,-400000.0625,-400000.0625,-400000.0625,-400000.0625,-400000.0625,-400000.0625,-400000.0625,-400000.0625
94.43237042427063,-400000.0625,-400000.0625,-400000.0625,-400000.0625,-400000.0625,-400000.0625,-400000.0625,-400000.0625
94.46748876571655,-400000.0625,-400000.0625,-400000.0625,-400000.0625,-400000.0625,-400000.0625,-400000.0625,-400000.0625
94.47244763374329,-400000.0625,-400000.0625,-400000.0625,-400000.0625,-400000.0625,-400000.0625,-400000.0625,-400000.0625
94.47246050834656,-400000.0625,-400000.0625,-400000.0625,-400000.0625,-400000.0625,-400000.0625,-400000.0625,-400000.0625
94.47246742248535,-400000.0625,-400000.0625,-400000.0625,-400000.0625,-400000.0625,-400000.0625,-400000.0625,-400000.0625
94.47247338294983,-400000.0625,-400000.0625,-400000.0625,-400000.0625,-400000.0625,-400000.0625,-400000.0625,-400000.0625
94.47247982025146,-400000.0625,-400000.0625,-400000.0625,-400000.0625,-400000.0625,-400000.0625,-400000.0625,-400000.0625
94.47248554229736,-400000.0625,-400000.0625,-400000.0625,-400000.0625,-400000.0625,-400000.0625,-400000.0625,-400000.0625
94.47249221801758,-400000.0625,-400000.0625,-400000.0625,-400000.0625,-400000.0625,-400000.0625,-400000.0625,-400000.0625
94.47249841690063,-400000.0625,-400000.0625,-400000.0625,-400000.0625,-400000.0625,-400000.0625,-400000.0625,-400000.0625
94.47972321510315,-400000.0625,-400000.0625,-400000.0625,-400000.0625,-400000.0625,-400000.0625,-400000.0625,-400000.0625
94.48442077636719,-400000.0625,-400000.0625,-400000.0625,-400000.0625,-400000.0625,-400000.0625,-400000.0625,-400000.0625
94.48443007469177,-400000.0625,-400000.0625,-400000.0625,-400000.0625,-400000.0625,-400000.0625,-400000.0625,-400000.0625
94.48443460464478,-400000.0625,-400000.0625,-400000.0625,-400000.0625,-400000.0625,-400000.0625,-400000.0625,-400000.0625
94.48443913459778,-400000.0625,-400000.0625,-400000.0625,-400000.0625,-400000.0625,-400000.0625,-400000.0625,-400000.0625
94.48444318771362,-400000.0625,-400000.0625,-400000.0625,-400000.0625,-400000.0625,-400000.0625,-400000.0625,-400000.0625
94.48444724082947,-400000.0625,-400000.0625,-400000.0625,-400000.0625,-400000.0625,-400000.0625,-400000.0625,-400000.0625
94.58358693122864,-400000.0625,-400000.0625,-400000.0625,-400000.0625,-400000.0625,-400000.0625,-400000.0625,-400000.0625
94.67354226112366,-400000.0625,-400000.0625,-400000.0625,-400000.0625,-400000.0625,-400000.0625,-400000.0625,-400000.0625
94.71869730949402,-400000.0625,-400000.0625,-400000.0625,-400000.0625,-400000.0625,-400000.0625,-400000.0625,-400000.0625
94.82757353782654,-400000.0625,-400000.0625,-400000.0625,-400000.0625,-400000.0625,-400000.0625,-400000.0625,-400000.0625
94.87258410453796,-400000.0625,-400000.0625,-400000.0625,-400000.0625,-400000.0625,-400000.0625,-400000.0625,-400000.0625
94.90658760070801,-400000.0625,-400000.0625,-400000.0625,-400000.0625,-400000.0625,-400000.0625,-400000.0625,-400000.0625
95.02991509437561,-400000.0625,-400000.0625,-400000.0625,-400000.0625,-400000.0625,-400000.0625,-400000.0625,-400000.0625
95.17862248420715,-400000.0625,-400000.0625,-400000.0625,-400000.0625,-400000.0625,-400000.0625,-400000.0625,-400000.0625
95.22491645812988,-400000.0625,-400000.0625,-400000.0625,-400000.0625,-400000.0625,-400000.0625,-400000.0625,-400000.0625
95.36744594573975,-400000.0625,-400000.0625,-400000.0625,-400000.0625,-400000.0625,-400000.0625,-400000.0625,-400000.0625
95.44750308990479,-400000.0625,-400000.0625,-400000.0625,-400000.0625,-400000.0625,-400000.0625,-400000.0625,-400000.0625
95.47852540016174,-400000.0625,-400000.0625,-400000.0625,-400000.0625,-400000.0625,-400000.0625,-400000.0625,-400000.0625
95.57121086120605,-400000.0625,-400000.0625,-400000.0625,-400000.0625,-400000.0625,-400000.0625,-400000.0625,-400000.0625
95.60672998428345,-400000.0625,-400000.0625,-400000.0625,-400000.0625,-400000.0625,-400000.0625,-400000.0625,-400000.0625
95.69358491897583,-400000.0625,-400000.0625,-400000.0625,-400000.0625,-400000.0625,-400000.0625,-400000.0625,-400000.0625
95.73233294487,-400000.0625,-400000.0625,-400000.0625,-400000.0625,-400000.0625,-400000.0625,-400000.0625,-400000.0625
95.7998275756836,-400000.0625,-400000.0625,-400000.0625,-400000.0625,-400000.0625,-400000.0625,-400000.0625,-400000.0625
95.93348050117493,-400000.0625,-400000.0625,-400000.0625,-400000.0625,-400000.0625,-400000.0625,-400000.0625,-400000.0625
95.99008202552795,-400000.0625,-400000.0625,-400000.0625,-400000.0625,-400000.0625,-400000.0625,-400000.0625,-400000.0625
96.08883690834045,-400000.0625,-400000.0625,-400000.0625,-400000.0625,-400000.0625,-400000.0625,-400000.0625,-400000.0625
96.12133622169495,-400000.0625,-400000.0625,-400000.0625,-400000.0625,-400000.0625,-400000.0625,-400000.0625,-400000.0625
96.19063830375671,-400000.0625,-400000.0625,-400000.0625,-400000.0625,-400000.0625,-400000.0625,-400000.0625,-400000.0625
96.28895139694214,-400000.0625,-400000.0625,-400000.0625,-400000.0625,-400000.0625,-400000.0625,-400000.0625,-400000.0625
96.32304811477661,-400000.0625,-400000.0625,-400000.0625,-400000.0625,-400000.0625,-400000.0625,-400000.0625,-400000.0625
96.3766450881958,-400000.0625,-400000.0625,-400000.0625,-400000.0625,-400000.0625,-400000.0625,-400000.0625,-400000.0625
96.51506018638611,-400000.0625,-400000.0625,-400000.0625,-400000.0625,-400000.0625,-400000.0625,-400000.0625,-400000.0625
96.5245680809021,-400000.0625,-400000.0625,-400000.0625,-400000.0625,-400000.0625,-400000.0625,-400000.0625,-400000.0625
96.53004288673401,-400000.0625,-400000.0625,-400000.0625,-400000.0625,-400000.0625,-400000.0625,-400000.0625,-400000.0625
96.536465883255,-400000.0625,-400000.0625,-400000.0625,-400000.0625,-400000.0625,-400000.0625,-400000.0625,-400000.0625
96.54472613334656,-400000.0625,-400000.0625,-400000.0625,-400000.0625,-400000.0625,-400000.0625,-400000.0625,-400000.0625
96.55007815361023,-400000.0625,-400000.0625,-400000.0625,-400000.0625,-400000.0625,-400000.0625,-400000.0625,-400000.0625
96.55500960350037,-400000.0625,-400000.0625,-400000.0625,-400000.0625,-400000.0625,-400000.0625,-400000.0625,-400000.0625
96.5550184249878,-400000.0625,-400000.0625,-400000.0625,-400000.0625,-400000.0625,-400000.0625,-400000.0625,-400000.0625
96.55502343177795,-400000.0625,-400000.0625,-400000.0625,-400000.0625,-400000.0625,-400000.0625,-400000.0625,-400000.0625
96.5550274848938,-400000.0625,-400000.0625,-400000.0625,-400000.0625,-400000.0625,-400000.0625,-400000.0625,-400000.0625
96.55503153800964,-400000.0625,-400000.0625,-400000.0625,-400000.0625,-400000.0625,-400000.0625,-400000.0625,-400000.0625
96.55503559112549,-400000.0625,-400000.0625,-400000.0625,-400000.0625,-400000.0625,-400000.0625,-400000.0625,-400000.0625
96.55504059791565,-400000.0625,-400000.0625,-400000.0625,-400000.0625,-400000.0625,-400000.0625,-400000.0625,-400000.0625
96.55504488945007,-400000.0625,-400000.0625,-400000.0625,-400000.0625,-400000.0625,-400000.0625,-400000.0625,-400000.0625
96.55504989624023,-400000.0625,-400000.0625,-400000.0625,-400000.0625,-400000.0625,-400000.0625,-400000.0625,-400000.0625
96.55505418777466,-400000.0625,-400000.0625,-400000.0625,-400000.0625,-400000.0625,-400000.0625,-400000.0625,-400000.0625
96.57492327690125,-400000.0625,-400000.0625,-400000.0625,-400000.0625,-400000.0625,-400000.0625,-400000.0625,-400000.0625
96.57981419563293,-400000.0625,-400000.0625,-400000.0625,-400000.0625,-400000.0625,-400000.0625,-400000.0625,-400000.0625
96.57982563972473,-400000.0625,-400000.0625,-400000.0625,-400000.0625,-400000.0625,-400000.0625,-400000.0625,-400000.0625
96.57983064651489,-400000.0625,-400000.0625,-400000.0625,-400000.0625,-400000.0625,-400000.0625,-400000.0625,-400000.0625
96.57983469963074,-400000.0625,-400000.0625,-400000.0625,-400000.0625,-400000.0625,-400000.0625,-400000.0625,-400000.0625
96.57983922958374,-400000.0625,-400000.0625,-400000.0625,-400000.0625,-400000.0625,-400000.0625,-400000.0625,-400000.0625
96.57984328269958,-400000.0625,-400000.0625,-400000.0625,-400000.0625,-400000.0625,-400000.0625,-400000.0625,-400000.0625
96.57984733581543,-400000.0625,-400000.0625,-400000.0625,-400000.0625,-400000.0625,-400000.0625,-400000.0625,-400000.0625
96.5798511505127,-400000.0625,-400000.0625,-400000.0625,-400000.0625,-400000.0625,-400000.0625,-400000.0625,-400000.0625
96.5798556804657,-400000.0625,-400000.0625,-400000.0625,-400000.0625,-400000.0625,-400000.0625,-400000.0625,-400000.0625
96.57985949516296,-400000.0625,-400000.0625,-400000.0625,-400000.0625,-400000.0625,-400000.0625,-400000.0625,-400000.0625
96.57986330986023,-400000.0625,-400000.0625,-400000.0625,-400000.0625,-400000.0625,-400000.0625,-400000.0625,-400000.0625
96.5798671245575,-400000.0625,-400000.0625,-400000.0625,-400000.0625,-400000.0625,-400000.0625,-400000.0625,-400000.0625
96.5798716545105,-400000.0625,-400000.0625,-400000.0625,-400000.0625,-400000.0625,-400000.0625,-400000.0625,-400000.0625
96.57987546920776,-400000.0625,-400000.0625,-400000.0625,-400000.0625,-400000.0625,-400000.0625,-400000.0625,-400000.0625
96.57988023757935,-400000.0625,-400000.0625,-400000.0625,-400000.0625,-400000.0625,-400000.0625,-400000.0625,-400000.0625
96.68117666244507,-400000.0625,-400000.0625,-400000.0625,-400000.0625,-400000.0625,-400000.0625,-400000.0625,-400000.0625
96.69007158279419,-400000.0625,-400000.0625,-400000.0625,-400000.0625,-400000.0625,-400000.0625,-400000.0625,-400000.0625
96.69616413116455,-400000.0625,-400000.0625,-400000.0625,-400000.0625,-400000.0625,-400000.0625,-400000.0625,-400000.0625
96.70064496994019,-400000.0625,-400000.0625,-400000.0625,-400000.0625,-400000.0625,-400000.0625,-400000.0625,-400000.0625
96.70065331459045,-400000.0625,-400000.0625,-400000.0625,-400000.0625,-400000.0625,-400000.0625,-400000.0625,-400000.0625
96.7006573677063,-400000.0625,-400000.0625,-400000.0625,-400000.0625,-400000.0625,-400000.0625,-400000.0625,-400000.0625
96.70066142082214,-400000.0625,-400000.0625,-400000.0625,-400000.0625,-400000.0625,-400000.0625,-400000.0625,-400000.0625
96.70066523551941,-400000.0625,-400000.0625,-400000.0625,-400000.0625,-400000.0625,-400000.0625,-400000.0625,-400000.0625
96.70066928863525,-400000.0625,-400000.0625,-400000.0625,-400000.0625,-400000.0625,-400000.0625,-400000.0625,-400000.0625
96.70067310333252,-400000.0625,-400000.0625,-400000.0625,-400000.0625,-400000.0625,-400000.0625,-400000.0625,-400000.0625
96.7006766796112,-400000.0625,-400000.0625,-400000.0625,-400000.0625,-400000.0625,-400000.0625,-400000.0625,-400000.0625
96.70068049430847,-400000.0625,-400000.0625,-400000.0625,-400000.0625,-400000.0625,-400000.0625,-400000.0625,-400000.0625
96.70068407058716,-400000.0625,-400000.0625,-400000.0625,-400000.0625,-400000.0625,-400000.0625,-400000.0625,-400000.0625
96.70068740844727,-400000.0625,-400000.0625,-400000.0625,-400000.0625,-400000.0625,-400000.0625,-400000.0625,-400000.0625
96.70069122314453,-400000.0625,-400000.0625,-400000.0625,-400000.0625,-400000.0625,-400000.0625,-400000.0625,-400000.0625
96.70069479942322,-400000.0625,-400000.0625,-400000.0625,-400000.0625,-400000.0625,-400000.0625,-400000.0625,-400000.0625
96.7230315208435,-400000.0625,-400000.0625,-400000.0625,-400000.0625,-400000.0625,-400000.0625,-400000.0625,-400000.0625
96.72853660583496,-400000.0625,-400000.0625,-400000.0625,-400000.0625,-400000.0625,-400000.0625,-400000.0625,-400000.0625
96.73359203338623,-400000.0625,-400000.0625,-400000.0625,-400000.0625,-400000.0625,-400000.0625,-400000.0625,-400000.0625
96.73899555206299,-400000.0625,-400000.0625,-400000.0625,-400000.0625,-400000.0625,-400000.0625,-400000.0625,-400000.0625
96.74608373641968,-400000.0625,-400000.0625,-400000.0625,-400000.0625,-400000.0625,-400000.0625,-400000.0625,-400000.0625
96.75155305862427,-400000.0625,-400000.0625,-400000.0625,-400000.0625,-400000.0625,-400000.0625,-400000.0625,-400000.0625
96.75751328468323,-400000.0625,-400000.0625,-400000.0625,-400000.0625,-400000.0625,-400000.0625,-400000.0625,-400000.0625
96.76340460777283,-400000.0625,-400000.0625,-400000.0625,-400000.0625,-400000.0625,-400000.0625,-400000.0625,-400000.0625
96.76766777038574,-400000.0625,-400000.0625,-400000.0625,-400000.0625,-400000.0625,-400000.0625,-400000.0625,-400000.0625
96.76767468452454,-400000.0625,-400000.0625,-400000.0625,-400000.0625,-400000.0625,-400000.0625,-400000.0625,-400000.0625
96.76767897605896,-400000.0625,-400000.0625,-400000.0625,-400000.0625,-400000.0625,-400000.0625,-400000.0625,-400000.0625
96.76768279075623,-400000.0625,-400000.0625,-400000.0625,-400000.0625,-400000.0625,-400000.0625,-400000.0625,-400000.0625
96.76768684387207,-400000.0625,-400000.0625,-400000.0625,-400000.0625,-400000.0625,-400000.0625,-400000.0625,-400000.0625
96.76769042015076,-400000.0625,-400000.0625,-400000.0625,-400000.0625,-400000.0625,-400000.0625,-400000.0625,-400000.0625
96.76769423484802,-400000.0625,-400000.0625,-400000.0625,-400000.0625,-400000.0625,-400000.0625,-400000.0625,-400000.0625
96.76769781112671,-400000.0625,-400000.0625,-400000.0625,-400000.0625,-400000.0625,-400000.0625,-400000.0625,-400000.0625
96.76770186424255,-400000.0625,-400000.0625,-400000.0625,-400000.0625,-400000.0625,-400000.0625,-400000.0625,-400000.0625
96.76770567893982,-400000.0625,-400000.0625,-400000.0625,-400000.0625,-400000.0625,-400000.0625,-400000.0625,-400000.0625
96.7677092552185,-400000.0625,-400000.0625,-400000.0625,-400000.0625,-400000.0625,-400000.0625,-400000.0625,-400000.0625
96.76771306991577,-400000.0625,-400000.0625,-400000.0625,-400000.0625,-400000.0625,-400000.0625,-400000.0625,-400000.0625
96.76771664619446,-400000.0625,-400000.0625,-400000.0625,-400000.0625,-400000.0625,-400000.0625,-400000.0625,-400000.0625
96.76772022247314,-400000.0625,-400000.0625,-400000.0625,-400000.0625,-400000.0625,-400000.0625,-400000.0625,-400000.0625
96.76772379875183,-400000.0625,-400000.0625,-400000.0625,-400000.0625,-400000.0625,-400000.0625,-400000.0625,-400000.0625
96.76772737503052,-400000.0625,-400000.0625,-400000.0625,-400000.0625,-400000.0625,-400000.0625,-400000.0625,-400000.0625
96.7677309513092,-400000.0625,-400000.0625,-400000.0625,-400000.0625,-400000.0625,-400000.0625,-400000.0625,-400000.0625
96.76773452758789,-400000.0625,-400000.0625,-400000.0625,-400000.0625,-400000.0625,-400000.0625,-400000.0625,-400000.0625
96.76773810386658,-400000.0625,-400000.0625,-400000.0625,-400000.0625,-400000.0625,-400000.0625,-400000.0625,-400000.0625
96.76774191856384,-400000.0625,-400000.0625,-400000.0625,-400000.0625,-400000.0625,-400000.0625,-400000.0625,-400000.0625
96.76774549484253,-400000.0625,-400000.0625,-400000.0625,-400000.0625,-400000.0625,-400000.0625,-400000.0625,-400000.0625
96.7677493095398,-400000.0625,-400000.0625,-400000.0625,-400000.0625,-400000.0625,-400000.0625,-400000.0625,-400000.0625
96.76775336265564,-400000.0625,-400000.0625,-400000.0625,-400000.0625,-400000.0625,-400000.0625,-400000.0625,-400000.0625
96.76775741577148,-400000.0625,-400000.0625,-400000.0625,-400000.0625,-400000.0625,-400000.0625,-400000.0625,-400000.0625
96.82235884666443,-400000.0625,-400000.0625,-400000.0625,-400000.0625,-400000.0625,-400000.0625,-400000.0625,-400000.0625
96.83333921432495,-400000.0625,-400000.0625,-400000.0625,-400000.0625,-400000.0625,-400000.0625,-400000.0625,-400000.0625
96.83813047409058,-400000.0625,-400000.0625,-400000.0625,-400000.0625,-400000.0625,-400000.0625,-400000.0625,-400000.0625
96.83814239501953,-400000.0625,-400000.0625,-400000.0625,-400000.0625,-400000.0625,-400000.0625,-400000.0625,-400000.0625
96.83814930915833,-400000.0625,-400000.0625,-400000.0625,-400000.0625,-400000.0625,-400000.0625,-400000.0625,-400000.0625
96.83815598487854,-400000.0625,-400000.0625,-400000.0625,-400000.0625,-400000.0625,-400000.0625,-400000.0625,-400000.0625
96.83816242218018,-400000.0625,-400000.0625,-400000.0625,-400000.0625,-400000.0625,-400000.0625,-400000.0625,-400000.0625
96.83816885948181,-400000.0625,-400000.0625,-400000.0625,-400000.0625,-400000.0625,-400000.0625,-400000.0625,-400000.0625
96.83817505836487,-400000.0625,-400000.0625,-400000.0625,-400000.0625,-400000.0625,-400000.0625,-400000.0625,-400000.0625
96.83818173408508,-400000.0625,-400000.0625,-400000.0625,-400000.0625,-400000.0625,-400000.0625,-400000.0625,-400000.0625
96.83818745613098,-400000.0625,-400000.0625,-400000.0625,-400000.0625,-400000.0625,-400000.0625,-400000.0625,-400000.0625
96.83819484710693,-400000.0625,-400000.0625,-400000.0625,-400000.0625,-400000.0625,-400000.0625,-400000.0625,-400000.0625
96.83820128440857,-400000.0625,-400000.0625,-400000.0625,-400000.0625,-400000.0625,-400000.0625,-400000.0625,-400000.0625
96.83820867538452,-400000.0625,-400000.0625,-400000.0625,-400000.0625,-400000.0625,-400000.0625,-400000.0625,-400000.0625
96.83822059631348,-400000.0625,-400000.0625,-400000.0625,-400000.0625,-400000.0625,-400000.0625,-400000.0625,-400000.0625
96.83822870254517,-400000.0625,-400000.0625,-400000.0625,-400000.0625,-400000.0625,-400000.0625,-400000.0625,-400000.0625
96.88615798950195,-400000.0625,-400000.0625,-400000.0625,-400000.0625,-400000.0625,-400000.0625,-400000.0625,-400000.0625
96.89281797409058,-400000.0625,-400000.0625,-400000.0625,-400000.0625,-400000.0625,-400000.0625,-400000.0625,-400000.0625
96.89838337898254,-400000.0625,-400000.0625,-400000.0625,-400000.0625,-400000.0625,-400000.0625,-400000.0625,-400000.0625
96.90294480323792,-400000.0625,-400000.0625,-400000.0625,-400000.0625,-400000.0625,-400000.0625,-400000.0625,-400000.0625
96.90295624732971,-400000.0625,-400000.0625,-400000.0625,-400000.0625,-400000.0625,-400000.0625,-400000.0625,-400000.0625
96.90296268463135,-400000.0625,-400000.0625,-400000.0625,-400000.0625,-400000.0625,-400000.0625,-400000.0625,-400000.0625
96.90296983718872,-400000.0625,-400000.0625,-400000.0625,-400000.0625,-400000.0625,-400000.0625,-400000.0625,-400000.0625
96.90297532081604,-400000.0625,-400000.0625,-400000.0625,-400000.0625,-400000.0625,-400000.0625,-400000.0625,-400000.0625
96.9029803276062,-400000.0625,-400000.0625,-400000.0625,-400000.0625,-400000.0625,-400000.0625,-400000.0625,-400000.0625
96.90298581123352,-400000.0625,-400000.0625,-400000.0625,-400000.0625,-400000.0625,-400000.0625,-400000.0625,-400000.0625
96.90299081802368,-400000.0625,-400000.0625,-400000.0625,-400000.0625,-400000.0625,-400000.0625,-400000.0625,-400000.0625
96.902996301651,-400000.0625,-400000.0625,-400000.0625,-400000.0625,-400000.0625,-400000.0625,-400000.0625,-400000.0625
96.9030020236969,-400000.0625,-400000.0625,-400000.0625,-400000.0625,-400000.0625,-400000.0625,-400000.0625,-400000.0625
96.90300798416138,-400000.0625,-400000.0625,-400000.0625,-400000.0625,-400000.0625,-400000.0625,-400000.0625,-400000.0625
96.90301370620728,-400000.0625,-400000.0625,-400000.0625,-400000.0625,-400000.0625,-400000.0625,-400000.0625,-400000.0625
96.90301895141602,-400000.0625,-400000.0625,-400000.0625,-400000.0625,-400000.0625,-400000.0625,-400000.0625,-400000.0625
96.9647912979126,-400000.0625,-400000.0625,-400000.0625,-400000.0625,-400000.0625,-400000.0625,-400000.0625,-400000.0625
96.97522950172424,-400000.0625,-400000.0625,-400000.0625,-400000.0625,-400000.0625,-400000.0625,-400000.0625,-400000.0625
96.9801778793335,-400000.0625,-400000.0625,-400000.0625,-400000.0625,-400000.0625,-400000.0625,-400000.0625,-400000.0625
96.98018765449524,-400000.0625,-400000.0625,-400000.0625,-400000.0625,-400000.0625,-400000.0625,-400000.0625,-400000.0625
96.98019218444824,-400000.0625,-400000.0625,-400000.0625,-400000.0625,-400000.0625,-400000.0625,-400000.0625,-400000.0625
96.98019623756409,-400000.0625,-400000.0625,-400000.0625,-400000.0625,-400000.0625,-400000.0625,-400000.0625,-400000.0625
96.98020029067993,-400000.0625,-400000.0625,-400000.0625,-400000.0625,-400000.0625,-400000.0625,-400000.0625,-400000.0625
96.9802041053772,-400000.0625,-400000.0625,-400000.0625,-400000.0625,-400000.0625,-400000.0625,-400000.0625,-400000.0625
96.98020792007446,-400000.0625,-400000.0625,-400000.0625,-400000.0625,-400000.0625,-400000.0625,-400000.0625,-400000.0625
96.98021173477173,-400000.0625,-400000.0625,-400000.0625,-400000.0625,-400000.0625,-400000.0625,-400000.0625,-400000.0625
96.98021578788757,-400000.0625,-400000.0625,-400000.0625,-400000.0625,-400000.0625,-400000.0625,-400000.0625,-400000.0625
96.98021960258484,-400000.0625,-400000.0625,-400000.0625,-400000.0625,-400000.0625,-400000.0625,-400000.0625,-400000.0625
96.98022317886353,-400000.0625,-400000.0625,-400000.0625,-400000.0625,-400000.0625,-400000.0625,-400000.0625,-400000.0625
96.98022747039795,-400000.0625,-400000.0625,-400000.0625,-400000.0625,-400000.0625,-400000.0625,-400000.0625,-400000.0625
96.98023176193237,-400000.0625,-400000.0625,-400000.0625,-400000.0625,-400000.0625,-400000.0625,-400000.0625,-400000.0625
96.98023557662964,-400000.0625,-400000.0625,-400000.0625,-400000.0625,-400000.0625,-400000.0625,-400000.0625,-400000.0625
97.27368927001953,-400000.0625,-400000.0625,-400000.0625,-400000.0625,-400000.0625,-400000.0625,-400000.0625,-400000.0625
97.35637211799622,-400000.0625,-400000.0625,-400000.0625,-400000.0625,-400000.0625,-400000.0625,-400000.0625,-400000.0625
97.43220162391663,-400000.0625,-400000.0625,-400000.0625,-400000.0625,-400000.0625,-400000.0625,-400000.0625,-400000.0625
97.46470141410828,-400000.0625,-400000.0625,-400000.0625,-400000.0625,-400000.0625,-400000.0625,-400000.0625,-400000.0625
97.52496838569641,-400000.0625,-400000.0625,-400000.0625,-400000.0625,-400000.0625,-400000.0625,-400000.0625,-400000.0625
97.59120106697083,-400000.0625,-400000.0625,-400000.0625,-400000.0625,-400000.0625,-400000.0625,-400000.0625,-400000.0625
97.67235112190247,-400000.0625,-400000.0625,-400000.0625,-400000.0625,-400000.0625,-400000.0625,-400000.0625,-400000.0625
97.75629806518555,-400000.0625,-400000.0625,-400000.0625,-400000.0625,-400000.0625,-400000.0625,-400000.0625,-400000.0625
97.7937183380127,-400000.0625,-400000.0625,-400000.0625,-400000.0625,-400000.0625,-400000.0625,-400000.0625,-400000.0625
97.86469888687134,-400000.0625,-400000.0625,-400000.0625,-400000.0625,-400000.0625,-400000.0625,-400000.0625,-400000.0625
97.92258405685425,-400000.0625,-400000.0625,-400000.0625,-400000.0625,-400000.0625,-400000.0625,-400000.0625,-400000.0625
98.01139283180237,-400000.0625,-400000.0625,-400000.0625,-400000.0625,-400000.0625,-400000.0625,-400000.0625,-400000.0625
98.14254951477051,-400000.0625,-400000.0625,-400000.0625,-400000.0625,-400000.0625,-400000.0625,-400000.0625,-400000.0625
98.16868925094604,-400000.0625,-400000.0625,-400000.0625,-400000.0625,-400000.0625,-400000.0625,-400000.0625,-400000.0625
98.2436146736145,-400000.0625,-400000.0625,-400000.0625,-400000.0625,-400000.0625,-400000.0625,-400000.0625,-400000.0625
98.29999375343323,-400000.0625,-400000.0625,-400000.0625,-400000.0625,-400000.0625,-400000.0625,-400000.0625,-400000.0625
98.37847399711609,-400000.0625,-400000.0625,-400000.0625,-400000.0625,-400000.0625,-400000.0625,-400000.0625,-400000.0625
98.52244091033936,-400000.0625,-400000.0625,-400000.0625,-400000.0625,-400000.0625,-400000.0625,-400000.0625,-400000.0625
98.55493903160095,-400000.0625,-400000.0625,-400000.0625,-400000.0625,-400000.0625,-400000.0625,-400000.0625,-400000.0625
98.63612580299377,-400000.0625,-400000.0625,-400000.0625,-400000.0625,-400000.0625,-400000.0625,-400000.0625,-400000.0625
98.67866444587708,-400000.0625,-400000.0625,-400000.0625,-400000.0625,-400000.0625,-400000.0625,-400000.0625,-400000.0625
98.74245071411133,-400000.0625,-400000.0625,-400000.0625,-400000.0625,-400000.0625,-400000.0625,-400000.0625,-400000.0625
98.89604640007019,-400000.0625,-400000.0625,-400000.0625,-400000.0625,-400000.0625,-400000.0625,-400000.0625,-400000.0625
98.94042587280273,-400000.0625,-400000.0625,-400000.0625,-400000.0625,-400000.0625,-400000.0625,-400000.0625,-400000.0625
99.07191944122314,-400000.0625,-400000.0625,-400000.0625,-400000.0625,-400000.0625,-400000.0625,-400000.0625,-400000.0625
99.08158493041992,-400000.0625,-400000.0625,-400000.0625,-400000.0625,-400000.0625,-400000.0625,-400000.0625,-400000.0625
99.08600544929504,-400000.0625,-400000.0625,-400000.0625,-400000.0625,-400000.0625,-400000.0625,-400000.0625,-400000.0625
99.08601403236389,-400000.0625,-400000.0625,-400000.0625,-400000.0625,-400000.0625,-400000.0625,-400000.0625,-400000.0625
99.0860185623169,-400000.0625,-400000.0625,-400000.0625,-400000.0625,-400000.0625,-400000.0625,-400000.0625,-400000.0625
99.08602237701416,-400000.0625,-400000.0625,-400000.0625,-400000.0625,-400000.0625,-400000.0625,-400000.0625,-400000.0625
99.08602619171143,-400000.0625,-400000.0625,-400000.0625,-400000.0625,-400000.0625,-400000.0625,-400000.0625,-400000.0625
99.08603000640869,-400000.0625,-400000.0625,-400000.0625,-400000.0625,-400000.0625,-400000.0625,-400000.0625,-400000.0625
99.08603382110596,-400000.0625,-400000.0625,-400000.0625,-400000.0625,-400000.0625,-400000.0625,-400000.0625,-400000.0625
99.0860378742218,-400000.0625,-400000.0625,-400000.0625,-400000.0625,-400000.0625,-400000.0625,-400000.0625,-400000.0625
99.08604168891907,-400000.0625,-400000.0625,-400000.0625,-400000.0625,-400000.0625,-400000.0625,-400000.0625,-400000.0625
99.08604550361633,-400000.0625,-400000.0625,-400000.0625,-400000.0625,-400000.0625,-400000.0625,-400000.0625,-400000.0625
99.08604907989502,-400000.0625,-400000.0625,-400000.0625,-400000.0625,-400000.0625,-400000.0625,-400000.0625,-400000.0625
99.08605289459229,-400000.0625,-400000.0625,-400000.0625,-400000.0625,-400000.0625,-400000.0625,-400000.0625,-400000.0625
99.08605670928955,-400000.0625,-400000.0625,-400000.0625,-400000.0625,-400000.0625,-400000.0625,-400000.0625,-400000.0625
99.08606052398682,-400000.0625,-400000.0625,-400000.0625,-400000.0625,-400000.0625,-400000.0625,-400000.0625,-400000.0625
99.13247799873352,-400000.0625,-400000.0625,-400000.0625,-400000.0625,-400000.0625,-400000.0625,-400000.0625,-400000.0625
99.13760805130005,-400000.0625,-400000.0625,-400000.0625,-400000.0625,-400000.0625,-400000.0625,-400000.0625,-400000.0625
99.14313745498657,-400000.0625,-400000.0625,-400000.0625,-400000.0625,-400000.0625,-400000.0625,-400000.0625,-400000.0625
99.1492817401886,-400000.0625,-400000.0625,-400000.0625,-400000.0625,-400000.0625,-400000.0625,-400000.0625,-400000.0625
99.15555429458618,-400000.0625,-400000.0625,-400000.0625,-400000.0625,-400000.0625,-400000.0625,-400000.0625,-400000.0625
99.16122126579285,-400000.0625,-400000.0625,-400000.0625,-400000.0625,-400000.0625,-400000.0625,-400000.0625,-400000.0625
99.16664481163025,-400000.0625,-400000.0625,-400000.0625,-400000.0625,-400000.0625,-400000.0625,-400000.0625,-400000.0625
99.17222857475281,-400000.0625,-400000.0625,-400000.0625,-400000.0625,-400000.0625,-400000.0625,-400000.0625,-400000.0625
99.18449354171753,-400000.0625,-400000.0625,-400000.0625,-400000.0625,-400000.0625,-400000.0625,-400000.0625,-400000.0625
99.1915373802185,-400000.0625,-400000.0625,-400000.0625,-400000.0625,-400000.0625,-400000.0625,-400000.0625,-400000.0625
99.19940972328186,-400000.0625,-400000.0625,-400000.0625,-400000.0625,-400000.0625,-400000.0625,-400000.0625,-400000.0625
99.20472645759583,-400000.0625,-400000.0625,-400000.0625,-400000.0625,-400000.0625,-400000.0625,-400000.0625,-400000.0625
99.21195268630981,-400000.0625,-400000.0625,-400000.0625,-400000.0625,-400000.0625,-400000.0625,-400000.0625,-400000.0625
99.2172498703003,-400000.0625,-400000.0625,-400000.0625,-400000.0625,-400000.0625,-400000.0625,-400000.0625,-400000.0625
99.2223105430603,-400000.0625,-400000.0625,-400000.0625,-400000.0625,-400000.0625,-400000.0625,-400000.0625,-400000.0625
99.22947216033936,-400000.0625,-400000.0625,-400000.0625,-400000.0625,-400000.0625,-400000.0625,-400000.0625,-400000.0625
99.23727035522461,-400000.0625,-400000.0625,-400000.0625,-400000.0625,-400000.0625,-400000.0625,-400000.0625,-400000.0625
99.24311804771423,-400000.0625,-400000.0625,-400000.0625,-400000.0625,-400000.0625,-400000.0625,-400000.0625,-400000.0625
99.24889278411865,-400000.0625,-400000.0625,-400000.0625,-400000.0625,-400000.0625,-400000.0625,-400000.0625,-400000.0625
99.25465369224548,-400000.0625,-400000.0625,-400000.0625,-400000.0625,-400000.0625,-400000.0625,-400000.0625,-400000.0625
99.26105737686157,-400000.0625,-400000.0625,-400000.0625,-400000.0625,-400000.0625,-400000.0625,-400000.0625,-400000.0625
99.2668080329895,-400000.0625,-400000.0625,-400000.0625,-400000.0625,-400000.0625,-400000.0625,-400000.0625,-400000.0625
99.27565622329712,-400000.0625,-400000.0625,-400000.0625,-400000.0625,-400000.0625,-400000.0625,-400000.0625,-400000.0625
99.28719687461853,-400000.0625,-400000.0625,-400000.0625,-400000.0625,-400000.0625,-400000.0625,-400000.0625,-400000.0625
99.29465985298157,-400000.0625,-400000.0625,-400000.0625,-400000.0625,-400000.0625,-400000.0625,-400000.0625,-400000.0625
99.29914975166321,-400000.0625,-400000.0625,-400000.0625,-400000.0625,-400000.0625,-400000.0625,-400000.0625,-400000.0625
99.29915809631348,-400000.0625,-400000.0625,-400000.0625,-400000.0625,-400000.0625,-400000.0625,-400000.0625,-400000.0625
99.29916381835938,-400000.0625,-400000.0625,-400000.0625,-400000.0625,-400000.0625,-400000.0625,-400000.0625,-400000.0625
99.2991681098938,-400000.0625,-400000.0625,-400000.0625,-400000.0625,-400000.0625,-400000.0625,-400000.0625,-400000.0625
99.29917216300964,-400000.0625,-400000.0625,-400000.0625,-400000.0625,-400000.0625,-400000.0625,-400000.0625,-400000.0625
99.29917597770691,-400000.0625,-400000.0625,-400000.0625,-400000.0625,-400000.0625,-400000.0625,-400000.0625,-400000.0625
99.2991795539856,-400000.0625,-400000.0625,-400000.0625,-400000.0625,-400000.0625,-400000.0625,-400000.0625,-400000.0625
99.31244087219238,-400000.0625,-400000.0625,-400000.0625,-400000.0625,-400000.0625,-400000.0625,-400000.0625,-400000.0625
99.31812524795532,-400000.0625,-400000.0625,-400000.0625,-400000.0625,-400000.0625,-400000.0625,-400000.0625,-400000.0625
99.32507801055908,-400000.0625,-400000.0625,-400000.0625,-400000.0625,-400000.0625,-400000.0625,-400000.0625,-400000.0625
99.32975625991821,-400000.0625,-400000.0625,-400000.0625,-400000.0625,-400000.0625,-400000.0625,-400000.0625,-400000.0625
99.32976531982422,-400000.0625,-400000.0625,-400000.0625,-400000.0625,-400000.0625,-400000.0625,-400000.0625,-400000.0625
99.32976961135864,-400000.0625,-400000.0625,-400000.0625,-400000.0625,-400000.0625,-400000.0625,-400000.0625,-400000.0625
99.32977485656738,-400000.0625,-400000.0625,-400000.0625,-400000.0625,-400000.0625,-400000.0625,-400000.0625,-400000.0625
99.32977843284607,-400000.0625,-400000.0625,-400000.0625,-400000.0625,-400000.0625,-400000.0625,-400000.0625,-400000.0625
99.32978224754333,-400000.0625,-400000.0625,-400000.0625,-400000.0625,-400000.0625,-400000.0625,-400000.0625,-400000.0625
99.3297860622406,-400000.0625,-400000.0625,-400000.0625,-400000.0625,-400000.0625,-400000.0625,-400000.0625,-400000.0625
99.32978940010071,-400000.0625,-400000.0625,-400000.0625,-400000.0625,-400000.0625,-400000.0625,-400000.0625,-400000.0625
99.3297929763794,-400000.0625,-400000.0625,-400000.0625,-400000.0625,-400000.0625,-400000.0625,-400000.0625,-400000.0625
99.32979655265808,-400000.0625,-400000.0625,-400000.0625,-400000.0625,-400000.0625,-400000.0625,-400000.0625,-400000.0625
99.32980012893677,-400000.0625,-400000.0625,-400000.0625,-400000.0625,-400000.0625,-400000.0625,-400000.0625,-400000.0625
99.32980346679688,-400000.0625,-400000.0625,-400000.0625,-400000.0625,-400000.0625,-400000.0625,-400000.0625,-400000.0625
99.32980728149414,-400000.0625,-400000.0625,-400000.0625,-400000.0625,-400000.0625,-400000.0625,-400000.0625,-400000.0625
99.32981204986572,-400000.0625,-400000.0625,-400000.0625,-400000.0625,-400000.0625,-400000.0625,-400000.0625,-400000.0625
99.32981562614441,-400000.0625,-400000.0625,-400000.0625,-400000.0625,-400000.0625,-400000.0625,-400000.0625,-400000.0625
99.32981967926025,-400000.0625,-400000.0625,-400000.0625,-400000.0625,-400000.0625,-400000.0625,-400000.0625,-400000.0625
99.32982349395752,-400000.0625,-400000.0625,-400000.0625,-400000.0625,-400000.0625,-400000.0625,-400000.0625,-400000.0625
99.3298270702362,-400000.0625,-400000.0625,-400000.0625,-400000.0625,-400000.0625,-400000.0625,-400000.0625,-400000.0625
99.32983064651489,-400000.0625,-400000.0625,-400000.0625,-400000.0625,-400000.0625,-400000.0625,-400000.0625,-400000.0625
99.32983422279358,-400000.0625,-400000.0625,-400000.0625,-400000.0625,-400000.0625,-400000.0625,-400000.0625,-400000.0625
99.32983756065369,-400000.0625,-400000.0625,-400000.0625,-400000.0625,-400000.0625,-400000.0625,-400000.0625,-400000.0625
99.32984113693237,-400000.0625,-400000.0625,-400000.0625,-400000.0625,-400000.0625,-400000.0625,-400000.0625,-400000.0625
99.3298442363739,-400000.0625,-400000.0625,-400000.0625,-400000.0625,-400000.0625,-400000.0625,-400000.0625,-400000.0625
99.32984805107117,-400000.0625,-400000.0625,-400000.0625,-400000.0625,-400000.0625,-400000.0625,-400000.0625,-400000.0625
99.32985162734985,-400000.0625,-400000.0625,-400000.0625,-400000.0625,-400000.0625,-400000.0625,-400000.0625,-400000.0625
99.32985496520996,-400000.0625,-400000.0625,-400000.0625,-400000.0625,-400000.0625,-400000.0625,-400000.0625,-400000.0625
99.32985854148865,-400000.0625,-400000.0625,-400000.0625,-400000.0625,-400000.0625,-400000.0625,-400000.0625,-400000.0625
99.32986211776733,-400000.0625,-400000.0625,-400000.0625,-400000.0625,-400000.0625,-400000.0625,-400000.0625,-400000.0625
99.3298659324646,-400000.0625,-400000.0625,-400000.0625,-400000.0625,-400000.0625,-400000.0625,-400000.0625,-400000.0625
99.38876533508301,-400000.0625,-400000.0625,-400000.0625,-400000.0625,-400000.0625,-400000.0625,-400000.0625,-400000.0625
99.39935421943665,-400000.0625,-400000.0625,-400000.0625,-400000.0625,-400000.0625,-400000.0625,-400000.0625,-400000.0625
99.40464544296265,-400000.0625,-400000.0625,-400000.0625,-400000.0625,-400000.0625,-400000.0625,-400000.0625,-400000.0625
99.41091632843018,-400000.0625,-400000.0625,-400000.0625,-400000.0625,-400000.0625,-400000.0625,-400000.0625,-400000.0625
99.4154212474823,-400000.0625,-400000.0625,-400000.0625,-400000.0625,-400000.0625,-400000.0625,-400000.0625,-400000.0625
99.41542983055115,-400000.0625,-400000.0625,-400000.0625,-400000.0625,-400000.0625,-400000.0625,-400000.0625,-400000.0625
99.41543436050415,-400000.0625,-400000.0625,-400000.0625,-400000.0625,-400000.0625,-400000.0625,-400000.0625,-400000.0625
99.41543841362,-400000.0625,-400000.0625,-400000.0625,-400000.0625,-400000.0625,-400000.0625,-400000.0625,-400000.0625
99.41544198989868,-400000.0625,-400000.0625,-400000.0625,-400000.0625,-400000.0625,-400000.0625,-400000.0625,-400000.0625
99.41544556617737,-400000.0625,-400000.0625,-400000.0625,-400000.0625,-400000.0625,-400000.0625,-400000.0625,-400000.0625
99.41544914245605,-400000.0625,-400000.0625,-400000.0625,-400000.0625,-400000.0625,-400000.0625,-400000.0625,-400000.0625
99.41545271873474,-400000.0625,-400000.0625,-400000.0625,-400000.0625,-400000.0625,-400000.0625,-400000.0625,-400000.0625
99.41545629501343,-400000.0625,-400000.0625,-400000.0625,-400000.0625,-400000.0625,-400000.0625,-400000.0625,-400000.0625
99.41545987129211,-400000.0625,-400000.0625,-400000.0625,-400000.0625,-400000.0625,-400000.0625,-400000.0625,-400000.0625
99.4154634475708,-400000.0625,-400000.0625,-400000.0625,-400000.0625,-400000.0625,-400000.0625,-400000.0625,-400000.0625
99.41546702384949,-400000.0625,-400000.0625,-400000.0625,-400000.0625,-400000.0625,-400000.0625,-400000.0625,-400000.0625
99.4636709690094,-400000.0625,-400000.0625,-400000.0625,-400000.0625,-400000.0625,-400000.0625,-400000.0625,-400000.0625
99.46949768066406,-400000.0625,-400000.0625,-400000.0625,-400000.0625,-400000.0625,-400000.0625,-400000.0625,-400000.0625
99.47604060173035,-400000.0625,-400000.0625,-400000.0625,-400000.0625,-400000.0625,-400000.0625,-400000.0625,-400000.0625
99.48154592514038,-400000.0625,-400000.0625,-400000.0625,-400000.0625,-400000.0625,-400000.0625,-400000.0625,-400000.0625
99.48723649978638,-400000.0625,-400000.0625,-400000.0625,-400000.0625,-400000.0625,-400000.0625,-400000.0625,-400000.0625
99.4935929775238,-400000.0625,-400000.0625,-400000.0625,-400000.0625,-400000.0625,-400000.0625,-400000.0625,-400000.0625
99.50274848937988,-400000.0625,-400000.0625,-400000.0625,-400000.0625,-400000.0625,-400000.0625,-400000.0625,-400000.0625
99.50961685180664,-400000.0625,-400000.0625,-400000.0625,-400000.0625,-400000.0625,-400000.0625,-400000.0625,-400000.0625
99.61365604400635,-400000.0625,-400000.0625,-400000.0625,-400000.0625,-400000.0625,-400000.0625,-400000.0625,-400000.0625
99.71488690376282,-400000.0625,-400000.0625,-400000.0625,-400000.0625,-400000.0625,-400000.0625,-400000.0625,-400000.0625
99.77270984649658,-400000.0625,-400000.0625,-400000.0625,-400000.0625,-400000.0625,-400000.0625,-400000.0625,-400000.0625
100.00594663619995,-400000.0625,-400000.0625,-400000.0625,-400000.0625,-400000.0625,-400000.0625,-400000.0625,-400000.0625
100.08911323547363,-400000.0625,-400000.0625,-400000.0625,-400000.0625,-400000.0625,-400000.0625,-400000.0625,-400000.0625
100.16615724563599,-400000.0625,-400000.0625,-400000.0625,-400000.0625,-400000.0625,-400000.0625,-400000.0625,-400000.0625
100.41632080078125,-400000.0625,-400000.0625,-400000.0625,-400000.0625,-400000.0625,-400000.0625,-400000.0625,-400000.0625
100.47267127037048,-400000.0625,-400000.0625,-400000.0625,-400000.0625,-400000.0625,-400000.0625,-400000.0625,-400000.0625
100.5563907623291,-400000.0625,-400000.0625,-400000.0625,-400000.0625,-400000.0625,-400000.0625,-400000.0625,-400000.0625
100.70756244659424,-400000.0625,-400000.0625,-400000.0625,-400000.0625,-400000.0625,-400000.0625,-400000.0625,-400000.0625
100.79462099075317,-400000.0625,-400000.0625,-400000.0625,-400000.0625,-400000.0625,-400000.0625,-400000.0625,-400000.0625
100.86866068840027,-400000.0625,-400000.0625,-400000.0625,-400000.0625,-400000.0625,-400000.0625,-400000.0625,-400000.0625
101.08763861656189,-400000.0625,-400000.0625,-400000.0625,-400000.0625,-400000.0625,-400000.0625,-400000.0625,-400000.0625
101.19601964950562,-400000.0625,-400000.0625,-400000.0625,-400000.0625,-400000.0625,-400000.0625,-400000.0625,-400000.0625
101.36753058433533,-400000.0625,-400000.0625,-400000.0625,-400000.0625,-400000.0625,-400000.0625,-400000.0625,-400000.0625
101.44619250297546,-400000.0625,-400000.0625,-400000.0625,-400000.0625,-400000.0625,-400000.0625,-400000.0625,-400000.0625
101.50919485092163,-400000.0625,-400000.0625,-400000.0625,-400000.0625,-400000.0625,-400000.0625,-400000.0625,-400000.0625
101.51984810829163,-400000.0625,-400000.0625,-400000.0625,-400000.0625,-400000.0625,-400000.0625,-400000.0625,-400000.0625
101.52494263648987,-400000.0625,-400000.0625,-400000.0625,-400000.0625,-400000.0625,-400000.0625,-400000.0625,-400000.0625
101.53017902374268,-400000.0625,-400000.0625,-400000.0625,-400000.0625,-400000.0625,-400000.0625,-400000.0625,-400000.0625
101.53503251075745,-400000.0625,-400000.0625,-400000.0625,-400000.0625,-400000.0625,-400000.0625,-400000.0625,-400000.0625
101.53504180908203,-400000.0625,-400000.0625,-400000.0625,-400000.0625,-400000.0625,-400000.0625,-400000.0625,-400000.0625
101.53504657745361,-400000.0625,-400000.0625,-400000.0625,-400000.0625,-400000.0625,-400000.0625,-400000.0625,-400000.0625
101.53505086898804,-400000.0625,-400000.0625,-400000.0625,-400000.0625,-400000.0625,-400000.0625,-400000.0625,-400000.0625
101.53505492210388,-400000.0625,-400000.0625,-400000.0625,-400000.0625,-400000.0625,-400000.0625,-400000.0625,-400000.0625
101.53505873680115,-400000.0625,-400000.0625,-400000.0625,-400000.0625,-400000.0625,-400000.0625,-400000.0625,-400000.0625
101.53506255149841,-400000.0625,-400000.0625,-400000.0625,-400000.0625,-400000.0625,-400000.0625,-400000.0625,-400000.0625
101.53506636619568,-400000.0625,-400000.0625,-400000.0625,-400000.0625,-400000.0625,-400000.0625,-400000.0625,-400000.0625
101.53507018089294,-400000.0625,-400000.0625,-400000.0625,-400000.0625,-400000.0625,-400000.0625,-400000.0625,-400000.0625
101.53507399559021,-400000.0625,-400000.0625,-400000.0625,-400000.0625,-400000.0625,-400000.0625,-400000.0625,-400000.0625
101.53507781028748,-400000.0625,-400000.0625,-400000.0625,-400000.0625,-400000.0625,-400000.0625,-400000.0625,-400000.0625
101.53508162498474,-400000.0625,-400000.0625,-400000.0625,-400000.0625,-400000.0625,-400000.0625,-400000.0625,-400000.0625
101.57271242141724,-400000.0625,-400000.0625,-400000.0625,-400000.0625,-400000.0625,-400000.0625,-400000.0625,-400000.0625
101.57914471626282,-400000.0625,-400000.0625,-400000.0625,-400000.0625,-400000.0625,-400000.0625,-400000.0625,-400000.0625
101.58387923240662,-400000.0625,-400000.0625,-400000.0625,-400000.0625,-400000.0625,-400000.0625,-400000.0625,-400000.0625
101.58388805389404,-400000.0625,-400000.0625,-400000.0625,-400000.0625,-400000.0625,-400000.0625,-400000.0625,-400000.0625
101.58389282226562,-400000.0625,-400000.0625,-400000.0625,-400000.0625,-400000.0625,-400000.0625,-400000.0625,-400000.0625
101.58389663696289,-400000.0625,-400000.0625,-400000.0625,-400000.0625,-400000.0625,-400000.0625,-400000.0625,-400000.0625
101.58390021324158,-400000.0625,-400000.0625,-400000.0625,-400000.0625,-400000.0625,-400000.0625,-400000.0625,-400000.0625
101.58390426635742,-400000.0625,-400000.0625,-400000.0625,-400000.0625,-400000.0625,-400000.0625,-400000.0625,-400000.0625
101.58390784263611,-400000.0625,-400000.0625,-400000.0625,-400000.0625,-400000.0625,-400000.0625,-400000.0625,-400000.0625
101.58391165733337,-400000.0625,-400000.0625,-400000.0625,-400000.0625,-400000.0625,-400000.0625,-400000.0625,-400000.0625
101.58391523361206,-400000.0625,-400000.0625,-400000.0625,-400000.0625,-400000.0625,-400000.0625,-400000.0625,-400000.0625
101.58391880989075,-400000.0625,-400000.0625,-400000.0625,-400000.0625,-400000.0625,-400000.0625,-400000.0625,-400000.0625
101.58392238616943,-400000.0625,-400000.0625,-400000.0625,-400000.0625,-400000.0625,-400000.0625,-400000.0625,-400000.0625
101.58392572402954,-400000.0625,-400000.0625,-400000.0625,-400000.0625,-400000.0625,-400000.0625,-400000.0625,-400000.0625
101.5839295387268,-400000.0625,-400000.0625,-400000.0625,-400000.0625,-400000.0625,-400000.0625,-400000.0625,-400000.0625
101.5839331150055,-400000.0625,-400000.0625,-400000.0625,-400000.0625,-400000.0625,-400000.0625,-400000.0625,-400000.0625
101.6297960281372,-400000.0625,-400000.0625,-400000.0625,-400000.0625,-400000.0625,-400000.0625,-400000.0625,-400000.0625
101.63887524604797,-400000.0625,-400000.0625,-400000.0625,-400000.0625,-400000.0625,-400000.0625,-400000.0625,-400000.0625
101.64550876617432,-400000.0625,-400000.0625,-400000.0625,-400000.0625,-400000.0625,-400000.0625,-400000.0625,-400000.0625
101.64990282058716,-400000.0625,-400000.0625,-400000.0625,-400000.0625,-400000.0625,-400000.0625,-400000.0625,-400000.0625
101.64990973472595,-400000.0625,-400000.0625,-400000.0625,-400000.0625,-400000.0625,-400000.0625,-400000.0625,-400000.0625
101.64991426467896,-400000.0625,-400000.0625,-400000.0625,-400000.0625,-400000.0625,-400000.0625,-400000.0625,-400000.0625
101.64991879463196,-400000.0625,-400000.0625,-400000.0625,-400000.0625,-400000.0625,-400000.0625,-400000.0625,-400000.0625
101.64992260932922,-400000.0625,-400000.0625,-400000.0625,-400000.0625,-400000.0625,-400000.0625,-400000.0625,-400000.0625
101.64992642402649,-400000.0625,-400000.0625,-400000.0625,-400000.0625,-400000.0625,-400000.0625,-400000.0625,-400000.0625
101.64993023872375,-400000.0625,-400000.0625,-400000.0625,-400000.0625,-400000.0625,-400000.0625,-400000.0625,-400000.0625
101.64993405342102,-400000.0625,-400000.0625,-400000.0625,-400000.0625,-400000.0625,-400000.0625,-400000.0625,-400000.0625
101.6499376296997,-400000.0625,-400000.0625,-400000.0625,-400000.0625,-400000.0625,-400000.0625,-400000.0625,-400000.0625
101.64994144439697,-400000.0625,-400000.0625,-400000.0625,-400000.0625,-400000.0625,-400000.0625,-400000.0625,-400000.0625
101.64994525909424,-400000.0625,-400000.0625,-400000.0625,-400000.0625,-400000.0625,-400000.0625,-400000.0625,-400000.0625
101.64994883537292,-400000.0625,-400000.0625,-400000.0625,-400000.0625,-400000.0625,-400000.0625,-400000.0625,-400000.0625
101.64995288848877,-400000.0625,-400000.0625,-400000.0625,-400000.0625,-400000.0625,-400000.0625,-400000.0625,-400000.0625
101.68958163261414,-400000.0625,-400000.0625,-400000.0625,-400000.0625,-400000.0625,-400000.0625,-400000.0625,-400000.0625
101.69536423683167,-400000.0625,-400000.0625,-400000.0625,-400000.0625,-400000.0625,-400000.0625,-400000.0625,-400000.0625
101.70008611679077,-400000.0625,-400000.0625,-400000.0625,-400000.0625,-400000.0625,-400000.0625,-400000.0625,-400000.0625
101.70009422302246,-400000.0625,-400000.0625,-400000.0625,-400000.0625,-400000.0625,-400000.0625,-400000.0625,-400000.0625
101.70009851455688,-400000.0625,-400000.0625,-400000.0625,-400000.0625,-400000.0625,-400000.0625,-400000.0625,-400000.0625
101.70010209083557,-400000.0625,-400000.0625,-400000.0625,-400000.0625,-400000.0625,-400000.0625,-400000.0625,-400000.0625
101.70010590553284,-400000.0625,-400000.0625,-400000.0625,-400000.0625,-400000.0625,-400000.0625,-400000.0625,-400000.0625
101.70010948181152,-400000.0625,-400000.0625,-400000.0625,-400000.0625,-400000.0625,-400000.0625,-400000.0625,-400000.0625
101.70011305809021,-400000.0625,-400000.0625,-400000.0625,-400000.0625,-400000.0625,-400000.0625,-400000.0625,-400000.0625
101.7001166343689,-400000.0625,-400000.0625,-400000.0625,-400000.0625,-400000.0625,-400000.0625,-400000.0625,-400000.0625
101.700119972229,-400000.0625,-400000.0625,-400000.0625,-400000.0625,-400000.0625,-400000.0625,-400000.0625,-400000.0625
101.70012354850769,-400000.0625,-400000.0625,-400000.0625,-400000.0625,-400000.0625,-400000.0625,-400000.0625,-400000.0625
101.70012712478638,-400000.0625,-400000.0625,-400000.0625,-400000.0625,-400000.0625,-400000.0625,-400000.0625,-400000.0625
101.70013070106506,-400000.0625,-400000.0625,-400000.0625,-400000.0625,-400000.0625,-400000.0625,-400000.0625,-400000.0625
101.70013499259949,-400000.0625,-400000.0625,-400000.0625,-400000.0625,-400000.0625,-400000.0625,-400000.0625,-400000.0625
101.7001383304596,-400000.0625,-400000.0625,-400000.0625,-400000.0625,-400000.0625,-400000.0625,-400000.0625,-400000.0625
101.79514741897583,-400000.0625,-400000.0625,-400000.0625,-400000.0625,-400000.0625,-400000.0625,-400000.0625,-400000.0625
101.80464696884155,-400000.0625,-400000.0625,-400000.0625,-400000.0625,-400000.0625,-400000.0625,-400000.0625,-400000.0625
101.81056928634644,-400000.0625,-400000.0625,-400000.0625,-400000.0625,-400000.0625,-400000.0625,-400000.0625,-400000.0625
101.81548357009888,-400000.0625,-400000.0625,-400000.0625,-400000.0625,-400000.0625,-400000.0625,-400000.0625,-400000.0625
101.81549286842346,-400000.0625,-400000.0625,-400000.0625,-400000.0625,-400000.0625,-400000.0625,-400000.0625,-400000.0625
101.81549715995789,-400000.0625,-400000.0625,-400000.0625,-400000.0625,-400000.0625,-400000.0625,-400000.0625,-400000.0625
101.81550145149231,-400000.0625,-400000.0625,-400000.0625,-400000.0625,-400000.0625,-400000.0625,-400000.0625,-400000.0625
101.81550550460815,-400000.0625,-400000.0625,-400000.0625,-400000.0625,-400000.0625,-400000.0625,-400000.0625,-400000.0625
101.81550908088684,-400000.0625,-400000.0625,-400000.0625,-400000.0625,-400000.0625,-400000.0625,-400000.0625,-400000.0625
101.81551265716553,-400000.0625,-400000.0625,-400000.0625,-400000.0625,-400000.0625,-400000.0625,-400000.0625,-400000.0625
101.8155164718628,-400000.0625,-400000.0625,-400000.0625,-400000.0625,-400000.0625,-400000.0625,-400000.0625,-400000.0625
101.81552028656006,-400000.0625,-400000.0625,-400000.0625,-400000.0625,-400000.0625,-400000.0625,-400000.0625,-400000.0625
101.81552481651306,-400000.0625,-400000.0625,-400000.0625,-400000.0625,-400000.0625,-400000.0625,-400000.0625,-400000.0625
101.81552863121033,-400000.0625,-400000.0625,-400000.0625,-400000.0625,-400000.0625,-400000.0625,-400000.0625,-400000.0625
101.81553220748901,-400000.0625,-400000.0625,-400000.0625,-400000.0625,-400000.0625,-400000.0625,-400000.0625,-400000.0625
101.81553602218628,-400000.0625,-400000.0625,-400000.0625,-400000.0625,-400000.0625,-400000.0625,-400000.0625,-400000.0625
101.86236596107483,-400000.0625,-400000.0625,-400000.0625,-400000.0625,-400000.0625,-400000.0625,-400000.0625,-400000.0625
101.86748719215393,-400000.0625,-400000.0625,-400000.0625,-400000.0625,-400000.0625,-400000.0625,-400000.0625,-400000.0625
101.87363791465759,-400000.0625,-400000.0625,-400000.0625,-400000.0625,-400000.0625,-400000.0625,-400000.0625,-400000.0625
101.8795256614685,-400000.0625,-400000.0625,-400000.0625,-400000.0625,-400000.0625,-400000.0625,-400000.0625,-400000.0625
101.88465714454651,-400000.0625,-400000.0625,-400000.0625,-400000.0625,-400000.0625,-400000.0625,-400000.0625,-400000.0625
101.8907675743103,-400000.0625,-400000.0625,-400000.0625,-400000.0625,-400000.0625,-400000.0625,-400000.0625,-400000.0625
101.89851903915405,-400000.0625,-400000.0625,-400000.0625,-400000.0625,-400000.0625,-400000.0625,-400000.0625,-400000.0625
101.91148734092712,-400000.0625,-400000.0625,-400000.0625,-400000.0625,-400000.0625,-400000.0625,-400000.0625,-400000.0625
101.9171302318573,-400000.0625,-400000.0625,-400000.0625,-400000.0625,-400000.0625,-400000.0625,-400000.0625,-400000.0625
101.92206978797913,-400000.0625,-400000.0625,-400000.0625,-400000.0625,-400000.0625,-400000.0625,-400000.0625,-400000.0625
101.92208290100098,-400000.0625,-400000.0625,-400000.0625,-400000.0625,-400000.0625,-400000.0625,-400000.0625,-400000.0625
101.92208909988403,-400000.0625,-400000.0625,-400000.0625,-400000.0625,-400000.0625,-400000.0625,-400000.0625,-400000.0625
101.92209553718567,-400000.0625,-400000.0625,-400000.0625,-400000.0625,-400000.0625,-400000.0625,-400000.0625,-400000.0625
101.92210149765015,-400000.0625,-400000.0625,-400000.0625,-400000.0625,-400000.0625,-400000.0625,-400000.0625,-400000.0625
101.92219996452332,-400000.0625,-400000.0625,-400000.0625,-400000.0625,-400000.0625,-400000.0625,-400000.0625,-400000.0625
101.92900657653809,-400000.0625,-400000.0625,-400000.0625,-400000.0625,-400000.0625,-400000.0625,-400000.0625,-400000.0625
101.93602204322815,-400000.0625,-400000.0625,-400000.0625,-400000.0625,-400000.0625,-400000.0625,-400000.0625,-400000.0625
101.9429624080658,-400000.0625,-400000.0625,-400000.0625,-400000.0625,-400000.0625,-400000.0625,-400000.0625,-400000.0625
101.9476945400238,-400000.0625,-400000.0625,-400000.0625,-400000.0625,-400000.0625,-400000.0625,-400000.0625,-400000.0625
101.94770336151123,-400000.0625,-400000.0625,-400000.0625,-400000.0625,-400000.0625,-400000.0625,-400000.0625,-400000.0625
101.94770789146423,-400000.0625,-400000.0625,-400000.0625,-400000.0625,-400000.0625,-400000.0625,-400000.0625,-400000.0625
101.94771146774292,-400000.0625,-400000.0625,-400000.0625,-400000.0625,-400000.0625,-400000.0625,-400000.0625,-400000.0625
101.94771528244019,-400000.0625,-400000.0625,-400000.0625,-400000.0625,-400000.0625,-400000.0625,-400000.0625,-400000.0625
101.94771909713745,-400000.0625,-400000.0625,-400000.0625,-400000.0625,-400000.0625,-400000.0625,-400000.0625,-400000.0625
101.94772291183472,-400000.0625,-400000.0625,-400000.0625,-400000.0625,-400000.0625,-400000.0625,-400000.0625,-400000.0625
101.94772696495056,-400000.0625,-400000.0625,-400000.0625,-400000.0625,-400000.0625,-400000.0625,-400000.0625,-400000.0625
101.94773054122925,-400000.0625,-400000.0625,-400000.0625,-400000.0625,-400000.0625,-400000.0625,-400000.0625,-400000.0625
101.94773459434509,-400000.0625,-400000.0625,-400000.0625,-400000.0625,-400000.0625,-400000.0625,-400000.0625,-400000.0625
101.94773840904236,-400000.0625,-400000.0625,-400000.0625,-400000.0625,-400000.0625,-400000.0625,-400000.0625,-400000.0625
101.94774222373962,-400000.0625,-400000.0625,-400000.0625,-400000.0625,-400000.0625,-400000.0625,-400000.0625,-400000.0625
101.94774627685547,-400000.0625,-400000.0625,-400000.0625,-400000.0625,-400000.0625,-400000.0625,-400000.0625,-400000.0625
101.94775009155273,-400000.0625,-400000.0625,-400000.0625,-400000.0625,-400000.0625,-400000.0625,-400000.0625,-400000.0625
101.94775390625,-400000.0625,-400000.0625,-400000.0625,-400000.0625,-400000.0625,-400000.0625,-400000.0625,-400000.0625
101.94775772094727,-400000.0625,-400000.0625,-400000.0625,-400000.0625,-400000.0625,-400000.0625,-400000.0625,-400000.0625
101.94776201248169,-400000.0625,-400000.0625,-400000.0625,-400000.0625,-400000.0625,-400000.0625,-400000.0625,-400000.0625
101.94776582717896,-400000.0625,-400000.0625,-400000.0625,-400000.0625,-400000.0625,-400000.0625,-400000.0625,-400000.0625
101.94776964187622,-400000.0625,-400000.0625,-400000.0625,-400000.0625,-400000.0625,-400000.0625,-400000.0625,-400000.0625
101.94777369499207,-400000.0625,-400000.0625,-400000.0625,-400000.0625,-400000.0625,-400000.0625,-400000.0625,-400000.0625
101.94777774810791,-400000.0625,-400000.0625,-400000.0625,-400000.0625,-400000.0625,-400000.0625,-400000.0625,-400000.0625
101.94778180122375,-400000.0625,-400000.0625,-400000.0625,-400000.0625,-400000.0625,-400000.0625,-400000.0625,-400000.0625
101.94778609275818,-400000.0625,-400000.0625,-400000.0625,-400000.0625,-400000.0625,-400000.0625,-400000.0625,-400000.0625
101.94778990745544,-400000.0625,-400000.0625,-400000.0625,-400000.0625,-400000.0625,-400000.0625,-400000.0625,-400000.0625
101.94779372215271,-400000.0625,-400000.0625,-400000.0625,-400000.0625,-400000.0625,-400000.0625,-400000.0625,-400000.0625
101.94779777526855,-400000.0625,-400000.0625,-400000.0625,-400000.0625,-400000.0625,-400000.0625,-400000.0625,-400000.0625
101.9478018283844,-400000.0625,-400000.0625,-400000.0625,-400000.0625,-400000.0625,-400000.0625,-400000.0625,-400000.0625
101.94780588150024,-400000.0625,-400000.0625,-400000.0625,-400000.0625,-400000.0625,-400000.0625,-400000.0625,-400000.0625
101.9478108882904,-400000.0625,-400000.0625,-400000.0625,-400000.0625,-400000.0625,-400000.0625,-400000.0625,-400000.0625
101.94781446456909,-400000.0625,-400000.0625,-400000.0625,-400000.0625,-400000.0625,-400000.0625,-400000.0625,-400000.0625
102.1782579421997,-400000.0625,-400000.0625,-400000.0625,-400000.0625,-400000.0625,-400000.0625,-400000.0625,-400000.0625
102.19812941551208,-400000.0625,-400000.0625,-400000.0625,-400000.0625,-400000.0625,-400000.0625,-400000.0625,-400000.0625
102.26873850822449,-400000.0625,-400000.0625,-400000.0625,-400000.0625,-400000.0625,-400000.0625,-400000.0625,-400000.0625
102.39132928848267,-400000.0625,-400000.0625,-400000.0625,-400000.0625,-400000.0625,-400000.0625,-400000.0625,-400000.0625
102.49856162071228,-400000.0625,-400000.0625,-400000.0625,-400000.0625,-400000.0625,-400000.0625,-400000.0625,-400000.0625
102.5896532535553,-400000.0625,-400000.0625,-400000.0625,-400000.0625,-400000.0625,-400000.0625,-400000.0625,-400000.0625
102.6470239162445,-400000.0625,-400000.0625,-400000.0625,-400000.0625,-400000.0625,-400000.0625,-400000.0625,-400000.0625
102.71744060516357,-400000.0625,-400000.0625,-400000.0625,-400000.0625,-400000.0625,-400000.0625,-400000.0625,-400000.0625
102.83738493919373,-400000.0625,-400000.0625,-400000.0625,-400000.0625,-400000.0625,-400000.0625,-400000.0625,-400000.0625
103.03197693824768,-400000.0625,-400000.0625,-400000.0625,-400000.0625,-400000.0625,-400000.0625,-400000.0625,-400000.0625
103.28742456436157,-400000.0625,-400000.0625,-400000.0625,-400000.0625,-400000.0625,-400000.0625,-400000.0625,-400000.0625
103.36355113983154,-400000.0625,-400000.0625,-400000.0625,-400000.0625,-400000.0625,-400000.0625,-400000.0625,-400000.0625
103.47875046730042,-400000.0625,-400000.0625,-400000.0625,-400000.0625,-400000.0625,-400000.0625,-400000.0625,-400000.0625
103.67504382133484,-400000.0625,-400000.0625,-400000.0625,-400000.0625,-400000.0625,-400000.0625,-400000.0625,-400000.0625
103.79743480682373,-400000.0625,-400000.0625,-400000.0625,-400000.0625,-400000.0625,-400000.0625,-400000.0625,-400000.0625
103.92868041992188,-400000.0625,-400000.0625,-400000.0625,-400000.0625,-400000.0625,-400000.0625,-400000.0625,-400000.0625
104.02144312858582,-400000.0625,-400000.0625,-400000.0625,-400000.0625,-400000.0625,-400000.0625,-400000.0625,-400000.0625
104.0301992893219,-400000.0625,-400000.0625,-400000.0625,-400000.0625,-400000.0625,-400000.0625,-400000.0625,-400000.0625
104.03998398780823,-400000.0625,-400000.0625,-400000.0625,-400000.0625,-400000.0625,-400000.0625,-400000.0625,-400000.0625
104.04699850082397,-400000.0625,-400000.0625,-400000.0625,-400000.0625,-400000.0625,-400000.0625,-400000.0625,-400000.0625
104.0521969795227,-400000.0625,-400000.0625,-400000.0625,-400000.0625,-400000.0625,-400000.0625,-400000.0625,-400000.0625
104.05854511260986,-400000.0625,-400000.0625,-400000.0625,-400000.0625,-400000.0625,-400000.0625,-400000.0625,-400000.0625
104.06454610824585,-400000.0625,-400000.0625,-400000.0625,-400000.0625,-400000.0625,-400000.0625,-400000.0625,-400000.0625
104.07283973693848,-400000.0625,-400000.0625,-400000.0625,-400000.0625,-400000.0625,-400000.0625,-400000.0625,-400000.0625
104.07895231246948,-400000.0625,-400000.0625,-400000.0625,-400000.0625,-400000.0625,-400000.0625,-400000.0625,-400000.0625
104.08399391174316,-400000.0625,-400000.0625,-400000.0625,-400000.0625,-400000.0625,-400000.0625,-400000.0625,-400000.0625
104.08910179138184,-400000.0625,-400000.0625,-400000.0625,-400000.0625,-400000.0625,-400000.0625,-400000.0625,-400000.0625
104.09619736671448,-400000.0625,-400000.0625,-400000.0625,-400000.0625,-400000.0625,-400000.0625,-400000.0625,-400000.0625
104.1014974117279,-400000.0625,-400000.0625,-400000.0625,-400000.0625,-400000.0625,-400000.0625,-400000.0625,-400000.0625
104.10684132575989,-400000.0625,-400000.0625,-400000.0625,-400000.0625,-400000.0625,-400000.0625,-400000.0625,-400000.0625
104.11410999298096,-400000.0625,-400000.0625,-400000.0625,-400000.0625,-400000.0625,-400000.0625,-400000.0625,-400000.0625
104.11919260025024,-400000.0625,-400000.0625,-400000.0625,-400000.0625,-400000.0625,-400000.0625,-400000.0625,-400000.0625
104.12590003013611,-400000.0625,-400000.0625,-400000.0625,-400000.0625,-400000.0625,-400000.0625,-400000.0625,-400000.0625
104.13311982154846,-400000.0625,-400000.0625,-400000.0625,-400000.0625,-400000.0625,-400000.0625,-400000.0625,-400000.0625
104.14339089393616,-400000.0625,-400000.0625,-400000.0625,-400000.0625,-400000.0625,-400000.0625,-400000.0625,-400000.0625
104.14916968345642,-400000.0625,-400000.0625,-400000.0625,-400000.0625,-400000.0625,-400000.0625,-400000.0625,-400000.0625
104.15340781211853,-400000.0625,-400000.0625,-400000.0625,-400000.0625,-400000.0625,-400000.0625,-400000.0625,-400000.0625
104.15341591835022,-400000.0625,-400000.0625,-400000.0625,-400000.0625,-400000.0625,-400000.0625,-400000.0625,-400000.0625
104.15341997146606,-400000.0625,-400000.0625,-400000.0625,-400000.0625,-400000.0625,-400000.0625,-400000.0625,-400000.0625
104.15342402458191,-400000.0625,-400000.0625,-400000.0625,-400000.0625,-400000.0625,-400000.0625,-400000.0625,-400000.0625
104.1534276008606,-400000.0625,-400000.0625,-400000.0625,-400000.0625,-400000.0625,-400000.0625,-400000.0625,-400000.0625
104.15343141555786,-400000.0625,-400000.0625,-400000.0625,-400000.0625,-400000.0625,-400000.0625,-400000.0625,-400000.0625
104.15343499183655,-400000.0625,-400000.0625,-400000.0625,-400000.0625,-400000.0625,-400000.0625,-400000.0625,-400000.0625
104.15343856811523,-400000.0625,-400000.0625,-400000.0625,-400000.0625,-400000.0625,-400000.0625,-400000.0625,-400000.0625
104.15344214439392,-400000.0625,-400000.0625,-400000.0625,-400000.0625,-400000.0625,-400000.0625,-400000.0625,-400000.0625
104.15344572067261,-400000.0625,-400000.0625,-400000.0625,-400000.0625,-400000.0625,-400000.0625,-400000.0625,-400000.0625
104.1534492969513,-400000.0625,-400000.0625,-400000.0625,-400000.0625,-400000.0625,-400000.0625,-400000.0625,-400000.0625
104.15345311164856,-400000.0625,-400000.0625,-400000.0625,-400000.0625,-400000.0625,-400000.0625,-400000.0625,-400000.0625
104.15345644950867,-400000.0625,-400000.0625,-400000.0625,-400000.0625,-400000.0625,-400000.0625,-400000.0625,-400000.0625
104.15345978736877,-400000.0625,-400000.0625,-400000.0625,-400000.0625,-400000.0625,-400000.0625,-400000.0625,-400000.0625
104.15346336364746,-400000.0625,-400000.0625,-400000.0625,-400000.0625,-400000.0625,-400000.0625,-400000.0625,-400000.0625
104.15346670150757,-400000.0625,-400000.0625,-400000.0625,-400000.0625,-400000.0625,-400000.0625,-400000.0625,-400000.0625
104.15347027778625,-400000.0625,-400000.0625,-400000.0625,-400000.0625,-400000.0625,-400000.0625,-400000.0625,-400000.0625
104.15347361564636,-400000.0625,-400000.0625,-400000.0625,-400000.0625,-400000.0625,-400000.0625,-400000.0625,-400000.0625
104.15347719192505,-400000.0625,-400000.0625,-400000.0625,-400000.0625,-400000.0625,-400000.0625,-400000.0625,-400000.0625
104.15348076820374,-400000.0625,-400000.0625,-400000.0625,-400000.0625,-400000.0625,-400000.0625,-400000.0625,-400000.0625
104.15348410606384,-400000.0625,-400000.0625,-400000.0625,-400000.0625,-400000.0625,-400000.0625,-400000.0625,-400000.0625
104.15348768234253,-400000.0625,-400000.0625,-400000.0625,-400000.0625,-400000.0625,-400000.0625,-400000.0625,-400000.0625
104.15349125862122,-400000.0625,-400000.0625,-400000.0625,-400000.0625,-400000.0625,-400000.0625,-400000.0625,-400000.0625
104.1534948348999,-400000.0625,-400000.0625,-400000.0625,-400000.0625,-400000.0625,-400000.0625,-400000.0625,-400000.0625
104.15349817276001,-400000.0625,-400000.0625,-400000.0625,-400000.0625,-400000.0625,-400000.0625,-400000.0625,-400000.0625
104.15350198745728,-400000.0625,-400000.0625,-400000.0625,-400000.0625,-400000.0625,-400000.0625,-400000.0625,-400000.0625
104.15350604057312,-400000.0625,-400000.0625,-400000.0625,-400000.0625,-400000.0625,-400000.0625,-400000.0625,-400000.0625
104.15350937843323,-400000.0625,-400000.0625,-400000.0625,-400000.0625,-400000.0625,-400000.0625,-400000.0625,-400000.0625
104.18378186225891,-400000.0625,-400000.0625,-400000.0625,-400000.0625,-400000.0625,-400000.0625,-400000.0625,-400000.0625
104.18989491462708,-400000.0625,-400000.0625,-400000.0625,-400000.0625,-400000.0625,-400000.0625,-400000.0625,-400000.0625
104.19672298431396,-400000.0625,-400000.0625,-400000.0625,-400000.0625,-400000.0625,-400000.0625,-400000.0625,-400000.0625
104.20271635055542,-400000.0625,-400000.0625,-400000.0625,-400000.0625,-400000.0625,-400000.0625,-400000.0625,-400000.0625
104.20938968658447,-400000.0625,-400000.0625,-400000.0625,-400000.0625,-400000.0625,-400000.0625,-400000.0625,-400000.0625
104.21522665023804,-400000.0625,-400000.0625,-400000.0625,-400000.0625,-400000.0625,-400000.0625,-400000.0625,-400000.0625
104.21994352340698,-400000.0625,-400000.0625,-400000.0625,-400000.0625,-400000.0625,-400000.0625,-400000.0625,-400000.0625
104.21995139122009,-400000.0625,-400000.0625,-400000.0625,-400000.0625,-400000.0625,-400000.0625,-400000.0625,-400000.0625
104.21995615959167,-400000.0625,-400000.0625,-400000.0625,-400000.0625,-400000.0625,-400000.0625,-400000.0625,-400000.0625
104.21996021270752,-400000.0625,-400000.0625,-400000.0625,-400000.0625,-400000.0625,-400000.0625,-400000.0625,-400000.0625
104.21996474266052,-400000.0625,-400000.0625,-400000.0625,-400000.0625,-400000.0625,-400000.0625,-400000.0625,-400000.0625
104.21996903419495,-400000.0625,-400000.0625,-400000.0625,-400000.0625,-400000.0625,-400000.0625,-400000.0625,-400000.0625
104.21997284889221,-400000.0625,-400000.0625,-400000.0625,-400000.0625,-400000.0625,-400000.0625,-400000.0625,-400000.0625
104.21997666358948,-400000.0625,-400000.0625,-400000.0625,-400000.0625,-400000.0625,-400000.0625,-400000.0625,-400000.0625
104.21998047828674,-400000.0625,-400000.0625,-400000.0625,-400000.0625,-400000.0625,-400000.0625,-400000.0625,-400000.0625
104.21998453140259,-400000.0625,-400000.0625,-400000.0625,-400000.0625,-400000.0625,-400000.0625,-400000.0625,-400000.0625
104.25575709342957,-400000.0625,-400000.0625,-400000.0625,-400000.0625,-400000.0625,-400000.0625,-400000.0625,-400000.0625
104.26649308204651,-400000.0625,-400000.0625,-400000.0625,-400000.0625,-400000.0625,-400000.0625,-400000.0625,-400000.0625
104.2727472782135,-400000.0625,-400000.0625,-400000.0625,-400000.0625,-400000.0625,-400000.0625,-400000.0625,-400000.0625
104.27886939048767,-400000.0625,-400000.0625,-400000.0625,-400000.0625,-400000.0625,-400000.0625,-400000.0625,-400000.0625
104.2832190990448,-400000.0625,-400000.0625,-400000.0625,-400000.0625,-400000.0625,-400000.0625,-400000.0625,-400000.0625
104.28322744369507,-400000.0625,-400000.0625,-400000.0625,-400000.0625,-400000.0625,-400000.0625,-400000.0625,-400000.0625
104.28323149681091,-400000.0625,-400000.0625,-400000.0625,-400000.0625,-400000.0625,-400000.0625,-400000.0625,-400000.0625
104.28323531150818,-400000.0625,-400000.0625,-400000.0625,-400000.0625,-400000.0625,-400000.0625,-400000.0625,-400000.0625
104.28323936462402,-400000.0625,-400000.0625,-400000.0625,-400000.0625,-400000.0625,-400000.0625,-400000.0625,-400000.0625
104.28324294090271,-400000.0625,-400000.0625,-400000.0625,-400000.0625,-400000.0625,-400000.0625,-400000.0625,-400000.0625
104.2832465171814,-400000.0625,-400000.0625,-400000.0625,-400000.0625,-400000.0625,-400000.0625,-400000.0625,-400000.0625
104.28325009346008,-400000.0625,-400000.0625,-400000.0625,-400000.0625,-400000.0625,-400000.0625,-400000.0625,-400000.0625
104.28325390815735,-400000.0625,-400000.0625,-400000.0625,-400000.0625,-400000.0625,-400000.0625,-400000.0625,-400000.0625
104.28325748443604,-400000.0625,-400000.0625,-400000.0625,-400000.0625,-400000.0625,-400000.0625,-400000.0625,-400000.0625
104.2832612991333,-400000.0625,-400000.0625,-400000.0625,-400000.0625,-400000.0625,-400000.0625,-400000.0625,-400000.0625
104.28326487541199,-400000.0625,-400000.0625,-400000.0625,-400000.0625,-400000.0625,-400000.0625,-400000.0625,-400000.0625
104.32347989082336,-400000.0625,-400000.0625,-400000.0625,-400000.0625,-400000.0625,-400000.0625,-400000.0625,-400000.0625
104.3295304775238,-400000.0625,-400000.0625,-400000.0625,-400000.0625,-400000.0625,-400000.0625,-400000.0625,-400000.0625
104.33619046211243,-400000.0625,-400000.0625,-400000.0625,-400000.0625,-400000.0625,-400000.0625,-400000.0625,-400000.0625
104.34225583076477,-400000.0625,-400000.0625,-400000.0625,-400000.0625,-400000.0625,-400000.0625,-400000.0625,-400000.0625
104.34702253341675,-400000.0625,-400000.0625,-400000.0625,-400000.0625,-400000.0625,-400000.0625,-400000.0625,-400000.0625
104.34703326225281,-400000.0625,-400000.0625,-400000.0625,-400000.0625,-400000.0625,-400000.0625,-400000.0625,-400000.0625
104.34703755378723,-400000.0625,-400000.0625,-400000.0625,-400000.0625,-400000.0625,-400000.0625,-400000.0625,-400000.0625
104.34704160690308,-400000.0625,-400000.0625,-400000.0625,-400000.0625,-400000.0625,-400000.0625,-400000.0625,-400000.0625
104.34704542160034,-400000.0625,-400000.0625,-400000.0625,-400000.0625,-400000.0625,-400000.0625,-400000.0625,-400000.0625
104.34704899787903,-400000.0625,-400000.0625,-400000.0625,-400000.0625,-400000.0625,-400000.0625,-400000.0625,-400000.0625
104.34705257415771,-400000.0625,-400000.0625,-400000.0625,-400000.0625,-400000.0625,-400000.0625,-400000.0625,-400000.0625
104.3470561504364,-400000.0625,-400000.0625,-400000.0625,-400000.0625,-400000.0625,-400000.0625,-400000.0625,-400000.0625
104.34705972671509,-400000.0625,-400000.0625,-400000.0625,-400000.0625,-400000.0625,-400000.0625,-400000.0625,-400000.0625
104.34706544876099,-400000.0625,-400000.0625,-400000.0625,-400000.0625,-400000.0625,-400000.0625,-400000.0625,-400000.0625
104.34707045555115,-400000.0625,-400000.0625,-400000.0625,-400000.0625,-400000.0625,-400000.0625,-400000.0625,-400000.0625
104.34707617759705,-400000.0625,-400000.0625,-400000.0625,-400000.0625,-400000.0625,-400000.0625,-400000.0625,-400000.0625
104.43926405906677,-400000.0625,-400000.0625,-400000.0625,-400000.0625,-400000.0625,-400000.0625,-400000.0625,-400000.0625
104.45117235183716,-400000.0625,-400000.0625,-400000.0625,-400000.0625,-400000.0625,-400000.0625,-400000.0625,-400000.0625
104.45730113983154,-400000.0625,-400000.0625,-400000.0625,-400000.0625,-400000.0625,-400000.0625,-400000.0625,-400000.0625
104.46310615539551,-400000.0625,-400000.0625,-400000.0625,-400000.0625,-400000.0625,-400000.0625,-400000.0625,-400000.0625
104.46833777427673,-400000.0625,-400000.0625,-400000.0625,-400000.0625,-400000.0625,-400000.0625,-400000.0625,-400000.0625
104.47458839416504,-400000.0625,-400000.0625,-400000.0625,-400000.0625,-400000.0625,-400000.0625,-400000.0625,-400000.0625
104.48128461837769,-400000.0625,-400000.0625,-400000.0625,-400000.0625,-400000.0625,-400000.0625,-400000.0625,-400000.0625
104.48652124404907,-400000.0625,-400000.0625,-400000.0625,-400000.0625,-400000.0625,-400000.0625,-400000.0625,-400000.0625
104.49266409873962,-400000.0625,-400000.0625,-400000.0625,-400000.0625,-400000.0625,-400000.0625,-400000.0625,-400000.0625
104.4981210231781,-400000.0625,-400000.0625,-400000.0625,-400000.0625,-400000.0625,-400000.0625,-400000.0625,-400000.0625
104.5026969909668,-400000.0625,-400000.0625,-400000.0625,-400000.0625,-400000.0625,-400000.0625,-400000.0625,-400000.0625
104.50270557403564,-400000.0625,-400000.0625,-400000.0625,-400000.0625,-400000.0625,-400000.0625,-400000.0625,-400000.0625
104.50271010398865,-400000.0625,-400000.0625,-400000.0625,-400000.0625,-400000.0625,-400000.0625,-400000.0625,-400000.0625
104.50271463394165,-400000.0625,-400000.0625,-400000.0625,-400000.0625,-400000.0625,-400000.0625,-400000.0625,-400000.0625
104.50271940231323,-400000.0625,-400000.0625,-400000.0625,-400000.0625,-400000.0625,-400000.0625,-400000.0625,-400000.0625
104.5027244091034,-400000.0625,-400000.0625,-400000.0625,-400000.0625,-400000.0625,-400000.0625,-400000.0625,-400000.0625
104.50272822380066,-400000.0625,-400000.0625,-400000.0625,-400000.0625,-400000.0625,-400000.0625,-400000.0625,-400000.0625
104.5027322769165,-400000.0625,-400000.0625,-400000.0625,-400000.0625,-400000.0625,-400000.0625,-400000.0625,-400000.0625
104.50273609161377,-400000.0625,-400000.0625,-400000.0625,-400000.0625,-400000.0625,-400000.0625,-400000.0625,-400000.0625
104.50273990631104,-400000.0625,-400000.0625,-400000.0625,-400000.0625,-400000.0625,-400000.0625,-400000.0625,-400000.0625
104.5027437210083,-400000.0625,-400000.0625,-400000.0625,-400000.0625,-400000.0625,-400000.0625,-400000.0625,-400000.0625
104.50274753570557,-400000.0625,-400000.0625,-400000.0625,-400000.0625,-400000.0625,-400000.0625,-400000.0625,-400000.0625
104.50275182723999,-400000.0625,-400000.0625,-400000.0625,-400000.0625,-400000.0625,-400000.0625,-400000.0625,-400000.0625
104.50275588035583,-400000.0625,-400000.0625,-400000.0625,-400000.0625,-400000.0625,-400000.0625,-400000.0625,-400000.0625
104.50275993347168,-400000.0625,-400000.0625,-400000.0625,-400000.0625,-400000.0625,-400000.0625,-400000.0625,-400000.0625
104.50276350975037,-400000.0625,-400000.0625,-400000.0625,-400000.0625,-400000.0625,-400000.0625,-400000.0625,-400000.0625
104.50276756286621,-400000.0625,-400000.0625,-400000.0625,-400000.0625,-400000.0625,-400000.0625,-400000.0625,-400000.0625
104.50277161598206,-400000.0625,-400000.0625,-400000.0625,-400000.0625,-400000.0625,-400000.0625,-400000.0625,-400000.0625
104.50277590751648,-400000.0625,-400000.0625,-400000.0625,-400000.0625,-400000.0625,-400000.0625,-400000.0625,-400000.0625
104.50277972221375,-400000.0625,-400000.0625,-400000.0625,-400000.0625,-400000.0625,-400000.0625,-400000.0625,-400000.0625
104.50278329849243,-400000.0625,-400000.0625,-400000.0625,-400000.0625,-400000.0625,-400000.0625,-400000.0625,-400000.0625
104.5027871131897,-400000.0625,-400000.0625,-400000.0625,-400000.0625,-400000.0625,-400000.0625,-400000.0625,-400000.0625
104.51864433288574,-400000.0625,-400000.0625,-400000.0625,-400000.0625,-400000.0625,-400000.0625,-400000.0625,-400000.0625
104.57521104812622,-400000.0625,-400000.0625,-400000.0625,-400000.0625,-400000.0625,-400000.0625,-400000.0625,-400000.0625
104.63386631011963,-400000.0625,-400000.0625,-400000.0625,-400000.0625,-400000.0625,-400000.0625,-400000.0625,-400000.0625
104.77245020866394,-400000.0625,-400000.0625,-400000.0625,-400000.0625,-400000.0625,-400000.0625,-400000.0625,-400000.0625
104.82385849952698,-400000.0625,-400000.0625,-400000.0625,-400000.0625,-400000.0625,-400000.0625,-400000.0625,-400000.0625
104.96739339828491,-400000.0625,-400000.0625,-400000.0625,-400000.0625,-400000.0625,-400000.0625,-400000.0625,-400000.0625
105.04871654510498,-400000.0625,-400000.0625,-400000.0625,-400000.0625,-400000.0625,-400000.0625,-400000.0625,-400000.0625
105.12988448143005,-400000.0625,-400000.0625,-400000.0625,-400000.0625,-400000.0625,-400000.0625,-400000.0625,-400000.0625
105.20635175704956,-400000.0625,-400000.0625,-400000.0625,-400000.0625,-400000.0625,-400000.0625,-400000.0625,-400000.0625
105.33241128921509,-400000.0625,-400000.0625,-400000.0625,-400000.0625,-400000.0625,-400000.0625,-400000.0625,-400000.0625
105.48344135284424,-400000.0625,-400000.0625,-400000.0625,-400000.0625,-400000.0625,-400000.0625,-400000.0625,-400000.0625
105.52749729156494,-400000.0625,-400000.0625,-400000.0625,-400000.0625,-400000.0625,-400000.0625,-400000.0625,-400000.0625
105.59378838539124,-400000.0625,-400000.0625,-400000.0625,-400000.0625,-400000.0625,-400000.0625,-400000.0625,-400000.0625
105.6888108253479,-400000.0625,-400000.0625,-400000.0625,-400000.0625,-400000.0625,-400000.0625,-400000.0625,-400000.0625
105.72279787063599,-400000.0625,-400000.0625,-400000.0625,-400000.0625,-400000.0625,-400000.0625,-400000.0625,-400000.0625
105.78102731704712,-400000.0625,-400000.0625,-400000.0625,-400000.0625,-400000.0625,-400000.0625,-400000.0625,-400000.0625
105.92281770706177,-400000.0625,-400000.0625,-400000.0625,-400000.0625,-400000.0625,-400000.0625,-400000.0625,-400000.0625
105.98371195793152,-400000.0625,-400000.0625,-400000.0625,-400000.0625,-400000.0625,-400000.0625,-400000.0625,-400000.0625
106.11625933647156,-400000.0625,-400000.0625,-400000.0625,-400000.0625,-400000.0625,-400000.0625,-400000.0625,-400000.0625
106.19750785827637,-400000.0625,-400000.0625,-400000.0625,-400000.0625,-400000.0625,-400000.0625,-400000.0625,-400000.0625
106.32241129875183,-400000.0625,-400000.0625,-400000.0625,-400000.0625,-400000.0625,-400000.0625,-400000.0625,-400000.0625
106.37510752677917,-400000.0625,-400000.0625,-400000.0625,-400000.0625,-400000.0625,-400000.0625,-400000.0625,-400000.0625
106.43393135070801,-400000.0625,-400000.0625,-400000.0625,-400000.0625,-400000.0625,-400000.0625,-400000.0625,-400000.0625
106.48622822761536,-400000.0625,-400000.0625,-400000.0625,-400000.0625,-400000.0625,-400000.0625,-400000.0625,-400000.0625
106.59378600120544,-400000.0625,-400000.0625,-400000.0625,-400000.0625,-400000.0625,-400000.0625,-400000.0625,-400000.0625
106.6040506362915,-400000.0625,-400000.0625,-400000.0625,-400000.0625,-400000.0625,-400000.0625,-400000.0625,-400000.0625
106.61063051223755,-400000.0625,-400000.0625,-400000.0625,-400000.0625,-400000.0625,-400000.0625,-400000.0625,-400000.0625
106.61695504188538,-400000.0625,-400000.0625,-400000.0625,-400000.0625,-400000.0625,-400000.0625,-400000.0625,-400000.0625
106.6217131614685,-400000.0625,-400000.0625,-400000.0625,-400000.0625,-400000.0625,-400000.0625,-400000.0625,-400000.0625
106.62172436714172,-400000.0625,-400000.0625,-400000.0625,-400000.0625,-400000.0625,-400000.0625,-400000.0625,-400000.0625
106.62172985076904,-400000.0625,-400000.0625,-400000.0625,-400000.0625,-400000.0625,-400000.0625,-400000.0625,-400000.0625
106.62173676490784,-400000.0625,-400000.0625,-400000.0625,-400000.0625,-400000.0625,-400000.0625,-400000.0625,-400000.0625
106.62174320220947,-400000.0625,-400000.0625,-400000.0625,-400000.0625,-400000.0625,-400000.0625,-400000.0625,-400000.0625
106.62174987792969,-400000.0625,-400000.0625,-400000.0625,-400000.0625,-400000.0625,-400000.0625,-400000.0625,-400000.0625
106.62176585197449,-400000.0625,-400000.0625,-400000.0625,-400000.0625,-400000.0625,-400000.0625,-400000.0625,-400000.0625
106.62177324295044,-400000.0625,-400000.0625,-400000.0625,-400000.0625,-400000.0625,-400000.0625,-400000.0625,-400000.0625
106.62178015708923,-400000.0625,-400000.0625,-400000.0625,-400000.0625,-400000.0625,-400000.0625,-400000.0625,-400000.0625
106.62178659439087,-400000.0625,-400000.0625,-400000.0625,-400000.0625,-400000.0625,-400000.0625,-400000.0625,-400000.0625
106.62179350852966,-400000.0625,-400000.0625,-400000.0625,-400000.0625,-400000.0625,-400000.0625,-400000.0625,-400000.0625
106.62179946899414,-400000.0625,-400000.0625,-400000.0625,-400000.0625,-400000.0625,-400000.0625,-400000.0625,-400000.0625
106.62342882156372,-400000.0625,-400000.0625,-400000.0625,-400000.0625,-400000.0625,-400000.0625,-400000.0625,-400000.0625
106.63107395172119,-400000.0625,-400000.0625,-400000.0625,-400000.0625,-400000.0625,-400000.0625,-400000.0625,-400000.0625
106.63683652877808,-400000.0625,-400000.0625,-400000.0625,-400000.0625,-400000.0625,-400000.0625,-400000.0625,-400000.0625
106.64294147491455,-400000.0625,-400000.0625,-400000.0625,-400000.0625,-400000.0625,-400000.0625,-400000.0625,-400000.0625
106.64916968345642,-400000.0625,-400000.0625,-400000.0625,-400000.0625,-400000.0625,-400000.0625,-400000.0625,-400000.0625
106.6549129486084,-400000.0625,-400000.0625,-400000.0625,-400000.0625,-400000.0625,-400000.0625,-400000.0625,-400000.0625
106.66157102584839,-400000.0625,-400000.0625,-400000.0625,-400000.0625,-400000.0625,-400000.0625,-400000.0625,-400000.0625
106.66741871833801,-400000.0625,-400000.0625,-400000.0625,-400000.0625,-400000.0625,-400000.0625,-400000.0625,-400000.0625
106.67258548736572,-400000.0625,-400000.0625,-400000.0625,-400000.0625,-400000.0625,-400000.0625,-400000.0625,-400000.0625
106.68077969551086,-400000.0625,-400000.0625,-400000.0625,-400000.0625,-400000.0625,-400000.0625,-400000.0625,-400000.0625
106.68566679954529,-400000.0625,-400000.0625,-400000.0625,-400000.0625,-400000.0625,-400000.0625,-400000.0625,-400000.0625
106.6856758594513,-400000.0625,-400000.0625,-400000.0625,-400000.0625,-400000.0625,-400000.0625,-400000.0625,-400000.0625
106.6856803894043,-400000.0625,-400000.0625,-400000.0625,-400000.0625,-400000.0625,-400000.0625,-400000.0625,-400000.0625
106.68568444252014,-400000.0625,-400000.0625,-400000.0625,-400000.0625,-400000.0625,-400000.0625,-400000.0625,-400000.0625
106.68568849563599,-400000.0625,-400000.0625,-400000.0625,-400000.0625,-400000.0625,-400000.0625,-400000.0625,-400000.0625
106.68569231033325,-400000.0625,-400000.0625,-400000.0625,-400000.0625,-400000.0625,-400000.0625,-400000.0625,-400000.0625
106.6856963634491,-400000.0625,-400000.0625,-400000.0625,-400000.0625,-400000.0625,-400000.0625,-400000.0625,-400000.0625
106.68570041656494,-400000.0625,-400000.0625,-400000.0625,-400000.0625,-400000.0625,-400000.0625,-400000.0625,-400000.0625
106.68570399284363,-400000.0625,-400000.0625,-400000.0625,-400000.0625,-400000.0625,-400000.0625,-400000.0625,-400000.0625
106.68570756912231,-400000.0625,-400000.0625,-400000.0625,-400000.0625,-400000.0625,-400000.0625,-400000.0625,-400000.0625
106.68571138381958,-400000.0625,-400000.0625,-400000.0625,-400000.0625,-400000.0625,-400000.0625,-400000.0625,-400000.0625
106.68571519851685,-400000.0625,-400000.0625,-400000.0625,-400000.0625,-400000.0625,-400000.0625,-400000.0625,-400000.0625
106.68571877479553,-400000.0625,-400000.0625,-400000.0625,-400000.0625,-400000.0625,-400000.0625,-400000.0625,-400000.0625
106.6857225894928,-400000.0625,-400000.0625,-400000.0625,-400000.0625,-400000.0625,-400000.0625,-400000.0625,-400000.0625
106.68572640419006,-400000.0625,-400000.0625,-400000.0625,-400000.0625,-400000.0625,-400000.0625,-400000.0625,-400000.0625
106.68572998046875,-400000.0625,-400000.0625,-400000.0625,-400000.0625,-400000.0625,-400000.0625,-400000.0625,-400000.0625
106.68573379516602,-400000.0625,-400000.0625,-400000.0625,-400000.0625,-400000.0625,-400000.0625,-400000.0625,-400000.0625
106.68573784828186,-400000.0625,-400000.0625,-400000.0625,-400000.0625,-400000.0625,-400000.0625,-400000.0625,-400000.0625
106.68574166297913,-400000.0625,-400000.0625,-400000.0625,-400000.0625,-400000.0625,-400000.0625,-400000.0625,-400000.0625
106.68574523925781,-400000.0625,-400000.0625,-400000.0625,-400000.0625,-400000.0625,-400000.0625,-400000.0625,-400000.0625
106.68574905395508,-400000.0625,-400000.0625,-400000.0625,-400000.0625,-400000.0625,-400000.0625,-400000.0625,-400000.0625
106.68575286865234,-400000.0625,-400000.0625,-400000.0625,-400000.0625,-400000.0625,-400000.0625,-400000.0625,-400000.0625
106.74148941040039,-400000.0625,-400000.0625,-400000.0625,-400000.0625,-400000.0625,-400000.0625,-400000.0625,-400000.0625
106.75062775611877,-400000.0625,-400000.0625,-400000.0625,-400000.0625,-400000.0625,-400000.0625,-400000.0625,-400000.0625
106.7548656463623,-400000.0625,-400000.0625,-400000.0625,-400000.0625,-400000.0625,-400000.0625,-400000.0625,-400000.0625
106.75487279891968,-400000.0625,-400000.0625,-400000.0625,-400000.0625,-400000.0625,-400000.0625,-400000.0625,-400000.0625
106.7548770904541,-400000.0625,-400000.0625,-400000.0625,-400000.0625,-400000.0625,-400000.0625,-400000.0625,-400000.0625
106.7548816204071,-400000.0625,-400000.0625,-400000.0625,-400000.0625,-400000.0625,-400000.0625,-400000.0625,-400000.0625
106.75488519668579,-400000.0625,-400000.0625,-400000.0625,-400000.0625,-400000.0625,-400000.0625,-400000.0625,-400000.0625
106.75488901138306,-400000.0625,-400000.0625,-400000.0625,-400000.0625,-400000.0625,-400000.0625,-400000.0625,-400000.0625
106.75489330291748,-400000.0625,-400000.0625,-400000.0625,-400000.0625,-400000.0625,-400000.0625,-400000.0625,-400000.0625
106.75489687919617,-400000.0625,-400000.0625,-400000.0625,-400000.0625,-400000.0625,-400000.0625,-400000.0625,-400000.0625
106.75490069389343,-400000.0625,-400000.0625,-400000.0625,-400000.0625,-400000.0625,-400000.0625,-400000.0625,-400000.0625
106.75490427017212,-400000.0625,-400000.0625,-400000.0625,-400000.0625,-400000.0625,-400000.0625,-400000.0625,-400000.0625
106.75490808486938,-400000.0625,-400000.0625,-400000.0625,-400000.0625,-400000.0625,-400000.0625,-400000.0625,-400000.0625
106.75491166114807,-400000.0625,-400000.0625,-400000.0625,-400000.0625,-400000.0625,-400000.0625,-400000.0625,-400000.0625
106.75491523742676,-400000.0625,-400000.0625,-400000.0625,-400000.0625,-400000.0625,-400000.0625,-400000.0625,-400000.0625
106.75491881370544,-400000.0625,-400000.0625,-400000.0625,-400000.0625,-400000.0625,-400000.0625,-400000.0625,-400000.0625
106.81998562812805,-400000.0625,-400000.0625,-400000.0625,-400000.0625,-400000.0625,-400000.0625,-400000.0625,-400000.0625
106.8272795677185,-400000.0625,-400000.0625,-400000.0625,-400000.0625,-400000.0625,-400000.0625,-400000.0625,-400000.0625
106.83228349685669,-400000.0625,-400000.0625,-400000.0625,-400000.0625,-400000.0625,-400000.0625,-400000.0625,-400000.0625
106.83811068534851,-400000.0625,-400000.0625,-400000.0625,-400000.0625,-400000.0625,-400000.0625,-400000.0625,-400000.0625
106.84443640708923,-400000.0625,-400000.0625,-400000.0625,-400000.0625,-400000.0625,-400000.0625,-400000.0625,-400000.0625
106.85292768478394,-400000.0625,-400000.0625,-400000.0625,-400000.0625,-400000.0625,-400000.0625,-400000.0625,-400000.0625
106.8587110042572,-400000.0625,-400000.0625,-400000.0625,-400000.0625,-400000.0625,-400000.0625,-400000.0625,-400000.0625
106.86456394195557,-400000.0625,-400000.0625,-400000.0625,-400000.0625,-400000.0625,-400000.0625,-400000.0625,-400000.0625
106.86980104446411,-400000.0625,-400000.0625,-400000.0625,-400000.0625,-400000.0625,-400000.0625,-400000.0625,-400000.0625
106.87650465965271,-400000.0625,-400000.0625,-400000.0625,-400000.0625,-400000.0625,-400000.0625,-400000.0625,-400000.0625
106.88190460205078,-400000.0625,-400000.0625,-400000.0625,-400000.0625,-400000.0625,-400000.0625,-400000.0625,-400000.0625
106.88737916946411,-400000.0625,-400000.0625,-400000.0625,-400000.0625,-400000.0625,-400000.0625,-400000.0625,-400000.0625
106.89420080184937,-400000.0625,-400000.0625,-400000.0625,-400000.0625,-400000.0625,-400000.0625,-400000.0625,-400000.0625
106.90013575553894,-400000.0625,-400000.0625,-400000.0625,-400000.0625,-400000.0625,-400000.0625,-400000.0625,-400000.0625
106.90595531463623,-400000.0625,-400000.0625,-400000.0625,-400000.0625,-400000.0625,-400000.0625,-400000.0625,-400000.0625
106.91349124908447,-400000.0625,-400000.0625,-400000.0625,-400000.0625,-400000.0625,-400000.0625,-400000.0625,-400000.0625
106.91807651519775,-400000.0625,-400000.0625,-400000.0625,-400000.0625,-400000.0625,-400000.0625,-400000.0625,-400000.0625
106.91808438301086,-400000.0625,-400000.0625,-400000.0625,-400000.0625,-400000.0625,-400000.0625,-400000.0625,-400000.0625
106.91808843612671,-400000.0625,-400000.0625,-400000.0625,-400000.0625,-400000.0625,-400000.0625,-400000.0625,-400000.0625
106.9180920124054,-400000.0625,-400000.0625,-400000.0625,-400000.0625,-400000.0625,-400000.0625,-400000.0625,-400000.0625
106.91809558868408,-400000.0625,-400000.0625,-400000.0625,-400000.0625,-400000.0625,-400000.0625,-400000.0625,-400000.0625
106.91809940338135,-400000.0625,-400000.0625,-400000.0625,-400000.0625,-400000.0625,-400000.0625,-400000.0625,-400000.0625
106.91810417175293,-400000.0625,-400000.0625,-400000.0625,-400000.0625,-400000.0625,-400000.0625,-400000.0625,-400000.0625
106.91810774803162,-400000.0625,-400000.0625,-400000.0625,-400000.0625,-400000.0625,-400000.0625,-400000.0625,-400000.0625
106.9181113243103,-400000.0625,-400000.0625,-400000.0625,-400000.0625,-400000.0625,-400000.0625,-400000.0625,-400000.0625
106.9181158542633,-400000.0625,-400000.0625,-400000.0625,-400000.0625,-400000.0625,-400000.0625,-400000.0625,-400000.0625
106.91811966896057,-400000.0625,-400000.0625,-400000.0625,-400000.0625,-400000.0625,-400000.0625,-400000.0625,-400000.0625
106.91812324523926,-400000.0625,-400000.0625,-400000.0625,-400000.0625,-400000.0625,-400000.0625,-400000.0625,-400000.0625
106.91812682151794,-400000.0625,-400000.0625,-400000.0625,-400000.0625,-400000.0625,-400000.0625,-400000.0625,-400000.0625
106.91813039779663,-400000.0625,-400000.0625,-400000.0625,-400000.0625,-400000.0625,-400000.0625,-400000.0625,-400000.0625
106.91813397407532,-400000.0625,-400000.0625,-400000.0625,-400000.0625,-400000.0625,-400000.0625,-400000.0625,-400000.0625
106.918137550354,-400000.0625,-400000.0625,-400000.0625,-400000.0625,-400000.0625,-400000.0625,-400000.0625,-400000.0625
106.99238324165344,-400000.0625,-400000.0625,-400000.0625,-400000.0625,-400000.0625,-400000.0625,-400000.0625,-400000.0625
107.00257897377014,-400000.0625,-400000.0625,-400000.0625,-400000.0625,-400000.0625,-400000.0625,-400000.0625,-400000.0625
107.00924777984619,-400000.0625,-400000.0625,-400000.0625,-400000.0625,-400000.0625,-400000.0625,-400000.0625,-400000.0625
107.0673394203186,-400000.0625,-400000.0625,-400000.0625,-400000.0625,-400000.0625,-400000.0625,-400000.0625,-400000.0625
107.1937747001648,-400000.0625,-400000.0625,-400000.0625,-400000.0625,-400000.0625,-400000.0625,-400000.0625,-400000.0625
107.38247323036194,-400000.0625,-400000.0625,-400000.0625,-400000.0625,-400000.0625,-400000.0625,-400000.0625,-400000.0625
107.45613598823547,-400000.0625,-400000.0625,-400000.0625,-400000.0625,-400000.0625,-400000.0625,-400000.0625,-400000.0625
107.51764464378357,-400000.0625,-400000.0625,-400000.0625,-400000.0625,-400000.0625,-400000.0625,-400000.0625,-400000.0625
107.60648345947266,-400000.0625,-400000.0625,-400000.0625,-400000.0625,-400000.0625,-400000.0625,-400000.0625,-400000.0625
107.6730604171753,-400000.0625,-400000.0625,-400000.0625,-400000.0625,-400000.0625,-400000.0625,-400000.0625,-400000.0625
107.70622444152832,-400000.0625,-400000.0625,-400000.0625,-400000.0625,-400000.0625,-400000.0625,-400000.0625,-400000.0625
107.76633763313293,-400000.0625,-400000.0625,-400000.0625,-400000.0625,-400000.0625,-400000.0625,-400000.0625,-400000.0625
107.83946943283081,-400000.0625,-400000.0625,-400000.0625,-400000.0625,-400000.0625,-400000.0625,-400000.0625,-400000.0625
107.89258623123169,-400000.0625,-400000.0625,-400000.0625,-400000.0625,-400000.0625,-400000.0625,-400000.0625,-400000.0625
107.97272539138794,-400000.0625,-400000.0625,-400000.0625,-400000.0625,-400000.0625,-400000.0625,-400000.0625,-400000.0625
108.06983184814453,-400000.0625,-400000.0625,-400000.0625,-400000.0625,-400000.0625,-400000.0625,-400000.0625,-400000.0625
108.24375534057617,-400000.0625,-400000.0625,-400000.0625,-400000.0625,-400000.0625,-400000.0625,-400000.0625,-400000.0625
108.27876615524292,-400000.0625,-400000.0625,-400000.0625,-400000.0625,-400000.0625,-400000.0625,-400000.0625,-400000.0625
108.34649538993835,-400000.0625,-400000.0625,-400000.0625,-400000.0625,-400000.0625,-400000.0625,-400000.0625,-400000.0625
108.42508006095886,-400000.0625,-400000.0625,-400000.0625,-400000.0625,-400000.0625,-400000.0625,-400000.0625,-400000.0625
108.48505330085754,-400000.0625,-400000.0625,-400000.0625,-400000.0625,-400000.0625,-400000.0625,-400000.0625,-400000.0625
108.5360426902771,-400000.0625,-400000.0625,-400000.0625,-400000.0625,-400000.0625,-400000.0625,-400000.0625,-400000.0625
108.6140079498291,-400000.0625,-400000.0625,-400000.0625,-400000.0625,-400000.0625,-400000.0625,-400000.0625,-400000.0625
108.6686327457428,-400000.0625,-400000.0625,-400000.0625,-400000.0625,-400000.0625,-400000.0625,-400000.0625,-400000.0625
108.7285749912262,-400000.0625,-400000.0625,-400000.0625,-400000.0625,-400000.0625,-400000.0625,-400000.0625,-400000.0625
108.80038952827454,-400000.0625,-400000.0625,-400000.0625,-400000.0625,-400000.0625,-400000.0625,-400000.0625,-400000.0625
108.88949799537659,-400000.0625,-400000.0625,-400000.0625,-400000.0625,-400000.0625,-400000.0625,-400000.0625,-400000.0625
108.92486572265625,-400000.0625,-400000.0625,-400000.0625,-400000.0625,-400000.0625,-400000.0625,-400000.0625,-400000.0625
108.98362445831299,-400000.0625,-400000.0625,-400000.0625,-400000.0625,-400000.0625,-400000.0625,-400000.0625,-400000.0625
109.06374907493591,-400000.0625,-400000.0625,-400000.0625,-400000.0625,-400000.0625,-400000.0625,-400000.0625,-400000.0625
109.07573628425598,-400000.0625,-400000.0625,-400000.0625,-400000.0625,-400000.0625,-400000.0625,-400000.0625,-400000.0625
109.08195543289185,-400000.0625,-400000.0625,-400000.0625,-400000.0625,-400000.0625,-400000.0625,-400000.0625,-400000.0625
109.08676958084106,-400000.0625,-400000.0625,-400000.0625,-400000.0625,-400000.0625,-400000.0625,-400000.0625,-400000.0625
109.08677887916565,-400000.0625,-400000.0625,-400000.0625,-400000.0625,-400000.0625,-400000.0625,-400000.0625,-400000.0625
109.08678317070007,-400000.0625,-400000.0625,-400000.0625,-400000.0625,-400000.0625,-400000.0625,-400000.0625,-400000.0625
109.08678698539734,-400000.0625,-400000.0625,-400000.0625,-400000.0625,-400000.0625,-400000.0625,-400000.0625,-400000.0625
109.0867908000946,-400000.0625,-400000.0625,-400000.0625,-400000.0625,-400000.0625,-400000.0625,-400000.0625,-400000.0625
109.08679485321045,-400000.0625,-400000.0625,-400000.0625,-400000.0625,-400000.0625,-400000.0625,-400000.0625,-400000.0625
109.08679866790771,-400000.0625,-400000.0625,-400000.0625,-400000.0625,-400000.0625,-400000.0625,-400000.0625,-400000.0625
109.0868022441864,-400000.0625,-400000.0625,-400000.0625,-400000.0625,-400000.0625,-400000.0625,-400000.0625,-400000.0625
109.08680629730225,-400000.0625,-400000.0625,-400000.0625,-400000.0625,-400000.0625,-400000.0625,-400000.0625,-400000.0625
109.08681011199951,-400000.0625,-400000.0625,-400000.0625,-400000.0625,-400000.0625,-400000.0625,-400000.0625,-400000.0625
109.08681392669678,-400000.0625,-400000.0625,-400000.0625,-400000.0625,-400000.0625,-400000.0625,-400000.0625,-400000.0625
109.08681750297546,-400000.0625,-400000.0625,-400000.0625,-400000.0625,-400000.0625,-400000.0625,-400000.0625,-400000.0625
109.08682107925415,-400000.0625,-400000.0625,-400000.0625,-400000.0625,-400000.0625,-400000.0625,-400000.0625,-400000.0625
109.1425039768219,-400000.0625,-400000.0625,-400000.0625,-400000.0625,-400000.0625,-400000.0625,-400000.0625,-400000.0625
109.14804816246033,-400000.0625,-400000.0625,-400000.0625,-400000.0625,-400000.0625,-400000.0625,-400000.0625,-400000.0625
109.15246176719666,-400000.0625,-400000.0625,-400000.0625,-400000.0625,-400000.0625,-400000.0625,-400000.0625,-400000.0625
109.15246915817261,-400000.0625,-400000.0625,-400000.0625,-400000.0625,-400000.0625,-400000.0625,-400000.0625,-400000.0625
109.15247368812561,-400000.0625,-400000.0625,-400000.0625,-400000.0625,-400000.0625,-400000.0625,-400000.0625,-400000.0625
109.1524772644043,-400000.0625,-400000.0625,-400000.0625,-400000.0625,-400000.0625,-400000.0625,-400000.0625,-400000.0625
109.15248107910156,-400000.0625,-400000.0625,-400000.0625,-400000.0625,-400000.0625,-400000.0625,-400000.0625,-400000.0625
109.15248441696167,-400000.0625,-400000.0625,-400000.0625,-400000.0625,-400000.0625,-400000.0625,-400000.0625,-400000.0625
109.15248799324036,-400000.0625,-400000.0625,-400000.0625,-400000.0625,-400000.0625,-400000.0625,-400000.0625,-400000.0625
109.15249228477478,-400000.0625,-400000.0625,-400000.0625,-400000.0625,-400000.0625,-400000.0625,-400000.0625,-400000.0625
109.15249586105347,-400000.0625,-400000.0625,-400000.0625,-400000.0625,-400000.0625,-400000.0625,-400000.0625,-400000.0625
109.15249943733215,-400000.0625,-400000.0625,-400000.0625,-400000.0625,-400000.0625,-400000.0625,-400000.0625,-400000.0625
109.15250420570374,-400000.0625,-400000.0625,-400000.0625,-400000.0625,-400000.0625,-400000.0625,-400000.0625,-400000.0625
109.152508020401,-400000.0625,-400000.0625,-400000.0625,-400000.0625,-400000.0625,-400000.0625,-400000.0625,-400000.0625
109.15251111984253,-400000.0625,-400000.0625,-400000.0625,-400000.0625,-400000.0625,-400000.0625,-400000.0625,-400000.0625
109.1525149345398,-400000.0625,-400000.0625,-400000.0625,-400000.0625,-400000.0625,-400000.0625,-400000.0625,-400000.0625
109.17902684211731,-400000.0625,-400000.0625,-400000.0625,-400000.0625,-400000.0625,-400000.0625,-400000.0625,-400000.0625
109.18998837471008,-400000.0625,-400000.0625,-400000.0625,-400000.0625,-400000.0625,-400000.0625,-400000.0625,-400000.0625
109.19771480560303,-400000.0625,-400000.0625,-400000.0625,-400000.0625,-400000.0625,-400000.0625,-400000.0625,-400000.0625
109.20339679718018,-400000.0625,-400000.0625,-400000.0625,-400000.0625,-400000.0625,-400000.0625,-400000.0625,-400000.0625
109.21073746681213,-400000.0625,-400000.0625,-400000.0625,-400000.0625,-400000.0625,-400000.0625,-400000.0625,-400000.0625
109.21668362617493,-400000.0625,-400000.0625,-400000.0625,-400000.0625,-400000.0625,-400000.0625,-400000.0625,-400000.0625
109.22127676010132,-400000.0625,-400000.0625,-400000.0625,-400000.0625,-400000.0625,-400000.0625,-400000.0625,-400000.0625
109.22128438949585,-400000.0625,-400000.0625,-400000.0625,-400000.0625,-400000.0625,-400000.0625,-400000.0625,-400000.0625
109.22128868103027,-400000.0625,-400000.0625,-400000.0625,-400000.0625,-400000.0625,-400000.0625,-400000.0625,-400000.0625
109.22129249572754,-400000.0625,-400000.0625,-400000.0625,-400000.0625,-400000.0625,-400000.0625,-400000.0625,-400000.0625
109.22129654884338,-400000.0625,-400000.0625,-400000.0625,-400000.0625,-400000.0625,-400000.0625,-400000.0625,-400000.0625
109.22130012512207,-400000.0625,-400000.0625,-400000.0625,-400000.0625,-400000.0625,-400000.0625,-400000.0625,-400000.0625
109.22130417823792,-400000.0625,-400000.0625,-400000.0625,-400000.0625,-400000.0625,-400000.0625,-400000.0625,-400000.0625
109.2213077545166,-400000.0625,-400000.0625,-400000.0625,-400000.0625,-400000.0625,-400000.0625,-400000.0625,-400000.0625
109.22131109237671,-400000.0625,-400000.0625,-400000.0625,-400000.0625,-400000.0625,-400000.0625,-400000.0625,-400000.0625
109.2213146686554,-400000.0625,-400000.0625,-400000.0625,-400000.0625,-400000.0625,-400000.0625,-400000.0625,-400000.0625
109.24257016181946,-400000.0625,-400000.0625,-400000.0625,-400000.0625,-400000.0625,-400000.0625,-400000.0625,-400000.0625
109.24964880943298,-400000.0625,-400000.0625,-400000.0625,-400000.0625,-400000.0625,-400000.0625,-400000.0625,-400000.0625
109.2549877166748,-400000.0625,-400000.0625,-400000.0625,-400000.0625,-400000.0625,-400000.0625,-400000.0625,-400000.0625
109.26073122024536,-400000.0625,-400000.0625,-400000.0625,-400000.0625,-400000.0625,-400000.0625,-400000.0625,-400000.0625
109.26617813110352,-400000.0625,-400000.0625,-400000.0625,-400000.0625,-400000.0625,-400000.0625,-400000.0625,-400000.0625
109.27151203155518,-400000.0625,-400000.0625,-400000.0625,-400000.0625,-400000.0625,-400000.0625,-400000.0625,-400000.0625
109.27904868125916,-400000.0625,-400000.0625,-400000.0625,-400000.0625,-400000.0625,-400000.0625,-400000.0625,-400000.0625
109.28860068321228,-400000.0625,-400000.0625,-400000.0625,-400000.0625,-400000.0625,-400000.0625,-400000.0625,-400000.0625
109.29658603668213,-400000.0625,-400000.0625,-400000.0625,-400000.0625,-400000.0625,-400000.0625,-400000.0625,-400000.0625
109.30193185806274,-400000.0625,-400000.0625,-400000.0625,-400000.0625,-400000.0625,-400000.0625,-400000.0625,-400000.0625
109.30837488174438,-400000.0625,-400000.0625,-400000.0625,-400000.0625,-400000.0625,-400000.0625,-400000.0625,-400000.0625
109.31411170959473,-400000.0625,-400000.0625,-400000.0625,-400000.0625,-400000.0625,-400000.0625,-400000.0625,-400000.0625
109.31953120231628,-400000.0625,-400000.0625,-400000.0625,-400000.0625,-400000.0625,-400000.0625,-400000.0625,-400000.0625
109.32555389404297,-400000.0625,-400000.0625,-400000.0625,-400000.0625,-400000.0625,-400000.0625,-400000.0625,-400000.0625
109.33059477806091,-400000.0625,-400000.0625,-400000.0625,-400000.0625,-400000.0625,-400000.0625,-400000.0625,-400000.0625
109.33743739128113,-400000.0625,-400000.0625,-400000.0625,-400000.0625,-400000.0625,-400000.0625,-400000.0625,-400000.0625
109.34344100952148,-400000.0625,-400000.0625,-400000.0625,-400000.0625,-400000.0625,-400000.0625,-400000.0625,-400000.0625
109.34847497940063,-400000.0625,-400000.0625,-400000.0625,-400000.0625,-400000.0625,-400000.0625,-400000.0625,-400000.0625
109.35359787940979,-400000.0625,-400000.0625,-400000.0625,-400000.0625,-400000.0625,-400000.0625,-400000.0625,-400000.0625
109.360018491745,-400000.0625,-400000.0625,-400000.0625,-400000.0625,-400000.0625,-400000.0625,-400000.0625,-400000.0625
109.36560606956482,-400000.0625,-400000.0625,-400000.0625,-400000.0625,-400000.0625,-400000.0625,-400000.0625,-400000.0625
109.370596408844,-400000.0625,-400000.0625,-400000.0625,-400000.0625,-400000.0625,-400000.0625,-400000.0625,-400000.0625
109.37060499191284,-400000.0625,-400000.0625,-400000.0625,-400000.0625,-400000.0625,-400000.0625,-400000.0625,-400000.0625
109.37060976028442,-400000.0625,-400000.0625,-400000.0625,-400000.0625,-400000.0625,-400000.0625,-400000.0625,-400000.0625
109.37061405181885,-400000.0625,-400000.0625,-400000.0625,-400000.0625,-400000.0625,-400000.0625,-400000.0625,-400000.0625
109.37731432914734,-400000.0625,-400000.0625,-400000.0625,-400000.0625,-400000.0625,-400000.0625,-400000.0625,-400000.0625
109.38327050209045,-400000.0625,-400000.0625,-400000.0625,-400000.0625,-400000.0625,-400000.0625,-400000.0625,-400000.0625
109.39665389060974,-400000.0625,-400000.0625,-400000.0625,-400000.0625,-400000.0625,-400000.0625,-400000.0625,-400000.0625
109.40170478820801,-400000.0625,-400000.0625,-400000.0625,-400000.0625,-400000.0625,-400000.0625,-400000.0625,-400000.0625
109.40838265419006,-400000.0625,-400000.0625,-400000.0625,-400000.0625,-400000.0625,-400000.0625,-400000.0625,-400000.0625
109.41393065452576,-400000.0625,-400000.0625,-400000.0625,-400000.0625,-400000.0625,-400000.0625,-400000.0625,-400000.0625
109.41837310791016,-400000.0625,-400000.0625,-400000.0625,-400000.0625,-400000.0625,-400000.0625,-400000.0625,-400000.0625
109.41838121414185,-400000.0625,-400000.0625,-400000.0625,-400000.0625,-400000.0625,-400000.0625,-400000.0625,-400000.0625
109.418386220932,-400000.0625,-400000.0625,-400000.0625,-400000.0625,-400000.0625,-400000.0625,-400000.0625,-400000.0625
109.41839051246643,-400000.0625,-400000.0625,-400000.0625,-400000.0625,-400000.0625,-400000.0625,-400000.0625,-400000.0625
109.41839456558228,-400000.0625,-400000.0625,-400000.0625,-400000.0625,-400000.0625,-400000.0625,-400000.0625,-400000.0625
109.41839838027954,-400000.0625,-400000.0625,-400000.0625,-400000.0625,-400000.0625,-400000.0625,-400000.0625,-400000.0625
109.4184021949768,-400000.0625,-400000.0625,-400000.0625,-400000.0625,-400000.0625,-400000.0625,-400000.0625,-400000.0625
109.41840624809265,-400000.0625,-400000.0625,-400000.0625,-400000.0625,-400000.0625,-400000.0625,-400000.0625,-400000.0625
109.41841006278992,-400000.0625,-400000.0625,-400000.0625,-400000.0625,-400000.0625,-400000.0625,-400000.0625,-400000.0625
109.41841387748718,-400000.0625,-400000.0625,-400000.0625,-400000.0625,-400000.0625,-400000.0625,-400000.0625,-400000.0625
109.41841769218445,-400000.0625,-400000.0625,-400000.0625,-400000.0625,-400000.0625,-400000.0625,-400000.0625,-400000.0625
109.41842150688171,-400000.0625,-400000.0625,-400000.0625,-400000.0625,-400000.0625,-400000.0625,-400000.0625,-400000.0625
109.4184250831604,-400000.0625,-400000.0625,-400000.0625,-400000.0625,-400000.0625,-400000.0625,-400000.0625,-400000.0625
109.41843056678772,-400000.0625,-400000.0625,-400000.0625,-400000.0625,-400000.0625,-400000.0625,-400000.0625,-400000.0625
109.41843438148499,-400000.0625,-400000.0625,-400000.0625,-400000.0625,-400000.0625,-400000.0625,-400000.0625,-400000.0625
109.41843914985657,-400000.0625,-400000.0625,-400000.0625,-400000.0625,-400000.0625,-400000.0625,-400000.0625,-400000.0625
109.41844320297241,-400000.0625,-400000.0625,-400000.0625,-400000.0625,-400000.0625,-400000.0625,-400000.0625,-400000.0625
109.42989659309387,-400000.0625,-400000.0625,-400000.0625,-400000.0625,-400000.0625,-400000.0625,-400000.0625,-400000.0625
109.43625688552856,-400000.0625,-400000.0625,-400000.0625,-400000.0625,-400000.0625,-400000.0625,-400000.0625,-400000.0625
109.44327998161316,-400000.0625,-400000.0625,-400000.0625,-400000.0625,-400000.0625,-400000.0625,-400000.0625,-400000.0625
109.44878649711609,-400000.0625,-400000.0625,-400000.0625,-400000.0625,-400000.0625,-400000.0625,-400000.0625,-400000.0625
109.45344400405884,-400000.0625,-400000.0625,-400000.0625,-400000.0625,-400000.0625,-400000.0625,-400000.0625,-400000.0625
109.45345377922058,-400000.0625,-400000.0625,-400000.0625,-400000.0625,-400000.0625,-400000.0625,-400000.0625,-400000.0625
109.45345902442932,-400000.0625,-400000.0625,-400000.0625,-400000.0625,-400000.0625,-400000.0625,-400000.0625,-400000.0625
109.45346355438232,-400000.0625,-400000.0625,-400000.0625,-400000.0625,-400000.0625,-400000.0625,-400000.0625,-400000.0625
109.45346784591675,-400000.0625,-400000.0625,-400000.0625,-400000.0625,-400000.0625,-400000.0625,-400000.0625,-400000.0625
109.45347261428833,-400000.0625,-400000.0625,-400000.0625,-400000.0625,-400000.0625,-400000.0625,-400000.0625,-400000.0625
109.45347666740417,-400000.0625,-400000.0625,-400000.0625,-400000.0625,-400000.0625,-400000.0625,-400000.0625,-400000.0625
109.4534809589386,-400000.0625,-400000.0625,-400000.0625,-400000.0625,-400000.0625,-400000.0625,-400000.0625,-400000.0625
109.45348501205444,-400000.0625,-400000.0625,-400000.0625,-400000.0625,-400000.0625,-400000.0625,-400000.0625,-400000.0625
109.45348858833313,-400000.0625,-400000.0625,-400000.0625,-400000.0625,-400000.0625,-400000.0625,-400000.0625,-400000.0625
109.45349287986755,-400000.0625,-400000.0625,-400000.0625,-400000.0625,-400000.0625,-400000.0625,-400000.0625,-400000.0625
109.45349764823914,-400000.0625,-400000.0625,-400000.0625,-400000.0625,-400000.0625,-400000.0625,-400000.0625,-400000.0625
109.57286381721497,-400000.0625,-400000.0625,-400000.0625,-400000.0625,-400000.0625,-400000.0625,-400000.0625,-400000.0625
109.62521266937256,-400000.0625,-400000.0625,-400000.0625,-400000.0625,-400000.0625,-400000.0625,-400000.0625,-400000.0625
109.76496648788452,-400000.0625,-400000.0625,-400000.0625,-400000.0625,-400000.0625,-400000.0625,-400000.0625,-400000.0625
109.82123374938965,-400000.0625,-400000.0625,-400000.0625,-400000.0625,-400000.0625,-400000.0625,-400000.0625,-400000.0625
109.90626883506775,-400000.0625,-400000.0625,-400000.0625,-400000.0625,-400000.0625,-400000.0625,-400000.0625,-400000.0625
109.94364094734192,-400000.0625,-400000.0625,-400000.0625,-400000.0625,-400000.0625,-400000.0625,-400000.0625,-400000.0625
110.02295136451721,-400000.0625,-400000.0625,-400000.0625,-400000.0625,-400000.0625,-400000.0625,-400000.0625,-400000.0625
110.07482433319092,-400000.0625,-400000.0625,-400000.0625,-400000.0625,-400000.0625,-400000.0625,-400000.0625,-400000.0625
110.16370415687561,-400000.0625,-400000.0625,-400000.0625,-400000.0625,-400000.0625,-400000.0625,-400000.0625,-400000.0625
110.26990294456482,-400000.0625,-400000.0625,-400000.0625,-400000.0625,-400000.0625,-400000.0625,-400000.0625,-400000.0625
110.327463388443,-400000.0625,-400000.0625,-400000.0625,-400000.0625,-400000.0625,-400000.0625,-400000.0625,-400000.0625
110.39048981666565,-400000.0625,-400000.0625,-400000.0625,-400000.0625,-400000.0625,-400000.0625,-400000.0625,-400000.0625
110.47002482414246,-400000.0625,-400000.0625,-400000.0625,-400000.0625,-400000.0625,-400000.0625,-400000.0625,-400000.0625
110.52501344680786,-400000.0625,-400000.0625,-400000.0625,-400000.0625,-400000.0625,-400000.0625,-400000.0625,-400000.0625
110.63384532928467,-400000.0625,-400000.0625,-400000.0625,-400000.0625,-400000.0625,-400000.0625,-400000.0625,-400000.0625
110.79632449150085,-400000.0625,-400000.0625,-400000.0625,-400000.0625,-400000.0625,-400000.0625,-400000.0625,-400000.0625
110.8437020778656,-400000.0625,-400000.0625,-400000.0625,-400000.0625,-400000.0625,-400000.0625,-400000.0625,-400000.0625
110.9150185585022,-400000.0625,-400000.0625,-400000.0625,-400000.0625,-400000.0625,-400000.0625,-400000.0625,-400000.0625
111.09253072738647,-400000.0625,-400000.0625,-400000.0625,-400000.0625,-400000.0625,-400000.0625,-400000.0625,-400000.0625
111.17000722885132,-400000.0625,-400000.0625,-400000.0625,-400000.0625,-400000.0625,-400000.0625,-400000.0625,-400000.0625
111.28940320014954,-400000.0625,-400000.0625,-400000.0625,-400000.0625,-400000.0625,-400000.0625,-400000.0625,-400000.0625
111.376624584198,-400000.0625,-400000.0625,-400000.0625,-400000.0625,-400000.0625,-400000.0625,-400000.0625,-400000.0625
111.43923544883728,-400000.0625,-400000.0625,-400000.0625,-400000.0625,-400000.0625,-400000.0625,-400000.0625,-400000.0625
111.47806525230408,-400000.0625,-400000.0625,-400000.0625,-400000.0625,-400000.0625,-400000.0625,-400000.0625,-400000.0625
111.54110646247864,-400000.0625,-400000.0625,-400000.0625,-400000.0625,-400000.0625,-400000.0625,-400000.0625,-400000.0625
111.55384516716003,-400000.0625,-400000.0625,-400000.0625,-400000.0625,-400000.0625,-400000.0625,-400000.0625,-400000.0625
111.55991673469543,-400000.0625,-400000.0625,-400000.0625,-400000.0625,-400000.0625,-400000.0625,-400000.0625,-400000.0625
111.56455874443054,-400000.0625,-400000.0625,-400000.0625,-400000.0625,-400000.0625,-400000.0625,-400000.0625,-400000.0625
111.56456971168518,-400000.0625,-400000.0625,-400000.0625,-400000.0625,-400000.0625,-400000.0625,-400000.0625,-400000.0625
111.56457448005676,-400000.0625,-400000.0625,-400000.0625,-400000.0625,-400000.0625,-400000.0625,-400000.0625,-400000.0625
111.56457853317261,-400000.0625,-400000.0625,-400000.0625,-400000.0625,-400000.0625,-400000.0625,-400000.0625,-400000.0625
111.56458282470703,-400000.0625,-400000.0625,-400000.0625,-400000.0625,-400000.0625,-400000.0625,-400000.0625,-400000.0625
111.5645866394043,-400000.0625,-400000.0625,-400000.0625,-400000.0625,-400000.0625,-400000.0625,-400000.0625,-400000.0625
111.56459045410156,-400000.0625,-400000.0625,-400000.0625,-400000.0625,-400000.0625,-400000.0625,-400000.0625,-400000.0625
111.56459426879883,-400000.0625,-400000.0625,-400000.0625,-400000.0625,-400000.0625,-400000.0625,-400000.0625,-400000.0625
111.5645980834961,-400000.0625,-400000.0625,-400000.0625,-400000.0625,-400000.0625,-400000.0625,-400000.0625,-400000.0625
111.56460213661194,-400000.0625,-400000.0625,-400000.0625,-400000.0625,-400000.0625,-400000.0625,-400000.0625,-400000.0625
111.5646059513092,-400000.0625,-400000.0625,-400000.0625,-400000.0625,-400000.0625,-400000.0625,-400000.0625,-400000.0625
111.56461000442505,-400000.0625,-400000.0625,-400000.0625,-400000.0625,-400000.0625,-400000.0625,-400000.0625,-400000.0625
111.56461358070374,-400000.0625,-400000.0625,-400000.0625,-400000.0625,-400000.0625,-400000.0625,-400000.0625,-400000.0625
111.61712622642517,-400000.0625,-400000.0625,-400000.0625,-400000.0625,-400000.0625,-400000.0625,-400000.0625,-400000.0625
111.62315702438354,-400000.0625,-400000.0625,-400000.0625,-400000.0625,-400000.0625,-400000.0625,-400000.0625,-400000.0625
111.62857961654663,-400000.0625,-400000.0625,-400000.0625,-400000.0625,-400000.0625,-400000.0625,-400000.0625,-400000.0625
111.6338095664978,-400000.0625,-400000.0625,-400000.0625,-400000.0625,-400000.0625,-400000.0625,-400000.0625,-400000.0625
111.6395480632782,-400000.0625,-400000.0625,-400000.0625,-400000.0625,-400000.0625,-400000.0625,-400000.0625,-400000.0625
111.64524579048157,-400000.0625,-400000.0625,-400000.0625,-400000.0625,-400000.0625,-400000.0625,-400000.0625,-400000.0625
111.65570306777954,-400000.0625,-400000.0625,-400000.0625,-400000.0625,-400000.0625,-400000.0625,-400000.0625,-400000.0625
111.66213488578796,-400000.0625,-400000.0625,-400000.0625,-400000.0625,-400000.0625,-400000.0625,-400000.0625,-400000.0625
111.6675672531128,-400000.0625,-400000.0625,-400000.0625,-400000.0625,-400000.0625,-400000.0625,-400000.0625,-400000.0625
111.67295932769775,-400000.0625,-400000.0625,-400000.0625,-400000.0625,-400000.0625,-400000.0625,-400000.0625,-400000.0625
111.67957544326782,-400000.0625,-400000.0625,-400000.0625,-400000.0625,-400000.0625,-400000.0625,-400000.0625,-400000.0625
111.6850073337555,-400000.0625,-400000.0625,-400000.0625,-400000.0625,-400000.0625,-400000.0625,-400000.0625,-400000.0625
111.69124031066895,-400000.0625,-400000.0625,-400000.0625,-400000.0625,-400000.0625,-400000.0625,-400000.0625,-400000.0625
111.6990795135498,-400000.0625,-400000.0625,-400000.0625,-400000.0625,-400000.0625,-400000.0625,-400000.0625,-400000.0625
111.70375156402588,-400000.0625,-400000.0625,-400000.0625,-400000.0625,-400000.0625,-400000.0625,-400000.0625,-400000.0625
111.70376133918762,-400000.0625,-400000.0625,-400000.0625,-400000.0625,-400000.0625,-400000.0625,-400000.0625,-400000.0625
111.70376634597778,-400000.0625,-400000.0625,-400000.0625,-400000.0625,-400000.0625,-400000.0625,-400000.0625,-400000.0625
111.70377016067505,-400000.0625,-400000.0625,-400000.0625,-400000.0625,-400000.0625,-400000.0625,-400000.0625,-400000.0625
111.70377445220947,-400000.0625,-400000.0625,-400000.0625,-400000.0625,-400000.0625,-400000.0625,-400000.0625,-400000.0625
111.70377850532532,-400000.0625,-400000.0625,-400000.0625,-400000.0625,-400000.0625,-400000.0625,-400000.0625,-400000.0625
111.70378232002258,-400000.0625,-400000.0625,-400000.0625,-400000.0625,-400000.0625,-400000.0625,-400000.0625,-400000.0625
111.70379400253296,-400000.0625,-400000.0625,-400000.0625,-400000.0625,-400000.0625,-400000.0625,-400000.0625,-400000.0625
111.70379829406738,-400000.0625,-400000.0625,-400000.0625,-400000.0625,-400000.0625,-400000.0625,-400000.0625,-400000.0625
111.70380187034607,-400000.0625,-400000.0625,-400000.0625,-400000.0625,-400000.0625,-400000.0625,-400000.0625,-400000.0625
111.70380568504333,-400000.0625,-400000.0625,-400000.0625,-400000.0625,-400000.0625,-400000.0625,-400000.0625,-400000.0625
111.7038094997406,-400000.0625,-400000.0625,-400000.0625,-400000.0625,-400000.0625,-400000.0625,-400000.0625,-400000.0625
111.70381379127502,-400000.0625,-400000.0625,-400000.0625,-400000.0625,-400000.0625,-400000.0625,-400000.0625,-400000.0625
111.70381808280945,-400000.0625,-400000.0625,-400000.0625,-400000.0625,-400000.0625,-400000.0625,-400000.0625,-400000.0625
111.70382189750671,-400000.0625,-400000.0625,-400000.0625,-400000.0625,-400000.0625,-400000.0625,-400000.0625,-400000.0625
111.70382571220398,-400000.0625,-400000.0625,-400000.0625,-400000.0625,-400000.0625,-400000.0625,-400000.0625,-400000.0625
111.70382952690125,-400000.0625,-400000.0625,-400000.0625,-400000.0625,-400000.0625,-400000.0625,-400000.0625,-400000.0625
111.70383334159851,-400000.0625,-400000.0625,-400000.0625,-400000.0625,-400000.0625,-400000.0625,-400000.0625,-400000.0625
111.74808812141418,-400000.0625,-400000.0625,-400000.0625,-400000.0625,-400000.0625,-400000.0625,-400000.0625,-400000.0625
111.75860404968262,-400000.0625,-400000.0625,-400000.0625,-400000.0625,-400000.0625,-400000.0625,-400000.0625,-400000.0625
111.76511335372925,-400000.0625,-400000.0625,-400000.0625,-400000.0625,-400000.0625,-400000.0625,-400000.0625,-400000.0625
111.770090341568,-400000.0625,-400000.0625,-400000.0625,-400000.0625,-400000.0625,-400000.0625,-400000.0625,-400000.0625
111.77009987831116,-400000.0625,-400000.0625,-400000.0625,-400000.0625,-400000.0625,-400000.0625,-400000.0625,-400000.0625
111.77010536193848,-400000.0625,-400000.0625,-400000.0625,-400000.0625,-400000.0625,-400000.0625,-400000.0625,-400000.0625
111.7701096534729,-400000.0625,-400000.0625,-400000.0625,-400000.0625,-400000.0625,-400000.0625,-400000.0625,-400000.0625
111.77011394500732,-400000.0625,-400000.0625,-400000.0625,-400000.0625,-400000.0625,-400000.0625,-400000.0625,-400000.0625
111.77011823654175,-400000.0625,-400000.0625,-400000.0625,-400000.0625,-400000.0625,-400000.0625,-400000.0625,-400000.0625
111.77012228965759,-400000.0625,-400000.0625,-400000.0625,-400000.0625,-400000.0625,-400000.0625,-400000.0625,-400000.0625
111.77627730369568,-400000.0625,-400000.0625,-400000.0625,-400000.0625,-400000.0625,-400000.0625,-400000.0625,-400000.0625
111.7819173336029,-400000.0625,-400000.0625,-400000.0625,-400000.0625,-400000.0625,-400000.0625,-400000.0625,-400000.0625
111.78776144981384,-400000.0625,-400000.0625,-400000.0625,-400000.0625,-400000.0625,-400000.0625,-400000.0625,-400000.0625
111.79391551017761,-400000.0625,-400000.0625,-400000.0625,-400000.0625,-400000.0625,-400000.0625,-400000.0625,-400000.0625
111.79949808120728,-400000.0625,-400000.0625,-400000.0625,-400000.0625,-400000.0625,-400000.0625,-400000.0625,-400000.0625
111.80509233474731,-400000.0625,-400000.0625,-400000.0625,-400000.0625,-400000.0625,-400000.0625,-400000.0625,-400000.0625
111.82300519943237,-400000.0625,-400000.0625,-400000.0625,-400000.0625,-400000.0625,-400000.0625,-400000.0625,-400000.0625
111.8297917842865,-400000.0625,-400000.0625,-400000.0625,-400000.0625,-400000.0625,-400000.0625,-400000.0625,-400000.0625
111.83559608459473,-400000.0625,-400000.0625,-400000.0625,-400000.0625,-400000.0625,-400000.0625,-400000.0625,-400000.0625
111.84159874916077,-400000.0625,-400000.0625,-400000.0625,-400000.0625,-400000.0625,-400000.0625,-400000.0625,-400000.0625
111.84779286384583,-400000.0625,-400000.0625,-400000.0625,-400000.0625,-400000.0625,-400000.0625,-400000.0625,-400000.0625
111.85220980644226,-400000.0625,-400000.0625,-400000.0625,-400000.0625,-400000.0625,-400000.0625,-400000.0625,-400000.0625
111.8590292930603,-400000.0625,-400000.0625,-400000.0625,-400000.0625,-400000.0625,-400000.0625,-400000.0625,-400000.0625
111.8643319606781,-400000.0625,-400000.0625,-400000.0625,-400000.0625,-400000.0625,-400000.0625,-400000.0625,-400000.0625
111.86910772323608,-400000.0625,-400000.0625,-400000.0625,-400000.0625,-400000.0625,-400000.0625,-400000.0625,-400000.0625
111.8691177368164,-400000.0625,-400000.0625,-400000.0625,-400000.0625,-400000.0625,-400000.0625,-400000.0625,-400000.0625
111.86912226676941,-400000.0625,-400000.0625,-400000.0625,-400000.0625,-400000.0625,-400000.0625,-400000.0625,-400000.0625
111.86912655830383,-400000.0625,-400000.0625,-400000.0625,-400000.0625,-400000.0625,-400000.0625,-400000.0625,-400000.0625
111.86913084983826,-400000.0625,-400000.0625,-400000.0625,-400000.0625,-400000.0625,-400000.0625,-400000.0625,-400000.0625
111.86913466453552,-400000.0625,-400000.0625,-400000.0625,-400000.0625,-400000.0625,-400000.0625,-400000.0625,-400000.0625
111.86913847923279,-400000.0625,-400000.0625,-400000.0625,-400000.0625,-400000.0625,-400000.0625,-400000.0625,-400000.0625
111.86914229393005,-400000.0625,-400000.0625,-400000.0625,-400000.0625,-400000.0625,-400000.0625,-400000.0625,-400000.0625
111.87110543251038,-400000.0625,-400000.0625,-400000.0625,-400000.0625,-400000.0625,-400000.0625,-400000.0625,-400000.0625
111.87782859802246,-400000.0625,-400000.0625,-400000.0625,-400000.0625,-400000.0625,-400000.0625,-400000.0625,-400000.0625
111.88338708877563,-400000.0625,-400000.0625,-400000.0625,-400000.0625,-400000.0625,-400000.0625,-400000.0625,-400000.0625
111.8884847164154,-400000.0625,-400000.0625,-400000.0625,-400000.0625,-400000.0625,-400000.0625,-400000.0625,-400000.0625
111.89511275291443,-400000.0625,-400000.0625,-400000.0625,-400000.0625,-400000.0625,-400000.0625,-400000.0625,-400000.0625
111.90016341209412,-400000.0625,-400000.0625,-400000.0625,-400000.0625,-400000.0625,-400000.0625,-400000.0625,-400000.0625
111.90536236763,-400000.0625,-400000.0625,-400000.0625,-400000.0625,-400000.0625,-400000.0625,-400000.0625,-400000.0625
111.91069436073303,-400000.0625,-400000.0625,-400000.0625,-400000.0625,-400000.0625,-400000.0625,-400000.0625,-400000.0625
111.9153504371643,-400000.0625,-400000.0625,-400000.0625,-400000.0625,-400000.0625,-400000.0625,-400000.0625,-400000.0625
111.91535997390747,-400000.0625,-400000.0625,-400000.0625,-400000.0625,-400000.0625,-400000.0625,-400000.0625,-400000.0625
111.91536521911621,-400000.0625,-400000.0625,-400000.0625,-400000.0625,-400000.0625,-400000.0625,-400000.0625,-400000.0625
111.91536951065063,-400000.0625,-400000.0625,-400000.0625,-400000.0625,-400000.0625,-400000.0625,-400000.0625,-400000.0625
111.91537356376648,-400000.0625,-400000.0625,-400000.0625,-400000.0625,-400000.0625,-400000.0625,-400000.0625,-400000.0625
111.91537761688232,-400000.0625,-400000.0625,-400000.0625,-400000.0625,-400000.0625,-400000.0625,-400000.0625,-400000.0625
111.91538143157959,-400000.0625,-400000.0625,-400000.0625,-400000.0625,-400000.0625,-400000.0625,-400000.0625,-400000.0625
111.91538548469543,-400000.0625,-400000.0625,-400000.0625,-400000.0625,-400000.0625,-400000.0625,-400000.0625,-400000.0625
111.92775058746338,-400000.0625,-400000.0625,-400000.0625,-400000.0625,-400000.0625,-400000.0625,-400000.0625,-400000.0625
111.93293714523315,-400000.0625,-400000.0625,-400000.0625,-400000.0625,-400000.0625,-400000.0625,-400000.0625,-400000.0625
111.93737745285034,-400000.0625,-400000.0625,-400000.0625,-400000.0625,-400000.0625,-400000.0625,-400000.0625,-400000.0625
111.93738746643066,-400000.0625,-400000.0625,-400000.0625,-400000.0625,-400000.0625,-400000.0625,-400000.0625,-400000.0625
111.93739223480225,-400000.0625,-400000.0625,-400000.0625,-400000.0625,-400000.0625,-400000.0625,-400000.0625,-400000.0625
111.93739676475525,-400000.0625,-400000.0625,-400000.0625,-400000.0625,-400000.0625,-400000.0625,-400000.0625,-400000.0625
111.93740177154541,-400000.0625,-400000.0625,-400000.0625,-400000.0625,-400000.0625,-400000.0625,-400000.0625,-400000.0625
111.93740630149841,-400000.0625,-400000.0625,-400000.0625,-400000.0625,-400000.0625,-400000.0625,-400000.0625,-400000.0625
111.93741059303284,-400000.0625,-400000.0625,-400000.0625,-400000.0625,-400000.0625,-400000.0625,-400000.0625,-400000.0625
111.93741512298584,-400000.0625,-400000.0625,-400000.0625,-400000.0625,-400000.0625,-400000.0625,-400000.0625,-400000.0625
111.93741989135742,-400000.0625,-400000.0625,-400000.0625,-400000.0625,-400000.0625,-400000.0625,-400000.0625,-400000.0625
111.937424659729,-400000.0625,-400000.0625,-400000.0625,-400000.0625,-400000.0625,-400000.0625,-400000.0625,-400000.0625
111.93742895126343,-400000.0625,-400000.0625,-400000.0625,-400000.0625,-400000.0625,-400000.0625,-400000.0625,-400000.0625
111.93743443489075,-400000.0625,-400000.0625,-400000.0625,-400000.0625,-400000.0625,-400000.0625,-400000.0625,-400000.0625
111.93743968009949,-400000.0625,-400000.0625,-400000.0625,-400000.0625,-400000.0625,-400000.0625,-400000.0625,-400000.0625
111.93744850158691,-400000.0625,-400000.0625,-400000.0625,-400000.0625,-400000.0625,-400000.0625,-400000.0625,-400000.0625
111.99048447608948,-400000.0625,-400000.0625,-400000.0625,-400000.0625,-400000.0625,-400000.0625,-400000.0625,-400000.0625
112.00035762786865,-400000.0625,-400000.0625,-400000.0625,-400000.0625,-400000.0625,-400000.0625,-400000.0625,-400000.0625
112.00472354888916,-400000.0625,-400000.0625,-400000.0625,-400000.0625,-400000.0625,-400000.0625,-400000.0625,-400000.0625
112.00473189353943,-400000.0625,-400000.0625,-400000.0625,-400000.0625,-400000.0625,-400000.0625,-400000.0625,-400000.0625
112.00473713874817,-400000.0625,-400000.0625,-400000.0625,-400000.0625,-400000.0625,-400000.0625,-400000.0625,-400000.0625
112.00474166870117,-400000.0625,-400000.0625,-400000.0625,-400000.0625,-400000.0625,-400000.0625,-400000.0625,-400000.0625
112.00474643707275,-400000.0625,-400000.0625,-400000.0625,-400000.0625,-400000.0625,-400000.0625,-400000.0625,-400000.0625
112.00475025177002,-400000.0625,-400000.0625,-400000.0625,-400000.0625,-400000.0625,-400000.0625,-400000.0625,-400000.0625
112.00475454330444,-400000.0625,-400000.0625,-400000.0625,-400000.0625,-400000.0625,-400000.0625,-400000.0625,-400000.0625
112.00475883483887,-400000.0625,-400000.0625,-400000.0625,-400000.0625,-400000.0625,-400000.0625,-400000.0625,-400000.0625
112.00476288795471,-400000.0625,-400000.0625,-400000.0625,-400000.0625,-400000.0625,-400000.0625,-400000.0625,-400000.0625
112.00476670265198,-400000.0625,-400000.0625,-400000.0625,-400000.0625,-400000.0625,-400000.0625,-400000.0625,-400000.0625
112.00477075576782,-400000.0625,-400000.0625,-400000.0625,-400000.0625,-400000.0625,-400000.0625,-400000.0625,-400000.0625
112.00477433204651,-400000.0625,-400000.0625,-400000.0625,-400000.0625,-400000.0625,-400000.0625,-400000.0625,-400000.0625
112.00477814674377,-400000.0625,-400000.0625,-400000.0625,-400000.0625,-400000.0625,-400000.0625,-400000.0625,-400000.0625
112.00478219985962,-400000.0625,-400000.0625,-400000.0625,-400000.0625,-400000.0625,-400000.0625,-400000.0625,-400000.0625
112.09403729438782,-400000.0625,-400000.0625,-400000.0625,-400000.0625,-400000.0625,-400000.0625,-400000.0625,-400000.0625
112.11372947692871,-400000.0625,-400000.0625,-400000.0625,-400000.0625,-400000.0625,-400000.0625,-400000.0625,-400000.0625
112.11871361732483,-400000.0625,-400000.0625,-400000.0625,-400000.0625,-400000.0625,-400000.0625,-400000.0625,-400000.0625
112.11872267723083,-400000.0625,-400000.0625,-400000.0625,-400000.0625,-400000.0625,-400000.0625,-400000.0625,-400000.0625
112.11872911453247,-400000.0625,-400000.0625,-400000.0625,-400000.0625,-400000.0625,-400000.0625,-400000.0625,-400000.0625
112.11873531341553,-400000.0625,-400000.0625,-400000.0625,-400000.0625,-400000.0625,-400000.0625,-400000.0625,-400000.0625
112.12771272659302,-400000.0625,-400000.0625,-400000.0625,-400000.0625,-400000.0625,-400000.0625,-400000.0625,-400000.0625
112.13675904273987,-400000.0625,-400000.0625,-400000.0625,-400000.0625,-400000.0625,-400000.0625,-400000.0625,-400000.0625
112.14837527275085,-400000.0625,-400000.0625,-400000.0625,-400000.0625,-400000.0625,-400000.0625,-400000.0625,-400000.0625
112.16273713111877,-400000.0625,-400000.0625,-400000.0625,-400000.0625,-400000.0625,-400000.0625,-400000.0625,-400000.0625
112.17549347877502,-400000.0625,-400000.0625,-400000.0625,-400000.0625,-400000.0625,-400000.0625,-400000.0625,-400000.0625
112.1815824508667,-400000.0625,-400000.0625,-400000.0625,-400000.0625,-400000.0625,-400000.0625,-400000.0625,-400000.0625
112.20310091972351,-400000.0625,-400000.0625,-400000.0625,-400000.0625,-400000.0625,-400000.0625,-400000.0625,-400000.0625
112.24322533607483,-400000.0625,-400000.0625,-400000.0625,-400000.0625,-400000.0625,-400000.0625,-400000.0625,-400000.0625
112.25034928321838,-400000.0625,-400000.0625,-400000.0625,-400000.0625,-400000.0625,-400000.0625,-400000.0625,-400000.0625
112.26498937606812,-400000.0625,-400000.0625,-400000.0625,-400000.0625,-400000.0625,-400000.0625,-400000.0625,-400000.0625
112.27777934074402,-400000.0625,-400000.0625,-400000.0625,-400000.0625,-400000.0625,-400000.0625,-400000.0625,-400000.0625
112.29250621795654,-400000.0625,-400000.0625,-400000.0625,-400000.0625,-400000.0625,-400000.0625,-400000.0625,-400000.0625
112.30312991142273,-400000.0625,-400000.0625,-400000.0625,-400000.0625,-400000.0625,-400000.0625,-400000.0625,-400000.0625
112.31768345832825,-400000.0625,-400000.0625,-400000.0625,-400000.0625,-400000.0625,-400000.0625,-400000.0625,-400000.0625
112.33498096466064,-400000.0625,-400000.0625,-400000.0625,-400000.0625,-400000.0625,-400000.0625,-400000.0625,-400000.0625
112.34044194221497,-400000.0625,-400000.0625,-400000.0625,-400000.0625,-400000.0625,-400000.0625,-400000.0625,-400000.0625
112.35005617141724,-400000.0625,-400000.0625,-400000.0625,-400000.0625,-400000.0625,-400000.0625,-400000.0625,-400000.0625
112.35490489006042,-400000.0625,-400000.0625,-400000.0625,-400000.0625,-400000.0625,-400000.0625,-400000.0625,-400000.0625
112.35492038726807,-400000.0625,-400000.0625,-400000.0625,-400000.0625,-400000.0625,-400000.0625,-400000.0625,-400000.0625
112.3549280166626,-400000.0625,-400000.0625,-400000.0625,-400000.0625,-400000.0625,-400000.0625,-400000.0625,-400000.0625
112.35493540763855,-400000.0625,-400000.0625,-400000.0625,-400000.0625,-400000.0625,-400000.0625,-400000.0625,-400000.0625
112.35494184494019,-400000.0625,-400000.0625,-400000.0625,-400000.0625,-400000.0625,-400000.0625,-400000.0625,-400000.0625
112.35494947433472,-400000.0625,-400000.0625,-400000.0625,-400000.0625,-400000.0625,-400000.0625,-400000.0625,-400000.0625
112.35495686531067,-400000.0625,-400000.0625,-400000.0625,-400000.0625,-400000.0625,-400000.0625,-400000.0625,-400000.0625
112.35496354103088,-400000.0625,-400000.0625,-400000.0625,-400000.0625,-400000.0625,-400000.0625,-400000.0625,-400000.0625
112.35497093200684,-400000.0625,-400000.0625,-400000.0625,-400000.0625,-400000.0625,-400000.0625,-400000.0625,-400000.0625
112.35497903823853,-400000.0625,-400000.0625,-400000.0625,-400000.0625,-400000.0625,-400000.0625,-400000.0625,-400000.0625
112.3549861907959,-400000.0625,-400000.0625,-400000.0625,-400000.0625,-400000.0625,-400000.0625,-400000.0625,-400000.0625
112.35499548912048,-400000.0625,-400000.0625,-400000.0625,-400000.0625,-400000.0625,-400000.0625,-400000.0625,-400000.0625
112.35500526428223,-400000.0625,-400000.0625,-400000.0625,-400000.0625,-400000.0625,-400000.0625,-400000.0625,-400000.0625
112.35501408576965,-400000.0625,-400000.0625,-400000.0625,-400000.0625,-400000.0625,-400000.0625,-400000.0625,-400000.0625
112.35502171516418,-400000.0625,-400000.0625,-400000.0625,-400000.0625,-400000.0625,-400000.0625,-400000.0625,-400000.0625
112.3550283908844,-400000.0625,-400000.0625,-400000.0625,-400000.0625,-400000.0625,-400000.0625,-400000.0625,-400000.0625
112.35503554344177,-400000.0625,-400000.0625,-400000.0625,-400000.0625,-400000.0625,-400000.0625,-400000.0625,-400000.0625
112.35504293441772,-400000.0625,-400000.0625,-400000.0625,-400000.0625,-400000.0625,-400000.0625,-400000.0625,-400000.0625
112.35505080223083,-400000.0625,-400000.0625,-400000.0625,-400000.0625,-400000.0625,-400000.0625,-400000.0625,-400000.0625
112.35505843162537,-400000.0625,-400000.0625,-400000.0625,-400000.0625,-400000.0625,-400000.0625,-400000.0625,-400000.0625
112.35506534576416,-400000.0625,-400000.0625,-400000.0625,-400000.0625,-400000.0625,-400000.0625,-400000.0625,-400000.0625
112.36290407180786,-400000.0625,-400000.0625,-400000.0625,-400000.0625,-400000.0625,-400000.0625,-400000.0625,-400000.0625
112.37002849578857,-400000.0625,-400000.0625,-400000.0625,-400000.0625,-400000.0625,-400000.0625,-400000.0625,-400000.0625
112.37729072570801,-400000.0625,-400000.0625,-400000.0625,-400000.0625,-400000.0625,-400000.0625,-400000.0625,-400000.0625
112.3839647769928,-400000.0625,-400000.0625,-400000.0625,-400000.0625,-400000.0625,-400000.0625,-400000.0625,-400000.0625
112.38949680328369,-400000.0625,-400000.0625,-400000.0625,-400000.0625,-400000.0625,-400000.0625,-400000.0625,-400000.0625
112.3963360786438,-400000.0625,-400000.0625,-400000.0625,-400000.0625,-400000.0625,-400000.0625,-400000.0625,-400000.0625
112.40129661560059,-400000.0625,-400000.0625,-400000.0625,-400000.0625,-400000.0625,-400000.0625,-400000.0625,-400000.0625
112.40130686759949,-400000.0625,-400000.0625,-400000.0625,-400000.0625,-400000.0625,-400000.0625,-400000.0625,-400000.0625
112.40131163597107,-400000.0625,-400000.0625,-400000.0625,-400000.0625,-400000.0625,-400000.0625,-400000.0625,-400000.0625
112.40131688117981,-400000.0625,-400000.0625,-400000.0625,-400000.0625,-400000.0625,-400000.0625,-400000.0625,-400000.0625
112.40132212638855,-400000.0625,-400000.0625,-400000.0625,-400000.0625,-400000.0625,-400000.0625,-400000.0625,-400000.0625
112.4013261795044,-400000.0625,-400000.0625,-400000.0625,-400000.0625,-400000.0625,-400000.0625,-400000.0625,-400000.0625
112.40133047103882,-400000.0625,-400000.0625,-400000.0625,-400000.0625,-400000.0625,-400000.0625,-400000.0625,-400000.0625
112.40133500099182,-400000.0625,-400000.0625,-400000.0625,-400000.0625,-400000.0625,-400000.0625,-400000.0625,-400000.0625
112.40133905410767,-400000.0625,-400000.0625,-400000.0625,-400000.0625,-400000.0625,-400000.0625,-400000.0625,-400000.0625
112.40134286880493,-400000.0625,-400000.0625,-400000.0625,-400000.0625,-400000.0625,-400000.0625,-400000.0625,-400000.0625
112.40919828414917,-400000.0625,-400000.0625,-400000.0625,-400000.0625,-400000.0625,-400000.0625,-400000.0625,-400000.0625
112.41958093643188,-400000.0625,-400000.0625,-400000.0625,-400000.0625,-400000.0625,-400000.0625,-400000.0625,-400000.0625
112.42680239677429,-400000.0625,-400000.0625,-400000.0625,-400000.0625,-400000.0625,-400000.0625,-400000.0625,-400000.0625
112.4322874546051,-400000.0625,-400000.0625,-400000.0625,-400000.0625,-400000.0625,-400000.0625,-400000.0625,-400000.0625
112.4373836517334,-400000.0625,-400000.0625,-400000.0625,-400000.0625,-400000.0625,-400000.0625,-400000.0625,-400000.0625
112.44494557380676,-400000.0625,-400000.0625,-400000.0625,-400000.0625,-400000.0625,-400000.0625,-400000.0625,-400000.0625
112.4500184059143,-400000.0625,-400000.0625,-400000.0625,-400000.0625,-400000.0625,-400000.0625,-400000.0625,-400000.0625
112.45474791526794,-400000.0625,-400000.0625,-400000.0625,-400000.0625,-400000.0625,-400000.0625,-400000.0625,-400000.0625
112.45475697517395,-400000.0625,-400000.0625,-400000.0625,-400000.0625,-400000.0625,-400000.0625,-400000.0625,-400000.0625
112.45476150512695,-400000.0625,-400000.0625,-400000.0625,-400000.0625,-400000.0625,-400000.0625,-400000.0625,-400000.0625
112.45476603507996,-400000.0625,-400000.0625,-400000.0625,-400000.0625,-400000.0625,-400000.0625,-400000.0625,-400000.0625
112.45476984977722,-400000.0625,-400000.0625,-400000.0625,-400000.0625,-400000.0625,-400000.0625,-400000.0625,-400000.0625
112.45477366447449,-400000.0625,-400000.0625,-400000.0625,-400000.0625,-400000.0625,-400000.0625,-400000.0625,-400000.0625
112.45477771759033,-400000.0625,-400000.0625,-400000.0625,-400000.0625,-400000.0625,-400000.0625,-400000.0625,-400000.0625
112.4547815322876,-400000.0625,-400000.0625,-400000.0625,-400000.0625,-400000.0625,-400000.0625,-400000.0625,-400000.0625
112.45478534698486,-400000.0625,-400000.0625,-400000.0625,-400000.0625,-400000.0625,-400000.0625,-400000.0625,-400000.0625
112.45478940010071,-400000.0625,-400000.0625,-400000.0625,-400000.0625,-400000.0625,-400000.0625,-400000.0625,-400000.0625
112.45479321479797,-400000.0625,-400000.0625,-400000.0625,-400000.0625,-400000.0625,-400000.0625,-400000.0625,-400000.0625
112.4547975063324,-400000.0625,-400000.0625,-400000.0625,-400000.0625,-400000.0625,-400000.0625,-400000.0625,-400000.0625
112.45480155944824,-400000.0625,-400000.0625,-400000.0625,-400000.0625,-400000.0625,-400000.0625,-400000.0625,-400000.0625
112.45480585098267,-400000.0625,-400000.0625,-400000.0625,-400000.0625,-400000.0625,-400000.0625,-400000.0625,-400000.0625
112.4548110961914,-400000.0625,-400000.0625,-400000.0625,-400000.0625,-400000.0625,-400000.0625,-400000.0625,-400000.0625
112.45481491088867,-400000.0625,-400000.0625,-400000.0625,-400000.0625,-400000.0625,-400000.0625,-400000.0625,-400000.0625
112.45481872558594,-400000.0625,-400000.0625,-400000.0625,-400000.0625,-400000.0625,-400000.0625,-400000.0625,-400000.0625
112.45482325553894,-400000.0625,-400000.0625,-400000.0625,-400000.0625,-400000.0625,-400000.0625,-400000.0625,-400000.0625
112.4548270702362,-400000.0625,-400000.0625,-400000.0625,-400000.0625,-400000.0625,-400000.0625,-400000.0625,-400000.0625
112.45483088493347,-400000.0625,-400000.0625,-400000.0625,-400000.0625,-400000.0625,-400000.0625,-400000.0625,-400000.0625
112.45483446121216,-400000.0625,-400000.0625,-400000.0625,-400000.0625,-400000.0625,-400000.0625,-400000.0625,-400000.0625
112.45483827590942,-400000.0625,-400000.0625,-400000.0625,-400000.0625,-400000.0625,-400000.0625,-400000.0625,-400000.0625
112.45484232902527,-400000.0625,-400000.0625,-400000.0625,-400000.0625,-400000.0625,-400000.0625,-400000.0625,-400000.0625
112.45484614372253,-400000.0625,-400000.0625,-400000.0625,-400000.0625,-400000.0625,-400000.0625,-400000.0625,-400000.0625
112.45485019683838,-400000.0625,-400000.0625,-400000.0625,-400000.0625,-400000.0625,-400000.0625,-400000.0625,-400000.0625
112.45485424995422,-400000.0625,-400000.0625,-400000.0625,-400000.0625,-400000.0625,-400000.0625,-400000.0625,-400000.0625
112.45485806465149,-400000.0625,-400000.0625,-400000.0625,-400000.0625,-400000.0625,-400000.0625,-400000.0625,-400000.0625
112.45486187934875,-400000.0625,-400000.0625,-400000.0625,-400000.0625,-400000.0625,-400000.0625,-400000.0625,-400000.0625
112.45486640930176,-400000.0625,-400000.0625,-400000.0625,-400000.0625,-400000.0625,-400000.0625,-400000.0625,-400000.0625
112.4749858379364,-400000.0625,-400000.0625,-400000.0625,-400000.0625,-400000.0625,-400000.0625,-400000.0625,-400000.0625
112.48126411437988,-400000.0625,-400000.0625,-400000.0625,-400000.0625,-400000.0625,-400000.0625,-400000.0625,-400000.0625
112.48756146430969,-400000.0625,-400000.0625,-400000.0625,-400000.0625,-400000.0625,-400000.0625,-400000.0625,-400000.0625
112.49380898475647,-400000.0625,-400000.0625,-400000.0625,-400000.0625,-400000.0625,-400000.0625,-400000.0625,-400000.0625
112.49882459640503,-400000.0625,-400000.0625,-400000.0625,-400000.0625,-400000.0625,-400000.0625,-400000.0625,-400000.0625
112.50386667251587,-400000.0625,-400000.0625,-400000.0625,-400000.0625,-400000.0625,-400000.0625,-400000.0625,-400000.0625
112.51001787185669,-400000.0625,-400000.0625,-400000.0625,-400000.0625,-400000.0625,-400000.0625,-400000.0625,-400000.0625
112.51972246170044,-400000.0625,-400000.0625,-400000.0625,-400000.0625,-400000.0625,-400000.0625,-400000.0625,-400000.0625
112.52833294868469,-400000.0625,-400000.0625,-400000.0625,-400000.0625,-400000.0625,-400000.0625,-400000.0625,-400000.0625
112.53452277183533,-400000.0625,-400000.0625,-400000.0625,-400000.0625,-400000.0625,-400000.0625,-400000.0625,-400000.0625
112.54082608222961,-400000.0625,-400000.0625,-400000.0625,-400000.0625,-400000.0625,-400000.0625,-400000.0625,-400000.0625
112.54740858078003,-400000.0625,-400000.0625,-400000.0625,-400000.0625,-400000.0625,-400000.0625,-400000.0625,-400000.0625
112.55274415016174,-400000.0625,-400000.0625,-400000.0625,-400000.0625,-400000.0625,-400000.0625,-400000.0625,-400000.0625
112.56144785881042,-400000.0625,-400000.0625,-400000.0625,-400000.0625,-400000.0625,-400000.0625,-400000.0625,-400000.0625
112.56667947769165,-400000.0625,-400000.0625,-400000.0625,-400000.0625,-400000.0625,-400000.0625,-400000.0625,-400000.0625
112.57200384140015,-400000.0625,-400000.0625,-400000.0625,-400000.0625,-400000.0625,-400000.0625,-400000.0625,-400000.0625
112.59450435638428,-400000.0625,-400000.0625,-400000.0625,-400000.0625,-400000.0625,-400000.0625,-400000.0625,-400000.0625
112.60208463668823,-400000.0625,-400000.0625,-400000.0625,-400000.0625,-400000.0625,-400000.0625,-400000.0625,-400000.0625
112.61103105545044,-400000.0625,-400000.0625,-400000.0625,-400000.0625,-400000.0625,-400000.0625,-400000.0625,-400000.0625
112.6330361366272,-400000.0625,-400000.0625,-400000.0625,-400000.0625,-400000.0625,-400000.0625,-400000.0625,-400000.0625
112.64505338668823,-400000.0625,-400000.0625,-400000.0625,-400000.0625,-400000.0625,-400000.0625,-400000.0625,-400000.0625
112.6561541557312,-400000.0625,-400000.0625,-400000.0625,-400000.0625,-400000.0625,-400000.0625,-400000.0625,-400000.0625
112.66642308235168,-400000.0625,-400000.0625,-400000.0625,-400000.0625,-400000.0625,-400000.0625,-400000.0625,-400000.0625
112.67456030845642,-400000.0625,-400000.0625,-400000.0625,-400000.0625,-400000.0625,-400000.0625,-400000.0625,-400000.0625
112.68749809265137,-400000.0625,-400000.0625,-400000.0625,-400000.0625,-400000.0625,-400000.0625,-400000.0625,-400000.0625
112.71292853355408,-400000.0625,-400000.0625,-400000.0625,-400000.0625,-400000.0625,-400000.0625,-400000.0625,-400000.0625
