time,ch1,ch2,ch3,ch4,ch5,ch6,ch7,ch8
164.28372859954834,-400000.0625,-11599.6904296875,-6277.18017578125,-400000.0625,-18882.369140625,-400000.0625,-4990.85986328125,-400000.0625
164.30051565170288,-400000.0625,-11580.66015625,-6261.72998046875,-400000.0625,-18868.0703125,-400000.0625,-4972.89013671875,-400000.0625
164.31464266777039,-400000.0625,-11601.400390625,-6279.89990234375,-400000.0625,-18882.80078125,-400000.0625,-4991.14990234375,-400000.0625
164.3249707221985,-400000.0625,-11629.3896484375,-6301.97998046875,-400000.0625,-18899.490234375,-400000.0625,-5019.0498046875,-400000.0625
164.34721517562866,-400000.0625,-11635.58984375,-6305.64990234375,-400000.0625,-18906.359375,-400000.0625,-5025.81982421875,-400000.0625
164.38648915290833,-400000.0625,-11619.5703125,-6292.68017578125,-400000.0625,-18900.400390625,-400000.0625,-5010.18017578125,-400000.0625
164.40182518959045,-400000.0625,-11601.400390625,-6277.419921875,-400000.0625,-18880.990234375,-400000.0625,-4990.009765625,-400000.0625
164.41440200805664,-400000.0625,-11598.16015625,-6274.509765625,-400000.0625,-18873.119140625,-400000.0625,-4985.0498046875,-400000.0625
164.4290735721588,-400000.0625,-11628.6298828125,-6296.10986328125,-400000.0625,-18893.76953125,-400000.0625,-5013.509765625,-400000.0625
164.44624662399292,-400000.0625,-11644.599609375,-6312.89990234375,-400000.0625,-18908.55078125,-400000.0625,-5033.919921875,-400000.0625
164.4580955505371,-400000.0625,-11636.1201171875,-6301.259765625,-400000.0625,-18904.01953125,-400000.0625,-5017.47021484375,-400000.0625
164.49399709701538,-400000.0625,-11612.7998046875,-6275.1298828125,-400000.0625,-18880.75,-400000.0625,-4991.33984375,-400000.0625
164.5044994354248,-400000.0625,-11615.1298828125,-6280.9501953125,-400000.0625,-18887.759765625,-400000.0625,-4996.72998046875,-400000.0625
164.52494955062866,-400000.0625,-11643.4599609375,-6312.60986328125,-400000.0625,-18903.44921875,-400000.0625,-5024.77001953125,-400000.0625
164.53510665893555,-400000.0625,-11654.330078125,-6320.3798828125,-400000.0625,-18908.55078125,-400000.0625,-5025.91015625,-400000.0625
164.55738258361816,-400000.0625,-11635.400390625,-6302.8798828125,-400000.0625,-18897.009765625,-400000.0625,-5007.31982421875,-400000.0625
164.56817030906677,-400000.0625,-11619.4697265625,-6283.14013671875,-400000.0625,-18877.599609375,-400000.0625,-4977.1298828125,-400000.0625
164.6102421283722,-400000.0625,-11618.8095703125,-6284.52001953125,-400000.0625,-18872.98046875,-400000.0625,-4973.27001953125,-400000.0625
164.62080001831055,-400000.0625,-11649.3203125,-6311.60986328125,-400000.0625,-18894.25,-400000.0625,-5006.97998046875,-400000.0625
164.6433229446411,-400000.0625,-11670.6396484375,-6330.919921875,-400000.0625,-18917.75,-400000.0625,-5024.72021484375,-400000.0625
164.65818881988525,-400000.0625,-11642.98046875,-6306.7001953125,-400000.0625,-18895.150390625,-400000.0625,-4996.2001953125,-400000.0625
164.67052292823792,-400000.0625,-11621.759765625,-6285.240234375,-400000.0625,-18878.1796875,-400000.0625,-4971.35986328125,-400000.0625
164.72146105766296,-400000.0625,-11630.6298828125,-6292.490234375,-400000.0625,-18885.7109375,-400000.0625,-4982.0400390625,-400000.0625
164.7469630241394,-400000.0625,-11665.0595703125,-6322.18994140625,-400000.0625,-18905.880859375,-400000.0625,-5015.419921875,-400000.0625
164.76439332962036,-400000.0625,-11673.400390625,-6329.16015625,-400000.0625,-18910.41015625,-400000.0625,-5025.77001953125,-400000.0625
164.78656101226807,-400000.0625,-11644.8896484375,-6302.740234375,-400000.0625,-18887.0,-400000.0625,-4995.97021484375,-400000.0625
164.8270652294159,-400000.0625,-11621.2900390625,-6281.330078125,-400000.0625,-18870.880859375,-400000.0625,-4972.4599609375,-400000.0625
164.8524398803711,-400000.0625,-11638.259765625,-6295.72998046875,-400000.0625,-18884.279296875,-400000.0625,-4990.85986328125,-400000.0625
164.8800344467163,-400000.0625,-11666.490234375,-6319.2900390625,-400000.0625,-18911.26953125,-400000.0625,-5021.52978515625,-400000.0625
164.90310883522034,-400000.0625,-11674.3603515625,-6326.72021484375,-400000.0625,-18915.509765625,-400000.0625,-5030.68017578125,-400000.0625
164.95803809165955,-400000.0625,-11648.0400390625,-6302.06982421875,-400000.0625,-18890.5703125,-400000.0625,-4998.77978515625,-400000.0625
164.97237467765808,-400000.0625,-11629.2001953125,-6281.6201171875,-400000.0625,-18875.119140625,-400000.0625,-4979.22998046875,-400000.0625
165.00032329559326,-400000.0625,-11644.080078125,-6286.0,-400000.0625,-18879.609375,-400000.0625,-4988.72021484375,-400000.0625
165.02309250831604,-400000.0625,-11686.419921875,-6319.18994140625,-400000.0625,-18909.55078125,-400000.0625,-5023.10009765625,-400000.0625
165.07285714149475,-400000.0625,-11687.4697265625,-6333.4501953125,-400000.0625,-18914.890625,-400000.0625,-5024.9599609375,-400000.0625
165.09769582748413,-400000.0625,-11662.0595703125,-6317.330078125,-400000.0625,-18893.05078125,-400000.0625,-5001.77978515625,-400000.0625
165.11764240264893,-400000.0625,-11637.8798828125,-6293.43994140625,-400000.0625,-18871.830078125,-400000.0625,-4967.31005859375,-400000.0625
165.14176034927368,-400000.0625,-11648.7998046875,-6302.02001953125,-400000.0625,-18874.26953125,-400000.0625,-4976.4599609375,-400000.0625
165.20183610916138,-400000.0625,-11679.83984375,-6327.25,-400000.0625,-18900.58984375,-400000.0625,-5002.4501953125,-400000.0625
165.22463393211365,-400000.0625,-11689.51953125,-6333.16015625,-400000.0625,-18905.740234375,-400000.0625,-5006.169921875,-400000.0625
165.24045038223267,-400000.0625,-11681.1796875,-6322.77001953125,-400000.0625,-18899.060546875,-400000.0625,-4992.009765625,-400000.0625
165.26175618171692,-400000.0625,-11656.759765625,-6303.1201171875,-400000.0625,-18879.1796875,-400000.0625,-4973.7001953125,-400000.0625
165.30340147018433,-400000.0625,-11663.3896484375,-6310.31982421875,-400000.0625,-18882.849609375,-400000.0625,-4982.89990234375,-400000.0625
165.31825399398804,-400000.0625,-11698.91015625,-6341.02978515625,-400000.0625,-18906.44921875,-400000.0625,-5011.89013671875,-400000.0625
165.34270691871643,-400000.0625,-11709.740234375,-6348.89990234375,-400000.0625,-18914.69921875,-400000.0625,-5021.0,-400000.0625
165.3561749458313,-400000.0625,-11682.650390625,-6325.669921875,-400000.0625,-18896.73046875,-400000.0625,-4994.10986328125,-400000.0625
165.37787580490112,-400000.0625,-11652.3798828125,-6300.8798828125,-400000.0625,-18875.650390625,-400000.0625,-4968.4501953125,-400000.0625
165.42846035957336,-400000.0625,-11663.8203125,-6307.5498046875,-400000.0625,-18879.26953125,-400000.0625,-4972.83984375,-400000.0625
165.44538831710815,-400000.0625,-11688.0400390625,-6326.009765625,-400000.0625,-18895.869140625,-400000.0625,-4998.72998046875,-400000.0625
165.46546936035156,-400000.0625,-11700.9697265625,-6339.740234375,-400000.0625,-18907.689453125,-400000.0625,-5016.60986328125,-400000.0625
165.49600315093994,-400000.0625,-11676.0302734375,-6318.14013671875,-400000.0625,-18887.189453125,-400000.0625,-4992.81982421875,-400000.0625
165.5593683719635,-400000.0625,-11662.2001953125,-6304.31005859375,-400000.0625,-18877.169921875,-400000.0625,-4978.3701171875,-400000.0625
165.58100938796997,-400000.0625,-11676.4599609375,-6316.419921875,-400000.0625,-18888.05078125,-400000.0625,-4988.72021484375,-400000.0625
165.61298871040344,-400000.0625,-11702.9697265625,-6337.4501953125,-400000.0625,-18909.310546875,-400000.0625,-5013.89990234375,-400000.0625
165.69206070899963,-400000.0625,-11707.01953125,-6340.83984375,-400000.0625,-18914.419921875,-400000.0625,-5020.3798828125,-400000.0625
165.73145747184753,-400000.0625,-11680.3701171875,-6318.6201171875,-400000.0625,-18893.76953125,-400000.0625,-4987.81005859375,-400000.0625
165.79802894592285,-400000.0625,-11656.5703125,-6295.16015625,-400000.0625,-18876.3203125,-400000.0625,-4964.35009765625,-400000.0625
165.8230962753296,-400000.0625,-11667.2998046875,-6304.60009765625,-400000.0625,-18875.9296875,-400000.0625,-4976.27001953125,-400000.0625
165.8413372039795,-400000.0625,-11708.8798828125,-6342.4599609375,-400000.0625,-18908.119140625,-400000.0625,-5018.47021484375,-400000.0625
165.9058620929718,-400000.0625,-11723.6201171875,-6352.9501953125,-400000.0625,-18918.849609375,-400000.0625,-5027.10009765625,-400000.0625
165.92633891105652,-400000.0625,-11691.8603515625,-6323.39013671875,-400000.0625,-18892.390625,-400000.0625,-4995.81982421875,-400000.0625
165.94359970092773,-400000.0625,-11671.259765625,-6303.5498046875,-400000.0625,-18876.75,-400000.0625,-4971.169921875,-400000.0625
165.99789476394653,-400000.0625,-11683.0400390625,-6309.7001953125,-400000.0625,-18881.849609375,-400000.0625,-4985.85986328125,-400000.0625
166.0166642665863,-400000.0625,-11708.3603515625,-6328.77001953125,-400000.0625,-18899.009765625,-400000.0625,-5011.60986328125,-400000.0625
166.037456035614,-400000.0625,-11718.9404296875,-6336.8798828125,-400000.0625,-18908.4609375,-400000.0625,-5019.6201171875,-400000.0625
166.05884099006653,-400000.0625,-11707.16015625,-6330.25,-400000.0625,-18906.98046875,-400000.0625,-5006.169921875,-400000.0625
166.1149139404297,-400000.0625,-11688.66015625,-6315.52001953125,-400000.0625,-18889.94921875,-400000.0625,-4986.0,-400000.0625
166.13406205177307,-400000.0625,-11687.7099609375,-6314.330078125,-400000.0625,-18891.810546875,-400000.0625,-4989.0,-400000.0625
166.1588101387024,-400000.0625,-11718.4697265625,-6338.68994140625,-400000.0625,-18906.0703125,-400000.0625,-5017.18994140625,-400000.0625
166.18659090995789,-400000.0625,-11730.580078125,-6348.93994140625,-400000.0625,-18913.41015625,-400000.0625,-5033.5400390625,-400000.0625
166.24140763282776,-400000.0625,-11700.2998046875,-6321.14013671875,-400000.0625,-18895.009765625,-400000.0625,-5003.259765625,-400000.0625
166.26582288742065,-400000.0625,-11677.7900390625,-6302.41015625,-400000.0625,-18874.359375,-400000.0625,-4979.60986328125,-400000.0625
166.2818214893341,-400000.0625,-11695.0,-6315.27978515625,-400000.0625,-18879.990234375,-400000.0625,-4993.14990234375,-400000.0625
166.30005931854248,-400000.0625,-11728.5302734375,-6343.64990234375,-400000.0625,-18907.169921875,-400000.0625,-5020.52001953125,-400000.0625
166.35109543800354,-400000.0625,-11740.1103515625,-6356.9599609375,-400000.0625,-18924.099609375,-400000.0625,-5033.5400390625,-400000.0625
166.37241077423096,-400000.0625,-11711.4599609375,-6330.58984375,-400000.0625,-18897.9609375,-400000.0625,-5009.1298828125,-400000.0625
166.38917565345764,-400000.0625,-11680.7001953125,-6299.830078125,-400000.0625,-18870.640625,-400000.0625,-4975.83984375,-400000.0625
166.40951776504517,-400000.0625,-11696.5302734375,-6309.89013671875,-400000.0625,-18882.369140625,-400000.0625,-4991.580078125,-400000.0625
166.46006894111633,-400000.0625,-11731.669921875,-6338.83984375,-400000.0625,-18907.9296875,-400000.0625,-5023.0,-400000.0625
166.48628044128418,-400000.0625,-11744.1201171875,-6351.66015625,-400000.0625,-18919.419921875,-400000.0625,-5031.8701171875,-400000.0625
166.50463390350342,-400000.0625,-11730.669921875,-6340.35986328125,-400000.0625,-18907.359375,-400000.0625,-5018.43017578125,-400000.0625
166.52960300445557,-400000.0625,-11707.5,-6319.330078125,-400000.0625,-18890.099609375,-400000.0625,-4992.81982421875,-400000.0625
166.58409881591797,-400000.0625,-11711.3095703125,-6321.0,-400000.0625,-18891.619140625,-400000.0625,-4995.2001953125,-400000.0625
166.5975477695465,-400000.0625,-11734.8203125,-6338.97998046875,-400000.0625,-18909.5,-400000.0625,-5020.81005859375,-400000.0625
166.62419962882996,-400000.0625,-11734.25,-6336.5,-400000.0625,-18906.359375,-400000.0625,-5016.52001953125,-400000.0625
166.64898824691772,-400000.0625,-11709.830078125,-6319.3798828125,-400000.0625,-18887.51953125,-400000.0625,-4992.10009765625,-400000.0625
166.69486212730408,-400000.0625,-11695.099609375,-6307.5498046875,-400000.0625,-18873.0703125,-400000.0625,-4974.56005859375,-400000.0625
166.7116060256958,-400000.0625,-11706.5400390625,-6315.759765625,-400000.0625,-18883.900390625,-400000.0625,-4985.6201171875,-400000.0625
166.74499082565308,-400000.0625,-11743.8798828125,-6347.18017578125,-400000.0625,-18918.330078125,-400000.0625,-5021.6201171875,-400000.0625
166.76311993598938,-400000.0625,-11760.8095703125,-6360.39013671875,-400000.0625,-18928.05078125,-400000.0625,-5034.5,-400000.0625
166.81911516189575,-400000.0625,-11733.099609375,-6335.68994140625,-400000.0625,-18904.55078125,-400000.0625,-5006.22021484375,-400000.0625
166.83150839805603,-400000.0625,-11707.9296875,-6312.31982421875,-400000.0625,-18884.140625,-400000.0625,-4980.60986328125,-400000.0625
166.84551286697388,-400000.0625,-11720.1796875,-6323.6201171875,-400000.0625,-18889.669921875,-400000.0625,-4994.14990234375,-400000.0625
166.859459400177,-400000.0625,-11746.0703125,-6342.02978515625,-400000.0625,-18906.0703125,-400000.0625,-5022.240234375,-400000.0625
166.87933802604675,-400000.0625,-11750.1298828125,-6343.64990234375,-400000.0625,-18911.41015625,-400000.0625,-5026.81982421875,-400000.0625
166.92818593978882,-400000.0625,-11721.330078125,-6319.81005859375,-400000.0625,-18891.150390625,-400000.0625,-4998.10986328125,-400000.0625
166.94856023788452,-400000.0625,-11717.8896484375,-6317.22998046875,-400000.0625,-18886.279296875,-400000.0625,-4990.52978515625,-400000.0625
166.96165204048157,-400000.0625,-11732.8701171875,-6331.64013671875,-400000.0625,-18900.830078125,-400000.0625,-5003.7900390625,-400000.0625
166.98181700706482,-400000.0625,-11757.330078125,-6347.60986328125,-400000.0625,-18915.849609375,-400000.0625,-5028.77001953125,-400000.0625
167.0251588821411,-400000.0625,-11763.4296875,-6350.89990234375,-400000.0625,-18915.69921875,-400000.0625,-5030.009765625,-400000.0625
167.04789113998413,-400000.0625,-11735.2001953125,-6328.490234375,-400000.0625,-18894.91015625,-400000.0625,-5004.97998046875,-400000.0625
167.0672059059143,-400000.0625,-11718.080078125,-6313.52001953125,-400000.0625,-18882.80078125,-400000.0625,-4987.81005859375,-400000.0625
167.08779287338257,-400000.0625,-11727.3798828125,-6317.22998046875,-400000.0625,-18887.380859375,-400000.0625,-4999.58984375,-400000.0625
167.15906524658203,-400000.0625,-11756.900390625,-6344.75,-400000.0625,-18909.169921875,-400000.0625,-5029.77001953125,-400000.0625
167.17120814323425,-400000.0625,-11764.0498046875,-6351.0400390625,-400000.0625,-18919.1796875,-400000.0625,-5038.740234375,-400000.0625
167.19783115386963,-400000.0625,-11749.98046875,-6338.31005859375,-400000.0625,-18908.4609375,-400000.0625,-5021.0,-400000.0625
167.26051115989685,-400000.0625,-11731.33984375,-6320.10009765625,-400000.0625,-18887.810546875,-400000.0625,-4997.5400390625,-400000.0625
167.28602933883667,-400000.0625,-11732.8701171875,-6324.2001953125,-400000.0625,-18890.0,-400000.0625,-5003.259765625,-400000.0625
167.30439114570618,-400000.0625,-11760.669921875,-6346.7998046875,-400000.0625,-18908.220703125,-400000.0625,-5030.2998046875,-400000.0625
167.35371851921082,-400000.0625,-11768.2001953125,-6350.18017578125,-400000.0625,-18916.470703125,-400000.0625,-5039.8798828125,-400000.0625
167.36645770072937,-400000.0625,-11742.6904296875,-6325.009765625,-400000.0625,-18896.009765625,-400000.0625,-5013.85009765625,-400000.0625
167.386958360672,-400000.0625,-11714.509765625,-6300.830078125,-400000.0625,-18873.029296875,-400000.0625,-4985.14013671875,-400000.0625
167.40738725662231,-400000.0625,-11737.16015625,-6320.6201171875,-400000.0625,-18892.619140625,-400000.0625,-5006.89013671875,-400000.0625
167.46002745628357,-400000.0625,-11765.099609375,-6344.93994140625,-400000.0625,-18916.23046875,-400000.0625,-5031.72998046875,-400000.0625
167.47569751739502,-400000.0625,-11775.16015625,-6350.0400390625,-400000.0625,-18918.80078125,-400000.0625,-5040.35986328125,-400000.0625
167.49767088890076,-400000.0625,-11749.1298828125,-6328.81982421875,-400000.0625,-18897.580078125,-400000.0625,-5016.0400390625,-400000.0625
167.5100224018097,-400000.0625,-11721.419921875,-6304.83984375,-400000.0625,-18876.98046875,-400000.0625,-4993.2998046875,-400000.0625
167.5551474094391,-400000.0625,-11736.73046875,-6316.22998046875,-400000.0625,-18887.619140625,-400000.0625,-5003.8798828125,-400000.0625
167.5715103149414,-400000.0625,-11773.400390625,-6347.60986328125,-400000.0625,-18917.08984375,-400000.0625,-5039.5498046875,-400000.0625
167.58141803741455,-400000.0625,-11772.6796875,-6345.31982421875,-400000.0625,-18911.359375,-400000.0625,-5034.58984375,-400000.0625
167.59873914718628,-400000.0625,-11739.919921875,-6316.759765625,-400000.0625,-18880.849609375,-400000.0625,-5004.5498046875,-400000.0625
167.61377596855164,-400000.0625,-11731.009765625,-6309.080078125,-400000.0625,-18879.939453125,-400000.0625,-4996.43994140625,-400000.0625
167.6755406856537,-400000.0625,-11737.2001953125,-6315.9501953125,-400000.0625,-18890.4296875,-400000.0625,-5003.2099609375,-400000.0625
167.69493961334229,-400000.0625,-11771.73046875,-6345.85009765625,-400000.0625,-18914.029296875,-400000.0625,-5032.10986328125,-400000.0625
167.71229481697083,-400000.0625,-11787.6103515625,-6358.240234375,-400000.0625,-18925.759765625,-400000.0625,-5037.39990234375,-400000.0625
167.74159359931946,-400000.0625,-11769.3896484375,-6338.740234375,-400000.0625,-18910.650390625,-400000.0625,-5015.47021484375,-400000.0625
167.78217840194702,-400000.0625,-11747.4599609375,-6326.52978515625,-400000.0625,-18899.349609375,-400000.0625,-4994.10986328125,-400000.0625
167.80223608016968,-400000.0625,-11753.990234375,-6327.9599609375,-400000.0625,-18898.060546875,-400000.0625,-5007.7001953125,-400000.0625
167.81494998931885,-400000.0625,-11766.2900390625,-6334.72998046875,-400000.0625,-18905.689453125,-400000.0625,-5039.93017578125,-400000.0625
167.83374786376953,-400000.0625,-11767.48046875,-6333.72998046875,-400000.0625,-18908.220703125,-400000.0625,-5047.419921875,-400000.0625
167.8524889945984,-400000.0625,-11749.8896484375,-6317.89990234375,-400000.0625,-18892.76953125,-400000.0625,-5036.39990234375,-400000.0625
167.89329648017883,-400000.0625,-11718.8896484375,-6289.81982421875,-400000.0625,-18869.9296875,-400000.0625,-5003.7900390625,-400000.0625
167.9111499786377,-400000.0625,-11737.58984375,-6303.4501953125,-400000.0625,-18884.140625,-400000.0625,-5020.18994140625,-400000.0625
167.93016362190247,-400000.0625,-11775.1103515625,-6337.68994140625,-400000.0625,-18913.220703125,-400000.0625,-5061.33984375,-400000.0625
167.94374322891235,-400000.0625,-11779.740234375,-6339.7900390625,-400000.0625,-18914.80078125,-400000.0625,-5065.43994140625,-400000.0625
167.96803522109985,-400000.0625,-11757.2802734375,-6321.759765625,-400000.0625,-18901.6796875,-400000.0625,-5040.06982421875,-400000.0625
168.00901818275452,-400000.0625,-11735.2998046875,-6300.77978515625,-400000.0625,-18881.1796875,-400000.0625,-5015.330078125,-400000.0625
168.02871346473694,-400000.0625,-11755.6103515625,-6315.759765625,-400000.0625,-18894.05078125,-400000.0625,-5032.10986328125,-400000.0625
168.0510778427124,-400000.0625,-11786.1796875,-6339.41015625,-400000.0625,-18908.98046875,-400000.0625,-5055.759765625,-400000.0625
168.06655502319336,-400000.0625,-11787.4599609375,-6343.080078125,-400000.0625,-18913.220703125,-400000.0625,-5054.669921875,-400000.0625
168.0895175933838,-400000.0625,-11765.3896484375,-6327.68017578125,-400000.0625,-18898.6796875,-400000.0625,-5042.1201171875,-400000.0625
168.15535378456116,-400000.0625,-11750.5595703125,-6312.18017578125,-400000.0625,-18889.619140625,-400000.0625,-5029.43994140625,-400000.0625
168.17785000801086,-400000.0625,-11761.9501953125,-6316.52001953125,-400000.0625,-18894.869140625,-400000.0625,-5039.31005859375,-400000.0625
168.20085263252258,-400000.0625,-11788.8896484375,-6343.89013671875,-400000.0625,-18917.3203125,-400000.0625,-5063.43994140625,-400000.0625
168.25679326057434,-400000.0625,-11794.2802734375,-6346.27001953125,-400000.0625,-18914.75,-400000.0625,-5062.52978515625,-400000.0625
168.26766347885132,-400000.0625,-11776.6396484375,-6329.919921875,-400000.0625,-18899.060546875,-400000.0625,-5042.83984375,-400000.0625
168.29257464408875,-400000.0625,-11758.330078125,-6314.52001953125,-400000.0625,-18892.76953125,-400000.0625,-5020.47998046875,-400000.0625
168.3075966835022,-400000.0625,-11763.6201171875,-6314.22998046875,-400000.0625,-18892.0,-400000.0625,-5025.240234375,-400000.0625
168.35898613929749,-400000.0625,-11782.98046875,-6331.97021484375,-400000.0625,-18903.349609375,-400000.0625,-5046.89013671875,-400000.0625
168.3748917579651,-400000.0625,-11799.3798828125,-6346.1298828125,-400000.0625,-18917.51953125,-400000.0625,-5061.009765625,-400000.0625
168.39634823799133,-400000.0625,-11781.1201171875,-6329.5400390625,-400000.0625,-18903.830078125,-400000.0625,-5042.41015625,-400000.0625
168.41254138946533,-400000.0625,-11753.7998046875,-6306.60009765625,-400000.0625,-18881.279296875,-400000.0625,-5014.89990234375,-400000.0625
168.45025277137756,-400000.0625,-11765.0,-6314.22998046875,-400000.0625,-18893.150390625,-400000.0625,-5026.39013671875,-400000.0625
168.4674427509308,-400000.0625,-11796.669921875,-6340.1201171875,-400000.0625,-18918.900390625,-400000.0625,-5055.7099609375,-400000.0625
168.48585057258606,-400000.0625,-11803.099609375,-6343.990234375,-400000.0625,-18916.509765625,-400000.0625,-5056.56982421875,-400000.0625
168.5000102519989,-400000.0625,-11770.25,-6314.18017578125,-400000.0625,-18892.9609375,-400000.0625,-5030.2998046875,-400000.0625
168.51514983177185,-400000.0625,-11748.26953125,-6291.91015625,-400000.0625,-18876.169921875,-400000.0625,-5006.35986328125,-400000.0625
168.55962681770325,-400000.0625,-11774.6396484375,-6316.330078125,-400000.0625,-18891.240234375,-400000.0625,-5028.06005859375,-400000.0625
168.5707015991211,-400000.0625,-11808.58984375,-6347.89990234375,-400000.0625,-18915.80078125,-400000.0625,-5067.490234375,-400000.0625
168.59101104736328,-400000.0625,-11811.6904296875,-6347.56005859375,-400000.0625,-18918.94921875,-400000.0625,-5068.77978515625,-400000.0625
168.60728216171265,-400000.0625,-11784.3603515625,-6321.14013671875,-400000.0625,-18896.060546875,-400000.0625,-5037.97998046875,-400000.0625
168.62304615974426,-400000.0625,-11769.5302734375,-6306.4599609375,-400000.0625,-18882.470703125,-400000.0625,-5023.10009765625,-400000.0625
168.66103172302246,-400000.0625,-11789.23046875,-6322.2900390625,-400000.0625,-18896.19921875,-400000.0625,-5037.64013671875,-400000.0625
168.67598819732666,-400000.0625,-11811.6904296875,-6344.080078125,-400000.0625,-18913.890625,-400000.0625,-5065.25,-400000.0625
168.6940085887909,-400000.0625,-11811.3095703125,-6341.64990234375,-400000.0625,-18908.119140625,-400000.0625,-5062.8701171875,-400000.0625
168.7083683013916,-400000.0625,-11794.3798828125,-6325.9599609375,-400000.0625,-18896.060546875,-400000.0625,-5043.4599609375,-400000.0625
168.73948001861572,-400000.0625,-11778.740234375,-6314.85009765625,-400000.0625,-18887.619140625,-400000.0625,-5027.77001953125,-400000.0625
168.78567695617676,-400000.0625,-11792.849609375,-6322.580078125,-400000.0625,-18896.9609375,-400000.0625,-5033.8798828125,-400000.0625
168.80467247962952,-400000.0625,-11814.6396484375,-6341.169921875,-400000.0625,-18910.890625,-400000.0625,-5058.6201171875,-400000.0625
168.81700158119202,-400000.0625,-11830.8603515625,-6353.0,-400000.0625,-18924.859375,-400000.0625,-5070.8798828125,-400000.0625
168.83629941940308,-400000.0625,-11810.830078125,-6334.77978515625,-400000.0625,-18903.970703125,-400000.0625,-5052.52001953125,-400000.0625
168.85825562477112,-400000.0625,-11793.7099609375,-6319.81005859375,-400000.0625,-18888.7109375,-400000.0625,-5033.68017578125,-400000.0625
168.89645051956177,-400000.0625,-11801.91015625,-6326.2900390625,-400000.0625,-18899.779296875,-400000.0625,-5043.4599609375,-400000.0625
168.91378211975098,-400000.0625,-11830.669921875,-6348.85009765625,-400000.0625,-18917.990234375,-400000.0625,-5073.35986328125,-400000.0625
168.9306514263153,-400000.0625,-11833.7197265625,-6349.89990234375,-400000.0625,-18917.51953125,-400000.0625,-5074.31005859375,-400000.0625
168.94900918006897,-400000.0625,-11813.58984375,-6332.58984375,-400000.0625,-18904.44921875,-400000.0625,-5055.43017578125,-400000.0625
168.96425104141235,-400000.0625,-11799.3798828125,-6318.56982421875,-400000.0625,-18894.48046875,-400000.0625,-5038.2099609375,-400000.0625
169.0074429512024,-400000.0625,-11809.2998046875,-6325.81982421875,-400000.0625,-18899.30078125,-400000.0625,-5049.1298828125,-400000.0625
169.0210702419281,-400000.0625,-11836.2001953125,-6349.759765625,-400000.0625,-18921.23046875,-400000.0625,-5075.5,-400000.0625
169.04091453552246,-400000.0625,-11840.580078125,-6353.89990234375,-400000.0625,-18923.279296875,-400000.0625,-5079.509765625,-400000.0625
169.0590181350708,-400000.0625,-11816.2197265625,-6331.02001953125,-400000.0625,-18900.640625,-400000.0625,-5050.60986328125,-400000.0625
169.0824384689331,-400000.0625,-11786.41015625,-6305.93017578125,-400000.0625,-18876.359375,-400000.0625,-5021.2900390625,-400000.0625
169.12125253677368,-400000.0625,-11794.23046875,-6308.509765625,-400000.0625,-18882.66015625,-400000.0625,-5030.81982421875,-400000.0625
169.14345002174377,-400000.0625,-11837.25,-6347.990234375,-400000.0625,-18919.51953125,-400000.0625,-5069.830078125,-400000.0625
169.16238522529602,-400000.0625,-11847.6904296875,-6357.0498046875,-400000.0625,-18924.720703125,-400000.0625,-5080.75,-400000.0625
169.17304730415344,-400000.0625,-11815.599609375,-6327.2001953125,-400000.0625,-18897.9609375,-400000.0625,-5047.3701171875,-400000.0625
169.18939089775085,-400000.0625,-11801.8203125,-6313.89990234375,-400000.0625,-18890.4296875,-400000.0625,-5030.35009765625,-400000.0625
169.22875428199768,-400000.0625,-11814.5498046875,-6325.580078125,-400000.0625,-18897.009765625,-400000.0625,-5043.080078125,-400000.0625
169.24227499961853,-400000.0625,-11839.1103515625,-6342.75,-400000.0625,-18913.029296875,-400000.0625,-5067.10986328125,-400000.0625
169.2619161605835,-400000.0625,-11849.830078125,-6351.27978515625,-400000.0625,-18923.140625,-400000.0625,-5073.97998046875,-400000.0625
169.27875232696533,-400000.0625,-11822.990234375,-6328.39013671875,-400000.0625,-18904.640625,-400000.0625,-5046.64990234375,-400000.0625
169.29815220832825,-400000.0625,-11807.349609375,-6316.0,-400000.0625,-18889.0,-400000.0625,-5027.580078125,-400000.0625
169.4094672203064,-400000.0625,-11828.0400390625,-6336.740234375,-400000.0625,-18898.779296875,-400000.0625,-5048.93994140625,-400000.0625
169.45734548568726,-400000.0625,-11861.419921875,-6362.2001953125,-400000.0625,-18928.4296875,-400000.0625,-5078.4599609375,-400000.0625
169.47192335128784,-400000.0625,-11859.4697265625,-6357.52978515625,-400000.0625,-18926.33984375,-400000.0625,-5080.89013671875,-400000.0625
169.48667883872986,-400000.0625,-11832.7197265625,-6328.77001953125,-400000.0625,-18901.6796875,-400000.0625,-5051.18017578125,-400000.0625
169.50727891921997,-400000.0625,-11810.259765625,-6309.22021484375,-400000.0625,-18882.80078125,-400000.0625,-5023.77001953125,-400000.0625
169.54949712753296,-400000.0625,-11825.6103515625,-6329.39013671875,-400000.0625,-18902.73046875,-400000.0625,-5041.5,-400000.0625
169.58902502059937,-400000.0625,-11860.66015625,-6359.14990234375,-400000.0625,-18923.4296875,-400000.0625,-5070.39990234375,-400000.0625
169.60707426071167,-400000.0625,-11867.5703125,-6354.81005859375,-400000.0625,-18920.419921875,-400000.0625,-5069.16015625,-400000.0625
169.64956545829773,-400000.0625,-11835.33984375,-6326.8701171875,-400000.0625,-18895.580078125,-400000.0625,-5041.64990234375,-400000.0625
169.6899116039276,-400000.0625,-11815.01953125,-6310.990234375,-400000.0625,-18880.26953125,-400000.0625,-5020.85986328125,-400000.0625
169.7141547203064,-400000.0625,-11840.8701171875,-6332.35009765625,-400000.0625,-18901.640625,-400000.0625,-5043.41015625,-400000.0625
169.74627232551575,-400000.0625,-11876.2998046875,-6363.2001953125,-400000.0625,-18931.8203125,-400000.0625,-5077.7001953125,-400000.0625
169.75802898406982,-400000.0625,-11874.6796875,-6362.8701171875,-400000.0625,-18934.630859375,-400000.0625,-5079.75,-400000.0625
169.8252317905426,-400000.0625,-11839.150390625,-6327.81982421875,-400000.0625,-18903.5390625,-400000.0625,-5047.0400390625,-400000.0625
169.84245467185974,-400000.0625,-11818.5498046875,-6307.22021484375,-400000.0625,-18882.130859375,-400000.0625,-5025.9599609375,-400000.0625
169.85849857330322,-400000.0625,-11840.580078125,-6329.81982421875,-400000.0625,-18903.2109375,-400000.0625,-5046.89013671875,-400000.0625
169.94853591918945,-400000.0625,-11875.8701171875,-6357.240234375,-400000.0625,-18921.51953125,-400000.0625,-5075.4599609375,-400000.0625
169.9723150730133,-400000.0625,-11878.7802734375,-6358.52978515625,-400000.0625,-18922.619140625,-400000.0625,-5075.31005859375,-400000.0625
170.0216932296753,-400000.0625,-11857.080078125,-6340.7001953125,-400000.0625,-18910.650390625,-400000.0625,-5050.759765625,-400000.0625
170.0501024723053,-400000.0625,-11833.2900390625,-6321.18994140625,-400000.0625,-18895.439453125,-400000.0625,-5030.490234375,-400000.0625
170.07511043548584,-400000.0625,-11842.0595703125,-6326.43994140625,-400000.0625,-18896.25,-400000.0625,-5036.16015625,-400000.0625
170.13143038749695,-400000.0625,-11874.7197265625,-6353.7099609375,-400000.0625,-18923.48046875,-400000.0625,-5065.77978515625,-400000.0625
170.1640863418579,-400000.0625,-11888.1201171875,-6362.2998046875,-400000.0625,-18928.05078125,-400000.0625,-5074.8798828125,-400000.0625
170.19324278831482,-400000.0625,-11859.6103515625,-6333.77978515625,-400000.0625,-18905.640625,-400000.0625,-5047.18017578125,-400000.0625
170.2631061077118,-400000.0625,-11846.7802734375,-6324.14990234375,-400000.0625,-18899.060546875,-400000.0625,-5033.35009765625,-400000.0625
170.27940607070923,-400000.0625,-11861.6103515625,-6337.2099609375,-400000.0625,-18909.69921875,-400000.0625,-5048.56005859375,-400000.0625
170.29018092155457,-400000.0625,-11883.5498046875,-6355.330078125,-400000.0625,-18921.23046875,-400000.0625,-5070.72998046875,-400000.0625
170.31414437294006,-400000.0625,-11884.8798828125,-6355.18994140625,-400000.0625,-18916.609375,-400000.0625,-5070.4501953125,-400000.0625
170.35423278808594,-400000.0625,-11861.6103515625,-6335.5498046875,-400000.0625,-18903.9296875,-400000.0625,-5050.27978515625,-400000.0625
170.37566566467285,-400000.0625,-11848.5498046875,-6324.2001953125,-400000.0625,-18899.439453125,-400000.0625,-5034.2099609375,-400000.0625
170.41549134254456,-400000.0625,-11857.650390625,-6330.490234375,-400000.0625,-18905.44921875,-400000.0625,-5043.60009765625,-400000.0625
170.47585654258728,-400000.0625,-11883.8798828125,-6351.08984375,-400000.0625,-18917.66015625,-400000.0625,-5070.02001953125,-400000.0625
170.4961862564087,-400000.0625,-11893.3203125,-6358.580078125,-400000.0625,-18925.91015625,-400000.0625,-5079.02978515625,-400000.0625
170.51297187805176,-400000.0625,-11868.91015625,-6335.77978515625,-400000.0625,-18909.650390625,-400000.0625,-5052.27978515625,-400000.0625
170.5223536491394,-400000.0625,-11841.25,-6311.3701171875,-400000.0625,-18890.529296875,-400000.0625,-5026.52978515625,-400000.0625
170.55633974075317,-400000.0625,-11868.1904296875,-6334.31005859375,-400000.0625,-18908.4609375,-400000.0625,-5048.22998046875,-400000.0625
170.57115197181702,-400000.0625,-11897.990234375,-6361.81982421875,-400000.0625,-18926.580078125,-400000.0625,-5080.41015625,-400000.0625
170.58807945251465,-400000.0625,-11901.5703125,-6363.81982421875,-400000.0625,-18929.91015625,-400000.0625,-5084.27978515625,-400000.0625
170.60754418373108,-400000.0625,-11875.1103515625,-6338.68994140625,-400000.0625,-18903.44921875,-400000.0625,-5057.240234375,-400000.0625
170.61955451965332,-400000.0625,-11854.75,-6316.52001953125,-400000.0625,-18887.810546875,-400000.0625,-5038.5498046875,-400000.0625
170.62917256355286,-400000.0625,-11863.51953125,-6324.10009765625,-400000.0625,-18898.490234375,-400000.0625,-5042.64990234375,-400000.0625
170.6700747013092,-400000.0625,-11883.5,-6343.56005859375,-400000.0625,-18908.689453125,-400000.0625,-5067.97021484375,-400000.0625
170.68371748924255,-400000.0625,-11901.51953125,-6359.6298828125,-400000.0625,-18919.0390625,-400000.0625,-5081.509765625,-400000.0625
170.69347500801086,-400000.0625,-11883.4501953125,-6340.93017578125,-400000.0625,-18906.640625,-400000.0625,-5060.39013671875,-400000.0625
170.71977019309998,-400000.0625,-11858.8896484375,-6319.52001953125,-400000.0625,-18891.669921875,-400000.0625,-5037.39990234375,-400000.0625
170.7348940372467,-400000.0625,-11877.400390625,-6332.02001953125,-400000.0625,-18903.779296875,-400000.0625,-5052.14013671875,-400000.0625
170.78789067268372,-400000.0625,-11906.099609375,-6355.72021484375,-400000.0625,-18920.51953125,-400000.0625,-5085.7998046875,-400000.0625
170.80315256118774,-400000.0625,-11910.2998046875,-6356.10009765625,-400000.0625,-18924.099609375,-400000.0625,-5086.47021484375,-400000.0625
170.81828045845032,-400000.0625,-11883.740234375,-6333.8798828125,-400000.0625,-18906.880859375,-400000.0625,-5057.18994140625,-400000.0625
170.82747340202332,-400000.0625,-11868.4296875,-6322.3798828125,-400000.0625,-18894.580078125,-400000.0625,-5037.830078125,-400000.0625
170.85203313827515,-400000.0625,-11883.5498046875,-6334.68994140625,-400000.0625,-18909.220703125,-400000.0625,-5055.85986328125,-400000.0625
170.8920865058899,-400000.0625,-11899.8095703125,-6346.60986328125,-400000.0625,-18915.3203125,-400000.0625,-5077.22021484375,-400000.0625
170.92654967308044,-400000.0625,-11909.2001953125,-6350.990234375,-400000.0625,-18913.83984375,-400000.0625,-5078.27001953125,-400000.0625
170.95883512496948,-400000.0625,-11883.3095703125,-6326.14990234375,-400000.0625,-18902.16015625,-400000.0625,-5053.47021484375,-400000.0625
171.0268430709839,-400000.0625,-11864.1904296875,-6312.7001953125,-400000.0625,-18892.619140625,-400000.0625,-5037.740234375,-400000.0625
171.06423354148865,-400000.0625,-11895.0400390625,-6341.7001953125,-400000.0625,-18914.83984375,-400000.0625,-5062.06005859375,-400000.0625
171.15919184684753,-400000.0625,-11928.509765625,-6368.4501953125,-400000.0625,-18936.640625,-400000.0625,-5091.2900390625,-400000.0625
171.21062636375427,-400000.0625,-11923.740234375,-6363.10986328125,-400000.0625,-18926.810546875,-400000.0625,-5091.52001953125,-400000.0625
171.29407334327698,-400000.0625,-11890.650390625,-6332.490234375,-400000.0625,-18902.16015625,-400000.0625,-5055.52001953125,-400000.0625
171.32403016090393,-400000.0625,-11867.8095703125,-6305.7900390625,-400000.0625,-18882.80078125,-400000.0625,-5026.0498046875,-400000.0625
171.39335799217224,-400000.0625,-11885.98046875,-6323.2900390625,-400000.0625,-18901.30078125,-400000.0625,-5039.169921875,-400000.0625
171.43350839614868,-400000.0625,-11914.4501953125,-6355.43017578125,-400000.0625,-18929.150390625,-400000.0625,-5074.740234375,-400000.0625
171.51484298706055,-400000.0625,-11911.8203125,-6349.85009765625,-400000.0625,-18918.140625,-400000.0625,-5092.9599609375,-400000.0625
171.5492172241211,-400000.0625,-11883.830078125,-6323.43017578125,-400000.0625,-18898.580078125,-400000.0625,-5076.4599609375,-400000.0625
171.61529898643494,-400000.0625,-11874.76953125,-6313.0400390625,-400000.0625,-18888.900390625,-400000.0625,-5068.10986328125,-400000.0625
171.64424085617065,-400000.0625,-11889.0302734375,-6325.009765625,-400000.0625,-18900.30078125,-400000.0625,-5082.66015625,-400000.0625
171.66881895065308,-400000.0625,-11908.33984375,-6340.93017578125,-400000.0625,-18913.220703125,-400000.0625,-5105.06982421875,-400000.0625
171.73916101455688,-400000.0625,-11902.51953125,-6333.2998046875,-400000.0625,-18912.029296875,-400000.0625,-5103.8701171875,-400000.0625
171.76402592658997,-400000.0625,-11877.919921875,-6310.56005859375,-400000.0625,-18897.439453125,-400000.0625,-5082.60986328125,-400000.0625
171.79239797592163,-400000.0625,-11874.490234375,-6305.7900390625,-400000.0625,-18893.48046875,-400000.0625,-5071.4501953125,-400000.0625
171.85873174667358,-400000.0625,-11884.740234375,-6315.18017578125,-400000.0625,-18893.580078125,-400000.0625,-5080.27001953125,-400000.0625
171.8758053779602,-400000.0625,-11911.2998046875,-6337.1201171875,-400000.0625,-18910.740234375,-400000.0625,-5107.93017578125,-400000.0625
171.88660836219788,-400000.0625,-11926.509765625,-6348.31982421875,-400000.0625,-18921.94921875,-400000.0625,-5114.990234375,-400000.0625
171.8964500427246,-400000.0625,-11897.66015625,-6321.240234375,-400000.0625,-18900.58984375,-400000.0625,-5088.3798828125,-400000.0625
171.93039345741272,-400000.0625,-11878.2099609375,-6303.97998046875,-400000.0625,-18886.66015625,-400000.0625,-5073.02001953125,-400000.0625
171.94322896003723,-400000.0625,-11894.4697265625,-6315.56982421875,-400000.0625,-18896.73046875,-400000.0625,-5089.81005859375,-400000.0625
171.95741653442383,-400000.0625,-11918.3095703125,-6334.5,-400000.0625,-18913.130859375,-400000.0625,-5110.83984375,-400000.0625
171.97614693641663,-400000.0625,-11929.7998046875,-6349.56005859375,-400000.0625,-18924.2890625,-400000.0625,-5118.509765625,-400000.0625
171.98869013786316,-400000.0625,-11910.009765625,-6327.490234375,-400000.0625,-18912.3203125,-400000.0625,-5095.2900390625,-400000.0625
171.99986696243286,-400000.0625,-11883.1201171875,-6304.02978515625,-400000.0625,-18887.189453125,-400000.0625,-5074.169921875,-400000.0625
172.033549785614,-400000.0625,-11892.990234375,-6313.56005859375,-400000.0625,-18892.859375,-400000.0625,-5083.75,-400000.0625
172.05293560028076,-400000.0625,-11922.2197265625,-6337.60009765625,-400000.0625,-18912.75,-400000.0625,-5112.22021484375,-400000.0625
172.0696017742157,-400000.0625,-11930.0400390625,-6343.56005859375,-400000.0625,-18919.80078125,-400000.0625,-5120.18017578125,-400000.0625
172.08634686470032,-400000.0625,-11911.580078125,-6327.009765625,-400000.0625,-18904.259765625,-400000.0625,-5102.5400390625,-400000.0625
172.1010444164276,-400000.0625,-11895.4697265625,-6309.60986328125,-400000.0625,-18886.4296875,-400000.0625,-5081.7001953125,-400000.0625
172.13840532302856,-400000.0625,-11915.73046875,-6324.39013671875,-400000.0625,-18899.490234375,-400000.0625,-5095.33984375,-400000.0625
172.15859127044678,-400000.0625,-11937.7197265625,-6342.89013671875,-400000.0625,-18915.990234375,-400000.0625,-5118.22998046875,-400000.0625
172.19122314453125,-400000.0625,-11939.5302734375,-6343.89013671875,-400000.0625,-18914.69921875,-400000.0625,-5119.1298828125,-400000.0625
172.21848273277283,-400000.0625,-11918.98046875,-6321.52978515625,-400000.0625,-18901.349609375,-400000.0625,-5094.240234375,-400000.0625
172.286208152771,-400000.0625,-11895.75,-6299.58984375,-400000.0625,-18882.369140625,-400000.0625,-5074.7900390625,-400000.0625
172.305424451828,-400000.0625,-11910.6796875,-6311.990234375,-400000.0625,-18890.33984375,-400000.0625,-5090.85986328125,-400000.0625
172.32172417640686,-400000.0625,-11957.6904296875,-6353.81005859375,-400000.0625,-18928.009765625,-400000.0625,-5131.2001953125,-400000.0625
172.38811326026917,-400000.0625,-11964.990234375,-6360.25,-400000.0625,-18935.779296875,-400000.0625,-5136.35009765625,-400000.0625
172.42592406272888,-400000.0625,-11927.8896484375,-6325.91015625,-400000.0625,-18901.2109375,-400000.0625,-5100.5400390625,-400000.0625
172.4994249343872,-400000.0625,-11911.580078125,-6310.1298828125,-400000.0625,-18884.900390625,-400000.0625,-5081.02978515625,-400000.0625
172.53379249572754,-400000.0625,-11932.66015625,-6325.77001953125,-400000.0625,-18900.58984375,-400000.0625,-5097.68017578125,-400000.0625
172.61895632743835,-400000.0625,-11961.0302734375,-6346.93994140625,-400000.0625,-18917.939453125,-400000.0625,-5125.759765625,-400000.0625
172.65580654144287,-400000.0625,-11959.26953125,-6343.31982421875,-400000.0625,-18918.140625,-400000.0625,-5123.759765625,-400000.0625
172.74159502983093,-400000.0625,-11937.4296875,-6325.81982421875,-400000.0625,-18899.490234375,-400000.0625,-5103.5400390625,-400000.0625
172.76607728004456,-400000.0625,-11933.5703125,-6321.6201171875,-400000.0625,-18898.580078125,-400000.0625,-5097.52978515625,-400000.0625
172.87314295768738,-400000.0625,-11942.76953125,-6328.6298828125,-400000.0625,-18907.5,-400000.0625,-5106.64013671875,-400000.0625
172.9461431503296,-400000.0625,-11965.6103515625,-6345.31982421875,-400000.0625,-18922.380859375,-400000.0625,-5128.77001953125,-400000.0625
172.97266507148743,-400000.0625,-11964.080078125,-6343.89013671875,-400000.0625,-18916.990234375,-400000.0625,-5133.33984375,-400000.0625
173.00596141815186,-400000.0625,-11943.009765625,-6323.47998046875,-400000.0625,-18895.25,-400000.0625,-5107.02001953125,-400000.0625
173.1025733947754,-400000.0625,-11934.23046875,-6316.60986328125,-400000.0625,-18890.48046875,-400000.0625,-5094.10009765625,-400000.0625
173.15034008026123,-400000.0625,-11958.7900390625,-6337.830078125,-400000.0625,-18913.029296875,-400000.0625,-5115.7998046875,-400000.0625
173.20459127426147,-400000.0625,-11987.740234375,-6361.2900390625,-400000.0625,-18928.859375,-400000.0625,-5145.4599609375,-400000.0625
173.23025465011597,-400000.0625,-11977.009765625,-6348.7099609375,-400000.0625,-18911.359375,-400000.0625,-5134.72998046875,-400000.0625
173.2414150238037,-400000.0625,-11946.2001953125,-6322.0,-400000.0625,-18891.859375,-400000.0625,-5105.10986328125,-400000.0625
173.26423168182373,-400000.0625,-11933.6103515625,-6308.89013671875,-400000.0625,-18893.009765625,-400000.0625,-5094.85986328125,-400000.0625
173.32062482833862,-400000.0625,-11950.5400390625,-6321.9599609375,-400000.0625,-18901.400390625,-400000.0625,-5112.7900390625,-400000.0625
173.34778118133545,-400000.0625,-11985.7802734375,-6352.7099609375,-400000.0625,-18929.2890625,-400000.0625,-5149.93994140625,-400000.0625
173.37647676467896,-400000.0625,-11993.0302734375,-6357.77001953125,-400000.0625,-18925.859375,-400000.0625,-5157.419921875,-400000.0625
173.43572449684143,-400000.0625,-11958.7001953125,-6324.9599609375,-400000.0625,-18898.109375,-400000.0625,-5119.75,-400000.0625
173.4663791656494,-400000.0625,-11934.9501953125,-6304.22021484375,-400000.0625,-18888.189453125,-400000.0625,-5099.10986328125,-400000.0625
173.50684094429016,-400000.0625,-11940.9599609375,-6308.080078125,-400000.0625,-18890.810546875,-400000.0625,-5108.35986328125,-400000.0625
173.5897274017334,-400000.0625,-11962.83984375,-6328.009765625,-400000.0625,-18904.119140625,-400000.0625,-5131.14990234375,-400000.0625
173.61734795570374,-400000.0625,-11977.240234375,-6337.830078125,-400000.0625,-18908.029296875,-400000.0625,-5142.77978515625,-400000.0625
173.68376111984253,-400000.0625,-11971.08984375,-6331.43994140625,-400000.0625,-18905.119140625,-400000.0625,-5133.10009765625,-400000.0625
173.70278143882751,-400000.0625,-11944.8203125,-6305.5,-400000.0625,-18892.669921875,-400000.0625,-5105.77978515625,-400000.0625
173.73263669013977,-400000.0625,-11965.75,-6317.330078125,-400000.0625,-18896.25,-400000.0625,-5122.3798828125,-400000.0625
173.7953805923462,-400000.0625,-11998.23046875,-6344.27001953125,-400000.0625,-18920.849609375,-400000.0625,-5151.83984375,-400000.0625
173.81187176704407,-400000.0625,-11993.7001953125,-6343.93994140625,-400000.0625,-18920.279296875,-400000.0625,-5153.75,-400000.0625
173.82797741889954,-400000.0625,-11967.419921875,-6317.56982421875,-400000.0625,-18896.919921875,-400000.0625,-5129.0,-400000.0625
173.8459131717682,-400000.0625,-11951.8798828125,-6287.0498046875,-400000.0625,-18873.55078125,-400000.0625,-5097.490234375,-400000.0625
173.8882486820221,-400000.0625,-11972.6201171875,-6306.080078125,-400000.0625,-18887.08984375,-400000.0625,-5113.509765625,-400000.0625
173.90690350532532,-400000.0625,-12015.2998046875,-6335.4501953125,-400000.0625,-18912.560546875,-400000.0625,-5148.97998046875,-400000.0625
173.91854095458984,-400000.0625,-12020.4501953125,-6329.39013671875,-400000.0625,-18909.69921875,-400000.0625,-5140.93017578125,-400000.0625
173.94143390655518,-400000.0625,-11989.5498046875,-6311.85009765625,-400000.0625,-18886.279296875,-400000.0625,-5119.22998046875,-400000.0625
173.9603168964386,-400000.0625,-11980.150390625,-6309.7001953125,-400000.0625,-18875.4609375,-400000.0625,-5103.16015625,-400000.0625
174.01080203056335,-400000.0625,-11984.25,-6310.419921875,-400000.0625,-18871.119140625,-400000.0625,-5095.39013671875,-400000.0625
174.02648091316223,-400000.0625,-12016.73046875,-6349.3701171875,-400000.0625,-18887.279296875,-400000.0625,-5135.43994140625,-400000.0625
174.04519081115723,-400000.0625,-12037.7998046875,-6361.91015625,-400000.0625,-18889.330078125,-400000.0625,-5133.10009765625,-400000.0625
174.05964517593384,-400000.0625,-12009.240234375,-6349.47021484375,-400000.0625,-18864.869140625,-400000.0625,-5116.7998046875,-400000.0625
174.07662081718445,-400000.0625,-12003.4697265625,-6347.93994140625,-400000.0625,-18841.359375,-400000.0625,-5099.72998046875,-400000.0625
174.12699961662292,-400000.0625,-12038.0400390625,-6351.14013671875,-400000.0625,-18826.76953125,-400000.0625,-5104.58984375,-400000.0625
174.13956880569458,-400000.0625,-12097.1201171875,-6392.52978515625,-400000.0625,-18839.83984375,-400000.0625,-5153.85009765625,-400000.0625
174.16145372390747,-400000.0625,-12131.5498046875,-6420.08984375,-400000.0625,-18839.9296875,-400000.0625,-5179.169921875,-400000.0625
174.17501878738403,-400000.0625,-12132.599609375,-6408.1201171875,-400000.0625,-18811.0390625,-400000.0625,-5162.0,-400000.0625
174.19680404663086,-400000.0625,-12136.8896484375,-6399.81982421875,-400000.0625,-18791.529296875,-400000.0625,-5149.41015625,-400000.0625
174.26560831069946,-400000.0625,-12164.8798828125,-6420.14013671875,-400000.0625,-18789.8203125,-400000.0625,-5162.81005859375,-400000.0625
174.2869851589203,-400000.0625,-12211.3701171875,-6453.990234375,-400000.0625,-18817.619140625,-400000.0625,-5193.66015625,-400000.0625
174.30180382728577,-400000.0625,-12240.509765625,-6475.16015625,-400000.0625,-18838.5,-400000.0625,-5217.35986328125,-400000.0625
174.36000657081604,-400000.0625,-12213.08984375,-6449.64990234375,-400000.0625,-18818.759765625,-400000.0625,-5198.77001953125,-400000.0625
174.37002635002136,-400000.0625,-12178.1796875,-6419.75,-400000.0625,-18799.970703125,-400000.0625,-5172.919921875,-400000.0625
174.39118242263794,-400000.0625,-12188.25,-6428.47998046875,-400000.0625,-18816.189453125,-400000.0625,-5192.0400390625,-400000.0625
174.409991979599,-400000.0625,-12205.080078125,-6441.97998046875,-400000.0625,-18837.5,-400000.0625,-5212.39990234375,-400000.0625
174.47068738937378,-400000.0625,-12195.400390625,-6435.68017578125,-400000.0625,-18840.599609375,-400000.0625,-5211.16015625,-400000.0625
174.49254059791565,-400000.0625,-12165.98046875,-6416.75,-400000.0625,-18839.83984375,-400000.0625,-5191.85009765625,-400000.0625
174.50691556930542,-400000.0625,-12137.5595703125,-6396.81982421875,-400000.0625,-18831.44921875,-400000.0625,-5175.919921875,-400000.0625
174.5318500995636,-400000.0625,-12139.75,-6401.72998046875,-400000.0625,-18839.080078125,-400000.0625,-5188.990234375,-400000.0625
174.58994793891907,-400000.0625,-12147.3798828125,-6414.41015625,-400000.0625,-18853.08984375,-400000.0625,-5208.68017578125,-400000.0625
174.6070876121521,-400000.0625,-12135.599609375,-6404.58984375,-400000.0625,-18855.33984375,-400000.0625,-5211.1201171875,-400000.0625
174.6278669834137,-400000.0625,-12102.509765625,-6374.31005859375,-400000.0625,-18843.609375,-400000.0625,-5186.89013671875,-400000.0625
174.64328026771545,-400000.0625,-12081.5302734375,-6357.2900390625,-400000.0625,-18834.349609375,-400000.0625,-5171.490234375,-400000.0625
174.70881175994873,-400000.0625,-12101.0302734375,-6377.31982421875,-400000.0625,-18865.58984375,-400000.0625,-5195.0498046875,-400000.0625
174.73688673973083,-400000.0625,-12120.4404296875,-6393.580078125,-400000.0625,-18891.05078125,-400000.0625,-5216.5498046875,-400000.0625
174.7652416229248,-400000.0625,-12096.4501953125,-6377.7900390625,-400000.0625,-18880.0390625,-400000.0625,-5201.580078125,-400000.0625
174.83196210861206,-400000.0625,-12063.7001953125,-6350.9501953125,-400000.0625,-18864.060546875,-400000.0625,-5174.5400390625,-400000.0625
174.8495123386383,-400000.0625,-12050.33984375,-6339.68994140625,-400000.0625,-18857.390625,-400000.0625,-5166.6298828125,-400000.0625
174.86825728416443,-400000.0625,-12065.26953125,-6355.14013671875,-400000.0625,-18869.01953125,-400000.0625,-5184.22021484375,-400000.0625
174.9373013973236,-400000.0625,-12093.740234375,-6381.509765625,-400000.0625,-18895.009765625,-400000.0625,-5217.35986328125,-400000.0625
174.95522952079773,-400000.0625,-12078.48046875,-6367.72998046875,-400000.0625,-18890.810546875,-400000.0625,-5210.2099609375,-400000.0625
174.98027110099792,-400000.0625,-12044.48046875,-6334.72998046875,-400000.0625,-18867.919921875,-400000.0625,-5178.97998046875,-400000.0625
175.05857849121094,-400000.0625,-12026.599609375,-6321.14013671875,-400000.0625,-18864.919921875,-400000.0625,-5165.10009765625,-400000.0625
175.08475303649902,-400000.0625,-12042.1396484375,-6334.35009765625,-400000.0625,-18883.51953125,-400000.0625,-5184.080078125,-400000.0625
175.16457295417786,-400000.0625,-12062.0703125,-6354.240234375,-400000.0625,-18892.33984375,-400000.0625,-5209.259765625,-400000.0625
175.1848623752594,-400000.0625,-12061.0302734375,-6354.669921875,-400000.0625,-18890.189453125,-400000.0625,-5209.39990234375,-400000.0625
175.28886008262634,-400000.0625,-12043.099609375,-6340.4599609375,-400000.0625,-18886.23046875,-400000.0625,-5189.3701171875,-400000.0625
175.38817429542542,-400000.0625,-12020.0595703125,-6319.9501953125,-400000.0625,-18871.880859375,-400000.0625,-5171.490234375,-400000.0625
175.43565344810486,-400000.0625,-12031.990234375,-6330.2001953125,-400000.0625,-18884.80078125,-400000.0625,-5189.22998046875,-400000.0625
175.52182006835938,-400000.0625,-12051.5400390625,-6342.89013671875,-400000.0625,-18901.25,-400000.0625,-5208.4501953125,-400000.0625
175.54769587516785,-400000.0625,-12042.669921875,-6335.06982421875,-400000.0625,-18896.19921875,-400000.0625,-5204.6298828125,-400000.0625
175.6160271167755,-400000.0625,-12012.669921875,-6308.990234375,-400000.0625,-18867.689453125,-400000.0625,-5175.06982421875,-400000.0625
175.6371328830719,-400000.0625,-12006.240234375,-6305.080078125,-400000.0625,-18862.490234375,-400000.0625,-5168.6298828125,-400000.0625
175.65363550186157,-400000.0625,-12032.3701171875,-6327.580078125,-400000.0625,-18893.8203125,-400000.0625,-5196.52001953125,-400000.0625
175.72552132606506,-400000.0625,-12058.0703125,-6345.93994140625,-400000.0625,-18920.51953125,-400000.0625,-5222.60986328125,-400000.0625
175.75531578063965,-400000.0625,-12063.0302734375,-6352.47021484375,-400000.0625,-18927.529296875,-400000.0625,-5229.56982421875,-400000.0625
175.81340289115906,-400000.0625,-12039.330078125,-6332.64013671875,-400000.0625,-18905.119140625,-400000.0625,-5211.64013671875,-400000.0625
175.8337721824646,-400000.0625,-12016.76953125,-6311.93994140625,-400000.0625,-18886.470703125,-400000.0625,-5188.419921875,-400000.0625
175.8557324409485,-400000.0625,-12024.3603515625,-6318.18994140625,-400000.0625,-18893.390625,-400000.0625,-5193.0,-400000.0625
175.9056260585785,-400000.0625,-12040.5703125,-6329.16015625,-400000.0625,-18895.8203125,-400000.0625,-5211.4501953125,-400000.0625
175.9271101951599,-400000.0625,-12049.33984375,-6336.2099609375,-400000.0625,-18897.919921875,-400000.0625,-5222.56005859375,-400000.0625
175.9419002532959,-400000.0625,-12037.08984375,-6327.68017578125,-400000.0625,-18897.869140625,-400000.0625,-5217.509765625,-400000.0625
175.96106719970703,-400000.0625,-12017.8203125,-6307.7001953125,-400000.0625,-18883.51953125,-400000.0625,-5194.14013671875,-400000.0625
176.03019285202026,-400000.0625,-12027.7900390625,-6313.7998046875,-400000.0625,-18892.9609375,-400000.0625,-5201.240234375,-400000.0625
176.04977297782898,-400000.0625,-12050.9599609375,-6332.2998046875,-400000.0625,-18910.650390625,-400000.0625,-5228.27978515625,-400000.0625
176.0704846382141,-400000.0625,-12047.580078125,-6327.43994140625,-400000.0625,-18905.119140625,-400000.0625,-5223.47021484375,-400000.0625
176.134046792984,-400000.0625,-12015.580078125,-6298.68994140625,-400000.0625,-18882.130859375,-400000.0625,-5189.89990234375,-400000.0625
176.1510934829712,-400000.0625,-12005.7099609375,-6287.2900390625,-400000.0625,-18874.9296875,-400000.0625,-5181.35986328125,-400000.0625
176.17701983451843,-400000.0625,-12014.6796875,-6293.14990234375,-400000.0625,-18877.890625,-400000.0625,-5190.85009765625,-400000.0625
176.23374700546265,-400000.0625,-12038.66015625,-6313.08984375,-400000.0625,-18890.2890625,-400000.0625,-5217.509765625,-400000.0625
176.25862050056458,-400000.0625,-12055.6796875,-6327.43994140625,-400000.0625,-18906.98046875,-400000.0625,-5236.580078125,-400000.0625
176.27231359481812,-400000.0625,-12037.6103515625,-6312.419921875,-400000.0625,-18899.349609375,-400000.0625,-5218.5498046875,-400000.0625
176.3007001876831,-400000.0625,-12010.8095703125,-6286.72021484375,-400000.0625,-18879.4609375,-400000.0625,-5196.47998046875,-400000.0625
176.37012600898743,-400000.0625,-12019.400390625,-6289.33984375,-400000.0625,-18885.419921875,-400000.0625,-5203.490234375,-400000.0625
176.38369798660278,-400000.0625,-12045.33984375,-6310.419921875,-400000.0625,-18903.830078125,-400000.0625,-5228.9501953125,-400000.0625
176.41067147254944,-400000.0625,-12049.580078125,-6313.990234375,-400000.0625,-18903.259765625,-400000.0625,-5225.85009765625,-400000.0625
176.46974873542786,-400000.0625,-12016.25,-6286.9599609375,-400000.0625,-18877.7890625,-400000.0625,-5196.3798828125,-400000.0625
176.49391651153564,-400000.0625,-11995.650390625,-6265.02001953125,-400000.0625,-18860.009765625,-400000.0625,-5175.35009765625,-400000.0625
176.51756381988525,-400000.0625,-12019.2099609375,-6292.009765625,-400000.0625,-18885.140625,-400000.0625,-5197.3798828125,-400000.0625
176.56419777870178,-400000.0625,-12053.16015625,-6322.0498046875,-400000.0625,-18906.7890625,-400000.0625,-5230.89990234375,-400000.0625
176.58794450759888,-400000.0625,-12062.41015625,-6322.47998046875,-400000.0625,-18914.419921875,-400000.0625,-5238.72021484375,-400000.0625
176.60114216804504,-400000.0625,-12031.7998046875,-6294.43994140625,-400000.0625,-18890.240234375,-400000.0625,-5212.16015625,-400000.0625
176.6183078289032,-400000.0625,-12009.5703125,-6273.83984375,-400000.0625,-18874.4609375,-400000.0625,-5185.7001953125,-400000.0625
176.6609218120575,-400000.0625,-12021.01953125,-6287.43017578125,-400000.0625,-18882.7109375,-400000.0625,-5200.77001953125,-400000.0625
176.67533016204834,-400000.0625,-12045.8095703125,-6306.02978515625,-400000.0625,-18899.109375,-400000.0625,-5221.990234375,-400000.0625
176.69302606582642,-400000.0625,-12050.4404296875,-6306.97998046875,-400000.0625,-18902.490234375,-400000.0625,-5226.60986328125,-400000.0625
176.70564150810242,-400000.0625,-12032.5595703125,-6292.68017578125,-400000.0625,-18889.240234375,-400000.0625,-5207.490234375,-400000.0625
176.72781896591187,-400000.0625,-12019.6796875,-6280.47021484375,-400000.0625,-18884.140625,-400000.0625,-5194.47021484375,-400000.0625
176.7736451625824,-400000.0625,-12036.1796875,-6292.6298828125,-400000.0625,-18898.16015625,-400000.0625,-5208.77978515625,-400000.0625
176.79732728004456,-400000.0625,-12064.169921875,-6315.08984375,-400000.0625,-18917.66015625,-400000.0625,-5232.56982421875,-400000.0625
176.81114888191223,-400000.0625,-12058.0703125,-6309.1298828125,-400000.0625,-18910.41015625,-400000.0625,-5234.33984375,-400000.0625
176.83738136291504,-400000.0625,-12041.9501953125,-6288.14990234375,-400000.0625,-18895.490234375,-400000.0625,-5213.06982421875,-400000.0625
176.88989567756653,-400000.0625,-12016.8203125,-6267.7900390625,-400000.0625,-18875.7890625,-400000.0625,-5182.080078125,-400000.0625
176.9083993434906,-400000.0625,-12019.9697265625,-6276.080078125,-400000.0625,-18873.880859375,-400000.0625,-5186.990234375,-400000.0625
176.93477535247803,-400000.0625,-12056.01953125,-6309.509765625,-400000.0625,-18904.16015625,-400000.0625,-5212.8798828125,-400000.0625
176.95228362083435,-400000.0625,-12071.849609375,-6319.0498046875,-400000.0625,-18912.220703125,-400000.0625,-5209.06982421875,-400000.0625
176.99400448799133,-400000.0625,-12056.7802734375,-6308.89013671875,-400000.0625,-18898.30078125,-400000.0625,-5189.75,-400000.0625
177.00526785850525,-400000.0625,-12034.8896484375,-6291.10009765625,-400000.0625,-18881.419921875,-400000.0625,-5162.9501953125,-400000.0625
177.0249364376068,-400000.0625,-12041.669921875,-6292.77001953125,-400000.0625,-18885.419921875,-400000.0625,-5164.580078125,-400000.0625
177.04090976715088,-400000.0625,-12064.740234375,-6316.52001953125,-400000.0625,-18908.9296875,-400000.0625,-5194.27978515625,-400000.0625
177.06074047088623,-400000.0625,-12064.509765625,-6317.18994140625,-400000.0625,-18910.83984375,-400000.0625,-5199.10009765625,-400000.0625
177.12222599983215,-400000.0625,-12037.23046875,-6291.6298828125,-400000.0625,-18887.669921875,-400000.0625,-5171.68017578125,-400000.0625
177.14122915267944,-400000.0625,-12032.1796875,-6289.33984375,-400000.0625,-18884.7109375,-400000.0625,-5160.89990234375,-400000.0625
177.15928673744202,-400000.0625,-12047.0498046875,-6305.7001953125,-400000.0625,-18893.099609375,-400000.0625,-5177.740234375,-400000.0625
177.17601609230042,-400000.0625,-12072.0400390625,-6328.5400390625,-400000.0625,-18911.69921875,-400000.0625,-5204.490234375,-400000.0625
177.2265486717224,-400000.0625,-12061.8798828125,-6311.47021484375,-400000.0625,-18898.19921875,-400000.0625,-5191.0400390625,-400000.0625
177.24672889709473,-400000.0625,-12030.080078125,-6282.14013671875,-400000.0625,-18871.5,-400000.0625,-5159.0400390625,-400000.0625
177.26648497581482,-400000.0625,-12020.8798828125,-6274.93994140625,-400000.0625,-18871.689453125,-400000.0625,-5150.509765625,-400000.0625
177.28218507766724,-400000.0625,-12042.0498046875,-6291.2001953125,-400000.0625,-18892.76953125,-400000.0625,-5165.91015625,-400000.0625
177.33023285865784,-400000.0625,-12069.1796875,-6313.7099609375,-400000.0625,-18909.55078125,-400000.0625,-5189.85009765625,-400000.0625
177.3447961807251,-400000.0625,-12077.7099609375,-6319.14013671875,-400000.0625,-18913.369140625,-400000.0625,-5199.9599609375,-400000.0625
177.3603973388672,-400000.0625,-12050.919921875,-6296.02001953125,-400000.0625,-18893.48046875,-400000.0625,-5176.1201171875,-400000.0625
177.39043068885803,-400000.0625,-12033.650390625,-6279.47021484375,-400000.0625,-18877.69921875,-400000.0625,-5154.47021484375,-400000.0625
177.50980949401855,-400000.0625,-12056.73046875,-6300.31005859375,-400000.0625,-18890.0,-400000.0625,-5175.31005859375,-400000.0625
177.57131361961365,-400000.0625,-12081.9599609375,-6322.10009765625,-400000.0625,-18911.939453125,-400000.0625,-5203.72021484375,-400000.0625
177.5965621471405,-400000.0625,-12068.5595703125,-6306.60009765625,-400000.0625,-18905.640625,-400000.0625,-5193.6201171875,-400000.0625
177.60978817939758,-400000.0625,-12038.66015625,-6279.419921875,-400000.0625,-18879.990234375,-400000.0625,-5162.47998046875,-400000.0625
177.65465307235718,-400000.0625,-12030.3203125,-6270.93017578125,-400000.0625,-18877.69921875,-400000.0625,-5154.85009765625,-400000.0625
177.70398473739624,-400000.0625,-12048.6298828125,-6281.18994140625,-400000.0625,-18888.51953125,-400000.0625,-5168.2998046875,-400000.0625
177.72727370262146,-400000.0625,-12087.349609375,-6317.6201171875,-400000.0625,-18913.3203125,-400000.0625,-5198.669921875,-400000.0625
177.76958513259888,-400000.0625,-12094.9296875,-6321.3798828125,-400000.0625,-18912.560546875,-400000.0625,-5208.5400390625,-400000.0625
177.81373357772827,-400000.0625,-12075.759765625,-6296.10986328125,-400000.0625,-18895.33984375,-400000.0625,-5182.60009765625,-400000.0625
177.83226609230042,-400000.0625,-12052.0595703125,-6281.14013671875,-400000.0625,-18886.0,-400000.0625,-5157.08984375,-400000.0625
177.85516095161438,-400000.0625,-12058.58984375,-6292.8701171875,-400000.0625,-18884.7109375,-400000.0625,-5164.33984375,-400000.0625
177.87609267234802,-400000.0625,-12082.580078125,-6310.22998046875,-400000.0625,-18898.439453125,-400000.0625,-5178.06982421875,-400000.0625
177.93945145606995,-400000.0625,-12100.5498046875,-6321.2900390625,-400000.0625,-18900.919921875,-400000.0625,-5180.740234375,-400000.0625
177.95272731781006,-400000.0625,-12079.2900390625,-6301.5,-400000.0625,-18886.0390625,-400000.0625,-5156.9501953125,-400000.0625
177.9685516357422,-400000.0625,-12071.900390625,-6294.77978515625,-400000.0625,-18881.80078125,-400000.0625,-5152.4599609375,-400000.0625
178.00860953330994,-400000.0625,-12088.25,-6309.7998046875,-400000.0625,-18892.48046875,-400000.0625,-5165.52978515625,-400000.0625
178.07066869735718,-400000.0625,-12097.7900390625,-6319.81005859375,-400000.0625,-18903.400390625,-400000.0625,-5182.60009765625,-400000.0625
178.09865880012512,-400000.0625,-12101.26953125,-6320.91015625,-400000.0625,-18905.2109375,-400000.0625,-5179.4501953125,-400000.0625
178.1208212375641,-400000.0625,-12070.3701171875,-6290.47998046875,-400000.0625,-18879.609375,-400000.0625,-5152.60986328125,-400000.0625
178.17177486419678,-400000.0625,-12064.7900390625,-6286.43017578125,-400000.0625,-18875.890625,-400000.0625,-5148.509765625,-400000.0625
178.2069606781006,-400000.0625,-12086.6796875,-6303.83984375,-400000.0625,-18891.2890625,-400000.0625,-5165.39013671875,-400000.0625
178.2306468486786,-400000.0625,-12099.83984375,-6312.85009765625,-400000.0625,-18894.390625,-400000.0625,-5177.64013671875,-400000.0625
178.27469658851624,-400000.0625,-12100.3203125,-6310.1298828125,-400000.0625,-18889.94921875,-400000.0625,-5178.68994140625,-400000.0625
178.3038351535797,-400000.0625,-12085.5302734375,-6297.8798828125,-400000.0625,-18876.509765625,-400000.0625,-5161.10009765625,-400000.0625
178.31815338134766,-400000.0625,-12070.66015625,-6288.0498046875,-400000.0625,-18876.4609375,-400000.0625,-5150.27001953125,-400000.0625
178.3306005001068,-400000.0625,-12081.7197265625,-6296.830078125,-400000.0625,-18882.369140625,-400000.0625,-5163.14990234375,-400000.0625
178.34169507026672,-400000.0625,-12110.1396484375,-6320.0498046875,-400000.0625,-18904.55078125,-400000.0625,-5189.27978515625,-400000.0625
178.37623357772827,-400000.0625,-12118.25,-6327.25,-400000.0625,-18909.599609375,-400000.0625,-5192.85009765625,-400000.0625
178.38673949241638,-400000.0625,-12093.6396484375,-6303.7900390625,-400000.0625,-18889.240234375,-400000.0625,-5169.14990234375,-400000.0625
178.3980209827423,-400000.0625,-12077.91015625,-6286.91015625,-400000.0625,-18877.369140625,-400000.0625,-5150.22021484375,-400000.0625
178.40659260749817,-400000.0625,-12096.9296875,-6303.169921875,-400000.0625,-18889.51953125,-400000.0625,-5161.72021484375,-400000.0625
178.41582489013672,-400000.0625,-12114.669921875,-6321.18994140625,-400000.0625,-18899.630859375,-400000.0625,-5185.02978515625,-400000.0625
178.42673802375793,-400000.0625,-12118.4404296875,-6318.14013671875,-400000.0625,-18897.869140625,-400000.0625,-5188.75,-400000.0625
178.43541479110718,-400000.0625,-12099.83984375,-6301.02001953125,-400000.0625,-18886.66015625,-400000.0625,-5173.77978515625,-400000.0625
178.443776845932,-400000.0625,-12080.3798828125,-6285.3798828125,-400000.0625,-18875.359375,-400000.0625,-5159.9501953125,-400000.0625
178.47943425178528,-400000.0625,-12101.2197265625,-6299.02001953125,-400000.0625,-18884.900390625,-400000.0625,-5171.43994140625,-400000.0625
178.4911470413208,-400000.0625,-12122.73046875,-6317.81005859375,-400000.0625,-18901.109375,-400000.0625,-5190.60986328125,-400000.0625
178.5028145313263,-400000.0625,-12110.0,-6304.5498046875,-400000.0625,-18886.619140625,-400000.0625,-5180.93017578125,-400000.0625
178.5122048854828,-400000.0625,-12088.8701171875,-6284.08984375,-400000.0625,-18880.509765625,-400000.0625,-5164.580078125,-400000.0625
178.52315139770508,-400000.0625,-12084.580078125,-6282.81005859375,-400000.0625,-18882.66015625,-400000.0625,-5163.14990234375,-400000.0625
178.53209018707275,-400000.0625,-12097.6904296875,-6293.06005859375,-400000.0625,-18886.189453125,-400000.0625,-5173.2099609375,-400000.0625
178.54039216041565,-400000.0625,-12107.7099609375,-6299.5,-400000.0625,-18885.66015625,-400000.0625,-5179.1201171875,-400000.0625
178.55145955085754,-400000.0625,-12115.5302734375,-6306.02978515625,-400000.0625,-18891.859375,-400000.0625,-5182.7900390625,-400000.0625
178.58750820159912,-400000.0625,-12110.330078125,-6300.5498046875,-400000.0625,-18891.669921875,-400000.0625,-5178.39990234375,-400000.0625
178.59732794761658,-400000.0625,-12108.990234375,-6297.490234375,-400000.0625,-18895.25,-400000.0625,-5172.97021484375,-400000.0625
178.60537791252136,-400000.0625,-12123.8203125,-6302.1201171875,-400000.0625,-18899.490234375,-400000.0625,-5177.830078125,-400000.0625
178.61550378799438,-400000.0625,-12133.8896484375,-6310.89013671875,-400000.0625,-18904.970703125,-400000.0625,-5189.22998046875,-400000.0625
178.6264705657959,-400000.0625,-12126.4501953125,-6308.89013671875,-400000.0625,-18907.880859375,-400000.0625,-5189.75,-400000.0625
178.637446641922,-400000.0625,-12099.2197265625,-6289.77001953125,-400000.0625,-18884.419921875,-400000.0625,-5175.97021484375,-400000.0625
178.64956998825073,-400000.0625,-12093.400390625,-6283.240234375,-400000.0625,-18872.5,-400000.0625,-5178.169921875,-400000.0625
178.66072940826416,-400000.0625,-12106.990234375,-6287.91015625,-400000.0625,-18877.3203125,-400000.0625,-5185.41015625,-400000.0625
178.6929807662964,-400000.0625,-12124.1103515625,-6300.64013671875,-400000.0625,-18889.759765625,-400000.0625,-5206.77978515625,-400000.0625
178.702876329422,-400000.0625,-12130.2099609375,-6307.5498046875,-400000.0625,-18900.490234375,-400000.0625,-5215.35986328125,-400000.0625
178.7109410762787,-400000.0625,-12106.2802734375,-6285.9501953125,-400000.0625,-18880.939453125,-400000.0625,-5191.56982421875,-400000.0625
178.72303104400635,-400000.0625,-12092.7802734375,-6272.169921875,-400000.0625,-18873.5,-400000.0625,-5174.35009765625,-400000.0625
178.73262882232666,-400000.0625,-12117.0498046875,-6292.6298828125,-400000.0625,-18894.720703125,-400000.0625,-5190.08984375,-400000.0625
178.7414629459381,-400000.0625,-12132.4599609375,-6306.740234375,-400000.0625,-18906.0703125,-400000.0625,-5209.02001953125,-400000.0625
178.75259637832642,-400000.0625,-12135.4599609375,-6304.5,-400000.0625,-18903.779296875,-400000.0625,-5212.8798828125,-400000.0625
178.7632908821106,-400000.0625,-12121.5400390625,-6293.2998046875,-400000.0625,-18891.720703125,-400000.0625,-5196.3798828125,-400000.0625
178.7912414073944,-400000.0625,-12109.1396484375,-6281.22998046875,-400000.0625,-18878.890625,-400000.0625,-5180.31005859375,-400000.0625
178.80030012130737,-400000.0625,-12108.900390625,-6280.47021484375,-400000.0625,-18879.029296875,-400000.0625,-5181.93017578125,-400000.0625
178.80764484405518,-400000.0625,-12129.259765625,-6297.39990234375,-400000.0625,-18886.66015625,-400000.0625,-5198.91015625,-400000.0625
178.81617999076843,-400000.0625,-12142.3701171875,-6307.7900390625,-400000.0625,-18897.390625,-400000.0625,-5209.490234375,-400000.0625
178.82587432861328,-400000.0625,-12126.16015625,-6292.580078125,-400000.0625,-18889.240234375,-400000.0625,-5190.18017578125,-400000.0625
178.84859037399292,-400000.0625,-12111.4697265625,-6282.14013671875,-400000.0625,-18884.94921875,-400000.0625,-5174.8798828125,-400000.0625
178.87101435661316,-400000.0625,-12117.8203125,-6287.14990234375,-400000.0625,-18888.380859375,-400000.0625,-5178.740234375,-400000.0625
178.90922784805298,-400000.0625,-12141.4697265625,-6305.64990234375,-400000.0625,-18905.169921875,-400000.0625,-5200.81982421875,-400000.0625
178.9290430545807,-400000.0625,-12151.8603515625,-6316.52001953125,-400000.0625,-18911.509765625,-400000.0625,-5210.10986328125,-400000.0625
178.9515597820282,-400000.0625,-12131.9296875,-6298.2099609375,-400000.0625,-18890.5703125,-400000.0625,-5193.52001953125,-400000.0625
178.97376465797424,-400000.0625,-12121.009765625,-6284.14013671875,-400000.0625,-18877.3203125,-400000.0625,-5177.16015625,-400000.0625
179.01371049880981,-400000.0625,-12134.41015625,-6296.02001953125,-400000.0625,-18889.240234375,-400000.0625,-5188.080078125,-400000.0625
179.03168749809265,-400000.0625,-12147.51953125,-6305.31005859375,-400000.0625,-18897.060546875,-400000.0625,-5200.14990234375,-400000.0625
179.0476016998291,-400000.0625,-12139.1298828125,-6297.919921875,-400000.0625,-18884.470703125,-400000.0625,-5189.509765625,-400000.0625
179.06971335411072,-400000.0625,-12134.169921875,-6294.35009765625,-400000.0625,-18891.189453125,-400000.0625,-5184.509765625,-400000.0625
179.0872519016266,-400000.0625,-12130.1201171875,-6291.6298828125,-400000.0625,-18892.720703125,-400000.0625,-5181.93017578125,-400000.0625
179.13781881332397,-400000.0625,-12139.6103515625,-6295.490234375,-400000.0625,-18891.76953125,-400000.0625,-5189.27978515625,-400000.0625
179.16301083564758,-400000.0625,-12152.3896484375,-6306.509765625,-400000.0625,-18903.689453125,-400000.0625,-5210.68994140625,-400000.0625
179.17499542236328,-400000.0625,-12139.6103515625,-6292.25,-400000.0625,-18888.669921875,-400000.0625,-5201.91015625,-400000.0625
179.19120383262634,-400000.0625,-12110.1396484375,-6265.830078125,-400000.0625,-18872.9296875,-400000.0625,-5169.9599609375,-400000.0625
179.2451560497284,-400000.0625,-12118.8203125,-6274.56005859375,-400000.0625,-18876.169921875,-400000.0625,-5171.490234375,-400000.0625
179.2594699859619,-400000.0625,-12153.0498046875,-6304.93017578125,-400000.0625,-18905.779296875,-400000.0625,-5201.240234375,-400000.0625
179.26794862747192,-400000.0625,-12169.41015625,-6318.27978515625,-400000.0625,-18919.7109375,-400000.0625,-5219.41015625,-400000.0625
179.2749788761139,-400000.0625,-12160.830078125,-6307.31982421875,-400000.0625,-18908.310546875,-400000.0625,-5210.2998046875,-400000.0625
179.28342485427856,-400000.0625,-12136.650390625,-6284.56982421875,-400000.0625,-18883.279296875,-400000.0625,-5187.7001953125,-400000.0625
179.29239678382874,-400000.0625,-12119.9599609375,-6268.68994140625,-400000.0625,-18865.30078125,-400000.0625,-5170.06005859375,-400000.0625
179.31600880622864,-400000.0625,-12126.400390625,-6275.7001953125,-400000.0625,-18870.58984375,-400000.0625,-5177.06982421875,-400000.0625
179.32519006729126,-400000.0625,-12152.91015625,-6297.5400390625,-400000.0625,-18894.91015625,-400000.0625,-5198.77001953125,-400000.0625
179.33368635177612,-400000.0625,-12163.6904296875,-6307.22021484375,-400000.0625,-18907.44921875,-400000.0625,-5206.25,-400000.0625
179.34180188179016,-400000.0625,-12152.48046875,-6298.58984375,-400000.0625,-18897.8203125,-400000.0625,-5191.759765625,-400000.0625
179.35196995735168,-400000.0625,-12140.1796875,-6287.0498046875,-400000.0625,-18888.900390625,-400000.0625,-5181.4599609375,-400000.0625
179.36480116844177,-400000.0625,-12142.330078125,-6283.0498046875,-400000.0625,-18884.279296875,-400000.0625,-5185.31982421875,-400000.0625
179.37218356132507,-400000.0625,-12153.91015625,-6294.97021484375,-400000.0625,-18889.189453125,-400000.0625,-5196.91015625,-400000.0625
179.37960815429688,-400000.0625,-12155.4404296875,-6294.58984375,-400000.0625,-18892.240234375,-400000.0625,-5198.56982421875,-400000.0625
179.3893039226532,-400000.0625,-12149.4296875,-6292.2998046875,-400000.0625,-18890.720703125,-400000.0625,-5193.85009765625,-400000.0625
179.3973410129547,-400000.0625,-12152.009765625,-6295.72998046875,-400000.0625,-18892.48046875,-400000.0625,-5193.85009765625,-400000.0625
179.42151737213135,-400000.0625,-12156.25,-6296.25,-400000.0625,-18898.8203125,-400000.0625,-5196.18994140625,-400000.0625
179.43055033683777,-400000.0625,-12154.33984375,-6290.77001953125,-400000.0625,-18893.4296875,-400000.0625,-5191.89990234375,-400000.0625
179.43822526931763,-400000.0625,-12153.6298828125,-6293.580078125,-400000.0625,-18890.619140625,-400000.0625,-5193.66015625,-400000.0625
179.44702768325806,-400000.0625,-12154.150390625,-6291.9599609375,-400000.0625,-18891.2890625,-400000.0625,-5186.64990234375,-400000.0625
179.4601743221283,-400000.0625,-12157.009765625,-6297.72998046875,-400000.0625,-18900.970703125,-400000.0625,-5183.22021484375,-400000.0625
179.4679193496704,-400000.0625,-12160.1103515625,-6301.58984375,-400000.0625,-18899.19921875,-400000.0625,-5189.7998046875,-400000.0625
179.4748888015747,-400000.0625,-12168.5,-6303.83984375,-400000.0625,-18904.5,-400000.0625,-5196.669921875,-400000.0625
179.48385524749756,-400000.0625,-12172.9404296875,-6307.31982421875,-400000.0625,-18907.7890625,-400000.0625,-5197.0,-400000.0625
179.49327850341797,-400000.0625,-12151.76953125,-6290.77001953125,-400000.0625,-18884.470703125,-400000.0625,-5179.830078125,-400000.0625
179.50235271453857,-400000.0625,-12132.4599609375,-6272.7001953125,-400000.0625,-18873.599609375,-400000.0625,-5187.419921875,-400000.0625
179.53067588806152,-400000.0625,-12144.66015625,-6277.85009765625,-400000.0625,-18890.5703125,-400000.0625,-5203.2001953125,-400000.0625
179.538907289505,-400000.0625,-12157.8203125,-6287.91015625,-400000.0625,-18899.009765625,-400000.0625,-5220.31982421875,-400000.0625
179.5474190711975,-400000.0625,-12167.2197265625,-6296.35009765625,-400000.0625,-18901.109375,-400000.0625,-5218.7001953125,-400000.0625
179.55651426315308,-400000.0625,-12138.8896484375,-6271.169921875,-400000.0625,-18883.23046875,-400000.0625,-5199.10009765625,-400000.0625
179.5650236606598,-400000.0625,-12123.4404296875,-6259.77978515625,-400000.0625,-18874.029296875,-400000.0625,-5199.85986328125,-400000.0625
179.57297277450562,-400000.0625,-12134.509765625,-6266.2099609375,-400000.0625,-18881.66015625,-400000.0625,-5213.06982421875,-400000.0625
179.58145594596863,-400000.0625,-12155.2001953125,-6281.18994140625,-400000.0625,-18898.390625,-400000.0625,-5230.47998046875,-400000.0625
179.59172987937927,-400000.0625,-12164.9296875,-6290.91015625,-400000.0625,-18908.7890625,-400000.0625,-5239.580078125,-400000.0625
179.60222625732422,-400000.0625,-12144.900390625,-6272.080078125,-400000.0625,-18887.7109375,-400000.0625,-5223.990234375,-400000.0625
179.609881401062,-400000.0625,-12142.6103515625,-6268.7900390625,-400000.0625,-18878.41015625,-400000.0625,-5214.02001953125,-400000.0625
179.6410834789276,-400000.0625,-12148.4296875,-6271.35986328125,-400000.0625,-18883.759765625,-400000.0625,-5217.4599609375,-400000.0625
179.6512951850891,-400000.0625,-12157.1103515625,-6278.0400390625,-400000.0625,-18887.189453125,-400000.0625,-5226.08984375,-400000.0625
179.66250014305115,-400000.0625,-12150.240234375,-6271.5498046875,-400000.0625,-18874.740234375,-400000.0625,-5223.3701171875,-400000.0625
179.6716227531433,-400000.0625,-12141.1796875,-6265.2099609375,-400000.0625,-18869.5,-400000.0625,-5214.41015625,-400000.0625
179.68163013458252,-400000.0625,-12148.1904296875,-6268.4501953125,-400000.0625,-18883.1796875,-400000.0625,-5216.41015625,-400000.0625
179.69246745109558,-400000.0625,-12156.580078125,-6275.18017578125,-400000.0625,-18888.05078125,-400000.0625,-5221.990234375,-400000.0625
179.70196676254272,-400000.0625,-12166.7900390625,-6281.9501953125,-400000.0625,-18895.33984375,-400000.0625,-5234.2900390625,-400000.0625
179.70956158638,-400000.0625,-12176.3701171875,-6289.0498046875,-400000.0625,-18897.869140625,-400000.0625,-5243.35009765625,-400000.0625
179.72580766677856,-400000.0625,-12157.490234375,-6273.56005859375,-400000.0625,-18886.51953125,-400000.0625,-5225.7099609375,-400000.0625
179.75808358192444,-400000.0625,-12144.1396484375,-6259.8701171875,-400000.0625,-18875.69921875,-400000.0625,-5211.02001953125,-400000.0625
179.77297353744507,-400000.0625,-12160.6396484375,-6272.60009765625,-400000.0625,-18881.3203125,-400000.0625,-5227.47021484375,-400000.0625
179.79247212409973,-400000.0625,-12182.5703125,-6291.68017578125,-400000.0625,-18898.580078125,-400000.0625,-5247.16015625,-400000.0625
179.80470895767212,-400000.0625,-12173.1796875,-6283.3798828125,-400000.0625,-18893.2890625,-400000.0625,-5234.47998046875,-400000.0625
179.82231450080872,-400000.0625,-12166.2197265625,-6277.419921875,-400000.0625,-18873.650390625,-400000.0625,-5221.7998046875,-400000.0625
179.83641457557678,-400000.0625,-12157.7802734375,-6269.169921875,-400000.0625,-18872.7890625,-400000.0625,-5213.93017578125,-400000.0625
179.88166856765747,-400000.0625,-12161.830078125,-6272.75,-400000.0625,-18884.51953125,-400000.0625,-5225.9501953125,-400000.0625
179.89908599853516,-400000.0625,-12178.0400390625,-6286.240234375,-400000.0625,-18898.6796875,-400000.0625,-5243.64013671875,-400000.0625
179.9133939743042,-400000.0625,-12182.4296875,-6286.47998046875,-400000.0625,-18899.16015625,-400000.0625,-5244.8798828125,-400000.0625
179.92692232131958,-400000.0625,-12165.6396484375,-6268.35986328125,-400000.0625,-18882.900390625,-400000.0625,-5227.85009765625,-400000.0625
179.94016456604004,-400000.0625,-12169.7001953125,-6277.18017578125,-400000.0625,-18882.939453125,-400000.0625,-5229.18994140625,-400000.0625
179.99308681488037,-400000.0625,-12174.5595703125,-6279.9501953125,-400000.0625,-18879.560546875,-400000.0625,-5230.759765625,-400000.0625
180.00477719306946,-400000.0625,-12189.009765625,-6290.06005859375,-400000.0625,-18892.48046875,-400000.0625,-5246.259765625,-400000.0625
180.02290868759155,-400000.0625,-12185.240234375,-6287.3798828125,-400000.0625,-18890.720703125,-400000.0625,-5246.64013671875,-400000.0625
180.03505659103394,-400000.0625,-12175.990234375,-6276.18017578125,-400000.0625,-18882.470703125,-400000.0625,-5230.27978515625,-400000.0625
180.05347108840942,-400000.0625,-12174.1796875,-6274.83984375,-400000.0625,-18885.08984375,-400000.0625,-5224.89990234375,-400000.0625
180.10186982154846,-400000.0625,-12181.240234375,-6278.18017578125,-400000.0625,-18889.140625,-400000.0625,-5234.2900390625,-400000.0625
180.12592673301697,-400000.0625,-12186.9599609375,-6278.27978515625,-400000.0625,-18888.51953125,-400000.0625,-5234.72021484375,-400000.0625
180.1419756412506,-400000.0625,-12185.0498046875,-6275.7998046875,-400000.0625,-18886.380859375,-400000.0625,-5233.9599609375,-400000.0625
180.15242862701416,-400000.0625,-12191.1103515625,-6285.0,-400000.0625,-18887.4296875,-400000.0625,-5240.06005859375,-400000.0625
180.16485238075256,-400000.0625,-12194.2998046875,-6285.10009765625,-400000.0625,-18890.099609375,-400000.0625,-5240.10986328125,-400000.0625
180.21246027946472,-400000.0625,-12192.1103515625,-6278.85009765625,-400000.0625,-18886.4296875,-400000.0625,-5233.91015625,-400000.0625
180.22750091552734,-400000.0625,-12198.740234375,-6285.0,-400000.0625,-18892.619140625,-400000.0625,-5239.77001953125,-400000.0625
180.2384843826294,-400000.0625,-12195.2998046875,-6282.3798828125,-400000.0625,-18887.669921875,-400000.0625,-5234.14990234375,-400000.0625
180.2558891773224,-400000.0625,-12191.6298828125,-6276.990234375,-400000.0625,-18884.369140625,-400000.0625,-5231.240234375,-400000.0625
180.26812839508057,-400000.0625,-12194.2099609375,-6281.18994140625,-400000.0625,-18889.2890625,-400000.0625,-5240.25,-400000.0625
180.31365251541138,-400000.0625,-12201.6396484375,-6285.85986328125,-400000.0625,-18892.619140625,-400000.0625,-5246.16015625,-400000.0625
180.32751297950745,-400000.0625,-12198.1201171875,-6281.81005859375,-400000.0625,-18883.330078125,-400000.0625,-5243.72998046875,-400000.0625
180.34206414222717,-400000.0625,-12191.25,-6276.56005859375,-400000.0625,-18881.470703125,-400000.0625,-5235.77001953125,-400000.0625
180.36026096343994,-400000.0625,-12190.2001953125,-6273.080078125,-400000.0625,-18876.080078125,-400000.0625,-5227.7099609375,-400000.0625
180.37605953216553,-400000.0625,-12193.73046875,-6275.85009765625,-400000.0625,-18879.80078125,-400000.0625,-5224.85009765625,-400000.0625
180.42756867408752,-400000.0625,-12203.3095703125,-6281.89990234375,-400000.0625,-18890.05078125,-400000.0625,-5231.81005859375,-400000.0625
180.44094967842102,-400000.0625,-12218.48046875,-6291.490234375,-400000.0625,-18896.19921875,-400000.0625,-5248.1201171875,-400000.0625
180.4514880180359,-400000.0625,-12212.6103515625,-6284.85986328125,-400000.0625,-18887.0,-400000.0625,-5247.39990234375,-400000.0625
180.4613835811615,-400000.0625,-12207.599609375,-6280.66015625,-400000.0625,-18888.759765625,-400000.0625,-5242.68017578125,-400000.0625
180.47991609573364,-400000.0625,-12198.9296875,-6270.4599609375,-400000.0625,-18885.330078125,-400000.0625,-5234.2900390625,-400000.0625
180.53372311592102,-400000.0625,-12207.990234375,-6279.9501953125,-400000.0625,-18890.189453125,-400000.0625,-5242.06005859375,-400000.0625
180.55091881752014,-400000.0625,-12218.51953125,-6289.0498046875,-400000.0625,-18894.390625,-400000.0625,-5243.4501953125,-400000.0625
180.56412744522095,-400000.0625,-12200.2099609375,-6272.169921875,-400000.0625,-18879.75,-400000.0625,-5227.7998046875,-400000.0625
180.5778992176056,-400000.0625,-12190.2998046875,-6266.5498046875,-400000.0625,-18871.5,-400000.0625,-5218.97998046875,-400000.0625
180.59284353256226,-400000.0625,-12201.599609375,-6276.7001953125,-400000.0625,-18878.26953125,-400000.0625,-5228.0,-400000.0625
180.6494221687317,-400000.0625,-12210.900390625,-6282.330078125,-400000.0625,-18887.470703125,-400000.0625,-5240.2001953125,-400000.0625
180.66356992721558,-400000.0625,-12219.8603515625,-6286.10009765625,-400000.0625,-18885.94921875,-400000.0625,-5245.5,-400000.0625
180.67484426498413,-400000.0625,-12222.4296875,-6287.33984375,-400000.0625,-18892.76953125,-400000.0625,-5244.77978515625,-400000.0625
180.69280815124512,-400000.0625,-12211.23046875,-6277.0400390625,-400000.0625,-18883.419921875,-400000.0625,-5231.240234375,-400000.0625
180.70838069915771,-400000.0625,-12202.3095703125,-6268.259765625,-400000.0625,-18873.0703125,-400000.0625,-5223.18017578125,-400000.0625
180.77141642570496,-400000.0625,-12214.1396484375,-6275.509765625,-400000.0625,-18882.609375,-400000.0625,-5236.009765625,-400000.0625
180.7947223186493,-400000.0625,-12213.3701171875,-6276.419921875,-400000.0625,-18877.220703125,-400000.0625,-5239.8701171875,-400000.0625
180.8159465789795,-400000.0625,-12215.1904296875,-6278.89990234375,-400000.0625,-18875.740234375,-400000.0625,-5233.77001953125,-400000.0625
180.86435413360596,-400000.0625,-12212.7099609375,-6276.85009765625,-400000.0625,-18883.1796875,-400000.0625,-5232.72021484375,-400000.0625
180.8855757713318,-400000.0625,-12219.7197265625,-6279.7998046875,-400000.0625,-18891.0,-400000.0625,-5236.72021484375,-400000.0625
180.8977313041687,-400000.0625,-12220.2900390625,-6282.89990234375,-400000.0625,-18889.859375,-400000.0625,-5243.10986328125,-400000.0625
180.92303586006165,-400000.0625,-12223.580078125,-6280.759765625,-400000.0625,-18891.05078125,-400000.0625,-5244.4501953125,-400000.0625
180.9718520641327,-400000.0625,-12221.240234375,-6274.89013671875,-400000.0625,-18882.3203125,-400000.0625,-5241.58984375,-400000.0625
180.9932417869568,-400000.0625,-12203.0302734375,-6260.35009765625,-400000.0625,-18867.830078125,-400000.0625,-5225.7998046875,-400000.0625
181.00947642326355,-400000.0625,-12206.169921875,-6262.259765625,-400000.0625,-18865.58984375,-400000.0625,-5225.7998046875,-400000.0625
181.0297966003418,-400000.0625,-12217.900390625,-6274.41015625,-400000.0625,-18882.560546875,-400000.0625,-5238.06005859375,-400000.0625
181.0931568145752,-400000.0625,-12223.25,-6277.0400390625,-400000.0625,-18887.7109375,-400000.0625,-5238.77001953125,-400000.0625
181.10750675201416,-400000.0625,-12221.240234375,-6275.56005859375,-400000.0625,-18886.5703125,-400000.0625,-5237.8701171875,-400000.0625
181.12191152572632,-400000.0625,-12210.5595703125,-6265.8798828125,-400000.0625,-18875.650390625,-400000.0625,-5225.3701171875,-400000.0625
181.14055132865906,-400000.0625,-12213.1796875,-6268.1201171875,-400000.0625,-18874.5,-400000.0625,-5223.080078125,-400000.0625
181.18180322647095,-400000.0625,-12229.7802734375,-6283.56982421875,-400000.0625,-18886.900390625,-400000.0625,-5238.81982421875,-400000.0625
181.1994240283966,-400000.0625,-12241.080078125,-6292.43994140625,-400000.0625,-18903.830078125,-400000.0625,-5255.83984375,-400000.0625
181.21255254745483,-400000.0625,-12236.169921875,-6284.0498046875,-400000.0625,-18897.73046875,-400000.0625,-5248.740234375,-400000.0625
181.22553634643555,-400000.0625,-12221.91015625,-6265.4501953125,-400000.0625,-18881.609375,-400000.0625,-5228.18994140625,-400000.0625
181.24984288215637,-400000.0625,-12215.08984375,-6260.490234375,-400000.0625,-18876.509765625,-400000.0625,-5226.18017578125,-400000.0625
181.29746532440186,-400000.0625,-12227.919921875,-6270.7900390625,-400000.0625,-18880.939453125,-400000.0625,-5238.9599609375,-400000.0625
181.31322360038757,-400000.0625,-12246.4697265625,-6282.22998046875,-400000.0625,-18889.94921875,-400000.0625,-5249.06982421875,-400000.0625
181.33380556106567,-400000.0625,-12243.1796875,-6280.3798828125,-400000.0625,-18894.720703125,-400000.0625,-5244.5400390625,-400000.0625
181.34759759902954,-400000.0625,-12224.9599609375,-6270.35986328125,-400000.0625,-18877.169921875,-400000.0625,-5228.85009765625,-400000.0625
181.3603641986847,-400000.0625,-12223.3896484375,-6269.259765625,-400000.0625,-18874.83984375,-400000.0625,-5219.169921875,-400000.0625
181.41588687896729,-400000.0625,-12239.8896484375,-6280.330078125,-400000.0625,-18889.5703125,-400000.0625,-5226.56982421875,-400000.0625
181.43337559700012,-400000.0625,-12254.91015625,-6295.25,-400000.0625,-18896.30078125,-400000.0625,-5241.2001953125,-400000.0625
181.4523651599884,-400000.0625,-12254.4296875,-6293.97021484375,-400000.0625,-18891.2890625,-400000.0625,-5237.91015625,-400000.0625
181.4668834209442,-400000.0625,-12239.5498046875,-6280.56982421875,-400000.0625,-18879.369140625,-400000.0625,-5225.52001953125,-400000.0625
181.51847100257874,-400000.0625,-12240.599609375,-6282.52001953125,-400000.0625,-18889.05078125,-400000.0625,-5226.66015625,-400000.0625
181.53287816047668,-400000.0625,-12250.0400390625,-6290.2001953125,-400000.0625,-18895.099609375,-400000.0625,-5235.0498046875,-400000.0625
181.55002188682556,-400000.0625,-12255.8603515625,-6295.72998046875,-400000.0625,-18893.2890625,-400000.0625,-5241.16015625,-400000.0625
181.56380414962769,-400000.0625,-12246.6103515625,-6287.91015625,-400000.0625,-18888.5703125,-400000.0625,-5237.10009765625,-400000.0625
181.5778214931488,-400000.0625,-12235.5498046875,-6275.85009765625,-400000.0625,-18878.83984375,-400000.0625,-5221.3701171875,-400000.0625
181.62826681137085,-400000.0625,-12236.98046875,-6277.3701171875,-400000.0625,-18875.26953125,-400000.0625,-5225.7099609375,-400000.0625
181.64464592933655,-400000.0625,-12244.0400390625,-6283.330078125,-400000.0625,-18885.849609375,-400000.0625,-5230.43017578125,-400000.0625
181.66816973686218,-400000.0625,-12255.7197265625,-6289.91015625,-400000.0625,-18898.439453125,-400000.0625,-5240.009765625,-400000.0625
181.68557500839233,-400000.0625,-12258.8603515625,-6293.10986328125,-400000.0625,-18891.0,-400000.0625,-5244.06005859375,-400000.0625
181.74105739593506,-400000.0625,-12238.83984375,-6274.080078125,-400000.0625,-18873.41015625,-400000.0625,-5223.60986328125,-400000.0625
181.75623989105225,-400000.0625,-12228.349609375,-6264.35009765625,-400000.0625,-18867.490234375,-400000.0625,-5208.830078125,-400000.0625
181.77838850021362,-400000.0625,-12240.98046875,-6274.27001953125,-400000.0625,-18879.130859375,-400000.0625,-5226.22998046875,-400000.0625
181.78972816467285,-400000.0625,-12262.919921875,-6293.10986328125,-400000.0625,-18894.669921875,-400000.0625,-5245.259765625,-400000.0625
181.8488507270813,-400000.0625,-12263.25,-6293.39013671875,-400000.0625,-18896.9609375,-400000.0625,-5242.009765625,-400000.0625
181.87305355072021,-400000.0625,-12245.23046875,-6276.3701171875,-400000.0625,-18879.990234375,-400000.0625,-5221.7001953125,-400000.0625
181.88683319091797,-400000.0625,-12242.080078125,-6272.35986328125,-400000.0625,-18876.650390625,-400000.0625,-5220.7001953125,-400000.0625
181.91094613075256,-400000.0625,-12252.0498046875,-6280.22998046875,-400000.0625,-18885.189453125,-400000.0625,-5233.2900390625,-400000.0625
181.95957708358765,-400000.0625,-12260.3896484375,-6286.43017578125,-400000.0625,-18891.0,-400000.0625,-5243.64013671875,-400000.0625
181.97959184646606,-400000.0625,-12261.4404296875,-6286.85986328125,-400000.0625,-18892.390625,-400000.0625,-5238.009765625,-400000.0625
181.9993441104889,-400000.0625,-12249.1904296875,-6276.47021484375,-400000.0625,-18883.759765625,-400000.0625,-5226.89990234375,-400000.0625
182.0220866203308,-400000.0625,-12244.5595703125,-6272.27001953125,-400000.0625,-18880.890625,-400000.0625,-5223.93994140625,-400000.0625
182.07906532287598,-400000.0625,-12257.4296875,-6280.0400390625,-400000.0625,-18885.0390625,-400000.0625,-5234.0498046875,-400000.0625
182.10319590568542,-400000.0625,-12266.6396484375,-6285.18994140625,-400000.0625,-18892.19921875,-400000.0625,-5243.5400390625,-400000.0625
182.11761617660522,-400000.0625,-12251.51953125,-6270.080078125,-400000.0625,-18872.83984375,-400000.0625,-5230.56982421875,-400000.0625
182.1361119747162,-400000.0625,-12245.3701171875,-6265.1201171875,-400000.0625,-18871.400390625,-400000.0625,-5225.0400390625,-400000.0625
182.1881923675537,-400000.0625,-12252.5703125,-6272.89013671875,-400000.0625,-18881.849609375,-400000.0625,-5227.89990234375,-400000.0625
182.20880031585693,-400000.0625,-12273.0703125,-6292.2998046875,-400000.0625,-18897.8203125,-400000.0625,-5240.490234375,-400000.0625
182.22535037994385,-400000.0625,-12274.4599609375,-6293.43994140625,-400000.0625,-18898.349609375,-400000.0625,-5241.10986328125,-400000.0625
182.24317455291748,-400000.0625,-12262.2998046875,-6282.52001953125,-400000.0625,-18885.94921875,-400000.0625,-5233.72021484375,-400000.0625
182.2908022403717,-400000.0625,-12263.8203125,-6281.3798828125,-400000.0625,-18883.990234375,-400000.0625,-5230.240234375,-400000.0625
182.31586909294128,-400000.0625,-12261.919921875,-6279.18017578125,-400000.0625,-18884.990234375,-400000.0625,-5225.52001953125,-400000.0625
182.33570885658264,-400000.0625,-12260.0595703125,-6276.080078125,-400000.0625,-18885.5703125,-400000.0625,-5229.330078125,-400000.0625
182.34894108772278,-400000.0625,-12256.91015625,-6268.740234375,-400000.0625,-18875.220703125,-400000.0625,-5224.75,-400000.0625
182.40137648582458,-400000.0625,-12262.6298828125,-6273.83984375,-400000.0625,-18877.599609375,-400000.0625,-5225.419921875,-400000.0625
182.4199254512787,-400000.0625,-12268.0703125,-6279.990234375,-400000.0625,-18886.900390625,-400000.0625,-5229.18994140625,-400000.0625
182.43697714805603,-400000.0625,-12259.6298828125,-6273.18017578125,-400000.0625,-18878.220703125,-400000.0625,-5224.93994140625,-400000.0625
182.457102060318,-400000.0625,-12263.349609375,-6277.7998046875,-400000.0625,-18878.029296875,-400000.0625,-5228.85009765625,-400000.0625
182.49057126045227,-400000.0625,-12273.599609375,-6284.669921875,-400000.0625,-18887.08984375,-400000.0625,-5235.77001953125,-400000.0625
182.50967645645142,-400000.0625,-12279.080078125,-6290.2900390625,-400000.0625,-18886.279296875,-400000.0625,-5235.81982421875,-400000.0625
182.52322220802307,-400000.0625,-12270.3095703125,-6283.7099609375,-400000.0625,-18881.849609375,-400000.0625,-5227.60986328125,-400000.0625
182.54402923583984,-400000.0625,-12269.8798828125,-6281.85009765625,-400000.0625,-18882.23046875,-400000.0625,-5226.330078125,-400000.0625
182.5611550807953,-400000.0625,-12280.75,-6288.91015625,-400000.0625,-18891.48046875,-400000.0625,-5235.009765625,-400000.0625
182.60935187339783,-400000.0625,-12280.75,-6286.72021484375,-400000.0625,-18893.05078125,-400000.0625,-5238.580078125,-400000.0625
182.62087225914001,-400000.0625,-12280.75,-6284.14013671875,-400000.0625,-18887.810546875,-400000.0625,-5236.0498046875,-400000.0625
182.64193558692932,-400000.0625,-12275.4599609375,-6281.22998046875,-400000.0625,-18881.939453125,-400000.0625,-5234.2900390625,-400000.0625
182.65929675102234,-400000.0625,-12278.75,-6286.669921875,-400000.0625,-18886.51953125,-400000.0625,-5234.52978515625,-400000.0625
182.67856001853943,-400000.0625,-12285.5703125,-6292.2001953125,-400000.0625,-18890.240234375,-400000.0625,-5235.85986328125,-400000.0625
182.72418403625488,-400000.0625,-12279.8896484375,-6283.240234375,-400000.0625,-18881.939453125,-400000.0625,-5229.0400390625,-400000.0625
182.745947599411,-400000.0625,-12269.4501953125,-6276.22998046875,-400000.0625,-18873.169921875,-400000.0625,-5223.1298828125,-400000.0625
182.76015448570251,-400000.0625,-12278.419921875,-6285.759765625,-400000.0625,-18877.4609375,-400000.0625,-5232.6201171875,-400000.0625
182.78585982322693,-400000.0625,-12291.6201171875,-6298.259765625,-400000.0625,-18885.5703125,-400000.0625,-5242.2099609375,-400000.0625
182.83684158325195,-400000.0625,-12293.669921875,-6296.919921875,-400000.0625,-18892.580078125,-400000.0625,-5250.5498046875,-400000.0625
182.8619203567505,-400000.0625,-12295.6298828125,-6296.35009765625,-400000.0625,-18890.619140625,-400000.0625,-5248.39990234375,-400000.0625
182.87883973121643,-400000.0625,-12281.23046875,-6282.3798828125,-400000.0625,-18876.83984375,-400000.0625,-5236.009765625,-400000.0625
182.89793848991394,-400000.0625,-12277.650390625,-6278.47021484375,-400000.0625,-18877.939453125,-400000.0625,-5231.52001953125,-400000.0625
182.9429750442505,-400000.0625,-12289.669921875,-6290.77001953125,-400000.0625,-18887.08984375,-400000.0625,-5241.06005859375,-400000.0625
182.95932292938232,-400000.0625,-12291.0,-6290.8701171875,-400000.0625,-18887.859375,-400000.0625,-5245.5400390625,-400000.0625
182.9759488105774,-400000.0625,-12287.330078125,-6283.0498046875,-400000.0625,-18880.130859375,-400000.0625,-5237.47998046875,-400000.0625
182.99651646614075,-400000.0625,-12288.9501953125,-6286.47998046875,-400000.0625,-18878.650390625,-400000.0625,-5238.6298828125,-400000.0625
183.01093792915344,-400000.0625,-12296.9599609375,-6295.2001953125,-400000.0625,-18882.369140625,-400000.0625,-5250.740234375,-400000.0625
183.0627362728119,-400000.0625,-12302.259765625,-6297.830078125,-400000.0625,-18888.05078125,-400000.0625,-5251.06982421875,-400000.0625
183.0833511352539,-400000.0625,-12295.2998046875,-6289.91015625,-400000.0625,-18882.849609375,-400000.0625,-5242.009765625,-400000.0625
183.0949342250824,-400000.0625,-12287.4296875,-6281.14013671875,-400000.0625,-18878.41015625,-400000.0625,-5237.2001953125,-400000.0625
183.10890650749207,-400000.0625,-12299.25,-6290.72021484375,-400000.0625,-18885.0390625,-400000.0625,-5247.2099609375,-400000.0625
183.12317538261414,-400000.0625,-12301.2099609375,-6292.2998046875,-400000.0625,-18884.849609375,-400000.0625,-5246.02001953125,-400000.0625
183.1824610233307,-400000.0625,-12291.0498046875,-6281.0400390625,-400000.0625,-18877.509765625,-400000.0625,-5237.33984375,-400000.0625
183.20074844360352,-400000.0625,-12298.490234375,-6284.0498046875,-400000.0625,-18883.51953125,-400000.0625,-5243.02001953125,-400000.0625
183.2158019542694,-400000.0625,-12304.5,-6290.580078125,-400000.0625,-18889.140625,-400000.0625,-5248.02001953125,-400000.0625
183.23234605789185,-400000.0625,-12294.7197265625,-6283.240234375,-400000.0625,-18874.310546875,-400000.0625,-5241.25,-400000.0625
183.28127360343933,-400000.0625,-12295.099609375,-6279.56005859375,-400000.0625,-18869.259765625,-400000.0625,-5241.009765625,-400000.0625
183.30001020431519,-400000.0625,-12304.400390625,-6289.240234375,-400000.0625,-18878.029296875,-400000.0625,-5246.5,-400000.0625
183.31854701042175,-400000.0625,-12313.419921875,-6299.06982421875,-400000.0625,-18888.759765625,-400000.0625,-5252.080078125,-400000.0625
183.3356626033783,-400000.0625,-12314.26953125,-6299.06982421875,-400000.0625,-18891.48046875,-400000.0625,-5252.080078125,-400000.0625
183.37044095993042,-400000.0625,-12305.6904296875,-6285.6201171875,-400000.0625,-18878.80078125,-400000.0625,-5245.259765625,-400000.0625
183.38056468963623,-400000.0625,-12303.5400390625,-6282.43017578125,-400000.0625,-18874.220703125,-400000.0625,-5241.81982421875,-400000.0625
183.39330005645752,-400000.0625,-12300.4501953125,-6281.89990234375,-400000.0625,-18873.740234375,-400000.0625,-5236.2900390625,-400000.0625
183.41223621368408,-400000.0625,-12301.259765625,-6281.89990234375,-400000.0625,-18870.310546875,-400000.0625,-5237.47998046875,-400000.0625
183.42787384986877,-400000.0625,-12305.2099609375,-6286.47998046875,-400000.0625,-18869.9296875,-400000.0625,-5242.68017578125,-400000.0625
183.44442200660706,-400000.0625,-12306.6904296875,-6288.72021484375,-400000.0625,-18875.9296875,-400000.0625,-5240.2998046875,-400000.0625
183.48963165283203,-400000.0625,-12313.650390625,-6290.9599609375,-400000.0625,-18885.900390625,-400000.0625,-5244.35009765625,-400000.0625
183.51028513908386,-400000.0625,-12316.849609375,-6291.77001953125,-400000.0625,-18886.140625,-400000.0625,-5247.68994140625,-400000.0625
183.52123355865479,-400000.0625,-12318.1796875,-6292.43994140625,-400000.0625,-18882.7109375,-400000.0625,-5250.93017578125,-400000.0625
183.53942561149597,-400000.0625,-12316.3203125,-6290.81982421875,-400000.0625,-18883.279296875,-400000.0625,-5251.60009765625,-400000.0625
183.54953241348267,-400000.0625,-12300.2998046875,-6275.85009765625,-400000.0625,-18869.119140625,-400000.0625,-5236.52978515625,-400000.0625
183.5912525653839,-400000.0625,-12307.5,-6279.52001953125,-400000.0625,-18874.41015625,-400000.0625,-5239.6298828125,-400000.0625
183.61003184318542,-400000.0625,-12319.51953125,-6289.39013671875,-400000.0625,-18885.189453125,-400000.0625,-5244.10986328125,-400000.0625
183.62487864494324,-400000.0625,-12312.990234375,-6285.18994140625,-400000.0625,-18878.990234375,-400000.0625,-5242.43994140625,-400000.0625
183.6445574760437,-400000.0625,-12315.080078125,-6289.33984375,-400000.0625,-18878.560546875,-400000.0625,-5245.10986328125,-400000.0625
183.65983700752258,-400000.0625,-12315.23046875,-6289.580078125,-400000.0625,-18880.66015625,-400000.0625,-5242.10986328125,-400000.0625
183.69659757614136,-400000.0625,-12312.1298828125,-6286.0498046875,-400000.0625,-18877.369140625,-400000.0625,-5242.5400390625,-400000.0625
183.71207785606384,-400000.0625,-12312.509765625,-6286.9599609375,-400000.0625,-18881.419921875,-400000.0625,-5244.5400390625,-400000.0625
183.7396240234375,-400000.0625,-12318.23046875,-6286.91015625,-400000.0625,-18881.509765625,-400000.0625,-5245.259765625,-400000.0625
183.7498743534088,-400000.0625,-12320.4697265625,-6285.2900390625,-400000.0625,-18881.23046875,-400000.0625,-5246.5,-400000.0625
183.76661252975464,-400000.0625,-12308.169921875,-6275.7998046875,-400000.0625,-18873.310546875,-400000.0625,-5238.06005859375,-400000.0625
183.80827045440674,-400000.0625,-12310.2197265625,-6278.419921875,-400000.0625,-18873.880859375,-400000.0625,-5236.669921875,-400000.0625
183.83307433128357,-400000.0625,-12319.3798828125,-6286.56982421875,-400000.0625,-18881.849609375,-400000.0625,-5244.16015625,-400000.0625
183.85735297203064,-400000.0625,-12316.0400390625,-6283.330078125,-400000.0625,-18880.69921875,-400000.0625,-5238.490234375,-400000.0625
183.87573957443237,-400000.0625,-12317.4697265625,-6284.330078125,-400000.0625,-18880.1796875,-400000.0625,-5244.259765625,-400000.0625
183.93472623825073,-400000.0625,-12325.0498046875,-6289.2900390625,-400000.0625,-18884.7109375,-400000.0625,-5253.169921875,-400000.0625
183.95541429519653,-400000.0625,-12316.7998046875,-6279.7099609375,-400000.0625,-18880.0390625,-400000.0625,-5242.009765625,-400000.0625
183.9724977016449,-400000.0625,-12313.75,-6278.60986328125,-400000.0625,-18876.939453125,-400000.0625,-5236.2001953125,-400000.0625
183.99335932731628,-400000.0625,-12313.1796875,-6280.14013671875,-400000.0625,-18879.4609375,-400000.0625,-5236.669921875,-400000.0625
184.05292749404907,-400000.0625,-12312.3701171875,-6276.31982421875,-400000.0625,-18876.599609375,-400000.0625,-5236.009765625,-400000.0625
184.07321572303772,-400000.0625,-12313.4599609375,-6276.3701171875,-400000.0625,-18876.599609375,-400000.0625,-5234.10009765625,-400000.0625
184.09467315673828,-400000.0625,-12319.5703125,-6281.9501953125,-400000.0625,-18877.560546875,-400000.0625,-5237.6298828125,-400000.0625
184.1405324935913,-400000.0625,-12319.9501953125,-6282.43017578125,-400000.0625,-18877.509765625,-400000.0625,-5236.9599609375,-400000.0625
184.16180968284607,-400000.0625,-12321.8095703125,-6283.9501953125,-400000.0625,-18877.890625,-400000.0625,-5240.72998046875,-400000.0625
184.18362402915955,-400000.0625,-12319.3798828125,-6281.330078125,-400000.0625,-18875.69921875,-400000.0625,-5236.91015625,-400000.0625
184.19800925254822,-400000.0625,-12325.8603515625,-6287.14990234375,-400000.0625,-18880.3203125,-400000.0625,-5241.25,-400000.0625
184.24711441993713,-400000.0625,-12340.830078125,-6299.830078125,-400000.0625,-18894.390625,-400000.0625,-5253.41015625,-400000.0625
184.26489686965942,-400000.0625,-12341.41015625,-6299.10986328125,-400000.0625,-18888.51953125,-400000.0625,-5250.740234375,-400000.0625
184.28057217597961,-400000.0625,-12334.919921875,-6291.580078125,-400000.0625,-18884.7109375,-400000.0625,-5241.97021484375,-400000.0625
184.2978913784027,-400000.0625,-12326.8603515625,-6284.43017578125,-400000.0625,-18875.359375,-400000.0625,-5232.91015625,-400000.0625
184.32208132743835,-400000.0625,-12325.8095703125,-6281.66015625,-400000.0625,-18873.359375,-400000.0625,-5236.43994140625,-400000.0625
184.366037607193,-400000.0625,-12327.2001953125,-6282.66015625,-400000.0625,-18874.41015625,-400000.0625,-5239.2001953125,-400000.0625
184.38418698310852,-400000.0625,-12334.16015625,-6290.009765625,-400000.0625,-18873.41015625,-400000.0625,-5246.740234375,-400000.0625
184.40064430236816,-400000.0625,-12335.5400390625,-6289.10009765625,-400000.0625,-18876.26953125,-400000.0625,-5246.2099609375,-400000.0625
184.41287803649902,-400000.0625,-12329.0595703125,-6282.14013671875,-400000.0625,-18872.689453125,-400000.0625,-5233.81005859375,-400000.0625
184.42929458618164,-400000.0625,-12327.48046875,-6279.89990234375,-400000.0625,-18868.01953125,-400000.0625,-5232.14013671875,-400000.0625
184.4793198108673,-400000.0625,-12333.7802734375,-6287.669921875,-400000.0625,-18883.759765625,-400000.0625,-5243.72998046875,-400000.0625
184.49976325035095,-400000.0625,-12334.2998046875,-6286.669921875,-400000.0625,-18883.560546875,-400000.0625,-5242.58984375,-400000.0625
184.51754784584045,-400000.0625,-12340.01953125,-6289.85986328125,-400000.0625,-18881.900390625,-400000.0625,-5244.72998046875,-400000.0625
184.5342402458191,-400000.0625,-12339.2099609375,-6286.91015625,-400000.0625,-18880.130859375,-400000.0625,-5245.919921875,-400000.0625
184.58991980552673,-400000.0625,-12334.2998046875,-6280.7099609375,-400000.0625,-18879.69921875,-400000.0625,-5244.830078125,-400000.0625
184.60179901123047,-400000.0625,-12333.16015625,-6279.0400390625,-400000.0625,-18879.029296875,-400000.0625,-5240.97021484375,-400000.0625
184.6191804409027,-400000.0625,-12335.16015625,-6280.89990234375,-400000.0625,-18877.83984375,-400000.0625,-5238.580078125,-400000.0625
184.63035416603088,-400000.0625,-12342.7900390625,-6285.330078125,-400000.0625,-18881.470703125,-400000.0625,-5242.06005859375,-400000.0625
184.64369869232178,-400000.0625,-12342.98046875,-6286.0498046875,-400000.0625,-18878.029296875,-400000.0625,-5241.58984375,-400000.0625
184.6953136920929,-400000.0625,-12338.58984375,-6281.47021484375,-400000.0625,-18871.640625,-400000.0625,-5242.25,-400000.0625
184.71274948120117,-400000.0625,-12333.6796875,-6276.56005859375,-400000.0625,-18871.5,-400000.0625,-5237.43994140625,-400000.0625
184.74037909507751,-400000.0625,-12341.0703125,-6281.9501953125,-400000.0625,-18877.650390625,-400000.0625,-5242.6298828125,-400000.0625
184.7727870941162,-400000.0625,-12340.7900390625,-6282.6201171875,-400000.0625,-18874.890625,-400000.0625,-5242.97021484375,-400000.0625
184.90881991386414,-400000.0625,-12339.259765625,-6280.22998046875,-400000.0625,-18871.599609375,-400000.0625,-5240.68017578125,-400000.0625
184.9639310836792,-400000.0625,-12337.9697265625,-6278.60986328125,-400000.0625,-18875.69921875,-400000.0625,-5238.6298828125,-400000.0625
184.98536920547485,-400000.0625,-12341.98046875,-6282.18994140625,-400000.0625,-18881.0390625,-400000.0625,-5242.919921875,-400000.0625
185.0233817100525,-400000.0625,-12351.5595703125,-6288.10009765625,-400000.0625,-18890.48046875,-400000.0625,-5252.1201171875,-400000.0625
185.0888135433197,-400000.0625,-12356.849609375,-6290.52978515625,-400000.0625,-18887.619140625,-400000.0625,-5256.75,-400000.0625
185.10599398612976,-400000.0625,-12351.1298828125,-6283.85986328125,-400000.0625,-18883.560546875,-400000.0625,-5246.740234375,-400000.0625
185.1251916885376,-400000.0625,-12336.7802734375,-6274.02978515625,-400000.0625,-18870.7890625,-400000.0625,-5238.580078125,-400000.0625
185.1943655014038,-400000.0625,-12342.98046875,-6282.0400390625,-400000.0625,-18875.26953125,-400000.0625,-5244.10986328125,-400000.0625
185.20789861679077,-400000.0625,-12345.1201171875,-6282.7099609375,-400000.0625,-18879.849609375,-400000.0625,-5246.39990234375,-400000.0625
185.24078178405762,-400000.0625,-12354.9501953125,-6291.6298828125,-400000.0625,-18889.240234375,-400000.0625,-5253.27001953125,-400000.0625
185.2808403968811,-400000.0625,-12355.900390625,-6290.72021484375,-400000.0625,-18887.08984375,-400000.0625,-5252.5498046875,-400000.0625
185.31451511383057,-400000.0625,-12346.080078125,-6282.0400390625,-400000.0625,-18881.080078125,-400000.0625,-5239.2001953125,-400000.0625
185.33770418167114,-400000.0625,-12342.3603515625,-6277.7001953125,-400000.0625,-18875.4609375,-400000.0625,-5233.9599609375,-400000.0625
185.35384321212769,-400000.0625,-12345.26953125,-6282.6201171875,-400000.0625,-18872.01953125,-400000.0625,-5244.06005859375,-400000.0625
185.43617725372314,-400000.0625,-12352.419921875,-6287.2900390625,-400000.0625,-18883.0390625,-400000.0625,-5252.5498046875,-400000.0625
185.4619264602661,-400000.0625,-12346.7001953125,-6280.330078125,-400000.0625,-18882.7109375,-400000.0625,-5247.93017578125,-400000.0625
185.50983214378357,-400000.0625,-12350.1298828125,-6281.27978515625,-400000.0625,-18883.279296875,-400000.0625,-5247.93017578125,-400000.0625
185.53549456596375,-400000.0625,-12340.6904296875,-6273.080078125,-400000.0625,-18878.3203125,-400000.0625,-5235.43017578125,-400000.0625
185.56183528900146,-400000.0625,-12338.2099609375,-6270.97998046875,-400000.0625,-18875.3203125,-400000.0625,-5242.72998046875,-400000.0625
185.57946705818176,-400000.0625,-12346.3603515625,-6278.31982421875,-400000.0625,-18887.0,-400000.0625,-5247.77978515625,-400000.0625
185.63171935081482,-400000.0625,-12348.2197265625,-6279.3701171875,-400000.0625,-18887.7109375,-400000.0625,-5244.77978515625,-400000.0625
185.6451075077057,-400000.0625,-12350.080078125,-6281.89990234375,-400000.0625,-18882.369140625,-400000.0625,-5246.740234375,-400000.0625
185.65609121322632,-400000.0625,-12353.849609375,-6284.85986328125,-400000.0625,-18886.759765625,-400000.0625,-5249.60009765625,-400000.0625
185.66697192192078,-400000.0625,-12343.5498046875,-6275.64990234375,-400000.0625,-18874.4609375,-400000.0625,-5235.81982421875,-400000.0625
185.67432522773743,-400000.0625,-12338.3095703125,-6269.5498046875,-400000.0625,-18870.5,-400000.0625,-5238.33984375,-400000.0625
185.68530702590942,-400000.0625,-12351.7099609375,-6279.419921875,-400000.0625,-18884.140625,-400000.0625,-5246.68994140625,-400000.0625
185.72035837173462,-400000.0625,-12347.080078125,-6277.509765625,-400000.0625,-18885.419921875,-400000.0625,-5240.2001953125,-400000.0625
185.73157382011414,-400000.0625,-12348.26953125,-6281.22998046875,-400000.0625,-18891.0,-400000.0625,-5242.77978515625,-400000.0625
185.7404923439026,-400000.0625,-12354.5703125,-6283.47021484375,-400000.0625,-18884.08984375,-400000.0625,-5244.4501953125,-400000.0625
185.7517683506012,-400000.0625,-12359.240234375,-6285.669921875,-400000.0625,-18882.23046875,-400000.0625,-5245.8798828125,-400000.0625
185.76666831970215,-400000.0625,-12358.8603515625,-6284.759765625,-400000.0625,-18883.94921875,-400000.0625,-5248.58984375,-400000.0625
185.78261828422546,-400000.0625,-12347.8896484375,-6272.35986328125,-400000.0625,-18880.939453125,-400000.0625,-5237.6298828125,-400000.0625
185.79586696624756,-400000.0625,-12339.8798828125,-6265.06982421875,-400000.0625,-18869.9296875,-400000.0625,-5227.60986328125,-400000.0625
185.82109951972961,-400000.0625,-12349.1796875,-6273.3701171875,-400000.0625,-18874.890625,-400000.0625,-5242.919921875,-400000.0625
185.83035135269165,-400000.0625,-12357.08984375,-6276.85009765625,-400000.0625,-18887.859375,-400000.0625,-5245.68994140625,-400000.0625
185.83848977088928,-400000.0625,-12357.6201171875,-6280.14013671875,-400000.0625,-18888.0,-400000.0625,-5248.58984375,-400000.0625
185.85036706924438,-400000.0625,-12348.26953125,-6270.5,-400000.0625,-18874.359375,-400000.0625,-5237.81982421875,-400000.0625
185.86147665977478,-400000.0625,-12355.419921875,-6275.64990234375,-400000.0625,-18872.689453125,-400000.0625,-5244.2998046875,-400000.0625
185.87063312530518,-400000.0625,-12362.0,-6280.22998046875,-400000.0625,-18887.240234375,-400000.0625,-5251.22021484375,-400000.0625
185.88532733917236,-400000.0625,-12353.23046875,-6269.60009765625,-400000.0625,-18881.23046875,-400000.0625,-5241.39013671875,-400000.0625
185.90211009979248,-400000.0625,-12359.099609375,-6272.60009765625,-400000.0625,-18886.5703125,-400000.0625,-5244.58984375,-400000.0625
185.93106722831726,-400000.0625,-12362.0,-6278.31982421875,-400000.0625,-18886.900390625,-400000.0625,-5248.97998046875,-400000.0625
185.94032335281372,-400000.0625,-12364.6796875,-6281.7099609375,-400000.0625,-18884.470703125,-400000.0625,-5246.58984375,-400000.0625
185.95264649391174,-400000.0625,-12358.7099609375,-6275.31982421875,-400000.0625,-18883.470703125,-400000.0625,-5242.72998046875,-400000.0625
185.96468496322632,-400000.0625,-12362.91015625,-6279.7998046875,-400000.0625,-18885.419921875,-400000.0625,-5247.2099609375,-400000.0625
185.97377705574036,-400000.0625,-12363.2900390625,-6275.02978515625,-400000.0625,-18881.419921875,-400000.0625,-5243.58984375,-400000.0625
185.9840590953827,-400000.0625,-12354.419921875,-6266.4501953125,-400000.0625,-18874.83984375,-400000.0625,-5238.009765625,-400000.0625
186.0016257762909,-400000.0625,-12366.8203125,-6277.990234375,-400000.0625,-18880.4609375,-400000.0625,-5247.4501953125,-400000.0625
186.01130080223083,-400000.0625,-12370.58984375,-6281.0,-400000.0625,-18880.509765625,-400000.0625,-5244.919921875,-400000.0625
186.0433588027954,-400000.0625,-12357.4296875,-6267.830078125,-400000.0625,-18881.66015625,-400000.0625,-5235.2900390625,-400000.0625
186.0589382648468,-400000.0625,-12362.8603515625,-6270.22021484375,-400000.0625,-18884.990234375,-400000.0625,-5241.06005859375,-400000.0625
186.07027125358582,-400000.0625,-12371.919921875,-6276.93994140625,-400000.0625,-18890.33984375,-400000.0625,-5246.5,-400000.0625
186.08670687675476,-400000.0625,-12366.33984375,-6273.22021484375,-400000.0625,-18887.330078125,-400000.0625,-5241.72998046875,-400000.0625
186.10296869277954,-400000.0625,-12364.0595703125,-6271.89013671875,-400000.0625,-18881.279296875,-400000.0625,-5237.580078125,-400000.0625
186.11150121688843,-400000.0625,-12368.6796875,-6275.4599609375,-400000.0625,-18878.890625,-400000.0625,-5237.8701171875,-400000.0625
186.1519637107849,-400000.0625,-12374.5498046875,-6278.22998046875,-400000.0625,-18886.51953125,-400000.0625,-5247.31005859375,-400000.0625
186.16783952713013,-400000.0625,-12369.25,-6274.7998046875,-400000.0625,-18884.470703125,-400000.0625,-5241.2998046875,-400000.0625
186.17640113830566,-400000.0625,-12376.1201171875,-6281.419921875,-400000.0625,-18888.189453125,-400000.0625,-5245.2998046875,-400000.0625
186.1900622844696,-400000.0625,-12380.169921875,-6282.85009765625,-400000.0625,-18890.669921875,-400000.0625,-5244.8798828125,-400000.0625
186.20080971717834,-400000.0625,-12366.150390625,-6269.8798828125,-400000.0625,-18878.650390625,-400000.0625,-5237.77001953125,-400000.0625
186.2315423488617,-400000.0625,-12374.259765625,-6275.7001953125,-400000.0625,-18884.759765625,-400000.0625,-5244.06005859375,-400000.0625
186.27615094184875,-400000.0625,-12381.0302734375,-6283.240234375,-400000.0625,-18892.9609375,-400000.0625,-5245.8798828125,-400000.0625
186.29394698143005,-400000.0625,-12374.9697265625,-6278.08984375,-400000.0625,-18884.66015625,-400000.0625,-5242.6298828125,-400000.0625
186.31323504447937,-400000.0625,-12379.9296875,-6279.22998046875,-400000.0625,-18886.140625,-400000.0625,-5241.77978515625,-400000.0625
186.34263157844543,-400000.0625,-12380.3603515625,-6281.47021484375,-400000.0625,-18887.330078125,-400000.0625,-5248.39990234375,-400000.0625
186.39375805854797,-400000.0625,-12383.650390625,-6283.6201171875,-400000.0625,-18890.810546875,-400000.0625,-5253.740234375,-400000.0625
186.40848875045776,-400000.0625,-12376.169921875,-6274.7998046875,-400000.0625,-18887.859375,-400000.0625,-5242.5400390625,-400000.0625
186.42899322509766,-400000.0625,-12377.0703125,-6276.3701171875,-400000.0625,-18880.80078125,-400000.0625,-5244.919921875,-400000.0625
186.44757318496704,-400000.0625,-12385.419921875,-6282.6201171875,-400000.0625,-18881.66015625,-400000.0625,-5253.22021484375,-400000.0625
186.49887037277222,-400000.0625,-12381.0302734375,-6277.85009765625,-400000.0625,-18881.279296875,-400000.0625,-5251.89013671875,-400000.0625
186.52060055732727,-400000.0625,-12378.3095703125,-6269.7900390625,-400000.0625,-18879.1796875,-400000.0625,-5248.169921875,-400000.0625
186.54372215270996,-400000.0625,-12383.509765625,-6270.83984375,-400000.0625,-18878.509765625,-400000.0625,-5251.89013671875,-400000.0625
186.57079076766968,-400000.0625,-12381.1298828125,-6273.56005859375,-400000.0625,-18878.509765625,-400000.0625,-5254.509765625,-400000.0625
186.62296104431152,-400000.0625,-12377.6904296875,-6271.97998046875,-400000.0625,-18876.83984375,-400000.0625,-5247.93017578125,-400000.0625
186.63856887817383,-400000.0625,-12384.6103515625,-6275.419921875,-400000.0625,-18884.80078125,-400000.0625,-5250.740234375,-400000.0625
186.6585555076599,-400000.0625,-12390.419921875,-6279.18017578125,-400000.0625,-18891.91015625,-400000.0625,-5254.080078125,-400000.0625
186.6759696006775,-400000.0625,-12379.3095703125,-6271.41015625,-400000.0625,-18886.4296875,-400000.0625,-5246.93017578125,-400000.0625
186.7285463809967,-400000.0625,-12378.740234375,-6270.22021484375,-400000.0625,-18883.7109375,-400000.0625,-5246.4501953125,-400000.0625
186.73872065544128,-400000.0625,-12382.9404296875,-6273.18017578125,-400000.0625,-18881.080078125,-400000.0625,-5250.97998046875,-400000.0625
186.74870777130127,-400000.0625,-12389.6103515625,-6280.9501953125,-400000.0625,-18887.380859375,-400000.0625,-5257.64990234375,-400000.0625
186.75957775115967,-400000.0625,-12389.4697265625,-6279.419921875,-400000.0625,-18887.279296875,-400000.0625,-5254.35986328125,-400000.0625
186.77030110359192,-400000.0625,-12379.080078125,-6270.35986328125,-400000.0625,-18880.990234375,-400000.0625,-5247.39990234375,-400000.0625
186.78061652183533,-400000.0625,-12376.740234375,-6270.02978515625,-400000.0625,-18876.509765625,-400000.0625,-5243.16015625,-400000.0625
186.81009650230408,-400000.0625,-12391.5703125,-6280.9501953125,-400000.0625,-18885.51953125,-400000.0625,-5244.64013671875,-400000.0625
186.8198685646057,-400000.0625,-12398.6298828125,-6284.08984375,-400000.0625,-18894.48046875,-400000.0625,-5255.31982421875,-400000.0625
186.82880234718323,-400000.0625,-12393.0,-6277.75,-400000.0625,-18887.810546875,-400000.0625,-5252.31005859375,-400000.0625
186.83726811408997,-400000.0625,-12384.3203125,-6271.27001953125,-400000.0625,-18871.359375,-400000.0625,-5248.740234375,-400000.0625
186.84495949745178,-400000.0625,-12382.599609375,-6270.93017578125,-400000.0625,-18878.1796875,-400000.0625,-5245.58984375,-400000.0625
186.85532546043396,-400000.0625,-12384.1298828125,-6275.75,-400000.0625,-18888.140625,-400000.0625,-5247.64013671875,-400000.0625
186.86417603492737,-400000.0625,-12391.2802734375,-6279.330078125,-400000.0625,-18888.2890625,-400000.0625,-5250.64990234375,-400000.0625
186.87233066558838,-400000.0625,-12397.150390625,-6279.66015625,-400000.0625,-18888.810546875,-400000.0625,-5252.080078125,-400000.0625
186.88088631629944,-400000.0625,-12395.240234375,-6281.52001953125,-400000.0625,-18893.720703125,-400000.0625,-5254.7001953125,-400000.0625
186.90912199020386,-400000.0625,-12385.5595703125,-6273.93994140625,-400000.0625,-18879.369140625,-400000.0625,-5249.41015625,-400000.0625
186.91910099983215,-400000.0625,-12386.1298828125,-6271.89013671875,-400000.0625,-18881.130859375,-400000.0625,-5246.8798828125,-400000.0625
186.92789435386658,-400000.0625,-12390.4697265625,-6272.83984375,-400000.0625,-18882.470703125,-400000.0625,-5250.5498046875,-400000.0625
186.93620085716248,-400000.0625,-12396.6201171875,-6276.0400390625,-400000.0625,-18885.419921875,-400000.0625,-5249.1201171875,-400000.0625
186.943781375885,-400000.0625,-12396.33984375,-6279.56005859375,-400000.0625,-18890.189453125,-400000.0625,-5246.64013671875,-400000.0625
186.95364379882812,-400000.0625,-12392.4296875,-6279.89990234375,-400000.0625,-18891.669921875,-400000.0625,-5257.080078125,-400000.0625
186.96355819702148,-400000.0625,-12386.419921875,-6273.31982421875,-400000.0625,-18882.470703125,-400000.0625,-5263.66015625,-400000.0625
186.97131991386414,-400000.0625,-12392.240234375,-6272.27001953125,-400000.0625,-18882.80078125,-400000.0625,-5264.89990234375,-400000.0625
186.97998213768005,-400000.0625,-12395.48046875,-6271.22021484375,-400000.0625,-18881.080078125,-400000.0625,-5266.18994140625,-400000.0625
186.99334454536438,-400000.0625,-12385.7001953125,-6265.06982421875,-400000.0625,-18876.169921875,-400000.0625,-5261.0400390625,-400000.0625
187.02248191833496,-400000.0625,-12380.5498046875,-6263.5,-400000.0625,-18876.939453125,-400000.0625,-5258.27001953125,-400000.0625
187.03211283683777,-400000.0625,-12386.1298828125,-6267.31005859375,-400000.0625,-18881.66015625,-400000.0625,-5262.22998046875,-400000.0625
187.0406997203827,-400000.0625,-12390.23046875,-6270.02978515625,-400000.0625,-18885.7109375,-400000.0625,-5261.52001953125,-400000.0625
187.05076360702515,-400000.0625,-12387.849609375,-6266.68994140625,-400000.0625,-18881.080078125,-400000.0625,-5257.85009765625,-400000.0625
187.06174397468567,-400000.0625,-12382.080078125,-6259.58984375,-400000.0625,-18876.509765625,-400000.0625,-5253.83984375,-400000.0625
187.0708110332489,-400000.0625,-12381.509765625,-6259.6298828125,-400000.0625,-18873.98046875,-400000.0625,-5253.169921875,-400000.0625
187.08233833312988,-400000.0625,-12395.1904296875,-6277.31982421875,-400000.0625,-18888.08984375,-400000.0625,-5269.2900390625,-400000.0625
187.10313153266907,-400000.0625,-12401.150390625,-6281.759765625,-400000.0625,-18892.580078125,-400000.0625,-5272.52978515625,-400000.0625
187.13242936134338,-400000.0625,-12395.5302734375,-6272.83984375,-400000.0625,-18883.0390625,-400000.0625,-5263.66015625,-400000.0625
187.14152789115906,-400000.0625,-12391.51953125,-6267.02001953125,-400000.0625,-18879.69921875,-400000.0625,-5261.9501953125,-400000.0625
187.15315794944763,-400000.0625,-12387.900390625,-6265.77978515625,-400000.0625,-18881.3203125,-400000.0625,-5256.7998046875,-400000.0625
187.16413116455078,-400000.0625,-12384.1796875,-6263.8798828125,-400000.0625,-18870.01953125,-400000.0625,-5253.41015625,-400000.0625
187.17243432998657,-400000.0625,-12395.0,-6272.56005859375,-400000.0625,-18882.560546875,-400000.0625,-5263.89990234375,-400000.0625
187.1822988986969,-400000.0625,-12385.8896484375,-6264.97021484375,-400000.0625,-18884.51953125,-400000.0625,-5259.0400390625,-400000.0625
187.19640135765076,-400000.0625,-12391.23046875,-6267.740234375,-400000.0625,-18883.759765625,-400000.0625,-5258.419921875,-400000.0625
187.21273183822632,-400000.0625,-12404.009765625,-6275.7998046875,-400000.0625,-18890.33984375,-400000.0625,-5270.2900390625,-400000.0625
187.2576448917389,-400000.0625,-12402.349609375,-6276.93994140625,-400000.0625,-18887.4296875,-400000.0625,-5269.85986328125,-400000.0625
187.2703115940094,-400000.0625,-12394.2900390625,-6271.83984375,-400000.0625,-18883.560546875,-400000.0625,-5266.81005859375,-400000.0625
187.2881236076355,-400000.0625,-12390.419921875,-6267.8798828125,-400000.0625,-18879.130859375,-400000.0625,-5258.0400390625,-400000.0625
187.30973958969116,-400000.0625,-12393.7099609375,-6264.77978515625,-400000.0625,-18879.080078125,-400000.0625,-5256.83984375,-400000.0625
187.32059717178345,-400000.0625,-12392.8603515625,-6261.25,-400000.0625,-18881.69921875,-400000.0625,-5256.83984375,-400000.0625
187.36265087127686,-400000.0625,-12396.6201171875,-6263.97021484375,-400000.0625,-18880.69921875,-400000.0625,-5258.419921875,-400000.0625
187.38249492645264,-400000.0625,-12408.400390625,-6276.89013671875,-400000.0625,-18888.619140625,-400000.0625,-5268.0498046875,-400000.0625
187.40191626548767,-400000.0625,-12408.2099609375,-6277.66015625,-400000.0625,-18895.060546875,-400000.0625,-5269.85986328125,-400000.0625
187.4139175415039,-400000.0625,-12408.2099609375,-6275.22998046875,-400000.0625,-18890.810546875,-400000.0625,-5265.759765625,-400000.0625
187.43357276916504,-400000.0625,-12400.009765625,-6267.2099609375,-400000.0625,-18879.029296875,-400000.0625,-5260.52001953125,-400000.0625
187.47712802886963,-400000.0625,-12399.48046875,-6266.7900390625,-400000.0625,-18880.23046875,-400000.0625,-5260.93994140625,-400000.0625
187.48913669586182,-400000.0625,-12396.669921875,-6259.10986328125,-400000.0625,-18875.26953125,-400000.0625,-5255.02978515625,-400000.0625
187.50943994522095,-400000.0625,-12396.0498046875,-6258.81982421875,-400000.0625,-18879.029296875,-400000.0625,-5256.22021484375,-400000.0625
187.52065253257751,-400000.0625,-12409.5,-6276.47021484375,-400000.0625,-18892.619140625,-400000.0625,-5271.43994140625,-400000.0625
187.5414719581604,-400000.0625,-12412.3095703125,-6277.75,-400000.0625,-18895.9609375,-400000.0625,-5274.72998046875,-400000.0625
187.58721947669983,-400000.0625,-12401.6298828125,-6267.830078125,-400000.0625,-18885.51953125,-400000.0625,-5264.81005859375,-400000.0625
187.6096363067627,-400000.0625,-12401.4404296875,-6266.06982421875,-400000.0625,-18878.3203125,-400000.0625,-5258.31982421875,-400000.0625
187.63030982017517,-400000.0625,-12407.919921875,-6268.02978515625,-400000.0625,-18881.419921875,-400000.0625,-5264.0400390625,-400000.0625
187.64932417869568,-400000.0625,-12404.919921875,-6267.7900390625,-400000.0625,-18881.23046875,-400000.0625,-5263.6201171875,-400000.0625
187.71018409729004,-400000.0625,-12399.6298828125,-6259.39013671875,-400000.0625,-18878.560546875,-400000.0625,-5255.7001953125,-400000.0625
187.73567938804626,-400000.0625,-12405.4404296875,-6267.830078125,-400000.0625,-18883.279296875,-400000.0625,-5262.14013671875,-400000.0625
187.76676869392395,-400000.0625,-12419.990234375,-6281.08984375,-400000.0625,-18898.009765625,-400000.0625,-5277.16015625,-400000.0625
187.8241412639618,-400000.0625,-12421.5595703125,-6278.52001953125,-400000.0625,-18894.009765625,-400000.0625,-5275.919921875,-400000.0625
187.843412399292,-400000.0625,-12409.6396484375,-6268.35986328125,-400000.0625,-18883.990234375,-400000.0625,-5268.14990234375,-400000.0625
187.85828232765198,-400000.0625,-12404.1103515625,-6264.8798828125,-400000.0625,-18882.939453125,-400000.0625,-5264.9501953125,-400000.0625
187.88362789154053,-400000.0625,-12403.5400390625,-6260.919921875,-400000.0625,-18877.080078125,-400000.0625,-5260.75,-400000.0625
187.94087624549866,-400000.0625,-12407.349609375,-6263.5400390625,-400000.0625,-18879.80078125,-400000.0625,-5265.43017578125,-400000.0625
187.95557141304016,-400000.0625,-12402.2001953125,-6261.06005859375,-400000.0625,-18873.599609375,-400000.0625,-5256.7001953125,-400000.0625
187.978942155838,-400000.0625,-12394.0498046875,-6251.81005859375,-400000.0625,-18864.30078125,-400000.0625,-5246.35009765625,-400000.0625
188.00133609771729,-400000.0625,-12404.5400390625,-6260.97021484375,-400000.0625,-18876.7890625,-400000.0625,-5258.75,-400000.0625
188.04739785194397,-400000.0625,-12417.599609375,-6274.080078125,-400000.0625,-18893.91015625,-400000.0625,-5271.47998046875,-400000.0625
188.06556749343872,-400000.0625,-12416.26953125,-6274.27001953125,-400000.0625,-18896.390625,-400000.0625,-5271.91015625,-400000.0625
188.08788633346558,-400000.0625,-12422.7099609375,-6273.7001953125,-400000.0625,-18892.9609375,-400000.0625,-5273.52978515625,-400000.0625
188.10066390037537,-400000.0625,-12425.0400390625,-6272.97998046875,-400000.0625,-18889.810546875,-400000.0625,-5272.72021484375,-400000.0625
188.12148427963257,-400000.0625,-12423.08984375,-6271.080078125,-400000.0625,-18883.900390625,-400000.0625,-5270.52978515625,-400000.0625
188.18744802474976,-400000.0625,-12410.6396484375,-6270.5,-400000.0625,-18881.990234375,-400000.0625,-5263.14013671875,-400000.0625
188.2082998752594,-400000.0625,-12400.490234375,-6263.10986328125,-400000.0625,-18870.55078125,-400000.0625,-5256.7998046875,-400000.0625
188.2335250377655,-400000.0625,-12411.169921875,-6264.16015625,-400000.0625,-18867.0703125,-400000.0625,-5260.330078125,-400000.0625
188.29423093795776,-400000.0625,-12426.23046875,-6269.41015625,-400000.0625,-18883.0390625,-400000.0625,-5269.669921875,-400000.0625
188.31418204307556,-400000.0625,-12420.419921875,-6266.169921875,-400000.0625,-18889.0,-400000.0625,-5267.6201171875,-400000.0625
188.33490896224976,-400000.0625,-12419.1796875,-6268.5,-400000.0625,-18885.08984375,-400000.0625,-5267.2900390625,-400000.0625
188.38713216781616,-400000.0625,-12418.9404296875,-6269.1201171875,-400000.0625,-18880.939453125,-400000.0625,-5269.77001953125,-400000.0625
188.412269115448,-400000.0625,-12420.3701171875,-6272.02978515625,-400000.0625,-18881.609375,-400000.0625,-5269.77001953125,-400000.0625
188.42914056777954,-400000.0625,-12421.900390625,-6273.83984375,-400000.0625,-18886.0,-400000.0625,-5269.9599609375,-400000.0625
188.45156359672546,-400000.0625,-12410.2099609375,-6261.2998046875,-400000.0625,-18875.220703125,-400000.0625,-5256.02978515625,-400000.0625
188.5004324913025,-400000.0625,-12399.48046875,-6248.08984375,-400000.0625,-18866.400390625,-400000.0625,-5247.06982421875,-400000.0625
188.5228555202484,-400000.0625,-12419.509765625,-6263.58984375,-400000.0625,-18882.51953125,-400000.0625,-5264.3798828125,-400000.0625
188.53715634346008,-400000.0625,-12438.25,-6281.89990234375,-400000.0625,-18895.580078125,-400000.0625,-5278.68017578125,-400000.0625
188.5608024597168,-400000.0625,-12426.2802734375,-6274.990234375,-400000.0625,-18887.279296875,-400000.0625,-5272.77001953125,-400000.0625
188.61191511154175,-400000.0625,-12418.7001953125,-6264.77978515625,-400000.0625,-18883.0390625,-400000.0625,-5261.990234375,-400000.0625
188.62822151184082,-400000.0625,-12423.1796875,-6263.77978515625,-400000.0625,-18883.0390625,-400000.0625,-5263.22998046875,-400000.0625
188.64876508712769,-400000.0625,-12432.099609375,-6272.60009765625,-400000.0625,-18890.2890625,-400000.0625,-5274.68017578125,-400000.0625
188.673255443573,-400000.0625,-12436.25,-6274.990234375,-400000.0625,-18891.91015625,-400000.0625,-5275.14990234375,-400000.0625
188.74382376670837,-400000.0625,-12427.330078125,-6266.169921875,-400000.0625,-18888.51953125,-400000.0625,-5265.7099609375,-400000.0625
188.77108454704285,-400000.0625,-12407.73046875,-6250.81005859375,-400000.0625,-18871.359375,-400000.0625,-5246.259765625,-400000.0625
188.7821969985962,-400000.0625,-12415.26953125,-6259.39013671875,-400000.0625,-18872.359375,-400000.0625,-5250.97998046875,-400000.0625
188.83332204818726,-400000.0625,-12434.33984375,-6274.509765625,-400000.0625,-18883.80078125,-400000.0625,-5270.10009765625,-400000.0625
188.8522753715515,-400000.0625,-12444.349609375,-6282.56982421875,-400000.0625,-18891.189453125,-400000.0625,-5281.77978515625,-400000.0625
188.87465524673462,-400000.0625,-12434.0498046875,-6274.27001953125,-400000.0625,-18883.1796875,-400000.0625,-5269.47998046875,-400000.0625
188.89076948165894,-400000.0625,-12425.2802734375,-6268.31005859375,-400000.0625,-18880.890625,-400000.0625,-5260.419921875,-400000.0625
188.9427194595337,-400000.0625,-12435.7197265625,-6274.3701171875,-400000.0625,-18889.2890625,-400000.0625,-5268.6201171875,-400000.0625
188.96532201766968,-400000.0625,-12441.16015625,-6276.56005859375,-400000.0625,-18890.240234375,-400000.0625,-5271.77001953125,-400000.0625
188.9794762134552,-400000.0625,-12435.8701171875,-6270.5498046875,-400000.0625,-18887.08984375,-400000.0625,-5272.47998046875,-400000.0625
189.0029845237732,-400000.0625,-12432.4296875,-6267.169921875,-400000.0625,-18878.75,-400000.0625,-5268.85986328125,-400000.0625
189.0628044605255,-400000.0625,-12431.6201171875,-6267.97998046875,-400000.0625,-18881.609375,-400000.0625,-5261.9501953125,-400000.0625
189.08256101608276,-400000.0625,-12426.4296875,-6265.16015625,-400000.0625,-18877.029296875,-400000.0625,-5257.1298828125,-400000.0625
189.09726572036743,-400000.0625,-12436.25,-6272.89013671875,-400000.0625,-18886.900390625,-400000.0625,-5265.759765625,-400000.0625
189.1148703098297,-400000.0625,-12448.41015625,-6283.43017578125,-400000.0625,-18894.05078125,-400000.0625,-5277.10986328125,-400000.0625
189.17167258262634,-400000.0625,-12444.4501953125,-6277.0400390625,-400000.0625,-18893.529296875,-400000.0625,-5277.2099609375,-400000.0625
189.19289112091064,-400000.0625,-12436.76953125,-6267.1201171875,-400000.0625,-18882.23046875,-400000.0625,-5267.0,-400000.0625
189.2083215713501,-400000.0625,-12429.099609375,-6260.009765625,-400000.0625,-18874.69921875,-400000.0625,-5258.27001953125,-400000.0625
189.2307322025299,-400000.0625,-12434.8203125,-6264.5,-400000.0625,-18884.1796875,-400000.0625,-5261.3701171875,-400000.0625
189.2952914237976,-400000.0625,-12450.740234375,-6279.0400390625,-400000.0625,-18888.5703125,-400000.0625,-5273.10009765625,-400000.0625
189.33315515518188,-400000.0625,-12445.5,-6272.22021484375,-400000.0625,-18888.51953125,-400000.0625,-5271.6298828125,-400000.0625
189.40036177635193,-400000.0625,-12438.6298828125,-6269.64990234375,-400000.0625,-18879.890625,-400000.0625,-5276.58984375,-400000.0625
189.4206302165985,-400000.0625,-12446.6904296875,-6273.7001953125,-400000.0625,-18890.380859375,-400000.0625,-5284.169921875,-400000.0625
189.44352674484253,-400000.0625,-12442.01953125,-6272.89013671875,-400000.0625,-18892.33984375,-400000.0625,-5285.35986328125,-400000.0625
189.51375246047974,-400000.0625,-12437.349609375,-6267.169921875,-400000.0625,-18882.0390625,-400000.0625,-5273.52978515625,-400000.0625
189.52796840667725,-400000.0625,-12427.0498046875,-6255.580078125,-400000.0625,-18875.509765625,-400000.0625,-5267.47998046875,-400000.0625
189.55529499053955,-400000.0625,-12428.91015625,-6258.580078125,-400000.0625,-18876.220703125,-400000.0625,-5264.43017578125,-400000.0625
189.61640191078186,-400000.0625,-12425.0400390625,-6254.009765625,-400000.0625,-18866.970703125,-400000.0625,-5260.1298828125,-400000.0625
189.63648438453674,-400000.0625,-12438.16015625,-6267.97998046875,-400000.0625,-18876.26953125,-400000.0625,-5271.77001953125,-400000.0625
189.66402220726013,-400000.0625,-12445.2099609375,-6276.18017578125,-400000.0625,-18883.7109375,-400000.0625,-5281.02001953125,-400000.0625
189.72655391693115,-400000.0625,-12442.01953125,-6271.27001953125,-400000.0625,-18887.380859375,-400000.0625,-5277.6298828125,-400000.0625
189.7614438533783,-400000.0625,-12445.169921875,-6270.97998046875,-400000.0625,-18897.390625,-400000.0625,-5276.2998046875,-400000.0625
189.77698230743408,-400000.0625,-12447.01953125,-6271.509765625,-400000.0625,-18895.060546875,-400000.0625,-5275.72998046875,-400000.0625
189.8302161693573,-400000.0625,-12438.9697265625,-6263.35009765625,-400000.0625,-18884.470703125,-400000.0625,-5271.47998046875,-400000.0625
189.84760856628418,-400000.0625,-12437.76953125,-6261.64013671875,-400000.0625,-18876.599609375,-400000.0625,-5265.0498046875,-400000.0625
189.8643879890442,-400000.0625,-12442.01953125,-6266.58984375,-400000.0625,-18874.4609375,-400000.0625,-5271.240234375,-400000.0625
189.88979029655457,-400000.0625,-12452.080078125,-6275.1298828125,-400000.0625,-18879.990234375,-400000.0625,-5277.35009765625,-400000.0625
189.93701100349426,-400000.0625,-12460.330078125,-6282.18994140625,-400000.0625,-18890.240234375,-400000.0625,-5283.7900390625,-400000.0625
189.95927906036377,-400000.0625,-12456.75,-6279.14013671875,-400000.0625,-18886.619140625,-400000.0625,-5277.72998046875,-400000.0625
189.97408437728882,-400000.0625,-12451.7900390625,-6273.18017578125,-400000.0625,-18881.23046875,-400000.0625,-5275.10986328125,-400000.0625
189.99821877479553,-400000.0625,-12442.0703125,-6266.06982421875,-400000.0625,-18878.1796875,-400000.0625,-5267.81005859375,-400000.0625
190.04457998275757,-400000.0625,-12443.5400390625,-6265.4501953125,-400000.0625,-18876.83984375,-400000.0625,-5273.2001953125,-400000.0625
190.06424355506897,-400000.0625,-12451.7001953125,-6270.5,-400000.0625,-18879.990234375,-400000.0625,-5277.39990234375,-400000.0625
190.0841989517212,-400000.0625,-12445.259765625,-6265.4501953125,-400000.0625,-18879.26953125,-400000.0625,-5274.6298828125,-400000.0625
190.10595512390137,-400000.0625,-12459.7099609375,-6278.56005859375,-400000.0625,-18890.4296875,-400000.0625,-5287.22021484375,-400000.0625
190.16353034973145,-400000.0625,-12461.330078125,-6278.93994140625,-400000.0625,-18892.580078125,-400000.0625,-5285.8798828125,-400000.0625
190.18823218345642,-400000.0625,-12449.9296875,-6270.27001953125,-400000.0625,-18885.759765625,-400000.0625,-5276.72998046875,-400000.0625
190.20403122901917,-400000.0625,-12450.080078125,-6267.93017578125,-400000.0625,-18882.470703125,-400000.0625,-5274.009765625,-400000.0625
190.22415852546692,-400000.0625,-12447.6396484375,-6266.31005859375,-400000.0625,-18877.26953125,-400000.0625,-5273.2998046875,-400000.0625
190.26817154884338,-400000.0625,-12445.5,-6261.02001953125,-400000.0625,-18869.01953125,-400000.0625,-5273.81982421875,-400000.0625
190.2832112312317,-400000.0625,-12453.7001953125,-6267.4501953125,-400000.0625,-18883.759765625,-400000.0625,-5279.830078125,-400000.0625
190.29798555374146,-400000.0625,-12464.51953125,-6277.27978515625,-400000.0625,-18886.849609375,-400000.0625,-5291.509765625,-400000.0625
190.31531023979187,-400000.0625,-12469.150390625,-6278.66015625,-400000.0625,-18893.48046875,-400000.0625,-5296.56005859375,-400000.0625
190.33089876174927,-400000.0625,-12461.4697265625,-6271.7001953125,-400000.0625,-18887.380859375,-400000.0625,-5289.169921875,-400000.0625
190.39322447776794,-400000.0625,-12449.8896484375,-6262.72998046875,-400000.0625,-18874.7890625,-400000.0625,-5274.72998046875,-400000.0625
190.408860206604,-400000.0625,-12452.3203125,-6262.16015625,-400000.0625,-18874.69921875,-400000.0625,-5273.580078125,-400000.0625
190.4283881187439,-400000.0625,-12449.26953125,-6260.68017578125,-400000.0625,-18873.119140625,-400000.0625,-5273.39013671875,-400000.0625
190.45087218284607,-400000.0625,-12452.1298828125,-6264.06982421875,-400000.0625,-18879.939453125,-400000.0625,-5271.240234375,-400000.0625
190.50143337249756,-400000.0625,-12465.5302734375,-6275.60986328125,-400000.0625,-18887.189453125,-400000.0625,-5280.4501953125,-400000.0625
190.520751953125,-400000.0625,-12464.330078125,-6274.64990234375,-400000.0625,-18884.7109375,-400000.0625,-5285.41015625,-400000.0625
190.53582000732422,-400000.0625,-12457.51953125,-6265.35009765625,-400000.0625,-18878.890625,-400000.0625,-5283.2099609375,-400000.0625
190.5567502975464,-400000.0625,-12453.990234375,-6262.919921875,-400000.0625,-18879.26953125,-400000.0625,-5274.2001953125,-400000.0625
190.5989818572998,-400000.0625,-12465.669921875,-6275.22998046875,-400000.0625,-18880.69921875,-400000.0625,-5279.830078125,-400000.0625
190.6156041622162,-400000.0625,-12473.16015625,-6281.27978515625,-400000.0625,-18892.240234375,-400000.0625,-5284.5498046875,-400000.0625
190.63535356521606,-400000.0625,-12470.099609375,-6273.83984375,-400000.0625,-18891.2890625,-400000.0625,-5279.490234375,-400000.0625
190.65526223182678,-400000.0625,-12457.23046875,-6265.35009765625,-400000.0625,-18881.990234375,-400000.0625,-5273.43994140625,-400000.0625
190.6711025238037,-400000.0625,-12453.9404296875,-6263.68994140625,-400000.0625,-18875.650390625,-400000.0625,-5271.39013671875,-400000.0625
190.72710967063904,-400000.0625,-12474.490234375,-6277.7998046875,-400000.0625,-18885.94921875,-400000.0625,-5284.2099609375,-400000.0625
190.76092386245728,-400000.0625,-12482.740234375,-6283.47021484375,-400000.0625,-18895.91015625,-400000.0625,-5295.18017578125,-400000.0625
190.77315759658813,-400000.0625,-12467.3896484375,-6271.83984375,-400000.0625,-18889.189453125,-400000.0625,-5283.35986328125,-400000.0625
190.83801531791687,-400000.0625,-12458.1396484375,-6267.8798828125,-400000.0625,-18879.26953125,-400000.0625,-5269.47998046875,-400000.0625
190.85914492607117,-400000.0625,-12462.1904296875,-6271.41015625,-400000.0625,-18878.560546875,-400000.0625,-5265.3798828125,-400000.0625
190.87284874916077,-400000.0625,-12465.9599609375,-6273.18017578125,-400000.0625,-18886.66015625,-400000.0625,-5265.85986328125,-400000.0625
190.89273142814636,-400000.0625,-12478.6396484375,-6283.7099609375,-400000.0625,-18892.580078125,-400000.0625,-5278.2998046875,-400000.0625
190.93176984786987,-400000.0625,-12477.349609375,-6283.08984375,-400000.0625,-18888.4296875,-400000.0625,-5276.35009765625,-400000.0625
190.94601440429688,-400000.0625,-12459.23046875,-6269.06982421875,-400000.0625,-18870.2109375,-400000.0625,-5260.0400390625,-400000.0625
190.96247720718384,-400000.0625,-12459.900390625,-6271.93994140625,-400000.0625,-18876.3203125,-400000.0625,-5267.85986328125,-400000.0625
190.97744512557983,-400000.0625,-12469.48046875,-6282.52001953125,-400000.0625,-18893.2890625,-400000.0625,-5278.68017578125,-400000.0625
191.00253558158875,-400000.0625,-12475.0595703125,-6284.08984375,-400000.0625,-18885.609375,-400000.0625,-5276.81982421875,-400000.0625
191.0556514263153,-400000.0625,-12462.240234375,-6272.75,-400000.0625,-18883.7109375,-400000.0625,-5266.81005859375,-400000.0625
191.07430362701416,-400000.0625,-12455.75,-6266.35986328125,-400000.0625,-18876.3203125,-400000.0625,-5262.7998046875,-400000.0625
191.09308314323425,-400000.0625,-12472.2998046875,-6283.0,-400000.0625,-18888.189453125,-400000.0625,-5275.5400390625,-400000.0625
191.1089243888855,-400000.0625,-12482.3603515625,-6294.77978515625,-400000.0625,-18895.439453125,-400000.0625,-5283.93017578125,-400000.0625
191.16774678230286,-400000.0625,-12473.3896484375,-6283.759765625,-400000.0625,-18888.51953125,-400000.0625,-5275.2001953125,-400000.0625
191.1902015209198,-400000.0625,-12466.9599609375,-6275.27001953125,-400000.0625,-18878.509765625,-400000.0625,-5267.81005859375,-400000.0625
191.20091938972473,-400000.0625,-12468.6298828125,-6276.93994140625,-400000.0625,-18881.900390625,-400000.0625,-5266.43017578125,-400000.0625
191.22469758987427,-400000.0625,-12472.4404296875,-6279.990234375,-400000.0625,-18886.51953125,-400000.0625,-5273.2998046875,-400000.0625
191.2913510799408,-400000.0625,-12474.4404296875,-6279.3701171875,-400000.0625,-18884.1796875,-400000.0625,-5275.39013671875,-400000.0625
191.30635714530945,-400000.0625,-12465.48046875,-6271.93994140625,-400000.0625,-18878.890625,-400000.0625,-5264.7099609375,-400000.0625
191.32707405090332,-400000.0625,-12463.240234375,-6269.22021484375,-400000.0625,-18884.23046875,-400000.0625,-5265.43017578125,-400000.0625
191.37292075157166,-400000.0625,-12465.2900390625,-6271.7001953125,-400000.0625,-18882.80078125,-400000.0625,-5268.91015625,-400000.0625
191.39878702163696,-400000.0625,-12468.2900390625,-6275.93994140625,-400000.0625,-18885.7109375,-400000.0625,-5272.47998046875,-400000.0625
191.42320203781128,-400000.0625,-12475.2099609375,-6281.66015625,-400000.0625,-18886.66015625,-400000.0625,-5272.33984375,-400000.0625
191.44067931175232,-400000.0625,-12476.830078125,-6284.08984375,-400000.0625,-18882.7109375,-400000.0625,-5269.14990234375,-400000.0625
191.49681329727173,-400000.0625,-12479.01953125,-6285.56982421875,-400000.0625,-18883.900390625,-400000.0625,-5275.10986328125,-400000.0625
191.5283179283142,-400000.0625,-12473.73046875,-6277.1298828125,-400000.0625,-18878.509765625,-400000.0625,-5271.240234375,-400000.0625
191.54431891441345,-400000.0625,-12475.2099609375,-6280.08984375,-400000.0625,-18884.51953125,-400000.0625,-5272.14990234375,-400000.0625
191.60420417785645,-400000.0625,-12475.9697265625,-6277.60986328125,-400000.0625,-18885.380859375,-400000.0625,-5273.72021484375,-400000.0625
191.62900590896606,-400000.0625,-12463.7099609375,-6264.8798828125,-400000.0625,-18872.310546875,-400000.0625,-5267.91015625,-400000.0625
191.65060019493103,-400000.0625,-12471.0595703125,-6272.56005859375,-400000.0625,-18878.26953125,-400000.0625,-5271.52978515625,-400000.0625
191.70480585098267,-400000.0625,-12475.6396484375,-6276.3701171875,-400000.0625,-18879.890625,-400000.0625,-5272.68017578125,-400000.0625
191.73592710494995,-400000.0625,-12479.5,-6280.27978515625,-400000.0625,-18885.51953125,-400000.0625,-5271.47998046875,-400000.0625
191.76820755004883,-400000.0625,-12481.2099609375,-6283.56982421875,-400000.0625,-18890.91015625,-400000.0625,-5281.31005859375,-400000.0625
191.82677745819092,-400000.0625,-12478.6396484375,-6278.18017578125,-400000.0625,-18882.900390625,-400000.0625,-5275.009765625,-400000.0625
191.8478717803955,-400000.0625,-12480.3603515625,-6277.89990234375,-400000.0625,-18886.0390625,-400000.0625,-5275.35009765625,-400000.0625
191.8644621372223,-400000.0625,-12476.5400390625,-6274.64990234375,-400000.0625,-18885.419921875,-400000.0625,-5273.68017578125,-400000.0625
191.8768937587738,-400000.0625,-12469.2900390625,-6266.4501953125,-400000.0625,-18877.990234375,-400000.0625,-5265.81005859375,-400000.0625
191.9268455505371,-400000.0625,-12469.7197265625,-6266.169921875,-400000.0625,-18874.220703125,-400000.0625,-5264.759765625,-400000.0625
191.9404890537262,-400000.0625,-12482.740234375,-6277.0400390625,-400000.0625,-18881.990234375,-400000.0625,-5273.2998046875,-400000.0625
191.9636447429657,-400000.0625,-12474.490234375,-6269.93017578125,-400000.0625,-18877.890625,-400000.0625,-5264.08984375,-400000.0625
191.98278331756592,-400000.0625,-12475.919921875,-6271.7001953125,-400000.0625,-18885.140625,-400000.0625,-5267.47998046875,-400000.0625
192.03436088562012,-400000.0625,-12487.83984375,-6278.419921875,-400000.0625,-18887.140625,-400000.0625,-5277.43994140625,-400000.0625
192.0537657737732,-400000.0625,-12488.080078125,-6278.0400390625,-400000.0625,-18890.4296875,-400000.0625,-5277.25,-400000.0625
192.07365250587463,-400000.0625,-12486.509765625,-6277.7001953125,-400000.0625,-18892.48046875,-400000.0625,-5278.5400390625,-400000.0625
192.09607601165771,-400000.0625,-12484.7001953125,-6274.7998046875,-400000.0625,-18887.279296875,-400000.0625,-5272.009765625,-400000.0625
192.14363813400269,-400000.0625,-12473.4404296875,-6268.31005859375,-400000.0625,-18878.990234375,-400000.0625,-5260.419921875,-400000.0625
192.16114354133606,-400000.0625,-12468.6298828125,-6264.259765625,-400000.0625,-18869.830078125,-400000.0625,-5263.0,-400000.0625
192.1752736568451,-400000.0625,-12483.5498046875,-6278.31982421875,-400000.0625,-18879.419921875,-400000.0625,-5273.2998046875,-400000.0625
192.19023656845093,-400000.0625,-12492.6103515625,-6286.91015625,-400000.0625,-18889.0,-400000.0625,-5279.02001953125,-400000.0625
192.21226596832275,-400000.0625,-12484.0302734375,-6275.93994140625,-400000.0625,-18885.08984375,-400000.0625,-5270.43017578125,-400000.0625
192.29876565933228,-400000.0625,-12477.01953125,-6269.06982421875,-400000.0625,-18881.609375,-400000.0625,-5262.47021484375,-400000.0625
192.32786226272583,-400000.0625,-12486.41015625,-6277.47021484375,-400000.0625,-18884.0390625,-400000.0625,-5274.39013671875,-400000.0625
192.39461636543274,-400000.0625,-12493.9501953125,-6281.9501953125,-400000.0625,-18891.0,-400000.0625,-5281.1201171875,-400000.0625
192.41477727890015,-400000.0625,-12492.66015625,-6281.08984375,-400000.0625,-18896.490234375,-400000.0625,-5279.64013671875,-400000.0625
192.43024444580078,-400000.0625,-12491.419921875,-6280.85009765625,-400000.0625,-18883.23046875,-400000.0625,-5274.14990234375,-400000.0625
192.51001572608948,-400000.0625,-12479.0703125,-6269.740234375,-400000.0625,-18873.650390625,-400000.0625,-5262.419921875,-400000.0625
192.53228425979614,-400000.0625,-12488.509765625,-6278.7099609375,-400000.0625,-18884.08984375,-400000.0625,-5267.669921875,-400000.0625
192.60567474365234,-400000.0625,-12496.4697265625,-6286.85986328125,-400000.0625,-18895.529296875,-400000.0625,-5276.6298828125,-400000.0625
192.6244719028473,-400000.0625,-12492.4697265625,-6279.66015625,-400000.0625,-18891.580078125,-400000.0625,-5275.68017578125,-400000.0625
192.64796996116638,-400000.0625,-12490.849609375,-6272.75,-400000.0625,-18878.41015625,-400000.0625,-5272.43994140625,-400000.0625
192.69688892364502,-400000.0625,-12491.419921875,-6275.75,-400000.0625,-18879.75,-400000.0625,-5265.7099609375,-400000.0625
192.72087454795837,-400000.0625,-12491.509765625,-6285.240234375,-400000.0625,-18886.380859375,-400000.0625,-5260.27978515625,-400000.0625
192.76821327209473,-400000.0625,-12496.5703125,-6293.580078125,-400000.0625,-18890.91015625,-400000.0625,-5259.60986328125,-400000.0625
192.81913352012634,-400000.0625,-12503.4296875,-6297.97021484375,-400000.0625,-18890.810546875,-400000.0625,-5254.75,-400000.0625
192.83236694335938,-400000.0625,-12520.080078125,-6312.22998046875,-400000.0625,-18899.73046875,-400000.0625,-5261.330078125,-400000.0625
192.85129070281982,-400000.0625,-12523.650390625,-6314.52001953125,-400000.0625,-18901.16015625,-400000.0625,-5256.3701171875,-400000.0625
192.89421892166138,-400000.0625,-12510.5400390625,-6302.06982421875,-400000.0625,-18886.5703125,-400000.0625,-5243.97021484375,-400000.0625
192.95831084251404,-400000.0625,-12509.9697265625,-6304.35986328125,-400000.0625,-18888.619140625,-400000.0625,-5246.740234375,-400000.0625
192.98197150230408,-400000.0625,-12515.01953125,-6310.22998046875,-400000.0625,-18892.0,-400000.0625,-5259.08984375,-400000.0625
193.00701308250427,-400000.0625,-12499.0,-6298.97021484375,-400000.0625,-18883.560546875,-400000.0625,-5248.02001953125,-400000.0625
193.06000971794128,-400000.0625,-12499.51953125,-6299.93017578125,-400000.0625,-18876.169921875,-400000.0625,-5252.89013671875,-400000.0625
193.0921175479889,-400000.0625,-12507.33984375,-6304.22021484375,-400000.0625,-18881.849609375,-400000.0625,-5255.7001953125,-400000.0625
193.11421418190002,-400000.0625,-12507.490234375,-6305.080078125,-400000.0625,-18887.619140625,-400000.0625,-5254.56005859375,-400000.0625
193.15233850479126,-400000.0625,-12508.16015625,-6303.02978515625,-400000.0625,-18881.69921875,-400000.0625,-5254.89013671875,-400000.0625
193.15958786010742,-400000.0625,-12507.4404296875,-6298.8798828125,-400000.0625,-18883.759765625,-400000.0625,-5254.080078125,-400000.0625
193.16887760162354,-400000.0625,-12500.240234375,-6293.35009765625,-400000.0625,-18885.380859375,-400000.0625,-5248.64013671875,-400000.0625
193.1782145500183,-400000.0625,-12510.73046875,-6303.68994140625,-400000.0625,-18896.630859375,-400000.0625,-5255.509765625,-400000.0625
193.18608283996582,-400000.0625,-12513.7802734375,-6307.60009765625,-400000.0625,-18892.0,-400000.0625,-5261.66015625,-400000.0625
193.19337153434753,-400000.0625,-12520.4599609375,-6311.1298828125,-400000.0625,-18897.30078125,-400000.0625,-5266.240234375,-400000.0625
193.20321130752563,-400000.0625,-12518.3603515625,-6308.27001953125,-400000.0625,-18889.099609375,-400000.0625,-5259.419921875,-400000.0625
193.21268033981323,-400000.0625,-12507.150390625,-6299.06982421875,-400000.0625,-18880.23046875,-400000.0625,-5251.35986328125,-400000.0625
193.22049593925476,-400000.0625,-12516.9296875,-6305.89013671875,-400000.0625,-18896.76953125,-400000.0625,-5257.4599609375,-400000.0625
193.25610423088074,-400000.0625,-12515.01953125,-6303.4501953125,-400000.0625,-18896.9609375,-400000.0625,-5259.27978515625,-400000.0625
193.26678252220154,-400000.0625,-12508.8701171875,-6298.16015625,-400000.0625,-18889.140625,-400000.0625,-5255.75,-400000.0625
193.27629470825195,-400000.0625,-12512.400390625,-6300.5,-400000.0625,-18888.759765625,-400000.0625,-5255.080078125,-400000.0625
193.28535223007202,-400000.0625,-12514.400390625,-6301.740234375,-400000.0625,-18890.759765625,-400000.0625,-5252.89013671875,-400000.0625
193.2932767868042,-400000.0625,-12522.4599609375,-6311.509765625,-400000.0625,-18893.720703125,-400000.0625,-5265.0,-400000.0625
193.3043692111969,-400000.0625,-12525.3701171875,-6309.93994140625,-400000.0625,-18892.150390625,-400000.0625,-5263.18994140625,-400000.0625
193.31375312805176,-400000.0625,-12516.3603515625,-6300.39990234375,-400000.0625,-18887.619140625,-400000.0625,-5258.85009765625,-400000.0625
193.3282606601715,-400000.0625,-12511.0595703125,-6295.97021484375,-400000.0625,-18881.0390625,-400000.0625,-5251.41015625,-400000.0625
193.35604429244995,-400000.0625,-12512.5400390625,-6301.740234375,-400000.0625,-18886.0,-400000.0625,-5251.31005859375,-400000.0625
193.36501026153564,-400000.0625,-12520.650390625,-6307.169921875,-400000.0625,-18900.490234375,-400000.0625,-5261.52001953125,-400000.0625
193.37652277946472,-400000.0625,-12525.1796875,-6305.4599609375,-400000.0625,-18899.630859375,-400000.0625,-5265.0498046875,-400000.0625
193.38642692565918,-400000.0625,-12522.83984375,-6304.4599609375,-400000.0625,-18893.76953125,-400000.0625,-5266.85986328125,-400000.0625
193.39702248573303,-400000.0625,-12520.83984375,-6301.02001953125,-400000.0625,-18886.189453125,-400000.0625,-5266.0,-400000.0625
193.41077995300293,-400000.0625,-12509.7802734375,-6291.68017578125,-400000.0625,-18881.75,-400000.0625,-5251.68994140625,-400000.0625
193.42028069496155,-400000.0625,-12509.7802734375,-6290.9599609375,-400000.0625,-18882.369140625,-400000.0625,-5250.97998046875,-400000.0625
193.4343888759613,-400000.0625,-12520.740234375,-6300.5,-400000.0625,-18888.51953125,-400000.0625,-5261.14013671875,-400000.0625
193.46569776535034,-400000.0625,-12514.5,-6296.72998046875,-400000.0625,-18881.509765625,-400000.0625,-5263.9501953125,-400000.0625
193.47787356376648,-400000.0625,-12524.080078125,-6302.830078125,-400000.0625,-18883.990234375,-400000.0625,-5263.6201171875,-400000.0625
193.48617267608643,-400000.0625,-12524.7001953125,-6301.39990234375,-400000.0625,-18889.05078125,-400000.0625,-5258.419921875,-400000.0625
193.49671125411987,-400000.0625,-12519.2197265625,-6297.64013671875,-400000.0625,-18884.849609375,-400000.0625,-5257.7001953125,-400000.0625
193.5073983669281,-400000.0625,-12522.7900390625,-6300.1201171875,-400000.0625,-18887.619140625,-400000.0625,-5263.89990234375,-400000.0625
193.51627326011658,-400000.0625,-12524.419921875,-6300.8798828125,-400000.0625,-18889.859375,-400000.0625,-5264.47021484375,-400000.0625
193.5262942314148,-400000.0625,-12523.26953125,-6299.35009765625,-400000.0625,-18883.51953125,-400000.0625,-5267.10009765625,-400000.0625
193.54578948020935,-400000.0625,-12527.66015625,-6304.740234375,-400000.0625,-18888.189453125,-400000.0625,-5267.330078125,-400000.0625
193.57398676872253,-400000.0625,-12525.849609375,-6302.4501953125,-400000.0625,-18892.0,-400000.0625,-5267.669921875,-400000.0625
193.59133005142212,-400000.0625,-12523.3701171875,-6298.259765625,-400000.0625,-18886.23046875,-400000.0625,-5262.27978515625,-400000.0625
193.60525107383728,-400000.0625,-12516.7900390625,-6293.919921875,-400000.0625,-18876.029296875,-400000.0625,-5254.1298828125,-400000.0625
193.61835265159607,-400000.0625,-12514.3095703125,-6292.06005859375,-400000.0625,-18879.369140625,-400000.0625,-5251.4599609375,-400000.0625
193.62651133537292,-400000.0625,-12518.3095703125,-6294.81982421875,-400000.0625,-18881.3203125,-400000.0625,-5253.41015625,-400000.0625
193.64391088485718,-400000.0625,-12532.0,-6306.22021484375,-400000.0625,-18890.240234375,-400000.0625,-5270.2001953125,-400000.0625
193.6574206352234,-400000.0625,-12543.8701171875,-6315.27978515625,-400000.0625,-18897.869140625,-400000.0625,-5275.43994140625,-400000.0625
193.72149634361267,-400000.0625,-12544.919921875,-6316.759765625,-400000.0625,-18902.830078125,-400000.0625,-5275.580078125,-400000.0625
193.74284029006958,-400000.0625,-12533.0,-6305.080078125,-400000.0625,-18891.810546875,-400000.0625,-5269.0498046875,-400000.0625
193.7661747932434,-400000.0625,-12523.1796875,-6294.43994140625,-400000.0625,-18883.560546875,-400000.0625,-5250.740234375,-400000.0625
193.82888007164001,-400000.0625,-12525.509765625,-6295.5400390625,-400000.0625,-18873.740234375,-400000.0625,-5251.02978515625,-400000.0625
193.84665656089783,-400000.0625,-12528.9501953125,-6299.10986328125,-400000.0625,-18876.83984375,-400000.0625,-5255.41015625,-400000.0625
193.85858941078186,-400000.0625,-12536.5302734375,-6308.169921875,-400000.0625,-18888.51953125,-400000.0625,-5266.52001953125,-400000.0625
193.8751196861267,-400000.0625,-12542.009765625,-6311.85009765625,-400000.0625,-18899.5390625,-400000.0625,-5266.47998046875,-400000.0625
193.92497086524963,-400000.0625,-12537.580078125,-6305.740234375,-400000.0625,-18895.099609375,-400000.0625,-5267.240234375,-400000.0625
193.95292592048645,-400000.0625,-12533.9501953125,-6301.97998046875,-400000.0625,-18889.91015625,-400000.0625,-5265.330078125,-400000.0625
193.97204422950745,-400000.0625,-12534.0,-6303.64013671875,-400000.0625,-18885.470703125,-400000.0625,-5262.7099609375,-400000.0625
193.99236726760864,-400000.0625,-12536.8095703125,-6305.5,-400000.0625,-18886.140625,-400000.0625,-5266.6201171875,-400000.0625
194.0281753540039,-400000.0625,-12532.1904296875,-6300.06982421875,-400000.0625,-18879.75,-400000.0625,-5261.759765625,-400000.0625
194.04701924324036,-400000.0625,-12536.3798828125,-6300.31005859375,-400000.0625,-18886.810546875,-400000.0625,-5257.60986328125,-400000.0625
194.05855917930603,-400000.0625,-12537.33984375,-6302.68994140625,-400000.0625,-18891.2890625,-400000.0625,-5256.75,-400000.0625
194.09039545059204,-400000.0625,-12541.009765625,-6308.1298828125,-400000.0625,-18893.19921875,-400000.0625,-5266.0,-400000.0625
194.10261368751526,-400000.0625,-12539.48046875,-6308.64990234375,-400000.0625,-18891.099609375,-400000.0625,-5283.7900390625,-400000.0625
194.12751412391663,-400000.0625,-12536.150390625,-6301.5498046875,-400000.0625,-18886.279296875,-400000.0625,-5281.02001953125,-400000.0625
194.1397876739502,-400000.0625,-12523.2197265625,-6290.9599609375,-400000.0625,-18875.55078125,-400000.0625,-5272.25,-400000.0625
194.15012502670288,-400000.0625,-12518.6904296875,-6285.9501953125,-400000.0625,-18873.0703125,-400000.0625,-5276.39013671875,-400000.0625
194.15880918502808,-400000.0625,-12517.169921875,-6283.47021484375,-400000.0625,-18870.359375,-400000.0625,-5276.5400390625,-400000.0625
194.1698613166809,-400000.0625,-12519.3095703125,-6284.759765625,-400000.0625,-18875.55078125,-400000.0625,-5276.72998046875,-400000.0625
194.17992758750916,-400000.0625,-12519.3095703125,-6286.81005859375,-400000.0625,-18874.41015625,-400000.0625,-5277.58984375,-400000.0625
194.18774032592773,-400000.0625,-12520.8896484375,-6287.0498046875,-400000.0625,-18872.640625,-400000.0625,-5276.68017578125,-400000.0625
194.1958146095276,-400000.0625,-12525.8896484375,-6290.72021484375,-400000.0625,-18880.990234375,-400000.0625,-5280.2998046875,-400000.0625
194.20544409751892,-400000.0625,-12531.6201171875,-6296.43994140625,-400000.0625,-18891.76953125,-400000.0625,-5284.2099609375,-400000.0625
194.2286729812622,-400000.0625,-12533.48046875,-6293.490234375,-400000.0625,-18883.7109375,-400000.0625,-5289.1298828125,-400000.0625
194.23803997039795,-400000.0625,-12526.849609375,-6287.43017578125,-400000.0625,-18878.26953125,-400000.0625,-5283.02001953125,-400000.0625
194.246643781662,-400000.0625,-12524.2197265625,-6284.330078125,-400000.0625,-18878.41015625,-400000.0625,-5280.77978515625,-400000.0625
194.25443744659424,-400000.0625,-12525.66015625,-6283.52001953125,-400000.0625,-18876.599609375,-400000.0625,-5278.8701171875,-400000.0625
194.26189994812012,-400000.0625,-12526.7001953125,-6282.89990234375,-400000.0625,-18870.880859375,-400000.0625,-5279.919921875,-400000.0625
194.27383160591125,-400000.0625,-12528.9501953125,-6285.240234375,-400000.0625,-18875.4609375,-400000.0625,-5280.58984375,-400000.0625
194.2837450504303,-400000.0625,-12525.4599609375,-6279.47021484375,-400000.0625,-18867.919921875,-400000.0625,-5278.2998046875,-400000.0625
194.29094219207764,-400000.0625,-12527.900390625,-6282.81005859375,-400000.0625,-18875.83984375,-400000.0625,-5282.259765625,-400000.0625
194.30137944221497,-400000.0625,-12532.66015625,-6286.0,-400000.0625,-18881.0390625,-400000.0625,-5282.259765625,-400000.0625
194.3123745918274,-400000.0625,-12538.91015625,-6293.2998046875,-400000.0625,-18883.51953125,-400000.0625,-5290.56005859375,-400000.0625
194.33482885360718,-400000.0625,-12542.009765625,-6294.58984375,-400000.0625,-18887.330078125,-400000.0625,-5293.7001953125,-400000.0625
194.34379863739014,-400000.0625,-12535.8603515625,-6286.72021484375,-400000.0625,-18879.369140625,-400000.0625,-5288.22021484375,-400000.0625
194.35168051719666,-400000.0625,-12532.900390625,-6285.0498046875,-400000.0625,-18874.69921875,-400000.0625,-5279.490234375,-400000.0625
194.35871648788452,-400000.0625,-12529.08984375,-6281.7099609375,-400000.0625,-18872.220703125,-400000.0625,-5272.81982421875,-400000.0625
194.3671588897705,-400000.0625,-12535.91015625,-6287.3798828125,-400000.0625,-18880.69921875,-400000.0625,-5284.5,-400000.0625
194.37611889839172,-400000.0625,-12536.8603515625,-6285.9501953125,-400000.0625,-18883.0390625,-400000.0625,-5281.77978515625,-400000.0625
194.38414573669434,-400000.0625,-12547.73046875,-6294.77978515625,-400000.0625,-18891.33984375,-400000.0625,-5292.60986328125,-400000.0625
194.39130854606628,-400000.0625,-12549.4501953125,-6297.16015625,-400000.0625,-18893.150390625,-400000.0625,-5293.93994140625,-400000.0625
194.40314435958862,-400000.0625,-12545.16015625,-6292.33984375,-400000.0625,-18890.669921875,-400000.0625,-5287.22021484375,-400000.0625
194.41169905662537,-400000.0625,-12536.0498046875,-6285.6201171875,-400000.0625,-18881.66015625,-400000.0625,-5282.68994140625,-400000.0625
194.4199023246765,-400000.0625,-12529.5703125,-6281.56982421875,-400000.0625,-18874.83984375,-400000.0625,-5279.2099609375,-400000.0625
194.44309043884277,-400000.0625,-12529.7099609375,-6279.419921875,-400000.0625,-18874.4609375,-400000.0625,-5276.72998046875,-400000.0625
194.45349836349487,-400000.0625,-12532.7099609375,-6283.56982421875,-400000.0625,-18874.220703125,-400000.0625,-5277.25,-400000.0625
194.46037435531616,-400000.0625,-12539.25,-6290.52978515625,-400000.0625,-18875.220703125,-400000.0625,-5286.5498046875,-400000.0625
194.46928071975708,-400000.0625,-12543.919921875,-6291.52978515625,-400000.0625,-18876.83984375,-400000.0625,-5288.5498046875,-400000.0625
194.4780867099762,-400000.0625,-12544.0595703125,-6291.580078125,-400000.0625,-18887.4296875,-400000.0625,-5288.60009765625,-400000.0625
194.48562479019165,-400000.0625,-12553.0302734375,-6299.97021484375,-400000.0625,-18897.25,-400000.0625,-5292.60986328125,-400000.0625
194.49251437187195,-400000.0625,-12543.6298828125,-6291.9599609375,-400000.0625,-18888.2890625,-400000.0625,-5286.740234375,-400000.0625
194.50703954696655,-400000.0625,-12540.3896484375,-6289.72021484375,-400000.0625,-18884.08984375,-400000.0625,-5281.1201171875,-400000.0625
194.51486992835999,-400000.0625,-12544.25,-6291.91015625,-400000.0625,-18884.759765625,-400000.0625,-5285.22021484375,-400000.0625
194.52203369140625,-400000.0625,-12549.6904296875,-6294.35009765625,-400000.0625,-18884.140625,-400000.0625,-5286.8798828125,-400000.0625
194.54572319984436,-400000.0625,-12549.259765625,-6295.2998046875,-400000.0625,-18881.75,-400000.0625,-5288.97998046875,-400000.0625
194.55328488349915,-400000.0625,-12543.9697265625,-6292.2998046875,-400000.0625,-18877.220703125,-400000.0625,-5289.27001953125,-400000.0625
194.5604226589203,-400000.0625,-12548.01953125,-6291.25,-400000.0625,-18884.849609375,-400000.0625,-5288.7900390625,-400000.0625
194.56995463371277,-400000.0625,-12550.6904296875,-6297.2099609375,-400000.0625,-18890.189453125,-400000.0625,-5291.64990234375,-400000.0625
194.57771706581116,-400000.0625,-12544.6796875,-6294.009765625,-400000.0625,-18885.900390625,-400000.0625,-5284.740234375,-400000.0625
194.58515000343323,-400000.0625,-12546.8701171875,-6292.52978515625,-400000.0625,-18885.5703125,-400000.0625,-5286.169921875,-400000.0625
194.59221506118774,-400000.0625,-12548.3095703125,-6293.72998046875,-400000.0625,-18885.7109375,-400000.0625,-5291.41015625,-400000.0625
194.60897707939148,-400000.0625,-12546.58984375,-6292.72998046875,-400000.0625,-18883.990234375,-400000.0625,-5287.27001953125,-400000.0625
194.62093710899353,-400000.0625,-12551.0703125,-6294.97021484375,-400000.0625,-18883.560546875,-400000.0625,-5288.60009765625,-400000.0625
194.63781881332397,-400000.0625,-12551.400390625,-6295.16015625,-400000.0625,-18877.41015625,-400000.0625,-5295.22998046875,-400000.0625
194.68647122383118,-400000.0625,-12551.6904296875,-6291.91015625,-400000.0625,-18882.1796875,-400000.0625,-5292.85009765625,-400000.0625
194.70209550857544,-400000.0625,-12544.2001953125,-6285.2900390625,-400000.0625,-18883.900390625,-400000.0625,-5286.22021484375,-400000.0625
194.7250792980194,-400000.0625,-12551.169921875,-6294.009765625,-400000.0625,-18892.19921875,-400000.0625,-5292.60986328125,-400000.0625
194.75942850112915,-400000.0625,-12549.830078125,-6290.9599609375,-400000.0625,-18886.470703125,-400000.0625,-5288.1201171875,-400000.0625
194.82313323020935,-400000.0625,-12543.16015625,-6285.240234375,-400000.0625,-18878.1796875,-400000.0625,-5285.60009765625,-400000.0625
194.8422930240631,-400000.0625,-12550.16015625,-6290.2001953125,-400000.0625,-18883.560546875,-400000.0625,-5291.7001953125,-400000.0625
194.8533239364624,-400000.0625,-12556.98046875,-6296.2099609375,-400000.0625,-18889.94921875,-400000.0625,-5296.22998046875,-400000.0625
194.87298798561096,-400000.0625,-12552.3095703125,-6294.2001953125,-400000.0625,-18885.189453125,-400000.0625,-5295.47021484375,-400000.0625
194.92517971992493,-400000.0625,-12549.349609375,-6289.669921875,-400000.0625,-18873.9296875,-400000.0625,-5287.5,-400000.0625
194.94504642486572,-400000.0625,-12550.259765625,-6288.580078125,-400000.0625,-18869.779296875,-400000.0625,-5285.31005859375,-400000.0625
194.9597909450531,-400000.0625,-12560.5595703125,-6300.740234375,-400000.0625,-18892.099609375,-400000.0625,-5296.27978515625,-400000.0625
194.97771191596985,-400000.0625,-12563.75,-6301.2099609375,-400000.0625,-18895.490234375,-400000.0625,-5300.6201171875,-400000.0625
195.02337169647217,-400000.0625,-12555.9296875,-6292.580078125,-400000.0625,-18887.240234375,-400000.0625,-5292.75,-400000.0625
195.0447928905487,-400000.0625,-12547.2099609375,-6286.669921875,-400000.0625,-18877.83984375,-400000.0625,-5287.27001953125,-400000.0625
195.05905199050903,-400000.0625,-12556.8896484375,-6293.77001953125,-400000.0625,-18881.509765625,-400000.0625,-5296.14013671875,-400000.0625
195.07139945030212,-400000.0625,-12555.7001953125,-6291.10009765625,-400000.0625,-18879.560546875,-400000.0625,-5292.509765625,-400000.0625
195.08688354492188,-400000.0625,-12549.6904296875,-6284.330078125,-400000.0625,-18874.83984375,-400000.0625,-5290.02978515625,-400000.0625
195.13698530197144,-400000.0625,-12557.0302734375,-6293.2001953125,-400000.0625,-18878.83984375,-400000.0625,-5295.7998046875,-400000.0625
195.158597946167,-400000.0625,-12555.83984375,-6293.009765625,-400000.0625,-18877.4609375,-400000.0625,-5292.7001953125,-400000.0625
195.16998171806335,-400000.0625,-12554.4599609375,-6290.47998046875,-400000.0625,-18878.029296875,-400000.0625,-5293.1298828125,-400000.0625
195.18485188484192,-400000.0625,-12558.83984375,-6295.6298828125,-400000.0625,-18880.080078125,-400000.0625,-5300.330078125,-400000.0625
195.20390486717224,-400000.0625,-12553.83984375,-6287.72021484375,-400000.0625,-18882.23046875,-400000.0625,-5296.0400390625,-400000.0625
195.24161529541016,-400000.0625,-12551.6396484375,-6283.18994140625,-400000.0625,-18882.279296875,-400000.0625,-5287.1201171875,-400000.0625
195.26002407073975,-400000.0625,-12551.169921875,-6281.9501953125,-400000.0625,-18876.26953125,-400000.0625,-5286.93017578125,-400000.0625
195.2737500667572,-400000.0625,-12558.1796875,-6290.669921875,-400000.0625,-18882.130859375,-400000.0625,-5295.85009765625,-400000.0625
195.2938003540039,-400000.0625,-12565.1396484375,-6297.77978515625,-400000.0625,-18886.900390625,-400000.0625,-5304.85986328125,-400000.0625
195.30577206611633,-400000.0625,-12559.990234375,-6294.2001953125,-400000.0625,-18883.66015625,-400000.0625,-5298.47021484375,-400000.0625
195.34163165092468,-400000.0625,-12555.41015625,-6293.25,-400000.0625,-18878.509765625,-400000.0625,-5294.0400390625,-400000.0625
195.3601689338684,-400000.0625,-12558.2197265625,-6292.14990234375,-400000.0625,-18877.890625,-400000.0625,-5290.1298828125,-400000.0625
195.3712990283966,-400000.0625,-12561.1796875,-6291.2001953125,-400000.0625,-18878.80078125,-400000.0625,-5291.75,-400000.0625
195.38926029205322,-400000.0625,-12563.419921875,-6294.58984375,-400000.0625,-18883.560546875,-400000.0625,-5295.3701171875,-400000.0625
195.39985132217407,-400000.0625,-12558.8896484375,-6290.9599609375,-400000.0625,-18878.75,-400000.0625,-5293.509765625,-400000.0625
195.41541123390198,-400000.0625,-12552.41015625,-6281.7099609375,-400000.0625,-18873.169921875,-400000.0625,-5285.68994140625,-400000.0625
195.46903920173645,-400000.0625,-12548.259765625,-6279.08984375,-400000.0625,-18869.58984375,-400000.0625,-5284.169921875,-400000.0625
195.48749613761902,-400000.0625,-12564.7099609375,-6293.8701171875,-400000.0625,-18877.130859375,-400000.0625,-5300.43017578125,-400000.0625
195.49979186058044,-400000.0625,-12571.669921875,-6300.35009765625,-400000.0625,-18889.2890625,-400000.0625,-5301.330078125,-400000.0625
195.51457977294922,-400000.0625,-12562.7998046875,-6294.77978515625,-400000.0625,-18887.08984375,-400000.0625,-5292.85009765625,-400000.0625
195.53046917915344,-400000.0625,-12560.23046875,-6289.91015625,-400000.0625,-18878.650390625,-400000.0625,-5294.93994140625,-400000.0625
195.5760955810547,-400000.0625,-12563.7099609375,-6293.14990234375,-400000.0625,-18886.0390625,-400000.0625,-5295.0400390625,-400000.0625
195.58853697776794,-400000.0625,-12557.9404296875,-6291.2900390625,-400000.0625,-18882.23046875,-400000.0625,-5295.3701171875,-400000.0625
195.60515356063843,-400000.0625,-12561.75,-6289.47998046875,-400000.0625,-18878.4609375,-400000.0625,-5295.7998046875,-400000.0625
195.62057495117188,-400000.0625,-12558.650390625,-6288.43017578125,-400000.0625,-18876.26953125,-400000.0625,-5291.4599609375,-400000.0625
195.63936114311218,-400000.0625,-12561.8896484375,-6293.5400390625,-400000.0625,-18882.23046875,-400000.0625,-5292.22998046875,-400000.0625
195.67207622528076,-400000.0625,-12571.1904296875,-6300.35009765625,-400000.0625,-18884.7109375,-400000.0625,-5300.56982421875,-400000.0625
195.68786525726318,-400000.0625,-12569.4296875,-6298.72998046875,-400000.0625,-18881.279296875,-400000.0625,-5298.81005859375,-400000.0625
195.70134735107422,-400000.0625,-12562.5595703125,-6291.9599609375,-400000.0625,-18878.41015625,-400000.0625,-5291.990234375,-400000.0625
195.72372436523438,-400000.0625,-12562.3203125,-6292.10986328125,-400000.0625,-18881.3203125,-400000.0625,-5291.4599609375,-400000.0625
195.75512838363647,-400000.0625,-12563.1796875,-6291.9599609375,-400000.0625,-18880.4609375,-400000.0625,-5290.3701171875,-400000.0625
195.79964399337769,-400000.0625,-12567.9501953125,-6293.97021484375,-400000.0625,-18883.330078125,-400000.0625,-5290.7001953125,-400000.0625
195.8213677406311,-400000.0625,-12574.3896484375,-6301.830078125,-400000.0625,-18888.810546875,-400000.0625,-5298.0400390625,-400000.0625
195.83871579170227,-400000.0625,-12576.150390625,-6303.93017578125,-400000.0625,-18889.380859375,-400000.0625,-5298.6201171875,-400000.0625
195.86503863334656,-400000.0625,-12576.919921875,-6304.1201171875,-400000.0625,-18890.5703125,-400000.0625,-5293.31982421875,-400000.0625
195.92361044883728,-400000.0625,-12575.5302734375,-6303.02978515625,-400000.0625,-18883.140625,-400000.0625,-5286.7900390625,-400000.0625
195.93914031982422,-400000.0625,-12567.8095703125,-6299.39990234375,-400000.0625,-18877.130859375,-400000.0625,-5283.169921875,-400000.0625
195.96396398544312,-400000.0625,-12572.240234375,-6303.41015625,-400000.0625,-18886.279296875,-400000.0625,-5285.83984375,-400000.0625
195.98619031906128,-400000.0625,-12577.490234375,-6306.83984375,-400000.0625,-18888.859375,-400000.0625,-5289.02978515625,-400000.0625
196.0349521636963,-400000.0625,-12567.330078125,-6298.2099609375,-400000.0625,-18877.220703125,-400000.0625,-5279.39990234375,-400000.0625
196.05422115325928,-400000.0625,-12556.98046875,-6288.0498046875,-400000.0625,-18874.4609375,-400000.0625,-5273.81982421875,-400000.0625
196.0662224292755,-400000.0625,-12561.509765625,-6291.2001953125,-400000.0625,-18878.990234375,-400000.0625,-5279.5400390625,-400000.0625
196.085205078125,-400000.0625,-12566.5703125,-6294.06005859375,-400000.0625,-18881.849609375,-400000.0625,-5282.740234375,-400000.0625
196.10405373573303,-400000.0625,-12564.7099609375,-6294.5400390625,-400000.0625,-18879.4609375,-400000.0625,-5280.16015625,-400000.0625
196.14532828330994,-400000.0625,-12558.75,-6287.18994140625,-400000.0625,-18867.30078125,-400000.0625,-5277.25,-400000.0625
196.16289854049683,-400000.0625,-12564.2802734375,-6290.81982421875,-400000.0625,-18872.689453125,-400000.0625,-5285.4501953125,-400000.0625
196.18078780174255,-400000.0625,-12574.0498046875,-6296.830078125,-400000.0625,-18885.470703125,-400000.0625,-5293.22998046875,-400000.0625
196.19699573516846,-400000.0625,-12578.580078125,-6301.259765625,-400000.0625,-18885.23046875,-400000.0625,-5297.9501953125,-400000.0625
196.21635580062866,-400000.0625,-12581.490234375,-6303.4501953125,-400000.0625,-18888.0,-400000.0625,-5296.759765625,-400000.0625
196.26265406608582,-400000.0625,-12571.150390625,-6293.72998046875,-400000.0625,-18877.080078125,-400000.0625,-5284.830078125,-400000.0625
196.27443528175354,-400000.0625,-12569.8603515625,-6291.8701171875,-400000.0625,-18876.029296875,-400000.0625,-5284.259765625,-400000.0625
196.29522252082825,-400000.0625,-12574.150390625,-6295.25,-400000.0625,-18882.1796875,-400000.0625,-5285.68994140625,-400000.0625
196.31029653549194,-400000.0625,-12573.0498046875,-6295.10986328125,-400000.0625,-18878.990234375,-400000.0625,-5286.740234375,-400000.0625
196.327791929245,-400000.0625,-12567.66015625,-6289.2900390625,-400000.0625,-18867.919921875,-400000.0625,-5276.8701171875,-400000.0625
196.37246298789978,-400000.0625,-12571.150390625,-6295.39990234375,-400000.0625,-18871.169921875,-400000.0625,-5281.31005859375,-400000.0625
196.39252495765686,-400000.0625,-12579.919921875,-6302.97998046875,-400000.0625,-18880.509765625,-400000.0625,-5288.02978515625,-400000.0625
196.4085772037506,-400000.0625,-12573.8203125,-6297.16015625,-400000.0625,-18882.849609375,-400000.0625,-5286.8798828125,-400000.0625
196.42649674415588,-400000.0625,-12578.8203125,-6295.16015625,-400000.0625,-18881.130859375,-400000.0625,-5285.93017578125,-400000.0625
196.44291973114014,-400000.0625,-12582.9697265625,-6299.64013671875,-400000.0625,-18884.990234375,-400000.0625,-5289.169921875,-400000.0625
196.4947690963745,-400000.0625,-12576.8203125,-6295.490234375,-400000.0625,-18879.69921875,-400000.0625,-5288.35986328125,-400000.0625
196.50952982902527,-400000.0625,-12577.4404296875,-6293.72998046875,-400000.0625,-18876.029296875,-400000.0625,-5285.740234375,-400000.0625
196.5279140472412,-400000.0625,-12575.0595703125,-6290.9599609375,-400000.0625,-18877.130859375,-400000.0625,-5284.60009765625,-400000.0625
196.54342603683472,-400000.0625,-12579.7802734375,-6295.25,-400000.0625,-18874.5,-400000.0625,-5287.64990234375,-400000.0625
196.60076212882996,-400000.0625,-12581.9697265625,-6298.4501953125,-400000.0625,-18877.83984375,-400000.0625,-5287.31005859375,-400000.0625
196.6217017173767,-400000.0625,-12581.919921875,-6299.16015625,-400000.0625,-18879.419921875,-400000.0625,-5286.06982421875,-400000.0625
196.63402557373047,-400000.0625,-12580.490234375,-6295.77978515625,-400000.0625,-18875.3203125,-400000.0625,-5285.22021484375,-400000.0625
196.660094499588,-400000.0625,-12583.830078125,-6300.1201171875,-400000.0625,-18881.69921875,-400000.0625,-5289.60009765625,-400000.0625
196.69852495193481,-400000.0625,-12584.4501953125,-6300.97021484375,-400000.0625,-18881.80078125,-400000.0625,-5290.75,-400000.0625
196.70899963378906,-400000.0625,-12581.73046875,-6298.16015625,-400000.0625,-18876.029296875,-400000.0625,-5290.18017578125,-400000.0625
196.731924533844,-400000.0625,-12575.91015625,-6296.16015625,-400000.0625,-18874.69921875,-400000.0625,-5286.02978515625,-400000.0625
196.74910950660706,-400000.0625,-12582.58984375,-6300.02001953125,-400000.0625,-18884.470703125,-400000.0625,-5288.02978515625,-400000.0625
196.76659870147705,-400000.0625,-12576.8701171875,-6292.39013671875,-400000.0625,-18876.4609375,-400000.0625,-5282.8798828125,-400000.0625
196.826345205307,-400000.0625,-12587.98046875,-6302.41015625,-400000.0625,-18884.23046875,-400000.0625,-5295.22998046875,-400000.0625
196.84918189048767,-400000.0625,-12595.9404296875,-6307.080078125,-400000.0625,-18886.849609375,-400000.0625,-5301.669921875,-400000.0625
196.87346577644348,-400000.0625,-12585.58984375,-6296.06005859375,-400000.0625,-18886.189453125,-400000.0625,-5293.1298828125,-400000.0625
196.93536138534546,-400000.0625,-12584.8798828125,-6295.81982421875,-400000.0625,-18889.05078125,-400000.0625,-5290.22021484375,-400000.0625
196.95700073242188,-400000.0625,-12591.599609375,-6301.39990234375,-400000.0625,-18885.849609375,-400000.0625,-5293.47021484375,-400000.0625
196.9727020263672,-400000.0625,-12586.8798828125,-6298.02001953125,-400000.0625,-18881.130859375,-400000.0625,-5288.31982421875,-400000.0625
196.99461317062378,-400000.0625,-12587.9296875,-6300.39990234375,-400000.0625,-18885.189453125,-400000.0625,-5291.080078125,-400000.0625
197.0485486984253,-400000.0625,-12585.98046875,-6301.1201171875,-400000.0625,-18882.609375,-400000.0625,-5291.080078125,-400000.0625
197.06481385231018,-400000.0625,-12585.01953125,-6295.06005859375,-400000.0625,-18873.029296875,-400000.0625,-5288.93994140625,-400000.0625
197.0921082496643,-400000.0625,-12581.2099609375,-6288.9599609375,-400000.0625,-18872.0703125,-400000.0625,-5286.5,-400000.0625
197.10704398155212,-400000.0625,-12590.740234375,-6298.77978515625,-400000.0625,-18886.619140625,-400000.0625,-5296.7099609375,-400000.0625
197.1620111465454,-400000.0625,-12590.3603515625,-6295.06005859375,-400000.0625,-18883.51953125,-400000.0625,-5293.75,-400000.0625
197.18203401565552,-400000.0625,-12583.4501953125,-6290.52978515625,-400000.0625,-18878.560546875,-400000.0625,-5288.169921875,-400000.0625
197.20182538032532,-400000.0625,-12593.83984375,-6300.740234375,-400000.0625,-18880.23046875,-400000.0625,-5294.18017578125,-400000.0625
197.22478866577148,-400000.0625,-12599.6103515625,-6307.93994140625,-400000.0625,-18882.609375,-400000.0625,-5299.52001953125,-400000.0625
197.27262091636658,-400000.0625,-12598.75,-6307.080078125,-400000.0625,-18887.51953125,-400000.0625,-5297.759765625,-400000.0625
197.2931478023529,-400000.0625,-12595.8896484375,-6303.1201171875,-400000.0625,-18887.330078125,-400000.0625,-5291.41015625,-400000.0625
197.31119990348816,-400000.0625,-12585.830078125,-6296.77978515625,-400000.0625,-18877.560546875,-400000.0625,-5282.4501953125,-400000.0625
197.3304581642151,-400000.0625,-12588.9296875,-6300.5,-400000.0625,-18877.220703125,-400000.0625,-5286.7900390625,-400000.0625
197.38856673240662,-400000.0625,-12598.7998046875,-6309.18017578125,-400000.0625,-18889.330078125,-400000.0625,-5298.419921875,-400000.0625
197.40037178993225,-400000.0625,-12596.4697265625,-6302.8798828125,-400000.0625,-18886.900390625,-400000.0625,-5296.52001953125,-400000.0625
197.42599391937256,-400000.0625,-12593.75,-6297.97021484375,-400000.0625,-18879.609375,-400000.0625,-5291.64990234375,-400000.0625
197.43873262405396,-400000.0625,-12596.3203125,-6298.2998046875,-400000.0625,-18880.419921875,-400000.0625,-5292.27001953125,-400000.0625
197.49172377586365,-400000.0625,-12595.4599609375,-6297.5400390625,-400000.0625,-18881.279296875,-400000.0625,-5284.169921875,-400000.0625
197.50516080856323,-400000.0625,-12594.650390625,-6301.58984375,-400000.0625,-18885.0390625,-400000.0625,-5287.41015625,-400000.0625
197.52829456329346,-400000.0625,-12590.98046875,-6302.4501953125,-400000.0625,-18882.369140625,-400000.0625,-5298.6201171875,-400000.0625
197.5454752445221,-400000.0625,-12589.26953125,-6298.58984375,-400000.0625,-18875.4609375,-400000.0625,-5299.7099609375,-400000.0625
197.59509015083313,-400000.0625,-12585.4501953125,-6290.25,-400000.0625,-18871.599609375,-400000.0625,-5295.1298828125,-400000.0625
197.6120958328247,-400000.0625,-12592.080078125,-6294.77978515625,-400000.0625,-18876.080078125,-400000.0625,-5303.3798828125,-400000.0625
197.63575887680054,-400000.0625,-12593.26953125,-6296.919921875,-400000.0625,-18877.220703125,-400000.0625,-5308.91015625,-400000.0625
197.65925931930542,-400000.0625,-12596.3701171875,-6296.97021484375,-400000.0625,-18877.3203125,-400000.0625,-5305.9599609375,-400000.0625
197.70138239860535,-400000.0625,-12594.75,-6293.14990234375,-400000.0625,-18871.400390625,-400000.0625,-5304.47998046875,-400000.0625
197.72645497322083,-400000.0625,-12591.599609375,-6290.39013671875,-400000.0625,-18871.98046875,-400000.0625,-5297.7099609375,-400000.0625
197.74201822280884,-400000.0625,-12599.4697265625,-6297.77978515625,-400000.0625,-18882.560546875,-400000.0625,-5305.10009765625,-400000.0625
197.76055717468262,-400000.0625,-12603.6201171875,-6303.169921875,-400000.0625,-18886.330078125,-400000.0625,-5306.14990234375,-400000.0625
197.813405752182,-400000.0625,-12598.7099609375,-6300.259765625,-400000.0625,-18881.66015625,-400000.0625,-5304.3798828125,-400000.0625
197.82995986938477,-400000.0625,-12597.1298828125,-6294.25,-400000.0625,-18875.98046875,-400000.0625,-5303.91015625,-400000.0625
197.8490333557129,-400000.0625,-12584.01953125,-6281.47021484375,-400000.0625,-18863.009765625,-400000.0625,-5294.27978515625,-400000.0625
197.86336708068848,-400000.0625,-12585.830078125,-6283.89990234375,-400000.0625,-18862.9609375,-400000.0625,-5294.990234375,-400000.0625
197.92654490470886,-400000.0625,-12601.51953125,-6297.06005859375,-400000.0625,-18879.1796875,-400000.0625,-5308.77001953125,-400000.0625
197.94108152389526,-400000.0625,-12606.5302734375,-6302.2099609375,-400000.0625,-18883.51953125,-400000.0625,-5316.06982421875,-400000.0625
197.95911931991577,-400000.0625,-12609.48046875,-6302.8798828125,-400000.0625,-18883.08984375,-400000.0625,-5319.60009765625,-400000.0625
197.98005318641663,-400000.0625,-12603.9501953125,-6295.68017578125,-400000.0625,-18880.0390625,-400000.0625,-5316.31005859375,-400000.0625
198.03133177757263,-400000.0625,-12596.3701171875,-6290.06005859375,-400000.0625,-18876.41015625,-400000.0625,-5305.72021484375,-400000.0625
198.053138256073,-400000.0625,-12599.990234375,-6290.47998046875,-400000.0625,-18876.98046875,-400000.0625,-5307.47998046875,-400000.0625
198.0748541355133,-400000.0625,-12607.91015625,-6297.68017578125,-400000.0625,-18882.08984375,-400000.0625,-5311.68017578125,-400000.0625
198.08713626861572,-400000.0625,-12604.099609375,-6297.16015625,-400000.0625,-18877.83984375,-400000.0625,-5305.0,-400000.0625
198.1437222957611,-400000.0625,-12593.83984375,-6289.0498046875,-400000.0625,-18869.640625,-400000.0625,-5301.18994140625,-400000.0625
198.16432642936707,-400000.0625,-12596.9404296875,-6292.009765625,-400000.0625,-18872.640625,-400000.0625,-5307.10009765625,-400000.0625
198.18254685401917,-400000.0625,-12594.1796875,-6290.2001953125,-400000.0625,-18868.830078125,-400000.0625,-5300.27978515625,-400000.0625
198.21003580093384,-400000.0625,-12600.6103515625,-6294.39013671875,-400000.0625,-18875.890625,-400000.0625,-5305.580078125,-400000.0625
198.2633969783783,-400000.0625,-12601.9501953125,-6292.43994140625,-400000.0625,-18875.9296875,-400000.0625,-5306.2001953125,-400000.0625
198.282559633255,-400000.0625,-12596.419921875,-6286.56982421875,-400000.0625,-18869.9296875,-400000.0625,-5302.9501953125,-400000.0625
198.30217599868774,-400000.0625,-12599.66015625,-6290.06005859375,-400000.0625,-18870.310546875,-400000.0625,-5303.6201171875,-400000.0625
198.32324886322021,-400000.0625,-12604.5703125,-6295.06005859375,-400000.0625,-18875.220703125,-400000.0625,-5308.72021484375,-400000.0625
198.36767315864563,-400000.0625,-12607.7197265625,-6296.72998046875,-400000.0625,-18880.560546875,-400000.0625,-5312.10986328125,-400000.0625
198.39062190055847,-400000.0625,-12609.4404296875,-6298.02001953125,-400000.0625,-18877.7890625,-400000.0625,-5310.10986328125,-400000.0625
198.40670442581177,-400000.0625,-12606.1904296875,-6294.39013671875,-400000.0625,-18876.130859375,-400000.0625,-5309.68017578125,-400000.0625
198.42664980888367,-400000.0625,-12595.9404296875,-6285.0,-400000.0625,-18865.30078125,-400000.0625,-5298.14013671875,-400000.0625
198.46759819984436,-400000.0625,-12602.2802734375,-6291.72021484375,-400000.0625,-18873.359375,-400000.0625,-5302.330078125,-400000.0625
198.48560738563538,-400000.0625,-12617.5400390625,-6304.22021484375,-400000.0625,-18884.849609375,-400000.0625,-5318.2099609375,-400000.0625
198.50630521774292,-400000.0625,-12616.58984375,-6301.93017578125,-400000.0625,-18884.990234375,-400000.0625,-5315.77978515625,-400000.0625
198.5238242149353,-400000.0625,-12608.7197265625,-6296.25,-400000.0625,-18873.359375,-400000.0625,-5311.2001953125,-400000.0625
198.54272198677063,-400000.0625,-12612.33984375,-6299.58984375,-400000.0625,-18872.01953125,-400000.0625,-5312.16015625,-400000.0625
198.58347249031067,-400000.0625,-12608.099609375,-6297.77978515625,-400000.0625,-18873.7890625,-400000.0625,-5311.10986328125,-400000.0625
198.60241866111755,-400000.0625,-12609.0498046875,-6299.31005859375,-400000.0625,-18879.890625,-400000.0625,-5311.25,-400000.0625
198.61640739440918,-400000.0625,-12604.330078125,-6294.6298828125,-400000.0625,-18872.259765625,-400000.0625,-5312.16015625,-400000.0625
198.6413905620575,-400000.0625,-12601.23046875,-6287.10009765625,-400000.0625,-18863.25,-400000.0625,-5303.669921875,-400000.0625
198.65383768081665,-400000.0625,-12608.009765625,-6294.5400390625,-400000.0625,-18876.41015625,-400000.0625,-5309.2998046875,-400000.0625
198.6957197189331,-400000.0625,-12607.0498046875,-6297.39990234375,-400000.0625,-18874.599609375,-400000.0625,-5309.10986328125,-400000.0625
198.71236062049866,-400000.0625,-12613.73046875,-6299.06982421875,-400000.0625,-18874.740234375,-400000.0625,-5314.259765625,-400000.0625
198.75458121299744,-400000.0625,-12625.3095703125,-6307.31982421875,-400000.0625,-18886.279296875,-400000.0625,-5328.75,-400000.0625
198.80920886993408,-400000.0625,-12624.7900390625,-6307.89013671875,-400000.0625,-18890.140625,-400000.0625,-5328.93994140625,-400000.0625
198.82372617721558,-400000.0625,-12613.6796875,-6294.72998046875,-400000.0625,-18876.890625,-400000.0625,-5312.97021484375,-400000.0625
198.84382677078247,-400000.0625,-12606.6201171875,-6289.6298828125,-400000.0625,-18874.41015625,-400000.0625,-5306.91015625,-400000.0625
198.8594422340393,-400000.0625,-12600.9501953125,-6287.47998046875,-400000.0625,-18869.01953125,-400000.0625,-5304.240234375,-400000.0625
198.9070348739624,-400000.0625,-12601.66015625,-6289.77001953125,-400000.0625,-18867.0703125,-400000.0625,-5306.669921875,-400000.0625
198.9191129207611,-400000.0625,-12615.25,-6302.4501953125,-400000.0625,-18872.119140625,-400000.0625,-5314.64013671875,-400000.0625
198.93925070762634,-400000.0625,-12614.1103515625,-6300.5498046875,-400000.0625,-18879.419921875,-400000.0625,-5311.35009765625,-400000.0625
198.9530644416809,-400000.0625,-12616.490234375,-6299.35009765625,-400000.0625,-18883.560546875,-400000.0625,-5310.2001953125,-400000.0625
198.9727268218994,-400000.0625,-12631.3203125,-6310.75,-400000.0625,-18892.810546875,-400000.0625,-5320.259765625,-400000.0625
199.01732659339905,-400000.0625,-12631.1298828125,-6309.22021484375,-400000.0625,-18895.9609375,-400000.0625,-5324.7900390625,-400000.0625
199.03565955162048,-400000.0625,-12603.8095703125,-6285.47998046875,-400000.0625,-18873.650390625,-400000.0625,-5326.1298828125,-400000.0625
199.05174279212952,-400000.0625,-12591.3203125,-6271.509765625,-400000.0625,-18859.25,-400000.0625,-5313.16015625,-400000.0625
199.07579255104065,-400000.0625,-12594.650390625,-6272.509765625,-400000.0625,-18861.060546875,-400000.0625,-5311.58984375,-400000.0625
199.12754774093628,-400000.0625,-12597.509765625,-6278.27978515625,-400000.0625,-18870.259765625,-400000.0625,-5324.89013671875,-400000.0625
199.14660930633545,-400000.0625,-12619.2099609375,-6297.02001953125,-400000.0625,-18886.08984375,-400000.0625,-5346.8701171875,-400000.0625
199.16383743286133,-400000.0625,-12607.240234375,-6287.6201171875,-400000.0625,-18879.369140625,-400000.0625,-5338.6201171875,-400000.0625
199.18118953704834,-400000.0625,-12594.5595703125,-6278.7099609375,-400000.0625,-18871.2109375,-400000.0625,-5328.7001953125,-400000.0625
199.23945927619934,-400000.0625,-12586.599609375,-6272.83984375,-400000.0625,-18869.44921875,-400000.0625,-5322.89013671875,-400000.0625
199.26277470588684,-400000.0625,-12602.08984375,-6280.66015625,-400000.0625,-18878.369140625,-400000.0625,-5332.66015625,-400000.0625
199.27832126617432,-400000.0625,-12613.150390625,-6290.25,-400000.0625,-18882.849609375,-400000.0625,-5346.25,-400000.0625
199.30334544181824,-400000.0625,-12609.099609375,-6288.0498046875,-400000.0625,-18877.650390625,-400000.0625,-5340.0498046875,-400000.0625
199.3522243499756,-400000.0625,-12590.3603515625,-6270.35986328125,-400000.0625,-18872.259765625,-400000.0625,-5317.830078125,-400000.0625
199.37077045440674,-400000.0625,-12581.9697265625,-6260.68017578125,-400000.0625,-18865.400390625,-400000.0625,-5308.9599609375,-400000.0625
199.38482403755188,-400000.0625,-12600.0400390625,-6276.1298828125,-400000.0625,-18872.880859375,-400000.0625,-5330.89990234375,-400000.0625
199.40288543701172,-400000.0625,-12624.5498046875,-6297.06005859375,-400000.0625,-18893.9609375,-400000.0625,-5354.2099609375,-400000.0625
199.4214813709259,-400000.0625,-12607.3896484375,-6282.18994140625,-400000.0625,-18875.890625,-400000.0625,-5340.669921875,-400000.0625
199.46238327026367,-400000.0625,-12600.51953125,-6276.080078125,-400000.0625,-18871.740234375,-400000.0625,-5329.7001953125,-400000.0625
199.47899198532104,-400000.0625,-12600.0400390625,-6276.1298828125,-400000.0625,-18881.3203125,-400000.0625,-5326.4599609375,-400000.0625
199.49305534362793,-400000.0625,-12607.48046875,-6282.759765625,-400000.0625,-18882.130859375,-400000.0625,-5336.330078125,-400000.0625
199.51111578941345,-400000.0625,-12614.1103515625,-6286.56982421875,-400000.0625,-18880.69921875,-400000.0625,-5341.240234375,-400000.0625
199.52675819396973,-400000.0625,-12601.330078125,-6275.509765625,-400000.0625,-18870.689453125,-400000.0625,-5328.75,-400000.0625
199.57652854919434,-400000.0625,-12577.8203125,-6254.6298828125,-400000.0625,-18854.669921875,-400000.0625,-5308.9599609375,-400000.0625
199.58820700645447,-400000.0625,-12576.490234375,-6256.77001953125,-400000.0625,-18856.810546875,-400000.0625,-5305.240234375,-400000.0625
199.60612440109253,-400000.0625,-12609.7197265625,-6286.14990234375,-400000.0625,-18878.560546875,-400000.0625,-5335.6201171875,-400000.0625
199.6386694908142,-400000.0625,-12632.08984375,-6302.93017578125,-400000.0625,-18896.060546875,-400000.0625,-5356.02978515625,-400000.0625
199.74069571495056,-400000.0625,-12621.9296875,-6292.2001953125,-400000.0625,-18894.580078125,-400000.0625,-5346.10986328125,-400000.0625
199.80369424819946,-400000.0625,-12597.419921875,-6271.41015625,-400000.0625,-18872.98046875,-400000.0625,-5322.080078125,-400000.0625
199.84020137786865,-400000.0625,-12587.98046875,-6259.8701171875,-400000.0625,-18864.630859375,-400000.0625,-5310.6298828125,-400000.0625
199.8721742630005,-400000.0625,-12591.7900390625,-6262.830078125,-400000.0625,-18865.439453125,-400000.0625,-5318.259765625,-400000.0625
199.94017243385315,-400000.0625,-12604.91015625,-6273.7900390625,-400000.0625,-18874.359375,-400000.0625,-5330.52001953125,-400000.0625
199.9615559577942,-400000.0625,-12605.6201171875,-6274.4599609375,-400000.0625,-18874.220703125,-400000.0625,-5326.89013671875,-400000.0625
199.97355151176453,-400000.0625,-12593.9404296875,-6266.830078125,-400000.0625,-18867.779296875,-400000.0625,-5314.2099609375,-400000.0625
200.03435945510864,-400000.0625,-12599.1796875,-6270.35986328125,-400000.0625,-18870.98046875,-400000.0625,-5320.35986328125,-400000.0625
200.0522768497467,-400000.0625,-12616.58984375,-6286.33984375,-400000.0625,-18889.140625,-400000.0625,-5337.330078125,-400000.0625
200.0957133769989,-400000.0625,-12627.9404296875,-6294.8701171875,-400000.0625,-18892.150390625,-400000.0625,-5345.5400390625,-400000.0625
200.13780331611633,-400000.0625,-12610.3896484375,-6276.7998046875,-400000.0625,-18879.849609375,-400000.0625,-5331.52001953125,-400000.0625
200.17660808563232,-400000.0625,-12584.830078125,-6257.10986328125,-400000.0625,-18863.5390625,-400000.0625,-5309.6298828125,-400000.0625
200.20654559135437,-400000.0625,-12579.7802734375,-6251.669921875,-400000.0625,-18862.9609375,-400000.0625,-5305.9599609375,-400000.0625
200.2694010734558,-400000.0625,-12599.2802734375,-6268.22021484375,-400000.0625,-18877.169921875,-400000.0625,-5318.5498046875,-400000.0625
200.28711867332458,-400000.0625,-12616.6796875,-6283.6201171875,-400000.0625,-18887.140625,-400000.0625,-5334.47021484375,-400000.0625
200.31179237365723,-400000.0625,-12613.6298828125,-6283.52001953125,-400000.0625,-18877.369140625,-400000.0625,-5329.93994140625,-400000.0625
200.37165570259094,-400000.0625,-12601.4697265625,-6273.7900390625,-400000.0625,-18867.689453125,-400000.0625,-5316.2099609375,-400000.0625
200.39678168296814,-400000.0625,-12605.0,-6274.02978515625,-400000.0625,-18882.66015625,-400000.0625,-5316.259765625,-400000.0625
200.4219410419464,-400000.0625,-12616.9697265625,-6281.27978515625,-400000.0625,-18885.5703125,-400000.0625,-5326.83984375,-400000.0625
200.469007730484,-400000.0625,-12621.9296875,-6287.9599609375,-400000.0625,-18888.2890625,-400000.0625,-5337.0498046875,-400000.0625
200.47748804092407,-400000.0625,-12610.3896484375,-6281.52001953125,-400000.0625,-18878.80078125,-400000.0625,-5328.7001953125,-400000.0625
200.49107551574707,-400000.0625,-12600.51953125,-6273.080078125,-400000.0625,-18869.830078125,-400000.0625,-5316.93017578125,-400000.0625
200.49936771392822,-400000.0625,-12601.9501953125,-6274.7001953125,-400000.0625,-18865.30078125,-400000.0625,-5316.830078125,-400000.0625
200.50666880607605,-400000.0625,-12618.8798828125,-6288.14990234375,-400000.0625,-18883.990234375,-400000.0625,-5330.22998046875,-400000.0625
200.5184144973755,-400000.0625,-12633.1298828125,-6298.97021484375,-400000.0625,-18896.390625,-400000.0625,-5344.9599609375,-400000.0625
200.52749514579773,-400000.0625,-12618.6396484375,-6286.3798828125,-400000.0625,-18877.599609375,-400000.0625,-5329.89990234375,-400000.0625
200.55289506912231,-400000.0625,-12594.509765625,-6266.169921875,-400000.0625,-18862.390625,-400000.0625,-5310.8701171875,-400000.0625
200.56409096717834,-400000.0625,-12601.1396484375,-6271.509765625,-400000.0625,-18871.119140625,-400000.0625,-5309.2001953125,-400000.0625
200.5742905139923,-400000.0625,-12617.490234375,-6282.6201171875,-400000.0625,-18873.650390625,-400000.0625,-5323.1201171875,-400000.0625
200.58463597297668,-400000.0625,-12636.849609375,-6296.02001953125,-400000.0625,-18888.51953125,-400000.0625,-5337.47998046875,-400000.0625
200.5952889919281,-400000.0625,-12635.7998046875,-6301.7900390625,-400000.0625,-18889.94921875,-400000.0625,-5338.18994140625,-400000.0625
200.60411596298218,-400000.0625,-12621.1201171875,-6293.14990234375,-400000.0625,-18884.849609375,-400000.0625,-5319.64013671875,-400000.0625
200.61234712600708,-400000.0625,-12608.150390625,-6285.0498046875,-400000.0625,-18873.83984375,-400000.0625,-5302.56982421875,-400000.0625
200.62313270568848,-400000.0625,-12617.400390625,-6288.33984375,-400000.0625,-18874.890625,-400000.0625,-5304.52978515625,-400000.0625
200.63234329223633,-400000.0625,-12626.169921875,-6291.9599609375,-400000.0625,-18883.759765625,-400000.0625,-5305.81982421875,-400000.0625
200.66031432151794,-400000.0625,-12629.8896484375,-6296.919921875,-400000.0625,-18884.23046875,-400000.0625,-5310.81982421875,-400000.0625
200.66935348510742,-400000.0625,-12618.1103515625,-6287.580078125,-400000.0625,-18876.130859375,-400000.0625,-5294.419921875,-400000.0625
200.67680668830872,-400000.0625,-12619.5400390625,-6291.9599609375,-400000.0625,-18876.3203125,-400000.0625,-5292.419921875,-400000.0625
200.690495967865,-400000.0625,-12642.8095703125,-6315.759765625,-400000.0625,-18896.73046875,-400000.0625,-5315.16015625,-400000.0625
200.69885969161987,-400000.0625,-12649.009765625,-6323.91015625,-400000.0625,-18906.119140625,-400000.0625,-5327.18017578125,-400000.0625
200.7064402103424,-400000.0625,-12634.7998046875,-6310.7001953125,-400000.0625,-18889.330078125,-400000.0625,-5307.72021484375,-400000.0625
200.71561551094055,-400000.0625,-12608.33984375,-6287.669921875,-400000.0625,-18870.9296875,-400000.0625,-5282.97021484375,-400000.0625
200.72713160514832,-400000.0625,-12595.75,-6276.66015625,-400000.0625,-18862.150390625,-400000.0625,-5277.58984375,-400000.0625
200.737135887146,-400000.0625,-12613.25,-6291.490234375,-400000.0625,-18875.26953125,-400000.0625,-5287.83984375,-400000.0625
200.76206493377686,-400000.0625,-12642.0,-6318.240234375,-400000.0625,-18899.58984375,-400000.0625,-5313.77978515625,-400000.0625
200.77169179916382,-400000.0625,-12634.7998046875,-6311.93994140625,-400000.0625,-18890.4296875,-400000.0625,-5307.43994140625,-400000.0625
200.78071880340576,-400000.0625,-12618.0703125,-6296.68017578125,-400000.0625,-18872.9296875,-400000.0625,-5286.83984375,-400000.0625
200.79152607917786,-400000.0625,-12615.2998046875,-6293.10986328125,-400000.0625,-18871.640625,-400000.0625,-5287.31005859375,-400000.0625
200.80106449127197,-400000.0625,-12632.7998046875,-6308.22021484375,-400000.0625,-18886.7109375,-400000.0625,-5298.419921875,-400000.0625
200.80942106246948,-400000.0625,-12637.0400390625,-6312.18017578125,-400000.0625,-18888.2890625,-400000.0625,-5303.2900390625,-400000.0625
200.82043361663818,-400000.0625,-12628.41015625,-6301.93017578125,-400000.0625,-18881.1796875,-400000.0625,-5295.7099609375,-400000.0625
200.8323814868927,-400000.0625,-12629.83984375,-6303.259765625,-400000.0625,-18893.630859375,-400000.0625,-5294.990234375,-400000.0625
200.843003988266,-400000.0625,-12621.3603515625,-6298.68994140625,-400000.0625,-18888.140625,-400000.0625,-5288.080078125,-400000.0625
200.87170934677124,-400000.0625,-12624.9296875,-6298.10986328125,-400000.0625,-18878.939453125,-400000.0625,-5288.169921875,-400000.0625
200.88561534881592,-400000.0625,-12637.1396484375,-6308.3701171875,-400000.0625,-18888.900390625,-400000.0625,-5299.759765625,-400000.0625
200.8973526954651,-400000.0625,-12637.9501953125,-6310.56005859375,-400000.0625,-18890.810546875,-400000.0625,-5304.14990234375,-400000.0625
200.90665245056152,-400000.0625,-12623.0302734375,-6297.64013671875,-400000.0625,-18879.23046875,-400000.0625,-5287.35986328125,-400000.0625
200.9159436225891,-400000.0625,-12605.9501953125,-6283.08984375,-400000.0625,-18862.19921875,-400000.0625,-5269.85986328125,-400000.0625
200.92730498313904,-400000.0625,-12611.76953125,-6287.10009765625,-400000.0625,-18866.259765625,-400000.0625,-5277.72998046875,-400000.0625
200.93612003326416,-400000.0625,-12639.4296875,-6308.89013671875,-400000.0625,-18891.05078125,-400000.0625,-5303.14990234375,-400000.0625
200.94444465637207,-400000.0625,-12633.3701171875,-6303.06982421875,-400000.0625,-18889.140625,-400000.0625,-5299.0400390625,-400000.0625
200.9917607307434,-400000.0625,-12623.7900390625,-6293.2001953125,-400000.0625,-18877.080078125,-400000.0625,-5287.22021484375,-400000.0625
201.00651502609253,-400000.0625,-12628.599609375,-6297.68017578125,-400000.0625,-18882.7109375,-400000.0625,-5288.509765625,-400000.0625
201.02394080162048,-400000.0625,-12638.0498046875,-6308.990234375,-400000.0625,-18894.869140625,-400000.0625,-5295.52001953125,-400000.0625
201.04239511489868,-400000.0625,-12643.580078125,-6312.93994140625,-400000.0625,-18893.05078125,-400000.0625,-5293.990234375,-400000.0625
201.0710837841034,-400000.0625,-12627.3603515625,-6300.4501953125,-400000.0625,-18878.890625,-400000.0625,-5281.830078125,-400000.0625
201.12729811668396,-400000.0625,-12622.5498046875,-6297.10986328125,-400000.0625,-18874.4609375,-400000.0625,-5279.10986328125,-400000.0625
201.14113068580627,-400000.0625,-12617.4501953125,-6288.52978515625,-400000.0625,-18871.169921875,-400000.0625,-5280.64013671875,-400000.0625
201.16592979431152,-400000.0625,-12622.3095703125,-6290.06005859375,-400000.0625,-18876.169921875,-400000.0625,-5287.97998046875,-400000.0625
201.18368816375732,-400000.0625,-12643.2001953125,-6310.27001953125,-400000.0625,-18893.009765625,-400000.0625,-5306.669921875,-400000.0625
201.24249958992004,-400000.0625,-12642.33984375,-6310.419921875,-400000.0625,-18891.240234375,-400000.0625,-5302.330078125,-400000.0625
201.26589012145996,-400000.0625,-12624.5,-6294.06005859375,-400000.0625,-18874.7890625,-400000.0625,-5286.93017578125,-400000.0625
201.28224086761475,-400000.0625,-12614.73046875,-6283.6201171875,-400000.0625,-18871.7890625,-400000.0625,-5276.490234375,-400000.0625
201.29840731620789,-400000.0625,-12628.3701171875,-6294.2001953125,-400000.0625,-18880.23046875,-400000.0625,-5283.02001953125,-400000.0625
201.3436381816864,-400000.0625,-12646.33984375,-6312.85009765625,-400000.0625,-18897.30078125,-400000.0625,-5303.47998046875,-400000.0625
201.36304092407227,-400000.0625,-12641.9599609375,-6312.7001953125,-400000.0625,-18895.150390625,-400000.0625,-5303.2900390625,-400000.0625
201.38532090187073,-400000.0625,-12626.7900390625,-6298.64013671875,-400000.0625,-18883.900390625,-400000.0625,-5287.97998046875,-400000.0625
201.39806699752808,-400000.0625,-12619.349609375,-6287.2900390625,-400000.0625,-18873.0703125,-400000.0625,-5278.8701171875,-400000.0625
201.4067680835724,-400000.0625,-12629.509765625,-6293.919921875,-400000.0625,-18874.890625,-400000.0625,-5285.06982421875,-400000.0625
201.43454241752625,-400000.0625,-12638.0,-6302.7900390625,-400000.0625,-18880.1796875,-400000.0625,-5293.7998046875,-400000.0625
201.44311690330505,-400000.0625,-12628.75,-6297.06005859375,-400000.0625,-18878.26953125,-400000.0625,-5287.35986328125,-400000.0625
201.4548089504242,-400000.0625,-12629.9404296875,-6294.06005859375,-400000.0625,-18881.23046875,-400000.0625,-5283.06982421875,-400000.0625
201.46522665023804,-400000.0625,-12638.0498046875,-6302.60009765625,-400000.0625,-18891.33984375,-400000.0625,-5296.47021484375,-400000.0625
201.47319197654724,-400000.0625,-12643.5302734375,-6307.080078125,-400000.0625,-18894.529296875,-400000.0625,-5299.18994140625,-400000.0625
201.4876389503479,-400000.0625,-12647.150390625,-6311.18017578125,-400000.0625,-18894.9609375,-400000.0625,-5301.56982421875,-400000.0625
201.4966287612915,-400000.0625,-12644.150390625,-6309.3701171875,-400000.0625,-18892.4296875,-400000.0625,-5296.3701171875,-400000.0625
201.504497051239,-400000.0625,-12631.7001953125,-6296.39990234375,-400000.0625,-18872.310546875,-400000.0625,-5282.77978515625,-400000.0625
201.5116925239563,-400000.0625,-12633.75,-6296.58984375,-400000.0625,-18879.849609375,-400000.0625,-5280.72998046875,-400000.0625
201.53616428375244,-400000.0625,-12637.5703125,-6301.740234375,-400000.0625,-18882.3203125,-400000.0625,-5283.830078125,-400000.0625
201.54396843910217,-400000.0625,-12641.8603515625,-6310.89013671875,-400000.0625,-18884.1796875,-400000.0625,-5290.56005859375,-400000.0625
201.55320477485657,-400000.0625,-12639.4296875,-6311.75,-400000.0625,-18887.08984375,-400000.0625,-5293.18017578125,-400000.0625
201.56230902671814,-400000.0625,-12632.3203125,-6299.68994140625,-400000.0625,-18883.08984375,-400000.0625,-5278.06005859375,-400000.0625
201.57025527954102,-400000.0625,-12623.9296875,-6291.490234375,-400000.0625,-18877.599609375,-400000.0625,-5269.85986328125,-400000.0625
201.57768869400024,-400000.0625,-12637.240234375,-6305.31005859375,-400000.0625,-18886.470703125,-400000.0625,-5286.83984375,-400000.0625
201.58965134620667,-400000.0625,-12647.25,-6310.31982421875,-400000.0625,-18888.759765625,-400000.0625,-5297.0400390625,-400000.0625
201.59859657287598,-400000.0625,-12632.419921875,-6298.06982421875,-400000.0625,-18878.029296875,-400000.0625,-5279.16015625,-400000.0625
201.60699605941772,-400000.0625,-12631.4697265625,-6302.169921875,-400000.0625,-18876.599609375,-400000.0625,-5279.16015625,-400000.0625
201.61517357826233,-400000.0625,-12637.240234375,-6305.740234375,-400000.0625,-18880.0390625,-400000.0625,-5284.60009765625,-400000.0625
201.64115405082703,-400000.0625,-12644.2900390625,-6308.93994140625,-400000.0625,-18890.720703125,-400000.0625,-5290.27001953125,-400000.0625
201.65033674240112,-400000.0625,-12646.7197265625,-6313.3701171875,-400000.0625,-18888.810546875,-400000.0625,-5297.14013671875,-400000.0625
201.66092014312744,-400000.0625,-12633.75,-6301.4501953125,-400000.0625,-18880.69921875,-400000.0625,-5282.2099609375,-400000.0625
201.67116355895996,-400000.0625,-12623.8798828125,-6291.6298828125,-400000.0625,-18869.349609375,-400000.0625,-5266.85986328125,-400000.0625
201.68004608154297,-400000.0625,-12633.7099609375,-6299.72998046875,-400000.0625,-18878.75,-400000.0625,-5278.2099609375,-400000.0625
201.69016981124878,-400000.0625,-12639.330078125,-6307.4599609375,-400000.0625,-18883.849609375,-400000.0625,-5285.35986328125,-400000.0625
201.69822025299072,-400000.0625,-12651.16015625,-6315.27978515625,-400000.0625,-18890.9609375,-400000.0625,-5292.60986328125,-400000.0625
201.7057614326477,-400000.0625,-12641.0498046875,-6307.89013671875,-400000.0625,-18883.140625,-400000.0625,-5283.93017578125,-400000.0625
201.7142939567566,-400000.0625,-12631.8896484375,-6301.4501953125,-400000.0625,-18874.890625,-400000.0625,-5275.2001953125,-400000.0625
201.7260992527008,-400000.0625,-12634.1396484375,-6301.58984375,-400000.0625,-18874.55078125,-400000.0625,-5275.5400390625,-400000.0625
201.75595593452454,-400000.0625,-12638.669921875,-6305.22021484375,-400000.0625,-18886.849609375,-400000.0625,-5281.5,-400000.0625
201.7642138004303,-400000.0625,-12646.8203125,-6311.60986328125,-400000.0625,-18889.140625,-400000.0625,-5287.080078125,-400000.0625
201.7717261314392,-400000.0625,-12643.2900390625,-6305.97998046875,-400000.0625,-18883.849609375,-400000.0625,-5280.64013671875,-400000.0625
201.7795386314392,-400000.0625,-12641.0,-6307.02978515625,-400000.0625,-18888.48046875,-400000.0625,-5280.830078125,-400000.0625
201.79057598114014,-400000.0625,-12633.7998046875,-6303.5,-400000.0625,-18880.609375,-400000.0625,-5273.580078125,-400000.0625
201.7993893623352,-400000.0625,-12643.2001953125,-6310.75,-400000.0625,-18884.51953125,-400000.0625,-5283.68994140625,-400000.0625
201.80757975578308,-400000.0625,-12660.3095703125,-6322.91015625,-400000.0625,-18898.19921875,-400000.0625,-5297.3798828125,-400000.0625
201.8162453174591,-400000.0625,-12659.650390625,-6323.39013671875,-400000.0625,-18893.720703125,-400000.0625,-5291.41015625,-400000.0625
201.8258261680603,-400000.0625,-12641.7197265625,-6307.509765625,-400000.0625,-18875.080078125,-400000.0625,-5278.68017578125,-400000.0625
201.8337483406067,-400000.0625,-12641.2900390625,-6307.169921875,-400000.0625,-18884.23046875,-400000.0625,-5277.009765625,-400000.0625
201.8578908443451,-400000.0625,-12647.2001953125,-6310.7001953125,-400000.0625,-18888.669921875,-400000.0625,-5280.02001953125,-400000.0625
201.8659965991974,-400000.0625,-12645.009765625,-6312.419921875,-400000.0625,-18886.5703125,-400000.0625,-5284.1201171875,-400000.0625
201.87358212471008,-400000.0625,-12640.5302734375,-6311.93994140625,-400000.0625,-18883.140625,-400000.0625,-5283.830078125,-400000.0625
201.88219285011292,-400000.0625,-12642.3896484375,-6313.18017578125,-400000.0625,-18885.189453125,-400000.0625,-5277.43994140625,-400000.0625
201.89919710159302,-400000.0625,-12651.6396484375,-6320.0,-400000.0625,-18885.5703125,-400000.0625,-5281.02001953125,-400000.0625
201.92851042747498,-400000.0625,-12662.169921875,-6326.14990234375,-400000.0625,-18887.859375,-400000.0625,-5292.31982421875,-400000.0625
201.9428369998932,-400000.0625,-12672.240234375,-6338.68994140625,-400000.0625,-18905.58984375,-400000.0625,-5304.10009765625,-400000.0625
202.00168991088867,-400000.0625,-12665.8896484375,-6332.39990234375,-400000.0625,-18903.779296875,-400000.0625,-5293.3701171875,-400000.0625
202.01765155792236,-400000.0625,-12645.2900390625,-6309.7998046875,-400000.0625,-18881.75,-400000.0625,-5273.6298828125,-400000.0625
202.03134536743164,-400000.0625,-12638.51953125,-6306.83984375,-400000.0625,-18879.1796875,-400000.0625,-5269.10009765625,-400000.0625
202.04774522781372,-400000.0625,-12644.240234375,-6312.7998046875,-400000.0625,-18882.369140625,-400000.0625,-5277.72998046875,-400000.0625
202.09927988052368,-400000.0625,-12662.4599609375,-6326.009765625,-400000.0625,-18892.4296875,-400000.0625,-5295.60986328125,-400000.0625
202.1228632926941,-400000.0625,-12657.01953125,-6323.2001953125,-400000.0625,-18888.7109375,-400000.0625,-5293.080078125,-400000.0625
202.1387004852295,-400000.0625,-12639.8095703125,-6308.60009765625,-400000.0625,-18878.220703125,-400000.0625,-5271.2900390625,-400000.0625
202.15467596054077,-400000.0625,-12648.4404296875,-6314.3701171875,-400000.0625,-18879.029296875,-400000.0625,-5278.77978515625,-400000.0625
202.21430349349976,-400000.0625,-12659.41015625,-6326.06005859375,-400000.0625,-18891.189453125,-400000.0625,-5293.93994140625,-400000.0625
202.2363293170929,-400000.0625,-12661.7001953125,-6324.240234375,-400000.0625,-18895.490234375,-400000.0625,-5296.27978515625,-400000.0625
202.25066590309143,-400000.0625,-12654.2099609375,-6313.75,-400000.0625,-18888.94921875,-400000.0625,-5280.06982421875,-400000.0625
202.26171684265137,-400000.0625,-12646.8701171875,-6311.18017578125,-400000.0625,-18881.419921875,-400000.0625,-5273.25,-400000.0625
202.31727385520935,-400000.0625,-12653.259765625,-6317.66015625,-400000.0625,-18890.140625,-400000.0625,-5279.35009765625,-400000.0625
202.34280633926392,-400000.0625,-12658.8798828125,-6320.81005859375,-400000.0625,-18890.669921875,-400000.0625,-5289.02978515625,-400000.0625
202.3616054058075,-400000.0625,-12661.98046875,-6320.52001953125,-400000.0625,-18889.759765625,-400000.0625,-5294.419921875,-400000.0625
202.3785388469696,-400000.0625,-12653.2099609375,-6312.22998046875,-400000.0625,-18886.51953125,-400000.0625,-5284.60009765625,-400000.0625
202.42264485359192,-400000.0625,-12646.6796875,-6308.60009765625,-400000.0625,-18881.419921875,-400000.0625,-5278.39990234375,-400000.0625
202.43437695503235,-400000.0625,-12650.349609375,-6314.9501953125,-400000.0625,-18882.08984375,-400000.0625,-5276.72998046875,-400000.0625
202.44470119476318,-400000.0625,-12652.9697265625,-6319.85986328125,-400000.0625,-18885.08984375,-400000.0625,-5282.5,-400000.0625
202.4629418849945,-400000.0625,-12666.1796875,-6325.580078125,-400000.0625,-18899.400390625,-400000.0625,-5290.4599609375,-400000.0625
202.4784791469574,-400000.0625,-12655.1201171875,-6315.27978515625,-400000.0625,-18891.4296875,-400000.0625,-5283.259765625,-400000.0625
202.49749946594238,-400000.0625,-12638.3798828125,-6304.22021484375,-400000.0625,-18874.599609375,-400000.0625,-5270.2900390625,-400000.0625
202.5523965358734,-400000.0625,-12643.0,-6307.41015625,-400000.0625,-18876.220703125,-400000.0625,-5276.8701171875,-400000.0625
202.5697796344757,-400000.0625,-12655.2099609375,-6315.89990234375,-400000.0625,-18887.7109375,-400000.0625,-5288.41015625,-400000.0625
202.58612751960754,-400000.0625,-12659.650390625,-6317.759765625,-400000.0625,-18892.810546875,-400000.0625,-5292.60986328125,-400000.0625
202.60114455223083,-400000.0625,-12654.6396484375,-6312.75,-400000.0625,-18885.08984375,-400000.0625,-5282.93017578125,-400000.0625
202.65595531463623,-400000.0625,-12647.73046875,-6306.740234375,-400000.0625,-18874.599609375,-400000.0625,-5277.58984375,-400000.0625
202.6680314540863,-400000.0625,-12639.0,-6302.60009765625,-400000.0625,-18867.349609375,-400000.0625,-5275.06005859375,-400000.0625
202.6863465309143,-400000.0625,-12651.6796875,-6316.52001953125,-400000.0625,-18882.939453125,-400000.0625,-5285.35986328125,-400000.0625
202.69915294647217,-400000.0625,-12659.1201171875,-6321.14013671875,-400000.0625,-18895.009765625,-400000.0625,-5292.7998046875,-400000.0625
202.71799778938293,-400000.0625,-12652.6396484375,-6314.7998046875,-400000.0625,-18881.130859375,-400000.0625,-5285.83984375,-400000.0625
202.7867729663849,-400000.0625,-12653.4501953125,-6318.0498046875,-400000.0625,-18878.80078125,-400000.0625,-5284.06982421875,-400000.0625
202.80222153663635,-400000.0625,-12652.7802734375,-6317.08984375,-400000.0625,-18880.130859375,-400000.0625,-5281.64013671875,-400000.0625
202.82522416114807,-400000.0625,-12657.830078125,-6320.81005859375,-400000.0625,-18885.7109375,-400000.0625,-5292.22998046875,-400000.0625
202.87780284881592,-400000.0625,-12664.9404296875,-6325.2001953125,-400000.0625,-18893.009765625,-400000.0625,-5296.330078125,-400000.0625
202.89840817451477,-400000.0625,-12654.5400390625,-6315.56982421875,-400000.0625,-18884.140625,-400000.0625,-5288.27001953125,-400000.0625
202.9171051979065,-400000.0625,-12650.349609375,-6314.08984375,-400000.0625,-18878.029296875,-400000.0625,-5284.31005859375,-400000.0625
202.94196724891663,-400000.0625,-12641.099609375,-6306.4599609375,-400000.0625,-18872.220703125,-400000.0625,-5276.8701171875,-400000.0625
203.001211643219,-400000.0625,-12653.7802734375,-6316.419921875,-400000.0625,-18878.1796875,-400000.0625,-5285.83984375,-400000.0625
203.01667141914368,-400000.0625,-12661.599609375,-6326.2900390625,-400000.0625,-18886.619140625,-400000.0625,-5294.89990234375,-400000.0625
203.03240442276,-400000.0625,-12656.2099609375,-6322.0498046875,-400000.0625,-18886.849609375,-400000.0625,-5291.4599609375,-400000.0625
203.05000519752502,-400000.0625,-12648.580078125,-6311.75,-400000.0625,-18875.080078125,-400000.0625,-5280.10986328125,-400000.0625
203.09881114959717,-400000.0625,-12647.8203125,-6311.080078125,-400000.0625,-18876.599609375,-400000.0625,-5278.25,-400000.0625
203.11948990821838,-400000.0625,-12663.75,-6324.52978515625,-400000.0625,-18892.150390625,-400000.0625,-5288.22021484375,-400000.0625
203.13725805282593,-400000.0625,-12672.2802734375,-6331.72998046875,-400000.0625,-18898.73046875,-400000.0625,-5300.759765625,-400000.0625
203.15441513061523,-400000.0625,-12661.080078125,-6320.43017578125,-400000.0625,-18886.0390625,-400000.0625,-5289.64990234375,-400000.0625
203.19307804107666,-400000.0625,-12648.6298828125,-6310.509765625,-400000.0625,-18871.400390625,-400000.0625,-5274.72998046875,-400000.0625
203.212749004364,-400000.0625,-12650.349609375,-6312.31982421875,-400000.0625,-18877.369140625,-400000.0625,-5277.16015625,-400000.0625
203.22745060920715,-400000.0625,-12659.740234375,-6321.2900390625,-400000.0625,-18883.94921875,-400000.0625,-5289.1298828125,-400000.0625
203.24317955970764,-400000.0625,-12668.7099609375,-6333.39990234375,-400000.0625,-18891.76953125,-400000.0625,-5301.7099609375,-400000.0625
203.25864958763123,-400000.0625,-12669.1396484375,-6333.68994140625,-400000.0625,-18894.009765625,-400000.0625,-5306.2001953125,-400000.0625
203.30792260169983,-400000.0625,-12664.26953125,-6324.85986328125,-400000.0625,-18888.189453125,-400000.0625,-5294.60986328125,-400000.0625
203.31954908370972,-400000.0625,-12662.26953125,-6322.3798828125,-400000.0625,-18882.3203125,-400000.0625,-5287.1201171875,-400000.0625
203.3465678691864,-400000.0625,-12668.5595703125,-6329.10986328125,-400000.0625,-18884.7109375,-400000.0625,-5295.1298828125,-400000.0625
203.37771129608154,-400000.0625,-12670.5703125,-6334.830078125,-400000.0625,-18888.05078125,-400000.0625,-5301.56982421875,-400000.0625
203.4364550113678,-400000.0625,-12652.4501953125,-6317.85009765625,-400000.0625,-18873.119140625,-400000.0625,-5283.4501953125,-400000.0625
203.44970035552979,-400000.0625,-12638.3798828125,-6305.93017578125,-400000.0625,-18861.30078125,-400000.0625,-5269.72021484375,-400000.0625
203.47230696678162,-400000.0625,-12653.8798828125,-6319.3798828125,-400000.0625,-18879.560546875,-400000.0625,-5281.8798828125,-400000.0625
203.48376631736755,-400000.0625,-12671.0,-6333.02001953125,-400000.0625,-18891.619140625,-400000.0625,-5301.43017578125,-400000.0625
203.5378758907318,-400000.0625,-12675.6201171875,-6338.4501953125,-400000.0625,-18895.580078125,-400000.0625,-5305.10009765625,-400000.0625
203.55939364433289,-400000.0625,-12672.849609375,-6335.4501953125,-400000.0625,-18889.330078125,-400000.0625,-5297.7099609375,-400000.0625
203.57097697257996,-400000.0625,-12663.599609375,-6326.52978515625,-400000.0625,-18881.0390625,-400000.0625,-5287.1201171875,-400000.0625
203.5985791683197,-400000.0625,-12665.3203125,-6326.91015625,-400000.0625,-18882.470703125,-400000.0625,-5289.4599609375,-400000.0625
203.65131163597107,-400000.0625,-12665.849609375,-6328.8701171875,-400000.0625,-18883.66015625,-400000.0625,-5292.02978515625,-400000.0625
203.66687965393066,-400000.0625,-12649.6298828125,-6316.0,-400000.0625,-18868.400390625,-400000.0625,-5280.68994140625,-400000.0625
203.68192052841187,-400000.0625,-12646.580078125,-6311.31982421875,-400000.0625,-18859.8203125,-400000.0625,-5272.25,-400000.0625
203.69710659980774,-400000.0625,-12662.4599609375,-6324.33984375,-400000.0625,-18874.740234375,-400000.0625,-5282.31005859375,-400000.0625
203.70997524261475,-400000.0625,-12674.669921875,-6338.06982421875,-400000.0625,-18894.9609375,-400000.0625,-5293.22998046875,-400000.0625
203.78951120376587,-400000.0625,-12687.73046875,-6349.759765625,-400000.0625,-18907.599609375,-400000.0625,-5308.25,-400000.0625
203.8002007007599,-400000.0625,-12696.0302734375,-6352.759765625,-400000.0625,-18904.16015625,-400000.0625,-5313.10986328125,-400000.0625
203.8167746067047,-400000.0625,-12686.2099609375,-6334.39990234375,-400000.0625,-18891.91015625,-400000.0625,-5299.0400390625,-400000.0625
203.87108874320984,-400000.0625,-12671.51953125,-6318.0498046875,-400000.0625,-18877.41015625,-400000.0625,-5274.2001953125,-400000.0625
203.89337468147278,-400000.0625,-12669.7998046875,-6311.3701171875,-400000.0625,-18876.169921875,-400000.0625,-5267.43017578125,-400000.0625
203.90668654441833,-400000.0625,-12693.83984375,-6304.93017578125,-400000.0625,-18878.029296875,-400000.0625,-5275.580078125,-400000.0625
203.92743635177612,-400000.0625,-12712.0498046875,-6322.43017578125,-400000.0625,-18893.33984375,-400000.0625,-5272.47998046875,-400000.0625
203.9718804359436,-400000.0625,-12713.6201171875,-6342.83984375,-400000.0625,-18894.9609375,-400000.0625,-5266.7099609375,-400000.0625
203.99359917640686,-400000.0625,-12678.7197265625,-6333.10986328125,-400000.0625,-18870.830078125,-400000.0625,-5277.10986328125,-400000.0625
204.0057077407837,-400000.0625,-12670.5703125,-6311.080078125,-400000.0625,-18852.240234375,-400000.0625,-5276.43994140625,-400000.0625
204.02595329284668,-400000.0625,-12687.01953125,-6315.08984375,-400000.0625,-18846.849609375,-400000.0625,-5287.7001953125,-400000.0625
204.0421872138977,-400000.0625,-12691.3095703125,-6316.81005859375,-400000.0625,-18843.1796875,-400000.0625,-5302.10009765625,-400000.0625
204.09461498260498,-400000.0625,-12673.4697265625,-6318.3798828125,-400000.0625,-18831.259765625,-400000.0625,-5327.60986328125,-400000.0625
204.1100947856903,-400000.0625,-12687.400390625,-6308.3701171875,-400000.0625,-18809.75,-400000.0625,-5344.919921875,-400000.0625
204.12952733039856,-400000.0625,-12710.1396484375,-6314.330078125,-400000.0625,-18795.640625,-400000.0625,-5384.64013671875,-400000.0625
204.14406371116638,-400000.0625,-12742.0,-6316.08984375,-400000.0625,-18784.529296875,-400000.0625,-5427.02978515625,-400000.0625
204.19576168060303,-400000.0625,-12799.740234375,-6332.4501953125,-400000.0625,-18790.060546875,-400000.0625,-5483.91015625,-400000.0625
204.21731638908386,-400000.0625,-12825.919921875,-6337.60009765625,-400000.0625,-18781.849609375,-400000.0625,-5526.97021484375,-400000.0625
204.23841500282288,-400000.0625,-12832.830078125,-6311.18017578125,-400000.0625,-18754.150390625,-400000.0625,-5539.080078125,-400000.0625
204.24914622306824,-400000.0625,-12846.1396484375,-6291.9599609375,-400000.0625,-18737.75,-400000.0625,-5563.31005859375,-400000.0625
204.29558420181274,-400000.0625,-12866.7802734375,-6285.14013671875,-400000.0625,-18739.890625,-400000.0625,-5609.56005859375,-400000.0625
204.31811332702637,-400000.0625,-12889.3896484375,-6279.419921875,-400000.0625,-18742.330078125,-400000.0625,-5648.08984375,-400000.0625
204.33488082885742,-400000.0625,-12897.400390625,-6262.68017578125,-400000.0625,-18730.359375,-400000.0625,-5675.169921875,-400000.0625
204.35517716407776,-400000.0625,-12880.759765625,-6225.16015625,-400000.0625,-18704.26953125,-400000.0625,-5684.14013671875,-400000.0625
204.39921474456787,-400000.0625,-12873.650390625,-6199.5,-400000.0625,-18711.859375,-400000.0625,-5703.35009765625,-400000.0625
204.4162609577179,-400000.0625,-12879.0400390625,-6188.009765625,-400000.0625,-18731.169921875,-400000.0625,-5736.2099609375,-400000.0625
204.44420790672302,-400000.0625,-12878.1298828125,-6166.740234375,-400000.0625,-18731.7890625,-400000.0625,-5754.47021484375,-400000.0625
204.4582483768463,-400000.0625,-12864.2099609375,-6138.419921875,-400000.0625,-18730.119140625,-400000.0625,-5764.39013671875,-400000.0625
204.50690984725952,-400000.0625,-12832.7900390625,-6100.509765625,-400000.0625,-18718.91015625,-400000.0625,-5760.6201171875,-400000.0625
204.5274760723114,-400000.0625,-12804.1796875,-6064.89013671875,-400000.0625,-18708.279296875,-400000.0625,-5752.66015625,-400000.0625
204.54080414772034,-400000.0625,-12799.599609375,-6052.39990234375,-400000.0625,-18714.0,-400000.0625,-5769.77978515625,-400000.0625
204.56005334854126,-400000.0625,-12798.0703125,-6052.58984375,-400000.0625,-18734.650390625,-400000.0625,-5795.18994140625,-400000.0625
204.6095428466797,-400000.0625,-12779.8603515625,-6034.85009765625,-400000.0625,-18749.189453125,-400000.0625,-5803.6298828125,-400000.0625
204.62917804718018,-400000.0625,-12746.240234375,-6004.52001953125,-400000.0625,-18743.140625,-400000.0625,-5788.419921875,-400000.0625
204.6436870098114,-400000.0625,-12728.259765625,-5980.5400390625,-400000.0625,-18745.470703125,-400000.0625,-5781.509765625,-400000.0625
204.66226148605347,-400000.0625,-12726.5498046875,-5978.06005859375,-400000.0625,-18759.439453125,-400000.0625,-5798.52978515625,-400000.0625
204.721431016922,-400000.0625,-12721.58984375,-5972.43017578125,-400000.0625,-18768.0703125,-400000.0625,-5806.2099609375,-400000.0625
204.75986194610596,-400000.0625,-12686.9697265625,-5945.830078125,-400000.0625,-18760.73046875,-400000.0625,-5791.0,-400000.0625
204.77408862113953,-400000.0625,-12664.75,-5930.9501953125,-400000.0625,-18756.73046875,-400000.0625,-5781.93994140625,-400000.0625
204.83292245864868,-400000.0625,-12650.349609375,-5918.4599609375,-400000.0625,-18766.119140625,-400000.0625,-5781.60009765625,-400000.0625
204.8607337474823,-400000.0625,-12641.669921875,-5914.02001953125,-400000.0625,-18780.330078125,-400000.0625,-5787.9501953125,-400000.0625
204.88854479789734,-400000.0625,-12660.169921875,-5928.60986328125,-400000.0625,-18801.880859375,-400000.0625,-5804.06005859375,-400000.0625
204.94421887397766,-400000.0625,-12651.9697265625,-5919.22021484375,-400000.0625,-18808.1796875,-400000.0625,-5797.33984375,-400000.0625
204.9605803489685,-400000.0625,-12616.9697265625,-5898.91015625,-400000.0625,-18793.6796875,-400000.0625,-5774.64013671875,-400000.0625
204.9803912639618,-400000.0625,-12606.240234375,-5896.3798828125,-400000.0625,-18786.76953125,-400000.0625,-5770.25,-400000.0625
205.00039911270142,-400000.0625,-12605.2900390625,-5895.759765625,-400000.0625,-18794.349609375,-400000.0625,-5773.06982421875,-400000.0625
205.05771803855896,-400000.0625,-12598.75,-5900.18994140625,-400000.0625,-18804.080078125,-400000.0625,-5774.2099609375,-400000.0625
205.08072996139526,-400000.0625,-12590.1201171875,-5900.18994140625,-400000.0625,-18804.5,-400000.0625,-5767.06005859375,-400000.0625
205.09607982635498,-400000.0625,-12574.0498046875,-5884.83984375,-400000.0625,-18802.169921875,-400000.0625,-5758.85986328125,-400000.0625
205.1155502796173,-400000.0625,-12567.3798828125,-5881.35986328125,-400000.0625,-18804.890625,-400000.0625,-5751.18017578125,-400000.0625
205.16992044448853,-400000.0625,-12572.099609375,-5891.3701171875,-400000.0625,-18815.5703125,-400000.0625,-5759.56982421875,-400000.0625
205.1865746974945,-400000.0625,-12580.9697265625,-5904.9599609375,-400000.0625,-18827.869140625,-400000.0625,-5768.16015625,-400000.0625
205.20811676979065,-400000.0625,-12576.580078125,-5901.77001953125,-400000.0625,-18821.529296875,-400000.0625,-5766.10986328125,-400000.0625
205.2254867553711,-400000.0625,-12569.1904296875,-5898.330078125,-400000.0625,-18823.05078125,-400000.0625,-5754.18994140625,-400000.0625
205.2685878276825,-400000.0625,-12561.75,-5892.7998046875,-400000.0625,-18819.0,-400000.0625,-5744.740234375,-400000.0625
205.27927899360657,-400000.0625,-12563.5595703125,-5897.0,-400000.0625,-18825.060546875,-400000.0625,-5753.9501953125,-400000.0625
205.30237245559692,-400000.0625,-12571.7197265625,-5906.06005859375,-400000.0625,-18829.439453125,-400000.0625,-5766.25,-400000.0625
205.31732821464539,-400000.0625,-12557.1298828125,-5892.89990234375,-400000.0625,-18824.19921875,-400000.0625,-5751.56005859375,-400000.0625
205.336749792099,-400000.0625,-12548.16015625,-5884.60009765625,-400000.0625,-18822.390625,-400000.0625,-5740.169921875,-400000.0625
205.382586479187,-400000.0625,-12552.5498046875,-5888.509765625,-400000.0625,-18821.4296875,-400000.0625,-5743.89013671875,-400000.0625
205.40398573875427,-400000.0625,-12555.650390625,-5891.89990234375,-400000.0625,-18818.7109375,-400000.0625,-5744.35986328125,-400000.0625
205.41846346855164,-400000.0625,-12563.4697265625,-5902.580078125,-400000.0625,-18831.830078125,-400000.0625,-5755.27978515625,-400000.0625
205.4373800754547,-400000.0625,-12569.099609375,-5907.009765625,-400000.0625,-18835.169921875,-400000.0625,-5754.7099609375,-400000.0625
205.48616933822632,-400000.0625,-12550.2099609375,-5891.93994140625,-400000.0625,-18824.099609375,-400000.0625,-5737.97021484375,-400000.0625
205.509690284729,-400000.0625,-12551.0703125,-5894.7099609375,-400000.0625,-18827.060546875,-400000.0625,-5735.490234375,-400000.0625
205.52483105659485,-400000.0625,-12566.2802734375,-5904.33984375,-400000.0625,-18834.16015625,-400000.0625,-5751.08984375,-400000.0625
205.5445647239685,-400000.0625,-12571.669921875,-5905.490234375,-400000.0625,-18834.16015625,-400000.0625,-5760.2900390625,-400000.0625
205.59512495994568,-400000.0625,-12565.8095703125,-5898.47998046875,-400000.0625,-18835.119140625,-400000.0625,-5755.3798828125,-400000.0625
205.6090738773346,-400000.0625,-12555.7001953125,-5889.75,-400000.0625,-18830.400390625,-400000.0625,-5743.4599609375,-400000.0625
205.6205403804779,-400000.0625,-12554.3603515625,-5888.60986328125,-400000.0625,-18821.859375,-400000.0625,-5741.41015625,-400000.0625
205.63224864006042,-400000.0625,-12558.080078125,-5893.330078125,-400000.0625,-18829.779296875,-400000.0625,-5745.22021484375,-400000.0625
205.6484820842743,-400000.0625,-12563.08984375,-5896.56982421875,-400000.0625,-18835.5,-400000.0625,-5750.75,-400000.0625
205.69433450698853,-400000.0625,-12569.330078125,-5901.85986328125,-400000.0625,-18833.2109375,-400000.0625,-5755.6201171875,-400000.0625
205.72483491897583,-400000.0625,-12559.2197265625,-5894.0400390625,-400000.0625,-18824.8203125,-400000.0625,-5742.97998046875,-400000.0625
205.76050233840942,-400000.0625,-12554.1201171875,-5888.3701171875,-400000.0625,-18820.720703125,-400000.0625,-5735.97021484375,-400000.0625
205.8193564414978,-400000.0625,-12562.75,-5897.330078125,-400000.0625,-18830.58984375,-400000.0625,-5747.83984375,-400000.0625
205.84222650527954,-400000.0625,-12567.8603515625,-5900.9599609375,-400000.0625,-18835.259765625,-400000.0625,-5755.22998046875,-400000.0625
205.86389088630676,-400000.0625,-12565.23046875,-5898.0,-400000.0625,-18836.599609375,-400000.0625,-5753.14013671875,-400000.0625
205.92643332481384,-400000.0625,-12565.1904296875,-5896.3798828125,-400000.0625,-18836.44921875,-400000.0625,-5747.4599609375,-400000.0625
205.94658756256104,-400000.0625,-12562.509765625,-5893.759765625,-400000.0625,-18830.830078125,-400000.0625,-5740.830078125,-400000.0625
205.97310543060303,-400000.0625,-12556.75,-5889.22998046875,-400000.0625,-18819.91015625,-400000.0625,-5740.5498046875,-400000.0625
206.03920650482178,-400000.0625,-12567.4296875,-5896.14013671875,-400000.0625,-18827.150390625,-400000.0625,-5748.60986328125,-400000.0625
206.05904746055603,-400000.0625,-12571.8095703125,-5899.72021484375,-400000.0625,-18836.0703125,-400000.0625,-5759.85986328125,-400000.0625
206.07884669303894,-400000.0625,-12564.1796875,-5892.3701171875,-400000.0625,-18826.19921875,-400000.0625,-5746.7001953125,-400000.0625
206.1314778327942,-400000.0625,-12565.8095703125,-5889.18017578125,-400000.0625,-18826.009765625,-400000.0625,-5746.169921875,-400000.0625
206.1527235507965,-400000.0625,-12578.2001953125,-5898.08984375,-400000.0625,-18835.0703125,-400000.0625,-5748.60986328125,-400000.0625
206.1757435798645,-400000.0625,-12595.1298828125,-5925.7001953125,-400000.0625,-18847.7109375,-400000.0625,-5744.080078125,-400000.0625
206.18865180015564,-400000.0625,-12591.080078125,-5932.0498046875,-400000.0625,-18842.890625,-400000.0625,-5736.16015625,-400000.0625
206.24043083190918,-400000.0625,-12579.009765625,-5927.47021484375,-400000.0625,-18827.970703125,-400000.0625,-5712.18017578125,-400000.0625
206.25435709953308,-400000.0625,-12566.1904296875,-5929.52001953125,-400000.0625,-18818.810546875,-400000.0625,-5697.43994140625,-400000.0625
206.27499985694885,-400000.0625,-12571.2900390625,-5942.68017578125,-400000.0625,-18820.810546875,-400000.0625,-5706.35986328125,-400000.0625
206.28811597824097,-400000.0625,-12581.0595703125,-5953.169921875,-400000.0625,-18826.76953125,-400000.0625,-5710.169921875,-400000.0625
206.31023263931274,-400000.0625,-12573.91015625,-5951.2099609375,-400000.0625,-18824.76953125,-400000.0625,-5705.60009765625,-400000.0625
206.36730241775513,-400000.0625,-12573.2900390625,-5948.72998046875,-400000.0625,-18824.76953125,-400000.0625,-5700.4501953125,-400000.0625
206.38237738609314,-400000.0625,-12580.73046875,-5952.06982421875,-400000.0625,-18833.5,-400000.0625,-5705.740234375,-400000.0625
206.4040243625641,-400000.0625,-12588.740234375,-5959.080078125,-400000.0625,-18841.3203125,-400000.0625,-5718.419921875,-400000.0625
206.42290449142456,-400000.0625,-12589.98046875,-5961.0400390625,-400000.0625,-18838.4609375,-400000.0625,-5719.60986328125,-400000.0625
206.4744782447815,-400000.0625,-12579.919921875,-5952.35986328125,-400000.0625,-18826.869140625,-400000.0625,-5713.27001953125,-400000.0625
206.48768401145935,-400000.0625,-12569.7197265625,-5942.06005859375,-400000.0625,-18820.5703125,-400000.0625,-5693.72021484375,-400000.0625
206.5105595588684,-400000.0625,-12568.8095703125,-5944.97021484375,-400000.0625,-18823.669921875,-400000.0625,-5693.9599609375,-400000.0625
206.52460360527039,-400000.0625,-12576.6298828125,-5951.259765625,-400000.0625,-18828.390625,-400000.0625,-5704.5498046875,-400000.0625
206.5764856338501,-400000.0625,-12584.349609375,-5955.27001953125,-400000.0625,-18834.0703125,-400000.0625,-5708.64990234375,-400000.0625
206.58777022361755,-400000.0625,-12586.7900390625,-5957.22021484375,-400000.0625,-18843.369140625,-400000.0625,-5715.47021484375,-400000.0625
206.60627675056458,-400000.0625,-12580.1103515625,-5953.35986328125,-400000.0625,-18837.259765625,-400000.0625,-5708.02978515625,-400000.0625
206.62032532691956,-400000.0625,-12577.9599609375,-5953.8798828125,-400000.0625,-18832.16015625,-400000.0625,-5707.169921875,-400000.0625
206.6439037322998,-400000.0625,-12583.9697265625,-5955.60009765625,-400000.0625,-18840.26953125,-400000.0625,-5711.31982421875,-400000.0625
206.69985675811768,-400000.0625,-12592.3603515625,-5960.080078125,-400000.0625,-18843.41015625,-400000.0625,-5716.31982421875,-400000.0625
206.72438287734985,-400000.0625,-12580.830078125,-5951.60009765625,-400000.0625,-18834.640625,-400000.0625,-5705.93017578125,-400000.0625
206.75647735595703,-400000.0625,-12568.08984375,-5938.85986328125,-400000.0625,-18821.0,-400000.0625,-5691.10009765625,-400000.0625
206.8162989616394,-400000.0625,-12567.08984375,-5937.52978515625,-400000.0625,-18823.669921875,-400000.0625,-5692.240234375,-400000.0625
206.84043550491333,-400000.0625,-12573.48046875,-5944.81982421875,-400000.0625,-18828.6796875,-400000.0625,-5702.2099609375,-400000.0625
206.8541989326477,-400000.0625,-12582.259765625,-5952.97998046875,-400000.0625,-18827.490234375,-400000.0625,-5706.31005859375,-400000.0625
206.87547087669373,-400000.0625,-12585.1201171875,-5954.4599609375,-400000.0625,-18837.5,-400000.0625,-5709.35986328125,-400000.0625
206.93608832359314,-400000.0625,-12584.9697265625,-5953.7900390625,-400000.0625,-18836.98046875,-400000.0625,-5705.31005859375,-400000.0625
207.00802755355835,-400000.0625,-12578.2998046875,-5949.5498046875,-400000.0625,-18834.310546875,-400000.0625,-5702.97021484375,-400000.0625
207.0764241218567,-400000.0625,-12588.4501953125,-5958.7998046875,-400000.0625,-18845.369140625,-400000.0625,-5709.60009765625,-400000.0625
207.1043791770935,-400000.0625,-12591.169921875,-5960.990234375,-400000.0625,-18843.41015625,-400000.0625,-5711.83984375,-400000.0625
207.12670516967773,-400000.0625,-12572.33984375,-5944.919921875,-400000.0625,-18825.6796875,-400000.0625,-5699.919921875,-400000.0625
207.1842246055603,-400000.0625,-12570.0498046875,-5941.919921875,-400000.0625,-18819.380859375,-400000.0625,-5690.85986328125,-400000.0625
207.23147344589233,-400000.0625,-12567.4697265625,-5941.52978515625,-400000.0625,-18816.0390625,-400000.0625,-5692.14990234375,-400000.0625
207.28092193603516,-400000.0625,-12568.3798828125,-5940.52978515625,-400000.0625,-18821.580078125,-400000.0625,-5698.35009765625,-400000.0625
207.32255744934082,-400000.0625,-12580.7802734375,-5951.97998046875,-400000.0625,-18835.58984375,-400000.0625,-5708.27001953125,-400000.0625
207.34756541252136,-400000.0625,-12585.6904296875,-5957.41015625,-400000.0625,-18843.83984375,-400000.0625,-5713.080078125,-400000.0625
207.41367650032043,-400000.0625,-12584.5,-5953.64990234375,-400000.0625,-18842.41015625,-400000.0625,-5704.5,-400000.0625
207.42918610572815,-400000.0625,-12576.8203125,-5949.39990234375,-400000.0625,-18834.310546875,-400000.0625,-5698.009765625,-400000.0625
207.45946621894836,-400000.0625,-12578.2001953125,-5948.5,-400000.0625,-18832.259765625,-400000.0625,-5703.35009765625,-400000.0625
207.5119445323944,-400000.0625,-12588.2197265625,-5956.1298828125,-400000.0625,-18835.5,-400000.0625,-5709.7001953125,-400000.0625
207.52550888061523,-400000.0625,-12589.26953125,-5957.990234375,-400000.0625,-18842.169921875,-400000.0625,-5707.60009765625,-400000.0625
207.57704329490662,-400000.0625,-12578.6796875,-5948.830078125,-400000.0625,-18828.630859375,-400000.0625,-5695.77001953125,-400000.0625
207.65208172798157,-400000.0625,-12564.759765625,-5938.10009765625,-400000.0625,-18815.759765625,-400000.0625,-5691.0,-400000.0625
207.67286825180054,-400000.0625,-12575.48046875,-5945.97021484375,-400000.0625,-18829.58984375,-400000.0625,-5701.490234375,-400000.0625
207.68977904319763,-400000.0625,-12593.5595703125,-5960.419921875,-400000.0625,-18843.509765625,-400000.0625,-5718.419921875,-400000.0625
207.76039695739746,-400000.0625,-12590.3095703125,-5960.080078125,-400000.0625,-18841.599609375,-400000.0625,-5719.52001953125,-400000.0625
207.78429985046387,-400000.0625,-12585.4501953125,-5952.41015625,-400000.0625,-18835.640625,-400000.0625,-5706.83984375,-400000.0625
207.8148148059845,-400000.0625,-12584.6396484375,-5951.93017578125,-400000.0625,-18834.640625,-400000.0625,-5705.8798828125,-400000.0625
207.86042284965515,-400000.0625,-12588.7900390625,-5955.5498046875,-400000.0625,-18833.109375,-400000.0625,-5704.31005859375,-400000.0625
207.8730866909027,-400000.0625,-12592.2197265625,-5956.02978515625,-400000.0625,-18830.830078125,-400000.0625,-5708.080078125,-400000.0625
207.88277339935303,-400000.0625,-12582.58984375,-5950.35986328125,-400000.0625,-18834.2109375,-400000.0625,-5702.39990234375,-400000.0625
207.8936026096344,-400000.0625,-12572.8603515625,-5940.68017578125,-400000.0625,-18819.05078125,-400000.0625,-5687.2900390625,-400000.0625
207.90506100654602,-400000.0625,-12585.98046875,-5944.919921875,-400000.0625,-18827.76953125,-400000.0625,-5691.77001953125,-400000.0625
207.91520714759827,-400000.0625,-12590.1201171875,-5945.58984375,-400000.0625,-18845.80078125,-400000.0625,-5706.169921875,-400000.0625
207.95050477981567,-400000.0625,-12579.8701171875,-5940.490234375,-400000.0625,-18838.9296875,-400000.0625,-5718.7099609375,-400000.0625
207.959321975708,-400000.0625,-12574.0498046875,-5936.18994140625,-400000.0625,-18838.599609375,-400000.0625,-5734.8701171875,-400000.0625
207.96980047225952,-400000.0625,-12569.759765625,-5920.41015625,-400000.0625,-18829.439453125,-400000.0625,-5732.580078125,-400000.0625
207.97967433929443,-400000.0625,-12567.240234375,-5905.9599609375,-400000.0625,-18827.630859375,-400000.0625,-5732.6298828125,-400000.0625
207.9879834651947,-400000.0625,-12559.5595703125,-5893.419921875,-400000.0625,-18824.8203125,-400000.0625,-5741.4501953125,-400000.0625
207.9968101978302,-400000.0625,-12558.650390625,-5885.509765625,-400000.0625,-18824.669921875,-400000.0625,-5752.419921875,-400000.0625
208.00795483589172,-400000.0625,-12557.509765625,-5873.35009765625,-400000.0625,-18818.759765625,-400000.0625,-5755.0400390625,-400000.0625
208.01825404167175,-400000.0625,-12560.3701171875,-5868.14990234375,-400000.0625,-18811.939453125,-400000.0625,-5755.330078125,-400000.0625
208.0562539100647,-400000.0625,-12566.849609375,-5869.52978515625,-400000.0625,-18818.48046875,-400000.0625,-5764.77001953125,-400000.0625
208.06822657585144,-400000.0625,-12568.2802734375,-5867.47998046875,-400000.0625,-18823.8203125,-400000.0625,-5769.830078125,-400000.0625
208.08132410049438,-400000.0625,-12565.7099609375,-5865.52978515625,-400000.0625,-18823.150390625,-400000.0625,-5767.16015625,-400000.0625
208.0902440547943,-400000.0625,-12563.5595703125,-5863.2900390625,-400000.0625,-18824.48046875,-400000.0625,-5766.68017578125,-400000.0625
208.09992361068726,-400000.0625,-12548.5400390625,-5852.27001953125,-400000.0625,-18815.189453125,-400000.0625,-5755.0,-400000.0625
208.11195731163025,-400000.0625,-12551.4501953125,-5857.18017578125,-400000.0625,-18813.759765625,-400000.0625,-5757.14013671875,-400000.0625
208.12274408340454,-400000.0625,-12563.419921875,-5869.25,-400000.0625,-18824.630859375,-400000.0625,-5766.06005859375,-400000.0625
208.16156554222107,-400000.0625,-12573.2900390625,-5874.8701171875,-400000.0625,-18827.150390625,-400000.0625,-5773.06982421875,-400000.0625
208.17255520820618,-400000.0625,-12579.6298828125,-5883.169921875,-400000.0625,-18832.73046875,-400000.0625,-5776.740234375,-400000.0625
208.1811089515686,-400000.0625,-12564.7998046875,-5868.580078125,-400000.0625,-18819.619140625,-400000.0625,-5762.52978515625,-400000.0625
208.19064116477966,-400000.0625,-12568.4296875,-5868.72021484375,-400000.0625,-18820.810546875,-400000.0625,-5759.240234375,-400000.0625
208.20085310935974,-400000.0625,-12578.2001953125,-5879.97998046875,-400000.0625,-18833.01953125,-400000.0625,-5773.1201171875,-400000.0625
208.21173572540283,-400000.0625,-12578.0595703125,-5878.58984375,-400000.0625,-18841.029296875,-400000.0625,-5774.39990234375,-400000.0625
208.22525691986084,-400000.0625,-12562.3203125,-5862.81005859375,-400000.0625,-18820.810546875,-400000.0625,-5762.91015625,-400000.0625
208.26224207878113,-400000.0625,-12557.3203125,-5858.330078125,-400000.0625,-18811.990234375,-400000.0625,-5757.0498046875,-400000.0625
208.27564525604248,-400000.0625,-12568.900390625,-5870.39013671875,-400000.0625,-18825.9609375,-400000.0625,-5766.25,-400000.0625
208.28504729270935,-400000.0625,-12585.6904296875,-5885.4599609375,-400000.0625,-18836.98046875,-400000.0625,-5778.7900390625,-400000.0625
208.29349398612976,-400000.0625,-12594.1796875,-5891.18017578125,-400000.0625,-18838.650390625,-400000.0625,-5786.3701171875,-400000.0625
208.30382657051086,-400000.0625,-12582.6904296875,-5880.97998046875,-400000.0625,-18831.779296875,-400000.0625,-5772.68994140625,-400000.0625
208.31505250930786,-400000.0625,-12564.7998046875,-5867.240234375,-400000.0625,-18816.849609375,-400000.0625,-5755.759765625,-400000.0625
208.32388734817505,-400000.0625,-12565.1904296875,-5865.72021484375,-400000.0625,-18819.4296875,-400000.0625,-5755.330078125,-400000.0625
208.33291625976562,-400000.0625,-12582.400390625,-5879.2099609375,-400000.0625,-18831.6796875,-400000.0625,-5773.8798828125,-400000.0625
208.36048769950867,-400000.0625,-12591.169921875,-5885.509765625,-400000.0625,-18838.4609375,-400000.0625,-5782.64990234375,-400000.0625
208.3738796710968,-400000.0625,-12575.25,-5870.77001953125,-400000.0625,-18822.150390625,-400000.0625,-5773.02001953125,-400000.0625
208.40767335891724,-400000.0625,-12566.7099609375,-5862.759765625,-400000.0625,-18816.759765625,-400000.0625,-5759.0,-400000.0625
208.42368292808533,-400000.0625,-12566.2802734375,-5861.7099609375,-400000.0625,-18820.240234375,-400000.0625,-5759.43017578125,-400000.0625
208.44512629508972,-400000.0625,-12581.16015625,-5874.10986328125,-400000.0625,-18825.720703125,-400000.0625,-5773.35009765625,-400000.0625
208.4926953315735,-400000.0625,-12597.0400390625,-5889.89013671875,-400000.0625,-18836.55078125,-400000.0625,-5788.330078125,-400000.0625
208.51882553100586,-400000.0625,-12590.2197265625,-5885.41015625,-400000.0625,-18841.3203125,-400000.0625,-5779.080078125,-400000.0625
208.5400574207306,-400000.0625,-12570.48046875,-5869.91015625,-400000.0625,-18828.919921875,-400000.0625,-5763.14990234375,-400000.0625
208.55265760421753,-400000.0625,-12572.240234375,-5870.2998046875,-400000.0625,-18827.150390625,-400000.0625,-5761.81005859375,-400000.0625
208.59590125083923,-400000.0625,-12580.25,-5873.25,-400000.0625,-18824.2890625,-400000.0625,-5770.35009765625,-400000.0625
208.61527633666992,-400000.0625,-12591.169921875,-5880.8798828125,-400000.0625,-18830.830078125,-400000.0625,-5781.22021484375,-400000.0625
208.63896012306213,-400000.0625,-12588.5498046875,-5880.64013671875,-400000.0625,-18833.970703125,-400000.0625,-5780.35986328125,-400000.0625
208.65783143043518,-400000.0625,-12570.669921875,-5862.6201171875,-400000.0625,-18817.859375,-400000.0625,-5760.77001953125,-400000.0625
208.71796369552612,-400000.0625,-12569.1396484375,-5858.9501953125,-400000.0625,-18820.48046875,-400000.0625,-5760.3798828125,-400000.0625
208.73835825920105,-400000.0625,-12587.41015625,-5878.5400390625,-400000.0625,-18837.259765625,-400000.0625,-5782.509765625,-400000.0625
208.76419639587402,-400000.0625,-12602.9501953125,-5893.330078125,-400000.0625,-18845.75,-400000.0625,-5791.47021484375,-400000.0625
208.81461095809937,-400000.0625,-12602.1904296875,-5886.89013671875,-400000.0625,-18839.310546875,-400000.0625,-5778.83984375,-400000.0625
208.8237476348877,-400000.0625,-12571.3798828125,-5858.56982421875,-400000.0625,-18819.5703125,-400000.0625,-5753.60986328125,-400000.0625
208.84029006958008,-400000.0625,-12564.51953125,-5855.75,-400000.0625,-18819.380859375,-400000.0625,-5762.10009765625,-400000.0625
208.85063433647156,-400000.0625,-12573.2001953125,-5857.18017578125,-400000.0625,-18825.76953125,-400000.0625,-5785.0400390625,-400000.0625
208.8592665195465,-400000.0625,-12585.1201171875,-5860.89990234375,-400000.0625,-18839.169921875,-400000.0625,-5804.06005859375,-400000.0625
208.87019085884094,-400000.0625,-12575.9599609375,-5846.93017578125,-400000.0625,-18835.01953125,-400000.0625,-5802.6298828125,-400000.0625
208.89310574531555,-400000.0625,-12551.599609375,-5814.93017578125,-400000.0625,-18808.4609375,-400000.0625,-5781.22021484375,-400000.0625
208.90448260307312,-400000.0625,-12549.349609375,-5805.5400390625,-400000.0625,-18806.650390625,-400000.0625,-5786.0400390625,-400000.0625
208.91518259048462,-400000.0625,-12570.7197265625,-5821.509765625,-400000.0625,-18826.529296875,-400000.0625,-5814.60009765625,-400000.0625
208.92367005348206,-400000.0625,-12586.400390625,-5822.85009765625,-400000.0625,-18838.7890625,-400000.0625,-5826.18994140625,-400000.0625
208.93467259407043,-400000.0625,-12581.25,-5810.5,-400000.0625,-18827.439453125,-400000.0625,-5818.080078125,-400000.0625
208.94565391540527,-400000.0625,-12557.5595703125,-5792.08984375,-400000.0625,-18809.849609375,-400000.0625,-5800.81982421875,-400000.0625
208.9545862674713,-400000.0625,-12552.5498046875,-5788.14013671875,-400000.0625,-18805.98046875,-400000.0625,-5792.330078125,-400000.0625
208.96322989463806,-400000.0625,-12566.4697265625,-5798.33984375,-400000.0625,-18817.0,-400000.0625,-5803.72998046875,-400000.0625
208.97374558448792,-400000.0625,-12583.4501953125,-5817.509765625,-400000.0625,-18837.98046875,-400000.0625,-5823.08984375,-400000.0625
208.9951434135437,-400000.0625,-12580.7802734375,-5815.7001953125,-400000.0625,-18834.58984375,-400000.0625,-5820.22998046875,-400000.0625
209.00666737556458,-400000.0625,-12566.330078125,-5802.68017578125,-400000.0625,-18821.150390625,-400000.0625,-5807.5400390625,-400000.0625
209.01587200164795,-400000.0625,-12558.509765625,-5794.0498046875,-400000.0625,-18818.669921875,-400000.0625,-5801.14990234375,-400000.0625
209.02455306053162,-400000.0625,-12570.0,-5803.10986328125,-400000.0625,-18828.390625,-400000.0625,-5812.22021484375,-400000.0625
209.0340507030487,-400000.0625,-12589.1201171875,-5817.93994140625,-400000.0625,-18833.5390625,-400000.0625,-5827.3798828125,-400000.0625
209.04425501823425,-400000.0625,-12574.91015625,-5803.490234375,-400000.0625,-18818.08984375,-400000.0625,-5812.02978515625,-400000.0625
209.05366325378418,-400000.0625,-12559.83984375,-5790.27978515625,-400000.0625,-18808.26953125,-400000.0625,-5798.14990234375,-400000.0625
209.061856508255,-400000.0625,-12561.419921875,-5791.27978515625,-400000.0625,-18811.560546875,-400000.0625,-5803.2998046875,-400000.0625
209.07417678833008,-400000.0625,-12570.1904296875,-5797.669921875,-400000.0625,-18818.4296875,-400000.0625,-5812.4501953125,-400000.0625
209.1077060699463,-400000.0625,-12577.8203125,-5804.8701171875,-400000.0625,-18823.9609375,-400000.0625,-5816.1298828125,-400000.0625
209.11635732650757,-400000.0625,-12580.25,-5808.64013671875,-400000.0625,-18826.76953125,-400000.0625,-5820.93994140625,-400000.0625
209.12426614761353,-400000.0625,-12562.6103515625,-5794.72021484375,-400000.0625,-18819.0,-400000.0625,-5807.35009765625,-400000.0625
209.13297939300537,-400000.0625,-12554.83984375,-5788.89990234375,-400000.0625,-18814.900390625,-400000.0625,-5802.009765625,-400000.0625
209.14184880256653,-400000.0625,-12575.91015625,-5804.830078125,-400000.0625,-18830.830078125,-400000.0625,-5821.27978515625,-400000.0625
209.15064787864685,-400000.0625,-12579.009765625,-5808.02001953125,-400000.0625,-18828.25,-400000.0625,-5822.27978515625,-400000.0625
209.15815210342407,-400000.0625,-12564.1796875,-5794.56982421875,-400000.0625,-18809.3203125,-400000.0625,-5806.919921875,-400000.0625
209.16664290428162,-400000.0625,-12561.7001953125,-5792.330078125,-400000.0625,-18813.900390625,-400000.0625,-5798.2001953125,-400000.0625
209.17629885673523,-400000.0625,-12564.66015625,-5797.72021484375,-400000.0625,-18817.619140625,-400000.0625,-5803.6298828125,-400000.0625
209.1987762451172,-400000.0625,-12579.9697265625,-5809.1201171875,-400000.0625,-18829.060546875,-400000.0625,-5819.89013671875,-400000.0625
209.20831084251404,-400000.0625,-12589.9296875,-5817.02978515625,-400000.0625,-18843.83984375,-400000.0625,-5834.52978515625,-400000.0625
209.216210603714,-400000.0625,-12581.25,-5807.919921875,-400000.0625,-18837.55078125,-400000.0625,-5824.27978515625,-400000.0625
209.22386050224304,-400000.0625,-12561.3203125,-5791.3798828125,-400000.0625,-18816.279296875,-400000.0625,-5804.009765625,-400000.0625
209.23208451271057,-400000.0625,-12551.2099609375,-5783.509765625,-400000.0625,-18805.55078125,-400000.0625,-5792.0,-400000.0625
209.2418191432953,-400000.0625,-12571.9599609375,-5800.8701171875,-400000.0625,-18820.48046875,-400000.0625,-5811.06982421875,-400000.0625
209.2499976158142,-400000.0625,-12591.7900390625,-5819.18017578125,-400000.0625,-18836.640625,-400000.0625,-5831.77001953125,-400000.0625
209.25744938850403,-400000.0625,-12578.919921875,-5806.68994140625,-400000.0625,-18835.119140625,-400000.0625,-5819.75,-400000.0625
209.26549649238586,-400000.0625,-12557.599609375,-5786.31982421875,-400000.0625,-18815.849609375,-400000.0625,-5798.669921875,-400000.0625
209.27527284622192,-400000.0625,-12553.9296875,-5786.1298828125,-400000.0625,-18816.0390625,-400000.0625,-5797.33984375,-400000.0625
209.28333115577698,-400000.0625,-12578.5400390625,-5811.5,-400000.0625,-18842.3203125,-400000.0625,-5823.18017578125,-400000.0625
209.31127047538757,-400000.0625,-12594.080078125,-5821.3701171875,-400000.0625,-18840.599609375,-400000.0625,-5834.6298828125,-400000.0625
209.3258500099182,-400000.0625,-12579.25,-5808.02001953125,-400000.0625,-18822.48046875,-400000.0625,-5816.97998046875,-400000.0625
209.34430575370789,-400000.0625,-12553.8798828125,-5788.27978515625,-400000.0625,-18809.939453125,-400000.0625,-5794.47998046875,-400000.0625
209.35957026481628,-400000.0625,-12556.650390625,-5790.52001953125,-400000.0625,-18818.51953125,-400000.0625,-5800.490234375,-400000.0625
209.38197541236877,-400000.0625,-12581.0595703125,-5808.16015625,-400000.0625,-18840.41015625,-400000.0625,-5817.1298828125,-400000.0625
209.39545035362244,-400000.0625,-12595.7001953125,-5822.419921875,-400000.0625,-18851.23046875,-400000.0625,-5833.009765625,-400000.0625
209.4450147151947,-400000.0625,-12584.8798828125,-5815.7900390625,-400000.0625,-18837.5,-400000.0625,-5824.85009765625,-400000.0625
209.46281671524048,-400000.0625,-12561.8896484375,-5796.669921875,-400000.0625,-18812.1796875,-400000.0625,-5799.6298828125,-400000.0625
209.47665119171143,-400000.0625,-12566.0,-5800.14990234375,-400000.0625,-18812.939453125,-400000.0625,-5801.2998046875,-400000.0625
209.49331736564636,-400000.0625,-12582.259765625,-5815.22021484375,-400000.0625,-18836.98046875,-400000.0625,-5819.66015625,-400000.0625
209.50441646575928,-400000.0625,-12582.9697265625,-5814.89013671875,-400000.0625,-18839.310546875,-400000.0625,-5826.43017578125,-400000.0625
209.55184674263,-400000.0625,-12573.33984375,-5803.919921875,-400000.0625,-18831.919921875,-400000.0625,-5812.259765625,-400000.0625
209.56936049461365,-400000.0625,-12559.83984375,-5793.240234375,-400000.0625,-18824.630859375,-400000.0625,-5796.43017578125,-400000.0625
209.58381128311157,-400000.0625,-12558.990234375,-5793.10009765625,-400000.0625,-18819.669921875,-400000.0625,-5796.0498046875,-400000.0625
209.60089802742004,-400000.0625,-12576.919921875,-5809.35986328125,-400000.0625,-18834.349609375,-400000.0625,-5813.02978515625,-400000.0625
209.6116921901703,-400000.0625,-12582.830078125,-5815.97998046875,-400000.0625,-18835.7890625,-400000.0625,-5825.85009765625,-400000.0625
209.6601152420044,-400000.0625,-12574.7197265625,-5806.64013671875,-400000.0625,-18830.73046875,-400000.0625,-5811.4501953125,-400000.0625
209.67185473442078,-400000.0625,-12551.259765625,-5782.89013671875,-400000.0625,-18817.619140625,-400000.0625,-5786.1298828125,-400000.0625
209.69187331199646,-400000.0625,-12542.1103515625,-5778.35986328125,-400000.0625,-18809.69921875,-400000.0625,-5785.080078125,-400000.0625
209.70181703567505,-400000.0625,-12566.5703125,-5802.6298828125,-400000.0625,-18825.580078125,-400000.0625,-5809.58984375,-400000.0625
209.72497606277466,-400000.0625,-12595.3203125,-5824.60986328125,-400000.0625,-18846.66015625,-400000.0625,-5836.68017578125,-400000.0625
209.79814648628235,-400000.0625,-12592.3203125,-5819.990234375,-400000.0625,-18841.7890625,-400000.0625,-5834.33984375,-400000.0625
209.8170747756958,-400000.0625,-12584.5400390625,-5815.4599609375,-400000.0625,-18835.5,-400000.0625,-5802.39013671875,-400000.0625
209.83556151390076,-400000.0625,-12574.7197265625,-5821.419921875,-400000.0625,-18834.119140625,-400000.0625,-5784.990234375,-400000.0625
209.8881802558899,-400000.0625,-12569.8603515625,-5830.9599609375,-400000.0625,-18833.259765625,-400000.0625,-5793.18994140625,-400000.0625
209.90999555587769,-400000.0625,-12575.580078125,-5842.64013671875,-400000.0625,-18836.310546875,-400000.0625,-5801.2998046875,-400000.0625
209.92274713516235,-400000.0625,-12567.8095703125,-5838.77978515625,-400000.0625,-18832.689453125,-400000.0625,-5786.3701171875,-400000.0625
209.94486689567566,-400000.0625,-12548.400390625,-5825.27978515625,-400000.0625,-18821.33984375,-400000.0625,-5767.97021484375,-400000.0625
209.99152851104736,-400000.0625,-12543.9697265625,-5824.27978515625,-400000.0625,-18815.7109375,-400000.0625,-5765.8701171875,-400000.0625
210.00508975982666,-400000.0625,-12565.08984375,-5838.8701171875,-400000.0625,-18835.740234375,-400000.0625,-5782.64990234375,-400000.0625
210.01623797416687,-400000.0625,-12579.16015625,-5851.56005859375,-400000.0625,-18842.890625,-400000.0625,-5799.009765625,-400000.0625
210.03133177757263,-400000.0625,-12570.099609375,-5847.169921875,-400000.0625,-18835.640625,-400000.0625,-5792.669921875,-400000.0625
210.05139112472534,-400000.0625,-12546.58984375,-5827.18994140625,-400000.0625,-18825.529296875,-400000.0625,-5768.2001953125,-400000.0625
210.11124181747437,-400000.0625,-12552.5498046875,-5832.0498046875,-400000.0625,-18832.5390625,-400000.0625,-5768.58984375,-400000.0625
210.12598943710327,-400000.0625,-12574.3896484375,-5852.60009765625,-400000.0625,-18846.900390625,-400000.0625,-5790.89990234375,-400000.0625
210.1447298526764,-400000.0625,-12580.73046875,-5856.7099609375,-400000.0625,-18852.08984375,-400000.0625,-5798.81982421875,-400000.0625
210.15912175178528,-400000.0625,-12564.0400390625,-5841.490234375,-400000.0625,-18837.259765625,-400000.0625,-5784.22998046875,-400000.0625
210.20387291908264,-400000.0625,-12540.8701171875,-5819.93994140625,-400000.0625,-18825.009765625,-400000.0625,-5756.7099609375,-400000.0625
210.2202889919281,-400000.0625,-12537.2900390625,-5817.83984375,-400000.0625,-18823.05078125,-400000.0625,-5750.509765625,-400000.0625
210.23918557167053,-400000.0625,-12557.7900390625,-5836.490234375,-400000.0625,-18837.169921875,-400000.0625,-5771.39990234375,-400000.0625
210.25159549713135,-400000.0625,-12580.6298828125,-5856.47021484375,-400000.0625,-18857.33984375,-400000.0625,-5797.2001953125,-400000.0625
210.27143716812134,-400000.0625,-12568.5703125,-5846.169921875,-400000.0625,-18851.5703125,-400000.0625,-5785.990234375,-400000.0625
210.3174123764038,-400000.0625,-12538.240234375,-5820.93994140625,-400000.0625,-18829.30078125,-400000.0625,-5757.85986328125,-400000.0625
210.33697509765625,-400000.0625,-12538.6298828125,-5822.75,-400000.0625,-18827.630859375,-400000.0625,-5756.3798828125,-400000.0625
210.34908986091614,-400000.0625,-12560.080078125,-5838.35009765625,-400000.0625,-18833.01953125,-400000.0625,-5774.77978515625,-400000.0625
210.36557626724243,-400000.0625,-12571.8095703125,-5843.740234375,-400000.0625,-18847.80078125,-400000.0625,-5788.419921875,-400000.0625
210.380188703537,-400000.0625,-12556.4599609375,-5832.85986328125,-400000.0625,-18845.26953125,-400000.0625,-5773.35009765625,-400000.0625
210.42617082595825,-400000.0625,-12545.0595703125,-5824.89990234375,-400000.0625,-18840.740234375,-400000.0625,-5757.3798828125,-400000.0625
210.44495606422424,-400000.0625,-12546.349609375,-5828.85986328125,-400000.0625,-18837.55078125,-400000.0625,-5762.77001953125,-400000.0625
210.4641933441162,-400000.0625,-12557.3203125,-5837.16015625,-400000.0625,-18841.83984375,-400000.0625,-5780.64990234375,-400000.0625
210.47945857048035,-400000.0625,-12572.5302734375,-5847.8798828125,-400000.0625,-18847.939453125,-400000.0625,-5792.56982421875,-400000.0625
210.49476528167725,-400000.0625,-12577.2001953125,-5851.22021484375,-400000.0625,-18854.099609375,-400000.0625,-5795.52978515625,-400000.0625
210.53347444534302,-400000.0625,-12558.1796875,-5835.8701171875,-400000.0625,-18843.509765625,-400000.0625,-5775.5,-400000.0625
210.55112504959106,-400000.0625,-12545.2998046875,-5826.66015625,-400000.0625,-18829.009765625,-400000.0625,-5764.33984375,-400000.0625
210.56569719314575,-400000.0625,-12561.3701171875,-5838.72998046875,-400000.0625,-18839.41015625,-400000.0625,-5779.080078125,-400000.0625
210.5859661102295,-400000.0625,-12569.240234375,-5847.169921875,-400000.0625,-18847.279296875,-400000.0625,-5798.8701171875,-400000.0625
210.60976266860962,-400000.0625,-12559.75,-5838.68017578125,-400000.0625,-18835.640625,-400000.0625,-5789.9501953125,-400000.0625
210.671644449234,-400000.0625,-12548.259765625,-5823.22998046875,-400000.0625,-18826.33984375,-400000.0625,-5766.6298828125,-400000.0625
210.68754601478577,-400000.0625,-12545.830078125,-5820.85009765625,-400000.0625,-18826.6796875,-400000.0625,-5782.22021484375,-400000.0625
210.7089991569519,-400000.0625,-12572.2900390625,-5842.259765625,-400000.0625,-18840.83984375,-400000.0625,-5812.1201171875,-400000.0625
210.72997212409973,-400000.0625,-12586.830078125,-5850.97998046875,-400000.0625,-18849.900390625,-400000.0625,-5835.81982421875,-400000.0625
210.79331517219543,-400000.0625,-12606.099609375,-5842.2998046875,-400000.0625,-18846.939453125,-400000.0625,-5811.1201171875,-400000.0625
210.8148057460785,-400000.0625,-12629.83984375,-5825.419921875,-400000.0625,-18824.76953125,-400000.0625,-5805.830078125,-400000.0625
210.8384075164795,-400000.0625,-12599.7998046875,-5853.509765625,-400000.0625,-18827.109375,-400000.0625,-5911.39990234375,-400000.0625
210.88472890853882,-400000.0625,-12594.4599609375,-5875.2998046875,-400000.0625,-18826.060546875,-400000.0625,-5791.0,-400000.0625
210.91092324256897,-400000.0625,-12608.33984375,-5893.89990234375,-400000.0625,-18834.44921875,-400000.0625,-5858.52001953125,-400000.0625
210.93047881126404,-400000.0625,-12615.490234375,-5884.93017578125,-400000.0625,-18799.880859375,-400000.0625,-5856.47021484375,-400000.0625
210.9451470375061,-400000.0625,-12604.330078125,-5904.8701171875,-400000.0625,-18828.060546875,-400000.0625,-5889.85009765625,-400000.0625
210.99196648597717,-400000.0625,-12681.2001953125,-5833.6298828125,-400000.0625,-18765.01953125,-400000.0625,-5760.14990234375,-400000.0625
211.01308870315552,-400000.0625,-12703.51953125,-5735.72998046875,-400000.0625,-18764.119140625,-400000.0625,-5790.7099609375,-400000.0625
211.0301604270935,-400000.0625,-12796.58984375,-5838.2998046875,-400000.0625,-18744.330078125,-400000.0625,-5831.52978515625,-400000.0625
211.0516278743744,-400000.0625,-12887.3798828125,-5930.27978515625,-400000.0625,-18761.259765625,-400000.0625,-5915.39990234375,-400000.0625
211.11168479919434,-400000.0625,-12877.8896484375,-5892.3701171875,-400000.0625,-18690.73046875,-400000.0625,-5738.58984375,-400000.0625
211.12764716148376,-400000.0625,-12799.7900390625,-5777.06982421875,-400000.0625,-18631.080078125,-400000.0625,-5732.39013671875,-400000.0625
211.15033745765686,-400000.0625,-12890.669921875,-5752.60986328125,-400000.0625,-18642.669921875,-400000.0625,-5686.240234375,-400000.0625
211.17145824432373,-400000.0625,-12802.8896484375,-5715.22998046875,-400000.0625,-18665.75,-400000.0625,-5619.81005859375,-400000.0625
211.22242164611816,-400000.0625,-12660.599609375,-5622.669921875,-400000.0625,-18627.599609375,-400000.0625,-5618.759765625,-400000.0625
211.24360013008118,-400000.0625,-12340.5498046875,-5589.33984375,-400000.0625,-18566.279296875,-400000.0625,-5448.77001953125,-400000.0625
211.259117603302,-400000.0625,-12063.1201171875,-5583.85986328125,-400000.0625,-18553.830078125,-400000.0625,-5384.72998046875,-400000.0625
211.2746114730835,-400000.0625,-11748.740234375,-5403.66015625,-400000.0625,-18552.109375,-400000.0625,-5313.72998046875,-400000.0625
211.32857513427734,-400000.0625,-11340.91015625,-5346.68017578125,-400000.0625,-18494.939453125,-400000.0625,-5236.81982421875,-400000.0625
211.3463258743286,-400000.0625,-10952.51953125,-5321.5498046875,-400000.0625,-18444.01953125,-400000.0625,-5181.83984375,-400000.0625
211.37085819244385,-400000.0625,-10827.259765625,-5283.93017578125,-400000.0625,-18385.7890625,-400000.0625,-5044.02978515625,-400000.0625
211.38943648338318,-400000.0625,-10501.48046875,-5134.06005859375,-400000.0625,-18251.80078125,-400000.0625,-4876.18994140625,-400000.0625
211.44210743904114,-400000.0625,-10261.16015625,-5105.72998046875,-400000.0625,-18188.9609375,-400000.0625,-4847.33984375,-400000.0625
211.46551728248596,-400000.0625,-10095.7900390625,-5023.43017578125,-400000.0625,-18169.740234375,-400000.0625,-4736.52001953125,-400000.0625
211.49251627922058,-400000.0625,-9959.0302734375,-4876.08984375,-400000.0625,-18113.94921875,-400000.0625,-4662.85009765625,-400000.0625
211.5626039505005,-400000.0625,-9883.740234375,-4838.47021484375,-400000.0625,-18054.8203125,-400000.0625,-4578.64013671875,-400000.0625
211.584645986557,-400000.0625,-9748.169921875,-4690.740234375,-400000.0625,-17984.73046875,-400000.0625,-4378.89013671875,-400000.0625
211.60124468803406,-400000.0625,-9628.6298828125,-4620.740234375,-400000.0625,-17937.759765625,-400000.0625,-4324.72021484375,-400000.0625
211.66318345069885,-400000.0625,-9525.2998046875,-4582.1201171875,-400000.0625,-17911.9609375,-400000.0625,-4228.8798828125,-400000.0625
211.6843979358673,-400000.0625,-9489.73046875,-4565.10009765625,-400000.0625,-17866.470703125,-400000.0625,-4164.89013671875,-400000.0625
211.70260286331177,-400000.0625,-9490.2998046875,-4479.02978515625,-400000.0625,-17809.970703125,-400000.0625,-4094.840087890625,-400000.0625
211.77508687973022,-400000.0625,-9635.01953125,-4370.5498046875,-400000.0625,-17773.919921875,-400000.0625,-4018.449951171875,-400000.0625
211.79083108901978,-400000.0625,-9791.419921875,-4394.580078125,-400000.0625,-17757.609375,-400000.0625,-4021.550048828125,-400000.0625
211.81168460845947,-400000.0625,-9898.3798828125,-4415.56005859375,-400000.0625,-17755.890625,-400000.0625,-4037.090087890625,-400000.0625
211.858234167099,-400000.0625,-9967.1904296875,-4385.14013671875,-400000.0625,-17754.26953125,-400000.0625,-3990.030029296875,-400000.0625
211.87858891487122,-400000.0625,-10032.990234375,-4371.02001953125,-400000.0625,-17719.080078125,-400000.0625,-4000.89990234375,-400000.0625
211.89363861083984,-400000.0625,-10101.9404296875,-4400.77978515625,-400000.0625,-17717.650390625,-400000.0625,-4035.18994140625,-400000.0625
211.91438341140747,-400000.0625,-10154.919921875,-4382.22998046875,-400000.0625,-17719.75,-400000.0625,-4038.3798828125,-400000.0625
211.97233486175537,-400000.0625,-10294.099609375,-4394.91015625,-400000.0625,-17721.609375,-400000.0625,-4094.360107421875,-400000.0625
211.99367880821228,-400000.0625,-10460.7099609375,-4412.83984375,-400000.0625,-17726.380859375,-400000.0625,-4117.81982421875,-400000.0625
212.01450085639954,-400000.0625,-10612.6298828125,-4416.56005859375,-400000.0625,-17741.6796875,-400000.0625,-4131.75,-400000.0625
212.06810426712036,-400000.0625,-10804.0302734375,-4406.740234375,-400000.0625,-17735.9609375,-400000.0625,-4129.60009765625,-400000.0625
212.08353304862976,-400000.0625,-10988.759765625,-4420.330078125,-400000.0625,-17740.5390625,-400000.0625,-4151.25,-400000.0625
212.10463047027588,-400000.0625,-11137.6796875,-4454.419921875,-400000.0625,-17778.109375,-400000.0625,-4193.97021484375,-400000.0625
212.1272931098938,-400000.0625,-11217.0703125,-4468.81982421875,-400000.0625,-17796.609375,-400000.0625,-4211.6201171875,-400000.0625
212.17440700531006,-400000.0625,-11256.4599609375,-4467.8701171875,-400000.0625,-17806.390625,-400000.0625,-4217.9599609375,-400000.0625
212.19160795211792,-400000.0625,-11287.7900390625,-4482.31982421875,-400000.0625,-17837.720703125,-400000.0625,-4240.18017578125,-400000.0625
212.2130582332611,-400000.0625,-11271.759765625,-4507.72998046875,-400000.0625,-17873.05078125,-400000.0625,-4280.0400390625,-400000.0625
212.23821806907654,-400000.0625,-11271.669921875,-4541.68017578125,-400000.0625,-17917.58984375,-400000.0625,-4314.08984375,-400000.0625
212.28516817092896,-400000.0625,-11262.990234375,-4560.3798828125,-400000.0625,-17951.8203125,-400000.0625,-4332.97021484375,-400000.0625
212.30730295181274,-400000.0625,-11239.150390625,-4559.759765625,-400000.0625,-17967.609375,-400000.0625,-4339.740234375,-400000.0625
212.32154369354248,-400000.0625,-11222.080078125,-4572.919921875,-400000.0625,-18010.5703125,-400000.0625,-4361.14990234375,-400000.0625
212.34266066551208,-400000.0625,-11234.900390625,-4605.47998046875,-400000.0625,-18067.83984375,-400000.0625,-4411.27001953125,-400000.0625
212.39360332489014,-400000.0625,-11252.5498046875,-4630.89990234375,-400000.0625,-18111.369140625,-400000.0625,-4446.60009765625,-400000.0625
212.41648244857788,-400000.0625,-11236.669921875,-4632.27978515625,-400000.0625,-18137.98046875,-400000.0625,-4449.89013671875,-400000.0625
212.44359302520752,-400000.0625,-11209.1103515625,-4631.759765625,-400000.0625,-18156.33984375,-400000.0625,-4446.83984375,-400000.0625
212.50515985488892,-400000.0625,-11188.7001953125,-4648.06982421875,-400000.0625,-18189.150390625,-400000.0625,-4460.6201171875,-400000.0625
212.52831768989563,-400000.0625,-11167.0498046875,-4672.14990234375,-400000.0625,-18226.720703125,-400000.0625,-4485.7998046875,-400000.0625
212.55113410949707,-400000.0625,-11156.66015625,-4693.3701171875,-400000.0625,-18261.390625,-400000.0625,-4504.8701171875,-400000.0625
212.6114375591278,-400000.0625,-11123.9404296875,-4693.22021484375,-400000.0625,-18279.169921875,-400000.0625,-4501.43994140625,-400000.0625
212.6402382850647,-400000.0625,-11084.7001953125,-4680.35009765625,-400000.0625,-18276.5,-400000.0625,-4485.18017578125,-400000.0625
212.6646671295166,-400000.0625,-11065.6796875,-4690.740234375,-400000.0625,-18304.2109375,-400000.0625,-4494.9501953125,-400000.0625
212.74015307426453,-400000.0625,-11070.400390625,-4719.8798828125,-400000.0625,-18350.080078125,-400000.0625,-4520.1298828125,-400000.0625
212.7679295539856,-400000.0625,-11062.9599609375,-4738.759765625,-400000.0625,-18381.740234375,-400000.0625,-4536.10009765625,-400000.0625
212.83249258995056,-400000.0625,-11034.0595703125,-4742.9599609375,-400000.0625,-18391.560546875,-400000.0625,-4531.91015625,-400000.0625
212.85215282440186,-400000.0625,-10995.2001953125,-4732.990234375,-400000.0625,-18390.130859375,-400000.0625,-4515.22021484375,-400000.0625
212.86803555488586,-400000.0625,-10979.6103515625,-4737.08984375,-400000.0625,-18405.630859375,-400000.0625,-4512.41015625,-400000.0625
212.92499780654907,-400000.0625,-10985.1904296875,-4754.97021484375,-400000.0625,-18427.560546875,-400000.0625,-4528.6201171875,-400000.0625
212.94078254699707,-400000.0625,-10988.8603515625,-4773.330078125,-400000.0625,-18448.5,-400000.0625,-4537.14990234375,-400000.0625
212.95823216438293,-400000.0625,-10967.9697265625,-4767.509765625,-400000.0625,-18447.5390625,-400000.0625,-4523.89990234375,-400000.0625
212.97626519203186,-400000.0625,-10944.1298828125,-4759.5,-400000.0625,-18444.869140625,-400000.0625,-4507.919921875,-400000.0625
213.0213541984558,-400000.0625,-10938.650390625,-4769.14013671875,-400000.0625,-18451.41015625,-400000.0625,-4506.06005859375,-400000.0625
213.04287481307983,-400000.0625,-10962.009765625,-4794.64990234375,-400000.0625,-18476.5390625,-400000.0625,-4539.68017578125,-400000.0625
213.05957674980164,-400000.0625,-10985.08984375,-4819.580078125,-400000.0625,-18503.240234375,-400000.0625,-4569.47998046875,-400000.0625
213.07764101028442,-400000.0625,-10989.4296875,-4821.43994140625,-400000.0625,-18504.529296875,-400000.0625,-4551.7900390625,-400000.0625
213.13258028030396,-400000.0625,-10991.0,-4807.9501953125,-400000.0625,-18499.759765625,-400000.0625,-4558.7998046875,-400000.0625
213.1473023891449,-400000.0625,-10962.8203125,-4829.97998046875,-400000.0625,-18499.419921875,-400000.0625,-4571.06005859375,-400000.0625
213.17090797424316,-400000.0625,-10978.2197265625,-4825.02001953125,-400000.0625,-18515.640625,-400000.0625,-4560.27978515625,-400000.0625
213.1830713748932,-400000.0625,-11035.25,-4839.75,-400000.0625,-18527.41015625,-400000.0625,-4625.419921875,-400000.0625
213.242445230484,-400000.0625,-11073.6396484375,-4859.97021484375,-400000.0625,-18503.2890625,-400000.0625,-4618.5,-400000.0625
213.25836420059204,-400000.0625,-11017.419921875,-4932.2099609375,-400000.0625,-18510.19921875,-400000.0625,-4557.56005859375,-400000.0625
213.28660798072815,-400000.0625,-11005.3603515625,-4904.4599609375,-400000.0625,-18518.55078125,-400000.0625,-4633.240234375,-400000.0625
213.34000086784363,-400000.0625,-11117.3603515625,-4791.35986328125,-400000.0625,-18511.5390625,-400000.0625,-4598.27978515625,-400000.0625
213.36148834228516,-400000.0625,-11130.5302734375,-4872.75,-400000.0625,-18510.150390625,-400000.0625,-4613.58984375,-400000.0625
213.37544441223145,-400000.0625,-11087.4697265625,-4921.77001953125,-400000.0625,-18500.189453125,-400000.0625,-4648.5400390625,-400000.0625
213.39261031150818,-400000.0625,-11105.8203125,-4968.4501953125,-400000.0625,-18495.990234375,-400000.0625,-4621.22021484375,-400000.0625
213.44302582740784,-400000.0625,-11142.5400390625,-4887.52978515625,-400000.0625,-18438.76953125,-400000.0625,-4582.02001953125,-400000.0625
213.46543741226196,-400000.0625,-11111.2099609375,-4938.60009765625,-400000.0625,-18416.7890625,-400000.0625,-4660.7998046875,-400000.0625
213.48048996925354,-400000.0625,-11150.169921875,-4869.02978515625,-400000.0625,-18428.1796875,-400000.0625,-4576.2998046875,-400000.0625
213.4959785938263,-400000.0625,-11077.1201171875,-4839.27978515625,-400000.0625,-18406.009765625,-400000.0625,-4556.56005859375,-400000.0625
213.56497406959534,-400000.0625,-10969.58984375,-4836.080078125,-400000.0625,-18354.3203125,-400000.0625,-4487.60986328125,-400000.0625
213.5855050086975,-400000.0625,-10864.1201171875,-4778.47998046875,-400000.0625,-18270.58984375,-400000.0625,-4357.33984375,-400000.0625
213.60197114944458,-400000.0625,-10772.849609375,-4683.35009765625,-400000.0625,-18294.2890625,-400000.0625,-4377.1298828125,-400000.0625
213.65624237060547,-400000.0625,-10603.0,-4633.18994140625,-400000.0625,-18268.30078125,-400000.0625,-4368.64013671875,-400000.0625
213.67779564857483,-400000.0625,-10404.6796875,-4529.47998046875,-400000.0625,-18198.400390625,-400000.0625,-4217.2001953125,-400000.0625
213.69372653961182,-400000.0625,-10313.7001953125,-4485.7998046875,-400000.0625,-18126.779296875,-400000.0625,-4188.6298828125,-400000.0625
213.71111536026,-400000.0625,-10304.98046875,-4481.31982421875,-400000.0625,-18089.580078125,-400000.0625,-4070.280029296875,-400000.0625
213.75712943077087,-400000.0625,-10276.1298828125,-4493.0498046875,-400000.0625,-18067.650390625,-400000.0625,-4001.3798828125,-400000.0625
213.77052974700928,-400000.0625,-10302.400390625,-4326.2998046875,-400000.0625,-18034.029296875,-400000.0625,-3992.75,-400000.0625
213.78637051582336,-400000.0625,-10034.509765625,-4306.27001953125,-400000.0625,-17996.119140625,-400000.0625,-3918.219970703125,-400000.0625
213.79937887191772,-400000.0625,-9990.6904296875,-4302.31005859375,-400000.0625,-17895.3203125,-400000.0625,-3850.169921875,-400000.0625
213.81618762016296,-400000.0625,-9929.7099609375,-4154.6298828125,-400000.0625,-17891.5,-400000.0625,-3677.93994140625,-400000.0625
213.85515117645264,-400000.0625,-9762.48046875,-4009.8701171875,-400000.0625,-17873.0,-400000.0625,-3650.949951171875,-400000.0625
213.87412285804749,-400000.0625,-9655.4296875,-3989.550048828125,-400000.0625,-17819.55078125,-400000.0625,-3637.030029296875,-400000.0625
213.88552069664001,-400000.0625,-9619.8095703125,-3935.14990234375,-400000.0625,-17772.76953125,-400000.0625,-3507.469970703125,-400000.0625
213.8976013660431,-400000.0625,-9708.5498046875,-3857.090087890625,-400000.0625,-17725.5703125,-400000.0625,-3395.64990234375,-400000.0625
213.90848803520203,-400000.0625,-9840.1103515625,-3758.429931640625,-400000.0625,-17698.390625,-400000.0625,-3343.300048828125,-400000.0625
213.9250454902649,-400000.0625,-9978.580078125,-3747.85009765625,-400000.0625,-17697.0,-400000.0625,-3354.60009765625,-400000.0625
213.9774363040924,-400000.0625,-10083.9599609375,-3792.239990234375,-400000.0625,-17685.220703125,-400000.0625,-3399.610107421875,-400000.0625
213.99630403518677,-400000.0625,-10304.9296875,-3705.030029296875,-400000.0625,-17615.130859375,-400000.0625,-3282.739990234375,-400000.0625
214.01101446151733,-400000.0625,-10205.509765625,-3721.429931640625,-400000.0625,-17599.970703125,-400000.0625,-3215.60009765625,-400000.0625
214.0269706249237,-400000.0625,-10298.58984375,-3665.919921875,-400000.0625,-17577.83984375,-400000.0625,-3240.919921875,-400000.0625
214.06606245040894,-400000.0625,-10405.4501953125,-3660.77001953125,-400000.0625,-17571.0703125,-400000.0625,-3286.739990234375,-400000.0625
214.08458471298218,-400000.0625,-10398.9599609375,-3609.93994140625,-400000.0625,-17551.0,-400000.0625,-3261.89990234375,-400000.0625
214.09920811653137,-400000.0625,-10418.5595703125,-3605.93994140625,-400000.0625,-17526.33984375,-400000.0625,-3232.47998046875,-400000.0625
214.11376309394836,-400000.0625,-10456.3701171875,-3594.2099609375,-400000.0625,-17494.5390625,-400000.0625,-3214.4599609375,-400000.0625
214.12428545951843,-400000.0625,-10477.1103515625,-3578.0,-400000.0625,-17470.4609375,-400000.0625,-3199.389892578125,-400000.0625
214.1443977355957,-400000.0625,-10541.4404296875,-3607.22998046875,-400000.0625,-17485.91015625,-400000.0625,-3229.669921875,-400000.0625
214.19366264343262,-400000.0625,-10602.8095703125,-3657.43994140625,-400000.0625,-17496.16015625,-400000.0625,-3275.25,-400000.0625
214.2131085395813,-400000.0625,-10612.2001953125,-3678.27001953125,-400000.0625,-17496.400390625,-400000.0625,-3290.510009765625,-400000.0625
214.22822380065918,-400000.0625,-10617.58984375,-3700.449951171875,-400000.0625,-17494.970703125,-400000.0625,-3310.199951171875,-400000.0625
214.2467577457428,-400000.0625,-10651.8798828125,-3758.050048828125,-400000.0625,-17520.669921875,-400000.0625,-3356.7900390625,-400000.0625
214.28910112380981,-400000.0625,-10697.75,-3809.550048828125,-400000.0625,-17550.419921875,-400000.0625,-3406.239990234375,-400000.0625
214.30914998054504,-400000.0625,-10729.5,-3856.330078125,-400000.0625,-17577.69921875,-400000.0625,-3445.239990234375,-400000.0625
214.32485365867615,-400000.0625,-10743.6201171875,-3887.27001953125,-400000.0625,-17594.48046875,-400000.0625,-3467.699951171875,-400000.0625
214.3810269832611,-400000.0625,-10727.740234375,-3897.239990234375,-400000.0625,-17605.16015625,-400000.0625,-3478.860107421875,-400000.0625
214.46089339256287,-400000.0625,-10740.08984375,-3936.389892578125,-400000.0625,-17633.73046875,-400000.0625,-3514.860107421875,-400000.0625
214.49114871025085,-400000.0625,-10753.1103515625,-3989.169921875,-400000.0625,-17696.810546875,-400000.0625,-3577.949951171875,-400000.0625
214.55358958244324,-400000.0625,-10690.9296875,-4026.989990234375,-400000.0625,-17744.01953125,-400000.0625,-3626.159912109375,-400000.0625
214.60236501693726,-400000.0625,-10630.5595703125,-4042.199951171875,-400000.0625,-17768.48046875,-400000.0625,-3652.139892578125,-400000.0625
214.65211963653564,-400000.0625,-10561.3203125,-4042.719970703125,-400000.0625,-17787.599609375,-400000.0625,-3656.77001953125,-400000.0625
214.67197394371033,-400000.0625,-10521.169921875,-4070.760009765625,-400000.0625,-17826.990234375,-400000.0625,-3691.669921875,-400000.0625
214.68727707862854,-400000.0625,-10500.7197265625,-4112.91015625,-400000.0625,-17878.76953125,-400000.0625,-3745.409912109375,-400000.0625
214.7260262966156,-400000.0625,-10502.009765625,-4146.81005859375,-400000.0625,-17920.2109375,-400000.0625,-3789.7099609375,-400000.0625
214.78229212760925,-400000.0625,-10469.33984375,-4155.97021484375,-400000.0625,-17943.91015625,-400000.0625,-3811.5,-400000.0625
214.7961356639862,-400000.0625,-10425.759765625,-4158.830078125,-400000.0625,-17958.119140625,-400000.0625,-3811.550048828125,-400000.0625
214.81736159324646,-400000.0625,-10395.48046875,-4176.330078125,-400000.0625,-17976.140625,-400000.0625,-3828.10009765625,-400000.0625
214.84732604026794,-400000.0625,-10390.66015625,-4211.240234375,-400000.0625,-18007.330078125,-400000.0625,-3870.5400390625,-400000.0625
214.90968298912048,-400000.0625,-10388.2802734375,-4241.419921875,-400000.0625,-18048.9609375,-400000.0625,-3904.820068359375,-400000.0625
214.9310426712036,-400000.0625,-10357.91015625,-4247.7099609375,-400000.0625,-18063.880859375,-400000.0625,-3908.679931640625,-400000.0625
214.9493329524994,-400000.0625,-10304.3095703125,-4232.41015625,-400000.0625,-18049.580078125,-400000.0625,-3892.52001953125,-400000.0625
214.99439430236816,-400000.0625,-10284.7099609375,-4243.419921875,-400000.0625,-18066.83984375,-400000.0625,-3897.0,-400000.0625
215.04347705841064,-400000.0625,-10306.83984375,-4286.14990234375,-400000.0625,-18109.1796875,-400000.0625,-3937.580078125,-400000.0625
215.0687129497528,-400000.0625,-10313.26953125,-4310.18017578125,-400000.0625,-18131.9296875,-400000.0625,-3964.0400390625,-400000.0625
215.12250685691833,-400000.0625,-10296.4404296875,-4307.990234375,-400000.0625,-18138.4609375,-400000.0625,-3959.510009765625,-400000.0625
215.13913321495056,-400000.0625,-10261.0595703125,-4288.91015625,-400000.0625,-18123.8203125,-400000.0625,-3936.860107421875,-400000.0625
215.16152238845825,-400000.0625,-10253.759765625,-4296.2998046875,-400000.0625,-18136.740234375,-400000.0625,-3938.199951171875,-400000.0625
215.2096357345581,-400000.0625,-10286.8095703125,-4334.35009765625,-400000.0625,-18176.609375,-400000.0625,-3976.06005859375,-400000.0625
215.29437279701233,-400000.0625,-10302.3095703125,-4356.52978515625,-400000.0625,-18197.439453125,-400000.0625,-3995.419921875,-400000.0625
215.3221173286438,-400000.0625,-10292.76953125,-4358.85986328125,-400000.0625,-18199.259765625,-400000.0625,-3994.510009765625,-400000.0625
215.38973188400269,-400000.0625,-10289.099609375,-4357.81982421875,-400000.0625,-18206.220703125,-400000.0625,-3993.030029296875,-400000.0625
215.41341066360474,-400000.0625,-10289.76953125,-4364.06005859375,-400000.0625,-18206.740234375,-400000.0625,-3996.280029296875,-400000.0625
215.42938661575317,-400000.0625,-10303.6396484375,-4380.419921875,-400000.0625,-18227.439453125,-400000.0625,-4014.300048828125,-400000.0625
215.46684861183167,-400000.0625,-10317.3701171875,-4394.8701171875,-400000.0625,-18237.55078125,-400000.0625,-4027.179931640625,-400000.0625
215.48201775550842,-400000.0625,-10300.5400390625,-4384.85009765625,-400000.0625,-18224.619140625,-400000.0625,-4010.530029296875,-400000.0625
215.49142360687256,-400000.0625,-10291.8203125,-4381.93994140625,-400000.0625,-18227.05078125,-400000.0625,-4001.860107421875,-400000.0625
215.50451731681824,-400000.0625,-10306.7900390625,-4396.25,-400000.0625,-18228.2890625,-400000.0625,-4012.919921875,-400000.0625
215.51769924163818,-400000.0625,-10339.0703125,-4419.990234375,-400000.0625,-18247.080078125,-400000.0625,-4037.239990234375,-400000.0625
215.5269317626953,-400000.0625,-10370.0703125,-4444.64990234375,-400000.0625,-18283.4609375,-400000.0625,-4061.889892578125,-400000.0625
215.54041624069214,-400000.0625,-10367.16015625,-4442.93017578125,-400000.0625,-18275.0703125,-400000.0625,-4053.39990234375,-400000.0625
215.5803680419922,-400000.0625,-10356.48046875,-4434.77978515625,-400000.0625,-18260.2890625,-400000.0625,-4036.090087890625,-400000.0625
215.5910096168518,-400000.0625,-10369.9697265625,-4447.89013671875,-400000.0625,-18276.599609375,-400000.0625,-4045.06005859375,-400000.0625
215.60944724082947,-400000.0625,-10395.9599609375,-4469.77978515625,-400000.0625,-18293.669921875,-400000.0625,-4070.85009765625,-400000.0625
215.62666606903076,-400000.0625,-10415.599609375,-4482.169921875,-400000.0625,-18301.970703125,-400000.0625,-4083.43994140625,-400000.0625
215.64207315444946,-400000.0625,-10410.5,-4477.35986328125,-400000.0625,-18295.05078125,-400000.0625,-4072.6201171875,-400000.0625
215.68598628044128,-400000.0625,-10406.349609375,-4475.39990234375,-400000.0625,-18286.279296875,-400000.0625,-4060.320068359375,-400000.0625
215.69837927818298,-400000.0625,-10417.75,-4484.83984375,-400000.0625,-18290.900390625,-400000.0625,-4062.219970703125,-400000.0625
215.71238446235657,-400000.0625,-10437.73046875,-4495.91015625,-400000.0625,-18305.919921875,-400000.0625,-4073.719970703125,-400000.0625
215.725506067276,-400000.0625,-10468.7197265625,-4516.22021484375,-400000.0625,-18318.849609375,-400000.0625,-4095.60009765625,-400000.0625
215.74035000801086,-400000.0625,-10477.1103515625,-4524.66015625,-400000.0625,-18330.580078125,-400000.0625,-4098.27001953125,-400000.0625
215.75304436683655,-400000.0625,-10474.6796875,-4523.08984375,-400000.0625,-18322.5703125,-400000.0625,-4094.4599609375,-400000.0625
215.78763484954834,-400000.0625,-10483.98046875,-4526.9501953125,-400000.0625,-18323.189453125,-400000.0625,-4092.68994140625,-400000.0625
215.79734301567078,-400000.0625,-10506.9599609375,-4544.5400390625,-400000.0625,-18333.8203125,-400000.0625,-4107.52001953125,-400000.0625
215.81006145477295,-400000.0625,-10530.330078125,-4562.759765625,-400000.0625,-18342.9296875,-400000.0625,-4126.22021484375,-400000.0625
215.82257342338562,-400000.0625,-10535.099609375,-4565.330078125,-400000.0625,-18341.880859375,-400000.0625,-4118.68017578125,-400000.0625
215.834086894989,-400000.0625,-10524.5595703125,-4555.7998046875,-400000.0625,-18334.439453125,-400000.0625,-4105.6201171875,-400000.0625
215.84560799598694,-400000.0625,-10531.2802734375,-4559.60986328125,-400000.0625,-18344.640625,-400000.0625,-4108.18994140625,-400000.0625
215.85456085205078,-400000.0625,-10555.7001953125,-4577.2099609375,-400000.0625,-18356.130859375,-400000.0625,-4128.60009765625,-400000.0625
215.89063167572021,-400000.0625,-10564.08984375,-4585.22021484375,-400000.0625,-18355.08984375,-400000.0625,-4137.0400390625,-400000.0625
215.90074729919434,-400000.0625,-10564.1396484375,-4582.1201171875,-400000.0625,-18348.650390625,-400000.0625,-4131.1298828125,-400000.0625
215.91210103034973,-400000.0625,-10570.76953125,-4584.89013671875,-400000.0625,-18349.83984375,-400000.0625,-4128.31005859375,-400000.0625
215.92126274108887,-400000.0625,-10589.9296875,-4603.91015625,-400000.0625,-18366.390625,-400000.0625,-4137.990234375,-400000.0625
215.93040776252747,-400000.0625,-10620.4501953125,-4630.27978515625,-400000.0625,-18384.169921875,-400000.0625,-4160.06982421875,-400000.0625
215.9416422843933,-400000.0625,-10636.7099609375,-4645.68017578125,-400000.0625,-18401.720703125,-400000.0625,-4175.47021484375,-400000.0625
215.95174193382263,-400000.0625,-10636.1396484375,-4645.39990234375,-400000.0625,-18400.720703125,-400000.0625,-4170.75,-400000.0625
215.9694128036499,-400000.0625,-10628.650390625,-4638.10009765625,-400000.0625,-18386.41015625,-400000.0625,-4156.10986328125,-400000.0625
216.00788116455078,-400000.0625,-10636.240234375,-4646.06005859375,-400000.0625,-18389.560546875,-400000.0625,-4156.64013671875,-400000.0625
216.03061866760254,-400000.0625,-10658.3603515625,-4662.7099609375,-400000.0625,-18404.439453125,-400000.0625,-4178.56982421875,-400000.0625
216.05414628982544,-400000.0625,-10678.33984375,-4677.9599609375,-400000.0625,-18410.400390625,-400000.0625,-4196.22021484375,-400000.0625
216.0730254650116,-400000.0625,-10671.66015625,-4672.43017578125,-400000.0625,-18413.01953125,-400000.0625,-4190.8701171875,-400000.0625
216.1192286014557,-400000.0625,-10661.650390625,-4664.7099609375,-400000.0625,-18405.060546875,-400000.0625,-4185.52978515625,-400000.0625
216.13893175125122,-400000.0625,-10667.2802734375,-4665.7998046875,-400000.0625,-18407.16015625,-400000.0625,-4196.60009765625,-400000.0625
216.16078329086304,-400000.0625,-10682.2998046875,-4672.580078125,-400000.0625,-18417.169921875,-400000.0625,-4211.27978515625,-400000.0625
216.18603110313416,-400000.0625,-10699.7001953125,-4680.68017578125,-400000.0625,-18425.08984375,-400000.0625,-4221.9599609375,-400000.0625
216.23244380950928,-400000.0625,-10700.080078125,-4677.10986328125,-400000.0625,-18426.130859375,-400000.0625,-4222.919921875,-400000.0625
216.25189304351807,-400000.0625,-10696.98046875,-4671.72021484375,-400000.0625,-18425.419921875,-400000.0625,-4220.06005859375,-400000.0625
216.26770687103271,-400000.0625,-10705.1904296875,-4675.580078125,-400000.0625,-18431.4296875,-400000.0625,-4232.4501953125,-400000.0625
216.28595113754272,-400000.0625,-10721.259765625,-4685.97021484375,-400000.0625,-18440.580078125,-400000.0625,-4251.0498046875,-400000.0625
216.3141086101532,-400000.0625,-10732.2197265625,-4693.60009765625,-400000.0625,-18447.830078125,-400000.0625,-4262.64013671875,-400000.0625
216.36907720565796,-400000.0625,-10732.990234375,-4695.89013671875,-400000.0625,-18444.109375,-400000.0625,-4257.81982421875,-400000.0625
216.39423775672913,-400000.0625,-10720.0595703125,-4690.22021484375,-400000.0625,-18433.669921875,-400000.0625,-4246.08984375,-400000.0625
216.41474509239197,-400000.0625,-10719.9697265625,-4690.1201171875,-400000.0625,-18432.91015625,-400000.0625,-4246.47021484375,-400000.0625
216.46128344535828,-400000.0625,-10749.009765625,-4714.009765625,-400000.0625,-18447.01953125,-400000.0625,-4265.68994140625,-400000.0625
216.48065900802612,-400000.0625,-10768.5595703125,-4735.0400390625,-400000.0625,-18464.849609375,-400000.0625,-4286.39013671875,-400000.0625
216.49828600883484,-400000.0625,-10772.990234375,-4736.81005859375,-400000.0625,-18461.369140625,-400000.0625,-4283.0498046875,-400000.0625
216.51523971557617,-400000.0625,-10763.169921875,-4728.27001953125,-400000.0625,-18452.220703125,-400000.0625,-4270.740234375,-400000.0625
216.5692355632782,-400000.0625,-10768.41015625,-4734.3701171875,-400000.0625,-18466.5703125,-400000.0625,-4273.02978515625,-400000.0625
216.592303276062,-400000.0625,-10793.01953125,-4754.58984375,-400000.0625,-18477.25,-400000.0625,-4300.58984375,-400000.0625
216.6039524078369,-400000.0625,-10814.91015625,-4772.0400390625,-400000.0625,-18486.220703125,-400000.0625,-4322.0,-400000.0625
216.614013671875,-400000.0625,-10817.2001953125,-4777.2900390625,-400000.0625,-18486.599609375,-400000.0625,-4319.14013671875,-400000.0625
216.6234724521637,-400000.0625,-10809.23046875,-4771.60986328125,-400000.0625,-18472.91015625,-400000.0625,-4308.31982421875,-400000.0625
216.65509271621704,-400000.0625,-10812.759765625,-4777.9599609375,-400000.0625,-18479.439453125,-400000.0625,-4312.08984375,-400000.0625
216.6648395061493,-400000.0625,-10838.6103515625,-4801.93994140625,-400000.0625,-18499.66015625,-400000.0625,-4329.25,-400000.0625
216.67538452148438,-400000.0625,-10846.330078125,-4811.0,-400000.0625,-18504.240234375,-400000.0625,-4335.02001953125,-400000.0625
216.68517684936523,-400000.0625,-10833.3095703125,-4801.7001953125,-400000.0625,-18489.4609375,-400000.0625,-4325.9599609375,-400000.0625
216.69358229637146,-400000.0625,-10840.6103515625,-4806.81005859375,-400000.0625,-18489.26953125,-400000.0625,-4326.6298828125,-400000.0625
216.7041552066803,-400000.0625,-10850.5703125,-4817.2998046875,-400000.0625,-18500.7109375,-400000.0625,-4335.830078125,-400000.0625
216.71575379371643,-400000.0625,-10864.3095703125,-4828.740234375,-400000.0625,-18510.6796875,-400000.0625,-4350.759765625,-400000.0625
216.72693061828613,-400000.0625,-10871.9404296875,-4835.419921875,-400000.0625,-18507.669921875,-400000.0625,-4357.6201171875,-400000.0625
216.76964449882507,-400000.0625,-10865.7802734375,-4830.41015625,-400000.0625,-18501.859375,-400000.0625,-4348.7998046875,-400000.0625
216.77881169319153,-400000.0625,-10868.5498046875,-4836.60986328125,-400000.0625,-18504.099609375,-400000.0625,-4349.3798828125,-400000.0625
216.78739213943481,-400000.0625,-10879.330078125,-4848.0498046875,-400000.0625,-18512.060546875,-400000.0625,-4360.77001953125,-400000.0625
216.79583430290222,-400000.0625,-10893.5400390625,-4861.77978515625,-400000.0625,-18522.0703125,-400000.0625,-4375.97998046875,-400000.0625
216.8070137500763,-400000.0625,-10907.8896484375,-4873.47021484375,-400000.0625,-18528.560546875,-400000.0625,-4388.759765625,-400000.0625
216.8164143562317,-400000.0625,-10905.080078125,-4871.31982421875,-400000.0625,-18525.41015625,-400000.0625,-4384.330078125,-400000.0625
216.82470512390137,-400000.0625,-10899.7802734375,-4866.97998046875,-400000.0625,-18517.689453125,-400000.0625,-4373.259765625,-400000.0625
216.8337368965149,-400000.0625,-10896.2998046875,-4863.31005859375,-400000.0625,-18513.58984375,-400000.0625,-4374.7001953125,-400000.0625
216.8590977191925,-400000.0625,-10918.8095703125,-4886.06005859375,-400000.0625,-18529.130859375,-400000.0625,-4394.91015625,-400000.0625
216.86967635154724,-400000.0625,-10928.5400390625,-4897.68994140625,-400000.0625,-18535.94921875,-400000.0625,-4407.60009765625,-400000.0625
216.87910437583923,-400000.0625,-10927.2001953125,-4896.1201171875,-400000.0625,-18532.369140625,-400000.0625,-4406.8798828125,-400000.0625
216.88800430297852,-400000.0625,-10925.150390625,-4895.4501953125,-400000.0625,-18533.66015625,-400000.0625,-4402.02001953125,-400000.0625
216.8978455066681,-400000.0625,-10933.73046875,-4908.66015625,-400000.0625,-18540.810546875,-400000.0625,-4408.169921875,-400000.0625
216.90955877304077,-400000.0625,-10957.2900390625,-4929.06982421875,-400000.0625,-18550.779296875,-400000.0625,-4430.490234375,-400000.0625
216.91834497451782,-400000.0625,-10965.6796875,-4931.64013671875,-400000.0625,-18556.98046875,-400000.0625,-4437.4501953125,-400000.0625
216.92567324638367,-400000.0625,-10954.099609375,-4921.6298828125,-400000.0625,-18539.619140625,-400000.0625,-4427.0,-400000.0625
216.93455815315247,-400000.0625,-10948.0400390625,-4918.18994140625,-400000.0625,-18533.140625,-400000.0625,-4420.759765625,-400000.0625
216.9580578804016,-400000.0625,-10960.4404296875,-4933.830078125,-400000.0625,-18544.91015625,-400000.0625,-4433.72998046875,-400000.0625
216.969012260437,-400000.0625,-10977.7900390625,-4949.52001953125,-400000.0625,-18559.3203125,-400000.0625,-4449.60986328125,-400000.0625
216.9803442955017,-400000.0625,-10989.9501953125,-4955.72021484375,-400000.0625,-18564.939453125,-400000.0625,-4458.3798828125,-400000.0625
216.98878526687622,-400000.0625,-10981.419921875,-4951.91015625,-400000.0625,-18557.880859375,-400000.0625,-4458.240234375,-400000.0625
216.9966630935669,-400000.0625,-10973.2197265625,-4947.66015625,-400000.0625,-18551.109375,-400000.0625,-4449.60986328125,-400000.0625
217.00698018074036,-400000.0625,-10979.080078125,-4956.52978515625,-400000.0625,-18556.640625,-400000.0625,-4453.22998046875,-400000.0625
217.016770362854,-400000.0625,-10989.240234375,-4966.58984375,-400000.0625,-18560.98046875,-400000.0625,-4466.68017578125,-400000.0625
217.02485728263855,-400000.0625,-11005.400390625,-4980.52001953125,-400000.0625,-18569.759765625,-400000.0625,-4478.5,-400000.0625
217.03460049629211,-400000.0625,-11003.2099609375,-4978.7099609375,-400000.0625,-18562.990234375,-400000.0625,-4471.830078125,-400000.0625
217.0591061115265,-400000.0625,-11000.2998046875,-4978.509765625,-400000.0625,-18557.650390625,-400000.0625,-4473.5,-400000.0625
217.07517743110657,-400000.0625,-11011.3203125,-4990.0498046875,-400000.0625,-18573.859375,-400000.0625,-4487.22998046875,-400000.0625
217.0843276977539,-400000.0625,-11026.91015625,-5003.97998046875,-400000.0625,-18585.01953125,-400000.0625,-4501.43994140625,-400000.0625
217.0927460193634,-400000.0625,-11038.349609375,-5015.56005859375,-400000.0625,-18588.259765625,-400000.0625,-4504.919921875,-400000.0625
217.10898399353027,-400000.0625,-11031.9599609375,-5010.89013671875,-400000.0625,-18580.150390625,-400000.0625,-4501.6298828125,-400000.0625
217.11700296401978,-400000.0625,-11021.9501953125,-5004.7900390625,-400000.0625,-18574.05078125,-400000.0625,-4496.2900390625,-400000.0625
217.13799905776978,-400000.0625,-11025.9501953125,-5010.60986328125,-400000.0625,-18577.859375,-400000.0625,-4499.47998046875,-400000.0625
217.184326171875,-400000.0625,-11040.7802734375,-5021.6201171875,-400000.0625,-18585.30078125,-400000.0625,-4512.31005859375,-400000.0625
217.20850586891174,-400000.0625,-11047.080078125,-5024.72021484375,-400000.0625,-18586.970703125,-400000.0625,-4518.02978515625,-400000.0625
217.2237675189972,-400000.0625,-11039.58984375,-5023.3798828125,-400000.0625,-18583.16015625,-400000.0625,-4516.080078125,-400000.0625
217.2446484565735,-400000.0625,-11033.6298828125,-5021.56982421875,-400000.0625,-18580.30078125,-400000.0625,-4509.740234375,-400000.0625
217.30037450790405,-400000.0625,-11046.0302734375,-5032.58984375,-400000.0625,-18585.779296875,-400000.0625,-4519.509765625,-400000.0625
217.32165050506592,-400000.0625,-11069.9697265625,-5054.08984375,-400000.0625,-18598.4609375,-400000.0625,-4543.259765625,-400000.0625
217.3433358669281,-400000.0625,-11075.0703125,-5059.33984375,-400000.0625,-18607.48046875,-400000.0625,-4550.169921875,-400000.0625
217.35970377922058,-400000.0625,-11070.7802734375,-5057.2900390625,-400000.0625,-18606.05078125,-400000.0625,-4544.68994140625,-400000.0625
217.42423486709595,-400000.0625,-11059.3798828125,-5046.93994140625,-400000.0625,-18594.83984375,-400000.0625,-4534.81982421875,-400000.0625
217.44574856758118,-400000.0625,-11055.759765625,-5046.419921875,-400000.0625,-18594.599609375,-400000.0625,-4536.9599609375,-400000.0625
217.462792634964,-400000.0625,-11073.830078125,-5064.580078125,-400000.0625,-18607.48046875,-400000.0625,-4553.83984375,-400000.0625
217.5169415473938,-400000.0625,-11081.7900390625,-5068.77978515625,-400000.0625,-18601.75,-400000.0625,-4558.990234375,-400000.0625
217.53836846351624,-400000.0625,-11077.5,-5067.06005859375,-400000.0625,-18601.990234375,-400000.0625,-4558.419921875,-400000.0625
217.55613112449646,-400000.0625,-11074.8798828125,-5067.58984375,-400000.0625,-18597.029296875,-400000.0625,-4560.08984375,-400000.0625
217.58406519889832,-400000.0625,-11080.650390625,-5074.83984375,-400000.0625,-18601.470703125,-400000.0625,-4560.18994140625,-400000.0625
217.6368532180786,-400000.0625,-11098.8603515625,-5093.10009765625,-400000.0625,-18616.630859375,-400000.0625,-4581.259765625,-400000.0625
217.6615538597107,-400000.0625,-11109.349609375,-5103.06005859375,-400000.0625,-18626.220703125,-400000.0625,-4590.22998046875,-400000.0625
217.67909359931946,-400000.0625,-11105.8701171875,-5101.8701171875,-400000.0625,-18623.689453125,-400000.0625,-4584.83984375,-400000.0625
217.69849491119385,-400000.0625,-11088.1298828125,-5091.0498046875,-400000.0625,-18608.189453125,-400000.0625,-4574.16015625,-400000.0625
217.7755012512207,-400000.0625,-11084.2197265625,-5090.0,-400000.0625,-18603.140625,-400000.0625,-4573.8701171875,-400000.0625
217.79550409317017,-400000.0625,-11103.1103515625,-5106.58984375,-400000.0625,-18619.630859375,-400000.0625,-4592.60986328125,-400000.0625
217.80951571464539,-400000.0625,-11117.1298828125,-5120.1298828125,-400000.0625,-18633.69921875,-400000.0625,-4607.43994140625,-400000.0625
217.87142038345337,-400000.0625,-11116.509765625,-5119.27978515625,-400000.0625,-18624.58984375,-400000.0625,-4606.14990234375,-400000.0625
217.8925154209137,-400000.0625,-11106.349609375,-5112.02978515625,-400000.0625,-18615.580078125,-400000.0625,-4597.759765625,-400000.0625
217.90449786186218,-400000.0625,-11109.2099609375,-5115.3701171875,-400000.0625,-18616.439453125,-400000.0625,-4603.77001953125,-400000.0625
217.92782163619995,-400000.0625,-11131.8603515625,-5132.8701171875,-400000.0625,-18622.830078125,-400000.0625,-4621.31982421875,-400000.0625
217.97696948051453,-400000.0625,-11133.669921875,-5133.2001953125,-400000.0625,-18621.400390625,-400000.0625,-4627.75,-400000.0625
217.99734377861023,-400000.0625,-11132.0,-5134.14990234375,-400000.0625,-18620.779296875,-400000.0625,-4615.31005859375,-400000.0625
218.0178198814392,-400000.0625,-11134.2001953125,-5146.1201171875,-400000.0625,-18628.83984375,-400000.0625,-4609.2998046875,-400000.0625
218.0338683128357,-400000.0625,-11126.7099609375,-5146.64990234375,-400000.0625,-18620.349609375,-400000.0625,-4601.81005859375,-400000.0625
218.08412885665894,-400000.0625,-11139.25,-5164.47998046875,-400000.0625,-18640.08984375,-400000.0625,-4617.06982421875,-400000.0625
218.10468912124634,-400000.0625,-11148.8798828125,-5173.2998046875,-400000.0625,-18635.080078125,-400000.0625,-4623.60009765625,-400000.0625
218.1241376399994,-400000.0625,-11138.580078125,-5168.490234375,-400000.0625,-18627.7890625,-400000.0625,-4614.830078125,-400000.0625
218.1392524242401,-400000.0625,-11135.580078125,-5172.58984375,-400000.0625,-18625.2109375,-400000.0625,-4613.77978515625,-400000.0625
218.2009036540985,-400000.0625,-11145.349609375,-5181.41015625,-400000.0625,-18632.130859375,-400000.0625,-4623.93994140625,-400000.0625
218.2177517414093,-400000.0625,-11159.849609375,-5194.47021484375,-400000.0625,-18641.279296875,-400000.0625,-4641.81982421875,-400000.0625
218.23042178153992,-400000.0625,-11168.76953125,-5202.72021484375,-400000.0625,-18644.91015625,-400000.0625,-4652.35986328125,-400000.0625
218.2470681667328,-400000.0625,-11162.9501953125,-5198.2900390625,-400000.0625,-18642.4296875,-400000.0625,-4645.6298828125,-400000.0625
218.2928249835968,-400000.0625,-11156.75,-5191.52001953125,-400000.0625,-18641.279296875,-400000.0625,-4637.10009765625,-400000.0625
218.32072019577026,-400000.0625,-11160.66015625,-5195.7099609375,-400000.0625,-18643.4296875,-400000.0625,-4642.33984375,-400000.0625
218.34212970733643,-400000.0625,-11166.91015625,-5201.669921875,-400000.0625,-18648.2890625,-400000.0625,-4651.35986328125,-400000.0625
218.35864353179932,-400000.0625,-11173.6796875,-5211.16015625,-400000.0625,-18643.859375,-400000.0625,-4658.990234375,-400000.0625
218.4254240989685,-400000.0625,-11164.1396484375,-5206.35009765625,-400000.0625,-18632.130859375,-400000.0625,-4651.169921875,-400000.0625
218.4472897052765,-400000.0625,-11152.9404296875,-5194.7099609375,-400000.0625,-18626.310546875,-400000.0625,-4642.6298828125,-400000.0625
218.46681880950928,-400000.0625,-11162.1396484375,-5202.72021484375,-400000.0625,-18635.080078125,-400000.0625,-4652.02001953125,-400000.0625
218.52801084518433,-400000.0625,-11185.41015625,-5226.7998046875,-400000.0625,-18659.9296875,-400000.0625,-4678.919921875,-400000.0625
218.54660844802856,-400000.0625,-11201.9599609375,-5243.35009765625,-400000.0625,-18671.1796875,-400000.0625,-4691.93994140625,-400000.0625
218.5648717880249,-400000.0625,-11189.6103515625,-5231.0,-400000.0625,-18655.16015625,-400000.0625,-4683.68994140625,-400000.0625
218.59393978118896,-400000.0625,-11177.259765625,-5222.509765625,-400000.0625,-18643.4296875,-400000.0625,-4673.33984375,-400000.0625
218.65448832511902,-400000.0625,-11177.259765625,-5222.509765625,-400000.0625,-18641.0,-400000.0625,-4672.85986328125,-400000.0625
218.67413806915283,-400000.0625,-11188.2197265625,-5231.81005859375,-400000.0625,-18650.8203125,-400000.0625,-4684.64013671875,-400000.0625
218.69994449615479,-400000.0625,-11198.08984375,-5240.39013671875,-400000.0625,-18662.650390625,-400000.0625,-4695.419921875,-400000.0625
218.78071570396423,-400000.0625,-11192.1796875,-5239.919921875,-400000.0625,-18656.58984375,-400000.0625,-4687.7900390625,-400000.0625
218.79626536369324,-400000.0625,-11178.58984375,-5230.47998046875,-400000.0625,-18639.849609375,-400000.0625,-4677.25,-400000.0625
218.8158667087555,-400000.0625,-11179.5,-5230.08984375,-400000.0625,-18635.69921875,-400000.0625,-4677.6298828125,-400000.0625
218.86832761764526,-400000.0625,-11204.76953125,-5254.31982421875,-400000.0625,-18656.2109375,-400000.0625,-4697.18017578125,-400000.0625
218.88436889648438,-400000.0625,-11218.01953125,-5265.330078125,-400000.0625,-18665.890625,-400000.0625,-4710.14990234375,-400000.0625
218.8970241546631,-400000.0625,-11211.349609375,-5256.4599609375,-400000.0625,-18660.740234375,-400000.0625,-4704.759765625,-400000.0625
218.9159379005432,-400000.0625,-11200.48046875,-5246.06982421875,-400000.0625,-18652.390625,-400000.0625,-4692.1298828125,-400000.0625
218.96498107910156,-400000.0625,-11208.73046875,-5253.740234375,-400000.0625,-18654.830078125,-400000.0625,-4707.6201171875,-400000.0625
218.97887659072876,-400000.0625,-11224.9404296875,-5271.33984375,-400000.0625,-18672.08984375,-400000.0625,-4724.22021484375,-400000.0625
219.00214266777039,-400000.0625,-11229.4697265625,-5279.10986328125,-400000.0625,-18668.75,-400000.0625,-4723.740234375,-400000.0625
219.0245702266693,-400000.0625,-11214.0703125,-5264.6201171875,-400000.0625,-18655.109375,-400000.0625,-4713.35009765625,-400000.0625
219.07317471504211,-400000.0625,-11210.8701171875,-5262.759765625,-400000.0625,-18654.2109375,-400000.0625,-4709.2001953125,-400000.0625
219.09447503089905,-400000.0625,-11223.0302734375,-5273.52978515625,-400000.0625,-18660.640625,-400000.0625,-4719.35009765625,-400000.0625
219.10982298851013,-400000.0625,-11230.1796875,-5280.64013671875,-400000.0625,-18669.3203125,-400000.0625,-4735.18017578125,-400000.0625
219.12872171401978,-400000.0625,-11231.51953125,-5282.97021484375,-400000.0625,-18672.369140625,-400000.0625,-4735.52001953125,-400000.0625
219.1779100894928,-400000.0625,-11228.51953125,-5280.919921875,-400000.0625,-18667.130859375,-400000.0625,-4734.3701171875,-400000.0625
219.20046663284302,-400000.0625,-11232.2802734375,-5285.60009765625,-400000.0625,-18666.7890625,-400000.0625,-4735.66015625,-400000.0625
219.22051095962524,-400000.0625,-11233.1904296875,-5287.1201171875,-400000.0625,-18668.369140625,-400000.0625,-4738.330078125,-400000.0625
219.23452305793762,-400000.0625,-11234.330078125,-5287.83984375,-400000.0625,-18660.359375,-400000.0625,-4741.0,-400000.0625
219.28977489471436,-400000.0625,-11232.8095703125,-5283.740234375,-400000.0625,-18659.259765625,-400000.0625,-4738.669921875,-400000.0625
219.30381751060486,-400000.0625,-11237.099609375,-5285.93017578125,-400000.0625,-18665.7890625,-400000.0625,-4738.9501953125,-400000.0625
219.3270173072815,-400000.0625,-11233.1396484375,-5285.740234375,-400000.0625,-18662.119140625,-400000.0625,-4743.0498046875,-400000.0625
219.3415331840515,-400000.0625,-11236.9599609375,-5292.93994140625,-400000.0625,-18668.509765625,-400000.0625,-4747.81982421875,-400000.0625
219.39677357673645,-400000.0625,-11251.2099609375,-5304.669921875,-400000.0625,-18684.8203125,-400000.0625,-4765.60986328125,-400000.0625
219.4199182987213,-400000.0625,-11255.5498046875,-5310.72998046875,-400000.0625,-18685.150390625,-400000.0625,-4773.52001953125,-400000.0625
219.43866634368896,-400000.0625,-11254.259765625,-5311.43994140625,-400000.0625,-18681.2890625,-400000.0625,-4767.85009765625,-400000.0625
219.46163892745972,-400000.0625,-11246.8701171875,-5302.81005859375,-400000.0625,-18667.029296875,-400000.0625,-4764.60986328125,-400000.0625
219.5195915699005,-400000.0625,-11248.400390625,-5303.91015625,-400000.0625,-18668.26953125,-400000.0625,-4764.4599609375,-400000.0625
219.54569363594055,-400000.0625,-11257.7001953125,-5315.97021484375,-400000.0625,-18681.580078125,-400000.0625,-4773.9501953125,-400000.0625
219.56659817695618,-400000.0625,-11259.990234375,-5318.97998046875,-400000.0625,-18675.759765625,-400000.0625,-4776.91015625,-400000.0625
219.62775492668152,-400000.0625,-11260.650390625,-5322.64990234375,-400000.0625,-18676.470703125,-400000.0625,-4780.10009765625,-400000.0625
219.6432979106903,-400000.0625,-11250.7802734375,-5313.8701171875,-400000.0625,-18669.939453125,-400000.0625,-4776.669921875,-400000.0625
219.66270446777344,-400000.0625,-11254.650390625,-5318.5,-400000.0625,-18682.2890625,-400000.0625,-4781.2900390625,-400000.0625
219.68250441551208,-400000.0625,-11269.759765625,-5330.1298828125,-400000.0625,-18683.630859375,-400000.0625,-4794.7900390625,-400000.0625
219.73924827575684,-400000.0625,-11268.330078125,-5327.419921875,-400000.0625,-18679.810546875,-400000.0625,-4792.93017578125,-400000.0625
219.76142573356628,-400000.0625,-11262.2802734375,-5322.31005859375,-400000.0625,-18673.66015625,-400000.0625,-4783.009765625,-400000.0625
219.77664399147034,-400000.0625,-11270.7197265625,-5332.330078125,-400000.0625,-18674.470703125,-400000.0625,-4795.27001953125,-400000.0625
219.7960000038147,-400000.0625,-11275.9599609375,-5336.330078125,-400000.0625,-18677.140625,-400000.0625,-4803.22998046875,-400000.0625
219.8552315235138,-400000.0625,-11276.150390625,-5336.52001953125,-400000.0625,-18687.580078125,-400000.0625,-4804.52001953125,-400000.0625
219.8711380958557,-400000.0625,-11276.7197265625,-5338.759765625,-400000.0625,-18691.259765625,-400000.0625,-4805.66015625,-400000.0625
219.89071798324585,-400000.0625,-11274.669921875,-5338.759765625,-400000.0625,-18683.150390625,-400000.0625,-4807.14013671875,-400000.0625
219.90577340126038,-400000.0625,-11270.0,-5338.0498046875,-400000.0625,-18683.009765625,-400000.0625,-4804.89990234375,-400000.0625
219.9598000049591,-400000.0625,-11274.3896484375,-5343.009765625,-400000.0625,-18681.05078125,-400000.0625,-4808.759765625,-400000.0625
219.97185897827148,-400000.0625,-11282.9697265625,-5349.35009765625,-400000.0625,-18686.060546875,-400000.0625,-4816.91015625,-400000.0625
219.9934220314026,-400000.0625,-11285.6904296875,-5350.58984375,-400000.0625,-18687.16015625,-400000.0625,-4820.8701171875,-400000.0625
220.00453543663025,-400000.0625,-11280.9697265625,-5346.490234375,-400000.0625,-18683.76953125,-400000.0625,-4821.6298828125,-400000.0625
220.0234899520874,-400000.0625,-11284.5400390625,-5349.5400390625,-400000.0625,-18686.580078125,-400000.0625,-4819.16015625,-400000.0625
220.07074451446533,-400000.0625,-11287.169921875,-5351.58984375,-400000.0625,-18689.58984375,-400000.0625,-4821.830078125,-400000.0625
220.0945484638214,-400000.0625,-11288.5,-5355.259765625,-400000.0625,-18689.25,-400000.0625,-4827.06982421875,-400000.0625
220.10918378829956,-400000.0625,-11287.6904296875,-5358.5498046875,-400000.0625,-18690.640625,-400000.0625,-4828.02001953125,-400000.0625
220.13715171813965,-400000.0625,-11279.6796875,-5352.58984375,-400000.0625,-18682.099609375,-400000.0625,-4819.009765625,-400000.0625
220.19392848014832,-400000.0625,-11279.1103515625,-5350.919921875,-400000.0625,-18673.23046875,-400000.0625,-4812.81005859375,-400000.0625
220.20769333839417,-400000.0625,-11288.9296875,-5363.56005859375,-400000.0625,-18683.009765625,-400000.0625,-4829.93017578125,-400000.0625
220.2252242565155,-400000.0625,-11297.9404296875,-5370.43017578125,-400000.0625,-18692.830078125,-400000.0625,-4838.66015625,-400000.0625
220.24405908584595,-400000.0625,-11302.8095703125,-5370.89990234375,-400000.0625,-18698.220703125,-400000.0625,-4839.3701171875,-400000.0625
220.2927918434143,-400000.0625,-11304.2802734375,-5371.91015625,-400000.0625,-18699.650390625,-400000.0625,-4844.0,-400000.0625
220.3149380683899,-400000.0625,-11302.1904296875,-5369.14013671875,-400000.0625,-18699.4609375,-400000.0625,-4840.7998046875,-400000.0625
220.32650136947632,-400000.0625,-11308.4296875,-5373.0,-400000.0625,-18695.880859375,-400000.0625,-4847.43017578125,-400000.0625
220.3507399559021,-400000.0625,-11321.5498046875,-5377.8701171875,-400000.0625,-18695.740234375,-400000.0625,-4863.830078125,-400000.0625
220.40837979316711,-400000.0625,-11320.259765625,-5374.669921875,-400000.0625,-18690.919921875,-400000.0625,-4854.43994140625,-400000.0625
220.43243193626404,-400000.0625,-11319.9697265625,-5386.68994140625,-400000.0625,-18689.2109375,-400000.0625,-4838.75,-400000.0625
220.4500379562378,-400000.0625,-11326.599609375,-5403.330078125,-400000.0625,-18692.970703125,-400000.0625,-4845.18994140625,-400000.0625
220.47530317306519,-400000.0625,-11340.669921875,-5424.60009765625,-400000.0625,-18704.23046875,-400000.0625,-4854.10986328125,-400000.0625
220.54496431350708,-400000.0625,-11342.0,-5432.83984375,-400000.0625,-18696.98046875,-400000.0625,-4851.77001953125,-400000.0625
220.56099152565002,-400000.0625,-11334.419921875,-5432.22021484375,-400000.0625,-18689.25,-400000.0625,-4839.0400390625,-400000.0625
220.58339428901672,-400000.0625,-11336.4697265625,-5439.7099609375,-400000.0625,-18682.099609375,-400000.0625,-4836.0400390625,-400000.0625
220.64431357383728,-400000.0625,-11357.01953125,-5463.64990234375,-400000.0625,-18694.359375,-400000.0625,-4850.9599609375,-400000.0625
220.66023015975952,-400000.0625,-11365.7001953125,-5478.56982421875,-400000.0625,-18697.689453125,-400000.0625,-4863.64013671875,-400000.0625
220.67887616157532,-400000.0625,-11364.75,-5479.33984375,-400000.0625,-18692.640625,-400000.0625,-4860.5400390625,-400000.0625
220.7034933567047,-400000.0625,-11360.3603515625,-5472.3701171875,-400000.0625,-18683.76953125,-400000.0625,-4849.39013671875,-400000.0625
220.7744061946869,-400000.0625,-11355.259765625,-5471.7099609375,-400000.0625,-18684.099609375,-400000.0625,-4850.85986328125,-400000.0625
220.7884819507599,-400000.0625,-11370.1396484375,-5484.39013671875,-400000.0625,-18697.9296875,-400000.0625,-4862.64013671875,-400000.0625
220.80933141708374,-400000.0625,-11381.5302734375,-5493.02001953125,-400000.0625,-18710.849609375,-400000.0625,-4874.419921875,-400000.0625
220.85390377044678,-400000.0625,-11372.6201171875,-5484.6298828125,-400000.0625,-18704.1796875,-400000.0625,-4870.89013671875,-400000.0625
220.87794733047485,-400000.0625,-11367.849609375,-5480.6201171875,-400000.0625,-18697.0703125,-400000.0625,-4872.3701171875,-400000.0625
220.8943910598755,-400000.0625,-11372.51953125,-5484.10009765625,-400000.0625,-18699.359375,-400000.0625,-4873.1298828125,-400000.0625
220.9148564338684,-400000.0625,-11373.6201171875,-5489.39990234375,-400000.0625,-18697.119140625,-400000.0625,-4873.56005859375,-400000.0625
220.96794390678406,-400000.0625,-11376.5703125,-5491.830078125,-400000.0625,-18696.98046875,-400000.0625,-4870.83984375,-400000.0625
220.9813768863678,-400000.0625,-11367.1796875,-5481.580078125,-400000.0625,-18686.9609375,-400000.0625,-4862.740234375,-400000.0625
220.9985909461975,-400000.0625,-11359.7900390625,-5476.14013671875,-400000.0625,-18682.91015625,-400000.0625,-4858.919921875,-400000.0625
221.01810455322266,-400000.0625,-11384.3896484375,-5500.7900390625,-400000.0625,-18705.939453125,-400000.0625,-4882.10009765625,-400000.0625
221.0656008720398,-400000.0625,-11390.0703125,-5507.18017578125,-400000.0625,-18714.05078125,-400000.0625,-4891.009765625,-400000.0625
221.08460235595703,-400000.0625,-11388.8798828125,-5504.22998046875,-400000.0625,-18710.900390625,-400000.0625,-4888.5400390625,-400000.0625
221.10511016845703,-400000.0625,-11387.16015625,-5502.60986328125,-400000.0625,-18710.419921875,-400000.0625,-4886.33984375,-400000.0625
221.1204342842102,-400000.0625,-11383.009765625,-5497.22021484375,-400000.0625,-18706.369140625,-400000.0625,-4885.2900390625,-400000.0625
221.1775996685028,-400000.0625,-11377.6201171875,-5495.169921875,-400000.0625,-18697.83984375,-400000.0625,-4885.009765625,-400000.0625
221.190908908844,-400000.0625,-11383.1103515625,-5501.080078125,-400000.0625,-18695.640625,-400000.0625,-4881.56982421875,-400000.0625
221.21060729026794,-400000.0625,-11385.1103515625,-5503.31982421875,-400000.0625,-18695.5,-400000.0625,-4890.97021484375,-400000.0625
221.22574663162231,-400000.0625,-11386.7802734375,-5504.31982421875,-400000.0625,-18703.560546875,-400000.0625,-4890.43994140625,-400000.0625
221.28259706497192,-400000.0625,-11381.6298828125,-5497.5498046875,-400000.0625,-18694.689453125,-400000.0625,-4885.72021484375,-400000.0625
221.30668807029724,-400000.0625,-11375.240234375,-5491.5400390625,-400000.0625,-18687.19921875,-400000.0625,-4888.9599609375,-400000.0625
221.31988334655762,-400000.0625,-11384.8203125,-5504.7001953125,-400000.0625,-18700.41015625,-400000.0625,-4900.02978515625,-400000.0625
221.34390234947205,-400000.0625,-11398.509765625,-5516.81982421875,-400000.0625,-18710.5703125,-400000.0625,-4910.89990234375,-400000.0625
221.40147304534912,-400000.0625,-11405.419921875,-5522.25,-400000.0625,-18712.859375,-400000.0625,-4918.669921875,-400000.0625
221.4206726551056,-400000.0625,-11395.98046875,-5521.10986328125,-400000.0625,-18713.330078125,-400000.0625,-4913.27978515625,-400000.0625
221.440899848938,-400000.0625,-11388.9697265625,-5512.81005859375,-400000.0625,-18696.259765625,-400000.0625,-4906.509765625,-400000.0625
221.45173120498657,-400000.0625,-11392.3603515625,-5509.14013671875,-400000.0625,-18692.830078125,-400000.0625,-4906.60986328125,-400000.0625
221.5076823234558,-400000.0625,-11394.9296875,-5509.419921875,-400000.0625,-18708.279296875,-400000.0625,-4907.66015625,-400000.0625
221.52223300933838,-400000.0625,-11392.3603515625,-5507.56982421875,-400000.0625,-18703.650390625,-400000.0625,-4906.0400390625,-400000.0625
221.54304718971252,-400000.0625,-11391.740234375,-5509.81005859375,-400000.0625,-18699.029296875,-400000.0625,-4908.0400390625,-400000.0625
221.55791187286377,-400000.0625,-11399.7900390625,-5520.919921875,-400000.0625,-18704.69921875,-400000.0625,-4920.52978515625,-400000.0625
221.61420798301697,-400000.0625,-11407.51953125,-5530.02001953125,-400000.0625,-18712.94921875,-400000.0625,-4929.39990234375,-400000.0625
221.63215827941895,-400000.0625,-11405.5595703125,-5526.97021484375,-400000.0625,-18712.669921875,-400000.0625,-4926.6298828125,-400000.0625
221.649151802063,-400000.0625,-11411.8603515625,-5529.5498046875,-400000.0625,-18714.48046875,-400000.0625,-4933.830078125,-400000.0625
221.6671426296234,-400000.0625,-11412.0,-5529.2099609375,-400000.0625,-18718.76953125,-400000.0625,-4939.02978515625,-400000.0625
221.72598791122437,-400000.0625,-11402.4697265625,-5525.39990234375,-400000.0625,-18708.08984375,-400000.0625,-4933.830078125,-400000.0625
221.7439956665039,-400000.0625,-11397.650390625,-5523.5400390625,-400000.0625,-18700.3203125,-400000.0625,-4929.8798828125,-400000.0625
221.76591730117798,-400000.0625,-11402.9404296875,-5527.93017578125,-400000.0625,-18705.3203125,-400000.0625,-4936.41015625,-400000.0625
221.7875804901123,-400000.0625,-11416.2900390625,-5538.419921875,-400000.0625,-18716.2890625,-400000.0625,-4948.81005859375,-400000.0625
221.83368372917175,-400000.0625,-11413.9599609375,-5537.75,-400000.0625,-18711.619140625,-400000.0625,-4944.0400390625,-400000.0625
221.85326862335205,-400000.0625,-11405.990234375,-5531.1201171875,-400000.0625,-18705.75,-400000.0625,-4938.27001953125,-400000.0625
221.87160420417786,-400000.0625,-11397.5498046875,-5521.6298828125,-400000.0625,-18700.509765625,-400000.0625,-4928.97021484375,-400000.0625
221.8955535888672,-400000.0625,-11409.2802734375,-5532.27001953125,-400000.0625,-18713.48046875,-400000.0625,-4942.509765625,-400000.0625
221.94320511817932,-400000.0625,-11424.0703125,-5547.6201171875,-400000.0625,-18719.91015625,-400000.0625,-4953.33984375,-400000.0625
221.96207666397095,-400000.0625,-11419.6298828125,-5543.330078125,-400000.0625,-18716.76953125,-400000.0625,-4951.91015625,-400000.0625
221.9758493900299,-400000.0625,-11410.08984375,-5536.3701171875,-400000.0625,-18711.4296875,-400000.0625,-4945.52001953125,-400000.0625
221.99558019638062,-400000.0625,-11411.0,-5539.66015625,-400000.0625,-18713.330078125,-400000.0625,-4945.52001953125,-400000.0625
222.04589176177979,-400000.0625,-11420.1103515625,-5548.330078125,-400000.0625,-18719.25,-400000.0625,-4950.81005859375,-400000.0625
222.0664782524109,-400000.0625,-11424.4501953125,-5553.2001953125,-400000.0625,-18717.669921875,-400000.0625,-4957.39013671875,-400000.0625
222.0909321308136,-400000.0625,-11421.1103515625,-5548.52978515625,-400000.0625,-18713.05078125,-400000.0625,-4957.009765625,-400000.0625
222.11114382743835,-400000.0625,-11413.48046875,-5541.419921875,-400000.0625,-18715.150390625,-400000.0625,-4948.9501953125,-400000.0625
222.23536610603333,-400000.0625,-11425.9296875,-5554.490234375,-400000.0625,-18725.44921875,-400000.0625,-4963.02001953125,-400000.0625
222.31366634368896,-400000.0625,-11428.0703125,-5554.919921875,-400000.0625,-18719.529296875,-400000.0625,-4967.830078125,-400000.0625
222.33489680290222,-400000.0625,-11431.1201171875,-5557.39013671875,-400000.0625,-18724.16015625,-400000.0625,-4969.06982421875,-400000.0625
222.38270688056946,-400000.0625,-11427.169921875,-5554.490234375,-400000.0625,-18720.30078125,-400000.0625,-4963.10986328125,-400000.0625
222.43575930595398,-400000.0625,-11424.9697265625,-5555.77001953125,-400000.0625,-18714.669921875,-400000.0625,-4965.31005859375,-400000.0625
222.4546823501587,-400000.0625,-11419.6298828125,-5550.72021484375,-400000.0625,-18706.560546875,-400000.0625,-4962.68017578125,-400000.0625
222.4826397895813,-400000.0625,-11423.8798828125,-5554.580078125,-400000.0625,-18714.529296875,-400000.0625,-4964.16015625,-400000.0625
222.50574564933777,-400000.0625,-11426.0703125,-5558.06005859375,-400000.0625,-18722.580078125,-400000.0625,-4967.31005859375,-400000.0625
222.54868507385254,-400000.0625,-11438.2802734375,-5567.60009765625,-400000.0625,-18734.169921875,-400000.0625,-4981.66015625,-400000.0625
222.56547021865845,-400000.0625,-11432.98046875,-5561.16015625,-400000.0625,-18725.490234375,-400000.0625,-4981.66015625,-400000.0625
222.58494448661804,-400000.0625,-11428.8798828125,-5559.77978515625,-400000.0625,-18722.150390625,-400000.0625,-4979.47021484375,-400000.0625
222.6130976676941,-400000.0625,-11433.509765625,-5566.740234375,-400000.0625,-18725.30078125,-400000.0625,-4987.72021484375,-400000.0625
222.6760733127594,-400000.0625,-11439.3701171875,-5572.18017578125,-400000.0625,-18724.630859375,-400000.0625,-4988.52978515625,-400000.0625
222.70387387275696,-400000.0625,-11432.080078125,-5566.31005859375,-400000.0625,-18716.91015625,-400000.0625,-4984.9501953125,-400000.0625
222.72554850578308,-400000.0625,-11425.349609375,-5560.10986328125,-400000.0625,-18710.810546875,-400000.0625,-4980.89990234375,-400000.0625
222.80982375144958,-400000.0625,-11421.25,-5557.2001953125,-400000.0625,-18707.330078125,-400000.0625,-4977.080078125,-400000.0625
222.8375265598297,-400000.0625,-11423.4501953125,-5561.2998046875,-400000.0625,-18714.099609375,-400000.0625,-4977.990234375,-400000.0625
222.89877891540527,-400000.0625,-11436.75,-5570.97998046875,-400000.0625,-18728.5390625,-400000.0625,-4991.68017578125,-400000.0625
222.92564344406128,-400000.0625,-11439.6103515625,-5569.97998046875,-400000.0625,-18727.5,-400000.0625,-4998.4501953125,-400000.0625
222.9536259174347,-400000.0625,-11436.509765625,-5570.60009765625,-400000.0625,-18727.44921875,-400000.0625,-4998.10986328125,-400000.0625
223.0125675201416,-400000.0625,-11426.0703125,-5565.60009765625,-400000.0625,-18712.810546875,-400000.0625,-4993.2001953125,-400000.0625
223.04205441474915,-400000.0625,-11428.2099609375,-5566.5498046875,-400000.0625,-18718.05078125,-400000.0625,-4994.77001953125,-400000.0625
223.06864261627197,-400000.0625,-11432.2197265625,-5570.080078125,-400000.0625,-18718.19921875,-400000.0625,-4999.06982421875,-400000.0625
223.1078908443451,-400000.0625,-11433.41015625,-5569.22021484375,-400000.0625,-18718.33984375,-400000.0625,-5002.02001953125,-400000.0625
223.1235692501068,-400000.0625,-11434.509765625,-5572.419921875,-400000.0625,-18721.630859375,-400000.0625,-5004.97998046875,-400000.0625
223.13297629356384,-400000.0625,-11432.8896484375,-5573.22998046875,-400000.0625,-18720.8203125,-400000.0625,-5005.7900390625,-400000.0625
223.14179611206055,-400000.0625,-11438.5595703125,-5576.0400390625,-400000.0625,-18722.439453125,-400000.0625,-5007.83984375,-400000.0625
223.15141010284424,-400000.0625,-11446.7197265625,-5584.240234375,-400000.0625,-18722.8203125,-400000.0625,-5014.93994140625,-400000.0625
223.16229724884033,-400000.0625,-11445.3798828125,-5583.56982421875,-400000.0625,-18720.6796875,-400000.0625,-5016.52001953125,-400000.0625
223.17178082466125,-400000.0625,-11445.1904296875,-5581.669921875,-400000.0625,-18721.919921875,-400000.0625,-5015.66015625,-400000.0625
223.20010685920715,-400000.0625,-11444.51953125,-5582.330078125,-400000.0625,-18723.73046875,-400000.0625,-5018.0400390625,-400000.0625
223.20903778076172,-400000.0625,-11447.48046875,-5585.0,-400000.0625,-18728.01953125,-400000.0625,-5020.18994140625,-400000.0625
223.22733879089355,-400000.0625,-11452.6298828125,-5591.490234375,-400000.0625,-18731.44921875,-400000.0625,-5029.25,-400000.0625
223.23711800575256,-400000.0625,-11459.919921875,-5596.5,-400000.0625,-18732.98046875,-400000.0625,-5031.06005859375,-400000.0625
223.2460057735443,-400000.0625,-11448.91015625,-5583.9501953125,-400000.0625,-18718.76953125,-400000.0625,-5023.2900390625,-400000.0625
223.25710153579712,-400000.0625,-11435.650390625,-5576.990234375,-400000.0625,-18710.94921875,-400000.0625,-5018.18994140625,-400000.0625
223.26728534698486,-400000.0625,-11452.4404296875,-5589.33984375,-400000.0625,-18724.109375,-400000.0625,-5022.9599609375,-400000.0625
223.27569937705994,-400000.0625,-11484.240234375,-5607.02978515625,-400000.0625,-18740.470703125,-400000.0625,-5036.16015625,-400000.0625
223.30482840538025,-400000.0625,-11480.1396484375,-5601.5498046875,-400000.0625,-18739.560546875,-400000.0625,-5038.2099609375,-400000.0625
223.31686353683472,-400000.0625,-11448.240234375,-5586.81982421875,-400000.0625,-18724.16015625,-400000.0625,-5033.2099609375,-400000.0625
223.32965803146362,-400000.0625,-11443.66015625,-5586.33984375,-400000.0625,-18716.0,-400000.0625,-5042.7900390625,-400000.0625
223.3389003276825,-400000.0625,-11455.580078125,-5584.669921875,-400000.0625,-18720.720703125,-400000.0625,-5052.330078125,-400000.0625
223.3505883216858,-400000.0625,-11460.16015625,-5577.7099609375,-400000.0625,-18721.630859375,-400000.0625,-5062.91015625,-400000.0625
223.36354994773865,-400000.0625,-11456.349609375,-5576.1298828125,-400000.0625,-18727.109375,-400000.0625,-5080.41015625,-400000.0625
223.3728470802307,-400000.0625,-11440.419921875,-5556.10986328125,-400000.0625,-18716.91015625,-400000.0625,-5083.419921875,-400000.0625
223.3817789554596,-400000.0625,-11450.9599609375,-5548.91015625,-400000.0625,-18719.48046875,-400000.0625,-5079.64990234375,-400000.0625
223.4111475944519,-400000.0625,-11444.0,-5539.85009765625,-400000.0625,-18718.2890625,-400000.0625,-5080.75,-400000.0625
223.42540192604065,-400000.0625,-11437.849609375,-5537.27001953125,-400000.0625,-18722.970703125,-400000.0625,-5092.2900390625,-400000.0625
223.43690514564514,-400000.0625,-11444.8095703125,-5534.22021484375,-400000.0625,-18721.869140625,-400000.0625,-5100.2998046875,-400000.0625
223.44477200508118,-400000.0625,-11446.330078125,-5528.64013671875,-400000.0625,-18717.33984375,-400000.0625,-5101.77978515625,-400000.0625
223.45767521858215,-400000.0625,-11442.2802734375,-5526.10986328125,-400000.0625,-18716.4296875,-400000.0625,-5097.490234375,-400000.0625
223.46917724609375,-400000.0625,-11439.51953125,-5524.72998046875,-400000.0625,-18716.189453125,-400000.0625,-5097.52978515625,-400000.0625
223.47716403007507,-400000.0625,-11445.2900390625,-5531.35986328125,-400000.0625,-18722.869140625,-400000.0625,-5105.31005859375,-400000.0625
223.48993945121765,-400000.0625,-11441.419921875,-5528.1201171875,-400000.0625,-18721.25,-400000.0625,-5103.77978515625,-400000.0625
223.53411555290222,-400000.0625,-11442.23046875,-5532.5498046875,-400000.0625,-18724.060546875,-400000.0625,-5104.06982421875,-400000.0625
223.5446436405182,-400000.0625,-11445.08984375,-5533.02978515625,-400000.0625,-18726.490234375,-400000.0625,-5106.5498046875,-400000.0625
223.55706644058228,-400000.0625,-11446.2900390625,-5531.35986328125,-400000.0625,-18730.359375,-400000.0625,-5107.740234375,-400000.0625
223.56864666938782,-400000.0625,-11448.0,-5538.22998046875,-400000.0625,-18729.880859375,-400000.0625,-5113.080078125,-400000.0625
223.5789611339569,-400000.0625,-11448.240234375,-5536.89013671875,-400000.0625,-18725.5390625,-400000.0625,-5115.75,-400000.0625
223.59114170074463,-400000.0625,-11446.5302734375,-5535.27001953125,-400000.0625,-18719.25,-400000.0625,-5110.93017578125,-400000.0625
223.63792848587036,-400000.0625,-11447.8603515625,-5538.56005859375,-400000.0625,-18719.720703125,-400000.0625,-5113.080078125,-400000.0625
223.65664672851562,-400000.0625,-11446.099609375,-5537.56005859375,-400000.0625,-18724.2109375,-400000.0625,-5111.5498046875,-400000.0625
223.6771478652954,-400000.0625,-11448.2900390625,-5539.080078125,-400000.0625,-18724.25,-400000.0625,-5112.080078125,-400000.0625
223.69886589050293,-400000.0625,-11453.8701171875,-5542.7099609375,-400000.0625,-18733.650390625,-400000.0625,-5120.85009765625,-400000.0625
223.75254011154175,-400000.0625,-11441.330078125,-5532.60009765625,-400000.0625,-18724.2109375,-400000.0625,-5111.27001953125,-400000.0625
223.77758693695068,-400000.0625,-11448.150390625,-5537.7998046875,-400000.0625,-18723.349609375,-400000.0625,-5117.419921875,-400000.0625
223.80874705314636,-400000.0625,-11460.01953125,-5549.47998046875,-400000.0625,-18736.890625,-400000.0625,-5128.240234375,-400000.0625
223.85231566429138,-400000.0625,-11460.259765625,-5549.2900390625,-400000.0625,-18730.119140625,-400000.0625,-5126.81005859375,-400000.0625
223.86696004867554,-400000.0625,-11462.169921875,-5548.9501953125,-400000.0625,-18732.259765625,-400000.0625,-5125.3798828125,-400000.0625
223.8819043636322,-400000.0625,-11478.3798828125,-5555.2001953125,-400000.0625,-18733.310546875,-400000.0625,-5141.58984375,-400000.0625
223.9085249900818,-400000.0625,-11497.0703125,-5559.2998046875,-400000.0625,-18734.029296875,-400000.0625,-5147.1201171875,-400000.0625
223.93647122383118,-400000.0625,-11505.8896484375,-5566.5498046875,-400000.0625,-18745.08984375,-400000.0625,-5136.58984375,-400000.0625
223.98232531547546,-400000.0625,-11508.990234375,-5582.2900390625,-400000.0625,-18738.220703125,-400000.0625,-5128.81005859375,-400000.0625
224.00297355651855,-400000.0625,-11523.919921875,-5600.31005859375,-400000.0625,-18725.970703125,-400000.0625,-5127.52978515625,-400000.0625
224.0233223438263,-400000.0625,-11528.830078125,-5604.5498046875,-400000.0625,-18712.380859375,-400000.0625,-5116.419921875,-400000.0625
224.03930640220642,-400000.0625,-11551.240234375,-5634.39990234375,-400000.0625,-18710.23046875,-400000.0625,-5126.669921875,-400000.0625
224.0762186050415,-400000.0625,-11591.0498046875,-5678.080078125,-400000.0625,-18721.869140625,-400000.0625,-5143.02001953125,-400000.0625
224.10438442230225,-400000.0625,-11611.3203125,-5707.5,-400000.0625,-18725.44921875,-400000.0625,-5144.06982421875,-400000.0625
224.12329840660095,-400000.0625,-11626.009765625,-5731.5400390625,-400000.0625,-18721.30078125,-400000.0625,-5138.97021484375,-400000.0625
224.13297080993652,-400000.0625,-11647.650390625,-5757.669921875,-400000.0625,-18719.390625,-400000.0625,-5140.10986328125,-400000.0625
224.1414611339569,-400000.0625,-11653.4697265625,-5768.35009765625,-400000.0625,-18721.5390625,-400000.0625,-5133.490234375,-400000.0625
224.16969418525696,-400000.0625,-11659.6201171875,-5777.22021484375,-400000.0625,-18715.76953125,-400000.0625,-5116.419921875,-400000.0625
224.1780059337616,-400000.0625,-11668.9697265625,-5794.33984375,-400000.0625,-18716.810546875,-400000.0625,-5122.52001953125,-400000.0625
224.19050526618958,-400000.0625,-11669.8798828125,-5798.72021484375,-400000.0625,-18715.4296875,-400000.0625,-5119.66015625,-400000.0625
224.2005331516266,-400000.0625,-11670.5400390625,-5802.490234375,-400000.0625,-18716.48046875,-400000.0625,-5112.35986328125,-400000.0625
224.20951986312866,-400000.0625,-11662.9599609375,-5802.68017578125,-400000.0625,-18714.140625,-400000.0625,-5108.830078125,-400000.0625
224.22049403190613,-400000.0625,-11659.9599609375,-5803.39990234375,-400000.0625,-18710.0,-400000.0625,-5108.5498046875,-400000.0625
224.22992944717407,-400000.0625,-11672.2099609375,-5818.080078125,-400000.0625,-18723.30078125,-400000.0625,-5123.08984375,-400000.0625
224.23865962028503,-400000.0625,-11674.1201171875,-5822.22998046875,-400000.0625,-18725.01953125,-400000.0625,-5124.27978515625,-400000.0625
224.2466425895691,-400000.0625,-11669.259765625,-5816.7900390625,-400000.0625,-18722.73046875,-400000.0625,-5117.60986328125,-400000.0625
224.27377152442932,-400000.0625,-11659.48046875,-5805.16015625,-400000.0625,-18719.720703125,-400000.0625,-5113.22021484375,-400000.0625
224.28355646133423,-400000.0625,-11659.76953125,-5805.06005859375,-400000.0625,-18722.150390625,-400000.0625,-5114.02978515625,-400000.0625
224.29427242279053,-400000.0625,-11657.669921875,-5802.81982421875,-400000.0625,-18721.5390625,-400000.0625,-5118.3701171875,-400000.0625
224.30370092391968,-400000.0625,-11659.240234375,-5802.77978515625,-400000.0625,-18724.25,-400000.0625,-5117.75,-400000.0625
224.31156873703003,-400000.0625,-11660.0498046875,-5808.35009765625,-400000.0625,-18722.73046875,-400000.0625,-5120.47021484375,-400000.0625
224.32264351844788,-400000.0625,-11653.08984375,-5805.8701171875,-400000.0625,-18719.009765625,-400000.0625,-5118.56005859375,-400000.0625
224.3315098285675,-400000.0625,-11653.1396484375,-5804.35009765625,-400000.0625,-18716.4296875,-400000.0625,-5116.080078125,-400000.0625
224.33973002433777,-400000.0625,-11654.4697265625,-5806.5400390625,-400000.0625,-18722.439453125,-400000.0625,-5117.85009765625,-400000.0625
224.35179901123047,-400000.0625,-11651.990234375,-5800.77001953125,-400000.0625,-18716.05078125,-400000.0625,-5116.509765625,-400000.0625
224.3765823841095,-400000.0625,-11655.0498046875,-5801.06005859375,-400000.0625,-18719.099609375,-400000.0625,-5115.27001953125,-400000.0625
224.38615894317627,-400000.0625,-11664.4404296875,-5809.97998046875,-400000.0625,-18722.390625,-400000.0625,-5125.6201171875,-400000.0625
224.39609837532043,-400000.0625,-11661.150390625,-5807.830078125,-400000.0625,-18721.9609375,-400000.0625,-5131.10009765625,-400000.0625
224.40473747253418,-400000.0625,-11657.240234375,-5804.72998046875,-400000.0625,-18724.58984375,-400000.0625,-5126.72021484375,-400000.0625
224.41337847709656,-400000.0625,-11661.009765625,-5805.830078125,-400000.0625,-18719.720703125,-400000.0625,-5130.10009765625,-400000.0625
224.42543745040894,-400000.0625,-11661.8603515625,-5807.58984375,-400000.0625,-18718.439453125,-400000.0625,-5133.25,-400000.0625
224.43363618850708,-400000.0625,-11667.490234375,-5812.02978515625,-400000.0625,-18729.880859375,-400000.0625,-5134.72998046875,-400000.0625
224.4413332939148,-400000.0625,-11667.7802734375,-5811.5,-400000.0625,-18724.779296875,-400000.0625,-5133.25,-400000.0625
224.45224809646606,-400000.0625,-11671.16015625,-5814.83984375,-400000.0625,-18724.58984375,-400000.0625,-5132.68017578125,-400000.0625
224.47438764572144,-400000.0625,-11666.0595703125,-5807.97021484375,-400000.0625,-18719.150390625,-400000.0625,-5130.14990234375,-400000.0625
224.4826054573059,-400000.0625,-11666.009765625,-5806.2998046875,-400000.0625,-18714.94921875,-400000.0625,-5128.77001953125,-400000.0625
224.4925889968872,-400000.0625,-11667.6796875,-5809.39990234375,-400000.0625,-18717.48046875,-400000.0625,-5133.06005859375,-400000.0625
224.50086998939514,-400000.0625,-11669.73046875,-5812.22021484375,-400000.0625,-18718.2890625,-400000.0625,-5136.009765625,-400000.0625
224.508474111557,-400000.0625,-11675.2197265625,-5818.1298828125,-400000.0625,-18725.830078125,-400000.0625,-5134.81982421875,-400000.0625
224.51860523223877,-400000.0625,-11679.9404296875,-5823.9501953125,-400000.0625,-18730.119140625,-400000.0625,-5140.16015625,-400000.0625
224.52726078033447,-400000.0625,-11675.650390625,-5821.31982421875,-400000.0625,-18733.83984375,-400000.0625,-5137.35009765625,-400000.0625
224.53517127037048,-400000.0625,-11681.9404296875,-5826.81005859375,-400000.0625,-18731.55078125,-400000.0625,-5142.259765625,-400000.0625
224.54245114326477,-400000.0625,-11682.3203125,-5825.9501953125,-400000.0625,-18728.259765625,-400000.0625,-5143.5,-400000.0625
224.55109882354736,-400000.0625,-11679.1298828125,-5819.4599609375,-400000.0625,-18722.869140625,-400000.0625,-5138.02001953125,-400000.0625
224.56091833114624,-400000.0625,-11675.41015625,-5817.31982421875,-400000.0625,-18721.5390625,-400000.0625,-5138.490234375,-400000.0625
224.5837597846985,-400000.0625,-11677.8896484375,-5821.0400390625,-400000.0625,-18725.01953125,-400000.0625,-5136.2998046875,-400000.0625
224.5933678150177,-400000.0625,-11682.7998046875,-5825.85009765625,-400000.0625,-18724.6796875,-400000.0625,-5141.58984375,-400000.0625
224.60141706466675,-400000.0625,-11689.08984375,-5827.85986328125,-400000.0625,-18730.359375,-400000.0625,-5148.93994140625,-400000.0625
224.60887813568115,-400000.0625,-11690.9501953125,-5831.2900390625,-400000.0625,-18731.740234375,-400000.0625,-5151.990234375,-400000.0625
224.6213161945343,-400000.0625,-11697.580078125,-5841.10986328125,-400000.0625,-18739.849609375,-400000.0625,-5159.08984375,-400000.0625
224.63230752944946,-400000.0625,-11692.7197265625,-5839.43994140625,-400000.0625,-18731.599609375,-400000.0625,-5153.27978515625,-400000.0625
224.65176582336426,-400000.0625,-11684.419921875,-5829.85986328125,-400000.0625,-18722.8203125,-400000.0625,-5149.41015625,-400000.0625
224.6658923625946,-400000.0625,-11678.83984375,-5824.60986328125,-400000.0625,-18728.740234375,-400000.0625,-5143.2099609375,-400000.0625
224.7251627445221,-400000.0625,-11682.3701171875,-5827.85986328125,-400000.0625,-18733.119140625,-400000.0625,-5147.64990234375,-400000.0625
224.76146292686462,-400000.0625,-11687.7998046875,-5831.9599609375,-400000.0625,-18736.650390625,-400000.0625,-5151.080078125,-400000.0625
224.78168058395386,-400000.0625,-11680.990234375,-5827.3798828125,-400000.0625,-18725.58984375,-400000.0625,-5146.1201171875,-400000.0625
224.831387758255,-400000.0625,-11684.6103515625,-5831.18994140625,-400000.0625,-18724.73046875,-400000.0625,-5152.27001953125,-400000.0625
224.86044192314148,-400000.0625,-11692.240234375,-5838.35009765625,-400000.0625,-18725.869140625,-400000.0625,-5158.759765625,-400000.0625
224.88010096549988,-400000.0625,-11705.6904296875,-5843.93017578125,-400000.0625,-18733.98046875,-400000.0625,-5167.52978515625,-400000.0625
224.90431094169617,-400000.0625,-11705.259765625,-5837.5400390625,-400000.0625,-18738.890625,-400000.0625,-5160.43017578125,-400000.0625
224.96253895759583,-400000.0625,-11697.150390625,-5841.02001953125,-400000.0625,-18736.560546875,-400000.0625,-5156.08984375,-400000.0625
224.98216795921326,-400000.0625,-11703.5400390625,-5851.080078125,-400000.0625,-18732.599609375,-400000.0625,-5160.669921875,-400000.0625
225.00316977500916,-400000.0625,-11702.7802734375,-5850.22021484375,-400000.0625,-18730.01953125,-400000.0625,-5165.14990234375,-400000.0625
225.02862405776978,-400000.0625,-11699.8701171875,-5846.7900390625,-400000.0625,-18728.5,-400000.0625,-5165.2001953125,-400000.0625
225.08574509620667,-400000.0625,-11702.2099609375,-5844.93017578125,-400000.0625,-18722.76953125,-400000.0625,-5159.240234375,-400000.0625
225.10003328323364,-400000.0625,-11700.919921875,-5845.740234375,-400000.0625,-18726.779296875,-400000.0625,-5154.60986328125,-400000.0625
225.1222870349884,-400000.0625,-11699.009765625,-5844.93017578125,-400000.0625,-18723.009765625,-400000.0625,-5161.10009765625,-400000.0625
225.13691902160645,-400000.0625,-11702.830078125,-5849.509765625,-400000.0625,-18726.6796875,-400000.0625,-5168.33984375,-400000.0625
225.18727445602417,-400000.0625,-11708.169921875,-5856.56005859375,-400000.0625,-18730.9296875,-400000.0625,-5171.8701171875,-400000.0625
225.2125964164734,-400000.0625,-11708.0703125,-5856.18017578125,-400000.0625,-18732.689453125,-400000.0625,-5174.490234375,-400000.0625
225.23618459701538,-400000.0625,-11701.16015625,-5846.60009765625,-400000.0625,-18728.16015625,-400000.0625,-5164.47998046875,-400000.0625
225.2544708251953,-400000.0625,-11702.1103515625,-5850.41015625,-400000.0625,-18733.9296875,-400000.0625,-5169.72998046875,-400000.0625
225.31284832954407,-400000.0625,-11705.919921875,-5853.3701171875,-400000.0625,-18736.509765625,-400000.0625,-5176.259765625,-400000.0625
225.332861661911,-400000.0625,-11710.2197265625,-5856.1298828125,-400000.0625,-18735.26953125,-400000.0625,-5182.31005859375,-400000.0625
225.3540780544281,-400000.0625,-11714.7001953125,-5859.0400390625,-400000.0625,-18732.98046875,-400000.0625,-5183.35986328125,-400000.0625
225.3749237060547,-400000.0625,-11700.9697265625,-5850.509765625,-400000.0625,-18729.98046875,-400000.0625,-5172.5400390625,-400000.0625
225.42534017562866,-400000.0625,-11694.240234375,-5844.77978515625,-400000.0625,-18728.0703125,-400000.0625,-5170.39013671875,-400000.0625
225.4446303844452,-400000.0625,-11698.150390625,-5846.1201171875,-400000.0625,-18725.400390625,-400000.0625,-5169.81982421875,-400000.0625
225.46279740333557,-400000.0625,-11687.1796875,-5838.97021484375,-400000.0625,-18721.919921875,-400000.0625,-5163.6201171875,-400000.0625
225.48329138755798,-400000.0625,-11691.1396484375,-5845.60009765625,-400000.0625,-18722.5390625,-400000.0625,-5172.2099609375,-400000.0625
225.53099083900452,-400000.0625,-11701.0595703125,-5851.83984375,-400000.0625,-18736.029296875,-400000.0625,-5177.4501953125,-400000.0625
225.5506649017334,-400000.0625,-11706.2099609375,-5857.52001953125,-400000.0625,-18738.080078125,-400000.0625,-5181.1201171875,-400000.0625
225.57171368598938,-400000.0625,-11701.25,-5851.89013671875,-400000.0625,-18728.58984375,-400000.0625,-5178.31005859375,-400000.0625
225.58668613433838,-400000.0625,-11695.91015625,-5847.06982421875,-400000.0625,-18726.58984375,-400000.0625,-5176.02001953125,-400000.0625
225.62895798683167,-400000.0625,-11705.919921875,-5853.93994140625,-400000.0625,-18729.58984375,-400000.0625,-5181.68994140625,-400000.0625
225.64799332618713,-400000.0625,-11706.0703125,-5851.56005859375,-400000.0625,-18731.880859375,-400000.0625,-5181.35986328125,-400000.0625
225.66890954971313,-400000.0625,-11708.4501953125,-5854.31982421875,-400000.0625,-18731.44921875,-400000.0625,-5183.080078125,-400000.0625
225.68402743339539,-400000.0625,-11713.3203125,-5857.419921875,-400000.0625,-18730.689453125,-400000.0625,-5189.31982421875,-400000.0625
225.70724844932556,-400000.0625,-11703.349609375,-5848.02978515625,-400000.0625,-18724.6796875,-400000.0625,-5183.97998046875,-400000.0625
225.7745304107666,-400000.0625,-11702.7802734375,-5850.89013671875,-400000.0625,-18724.060546875,-400000.0625,-5187.27001953125,-400000.0625
225.78961372375488,-400000.0625,-11710.0703125,-5855.3701171875,-400000.0625,-18726.0703125,-400000.0625,-5191.27978515625,-400000.0625
225.81039881706238,-400000.0625,-11712.650390625,-5854.0400390625,-400000.0625,-18736.029296875,-400000.0625,-5194.0400390625,-400000.0625
225.8548846244812,-400000.0625,-11716.1796875,-5858.330078125,-400000.0625,-18736.939453125,-400000.0625,-5201.52978515625,-400000.0625
225.87069511413574,-400000.0625,-11722.51953125,-5867.77001953125,-400000.0625,-18735.4609375,-400000.0625,-5201.39013671875,-400000.0625
225.895277261734,-400000.0625,-11726.5703125,-5868.2900390625,-400000.0625,-18728.779296875,-400000.0625,-5201.43994140625,-400000.0625
225.924551486969,-400000.0625,-11723.849609375,-5860.6201171875,-400000.0625,-18729.98046875,-400000.0625,-5196.6201171875,-400000.0625
225.9875247478485,-400000.0625,-11721.900390625,-5862.85986328125,-400000.0625,-18732.44921875,-400000.0625,-5199.240234375,-400000.0625
226.01631569862366,-400000.0625,-11726.8095703125,-5869.009765625,-400000.0625,-18730.44921875,-400000.0625,-5203.14990234375,-400000.0625
226.03878736495972,-400000.0625,-11727.0,-5865.18994140625,-400000.0625,-18729.9296875,-400000.0625,-5210.259765625,-400000.0625
226.0979642868042,-400000.0625,-11732.580078125,-5863.7099609375,-400000.0625,-18735.69921875,-400000.0625,-5211.4501953125,-400000.0625
226.12085437774658,-400000.0625,-11736.8701171875,-5869.580078125,-400000.0625,-18729.779296875,-400000.0625,-5215.64990234375,-400000.0625
226.14284539222717,-400000.0625,-11741.6904296875,-5871.5400390625,-400000.0625,-18735.359375,-400000.0625,-5219.02978515625,-400000.0625
226.1942298412323,-400000.0625,-11750.41015625,-5877.06982421875,-400000.0625,-18734.119140625,-400000.0625,-5219.31982421875,-400000.0625
226.21286606788635,-400000.0625,-11755.2802734375,-5883.97998046875,-400000.0625,-18729.5,-400000.0625,-5219.7900390625,-400000.0625
226.23071432113647,-400000.0625,-11761.1904296875,-5870.72021484375,-400000.0625,-18727.58984375,-400000.0625,-5214.02001953125,-400000.0625
226.24464106559753,-400000.0625,-11766.7197265625,-5862.240234375,-400000.0625,-18725.25,-400000.0625,-5207.35009765625,-400000.0625
226.29724550247192,-400000.0625,-11745.7900390625,-5877.4501953125,-400000.0625,-18723.19921875,-400000.0625,-5209.77978515625,-400000.0625
226.31958532333374,-400000.0625,-11770.4404296875,-5886.89013671875,-400000.0625,-18726.73046875,-400000.0625,-5224.509765625,-400000.0625
226.33426475524902,-400000.0625,-11803.9599609375,-5887.080078125,-400000.0625,-18723.109375,-400000.0625,-5235.81982421875,-400000.0625
226.3547923564911,-400000.0625,-11814.6396484375,-5877.35009765625,-400000.0625,-18716.33984375,-400000.0625,-5231.9501953125,-400000.0625
226.40449857711792,-400000.0625,-11810.8798828125,-5878.5,-400000.0625,-18706.369140625,-400000.0625,-5234.18994140625,-400000.0625
226.42420387268066,-400000.0625,-11801.76953125,-5885.080078125,-400000.0625,-18692.349609375,-400000.0625,-5232.10009765625,-400000.0625
226.4337863922119,-400000.0625,-11843.25,-5904.33984375,-400000.0625,-18701.26953125,-400000.0625,-5251.06982421875,-400000.0625
226.45430827140808,-400000.0625,-11879.830078125,-5904.25,-400000.0625,-18699.220703125,-400000.0625,-5263.0400390625,-400000.0625
226.4669804573059,-400000.0625,-11876.4404296875,-5906.580078125,-400000.0625,-18680.48046875,-400000.0625,-5267.240234375,-400000.0625
226.52841091156006,-400000.0625,-11890.1298828125,-5915.830078125,-400000.0625,-18667.509765625,-400000.0625,-5280.830078125,-400000.0625
226.54503655433655,-400000.0625,-11911.2001953125,-5921.60009765625,-400000.0625,-18651.76953125,-400000.0625,-5286.22021484375,-400000.0625
226.56540322303772,-400000.0625,-11939.76953125,-5929.3798828125,-400000.0625,-18642.810546875,-400000.0625,-5288.22021484375,-400000.0625
226.58107447624207,-400000.0625,-11983.5400390625,-5957.22021484375,-400000.0625,-18649.529296875,-400000.0625,-5293.56005859375,-400000.0625
226.62572360038757,-400000.0625,-12020.2099609375,-5987.31005859375,-400000.0625,-18665.509765625,-400000.0625,-5305.47998046875,-400000.0625
226.63626384735107,-400000.0625,-12022.6904296875,-5996.419921875,-400000.0625,-18661.640625,-400000.0625,-5292.85009765625,-400000.0625
226.65085577964783,-400000.0625,-12029.8896484375,-6017.16015625,-400000.0625,-18661.55078125,-400000.0625,-5281.31005859375,-400000.0625
226.67172598838806,-400000.0625,-12025.98046875,-6040.81005859375,-400000.0625,-18667.080078125,-400000.0625,-5270.669921875,-400000.0625
226.69396305084229,-400000.0625,-12017.58984375,-6050.490234375,-400000.0625,-18665.83984375,-400000.0625,-5250.68994140625,-400000.0625
226.76451230049133,-400000.0625,-11993.2197265625,-6054.58984375,-400000.0625,-18668.990234375,-400000.0625,-5222.990234375,-400000.0625
226.78179502487183,-400000.0625,-11969.759765625,-6065.7001953125,-400000.0625,-18679.720703125,-400000.0625,-5194.0,-400000.0625
226.80028533935547,-400000.0625,-11954.3603515625,-6084.39990234375,-400000.0625,-18691.919921875,-400000.0625,-5179.7900390625,-400000.0625
226.8439166545868,-400000.0625,-11926.599609375,-6089.68994140625,-400000.0625,-18701.560546875,-400000.0625,-5152.56005859375,-400000.0625
226.85662031173706,-400000.0625,-11904.1904296875,-6099.509765625,-400000.0625,-18709.0390625,-400000.0625,-5131.669921875,-400000.0625
226.87816262245178,-400000.0625,-11881.9296875,-6107.18994140625,-400000.0625,-18718.2890625,-400000.0625,-5114.3701171875,-400000.0625
226.89352226257324,-400000.0625,-11845.5400390625,-6102.1298828125,-400000.0625,-18723.16015625,-400000.0625,-5083.31982421875,-400000.0625
226.91218543052673,-400000.0625,-11828.0400390625,-6106.43017578125,-400000.0625,-18728.689453125,-400000.0625,-5061.47998046875,-400000.0625
226.96726155281067,-400000.0625,-11818.0302734375,-6114.91015625,-400000.0625,-18735.119140625,-400000.0625,-5040.97998046875,-400000.0625
226.98902988433838,-400000.0625,-11804.0595703125,-6116.6298828125,-400000.0625,-18742.1796875,-400000.0625,-5020.669921875,-400000.0625
227.0111322402954,-400000.0625,-11785.2197265625,-6124.31005859375,-400000.0625,-18752.580078125,-400000.0625,-5004.5,-400000.0625
227.02647471427917,-400000.0625,-11761.0498046875,-6123.16015625,-400000.0625,-18754.8203125,-400000.0625,-4980.66015625,-400000.0625
227.08307456970215,-400000.0625,-11749.3603515625,-6123.919921875,-400000.0625,-18758.009765625,-400000.0625,-4960.10986328125,-400000.0625
227.107595205307,-400000.0625,-11748.3603515625,-6131.93994140625,-400000.0625,-18769.9296875,-400000.0625,-4948.89990234375,-400000.0625
227.1242265701294,-400000.0625,-11737.2998046875,-6131.4599609375,-400000.0625,-18778.330078125,-400000.0625,-4939.3701171875,-400000.0625
227.1429364681244,-400000.0625,-11718.990234375,-6123.2099609375,-400000.0625,-18772.4609375,-400000.0625,-4918.39013671875,-400000.0625
227.19606280326843,-400000.0625,-11709.259765625,-6119.490234375,-400000.0625,-18770.4609375,-400000.0625,-4905.64990234375,-400000.0625
227.21498680114746,-400000.0625,-11694.76953125,-6114.10009765625,-400000.0625,-18768.7890625,-400000.0625,-4891.919921875,-400000.0625
227.23274207115173,-400000.0625,-11699.6298828125,-6127.169921875,-400000.0625,-18773.1796875,-400000.0625,-4891.919921875,-400000.0625
227.25111031532288,-400000.0625,-11702.58984375,-6133.41015625,-400000.0625,-18792.490234375,-400000.0625,-4888.009765625,-400000.0625
227.30378365516663,-400000.0625,-11675.3603515625,-6118.25,-400000.0625,-18784.669921875,-400000.0625,-4877.419921875,-400000.0625
227.32252955436707,-400000.0625,-11662.580078125,-6107.330078125,-400000.0625,-18778.330078125,-400000.0625,-4871.93994140625,-400000.0625
227.33990740776062,-400000.0625,-11654.759765625,-6106.66015625,-400000.0625,-18776.66015625,-400000.0625,-4872.75,-400000.0625
227.36109972000122,-400000.0625,-11658.3798828125,-6110.0,-400000.0625,-18782.279296875,-400000.0625,-4879.759765625,-400000.0625
227.4068305492401,-400000.0625,-11661.91015625,-6109.9501953125,-400000.0625,-18792.25,-400000.0625,-4878.759765625,-400000.0625
227.4263710975647,-400000.0625,-11657.4296875,-6104.3701171875,-400000.0625,-18793.19921875,-400000.0625,-4871.509765625,-400000.0625
227.4437735080719,-400000.0625,-11653.51953125,-6099.990234375,-400000.0625,-18785.669921875,-400000.0625,-4863.259765625,-400000.0625
227.46459650993347,-400000.0625,-11642.98046875,-6092.02001953125,-400000.0625,-18778.0390625,-400000.0625,-4858.830078125,-400000.0625
227.5242486000061,-400000.0625,-11640.2197265625,-6089.1201171875,-400000.0625,-18777.0390625,-400000.0625,-4861.2099609375,-400000.0625
227.5440456867218,-400000.0625,-11658.0,-6104.990234375,-400000.0625,-18793.060546875,-400000.0625,-4875.7099609375,-400000.0625
227.56384086608887,-400000.0625,-11660.8203125,-6105.7099609375,-400000.0625,-18793.919921875,-400000.0625,-4879.18994140625,-400000.0625
227.57803177833557,-400000.0625,-11661.580078125,-6108.6201171875,-400000.0625,-18795.060546875,-400000.0625,-4877.18994140625,-400000.0625
227.63405919075012,-400000.0625,-11662.48046875,-6110.3798828125,-400000.0625,-18797.5,-400000.0625,-4876.759765625,-400000.0625
227.66194224357605,-400000.0625,-11669.6796875,-6114.52978515625,-400000.0625,-18802.650390625,-400000.0625,-4884.33984375,-400000.0625
227.68479204177856,-400000.0625,-11671.9697265625,-6115.2900390625,-400000.0625,-18799.5,-400000.0625,-4882.85986328125,-400000.0625
227.77251148223877,-400000.0625,-11662.5302734375,-6104.7998046875,-400000.0625,-18792.349609375,-400000.0625,-4873.27978515625,-400000.0625
227.79911494255066,-400000.0625,-11653.1904296875,-6095.02978515625,-400000.0625,-18788.390625,-400000.0625,-4863.4501953125,-400000.0625
227.87351751327515,-400000.0625,-11650.7998046875,-6094.4599609375,-400000.0625,-18787.150390625,-400000.0625,-4861.16015625,-400000.0625
227.89540600776672,-400000.0625,-11653.51953125,-6096.509765625,-400000.0625,-18788.76953125,-400000.0625,-4861.64013671875,-400000.0625
227.9166042804718,-400000.0625,-11657.1396484375,-6098.02978515625,-400000.0625,-18787.9609375,-400000.0625,-4867.1298828125,-400000.0625
227.98631310462952,-400000.0625,-11666.8203125,-6106.14013671875,-400000.0625,-18798.779296875,-400000.0625,-4875.14013671875,-400000.0625
228.00695514678955,-400000.0625,-11670.6396484375,-6108.330078125,-400000.0625,-18810.23046875,-400000.0625,-4878.52001953125,-400000.0625
228.0328607559204,-400000.0625,-11674.6904296875,-6112.33984375,-400000.0625,-18807.939453125,-400000.0625,-4880.2900390625,-400000.0625
228.0996675491333,-400000.0625,-11669.58984375,-6107.0400390625,-400000.0625,-18801.640625,-400000.0625,-4880.240234375,-400000.0625
228.1254358291626,-400000.0625,-11665.3896484375,-6101.080078125,-400000.0625,-18798.9296875,-400000.0625,-4877.0,-400000.0625
228.14254522323608,-400000.0625,-11660.7197265625,-6097.41015625,-400000.0625,-18796.640625,-400000.0625,-4872.990234375,-400000.0625
228.19095253944397,-400000.0625,-11654.08984375,-6089.8798828125,-400000.0625,-18787.48046875,-400000.0625,-4862.830078125,-400000.0625
228.21148943901062,-400000.0625,-11659.5302734375,-6095.83984375,-400000.0625,-18779.51953125,-400000.0625,-4868.31982421875,-400000.0625
228.22166657447815,-400000.0625,-11671.830078125,-6107.85986328125,-400000.0625,-18795.060546875,-400000.0625,-4879.56982421875,-400000.0625
228.24423098564148,-400000.0625,-11676.7900390625,-6110.33984375,-400000.0625,-18809.509765625,-400000.0625,-4886.33984375,-400000.0625
228.30070185661316,-400000.0625,-11674.01953125,-6105.7099609375,-400000.0625,-18805.939453125,-400000.0625,-4884.47998046875,-400000.0625
228.32017302513123,-400000.0625,-11667.8701171875,-6099.3701171875,-400000.0625,-18798.01953125,-400000.0625,-4875.3701171875,-400000.0625
228.3414433002472,-400000.0625,-11666.8701171875,-6096.7900390625,-400000.0625,-18792.630859375,-400000.0625,-4873.08984375,-400000.0625
228.35813355445862,-400000.0625,-11673.740234375,-6102.18017578125,-400000.0625,-18798.5390625,-400000.0625,-4882.14990234375,-400000.0625
228.416321516037,-400000.0625,-11676.599609375,-6103.7099609375,-400000.0625,-18802.359375,-400000.0625,-4886.8701171875,-400000.0625
228.440358877182,-400000.0625,-11668.16015625,-6095.22021484375,-400000.0625,-18794.400390625,-400000.0625,-4880.52001953125,-400000.0625
228.45445656776428,-400000.0625,-11661.9599609375,-6091.4501953125,-400000.0625,-18791.76953125,-400000.0625,-4875.14013671875,-400000.0625
228.47619771957397,-400000.0625,-11668.6796875,-6095.93017578125,-400000.0625,-18792.150390625,-400000.0625,-4878.47021484375,-400000.0625
228.53206753730774,-400000.0625,-11676.4599609375,-6103.08984375,-400000.0625,-18796.919921875,-400000.0625,-4885.9599609375,-400000.0625
228.55445909500122,-400000.0625,-11687.759765625,-6113.2900390625,-400000.0625,-18807.26953125,-400000.0625,-4895.77978515625,-400000.0625
228.57802319526672,-400000.0625,-11684.419921875,-6112.0,-400000.0625,-18805.3203125,-400000.0625,-4896.35986328125,-400000.0625
228.62133717536926,-400000.0625,-11679.1298828125,-6106.0400390625,-400000.0625,-18800.830078125,-400000.0625,-4890.06005859375,-400000.0625
228.63835453987122,-400000.0625,-11678.509765625,-6102.18017578125,-400000.0625,-18797.01953125,-400000.0625,-4887.43994140625,-400000.0625
228.6558153629303,-400000.0625,-11674.3603515625,-6099.4599609375,-400000.0625,-18787.099609375,-400000.0625,-4887.2001953125,-400000.0625
228.68139243125916,-400000.0625,-11677.080078125,-6102.0400390625,-400000.0625,-18790.6796875,-400000.0625,-4888.6298828125,-400000.0625
228.75657892227173,-400000.0625,-11690.08984375,-6111.10009765625,-400000.0625,-18802.650390625,-400000.0625,-4894.06982421875,-400000.0625
228.78184866905212,-400000.0625,-11688.5703125,-6110.85986328125,-400000.0625,-18811.3203125,-400000.0625,-4898.169921875,-400000.0625
228.84913325309753,-400000.0625,-11685.1298828125,-6110.3798828125,-400000.0625,-18810.419921875,-400000.0625,-4900.89013671875,-400000.0625
228.86833333969116,-400000.0625,-11693.0,-6114.9599609375,-400000.0625,-18811.990234375,-400000.0625,-4909.52001953125,-400000.0625
228.8871099948883,-400000.0625,-11693.9599609375,-6115.14990234375,-400000.0625,-18812.279296875,-400000.0625,-4906.75,-400000.0625
228.94944977760315,-400000.0625,-11686.5595703125,-6108.7099609375,-400000.0625,-18806.029296875,-400000.0625,-4898.169921875,-400000.0625
228.97418236732483,-400000.0625,-11676.83984375,-6099.990234375,-400000.0625,-18792.76953125,-400000.0625,-4891.2099609375,-400000.0625
228.99255537986755,-400000.0625,-11670.01953125,-6095.1201171875,-400000.0625,-18787.91015625,-400000.0625,-4884.14990234375,-400000.0625
229.0308802127838,-400000.0625,-11681.419921875,-6103.419921875,-400000.0625,-18802.740234375,-400000.0625,-4894.8798828125,-400000.0625
229.06052017211914,-400000.0625,-11691.5703125,-6114.77001953125,-400000.0625,-18813.330078125,-400000.0625,-4905.64990234375,-400000.0625
229.0771520137787,-400000.0625,-11685.1298828125,-6113.580078125,-400000.0625,-18809.26953125,-400000.0625,-4901.7900390625,-400000.0625
229.09586548805237,-400000.0625,-11681.3701171875,-6105.3798828125,-400000.0625,-18802.650390625,-400000.0625,-4893.10986328125,-400000.0625
229.15156769752502,-400000.0625,-11684.4697265625,-6105.89990234375,-400000.0625,-18799.58984375,-400000.0625,-4889.5400390625,-400000.0625
229.1660931110382,-400000.0625,-11691.1904296875,-6112.18994140625,-400000.0625,-18807.7890625,-400000.0625,-4890.5400390625,-400000.0625
229.19006872177124,-400000.0625,-11681.509765625,-6108.27978515625,-400000.0625,-18806.26953125,-400000.0625,-4882.2900390625,-400000.0625
229.20455527305603,-400000.0625,-11683.26953125,-6110.6201171875,-400000.0625,-18803.41015625,-400000.0625,-4881.10009765625,-400000.0625
229.26569867134094,-400000.0625,-11685.1298828125,-6112.43017578125,-400000.0625,-18807.990234375,-400000.0625,-4875.14013671875,-400000.0625
229.28766560554504,-400000.0625,-11695.150390625,-6124.77978515625,-400000.0625,-18820.619140625,-400000.0625,-4882.91015625,-400000.0625
229.3048496246338,-400000.0625,-11693.91015625,-6125.93017578125,-400000.0625,-18824.009765625,-400000.0625,-4888.14990234375,-400000.0625
229.3568811416626,-400000.0625,-11677.41015625,-6119.10986328125,-400000.0625,-18812.560546875,-400000.0625,-4888.72998046875,-400000.0625
229.37397265434265,-400000.0625,-11671.3095703125,-6114.43994140625,-400000.0625,-18807.509765625,-400000.0625,-4878.6201171875,-400000.0625
229.3941695690155,-400000.0625,-11660.3896484375,-6102.3701171875,-400000.0625,-18799.259765625,-400000.0625,-4869.990234375,-400000.0625
229.4062943458557,-400000.0625,-11658.240234375,-6100.60986328125,-400000.0625,-18793.6796875,-400000.0625,-4866.740234375,-400000.0625
229.45289540290833,-400000.0625,-11672.2099609375,-6109.9501953125,-400000.0625,-18810.849609375,-400000.0625,-4876.56982421875,-400000.0625
229.47053027153015,-400000.0625,-11673.6396484375,-6111.6201171875,-400000.0625,-18813.140625,-400000.0625,-4880.3798828125,-400000.0625
229.48313546180725,-400000.0625,-11676.3603515625,-6112.669921875,-400000.0625,-18813.7109375,-400000.0625,-4881.10009765625,-400000.0625
229.50315070152283,-400000.0625,-11679.83984375,-6114.580078125,-400000.0625,-18816.810546875,-400000.0625,-4886.43994140625,-400000.0625
229.51490116119385,-400000.0625,-11677.740234375,-6113.2900390625,-400000.0625,-18817.900390625,-400000.0625,-4885.81982421875,-400000.0625
229.56474781036377,-400000.0625,-11679.3603515625,-6113.240234375,-400000.0625,-18813.1796875,-400000.0625,-4884.72021484375,-400000.0625
229.5822455883026,-400000.0625,-11673.7900390625,-6107.66015625,-400000.0625,-18805.939453125,-400000.0625,-4879.56982421875,-400000.0625
229.60101652145386,-400000.0625,-11667.6796875,-6103.419921875,-400000.0625,-18800.400390625,-400000.0625,-4871.3701171875,-400000.0625
229.62167406082153,-400000.0625,-11679.3603515625,-6115.009765625,-400000.0625,-18810.560546875,-400000.0625,-4879.9501953125,-400000.0625
229.7493052482605,-400000.0625,-11686.900390625,-6121.8701171875,-400000.0625,-18814.380859375,-400000.0625,-4886.72021484375,-400000.0625
229.82644081115723,-400000.0625,-11691.0,-6124.68994140625,-400000.0625,-18820.91015625,-400000.0625,-4886.580078125,-400000.0625
229.8519368171692,-400000.0625,-11684.3701171875,-6115.47998046875,-400000.0625,-18811.470703125,-400000.0625,-4878.759765625,-400000.0625
229.903235912323,-400000.0625,-11684.3701171875,-6115.06005859375,-400000.0625,-18808.939453125,-400000.0625,-4880.7099609375,-400000.0625
229.9289746284485,-400000.0625,-11689.5703125,-6118.490234375,-400000.0625,-18819.94921875,-400000.0625,-4887.52978515625,-400000.0625
229.96294522285461,-400000.0625,-11692.48046875,-6120.8701171875,-400000.0625,-18821.9609375,-400000.0625,-4892.64013671875,-400000.0625
230.01885390281677,-400000.0625,-11692.1904296875,-6119.06005859375,-400000.0625,-18818.810546875,-400000.0625,-4890.97021484375,-400000.0625
230.04038166999817,-400000.0625,-11685.23046875,-6114.52978515625,-400000.0625,-18814.140625,-400000.0625,-4890.6298828125,-400000.0625
230.07372498512268,-400000.0625,-11675.0302734375,-6102.60986328125,-400000.0625,-18806.080078125,-400000.0625,-4879.14013671875,-400000.0625
230.1496138572693,-400000.0625,-11673.5,-6102.1298828125,-400000.0625,-18803.169921875,-400000.0625,-4879.0498046875,-400000.0625
230.1982364654541,-400000.0625,-11681.650390625,-6112.39013671875,-400000.0625,-18814.0390625,-400000.0625,-4888.39013671875,-400000.0625
230.24792456626892,-400000.0625,-11689.66015625,-6117.8701171875,-400000.0625,-18814.66015625,-400000.0625,-4891.35009765625,-400000.0625
230.29080963134766,-400000.0625,-11691.1396484375,-6115.72021484375,-400000.0625,-18812.609375,-400000.0625,-4889.2001953125,-400000.0625
230.3182556629181,-400000.0625,-11685.7998046875,-6108.9501953125,-400000.0625,-18812.990234375,-400000.0625,-4888.72998046875,-400000.0625
230.36635994911194,-400000.0625,-11680.7998046875,-6104.3701171875,-400000.0625,-18808.1796875,-400000.0625,-4885.240234375,-400000.0625
230.42201137542725,-400000.0625,-11680.3203125,-6106.3798828125,-400000.0625,-18802.689453125,-400000.0625,-4889.2998046875,-400000.0625
230.4862825870514,-400000.0625,-11690.4697265625,-6113.52978515625,-400000.0625,-18815.849609375,-400000.0625,-4895.740234375,-400000.0625
230.50867581367493,-400000.0625,-11693.1904296875,-6110.9599609375,-400000.0625,-18814.609375,-400000.0625,-4890.97021484375,-400000.0625
230.52640175819397,-400000.0625,-11685.7099609375,-6104.66015625,-400000.0625,-18804.169921875,-400000.0625,-4890.490234375,-400000.0625
230.58318305015564,-400000.0625,-11691.5703125,-6111.9599609375,-400000.0625,-18811.900390625,-400000.0625,-4894.97021484375,-400000.0625
230.60603952407837,-400000.0625,-11703.830078125,-6125.64013671875,-400000.0625,-18819.759765625,-400000.0625,-4899.7900390625,-400000.0625
230.63576006889343,-400000.0625,-11706.8798828125,-6126.8798828125,-400000.0625,-18823.240234375,-400000.0625,-4904.080078125,-400000.0625
230.70667219161987,-400000.0625,-11703.919921875,-6120.2099609375,-400000.0625,-18819.140625,-400000.0625,-4904.4599609375,-400000.0625
230.73880577087402,-400000.0625,-11701.8701171875,-6117.06005859375,-400000.0625,-18817.380859375,-400000.0625,-4900.5498046875,-400000.0625
230.7915289402008,-400000.0625,-11700.9697265625,-6114.10009765625,-400000.0625,-18814.94921875,-400000.0625,-4899.35986328125,-400000.0625
230.80298137664795,-400000.0625,-11683.7998046875,-6101.1298828125,-400000.0625,-18803.83984375,-400000.0625,-4889.5400390625,-400000.0625
230.8114755153656,-400000.0625,-11682.6103515625,-6101.22998046875,-400000.0625,-18798.400390625,-400000.0625,-4888.10986328125,-400000.0625
230.82900500297546,-400000.0625,-11709.98046875,-6125.06982421875,-400000.0625,-18820.859375,-400000.0625,-4911.759765625,-400000.0625
230.8389275074005,-400000.0625,-11719.08984375,-6130.509765625,-400000.0625,-18830.060546875,-400000.0625,-4916.56982421875,-400000.0625
230.86947178840637,-400000.0625,-11712.41015625,-6123.5,-400000.0625,-18819.619140625,-400000.0625,-4912.08984375,-400000.0625
230.87812209129333,-400000.0625,-11700.919921875,-6115.8701171875,-400000.0625,-18809.419921875,-400000.0625,-4905.080078125,-400000.0625
230.88927388191223,-400000.0625,-11701.8701171875,-6118.580078125,-400000.0625,-18815.94921875,-400000.0625,-4905.75,-400000.0625
230.90155458450317,-400000.0625,-11706.5,-6121.2099609375,-400000.0625,-18814.66015625,-400000.0625,-4913.330078125,-400000.0625
230.90983247756958,-400000.0625,-11698.3896484375,-6112.77001953125,-400000.0625,-18804.359375,-400000.0625,-4909.330078125,-400000.0625
230.93129205703735,-400000.0625,-11694.8095703125,-6108.330078125,-400000.0625,-18800.310546875,-400000.0625,-4902.02978515625,-400000.0625
230.94012689590454,-400000.0625,-11701.2998046875,-6116.81982421875,-400000.0625,-18813.470703125,-400000.0625,-4907.75,-400000.0625
230.9682857990265,-400000.0625,-11704.2099609375,-6117.77001953125,-400000.0625,-18814.66015625,-400000.0625,-4907.7998046875,-400000.0625
230.97666382789612,-400000.0625,-11718.7998046875,-6126.06982421875,-400000.0625,-18820.140625,-400000.0625,-4919.85986328125,-400000.0625
230.98652243614197,-400000.0625,-11721.7998046875,-6130.740234375,-400000.0625,-18821.05078125,-400000.0625,-4922.2998046875,-400000.0625
230.99593949317932,-400000.0625,-11706.8798828125,-6113.52978515625,-400000.0625,-18808.3203125,-400000.0625,-4911.759765625,-400000.0625
231.00710439682007,-400000.0625,-11702.6298828125,-6110.669921875,-400000.0625,-18808.509765625,-400000.0625,-4904.1298828125,-400000.0625
231.0296847820282,-400000.0625,-11711.7900390625,-6121.490234375,-400000.0625,-18819.94921875,-400000.0625,-4910.7998046875,-400000.0625
231.0389633178711,-400000.0625,-11721.51953125,-6128.169921875,-400000.0625,-18819.720703125,-400000.0625,-4922.009765625,-400000.0625
231.04990768432617,-400000.0625,-11727.669921875,-6134.1298828125,-400000.0625,-18824.33984375,-400000.0625,-4928.16015625,-400000.0625
231.08066749572754,-400000.0625,-11714.509765625,-6121.919921875,-400000.0625,-18818.140625,-400000.0625,-4916.52978515625,-400000.0625
231.09259009361267,-400000.0625,-11707.9697265625,-6114.25,-400000.0625,-18806.75,-400000.0625,-4908.66015625,-400000.0625
231.1052541732788,-400000.0625,-11715.26953125,-6120.06005859375,-400000.0625,-18811.900390625,-400000.0625,-4911.47021484375,-400000.0625
231.11890077590942,-400000.0625,-11723.6201171875,-6130.5498046875,-400000.0625,-18819.4296875,-400000.0625,-4919.47998046875,-400000.0625
231.1333146095276,-400000.0625,-11724.240234375,-6130.64990234375,-400000.0625,-18818.48046875,-400000.0625,-4922.9599609375,-400000.0625
231.1440577507019,-400000.0625,-11722.51953125,-6126.35986328125,-400000.0625,-18815.0,-400000.0625,-4920.0498046875,-400000.0625
231.1560776233673,-400000.0625,-11717.3203125,-6118.68017578125,-400000.0625,-18804.26953125,-400000.0625,-4914.81005859375,-400000.0625
231.19060754776,-400000.0625,-11714.7900390625,-6117.43994140625,-400000.0625,-18813.94921875,-400000.0625,-4915.52001953125,-400000.0625
231.20193552970886,-400000.0625,-11725.7099609375,-6126.93017578125,-400000.0625,-18823.48046875,-400000.0625,-4923.43994140625,-400000.0625
231.21148705482483,-400000.0625,-11738.830078125,-6133.990234375,-400000.0625,-18828.73046875,-400000.0625,-4936.64990234375,-400000.0625
231.23011946678162,-400000.0625,-11735.580078125,-6132.080078125,-400000.0625,-18824.91015625,-400000.0625,-4927.68017578125,-400000.0625
231.23975348472595,-400000.0625,-11727.8603515625,-6124.8798828125,-400000.0625,-18817.380859375,-400000.0625,-4907.31982421875,-400000.0625
231.25045323371887,-400000.0625,-11723.5703125,-6124.77978515625,-400000.0625,-18813.80078125,-400000.0625,-4894.68994140625,-400000.0625
231.2634949684143,-400000.0625,-11731.4404296875,-6135.3701171875,-400000.0625,-18814.51953125,-400000.0625,-4889.77001953125,-400000.0625
231.3021330833435,-400000.0625,-11742.740234375,-6148.009765625,-400000.0625,-18825.009765625,-400000.0625,-4894.2998046875,-400000.0625
231.3118987083435,-400000.0625,-11747.98046875,-6155.58984375,-400000.0625,-18827.76953125,-400000.0625,-4888.72998046875,-400000.0625
231.32687282562256,-400000.0625,-11732.4404296875,-6148.81982421875,-400000.0625,-18815.619140625,-400000.0625,-4868.64990234375,-400000.0625
231.35888028144836,-400000.0625,-11727.759765625,-6149.85986328125,-400000.0625,-18809.990234375,-400000.0625,-4855.5400390625,-400000.0625
231.3785285949707,-400000.0625,-11745.740234375,-6166.31982421875,-400000.0625,-18826.19921875,-400000.0625,-4864.1201171875,-400000.0625
231.43131852149963,-400000.0625,-11754.23046875,-6176.27978515625,-400000.0625,-18832.5,-400000.0625,-4866.93017578125,-400000.0625
231.45414352416992,-400000.0625,-11740.6396484375,-6163.83984375,-400000.0625,-18818.330078125,-400000.0625,-4859.77978515625,-400000.0625
231.48139476776123,-400000.0625,-11726.08984375,-6149.009765625,-400000.0625,-18807.41015625,-400000.0625,-4852.580078125,-400000.0625
231.53756189346313,-400000.0625,-11727.099609375,-6147.580078125,-400000.0625,-18807.69921875,-400000.0625,-4851.72021484375,-400000.0625
231.55635905265808,-400000.0625,-11743.3095703125,-6160.5,-400000.0625,-18820.720703125,-400000.0625,-4871.3701171875,-400000.0625
231.57707238197327,-400000.0625,-11764.240234375,-6178.14013671875,-400000.0625,-18837.119140625,-400000.0625,-4889.35009765625,-400000.0625
231.60429620742798,-400000.0625,-11749.9404296875,-6165.22021484375,-400000.0625,-18822.0,-400000.0625,-4879.14013671875,-400000.0625
231.6601378917694,-400000.0625,-11735.4404296875,-6154.10986328125,-400000.0625,-18813.51953125,-400000.0625,-4863.60009765625,-400000.0625
231.67965579032898,-400000.0625,-11743.1201171875,-6161.2099609375,-400000.0625,-18823.669921875,-400000.0625,-4865.02978515625,-400000.0625
231.70180654525757,-400000.0625,-11753.849609375,-6169.83984375,-400000.0625,-18829.439453125,-400000.0625,-4877.52001953125,-400000.0625
231.73254919052124,-400000.0625,-11761.6201171875,-6174.7998046875,-400000.0625,-18833.73046875,-400000.0625,-4881.240234375,-400000.0625
231.79221320152283,-400000.0625,-11752.9404296875,-6164.1201171875,-400000.0625,-18823.76953125,-400000.0625,-4872.18017578125,-400000.0625
231.81153917312622,-400000.0625,-11745.4501953125,-6156.39990234375,-400000.0625,-18817.240234375,-400000.0625,-4865.83984375,-400000.0625
231.8374536037445,-400000.0625,-11751.0302734375,-6163.06982421875,-400000.0625,-18818.140625,-400000.0625,-4869.83984375,-400000.0625
231.8678741455078,-400000.0625,-11760.669921875,-6169.02978515625,-400000.0625,-18819.0,-400000.0625,-4882.3798828125,-400000.0625
231.87644028663635,-400000.0625,-11769.580078125,-6176.18994140625,-400000.0625,-18837.310546875,-400000.0625,-4891.25,-400000.0625
231.89142274856567,-400000.0625,-11764.150390625,-6169.22021484375,-400000.0625,-18835.9296875,-400000.0625,-4880.0498046875,-400000.0625
231.90208053588867,-400000.0625,-11750.169921875,-6157.259765625,-400000.0625,-18820.759765625,-400000.0625,-4867.93994140625,-400000.0625
231.91005516052246,-400000.0625,-11745.650390625,-6151.490234375,-400000.0625,-18813.1796875,-400000.0625,-4863.68994140625,-400000.0625
231.9207639694214,-400000.0625,-11755.08984375,-6159.830078125,-400000.0625,-18816.66015625,-400000.0625,-4874.419921875,-400000.0625
231.93479418754578,-400000.0625,-11754.23046875,-6158.64013671875,-400000.0625,-18815.330078125,-400000.0625,-4874.56005859375,-400000.0625
231.94324922561646,-400000.0625,-11754.5595703125,-6157.58984375,-400000.0625,-18815.470703125,-400000.0625,-4871.080078125,-400000.0625
231.9723653793335,-400000.0625,-11760.330078125,-6165.1201171875,-400000.0625,-18828.439453125,-400000.0625,-4880.759765625,-400000.0625
231.9820032119751,-400000.0625,-11760.669921875,-6166.31982421875,-400000.0625,-18826.19921875,-400000.0625,-4886.72021484375,-400000.0625
231.99309301376343,-400000.0625,-11760.3798828125,-6161.97998046875,-400000.0625,-18820.2890625,-400000.0625,-4885.0498046875,-400000.0625
232.00454449653625,-400000.0625,-11764.7197265625,-6164.60009765625,-400000.0625,-18826.109375,-400000.0625,-4891.58984375,-400000.0625
232.01636910438538,-400000.0625,-11763.33984375,-6163.83984375,-400000.0625,-18826.19921875,-400000.0625,-4888.580078125,-400000.0625
232.027850151062,-400000.0625,-11749.1298828125,-6153.580078125,-400000.0625,-18814.66015625,-400000.0625,-4871.7001953125,-400000.0625
232.04206347465515,-400000.0625,-11756.08984375,-6160.97998046875,-400000.0625,-18818.189453125,-400000.0625,-4874.52001953125,-400000.0625
232.05442786216736,-400000.0625,-11772.8701171875,-6172.509765625,-400000.0625,-18827.25,-400000.0625,-4884.77001953125,-400000.0625
232.0828821659088,-400000.0625,-11774.830078125,-6171.89013671875,-400000.0625,-18828.490234375,-400000.0625,-4890.919921875,-400000.0625
232.09674263000488,-400000.0625,-11768.7197265625,-6165.22021484375,-400000.0625,-18826.919921875,-400000.0625,-4884.72021484375,-400000.0625
232.1060836315155,-400000.0625,-11750.990234375,-6152.490234375,-400000.0625,-18813.369140625,-400000.0625,-4868.75,-400000.0625
232.12324380874634,-400000.0625,-11749.169921875,-6151.580078125,-400000.0625,-18806.3203125,-400000.0625,-4867.89013671875,-400000.0625
232.13260865211487,-400000.0625,-11763.91015625,-6160.35986328125,-400000.0625,-18822.0,-400000.0625,-4885.14990234375,-400000.0625
232.14081406593323,-400000.0625,-11773.6796875,-6166.64990234375,-400000.0625,-18830.060546875,-400000.0625,-4895.1201171875,-400000.0625
232.14995098114014,-400000.0625,-11769.33984375,-6163.169921875,-400000.0625,-18827.25,-400000.0625,-4885.39013671875,-400000.0625
232.1611475944519,-400000.0625,-11761.759765625,-6159.4501953125,-400000.0625,-18821.189453125,-400000.0625,-4879.669921875,-400000.0625
232.19038343429565,-400000.0625,-11757.2802734375,-6152.919921875,-400000.0625,-18817.380859375,-400000.0625,-4875.990234375,-400000.0625
232.20107054710388,-400000.0625,-11765.2900390625,-6157.830078125,-400000.0625,-18822.859375,-400000.0625,-4884.669921875,-400000.0625
232.2095832824707,-400000.0625,-11778.3095703125,-6167.97998046875,-400000.0625,-18827.390625,-400000.0625,-4899.02978515625,-400000.0625
232.2281882762909,-400000.0625,-11772.16015625,-6163.06982421875,-400000.0625,-18823.2890625,-400000.0625,-4895.39990234375,-400000.0625
232.2374575138092,-400000.0625,-11758.419921875,-6150.8701171875,-400000.0625,-18811.3203125,-400000.0625,-4875.9501953125,-400000.0625
232.2463972568512,-400000.0625,-11764.580078125,-6155.35009765625,-400000.0625,-18813.419921875,-400000.0625,-4880.10009765625,-400000.0625
232.25785517692566,-400000.0625,-11781.3603515625,-6169.419921875,-400000.0625,-18827.30078125,-400000.0625,-4898.06982421875,-400000.0625
232.26761412620544,-400000.0625,-11788.8896484375,-6175.22998046875,-400000.0625,-18832.16015625,-400000.0625,-4905.02978515625,-400000.0625
232.29614734649658,-400000.0625,-11781.259765625,-6167.169921875,-400000.0625,-18827.390625,-400000.0625,-4895.39990234375,-400000.0625
232.30538034439087,-400000.0625,-11770.919921875,-6158.16015625,-400000.0625,-18819.189453125,-400000.0625,-4887.009765625,-400000.0625
232.31553864479065,-400000.0625,-11773.16015625,-6162.06982421875,-400000.0625,-18822.91015625,-400000.0625,-4897.68994140625,-400000.0625
232.32791996002197,-400000.0625,-11780.7900390625,-6168.990234375,-400000.0625,-18829.439453125,-400000.0625,-4901.97998046875,-400000.0625
232.3410050868988,-400000.0625,-11785.4599609375,-6169.64990234375,-400000.0625,-18829.30078125,-400000.0625,-4904.93994140625,-400000.0625
232.3730456829071,-400000.0625,-11772.58984375,-6159.16015625,-400000.0625,-18818.669921875,-400000.0625,-4891.97021484375,-400000.0625
232.43654799461365,-400000.0625,-11767.150390625,-6152.77001953125,-400000.0625,-18810.080078125,-400000.0625,-4881.0498046875,-400000.0625
232.46243381500244,-400000.0625,-11774.490234375,-6157.35009765625,-400000.0625,-18815.0390625,-400000.0625,-4887.919921875,-400000.0625
232.48601412773132,-400000.0625,-11782.3603515625,-6165.89013671875,-400000.0625,-18819.380859375,-400000.0625,-4897.31005859375,-400000.0625
232.53921008110046,-400000.0625,-11791.1396484375,-6173.89990234375,-400000.0625,-18820.48046875,-400000.0625,-4908.990234375,-400000.0625
232.56161308288574,-400000.0625,-11785.41015625,-6169.93994140625,-400000.0625,-18824.720703125,-400000.0625,-4904.7001953125,-400000.0625
232.5811312198639,-400000.0625,-11779.5,-6162.97998046875,-400000.0625,-18821.9609375,-400000.0625,-4889.77001953125,-400000.0625
232.59809279441833,-400000.0625,-11781.650390625,-6164.02978515625,-400000.0625,-18823.720703125,-400000.0625,-4890.97021484375,-400000.0625
232.64912390708923,-400000.0625,-11786.8896484375,-6168.31982421875,-400000.0625,-18823.669921875,-400000.0625,-4896.97998046875,-400000.0625
232.66692471504211,-400000.0625,-11793.6103515625,-6170.1298828125,-400000.0625,-18828.25,-400000.0625,-4908.18017578125,-400000.0625
232.69046449661255,-400000.0625,-11793.6103515625,-6171.75,-400000.0625,-18833.2109375,-400000.0625,-4908.0400390625,-400000.0625
232.7047622203827,-400000.0625,-11784.599609375,-6163.5498046875,-400000.0625,-18820.33984375,-400000.0625,-4897.8798828125,-400000.0625
232.79231452941895,-400000.0625,-11779.830078125,-6157.72998046875,-400000.0625,-18814.380859375,-400000.0625,-4893.830078125,-400000.0625
232.80972623825073,-400000.0625,-11795.3798828125,-6170.93994140625,-400000.0625,-18828.490234375,-400000.0625,-4910.0400390625,-400000.0625
232.88166522979736,-400000.0625,-11808.58984375,-6180.14013671875,-400000.0625,-18833.73046875,-400000.0625,-4917.10009765625,-400000.0625
232.9013032913208,-400000.0625,-11805.5400390625,-6177.14013671875,-400000.0625,-18831.30078125,-400000.0625,-4912.14013671875,-400000.0625
232.92557764053345,-400000.0625,-11794.900390625,-6168.41015625,-400000.0625,-18826.25,-400000.0625,-4902.97998046875,-400000.0625
232.97540426254272,-400000.0625,-11793.5703125,-6168.64990234375,-400000.0625,-18822.619140625,-400000.0625,-4904.22021484375,-400000.0625
233.00022220611572,-400000.0625,-11802.0498046875,-6173.18017578125,-400000.0625,-18824.91015625,-400000.0625,-4911.27978515625,-400000.0625
233.02391600608826,-400000.0625,-11814.0703125,-6184.009765625,-400000.0625,-18835.359375,-400000.0625,-4919.580078125,-400000.0625
233.03916239738464,-400000.0625,-11809.01953125,-6178.18994140625,-400000.0625,-18831.919921875,-400000.0625,-4916.0,-400000.0625
233.0968201160431,-400000.0625,-11785.169921875,-6158.35009765625,-400000.0625,-18818.08984375,-400000.0625,-4898.97998046875,-400000.0625
233.1156506538391,-400000.0625,-11778.9296875,-6150.06005859375,-400000.0625,-18812.609375,-400000.0625,-4893.259765625,-400000.0625
233.13319444656372,-400000.0625,-11797.8603515625,-6164.740234375,-400000.0625,-18825.529296875,-400000.0625,-4912.7099609375,-400000.0625
233.1553864479065,-400000.0625,-11809.4501953125,-6175.08984375,-400000.0625,-18830.869140625,-400000.0625,-4919.39013671875,-400000.0625
233.20083498954773,-400000.0625,-11810.0703125,-6177.9501953125,-400000.0625,-18831.970703125,-400000.0625,-4916.85986328125,-400000.0625
233.2252631187439,-400000.0625,-11800.0,-6170.080078125,-400000.0625,-18825.630859375,-400000.0625,-4908.18017578125,-400000.0625
233.2366006374359,-400000.0625,-11803.099609375,-6170.4599609375,-400000.0625,-18820.859375,-400000.0625,-4906.419921875,-400000.0625
233.25516176223755,-400000.0625,-11816.4599609375,-6181.77001953125,-400000.0625,-18833.779296875,-400000.0625,-4920.580078125,-400000.0625
233.26900911331177,-400000.0625,-11827.7998046875,-6187.6298828125,-400000.0625,-18838.220703125,-400000.0625,-4927.35009765625,-400000.0625
233.32801270484924,-400000.0625,-11816.0703125,-6174.47021484375,-400000.0625,-18827.919921875,-400000.0625,-4918.14990234375,-400000.0625
233.34543108940125,-400000.0625,-11797.0498046875,-6159.97021484375,-400000.0625,-18823.33984375,-400000.0625,-4896.77978515625,-400000.0625
233.36815285682678,-400000.0625,-11792.4697265625,-6163.64990234375,-400000.0625,-18820.5703125,-400000.0625,-4893.68017578125,-400000.0625
233.38853406906128,-400000.0625,-11816.1201171875,-6183.91015625,-400000.0625,-18832.349609375,-400000.0625,-4908.18017578125,-400000.0625
233.4333393573761,-400000.0625,-11832.0498046875,-6194.68994140625,-400000.0625,-18839.220703125,-400000.0625,-4923.14990234375,-400000.0625
233.45907855033875,-400000.0625,-11829.900390625,-6192.39990234375,-400000.0625,-18837.740234375,-400000.0625,-4922.009765625,-400000.0625
233.4716923236847,-400000.0625,-11815.01953125,-6176.52001953125,-400000.0625,-18826.73046875,-400000.0625,-4900.64990234375,-400000.0625
233.49462294578552,-400000.0625,-11815.41015625,-6179.3798828125,-400000.0625,-18829.490234375,-400000.0625,-4903.75,-400000.0625
233.54272437095642,-400000.0625,-11830.9501953125,-6194.31005859375,-400000.0625,-18837.310546875,-400000.0625,-4923.2998046875,-400000.0625
233.5603437423706,-400000.0625,-11831.4296875,-6191.919921875,-400000.0625,-18837.0703125,-400000.0625,-4925.10986328125,-400000.0625
233.58123016357422,-400000.0625,-11818.740234375,-6181.669921875,-400000.0625,-18826.19921875,-400000.0625,-4908.27978515625,-400000.0625
233.59808492660522,-400000.0625,-11812.01953125,-6175.7099609375,-400000.0625,-18822.2890625,-400000.0625,-4902.22021484375,-400000.0625
233.65157556533813,-400000.0625,-11818.5498046875,-6181.43017578125,-400000.0625,-18825.9609375,-400000.0625,-4911.22998046875,-400000.0625
233.6786663532257,-400000.0625,-11840.0595703125,-6201.5498046875,-400000.0625,-18838.41015625,-400000.0625,-4927.97021484375,-400000.0625
233.6981599330902,-400000.0625,-11855.7900390625,-6214.08984375,-400000.0625,-18848.51953125,-400000.0625,-4940.419921875,-400000.0625
233.76140546798706,-400000.0625,-11839.33984375,-6197.4501953125,-400000.0625,-18838.7890625,-400000.0625,-4925.2998046875,-400000.0625
233.78147912025452,-400000.0625,-11818.3203125,-6179.52001953125,-400000.0625,-18826.25,-400000.0625,-4906.509765625,-400000.0625
233.80219769477844,-400000.0625,-11816.3603515625,-6178.47998046875,-400000.0625,-18824.669921875,-400000.0625,-4903.93994140625,-400000.0625
233.85320854187012,-400000.0625,-11825.900390625,-6185.9599609375,-400000.0625,-18830.73046875,-400000.0625,-4919.10009765625,-400000.0625
233.87802028656006,-400000.0625,-11837.4404296875,-6195.16015625,-400000.0625,-18836.880859375,-400000.0625,-4927.39990234375,-400000.0625
233.8907492160797,-400000.0625,-11828.6103515625,-6187.06005859375,-400000.0625,-18827.19921875,-400000.0625,-4917.0,-400000.0625
233.92423367500305,-400000.0625,-11818.9296875,-6180.3798828125,-400000.0625,-18824.869140625,-400000.0625,-4907.0400390625,-400000.0625
233.9902024269104,-400000.0625,-11824.3203125,-6183.33984375,-400000.0625,-18827.390625,-400000.0625,-4910.89990234375,-400000.0625
234.0110399723053,-400000.0625,-11840.3896484375,-6195.830078125,-400000.0625,-18837.029296875,-400000.0625,-4926.6298828125,-400000.0625
234.03421115875244,-400000.0625,-11849.740234375,-6203.56005859375,-400000.0625,-18846.0390625,-400000.0625,-4933.5498046875,-400000.0625
234.10735964775085,-400000.0625,-11841.16015625,-6195.35986328125,-400000.0625,-18838.599609375,-400000.0625,-4923.2998046875,-400000.0625
234.1377763748169,-400000.0625,-11817.26953125,-6172.85009765625,-400000.0625,-18827.25,-400000.0625,-4902.4599609375,-400000.0625
234.1874496936798,-400000.0625,-11820.169921875,-6176.14013671875,-400000.0625,-18825.91015625,-400000.0625,-4904.1298828125,-400000.0625
234.20306015014648,-400000.0625,-11841.7802734375,-6196.4501953125,-400000.0625,-18839.55078125,-400000.0625,-4925.490234375,-400000.0625
234.2263650894165,-400000.0625,-11844.9697265625,-6196.830078125,-400000.0625,-18839.029296875,-400000.0625,-4932.1201171875,-400000.0625
234.24742126464844,-400000.0625,-11836.9599609375,-6188.580078125,-400000.0625,-18832.259765625,-400000.0625,-4925.43994140625,-400000.0625
234.2961940765381,-400000.0625,-11827.1396484375,-6178.9501953125,-400000.0625,-18827.490234375,-400000.0625,-4913.47021484375,-400000.0625
234.31748414039612,-400000.0625,-11831.5703125,-6183.10009765625,-400000.0625,-18830.5390625,-400000.0625,-4910.419921875,-400000.0625
234.34319472312927,-400000.0625,-11848.2099609375,-6197.740234375,-400000.0625,-18841.3203125,-400000.0625,-4926.490234375,-400000.0625
234.35829997062683,-400000.0625,-11853.1201171875,-6198.64990234375,-400000.0625,-18836.310546875,-400000.0625,-4929.02001953125,-400000.0625
234.4224910736084,-400000.0625,-11838.150390625,-6185.06005859375,-400000.0625,-18822.619140625,-400000.0625,-4916.2900390625,-400000.0625
234.44853687286377,-400000.0625,-11830.08984375,-6179.9501953125,-400000.0625,-18828.919921875,-400000.0625,-4911.759765625,-400000.0625
234.4773805141449,-400000.0625,-11836.6298828125,-6180.669921875,-400000.0625,-18833.73046875,-400000.0625,-4916.9501953125,-400000.0625
234.5337016582489,-400000.0625,-11845.919921875,-6189.58984375,-400000.0625,-18834.44921875,-400000.0625,-4924.490234375,-400000.0625
234.56054019927979,-400000.0625,-11853.8896484375,-6196.58984375,-400000.0625,-18837.640625,-400000.0625,-4934.8798828125,-400000.0625
234.57978558540344,-400000.0625,-11846.7802734375,-6190.35009765625,-400000.0625,-18836.55078125,-400000.0625,-4929.64013671875,-400000.0625
234.6302661895752,-400000.0625,-11833.240234375,-6181.0,-400000.0625,-18819.759765625,-400000.0625,-4912.330078125,-400000.0625
234.65014553070068,-400000.0625,-11834.0,-6178.56982421875,-400000.0625,-18815.94921875,-400000.0625,-4909.47021484375,-400000.0625
234.67486763000488,-400000.0625,-11848.259765625,-6188.10986328125,-400000.0625,-18829.109375,-400000.0625,-4922.580078125,-400000.0625
234.69003701210022,-400000.0625,-11868.91015625,-6204.75,-400000.0625,-18845.69921875,-400000.0625,-4939.7998046875,-400000.0625
234.76504373550415,-400000.0625,-11864.330078125,-6204.56005859375,-400000.0625,-18850.470703125,-400000.0625,-4938.97998046875,-400000.0625
234.78377437591553,-400000.0625,-11840.5400390625,-6182.85986328125,-400000.0625,-18827.630859375,-400000.0625,-4917.85986328125,-400000.0625
234.80000019073486,-400000.0625,-11836.009765625,-6175.330078125,-400000.0625,-18817.470703125,-400000.0625,-4913.14013671875,-400000.0625
234.861257314682,-400000.0625,-11863.5703125,-6200.740234375,-400000.0625,-18840.69921875,-400000.0625,-4940.60986328125,-400000.0625
234.8901560306549,-400000.0625,-11874.25,-6209.18017578125,-400000.0625,-18847.08984375,-400000.0625,-4947.22998046875,-400000.0625
234.91225790977478,-400000.0625,-11861.7998046875,-6197.259765625,-400000.0625,-18834.779296875,-400000.0625,-4933.7900390625,-400000.0625
234.97800040245056,-400000.0625,-11844.6796875,-6184.2900390625,-400000.0625,-18825.099609375,-400000.0625,-4920.33984375,-400000.0625
235.0000605583191,-400000.0625,-11837.25,-6175.330078125,-400000.0625,-18817.810546875,-400000.0625,-4913.330078125,-400000.0625
235.0232834815979,-400000.0625,-11859.990234375,-6193.919921875,-400000.0625,-18829.349609375,-400000.0625,-4935.31005859375,-400000.0625
235.1182005405426,-400000.0625,-11877.490234375,-6209.56005859375,-400000.0625,-18842.26953125,-400000.0625,-4953.0,-400000.0625
235.1453537940979,-400000.0625,-11860.7099609375,-6194.77978515625,-400000.0625,-18832.400390625,-400000.0625,-4940.1298828125,-400000.0625
235.23080611228943,-400000.0625,-11843.73046875,-6177.66015625,-400000.0625,-18818.330078125,-400000.0625,-4920.72021484375,-400000.0625
235.2495527267456,-400000.0625,-11851.0703125,-6187.9599609375,-400000.0625,-18828.30078125,-400000.0625,-4922.43994140625,-400000.0625
235.31899213790894,-400000.0625,-11872.8203125,-6202.64990234375,-400000.0625,-18840.650390625,-400000.0625,-4937.4599609375,-400000.0625
235.3532612323761,-400000.0625,-11878.490234375,-6205.419921875,-400000.0625,-18846.130859375,-400000.0625,-4943.0400390625,-400000.0625
235.4261600971222,-400000.0625,-11868.33984375,-6197.2099609375,-400000.0625,-18839.7890625,-400000.0625,-4937.35986328125,-400000.0625
235.45182514190674,-400000.0625,-11856.8896484375,-6187.68017578125,-400000.0625,-18828.16015625,-400000.0625,-4922.580078125,-400000.0625
235.4774808883667,-400000.0625,-11856.3701171875,-6186.580078125,-400000.0625,-18827.109375,-400000.0625,-4921.77001953125,-400000.0625
235.53939962387085,-400000.0625,-11858.5595703125,-6186.77001953125,-400000.0625,-18829.970703125,-400000.0625,-4931.97021484375,-400000.0625
235.55926156044006,-400000.0625,-11867.9501953125,-6193.72998046875,-400000.0625,-18833.5,-400000.0625,-4938.64990234375,-400000.0625
235.58067321777344,-400000.0625,-11860.66015625,-6186.81982421875,-400000.0625,-18823.240234375,-400000.0625,-4929.830078125,-400000.0625
235.65334177017212,-400000.0625,-11857.3701171875,-6186.2998046875,-400000.0625,-18829.779296875,-400000.0625,-4922.25,-400000.0625
235.6751046180725,-400000.0625,-11861.990234375,-6190.68017578125,-400000.0625,-18839.740234375,-400000.0625,-4931.2099609375,-400000.0625
235.69133496284485,-400000.0625,-11877.9697265625,-6202.31982421875,-400000.0625,-18837.9296875,-400000.0625,-4941.75,-400000.0625
235.77429032325745,-400000.0625,-11884.2099609375,-6205.02978515625,-400000.0625,-18841.7890625,-400000.0625,-4948.240234375,-400000.0625
235.7939841747284,-400000.0625,-11870.91015625,-6196.1201171875,-400000.0625,-18837.880859375,-400000.0625,-4937.35986328125,-400000.0625
235.84586596488953,-400000.0625,-11857.1796875,-6183.91015625,-400000.0625,-18824.150390625,-400000.0625,-4919.240234375,-400000.0625
235.86577606201172,-400000.0625,-11851.3603515625,-6176.330078125,-400000.0625,-18817.279296875,-400000.0625,-4916.0,-400000.0625
235.8843138217926,-400000.0625,-11867.330078125,-6190.10986328125,-400000.0625,-18834.310546875,-400000.0625,-4932.169921875,-400000.0625
235.90658044815063,-400000.0625,-11882.8798828125,-6202.169921875,-400000.0625,-18843.80078125,-400000.0625,-4943.85009765625,-400000.0625
235.95029664039612,-400000.0625,-11878.16015625,-6198.7900390625,-400000.0625,-18835.689453125,-400000.0625,-4937.4599609375,-400000.0625
235.9689064025879,-400000.0625,-11863.08984375,-6185.6298828125,-400000.0625,-18829.400390625,-400000.0625,-4925.81982421875,-400000.0625
235.99058318138123,-400000.0625,-11865.8095703125,-6185.2001953125,-400000.0625,-18836.259765625,-400000.0625,-4926.77978515625,-400000.0625
236.00378823280334,-400000.0625,-11885.1201171875,-6200.22021484375,-400000.0625,-18844.419921875,-400000.0625,-4946.0400390625,-400000.0625
236.02702641487122,-400000.0625,-11890.2197265625,-6205.419921875,-400000.0625,-18844.4609375,-400000.0625,-4952.14990234375,-400000.0625
236.10257720947266,-400000.0625,-11888.3095703125,-6200.64990234375,-400000.0625,-18847.279296875,-400000.0625,-4943.7099609375,-400000.0625
236.12775135040283,-400000.0625,-11869.48046875,-6184.6298828125,-400000.0625,-18833.349609375,-400000.0625,-4926.2998046875,-400000.0625
236.19185161590576,-400000.0625,-11866.669921875,-6183.10009765625,-400000.0625,-18825.8203125,-400000.0625,-4925.10986328125,-400000.0625
236.21821808815002,-400000.0625,-11884.3095703125,-6196.58984375,-400000.0625,-18836.5,-400000.0625,-4937.7001953125,-400000.0625
236.24061226844788,-400000.0625,-11900.240234375,-6209.330078125,-400000.0625,-18848.279296875,-400000.0625,-4952.669921875,-400000.0625
236.30827498435974,-400000.0625,-11885.01953125,-6193.68994140625,-400000.0625,-18839.5,-400000.0625,-4942.31982421875,-400000.0625
236.33088445663452,-400000.0625,-11861.330078125,-6172.3701171875,-400000.0625,-18818.240234375,-400000.0625,-4919.72021484375,-400000.0625
236.34914541244507,-400000.0625,-11871.4296875,-6181.2900390625,-400000.0625,-18825.2890625,-400000.0625,-4925.490234375,-400000.0625
236.4118754863739,-400000.0625,-11890.4599609375,-6197.740234375,-400000.0625,-18841.26953125,-400000.0625,-4946.66015625,-400000.0625
236.43317794799805,-400000.0625,-11902.3798828125,-6204.75,-400000.0625,-18847.849609375,-400000.0625,-4959.72998046875,-400000.0625
236.45448899269104,-400000.0625,-11892.8896484375,-6196.93017578125,-400000.0625,-18839.55078125,-400000.0625,-4945.66015625,-400000.0625
236.5104465484619,-400000.0625,-11877.9697265625,-6184.669921875,-400000.0625,-18827.439453125,-400000.0625,-4930.740234375,-400000.0625
236.5268862247467,-400000.0625,-11885.0703125,-6189.06005859375,-400000.0625,-18830.439453125,-400000.0625,-4933.830078125,-400000.0625
236.54682731628418,-400000.0625,-11892.419921875,-6194.2099609375,-400000.0625,-18832.44921875,-400000.0625,-4941.080078125,-400000.0625
236.57529950141907,-400000.0625,-11895.0400390625,-6196.06982421875,-400000.0625,-18835.740234375,-400000.0625,-4941.31982421875,-400000.0625
236.6280915737152,-400000.0625,-11897.2802734375,-6197.830078125,-400000.0625,-18841.599609375,-400000.0625,-4938.93994140625,-400000.0625
236.64813423156738,-400000.0625,-11895.7099609375,-6192.830078125,-400000.0625,-18836.7890625,-400000.0625,-4933.2099609375,-400000.0625
236.67151165008545,-400000.0625,-11898.1904296875,-6196.06982421875,-400000.0625,-18843.990234375,-400000.0625,-4934.60009765625,-400000.0625
236.69407415390015,-400000.0625,-11900.7099609375,-6196.58984375,-400000.0625,-18842.560546875,-400000.0625,-4938.509765625,-400000.0625
236.775874376297,-400000.0625,-11900.1904296875,-6194.58984375,-400000.0625,-18839.41015625,-400000.0625,-4940.7001953125,-400000.0625
236.7990381717682,-400000.0625,-11897.419921875,-6191.39990234375,-400000.0625,-18830.779296875,-400000.0625,-4938.4599609375,-400000.0625
236.86407113075256,-400000.0625,-11887.0302734375,-6183.2900390625,-400000.0625,-18825.720703125,-400000.0625,-4932.169921875,-400000.0625
236.88655972480774,-400000.0625,-11894.9404296875,-6186.52978515625,-400000.0625,-18831.830078125,-400000.0625,-4938.64990234375,-400000.0625
236.92179560661316,-400000.0625,-11899.8095703125,-6190.490234375,-400000.0625,-18835.98046875,-400000.0625,-4940.7001953125,-400000.0625
236.98889255523682,-400000.0625,-11901.330078125,-6193.2099609375,-400000.0625,-18840.169921875,-400000.0625,-4945.0400390625,-400000.0625
237.01264595985413,-400000.0625,-11897.4697265625,-6190.39990234375,-400000.0625,-18841.4609375,-400000.0625,-4941.7001953125,-400000.0625
237.04395198822021,-400000.0625,-11889.98046875,-6183.33984375,-400000.0625,-18832.5390625,-400000.0625,-4940.60986328125,-400000.0625
237.1041169166565,-400000.0625,-11892.419921875,-6182.0498046875,-400000.0625,-18826.630859375,-400000.0625,-4938.4599609375,-400000.0625
237.12820839881897,-400000.0625,-11893.66015625,-6180.56982421875,-400000.0625,-18826.919921875,-400000.0625,-4938.31982421875,-400000.0625
237.14372611045837,-400000.0625,-11901.0498046875,-6188.25,-400000.0625,-18836.830078125,-400000.0625,-4951.0498046875,-400000.0625
237.17423748970032,-400000.0625,-11906.240234375,-6194.16015625,-400000.0625,-18840.3203125,-400000.0625,-4956.43994140625,-400000.0625
237.25622129440308,-400000.0625,-11894.7998046875,-6180.3798828125,-400000.0625,-18830.25,-400000.0625,-4943.419921875,-400000.0625
237.28304529190063,-400000.0625,-11896.23046875,-6181.9599609375,-400000.0625,-18829.30078125,-400000.0625,-4942.93994140625,-400000.0625
237.34261846542358,-400000.0625,-11901.3798828125,-6184.9599609375,-400000.0625,-18830.060546875,-400000.0625,-4943.7099609375,-400000.0625
237.40903544425964,-400000.0625,-11911.3896484375,-6190.25,-400000.0625,-18839.310546875,-400000.0625,-4953.9599609375,-400000.0625
237.54250240325928,-400000.0625,-11914.8701171875,-6195.830078125,-400000.0625,-18840.220703125,-400000.0625,-4956.52978515625,-400000.0625
237.60772490501404,-400000.0625,-11912.8701171875,-6194.31005859375,-400000.0625,-18839.220703125,-400000.0625,-4954.2001953125,-400000.0625
237.64072489738464,-400000.0625,-11911.3896484375,-6190.68017578125,-400000.0625,-18842.41015625,-400000.0625,-4951.2900390625,-400000.0625
237.66662406921387,-400000.0625,-11910.6298828125,-6188.919921875,-400000.0625,-18837.7890625,-400000.0625,-4954.9599609375,-400000.0625
237.73551964759827,-400000.0625,-11919.8798828125,-6197.06982421875,-400000.0625,-18839.359375,-400000.0625,-4962.16015625,-400000.0625
237.80569314956665,-400000.0625,-11913.349609375,-6191.2998046875,-400000.0625,-18836.359375,-400000.0625,-4952.10009765625,-400000.0625
237.87541365623474,-400000.0625,-11904.6201171875,-6182.14990234375,-400000.0625,-18830.640625,-400000.0625,-4945.9501953125,-400000.0625
237.89737462997437,-400000.0625,-11906.580078125,-6181.6201171875,-400000.0625,-18829.6796875,-400000.0625,-4947.14013671875,-400000.0625
237.93624353408813,-400000.0625,-11920.169921875,-6194.2099609375,-400000.0625,-18840.509765625,-400000.0625,-4951.2900390625,-400000.0625
238.01192212104797,-400000.0625,-11935.51953125,-6209.419921875,-400000.0625,-18860.2890625,-400000.0625,-4967.02001953125,-400000.0625
238.03594088554382,-400000.0625,-11916.5,-6190.72998046875,-400000.0625,-18845.26953125,-400000.0625,-4979.47021484375,-400000.0625
238.10546922683716,-400000.0625,-11896.5595703125,-6168.1298828125,-400000.0625,-18828.5390625,-400000.0625,-4982.47021484375,-400000.0625
238.17067074775696,-400000.0625,-11895.75,-6160.68994140625,-400000.0625,-18827.439453125,-400000.0625,-4984.759765625,-400000.0625
238.2203242778778,-400000.0625,-11894.509765625,-6157.259765625,-400000.0625,-18828.30078125,-400000.0625,-4990.47998046875,-400000.0625
238.27467012405396,-400000.0625,-11890.8896484375,-6158.97021484375,-400000.0625,-18832.2109375,-400000.0625,-5005.22021484375,-400000.0625
238.32768511772156,-400000.0625,-11876.919921875,-6152.2001953125,-400000.0625,-18825.580078125,-400000.0625,-5005.31005859375,-400000.0625
238.38079047203064,-400000.0625,-11871.009765625,-6139.14013671875,-400000.0625,-18813.0390625,-400000.0625,-5002.5,-400000.0625
238.4048182964325,-400000.0625,-11874.25,-6137.66015625,-400000.0625,-18820.099609375,-400000.0625,-5008.41015625,-400000.0625
238.4320731163025,-400000.0625,-11883.98046875,-6146.43017578125,-400000.0625,-18836.689453125,-400000.0625,-5020.08984375,-400000.0625
238.47331619262695,-400000.0625,-11892.3701171875,-6153.580078125,-400000.0625,-18838.55078125,-400000.0625,-5023.10009765625,-400000.0625
238.49967241287231,-400000.0625,-11888.83984375,-6150.91015625,-400000.0625,-18833.689453125,-400000.0625,-5022.43017578125,-400000.0625
238.5241038799286,-400000.0625,-11875.2001953125,-6136.080078125,-400000.0625,-18828.349609375,-400000.0625,-5006.7001953125,-400000.0625
238.54641461372375,-400000.0625,-11877.2998046875,-6134.419921875,-400000.0625,-18827.869140625,-400000.0625,-5005.64990234375,-400000.0625
238.6108889579773,-400000.0625,-11890.599609375,-6146.43017578125,-400000.0625,-18834.689453125,-400000.0625,-5019.52001953125,-400000.0625
238.6398525238037,-400000.0625,-11894.23046875,-6145.759765625,-400000.0625,-18830.6796875,-400000.0625,-5023.81005859375,-400000.0625
238.6596782207489,-400000.0625,-11888.83984375,-6141.14013671875,-400000.0625,-18826.25,-400000.0625,-5020.81005859375,-400000.0625
238.69971132278442,-400000.0625,-11885.2197265625,-6136.75,-400000.0625,-18824.8203125,-400000.0625,-5013.93994140625,-400000.0625
238.70884490013123,-400000.0625,-11885.83984375,-6137.47021484375,-400000.0625,-18827.25,-400000.0625,-5013.89990234375,-400000.0625
238.72325825691223,-400000.0625,-11900.8095703125,-6149.47998046875,-400000.0625,-18836.9296875,-400000.0625,-5027.33984375,-400000.0625
238.742107629776,-400000.0625,-11900.900390625,-6147.33984375,-400000.0625,-18833.01953125,-400000.0625,-5025.77001953125,-400000.0625
238.7546100616455,-400000.0625,-11894.509765625,-6143.0498046875,-400000.0625,-18827.19921875,-400000.0625,-5023.9599609375,-400000.0625
238.768625497818,-400000.0625,-11892.6103515625,-6139.9501953125,-400000.0625,-18829.6796875,-400000.0625,-5020.56982421875,-400000.0625
238.80150318145752,-400000.0625,-11896.5595703125,-6142.81005859375,-400000.0625,-18830.25,-400000.0625,-5022.47998046875,-400000.0625
238.8101372718811,-400000.0625,-11907.76953125,-6150.06005859375,-400000.0625,-18834.310546875,-400000.0625,-5031.35009765625,-400000.0625
238.8260772228241,-400000.0625,-11915.2099609375,-6152.9599609375,-400000.0625,-18836.7890625,-400000.0625,-5038.60009765625,-400000.0625
238.83978915214539,-400000.0625,-11905.150390625,-6147.77001953125,-400000.0625,-18833.5,-400000.0625,-5029.14990234375,-400000.0625
238.84855127334595,-400000.0625,-11884.6396484375,-6128.83984375,-400000.0625,-18820.33984375,-400000.0625,-5007.5498046875,-400000.0625
238.8620331287384,-400000.0625,-11885.7900390625,-6126.93017578125,-400000.0625,-18823.19921875,-400000.0625,-5009.02978515625,-400000.0625
238.87991333007812,-400000.0625,-11914.01953125,-6149.669921875,-400000.0625,-18842.69921875,-400000.0625,-5028.919921875,-400000.0625
238.90982389450073,-400000.0625,-11920.5498046875,-6154.97021484375,-400000.0625,-18844.509765625,-400000.0625,-5040.740234375,-400000.0625
238.92299008369446,-400000.0625,-11909.7197265625,-6144.0498046875,-400000.0625,-18830.349609375,-400000.0625,-5033.58984375,-400000.0625
238.9341642856598,-400000.0625,-11901.08984375,-6137.66015625,-400000.0625,-18826.060546875,-400000.0625,-5025.10009765625,-400000.0625
238.94640016555786,-400000.0625,-11902.4296875,-6138.3701171875,-400000.0625,-18830.830078125,-400000.0625,-5022.52978515625,-400000.0625
238.96319770812988,-400000.0625,-11915.259765625,-6148.2900390625,-400000.0625,-18839.359375,-400000.0625,-5035.2099609375,-400000.0625
238.97209548950195,-400000.0625,-11923.509765625,-6151.77001953125,-400000.0625,-18844.849609375,-400000.0625,-5041.22021484375,-400000.0625
238.98065829277039,-400000.0625,-11908.2900390625,-6138.52001953125,-400000.0625,-18830.58984375,-400000.0625,-5026.91015625,-400000.0625
239.00875544548035,-400000.0625,-11901.48046875,-6134.31982421875,-400000.0625,-18823.33984375,-400000.0625,-5018.330078125,-400000.0625
239.0186412334442,-400000.0625,-11909.099609375,-6136.0400390625,-400000.0625,-18825.099609375,-400000.0625,-5020.43017578125,-400000.0625
239.02890706062317,-400000.0625,-11921.83984375,-6148.39013671875,-400000.0625,-18836.830078125,-400000.0625,-5032.72998046875,-400000.0625
239.04052019119263,-400000.0625,-11927.0302734375,-6154.77978515625,-400000.0625,-18837.9296875,-400000.0625,-5042.41015625,-400000.0625
239.05097579956055,-400000.0625,-11920.5,-6144.91015625,-400000.0625,-18836.359375,-400000.0625,-5037.1201171875,-400000.0625
239.06793999671936,-400000.0625,-11907.0498046875,-6132.31982421875,-400000.0625,-18835.259765625,-400000.0625,-5019.52001953125,-400000.0625
239.07982277870178,-400000.0625,-11913.6298828125,-6137.31982421875,-400000.0625,-18831.919921875,-400000.0625,-5023.2900390625,-400000.0625
239.09270238876343,-400000.0625,-11925.1298828125,-6145.0498046875,-400000.0625,-18837.55078125,-400000.0625,-5035.77978515625,-400000.0625
239.13724422454834,-400000.0625,-11927.9404296875,-6146.14990234375,-400000.0625,-18835.55078125,-400000.0625,-5042.740234375,-400000.0625
239.15359807014465,-400000.0625,-11929.66015625,-6148.2001953125,-400000.0625,-18838.310546875,-400000.0625,-5039.4501953125,-400000.0625
239.17099165916443,-400000.0625,-11920.0703125,-6138.85009765625,-400000.0625,-18828.439453125,-400000.0625,-5021.9501953125,-400000.0625
239.18334126472473,-400000.0625,-11920.3095703125,-6139.60986328125,-400000.0625,-18824.630859375,-400000.0625,-5025.81982421875,-400000.0625
239.19972681999207,-400000.0625,-11933.759765625,-6148.2001953125,-400000.0625,-18830.5390625,-400000.0625,-5042.64990234375,-400000.0625
239.23194074630737,-400000.0625,-11939.33984375,-6151.81982421875,-400000.0625,-18840.169921875,-400000.0625,-5050.66015625,-400000.0625
239.24120569229126,-400000.0625,-11927.419921875,-6138.89990234375,-400000.0625,-18831.779296875,-400000.0625,-5037.7900390625,-400000.0625
239.2526297569275,-400000.0625,-11906.2900390625,-6120.97021484375,-400000.0625,-18815.08984375,-400000.0625,-5017.56982421875,-400000.0625
239.28256630897522,-400000.0625,-11907.669921875,-6121.35009765625,-400000.0625,-18815.7109375,-400000.0625,-5018.0400390625,-400000.0625
239.30456519126892,-400000.0625,-11927.7998046875,-6133.89013671875,-400000.0625,-18825.490234375,-400000.0625,-5034.58984375,-400000.0625
239.37151980400085,-400000.0625,-11947.73046875,-6154.81982421875,-400000.0625,-18840.650390625,-400000.0625,-5055.3798828125,-400000.0625
239.39796376228333,-400000.0625,-11942.2900390625,-6150.10009765625,-400000.0625,-18836.119140625,-400000.0625,-5046.64990234375,-400000.0625
239.41750645637512,-400000.0625,-11930.08984375,-6135.990234375,-400000.0625,-18827.30078125,-400000.0625,-5034.02001953125,-400000.0625
239.46773481369019,-400000.0625,-11926.7001953125,-6133.27001953125,-400000.0625,-18828.060546875,-400000.0625,-5036.02001953125,-400000.0625
239.49506783485413,-400000.0625,-11936.240234375,-6140.419921875,-400000.0625,-18836.01953125,-400000.0625,-5043.22021484375,-400000.0625
239.5200698375702,-400000.0625,-11936.900390625,-6138.1298828125,-400000.0625,-18834.689453125,-400000.0625,-5041.41015625,-400000.0625
239.5771119594574,-400000.0625,-11927.9404296875,-6128.60009765625,-400000.0625,-18827.060546875,-400000.0625,-5034.830078125,-400000.0625
239.59739136695862,-400000.0625,-11923.98046875,-6127.7900390625,-400000.0625,-18820.619140625,-400000.0625,-5031.58984375,-400000.0625
239.61124062538147,-400000.0625,-11923.8896484375,-6127.93017578125,-400000.0625,-18821.529296875,-400000.0625,-5031.39990234375,-400000.0625
239.62721157073975,-400000.0625,-11938.6201171875,-6137.419921875,-400000.0625,-18837.119140625,-400000.0625,-5041.83984375,-400000.0625
239.6860272884369,-400000.0625,-11955.4501953125,-6151.68017578125,-400000.0625,-18841.599609375,-400000.0625,-5058.72021484375,-400000.0625
239.7002875804901,-400000.0625,-11948.6796875,-6146.85986328125,-400000.0625,-18835.880859375,-400000.0625,-5051.7998046875,-400000.0625
239.70915865898132,-400000.0625,-11923.83984375,-6124.39990234375,-400000.0625,-18820.380859375,-400000.0625,-5028.10986328125,-400000.0625
239.7220549583435,-400000.0625,-11929.4697265625,-6129.93017578125,-400000.0625,-18826.109375,-400000.0625,-5033.2998046875,-400000.0625
239.73536896705627,-400000.0625,-11948.2099609375,-6144.10009765625,-400000.0625,-18836.0703125,-400000.0625,-5049.93994140625,-400000.0625
239.77971506118774,-400000.0625,-11955.599609375,-6147.43017578125,-400000.0625,-18837.310546875,-400000.0625,-5050.759765625,-400000.0625
239.7927417755127,-400000.0625,-11943.5302734375,-6137.08984375,-400000.0625,-18829.400390625,-400000.0625,-5040.35986328125,-400000.0625
239.80162048339844,-400000.0625,-11931.7998046875,-6129.7900390625,-400000.0625,-18823.48046875,-400000.0625,-5032.2998046875,-400000.0625
239.8096318244934,-400000.0625,-11935.2802734375,-6131.75,-400000.0625,-18824.669921875,-400000.0625,-5036.58984375,-400000.0625
239.82125902175903,-400000.0625,-11961.3203125,-6150.52978515625,-400000.0625,-18843.80078125,-400000.0625,-5062.2900390625,-400000.0625
239.83004212379456,-400000.0625,-11976.33984375,-6155.77978515625,-400000.0625,-18845.1796875,-400000.0625,-5067.77978515625,-400000.0625
239.83826422691345,-400000.0625,-11960.080078125,-6144.6201171875,-400000.0625,-18837.0703125,-400000.0625,-5044.509765625,-400000.0625
239.86527466773987,-400000.0625,-11948.7802734375,-6144.2900390625,-400000.0625,-18830.73046875,-400000.0625,-5030.10986328125,-400000.0625
239.87357544898987,-400000.0625,-11952.740234375,-6148.10009765625,-400000.0625,-18828.439453125,-400000.0625,-5026.43994140625,-400000.0625
239.8830053806305,-400000.0625,-11962.83984375,-6158.10986328125,-400000.0625,-18832.5,-400000.0625,-5027.490234375,-400000.0625
239.89330077171326,-400000.0625,-11970.08984375,-6166.1298828125,-400000.0625,-18832.779296875,-400000.0625,-5025.6298828125,-400000.0625
239.9027225971222,-400000.0625,-11964.849609375,-6157.97021484375,-400000.0625,-18824.669921875,-400000.0625,-5004.22021484375,-400000.0625
239.9125998020172,-400000.0625,-11977.76953125,-6170.3701171875,-400000.0625,-18827.76953125,-400000.0625,-5003.5,-400000.0625
239.92367100715637,-400000.0625,-11989.2099609375,-6182.52978515625,-400000.0625,-18843.220703125,-400000.0625,-5008.27001953125,-400000.0625
239.9332971572876,-400000.0625,-12000.990234375,-6195.8798828125,-400000.0625,-18849.7109375,-400000.0625,-5018.330078125,-400000.0625
239.94203639030457,-400000.0625,-12006.0,-6203.41015625,-400000.0625,-18846.0390625,-400000.0625,-5025.240234375,-400000.0625
239.9755597114563,-400000.0625,-11992.0302734375,-6189.72998046875,-400000.0625,-18828.490234375,-400000.0625,-5004.68994140625,-400000.0625
239.98482465744019,-400000.0625,-11966.75,-6167.7001953125,-400000.0625,-18806.98046875,-400000.0625,-4982.14013671875,-400000.0625
239.9949004650116,-400000.0625,-11969.1396484375,-6173.47021484375,-400000.0625,-18815.849609375,-400000.0625,-4985.330078125,-400000.0625
240.00350284576416,-400000.0625,-11983.490234375,-6183.669921875,-400000.0625,-18831.349609375,-400000.0625,-5000.68994140625,-400000.0625
240.01133465766907,-400000.0625,-11994.5498046875,-6187.77001953125,-400000.0625,-18839.26953125,-400000.0625,-5011.64990234375,-400000.0625
240.02356100082397,-400000.0625,-11991.6904296875,-6187.39013671875,-400000.0625,-18841.69921875,-400000.0625,-5013.27978515625,-400000.0625
240.032532453537,-400000.0625,-11987.0703125,-6183.6298828125,-400000.0625,-18835.01953125,-400000.0625,-5003.7900390625,-400000.0625
240.04064178466797,-400000.0625,-11985.349609375,-6178.47998046875,-400000.0625,-18831.060546875,-400000.0625,-4999.2099609375,-400000.0625
240.05169534683228,-400000.0625,-11993.599609375,-6183.2900390625,-400000.0625,-18837.7890625,-400000.0625,-5006.22021484375,-400000.0625
240.07695984840393,-400000.0625,-12004.08984375,-6193.35009765625,-400000.0625,-18840.4609375,-400000.0625,-5015.3701171875,-400000.0625
240.0867564678192,-400000.0625,-11995.7001953125,-6182.33984375,-400000.0625,-18831.779296875,-400000.0625,-5008.31982421875,-400000.0625
240.09648084640503,-400000.0625,-11975.150390625,-6164.41015625,-400000.0625,-18817.759765625,-400000.0625,-4989.43017578125,-400000.0625
240.10523748397827,-400000.0625,-11972.669921875,-6161.8798828125,-400000.0625,-18812.130859375,-400000.0625,-4984.81005859375,-400000.0625
240.11424136161804,-400000.0625,-11990.9296875,-6177.66015625,-400000.0625,-18822.2890625,-400000.0625,-5005.169921875,-400000.0625
240.1251609325409,-400000.0625,-12010.6201171875,-6197.2099609375,-400000.0625,-18848.0390625,-400000.0625,-5025.91015625,-400000.0625
240.13412737846375,-400000.0625,-12007.330078125,-6194.16015625,-400000.0625,-18845.75,-400000.0625,-5017.66015625,-400000.0625
240.14276099205017,-400000.0625,-11989.9296875,-6176.18994140625,-400000.0625,-18825.33984375,-400000.0625,-4997.919921875,-400000.0625
240.1561450958252,-400000.0625,-11990.1201171875,-6174.0400390625,-400000.0625,-18825.19921875,-400000.0625,-4995.009765625,-400000.0625
240.18041276931763,-400000.0625,-12008.3798828125,-6190.6298828125,-400000.0625,-18838.689453125,-400000.0625,-5014.85009765625,-400000.0625
240.19123816490173,-400000.0625,-12014.33984375,-6192.77978515625,-400000.0625,-18841.69921875,-400000.0625,-5024.0498046875,-400000.0625
240.20463228225708,-400000.0625,-11998.0302734375,-6175.9501953125,-400000.0625,-18825.720703125,-400000.0625,-5003.8798828125,-400000.0625
240.221417427063,-400000.0625,-11987.9296875,-6166.64990234375,-400000.0625,-18815.140625,-400000.0625,-4994.35009765625,-400000.0625
240.24492573738098,-400000.0625,-11996.3203125,-6175.7998046875,-400000.0625,-18823.19921875,-400000.0625,-5005.169921875,-400000.0625
240.25694966316223,-400000.0625,-12015.25,-6194.31005859375,-400000.0625,-18838.119140625,-400000.0625,-5022.81005859375,-400000.0625
240.31190705299377,-400000.0625,-12026.599609375,-6200.35986328125,-400000.0625,-18842.029296875,-400000.0625,-5029.43994140625,-400000.0625
240.32904744148254,-400000.0625,-12018.1103515625,-6189.81982421875,-400000.0625,-18833.58984375,-400000.0625,-5017.3798828125,-400000.0625
240.34642553329468,-400000.0625,-12001.7998046875,-6176.52001953125,-400000.0625,-18835.880859375,-400000.0625,-5008.64990234375,-400000.0625
240.36736369132996,-400000.0625,-11995.41015625,-6172.18017578125,-400000.0625,-18830.2109375,-400000.0625,-5000.1201171875,-400000.0625
240.4152569770813,-400000.0625,-12003.5703125,-6176.759765625,-400000.0625,-18829.970703125,-400000.0625,-5004.35986328125,-400000.0625
240.43317198753357,-400000.0625,-12017.58984375,-6186.580078125,-400000.0625,-18833.73046875,-400000.0625,-5020.7099609375,-400000.0625
240.44976544380188,-400000.0625,-12020.5400390625,-6192.72998046875,-400000.0625,-18838.0703125,-400000.0625,-5020.08984375,-400000.0625
240.46847701072693,-400000.0625,-12018.349609375,-6191.02001953125,-400000.0625,-18835.55078125,-400000.0625,-5014.52001953125,-400000.0625
240.5271279811859,-400000.0625,-12014.4404296875,-6186.43994140625,-400000.0625,-18830.830078125,-400000.0625,-5017.60986328125,-400000.0625
240.54691410064697,-400000.0625,-12027.599609375,-6192.8798828125,-400000.0625,-18843.1796875,-400000.0625,-5024.580078125,-400000.0625
240.56135058403015,-400000.0625,-12031.83984375,-6196.64013671875,-400000.0625,-18843.83984375,-400000.0625,-5027.81982421875,-400000.0625
240.57770538330078,-400000.0625,-12022.3095703125,-6190.2099609375,-400000.0625,-18834.310546875,-400000.0625,-5022.3798828125,-400000.0625
240.6185278892517,-400000.0625,-12010.48046875,-6178.56982421875,-400000.0625,-18824.19921875,-400000.0625,-5006.4599609375,-400000.0625
240.6380226612091,-400000.0625,-12011.580078125,-6179.0498046875,-400000.0625,-18826.529296875,-400000.0625,-5004.35986328125,-400000.0625
240.64930391311646,-400000.0625,-12026.650390625,-6191.68017578125,-400000.0625,-18837.310546875,-400000.0625,-5018.759765625,-400000.0625
240.66977500915527,-400000.0625,-12035.3701171875,-6197.7900390625,-400000.0625,-18842.26953125,-400000.0625,-5023.669921875,-400000.0625
240.68278980255127,-400000.0625,-12029.3603515625,-6190.43994140625,-400000.0625,-18832.0703125,-400000.0625,-5020.6201171875,-400000.0625
240.75236773490906,-400000.0625,-12028.26953125,-6188.5400390625,-400000.0625,-18836.44921875,-400000.0625,-5022.10009765625,-400000.0625
240.77760863304138,-400000.0625,-12029.7900390625,-6191.8701171875,-400000.0625,-18841.939453125,-400000.0625,-5019.08984375,-400000.0625
240.80465030670166,-400000.0625,-12028.41015625,-6192.72998046875,-400000.0625,-18838.9296875,-400000.0625,-5018.66015625,-400000.0625
240.85870695114136,-400000.0625,-12023.5498046875,-6187.6298828125,-400000.0625,-18829.25,-400000.0625,-5016.0400390625,-400000.0625
240.87839722633362,-400000.0625,-12023.58984375,-6186.10009765625,-400000.0625,-18831.58984375,-400000.0625,-5013.89990234375,-400000.0625
240.89431476593018,-400000.0625,-12033.7998046875,-6195.16015625,-400000.0625,-18847.990234375,-400000.0625,-5020.759765625,-400000.0625
240.91320729255676,-400000.0625,-12036.990234375,-6197.64013671875,-400000.0625,-18845.890625,-400000.0625,-5019.759765625,-400000.0625
240.97093033790588,-400000.0625,-12039.7099609375,-6197.2099609375,-400000.0625,-18838.83984375,-400000.0625,-5025.580078125,-400000.0625
240.99074792861938,-400000.0625,-12043.9501953125,-6201.93994140625,-400000.0625,-18839.9296875,-400000.0625,-5028.39013671875,-400000.0625
241.01279878616333,-400000.0625,-12035.66015625,-6195.8798828125,-400000.0625,-18838.310546875,-400000.0625,-5023.9599609375,-400000.0625
241.02281141281128,-400000.0625,-12027.740234375,-6185.72021484375,-400000.0625,-18827.76953125,-400000.0625,-5015.0400390625,-400000.0625
241.07702112197876,-400000.0625,-12024.259765625,-6180.669921875,-400000.0625,-18821.48046875,-400000.0625,-5010.080078125,-400000.0625
241.09372758865356,-400000.0625,-12030.9404296875,-6186.81982421875,-400000.0625,-18822.859375,-400000.0625,-5012.93994140625,-400000.0625
241.11472463607788,-400000.0625,-12038.2802734375,-6195.740234375,-400000.0625,-18835.0703125,-400000.0625,-5021.91015625,-400000.0625
241.1344084739685,-400000.0625,-12038.0400390625,-6193.06982421875,-400000.0625,-18838.4609375,-400000.0625,-5019.27978515625,-400000.0625
241.19007754325867,-400000.0625,-12025.740234375,-6180.330078125,-400000.0625,-18830.16015625,-400000.0625,-5009.93994140625,-400000.0625
241.2144250869751,-400000.0625,-12036.51953125,-6189.5400390625,-400000.0625,-18836.689453125,-400000.0625,-5013.85009765625,-400000.0625
241.2347011566162,-400000.0625,-12047.099609375,-6198.5498046875,-400000.0625,-18844.75,-400000.0625,-5027.77001953125,-400000.0625
241.30305767059326,-400000.0625,-12039.1904296875,-6191.830078125,-400000.0625,-18835.98046875,-400000.0625,-5024.0,-400000.0625
241.32783150672913,-400000.0625,-12038.08984375,-6188.77001953125,-400000.0625,-18834.0703125,-400000.0625,-5017.3798828125,-400000.0625
241.35334968566895,-400000.0625,-12045.580078125,-6192.72998046875,-400000.0625,-18835.689453125,-400000.0625,-5019.47021484375,-400000.0625
241.42009615898132,-400000.0625,-12048.2001953125,-6199.4599609375,-400000.0625,-18838.740234375,-400000.0625,-5024.47998046875,-400000.0625
241.44273853302002,-400000.0625,-12046.2001953125,-6197.60009765625,-400000.0625,-18838.259765625,-400000.0625,-5020.91015625,-400000.0625
241.46771788597107,-400000.0625,-12052.490234375,-6201.509765625,-400000.0625,-18843.220703125,-400000.0625,-5025.47998046875,-400000.0625
241.52411723136902,-400000.0625,-12048.099609375,-6195.58984375,-400000.0625,-18839.740234375,-400000.0625,-5022.33984375,-400000.0625
241.54318022727966,-400000.0625,-12036.08984375,-6184.77001953125,-400000.0625,-18832.58984375,-400000.0625,-5007.31982421875,-400000.0625
241.56321787834167,-400000.0625,-12034.7001953125,-6179.6201171875,-400000.0625,-18825.490234375,-400000.0625,-5006.27001953125,-400000.0625
241.578063249588,-400000.0625,-12048.0595703125,-6190.8701171875,-400000.0625,-18830.349609375,-400000.0625,-5020.43017578125,-400000.0625
241.63139653205872,-400000.0625,-12054.6396484375,-6197.97998046875,-400000.0625,-18841.55078125,-400000.0625,-5027.580078125,-400000.0625
241.65157008171082,-400000.0625,-12050.3896484375,-6194.35009765625,-400000.0625,-18837.169921875,-400000.0625,-5022.14013671875,-400000.0625
241.66675090789795,-400000.0625,-12048.76953125,-6193.919921875,-400000.0625,-18836.0703125,-400000.0625,-5016.60986328125,-400000.0625
241.69053602218628,-400000.0625,-12054.9697265625,-6196.5498046875,-400000.0625,-18840.029296875,-400000.0625,-5019.0498046875,-400000.0625
241.76549649238586,-400000.0625,-12054.5400390625,-6191.4501953125,-400000.0625,-18837.7890625,-400000.0625,-5021.0498046875,-400000.0625
241.7894344329834,-400000.0625,-12049.3896484375,-6189.77978515625,-400000.0625,-18834.119140625,-400000.0625,-5015.990234375,-400000.0625
241.80507588386536,-400000.0625,-12049.6298828125,-6189.2001953125,-400000.0625,-18832.5,-400000.0625,-5011.990234375,-400000.0625
241.85410523414612,-400000.0625,-12038.330078125,-6179.43017578125,-400000.0625,-18818.4296875,-400000.0625,-5001.97021484375,-400000.0625
241.87619519233704,-400000.0625,-12052.3896484375,-6191.02001953125,-400000.0625,-18832.640625,-400000.0625,-5013.08984375,-400000.0625
241.88927793502808,-400000.0625,-12062.599609375,-6199.41015625,-400000.0625,-18842.650390625,-400000.0625,-5026.91015625,-400000.0625
241.90933108329773,-400000.0625,-12062.98046875,-6199.41015625,-400000.0625,-18846.3203125,-400000.0625,-5029.5400390625,-400000.0625
241.9489004611969,-400000.0625,-12053.5400390625,-6189.43994140625,-400000.0625,-18837.0703125,-400000.0625,-5021.330078125,-400000.0625
241.97055315971375,-400000.0625,-12045.9599609375,-6181.52978515625,-400000.0625,-18826.919921875,-400000.0625,-5013.990234375,-400000.0625
241.9852819442749,-400000.0625,-12054.01953125,-6188.10986328125,-400000.0625,-18835.259765625,-400000.0625,-5017.81005859375,-400000.0625
242.00637483596802,-400000.0625,-12067.990234375,-6198.4501953125,-400000.0625,-18844.1796875,-400000.0625,-5031.72998046875,-400000.0625
242.02427220344543,-400000.0625,-12067.26953125,-6198.68994140625,-400000.0625,-18840.4609375,-400000.0625,-5030.39013671875,-400000.0625
242.0809302330017,-400000.0625,-12063.3095703125,-6193.5,-400000.0625,-18835.58984375,-400000.0625,-5016.759765625,-400000.0625
242.10156917572021,-400000.0625,-12047.7197265625,-6176.85009765625,-400000.0625,-18822.2890625,-400000.0625,-5004.60009765625,-400000.0625
242.11940050125122,-400000.0625,-12046.8603515625,-6177.89990234375,-400000.0625,-18823.05078125,-400000.0625,-5007.60009765625,-400000.0625
242.13455152511597,-400000.0625,-12067.5595703125,-6199.4599609375,-400000.0625,-18839.5,-400000.0625,-5023.6201171875,-400000.0625
242.18255496025085,-400000.0625,-12084.91015625,-6214.669921875,-400000.0625,-18848.470703125,-400000.0625,-5041.22021484375,-400000.0625
242.20501160621643,-400000.0625,-12080.150390625,-6208.47021484375,-400000.0625,-18842.990234375,-400000.0625,-5034.5,-400000.0625
242.2226104736328,-400000.0625,-12061.4501953125,-6190.6298828125,-400000.0625,-18832.5,-400000.0625,-5020.759765625,-400000.0625
242.2382309436798,-400000.0625,-12059.740234375,-6190.39990234375,-400000.0625,-18829.16015625,-400000.0625,-5021.2900390625,-400000.0625
242.2939851284027,-400000.0625,-12066.8896484375,-6193.919921875,-400000.0625,-18834.970703125,-400000.0625,-5023.18994140625,-400000.0625
242.3199532032013,-400000.0625,-12077.4296875,-6199.83984375,-400000.0625,-18843.609375,-400000.0625,-5032.64013671875,-400000.0625
242.344309091568,-400000.0625,-12075.0400390625,-6199.169921875,-400000.0625,-18836.880859375,-400000.0625,-5027.33984375,-400000.0625
242.4191234111786,-400000.0625,-12064.509765625,-6190.97021484375,-400000.0625,-18826.919921875,-400000.0625,-5015.990234375,-400000.0625
242.44141101837158,-400000.0625,-12072.66015625,-6196.2099609375,-400000.0625,-18835.740234375,-400000.0625,-5019.9501953125,-400000.0625
242.45917797088623,-400000.0625,-12091.5400390625,-6211.759765625,-400000.0625,-18852.08984375,-400000.0625,-5039.259765625,-400000.0625
242.52154445648193,-400000.0625,-12101.3203125,-6220.8701171875,-400000.0625,-18856.240234375,-400000.0625,-5050.18017578125,-400000.0625
242.5428729057312,-400000.0625,-12090.490234375,-6211.08984375,-400000.0625,-18845.849609375,-400000.0625,-5039.68994140625,-400000.0625
242.57159423828125,-400000.0625,-12070.0400390625,-6190.6298828125,-400000.0625,-18827.5390625,-400000.0625,-5019.240234375,-400000.0625
242.62513756752014,-400000.0625,-12066.2197265625,-6187.2998046875,-400000.0625,-18821.189453125,-400000.0625,-5012.93994140625,-400000.0625
242.64855980873108,-400000.0625,-12082.3896484375,-6199.89013671875,-400000.0625,-18828.8203125,-400000.0625,-5027.81982421875,-400000.0625
242.6641707420349,-400000.0625,-12103.1298828125,-6214.9501953125,-400000.0625,-18845.939453125,-400000.0625,-5042.7001953125,-400000.0625
242.68493008613586,-400000.0625,-12097.4599609375,-6212.9501953125,-400000.0625,-18846.560546875,-400000.0625,-5041.35986328125,-400000.0625
242.76500725746155,-400000.0625,-12073.51953125,-6193.4501953125,-400000.0625,-18828.19921875,-400000.0625,-5020.669921875,-400000.0625
242.78438568115234,-400000.0625,-12072.3701171875,-6186.77001953125,-400000.0625,-18824.720703125,-400000.0625,-5012.27001953125,-400000.0625
242.80586767196655,-400000.0625,-12094.7900390625,-6208.9501953125,-400000.0625,-18847.08984375,-400000.0625,-5033.5400390625,-400000.0625
242.85838961601257,-400000.0625,-12108.7998046875,-6221.10009765625,-400000.0625,-18855.720703125,-400000.0625,-5046.7998046875,-400000.0625
242.88133883476257,-400000.0625,-12099.9404296875,-6210.14013671875,-400000.0625,-18845.849609375,-400000.0625,-5033.16015625,-400000.0625
242.9085247516632,-400000.0625,-12077.330078125,-6190.97021484375,-400000.0625,-18829.439453125,-400000.0625,-5015.18017578125,-400000.0625
242.95646452903748,-400000.0625,-12076.900390625,-6190.68017578125,-400000.0625,-18825.150390625,-400000.0625,-5014.47021484375,-400000.0625
242.97720289230347,-400000.0625,-12089.6796875,-6199.89013671875,-400000.0625,-18833.970703125,-400000.0625,-5024.91015625,-400000.0625
242.99191069602966,-400000.0625,-12105.2802734375,-6211.419921875,-400000.0625,-18840.98046875,-400000.0625,-5042.83984375,-400000.0625
243.01144123077393,-400000.0625,-12098.83984375,-6204.990234375,-400000.0625,-18837.259765625,-400000.0625,-5040.740234375,-400000.0625
243.0837790966034,-400000.0625,-12081.580078125,-6188.97021484375,-400000.0625,-18829.109375,-400000.0625,-5024.85986328125,-400000.0625
243.11454701423645,-400000.0625,-12087.2998046875,-6192.39990234375,-400000.0625,-18832.779296875,-400000.0625,-5027.43994140625,-400000.0625
243.1764497756958,-400000.0625,-12108.66015625,-6210.56982421875,-400000.0625,-18843.220703125,-400000.0625,-5046.18017578125,-400000.0625
243.1893789768219,-400000.0625,-12112.91015625,-6213.47998046875,-400000.0625,-18843.130859375,-400000.0625,-5047.75,-400000.0625
243.21160244941711,-400000.0625,-12102.509765625,-6208.18017578125,-400000.0625,-18838.599609375,-400000.0625,-5036.77978515625,-400000.0625
243.22530150413513,-400000.0625,-12097.259765625,-6204.3701171875,-400000.0625,-18840.41015625,-400000.0625,-5026.52978515625,-400000.0625
243.2823143005371,-400000.0625,-12098.83984375,-6203.22021484375,-400000.0625,-18837.41015625,-400000.0625,-5028.39013671875,-400000.0625
243.30213832855225,-400000.0625,-12106.51953125,-6207.419921875,-400000.0625,-18838.740234375,-400000.0625,-5037.169921875,-400000.0625
243.3247585296631,-400000.0625,-12117.9599609375,-6213.85986328125,-400000.0625,-18845.130859375,-400000.0625,-5045.93994140625,-400000.0625
243.34108924865723,-400000.0625,-12114.8603515625,-6207.419921875,-400000.0625,-18838.880859375,-400000.0625,-5040.68994140625,-400000.0625
243.40695977210999,-400000.0625,-12095.3603515625,-6194.830078125,-400000.0625,-18832.970703125,-400000.0625,-5017.27978515625,-400000.0625
243.4229793548584,-400000.0625,-12093.6396484375,-6200.7900390625,-400000.0625,-18832.5390625,-400000.0625,-5015.89990234375,-400000.0625
243.4490261077881,-400000.0625,-12108.1396484375,-6208.1298828125,-400000.0625,-18834.0703125,-400000.0625,-5027.9599609375,-400000.0625
243.50296068191528,-400000.0625,-12117.669921875,-6212.0,-400000.0625,-18840.119140625,-400000.0625,-5034.8798828125,-400000.0625
243.52738571166992,-400000.0625,-12118.2900390625,-6212.43017578125,-400000.0625,-18843.69921875,-400000.0625,-5037.35986328125,-400000.0625
243.53943586349487,-400000.0625,-12108.1796875,-6200.64990234375,-400000.0625,-18832.5,-400000.0625,-5021.669921875,-400000.0625
243.56098222732544,-400000.0625,-12103.990234375,-6203.18017578125,-400000.0625,-18829.779296875,-400000.0625,-5022.2900390625,-400000.0625
243.6132504940033,-400000.0625,-12118.4404296875,-6215.10009765625,-400000.0625,-18842.560546875,-400000.0625,-5040.35986328125,-400000.0625
243.6337535381317,-400000.0625,-12133.4599609375,-6225.16015625,-400000.0625,-18848.1796875,-400000.0625,-5047.60986328125,-400000.0625
243.65666580200195,-400000.0625,-12125.830078125,-6221.10009765625,-400000.0625,-18846.75,-400000.0625,-5044.64990234375,-400000.0625
243.66719794273376,-400000.0625,-12101.599609375,-6198.35986328125,-400000.0625,-18828.009765625,-400000.0625,-5022.56982421875,-400000.0625
243.72197484970093,-400000.0625,-12099.740234375,-6193.4501953125,-400000.0625,-18826.76953125,-400000.0625,-5015.14013671875,-400000.0625
243.75232887268066,-400000.0625,-12122.490234375,-6211.0400390625,-400000.0625,-18842.990234375,-400000.0625,-5035.2099609375,-400000.0625
243.76567959785461,-400000.0625,-12129.830078125,-6216.47998046875,-400000.0625,-18845.369140625,-400000.0625,-5039.93017578125,-400000.0625
243.78523349761963,-400000.0625,-12119.9599609375,-6206.85009765625,-400000.0625,-18837.310546875,-400000.0625,-5025.0498046875,-400000.0625
243.83889985084534,-400000.0625,-12101.3203125,-6191.2099609375,-400000.0625,-18820.240234375,-400000.0625,-5003.7900390625,-400000.0625
243.86167907714844,-400000.0625,-12104.7998046875,-6196.02001953125,-400000.0625,-18828.109375,-400000.0625,-5006.5,-400000.0625
243.8881630897522,-400000.0625,-12130.4501953125,-6217.2900390625,-400000.0625,-18846.369140625,-400000.0625,-5031.35009765625,-400000.0625
243.946923494339,-400000.0625,-12140.1796875,-6225.490234375,-400000.0625,-18857.91015625,-400000.0625,-5045.64990234375,-400000.0625
243.96825695037842,-400000.0625,-12127.400390625,-6213.47998046875,-400000.0625,-18841.3203125,-400000.0625,-5031.2001953125,-400000.0625
243.98058605194092,-400000.0625,-12111.240234375,-6199.31005859375,-400000.0625,-18825.25,-400000.0625,-5013.419921875,-400000.0625
243.99372673034668,-400000.0625,-12115.3798828125,-6203.18017578125,-400000.0625,-18832.0703125,-400000.0625,-5020.9501953125,-400000.0625
244.05188918113708,-400000.0625,-12137.26953125,-6220.77001953125,-400000.0625,-18847.0390625,-400000.0625,-5039.8798828125,-400000.0625
244.074285030365,-400000.0625,-12140.7001953125,-6222.25,-400000.0625,-18846.470703125,-400000.0625,-5047.56005859375,-400000.0625
244.09386205673218,-400000.0625,-12125.919921875,-6205.3701171875,-400000.0625,-18833.109375,-400000.0625,-5032.43994140625,-400000.0625
244.15424036979675,-400000.0625,-12127.5,-6201.169921875,-400000.0625,-18834.0703125,-400000.0625,-5021.669921875,-400000.0625
244.16810965538025,-400000.0625,-12134.41015625,-6210.66015625,-400000.0625,-18841.75,-400000.0625,-5023.33984375,-400000.0625
244.19014263153076,-400000.0625,-12134.509765625,-6216.0,-400000.0625,-18845.470703125,-400000.0625,-5039.22021484375,-400000.0625
244.20121312141418,-400000.0625,-12130.6904296875,-6213.52001953125,-400000.0625,-18842.41015625,-400000.0625,-5067.5400390625,-400000.0625
244.2500982284546,-400000.0625,-12124.73046875,-6206.3701171875,-400000.0625,-18836.7890625,-400000.0625,-5058.9599609375,-400000.0625
244.26756286621094,-400000.0625,-12098.7900390625,-6176.56982421875,-400000.0625,-18812.23046875,-400000.0625,-5043.080078125,-400000.0625
244.29058504104614,-400000.0625,-12112.1904296875,-6183.240234375,-400000.0625,-18825.009765625,-400000.0625,-5052.60986328125,-400000.0625
244.30234169960022,-400000.0625,-12130.259765625,-6201.27001953125,-400000.0625,-18839.83984375,-400000.0625,-5078.4599609375,-400000.0625
244.36150646209717,-400000.0625,-12140.4697265625,-6206.18017578125,-400000.0625,-18844.080078125,-400000.0625,-5086.56982421875,-400000.0625
244.37526774406433,-400000.0625,-12127.16015625,-6195.830078125,-400000.0625,-18832.109375,-400000.0625,-5077.60009765625,-400000.0625
244.39728212356567,-400000.0625,-12114.1396484375,-6185.47998046875,-400000.0625,-18820.529296875,-400000.0625,-5063.9599609375,-400000.0625
244.41819143295288,-400000.0625,-12109.1396484375,-6177.18994140625,-400000.0625,-18815.94921875,-400000.0625,-5061.8701171875,-400000.0625
244.4744942188263,-400000.0625,-12122.4404296875,-6187.5400390625,-400000.0625,-18823.19921875,-400000.0625,-5070.77978515625,-400000.0625
244.4930350780487,-400000.0625,-12141.3203125,-6204.31982421875,-400000.0625,-18837.5,-400000.0625,-5090.14013671875,-400000.0625
244.51345825195312,-400000.0625,-12133.7900390625,-6199.5,-400000.0625,-18836.830078125,-400000.0625,-5083.56005859375,-400000.0625
244.52587246894836,-400000.0625,-12124.9697265625,-6188.490234375,-400000.0625,-18827.490234375,-400000.0625,-5070.16015625,-400000.0625
244.57915210723877,-400000.0625,-12121.8203125,-6181.2900390625,-400000.0625,-18823.720703125,-400000.0625,-5065.8701171875,-400000.0625
244.59323501586914,-400000.0625,-12130.7900390625,-6191.5400390625,-400000.0625,-18833.73046875,-400000.0625,-5074.68994140625,-400000.0625
244.61232161521912,-400000.0625,-12139.66015625,-6198.06982421875,-400000.0625,-18839.890625,-400000.0625,-5082.31982421875,-400000.0625
244.62914156913757,-400000.0625,-12135.9404296875,-6195.5498046875,-400000.0625,-18836.9296875,-400000.0625,-5070.68994140625,-400000.0625
244.68320989608765,-400000.0625,-12122.919921875,-6183.81982421875,-400000.0625,-18821.669921875,-400000.0625,-5059.77001953125,-400000.0625
244.70573449134827,-400000.0625,-12121.2998046875,-6182.10009765625,-400000.0625,-18819.380859375,-400000.0625,-5063.490234375,-400000.0625
244.73131012916565,-400000.0625,-12137.8896484375,-6194.2099609375,-400000.0625,-18832.30078125,-400000.0625,-5073.35986328125,-400000.0625
244.79522824287415,-400000.0625,-12146.759765625,-6202.27001953125,-400000.0625,-18838.220703125,-400000.0625,-5090.56982421875,-400000.0625
244.8142650127411,-400000.0625,-12139.849609375,-6195.64013671875,-400000.0625,-18832.01953125,-400000.0625,-5077.169921875,-400000.0625
244.83431434631348,-400000.0625,-12119.91015625,-6175.759765625,-400000.0625,-18814.380859375,-400000.0625,-5055.6201171875,-400000.0625
244.9022569656372,-400000.0625,-12115.669921875,-6172.3701171875,-400000.0625,-18820.05078125,-400000.0625,-5057.18994140625,-400000.0625
244.92518377304077,-400000.0625,-12134.0302734375,-6186.6298828125,-400000.0625,-18831.30078125,-400000.0625,-5074.5,-400000.0625
244.94202280044556,-400000.0625,-12149.0498046875,-6198.35986328125,-400000.0625,-18834.55078125,-400000.0625,-5082.7998046875,-400000.0625
244.99569463729858,-400000.0625,-12152.33984375,-6202.83984375,-400000.0625,-18841.029296875,-400000.0625,-5081.3701171875,-400000.0625
245.01842784881592,-400000.0625,-12139.849609375,-6193.259765625,-400000.0625,-18835.400390625,-400000.0625,-5066.81982421875,-400000.0625
245.04304194450378,-400000.0625,-12136.990234375,-6188.2998046875,-400000.0625,-18827.109375,-400000.0625,-5064.580078125,-400000.0625
245.09352374076843,-400000.0625,-12142.849609375,-6191.490234375,-400000.0625,-18828.869140625,-400000.0625,-5072.830078125,-400000.0625
245.11290907859802,-400000.0625,-12155.1103515625,-6199.31005859375,-400000.0625,-18837.029296875,-400000.0625,-5083.0400390625,-400000.0625
245.1312620639801,-400000.0625,-12147.48046875,-6194.39990234375,-400000.0625,-18832.689453125,-400000.0625,-5077.7900390625,-400000.0625
245.14735293388367,-400000.0625,-12132.3603515625,-6184.14990234375,-400000.0625,-18822.2890625,-400000.0625,-5067.919921875,-400000.0625
245.2192656993866,-400000.0625,-12125.8798828125,-6177.14013671875,-400000.0625,-18814.849609375,-400000.0625,-5060.9599609375,-400000.0625
245.2896089553833,-400000.0625,-12150.33984375,-6198.740234375,-400000.0625,-18833.689453125,-400000.0625,-5084.1298828125,-400000.0625
245.35757422447205,-400000.0625,-12166.0703125,-6212.759765625,-400000.0625,-18846.609375,-400000.0625,-5097.81982421875,-400000.0625
245.38424944877625,-400000.0625,-12160.73046875,-6206.66015625,-400000.0625,-18838.4609375,-400000.0625,-5089.0498046875,-400000.0625
245.40005207061768,-400000.0625,-12145.4296875,-6189.58984375,-400000.0625,-18825.9609375,-400000.0625,-5069.8798828125,-400000.0625
245.45920538902283,-400000.0625,-12146.1904296875,-6192.5400390625,-400000.0625,-18831.30078125,-400000.0625,-5067.16015625,-400000.0625
245.51204538345337,-400000.0625,-12161.2099609375,-6201.93994140625,-400000.0625,-18839.7890625,-400000.0625,-5081.56005859375,-400000.0625
245.56537675857544,-400000.0625,-12161.58984375,-6200.83984375,-400000.0625,-18838.359375,-400000.0625,-5087.27978515625,-400000.0625
245.6214141845703,-400000.0625,-12147.1904296875,-6188.43994140625,-400000.0625,-18831.830078125,-400000.0625,-5069.77978515625,-400000.0625
245.67500233650208,-400000.0625,-12137.650390625,-6180.2900390625,-400000.0625,-18818.48046875,-400000.0625,-5059.77001953125,-400000.0625
245.6901204586029,-400000.0625,-12144.419921875,-6185.33984375,-400000.0625,-18822.76953125,-400000.0625,-5064.77001953125,-400000.0625
245.7210910320282,-400000.0625,-12163.9697265625,-6200.89013671875,-400000.0625,-18838.98046875,-400000.0625,-5083.31982421875,-400000.0625
245.76719641685486,-400000.0625,-12181.8603515625,-6216.0,-400000.0625,-18856.619140625,-400000.0625,-5098.14990234375,-400000.0625
245.83078861236572,-400000.0625,-12172.990234375,-6204.18017578125,-400000.0625,-18846.470703125,-400000.0625,-5087.7099609375,-400000.0625
245.86067748069763,-400000.0625,-12148.7197265625,-6183.91015625,-400000.0625,-18828.30078125,-400000.0625,-5066.43994140625,-400000.0625
245.89106512069702,-400000.0625,-12145.1396484375,-6182.47998046875,-400000.0625,-18823.05078125,-400000.0625,-5060.009765625,-400000.0625
245.96557879447937,-400000.0625,-12157.4404296875,-6190.25,-400000.0625,-18829.16015625,-400000.0625,-5078.35986328125,-400000.0625
246.02462363243103,-400000.0625,-12170.98046875,-6199.4599609375,-400000.0625,-18834.310546875,-400000.0625,-5089.56982421875,-400000.0625
246.0995843410492,-400000.0625,-12151.2001953125,-6180.2900390625,-400000.0625,-18819.529296875,-400000.0625,-5071.31005859375,-400000.0625
246.12258577346802,-400000.0625,-12136.26953125,-6166.31982421875,-400000.0625,-18812.3203125,-400000.0625,-5055.7099609375,-400000.0625
246.15148091316223,-400000.0625,-12157.8701171875,-6183.33984375,-400000.0625,-18827.060546875,-400000.0625,-5072.259765625,-400000.0625
246.21103477478027,-400000.0625,-12173.5595703125,-6198.83984375,-400000.0625,-18839.26953125,-400000.0625,-5089.9501953125,-400000.0625
246.23601746559143,-400000.0625,-12184.099609375,-6208.85009765625,-400000.0625,-18845.66015625,-400000.0625,-5096.0498046875,-400000.0625
246.2549512386322,-400000.0625,-12177.990234375,-6201.97998046875,-400000.0625,-18836.9296875,-400000.0625,-5083.85009765625,-400000.0625
246.30444931983948,-400000.0625,-12154.099609375,-6180.85986328125,-400000.0625,-18825.33984375,-400000.0625,-5065.580078125,-400000.0625
246.3322491645813,-400000.0625,-12149.6201171875,-6174.759765625,-400000.0625,-18822.240234375,-400000.0625,-5058.10009765625,-400000.0625
246.35555219650269,-400000.0625,-12163.5,-6185.72021484375,-400000.0625,-18828.19921875,-400000.0625,-5073.02001953125,-400000.0625
246.38837432861328,-400000.0625,-12168.1201171875,-6191.4501953125,-400000.0625,-18832.0703125,-400000.0625,-5077.64990234375,-400000.0625
246.39695763587952,-400000.0625,-12166.2197265625,-6189.2998046875,-400000.0625,-18827.349609375,-400000.0625,-5070.10986328125,-400000.0625
246.41002583503723,-400000.0625,-12154.2001953125,-6178.47998046875,-400000.0625,-18819.759765625,-400000.0625,-5062.91015625,-400000.0625
246.41878390312195,-400000.0625,-12159.7802734375,-6186.009765625,-400000.0625,-18834.310546875,-400000.0625,-5070.31005859375,-400000.0625
246.4266541004181,-400000.0625,-12182.1904296875,-6203.4599609375,-400000.0625,-18848.900390625,-400000.0625,-5087.08984375,-400000.0625
246.43583798408508,-400000.0625,-12193.8701171875,-6210.330078125,-400000.0625,-18847.51953125,-400000.0625,-5097.8701171875,-400000.0625
246.44669342041016,-400000.0625,-12183.8603515625,-6199.68994140625,-400000.0625,-18837.310546875,-400000.0625,-5088.759765625,-400000.0625
246.45559978485107,-400000.0625,-12158.5400390625,-6178.89990234375,-400000.0625,-18815.5703125,-400000.0625,-5059.77001953125,-400000.0625
246.49383759498596,-400000.0625,-12152.009765625,-6173.1298828125,-400000.0625,-18813.0390625,-400000.0625,-5059.10009765625,-400000.0625
246.50492215156555,-400000.0625,-12181.4296875,-6195.77978515625,-400000.0625,-18836.44921875,-400000.0625,-5087.85009765625,-400000.0625
246.51847410202026,-400000.0625,-12197.58984375,-6209.60986328125,-400000.0625,-18849.66015625,-400000.0625,-5100.25,-400000.0625
246.52728295326233,-400000.0625,-12184.1396484375,-6198.5498046875,-400000.0625,-18839.650390625,-400000.0625,-5087.22998046875,-400000.0625
246.54008197784424,-400000.0625,-12164.3603515625,-6182.77001953125,-400000.0625,-18823.150390625,-400000.0625,-5062.8701171875,-400000.0625
246.55108046531677,-400000.0625,-12170.98046875,-6187.25,-400000.0625,-18823.669921875,-400000.0625,-5069.2099609375,-400000.0625
246.56086134910583,-400000.0625,-12189.150390625,-6201.7001953125,-400000.0625,-18834.44921875,-400000.0625,-5088.9501953125,-400000.0625
246.59991884231567,-400000.0625,-12197.5,-6207.419921875,-400000.0625,-18841.939453125,-400000.0625,-5102.02001953125,-400000.0625
246.6144139766693,-400000.0625,-12188.25,-6201.1201171875,-400000.0625,-18836.9296875,-400000.0625,-5091.85986328125,-400000.0625
246.6234152317047,-400000.0625,-12167.41015625,-6180.6201171875,-400000.0625,-18818.189453125,-400000.0625,-5066.25,-400000.0625
246.63329529762268,-400000.0625,-12162.3095703125,-6175.0400390625,-400000.0625,-18814.08984375,-400000.0625,-5058.3798828125,-400000.0625
246.6452829837799,-400000.0625,-12187.76953125,-6198.259765625,-400000.0625,-18838.220703125,-400000.0625,-5089.08984375,-400000.0625
246.6561872959137,-400000.0625,-12207.7998046875,-6213.08984375,-400000.0625,-18850.810546875,-400000.0625,-5108.31005859375,-400000.0625
246.67394351959229,-400000.0625,-12195.16015625,-6201.93994140625,-400000.0625,-18842.75,-400000.0625,-5092.47998046875,-400000.0625
246.72339177131653,-400000.0625,-12172.3203125,-6183.33984375,-400000.0625,-18819.91015625,-400000.0625,-5068.97021484375,-400000.0625
246.7350413799286,-400000.0625,-12169.7001953125,-6178.81005859375,-400000.0625,-18815.140625,-400000.0625,-5068.8701171875,-400000.0625
246.74699544906616,-400000.0625,-12188.3896484375,-6194.02001953125,-400000.0625,-18834.9296875,-400000.0625,-5088.27978515625,-400000.0625
246.7559096813202,-400000.0625,-12204.5498046875,-6205.990234375,-400000.0625,-18851.810546875,-400000.0625,-5099.580078125,-400000.0625
246.76589560508728,-400000.0625,-12193.6298828125,-6198.68994140625,-400000.0625,-18843.130859375,-400000.0625,-5087.3798828125,-400000.0625
246.78010964393616,-400000.0625,-12176.23046875,-6184.009765625,-400000.0625,-18824.25,-400000.0625,-5072.5498046875,-400000.0625
246.80910992622375,-400000.0625,-12178.23046875,-6181.56982421875,-400000.0625,-18821.9609375,-400000.0625,-5070.72998046875,-400000.0625
246.8221559524536,-400000.0625,-12199.5,-6194.4501953125,-400000.0625,-18842.080078125,-400000.0625,-5090.85986328125,-400000.0625
246.83681440353394,-400000.0625,-12219.0498046875,-6210.14013671875,-400000.0625,-18858.009765625,-400000.0625,-5103.77978515625,-400000.0625
246.84714674949646,-400000.0625,-12208.419921875,-6209.419921875,-400000.0625,-18845.080078125,-400000.0625,-5086.7998046875,-400000.0625
246.8561179637909,-400000.0625,-12190.5302734375,-6196.31005859375,-400000.0625,-18829.970703125,-400000.0625,-5067.2998046875,-400000.0625
246.86582040786743,-400000.0625,-12193.9697265625,-6194.31005859375,-400000.0625,-18829.439453125,-400000.0625,-5063.81982421875,-400000.0625
246.8765904903412,-400000.0625,-12211.990234375,-6208.7099609375,-400000.0625,-18836.169921875,-400000.0625,-5071.58984375,-400000.0625
246.886705160141,-400000.0625,-12214.2802734375,-6211.89990234375,-400000.0625,-18837.640625,-400000.0625,-5077.7001953125,-400000.0625
246.93837690353394,-400000.0625,-12211.7998046875,-6212.330078125,-400000.0625,-18840.26953125,-400000.0625,-5073.97998046875,-400000.0625
246.9581868648529,-400000.0625,-12201.41015625,-6205.3701171875,-400000.0625,-18838.689453125,-400000.0625,-5062.2001953125,-400000.0625
246.9820032119751,-400000.0625,-12202.5498046875,-6206.419921875,-400000.0625,-18837.640625,-400000.0625,-5062.6298828125,-400000.0625
247.00145077705383,-400000.0625,-12215.7099609375,-6217.33984375,-400000.0625,-18842.990234375,-400000.0625,-5077.97998046875,-400000.0625
247.05335760116577,-400000.0625,-12219.7197265625,-6219.81982421875,-400000.0625,-18841.599609375,-400000.0625,-5082.4599609375,-400000.0625
247.07741403579712,-400000.0625,-12218.099609375,-6219.2001953125,-400000.0625,-18842.650390625,-400000.0625,-5084.47021484375,-400000.0625
247.10455584526062,-400000.0625,-12206.7001953125,-6205.60986328125,-400000.0625,-18832.5390625,-400000.0625,-5065.06005859375,-400000.0625
247.15947103500366,-400000.0625,-12192.8203125,-6193.58984375,-400000.0625,-18819.669921875,-400000.0625,-5058.10009765625,-400000.0625
247.18223762512207,-400000.0625,-12215.2802734375,-6211.52001953125,-400000.0625,-18840.98046875,-400000.0625,-5078.89013671875,-400000.0625
247.20112419128418,-400000.0625,-12230.73046875,-6224.490234375,-400000.0625,-18853.0,-400000.0625,-5091.3798828125,-400000.0625
247.22193360328674,-400000.0625,-12217.7099609375,-6213.47998046875,-400000.0625,-18837.9296875,-400000.0625,-5081.7001953125,-400000.0625
247.26836729049683,-400000.0625,-12200.5,-6197.31005859375,-400000.0625,-18824.48046875,-400000.0625,-5065.490234375,-400000.0625
247.29929566383362,-400000.0625,-12205.7900390625,-6201.89013671875,-400000.0625,-18834.44921875,-400000.0625,-5070.39990234375,-400000.0625
247.32973647117615,-400000.0625,-12226.76953125,-6219.2001953125,-400000.0625,-18846.509765625,-400000.0625,-5086.85009765625,-400000.0625
247.3826985359192,-400000.0625,-12236.9296875,-6228.97021484375,-400000.0625,-18852.900390625,-400000.0625,-5090.27978515625,-400000.0625
247.40348935127258,-400000.0625,-12223.8203125,-6216.47998046875,-400000.0625,-18841.3203125,-400000.0625,-5080.1298828125,-400000.0625
247.42466831207275,-400000.0625,-12205.650390625,-6196.31005859375,-400000.0625,-18823.19921875,-400000.0625,-5061.2900390625,-400000.0625
247.44370865821838,-400000.0625,-12209.9404296875,-6201.31982421875,-400000.0625,-18826.630859375,-400000.0625,-5068.64013671875,-400000.0625
247.48937106132507,-400000.0625,-12232.5,-6221.33984375,-400000.0625,-18849.900390625,-400000.0625,-5092.9599609375,-400000.0625
247.51851415634155,-400000.0625,-12244.4599609375,-6232.1201171875,-400000.0625,-18859.150390625,-400000.0625,-5101.43994140625,-400000.0625
247.5396831035614,-400000.0625,-12234.3095703125,-6222.52978515625,-400000.0625,-18849.7109375,-400000.0625,-5086.9501953125,-400000.0625
247.54997420310974,-400000.0625,-12218.1904296875,-6208.60986328125,-400000.0625,-18832.400390625,-400000.0625,-5073.06982421875,-400000.0625
247.5789978504181,-400000.0625,-12215.900390625,-6203.64990234375,-400000.0625,-18827.109375,-400000.0625,-5067.02001953125,-400000.0625
247.58841753005981,-400000.0625,-12230.73046875,-6216.77001953125,-400000.0625,-18838.689453125,-400000.0625,-5081.75,-400000.0625
247.59870433807373,-400000.0625,-12245.6103515625,-6230.2099609375,-400000.0625,-18848.990234375,-400000.0625,-5094.33984375,-400000.0625
247.61309123039246,-400000.0625,-12230.73046875,-6215.2900390625,-400000.0625,-18840.509765625,-400000.0625,-5085.330078125,-400000.0625
247.62327766418457,-400000.0625,-12218.240234375,-6204.990234375,-400000.0625,-18836.359375,-400000.0625,-5072.740234375,-400000.0625
247.63405871391296,-400000.0625,-12226.919921875,-6213.52001953125,-400000.0625,-18840.599609375,-400000.0625,-5080.7001953125,-400000.0625
247.6456847190857,-400000.0625,-12247.75,-6231.93017578125,-400000.0625,-18847.51953125,-400000.0625,-5101.490234375,-400000.0625
247.6554982662201,-400000.0625,-12259.2001953125,-6240.18017578125,-400000.0625,-18858.669921875,-400000.0625,-5108.93017578125,-400000.0625
247.69224619865417,-400000.0625,-12244.7998046875,-6225.5400390625,-400000.0625,-18846.0390625,-400000.0625,-5093.6201171875,-400000.0625
247.7039954662323,-400000.0625,-12216.3798828125,-6202.27001953125,-400000.0625,-18831.779296875,-400000.0625,-5065.72998046875,-400000.0625
247.72072291374207,-400000.0625,-12217.1396484375,-6203.3701171875,-400000.0625,-18830.060546875,-400000.0625,-5064.81982421875,-400000.0625
247.73533821105957,-400000.0625,-12239.650390625,-6220.2900390625,-400000.0625,-18840.740234375,-400000.0625,-5085.89990234375,-400000.0625
247.74795413017273,-400000.0625,-12247.849609375,-6227.77978515625,-400000.0625,-18846.939453125,-400000.0625,-5095.669921875,-400000.0625
247.75705575942993,-400000.0625,-12243.3203125,-6220.10009765625,-400000.0625,-18848.140625,-400000.0625,-5089.3798828125,-400000.0625
247.78730487823486,-400000.0625,-12234.0703125,-6211.0,-400000.0625,-18839.650390625,-400000.0625,-5079.22021484375,-400000.0625
247.7954535484314,-400000.0625,-12229.1103515625,-6207.27978515625,-400000.0625,-18833.259765625,-400000.0625,-5074.31005859375,-400000.0625
247.811372756958,-400000.0625,-12250.4697265625,-6223.009765625,-400000.0625,-18847.51953125,-400000.0625,-5093.0,-400000.0625
247.82096076011658,-400000.0625,-12263.9697265625,-6233.8798828125,-400000.0625,-18854.0,-400000.0625,-5104.72998046875,-400000.0625
247.8296971321106,-400000.0625,-12252.51953125,-6222.43994140625,-400000.0625,-18844.1796875,-400000.0625,-5090.81005859375,-400000.0625
247.8407747745514,-400000.0625,-12232.6904296875,-6205.85009765625,-400000.0625,-18833.349609375,-400000.0625,-5073.64013671875,-400000.0625
247.84966707229614,-400000.0625,-12227.8701171875,-6199.93017578125,-400000.0625,-18825.580078125,-400000.0625,-5064.2001953125,-400000.0625
247.85783767700195,-400000.0625,-12243.8896484375,-6211.85009765625,-400000.0625,-18833.44921875,-400000.0625,-5080.89013671875,-400000.0625
247.88470339775085,-400000.0625,-12263.5400390625,-6225.830078125,-400000.0625,-18853.0,-400000.0625,-5100.009765625,-400000.0625
247.8932065963745,-400000.0625,-12253.48046875,-6215.6201171875,-400000.0625,-18843.1796875,-400000.0625,-5086.990234375,-400000.0625
247.90319275856018,-400000.0625,-12240.83984375,-6206.7998046875,-400000.0625,-18833.2109375,-400000.0625,-5074.35986328125,-400000.0625
247.9132375717163,-400000.0625,-12268.400390625,-6202.89013671875,-400000.0625,-18833.73046875,-400000.0625,-5078.64990234375,-400000.0625
247.92172360420227,-400000.0625,-12282.849609375,-6218.9599609375,-400000.0625,-18843.75,-400000.0625,-5089.240234375,-400000.0625
247.93040251731873,-400000.0625,-12285.4697265625,-6229.740234375,-400000.0625,-18847.560546875,-400000.0625,-5098.25,-400000.0625
247.94247722625732,-400000.0625,-12279.66015625,-6201.02978515625,-400000.0625,-18832.640625,-400000.0625,-5064.25,-400000.0625
247.9538974761963,-400000.0625,-12255.8095703125,-6200.31005859375,-400000.0625,-18819.810546875,-400000.0625,-5047.89013671875,-400000.0625
247.96168184280396,-400000.0625,-12264.2099609375,-6219.72021484375,-400000.0625,-18823.390625,-400000.0625,-5061.47998046875,-400000.0625
247.99212884902954,-400000.0625,-12280.080078125,-6231.58984375,-400000.0625,-18826.580078125,-400000.0625,-5062.72021484375,-400000.0625
248.0016746520996,-400000.0625,-12296.8701171875,-6260.16015625,-400000.0625,-18829.009765625,-400000.0625,-5071.93017578125,-400000.0625
248.0117154121399,-400000.0625,-12282.51953125,-6232.60009765625,-400000.0625,-18804.26953125,-400000.0625,-5030.97021484375,-400000.0625
248.02040815353394,-400000.0625,-12262.0595703125,-6246.3798828125,-400000.0625,-18785.4296875,-400000.0625,-5032.8701171875,-400000.0625
248.02823185920715,-400000.0625,-12321.8095703125,-6277.7001953125,-400000.0625,-18783.48046875,-400000.0625,-5059.43017578125,-400000.0625
248.0383505821228,-400000.0625,-12382.1796875,-6303.60009765625,-400000.0625,-18791.150390625,-400000.0625,-5083.419921875,-400000.0625
248.0550525188446,-400000.0625,-12428.5703125,-6315.52001953125,-400000.0625,-18784.529296875,-400000.0625,-5090.47998046875,-400000.0625
248.08161401748657,-400000.0625,-12432.0498046875,-6325.10009765625,-400000.0625,-18756.109375,-400000.0625,-5097.68017578125,-400000.0625
248.1459505558014,-400000.0625,-12433.150390625,-6328.35009765625,-400000.0625,-18735.890625,-400000.0625,-5097.91015625,-400000.0625
248.18002796173096,-400000.0625,-12463.2900390625,-6341.41015625,-400000.0625,-18724.779296875,-400000.0625,-5115.22021484375,-400000.0625
248.2112078666687,-400000.0625,-12518.8798828125,-6366.5400390625,-400000.0625,-18732.259765625,-400000.0625,-5145.35986328125,-400000.0625
248.2661476135254,-400000.0625,-12525.990234375,-6382.47021484375,-400000.0625,-18724.490234375,-400000.0625,-5160.9501953125,-400000.0625
248.28447198867798,-400000.0625,-12528.2802734375,-6375.35986328125,-400000.0625,-18706.130859375,-400000.0625,-5156.85009765625,-400000.0625
248.30695819854736,-400000.0625,-12554.0703125,-6386.27978515625,-400000.0625,-18710.94921875,-400000.0625,-5173.25,-400000.0625
248.32079148292542,-400000.0625,-12575.009765625,-6399.35009765625,-400000.0625,-18719.869140625,-400000.0625,-5189.0400390625,-400000.0625
248.3749270439148,-400000.0625,-12589.5,-6402.830078125,-400000.0625,-18724.490234375,-400000.0625,-5202.10009765625,-400000.0625
248.39499497413635,-400000.0625,-12594.419921875,-6401.2099609375,-400000.0625,-18724.58984375,-400000.0625,-5206.2001953125,-400000.0625
248.4166579246521,-400000.0625,-12590.599609375,-6396.14990234375,-400000.0625,-18721.060546875,-400000.0625,-5199.6201171875,-400000.0625
248.4354817867279,-400000.0625,-12572.8095703125,-6381.509765625,-400000.0625,-18709.759765625,-400000.0625,-5185.7001953125,-400000.0625
248.48202633857727,-400000.0625,-12560.1298828125,-6363.43994140625,-400000.0625,-18704.939453125,-400000.0625,-5170.39013671875,-400000.0625
248.5024938583374,-400000.0625,-12573.4296875,-6374.68994140625,-400000.0625,-18730.880859375,-400000.0625,-5194.08984375,-400000.0625
248.51483488082886,-400000.0625,-12583.830078125,-6389.330078125,-400000.0625,-18751.099609375,-400000.0625,-5214.02001953125,-400000.0625
248.53240585327148,-400000.0625,-12572.48046875,-6383.419921875,-400000.0625,-18755.490234375,-400000.0625,-5206.68017578125,-400000.0625
248.55545902252197,-400000.0625,-12538.2900390625,-6359.0498046875,-400000.0625,-18742.0390625,-400000.0625,-5184.75,-400000.0625
248.60522651672363,-400000.0625,-12520.26953125,-6348.66015625,-400000.0625,-18739.1796875,-400000.0625,-5177.93017578125,-400000.0625
248.62246012687683,-400000.0625,-12524.26953125,-6353.43017578125,-400000.0625,-18758.58984375,-400000.0625,-5192.14013671875,-400000.0625
248.6450469493866,-400000.0625,-12519.4599609375,-6354.669921875,-400000.0625,-18767.599609375,-400000.0625,-5198.91015625,-400000.0625
248.66704297065735,-400000.0625,-12495.08984375,-6337.68994140625,-400000.0625,-18763.5390625,-400000.0625,-5182.93017578125,-400000.0625
248.7217173576355,-400000.0625,-12471.5302734375,-6325.52978515625,-400000.0625,-18769.69921875,-400000.0625,-5168.77001953125,-400000.0625
248.75215458869934,-400000.0625,-12467.4296875,-6323.33984375,-400000.0625,-18775.26953125,-400000.0625,-5176.16015625,-400000.0625
248.77460265159607,-400000.0625,-12470.33984375,-6323.91015625,-400000.0625,-18783.380859375,-400000.0625,-5182.1201171875,-400000.0625
248.83255529403687,-400000.0625,-12458.4697265625,-6318.3798828125,-400000.0625,-18788.669921875,-400000.0625,-5188.27978515625,-400000.0625
248.85514116287231,-400000.0625,-12442.01953125,-6305.5498046875,-400000.0625,-18789.390625,-400000.0625,-5179.4501953125,-400000.0625
248.86646580696106,-400000.0625,-12419.7998046875,-6289.91015625,-400000.0625,-18781.7109375,-400000.0625,-5161.81005859375,-400000.0625
248.88589239120483,-400000.0625,-12406.16015625,-6281.08984375,-400000.0625,-18777.419921875,-400000.0625,-5159.89990234375,-400000.0625
248.93854427337646,-400000.0625,-12417.990234375,-6292.580078125,-400000.0625,-18796.400390625,-400000.0625,-5177.740234375,-400000.0625
248.95685338974,-400000.0625,-12420.7001953125,-6297.2099609375,-400000.0625,-18804.119140625,-400000.0625,-5180.64990234375,-400000.0625
248.9772002696991,-400000.0625,-12400.580078125,-6280.759765625,-400000.0625,-18798.5390625,-400000.0625,-5168.25,-400000.0625
248.99081110954285,-400000.0625,-12378.169921875,-6264.39990234375,-400000.0625,-18794.58984375,-400000.0625,-5146.60009765625,-400000.0625
249.04985809326172,-400000.0625,-12381.41015625,-6268.8798828125,-400000.0625,-18802.44921875,-400000.0625,-5150.509765625,-400000.0625
249.0737383365631,-400000.0625,-12398.4404296875,-6281.66015625,-400000.0625,-18821.189453125,-400000.0625,-5172.8701171875,-400000.0625
249.0859513282776,-400000.0625,-12401.9599609375,-6288.10009765625,-400000.0625,-18831.2109375,-400000.0625,-5179.97998046875,-400000.0625
249.11036252975464,-400000.0625,-12382.3701171875,-6274.080078125,-400000.0625,-18822.150390625,-400000.0625,-5168.43994140625,-400000.0625
249.16147303581238,-400000.0625,-12353.5595703125,-6250.0,-400000.0625,-18805.4609375,-400000.0625,-5143.5,-400000.0625
249.18051767349243,-400000.0625,-12349.080078125,-6248.27978515625,-400000.0625,-18803.9296875,-400000.0625,-5140.58984375,-400000.0625
249.2004783153534,-400000.0625,-12360.8603515625,-6260.06005859375,-400000.0625,-18816.279296875,-400000.0625,-5157.08984375,-400000.0625
249.21629309654236,-400000.0625,-12366.009765625,-6267.740234375,-400000.0625,-18834.58984375,-400000.0625,-5159.56982421875,-400000.0625
249.26241874694824,-400000.0625,-12349.7001953125,-6252.72021484375,-400000.0625,-18820.33984375,-400000.0625,-5145.83984375,-400000.0625
249.27707028388977,-400000.0625,-12329.009765625,-6237.56005859375,-400000.0625,-18803.5,-400000.0625,-5128.81005859375,-400000.0625
249.29605984687805,-400000.0625,-12328.48046875,-6240.60986328125,-400000.0625,-18810.3203125,-400000.0625,-5129.14990234375,-400000.0625
249.31042528152466,-400000.0625,-12342.259765625,-6250.759765625,-400000.0625,-18826.30078125,-400000.0625,-5143.4501953125,-400000.0625
249.33591747283936,-400000.0625,-12348.9404296875,-6257.33984375,-400000.0625,-18834.689453125,-400000.0625,-5151.22021484375,-400000.0625
249.37910151481628,-400000.0625,-12333.25,-6245.9501953125,-400000.0625,-18823.91015625,-400000.0625,-5137.72998046875,-400000.0625
249.39167070388794,-400000.0625,-12316.75,-6229.02001953125,-400000.0625,-18816.51953125,-400000.0625,-5122.27978515625,-400000.0625
249.41133379936218,-400000.0625,-12320.900390625,-6230.39990234375,-400000.0625,-18820.4296875,-400000.0625,-5127.240234375,-400000.0625
249.42798352241516,-400000.0625,-12342.650390625,-6249.330078125,-400000.0625,-18835.259765625,-400000.0625,-5143.64013671875,-400000.0625
249.4520468711853,-400000.0625,-12347.83984375,-6252.47998046875,-400000.0625,-18834.640625,-400000.0625,-5155.1298828125,-400000.0625
249.50785875320435,-400000.0625,-12332.1103515625,-6239.4599609375,-400000.0625,-18828.390625,-400000.0625,-5138.10986328125,-400000.0625
249.52277255058289,-400000.0625,-12312.7001953125,-6224.6298828125,-400000.0625,-18817.759765625,-400000.0625,-5119.89990234375,-400000.0625
249.54512882232666,-400000.0625,-12299.58984375,-6211.56982421875,-400000.0625,-18805.83984375,-400000.0625,-5114.990234375,-400000.0625
249.56179928779602,-400000.0625,-12318.759765625,-6228.10986328125,-400000.0625,-18815.810546875,-400000.0625,-5131.9599609375,-400000.0625
249.62131762504578,-400000.0625,-12335.9697265625,-6244.7998046875,-400000.0625,-18832.880859375,-400000.0625,-5149.83984375,-400000.0625
249.64243006706238,-400000.0625,-12320.08984375,-6228.5,-400000.0625,-18823.669921875,-400000.0625,-5134.14990234375,-400000.0625
249.65731167793274,-400000.0625,-12303.6904296875,-6216.18994140625,-400000.0625,-18812.369140625,-400000.0625,-5111.7900390625,-400000.0625
249.68115830421448,-400000.0625,-12310.650390625,-6219.47998046875,-400000.0625,-18823.580078125,-400000.0625,-5116.64990234375,-400000.0625
249.7649199962616,-400000.0625,-12327.8603515625,-6234.89013671875,-400000.0625,-18835.359375,-400000.0625,-5136.39990234375,-400000.0625
249.78668546676636,-400000.0625,-12329.4404296875,-6236.83984375,-400000.0625,-18833.880859375,-400000.0625,-5137.6298828125,-400000.0625
249.84203553199768,-400000.0625,-12312.2197265625,-6221.14990234375,-400000.0625,-18818.189453125,-400000.0625,-5123.14013671875,-400000.0625
249.8710355758667,-400000.0625,-12304.5498046875,-6213.08984375,-400000.0625,-18813.80078125,-400000.0625,-5110.4599609375,-400000.0625
249.8938684463501,-400000.0625,-12312.75,-6218.6201171875,-400000.0625,-18820.5703125,-400000.0625,-5117.27001953125,-400000.0625
249.94833946228027,-400000.0625,-12326.76953125,-6228.64013671875,-400000.0625,-18830.16015625,-400000.0625,-5133.68017578125,-400000.0625
249.9658706188202,-400000.0625,-12338.259765625,-6238.4599609375,-400000.0625,-18844.029296875,-400000.0625,-5143.93017578125,-400000.0625
249.9913878440857,-400000.0625,-12328.8203125,-6230.830078125,-400000.0625,-18835.0703125,-400000.0625,-5136.68017578125,-400000.0625
250.0132327079773,-400000.0625,-12309.509765625,-6213.85986328125,-400000.0625,-18819.810546875,-400000.0625,-5118.56005859375,-400000.0625
250.06519150733948,-400000.0625,-12306.4501953125,-6209.330078125,-400000.0625,-18819.91015625,-400000.0625,-5113.41015625,-400000.0625
250.08321475982666,-400000.0625,-12323.9501953125,-6222.77001953125,-400000.0625,-18825.9609375,-400000.0625,-5133.06005859375,-400000.0625
250.1053502559662,-400000.0625,-12331.8203125,-6230.06982421875,-400000.0625,-18831.2109375,-400000.0625,-5145.97998046875,-400000.0625
250.1194941997528,-400000.0625,-12315.75,-6215.759765625,-400000.0625,-18820.0,-400000.0625,-5126.10009765625,-400000.0625
250.17962551116943,-400000.0625,-12299.73046875,-6200.41015625,-400000.0625,-18806.26953125,-400000.0625,-5109.06982421875,-400000.0625
250.19768500328064,-400000.0625,-12316.08984375,-6213.56982421875,-400000.0625,-18817.470703125,-400000.0625,-5126.330078125,-400000.0625
250.21110129356384,-400000.0625,-12336.1103515625,-6232.60009765625,-400000.0625,-18831.919921875,-400000.0625,-5141.68994140625,-400000.0625
250.23092555999756,-400000.0625,-12345.650390625,-6241.31982421875,-400000.0625,-18840.4609375,-400000.0625,-5150.27001953125,-400000.0625
250.27762150764465,-400000.0625,-12331.0595703125,-6227.35009765625,-400000.0625,-18829.16015625,-400000.0625,-5133.52978515625,-400000.0625
250.30038213729858,-400000.0625,-12307.740234375,-6205.4599609375,-400000.0625,-18814.380859375,-400000.0625,-5112.35986328125,-400000.0625
250.32159042358398,-400000.0625,-12314.3203125,-6210.27978515625,-400000.0625,-18821.4296875,-400000.0625,-5120.27978515625,-400000.0625
250.33220505714417,-400000.0625,-12335.9697265625,-6230.06982421875,-400000.0625,-18837.169921875,-400000.0625,-5142.2099609375,-400000.0625
250.38045692443848,-400000.0625,-12346.1298828125,-6238.41015625,-400000.0625,-18841.359375,-400000.0625,-5149.89013671875,-400000.0625
250.3992178440094,-400000.0625,-12342.41015625,-6232.06982421875,-400000.0625,-18838.83984375,-400000.0625,-5141.4501953125,-400000.0625
250.4157931804657,-400000.0625,-12325.240234375,-6216.47998046875,-400000.0625,-18823.240234375,-400000.0625,-5127.56982421875,-400000.0625
250.4325430393219,-400000.0625,-12320.330078125,-6211.56982421875,-400000.0625,-18817.94921875,-400000.0625,-5123.0,-400000.0625
250.48757886886597,-400000.0625,-12337.4501953125,-6226.06005859375,-400000.0625,-18828.349609375,-400000.0625,-5140.72998046875,-400000.0625
250.5101022720337,-400000.0625,-12349.3203125,-6234.5,-400000.0625,-18836.0703125,-400000.0625,-5151.3701171875,-400000.0625
250.52970433235168,-400000.0625,-12344.8896484375,-6232.60009765625,-400000.0625,-18835.2109375,-400000.0625,-5146.31005859375,-400000.0625
250.54996418952942,-400000.0625,-12325.5703125,-6215.56982421875,-400000.0625,-18824.390625,-400000.0625,-5132.8701171875,-400000.0625
250.6076409816742,-400000.0625,-12323.8095703125,-6212.0,-400000.0625,-18820.48046875,-400000.0625,-5131.91015625,-400000.0625
250.62984037399292,-400000.0625,-12343.1201171875,-6227.06005859375,-400000.0625,-18833.73046875,-400000.0625,-5146.06982421875,-400000.0625
250.64936089515686,-400000.0625,-12347.75,-6230.77978515625,-400000.0625,-18836.119140625,-400000.0625,-5151.7001953125,-400000.0625
250.66523671150208,-400000.0625,-12347.5595703125,-6229.16015625,-400000.0625,-18834.0703125,-400000.0625,-5150.990234375,-400000.0625
250.7311656475067,-400000.0625,-12331.5302734375,-6216.669921875,-400000.0625,-18830.349609375,-400000.0625,-5133.72021484375,-400000.0625
250.7696921825409,-400000.0625,-12330.8701171875,-6213.7099609375,-400000.0625,-18825.630859375,-400000.0625,-5134.6298828125,-400000.0625
250.82615041732788,-400000.0625,-12347.7998046875,-6221.39013671875,-400000.0625,-18829.16015625,-400000.0625,-5144.7900390625,-400000.0625
250.84158778190613,-400000.0625,-12360.1904296875,-6229.97021484375,-400000.0625,-18839.080078125,-400000.0625,-5152.22998046875,-400000.0625
250.86351442337036,-400000.0625,-12338.16015625,-6220.52978515625,-400000.0625,-18825.150390625,-400000.0625,-5137.16015625,-400000.0625
250.88309812545776,-400000.0625,-12317.4697265625,-6210.7099609375,-400000.0625,-18811.1796875,-400000.0625,-5133.490234375,-400000.0625
250.92725443840027,-400000.0625,-12321.51953125,-6207.31982421875,-400000.0625,-18812.130859375,-400000.0625,-5139.35009765625,-400000.0625
250.94137620925903,-400000.0625,-12351.9404296875,-6224.490234375,-400000.0625,-18830.58984375,-400000.0625,-5158.6201171875,-400000.0625
250.96351432800293,-400000.0625,-12354.5703125,-6231.58984375,-400000.0625,-18837.880859375,-400000.0625,-5170.77978515625,-400000.0625
250.98171043395996,-400000.0625,-12348.1796875,-6225.35009765625,-400000.0625,-18830.73046875,-400000.0625,-5158.0400390625,-400000.0625
251.01141381263733,-400000.0625,-12334.0595703125,-6206.60986328125,-400000.0625,-18813.560546875,-400000.0625,-5137.919921875,-400000.0625
251.055969953537,-400000.0625,-12327.76953125,-6201.5498046875,-400000.0625,-18810.23046875,-400000.0625,-5136.68017578125,-400000.0625
251.07402968406677,-400000.0625,-12343.6904296875,-6215.669921875,-400000.0625,-18821.4296875,-400000.0625,-5156.22998046875,-400000.0625
251.0953860282898,-400000.0625,-12359.330078125,-6228.2998046875,-400000.0625,-18832.970703125,-400000.0625,-5170.68017578125,-400000.0625
251.11189532279968,-400000.0625,-12352.5595703125,-6221.9599609375,-400000.0625,-18829.73046875,-400000.0625,-5159.56982421875,-400000.0625
251.16713857650757,-400000.0625,-12339.16015625,-6212.08984375,-400000.0625,-18818.189453125,-400000.0625,-5144.97998046875,-400000.0625
251.19109272956848,-400000.0625,-12343.5,-6216.81005859375,-400000.0625,-18823.439453125,-400000.0625,-5152.990234375,-400000.0625
251.21407556533813,-400000.0625,-12353.6103515625,-6224.919921875,-400000.0625,-18829.349609375,-400000.0625,-5164.0498046875,-400000.0625
251.26275300979614,-400000.0625,-12361.0498046875,-6229.5,-400000.0625,-18835.44921875,-400000.0625,-5168.9599609375,-400000.0625
251.283109664917,-400000.0625,-12355.1904296875,-6224.25,-400000.0625,-18829.490234375,-400000.0625,-5164.580078125,-400000.0625
251.30694389343262,-400000.0625,-12344.4599609375,-6216.10009765625,-400000.0625,-18819.5703125,-400000.0625,-5152.18017578125,-400000.0625
251.3238754272461,-400000.0625,-12342.41015625,-6213.7099609375,-400000.0625,-18820.05078125,-400000.0625,-5148.93994140625,-400000.0625
251.36257767677307,-400000.0625,-12363.009765625,-6228.39990234375,-400000.0625,-18833.109375,-400000.0625,-5166.9599609375,-400000.0625
251.38036227226257,-400000.0625,-12366.490234375,-6230.5,-400000.0625,-18830.25,-400000.0625,-5166.52978515625,-400000.0625
251.39867639541626,-400000.0625,-12346.75,-6214.43017578125,-400000.0625,-18815.140625,-400000.0625,-5151.60986328125,-400000.0625
251.41557431221008,-400000.0625,-12341.8798828125,-6211.3798828125,-400000.0625,-18812.75,-400000.0625,-5142.740234375,-400000.0625
251.43373012542725,-400000.0625,-12347.1298828125,-6213.9501953125,-400000.0625,-18815.7109375,-400000.0625,-5146.06982421875,-400000.0625
251.47924137115479,-400000.0625,-12367.2998046875,-6229.97021484375,-400000.0625,-18831.779296875,-400000.0625,-5167.14990234375,-400000.0625
251.49669218063354,-400000.0625,-12378.98046875,-6238.1298828125,-400000.0625,-18833.689453125,-400000.0625,-5174.58984375,-400000.0625
251.51542258262634,-400000.0625,-12359.0,-6218.85986328125,-400000.0625,-18825.9609375,-400000.0625,-5160.18994140625,-400000.0625
251.53061366081238,-400000.0625,-12343.169921875,-6206.1298828125,-400000.0625,-18816.189453125,-400000.0625,-5147.080078125,-400000.0625
251.55264949798584,-400000.0625,-12350.7998046875,-6214.669921875,-400000.0625,-18819.810546875,-400000.0625,-5146.97998046875,-400000.0625
251.6112310886383,-400000.0625,-12359.5302734375,-6219.81982421875,-400000.0625,-18823.91015625,-400000.0625,-5159.0400390625,-400000.0625
251.62400817871094,-400000.0625,-12372.6904296875,-6229.2099609375,-400000.0625,-18831.01953125,-400000.0625,-5163.33984375,-400000.0625
251.6449372768402,-400000.0625,-12363.48046875,-6222.39013671875,-400000.0625,-18820.810546875,-400000.0625,-5160.669921875,-400000.0625
251.65864181518555,-400000.0625,-12351.23046875,-6213.52001953125,-400000.0625,-18813.08984375,-400000.0625,-5153.509765625,-400000.0625
251.71508383750916,-400000.0625,-12348.7001953125,-6209.22998046875,-400000.0625,-18818.140625,-400000.0625,-5148.080078125,-400000.0625
251.74838590621948,-400000.0625,-12361.6201171875,-6216.85986328125,-400000.0625,-18828.970703125,-400000.0625,-5157.08984375,-400000.0625
251.77626848220825,-400000.0625,-12371.73046875,-6227.830078125,-400000.0625,-18832.400390625,-400000.0625,-5170.6298828125,-400000.0625
251.82043647766113,-400000.0625,-12363.9599609375,-6220.81982421875,-400000.0625,-18817.759765625,-400000.0625,-5157.759765625,-400000.0625
251.84301352500916,-400000.0625,-12347.0302734375,-6207.27978515625,-400000.0625,-18809.419921875,-400000.0625,-5140.02001953125,-400000.0625
251.857430934906,-400000.0625,-12350.3701171875,-6212.52001953125,-400000.0625,-18813.279296875,-400000.0625,-5142.97998046875,-400000.0625
251.87903499603271,-400000.0625,-12375.8798828125,-6230.64013671875,-400000.0625,-18826.76953125,-400000.0625,-5166.39013671875,-400000.0625
251.92938113212585,-400000.0625,-12385.7001953125,-6235.7001953125,-400000.0625,-18832.5,-400000.0625,-5177.77978515625,-400000.0625
251.95174145698547,-400000.0625,-12368.8701171875,-6219.14990234375,-400000.0625,-18823.529296875,-400000.0625,-5162.43017578125,-400000.0625
251.98370718955994,-400000.0625,-12352.3701171875,-6205.7001953125,-400000.0625,-18811.69921875,-400000.0625,-5144.8798828125,-400000.0625
252.03744554519653,-400000.0625,-12354.9501953125,-6210.3798828125,-400000.0625,-18815.5703125,-400000.0625,-5148.7001953125,-400000.0625
252.0586450099945,-400000.0625,-12363.6298828125,-6216.14990234375,-400000.0625,-18822.720703125,-400000.0625,-5154.66015625,-400000.0625
252.06844401359558,-400000.0625,-12374.1201171875,-6223.009765625,-400000.0625,-18829.970703125,-400000.0625,-5161.6201171875,-400000.0625
252.0950891971588,-400000.0625,-12371.830078125,-6221.490234375,-400000.0625,-18825.150390625,-400000.0625,-5164.43017578125,-400000.0625
252.14630651474,-400000.0625,-12365.76953125,-6217.81005859375,-400000.0625,-18822.720703125,-400000.0625,-5151.7998046875,-400000.0625
252.1653754711151,-400000.0625,-12370.9697265625,-6221.580078125,-400000.0625,-18823.19921875,-400000.0625,-5155.330078125,-400000.0625
252.19187331199646,-400000.0625,-12391.23046875,-6236.83984375,-400000.0625,-18836.9296875,-400000.0625,-5176.39990234375,-400000.0625
252.21728110313416,-400000.0625,-12396.580078125,-6242.60986328125,-400000.0625,-18841.080078125,-400000.0625,-5179.41015625,-400000.0625
252.2653820514679,-400000.0625,-12378.650390625,-6228.259765625,-400000.0625,-18825.8203125,-400000.0625,-5162.0498046875,-400000.0625
252.28516387939453,-400000.0625,-12360.76953125,-6209.759765625,-400000.0625,-18809.75,-400000.0625,-5147.080078125,-400000.0625
252.31157207489014,-400000.0625,-12351.849609375,-6198.5,-400000.0625,-18799.259765625,-400000.0625,-5138.97021484375,-400000.0625
252.33585047721863,-400000.0625,-12371.6396484375,-6214.330078125,-400000.0625,-18817.4296875,-400000.0625,-5158.3798828125,-400000.0625
252.40660548210144,-400000.0625,-12395.8095703125,-6238.31982421875,-400000.0625,-18838.689453125,-400000.0625,-5180.64990234375,-400000.0625
252.4338846206665,-400000.0625,-12384.0302734375,-6228.02001953125,-400000.0625,-18827.5390625,-400000.0625,-5167.43994140625,-400000.0625
252.4545614719391,-400000.0625,-12370.0595703125,-6215.6201171875,-400000.0625,-18813.66015625,-400000.0625,-5150.7001953125,-400000.0625
252.5244436264038,-400000.0625,-12369.8701171875,-6217.580078125,-400000.0625,-18818.0,-400000.0625,-5153.3701171875,-400000.0625
252.54845881462097,-400000.0625,-12390.9501953125,-6232.4501953125,-400000.0625,-18833.689453125,-400000.0625,-5175.16015625,-400000.0625
252.5701425075531,-400000.0625,-12395.48046875,-6233.06982421875,-400000.0625,-18832.400390625,-400000.0625,-5178.35986328125,-400000.0625
252.61958527565002,-400000.0625,-12379.5498046875,-6220.8701171875,-400000.0625,-18817.810546875,-400000.0625,-5163.9599609375,-400000.0625
252.6450276374817,-400000.0625,-12366.150390625,-6207.27978515625,-400000.0625,-18804.310546875,-400000.0625,-5147.64990234375,-400000.0625
252.66429924964905,-400000.0625,-12368.0595703125,-6209.330078125,-400000.0625,-18808.650390625,-400000.0625,-5156.7099609375,-400000.0625
252.6828305721283,-400000.0625,-12393.4296875,-6226.8701171875,-400000.0625,-18826.439453125,-400000.0625,-5174.16015625,-400000.0625
252.76615858078003,-400000.0625,-12405.5400390625,-6233.8798828125,-400000.0625,-18839.310546875,-400000.0625,-5168.72021484375,-400000.0625
252.788391828537,-400000.0625,-12389.7099609375,-6231.02001953125,-400000.0625,-18830.349609375,-400000.0625,-5153.0400390625,-400000.0625
252.8472294807434,-400000.0625,-12379.83984375,-6228.64013671875,-400000.0625,-18816.759765625,-400000.0625,-5138.64013671875,-400000.0625
252.8685221672058,-400000.0625,-12390.23046875,-6232.259765625,-400000.0625,-18819.380859375,-400000.0625,-5131.43994140625,-400000.0625
252.8837583065033,-400000.0625,-12410.5,-6249.43017578125,-400000.0625,-18834.16015625,-400000.0625,-5139.919921875,-400000.0625
252.91068696975708,-400000.0625,-12419.7998046875,-6264.31005859375,-400000.0625,-18839.080078125,-400000.0625,-5144.7900390625,-400000.0625
252.967045545578,-400000.0625,-12407.1103515625,-6253.77001953125,-400000.0625,-18826.8203125,-400000.0625,-5132.10009765625,-400000.0625
252.9901134967804,-400000.0625,-12391.9501953125,-6237.93994140625,-400000.0625,-18813.23046875,-400000.0625,-5110.06982421875,-400000.0625
253.00769662857056,-400000.0625,-12388.2802734375,-6238.3701171875,-400000.0625,-18815.330078125,-400000.0625,-5113.27001953125,-400000.0625
253.03250813484192,-400000.0625,-12398.009765625,-6247.330078125,-400000.0625,-18814.849609375,-400000.0625,-5124.240234375,-400000.0625
253.1524097919464,-400000.0625,-12403.58984375,-6251.3798828125,-400000.0625,-18821.380859375,-400000.0625,-5130.47998046875,-400000.0625
253.27960228919983,-400000.0625,-12404.25,-6250.91015625,-400000.0625,-18823.859375,-400000.0625,-5125.81005859375,-400000.0625
253.37183666229248,-400000.0625,-12396.33984375,-6248.14013671875,-400000.0625,-18814.66015625,-400000.0625,-5120.7998046875,-400000.0625
253.4017059803009,-400000.0625,-12401.919921875,-6251.3798828125,-400000.0625,-18821.099609375,-400000.0625,-5128.43017578125,-400000.0625
253.46647596359253,-400000.0625,-12418.2197265625,-6264.259765625,-400000.0625,-18839.029296875,-400000.0625,-5141.8798828125,-400000.0625
253.53029918670654,-400000.0625,-12423.419921875,-6269.7900390625,-400000.0625,-18835.880859375,-400000.0625,-5145.60009765625,-400000.0625
253.581561088562,-400000.0625,-12409.349609375,-6254.52978515625,-400000.0625,-18827.19921875,-400000.0625,-5128.43017578125,-400000.0625
253.63689708709717,-400000.0625,-12392.8603515625,-6240.89013671875,-400000.0625,-18814.66015625,-400000.0625,-5113.27001953125,-400000.0625
253.68628001213074,-400000.0625,-12393.9501953125,-6242.7998046875,-400000.0625,-18817.7109375,-400000.0625,-5116.89013671875,-400000.0625
253.70596861839294,-400000.0625,-12407.349609375,-6252.6201171875,-400000.0625,-18825.33984375,-400000.0625,-5133.580078125,-400000.0625
253.75750398635864,-400000.0625,-12418.6103515625,-6261.39990234375,-400000.0625,-18830.2109375,-400000.0625,-5138.68017578125,-400000.0625
253.8263590335846,-400000.0625,-12414.650390625,-6257.25,-400000.0625,-18827.390625,-400000.0625,-5130.72021484375,-400000.0625
253.84242510795593,-400000.0625,-12390.1904296875,-6238.509765625,-400000.0625,-18807.080078125,-400000.0625,-5113.7001953125,-400000.0625
253.86153149604797,-400000.0625,-12390.419921875,-6237.35986328125,-400000.0625,-18808.220703125,-400000.0625,-5113.31982421875,-400000.0625
253.94739151000977,-400000.0625,-12405.01953125,-6247.85009765625,-400000.0625,-18820.9609375,-400000.0625,-5130.39013671875,-400000.0625
253.97527766227722,-400000.0625,-12417.9404296875,-6259.58984375,-400000.0625,-18831.490234375,-400000.0625,-5141.58984375,-400000.0625
254.0301513671875,-400000.0625,-12420.4697265625,-6261.43994140625,-400000.0625,-18831.880859375,-400000.0625,-5136.16015625,-400000.0625
254.05988430976868,-400000.0625,-12409.5498046875,-6249.52001953125,-400000.0625,-18820.140625,-400000.0625,-5123.7099609375,-400000.0625
254.1001377105713,-400000.0625,-12404.16015625,-6244.9501953125,-400000.0625,-18820.0,-400000.0625,-5122.56982421875,-400000.0625
254.17002272605896,-400000.0625,-12422.0400390625,-6260.8701171875,-400000.0625,-18831.779296875,-400000.0625,-5136.97021484375,-400000.0625
254.20248675346375,-400000.0625,-12432.91015625,-6267.93017578125,-400000.0625,-18835.98046875,-400000.0625,-5143.02001953125,-400000.0625
254.27009749412537,-400000.0625,-12418.4599609375,-6254.2900390625,-400000.0625,-18826.19921875,-400000.0625,-5126.81005859375,-400000.0625
254.28851294517517,-400000.0625,-12394.8095703125,-6230.35986328125,-400000.0625,-18806.080078125,-400000.0625,-5108.7900390625,-400000.0625
254.30190587043762,-400000.0625,-12390.419921875,-6227.97021484375,-400000.0625,-18804.599609375,-400000.0625,-5114.02978515625,-400000.0625
254.31604027748108,-400000.0625,-12421.509765625,-6256.2900390625,-400000.0625,-18828.869140625,-400000.0625,-5134.2998046875,-400000.0625
254.34418988227844,-400000.0625,-12439.5400390625,-6272.27001953125,-400000.0625,-18841.26953125,-400000.0625,-5155.89990234375,-400000.0625
254.36262154579163,-400000.0625,-12424.9501953125,-6261.43994140625,-400000.0625,-18833.259765625,-400000.0625,-5147.169921875,-400000.0625
254.37395215034485,-400000.0625,-12408.1103515625,-6245.08984375,-400000.0625,-18814.140625,-400000.0625,-5118.1298828125,-400000.0625
254.38579726219177,-400000.0625,-12404.5400390625,-6241.7001953125,-400000.0625,-18813.08984375,-400000.0625,-5116.02978515625,-400000.0625
254.40225911140442,-400000.0625,-12425.849609375,-6258.580078125,-400000.0625,-18826.19921875,-400000.0625,-5136.16015625,-400000.0625
254.41643142700195,-400000.0625,-12432.669921875,-6265.259765625,-400000.0625,-18831.490234375,-400000.0625,-5142.259765625,-400000.0625
254.46481370925903,-400000.0625,-12419.8896484375,-6254.14990234375,-400000.0625,-18820.240234375,-400000.0625,-5128.47998046875,-400000.0625
254.47523427009583,-400000.0625,-12409.740234375,-6244.7099609375,-400000.0625,-18811.990234375,-400000.0625,-5115.93994140625,-400000.0625
254.48535990715027,-400000.0625,-12411.3095703125,-6245.18017578125,-400000.0625,-18814.279296875,-400000.0625,-5119.27978515625,-400000.0625
254.4987006187439,-400000.0625,-12435.25,-6265.4501953125,-400000.0625,-18834.779296875,-400000.0625,-5146.02978515625,-400000.0625
254.50781917572021,-400000.0625,-12442.919921875,-6273.1298828125,-400000.0625,-18839.740234375,-400000.0625,-5152.7001953125,-400000.0625
254.51792120933533,-400000.0625,-12429.3798828125,-6261.77978515625,-400000.0625,-18828.390625,-400000.0625,-5133.43994140625,-400000.0625
254.5587604045868,-400000.0625,-12417.0302734375,-6247.56982421875,-400000.0625,-18815.470703125,-400000.0625,-5125.27978515625,-400000.0625
254.57216095924377,-400000.0625,-12416.4599609375,-6247.759765625,-400000.0625,-18817.0,-400000.0625,-5123.18994140625,-400000.0625
254.58381175994873,-400000.0625,-12432.150390625,-6262.06005859375,-400000.0625,-18825.490234375,-400000.0625,-5130.81982421875,-400000.0625
254.59593415260315,-400000.0625,-12440.490234375,-6269.64990234375,-400000.0625,-18830.439453125,-400000.0625,-5147.080078125,-400000.0625
254.60596084594727,-400000.0625,-12430.7197265625,-6262.35009765625,-400000.0625,-18822.33984375,-400000.0625,-5139.259765625,-400000.0625
254.6154329776764,-400000.0625,-12420.1298828125,-6252.0498046875,-400000.0625,-18816.330078125,-400000.0625,-5123.08984375,-400000.0625
254.6283779144287,-400000.0625,-12415.7900390625,-6244.85009765625,-400000.0625,-18808.220703125,-400000.0625,-5114.169921875,-400000.0625
254.67078351974487,-400000.0625,-12435.76953125,-6261.58984375,-400000.0625,-18821.4296875,-400000.0625,-5132.72021484375,-400000.0625
254.678644657135,-400000.0625,-12448.41015625,-6274.83984375,-400000.0625,-18837.98046875,-400000.0625,-5159.0,-400000.0625
254.69416069984436,-400000.0625,-12438.580078125,-6265.68994140625,-400000.0625,-18826.8203125,-400000.0625,-5139.64013671875,-400000.0625
254.7075526714325,-400000.0625,-12421.5595703125,-6250.18994140625,-400000.0625,-18812.75,-400000.0625,-5117.18017578125,-400000.0625
254.7178053855896,-400000.0625,-12425.23046875,-6255.009765625,-400000.0625,-18823.630859375,-400000.0625,-5131.81982421875,-400000.0625
254.7304174900055,-400000.0625,-12451.599609375,-6279.330078125,-400000.0625,-18843.080078125,-400000.0625,-5153.66015625,-400000.0625
254.7574121952057,-400000.0625,-12452.41015625,-6278.93994140625,-400000.0625,-18840.599609375,-400000.0625,-5161.91015625,-400000.0625
254.7675220966339,-400000.0625,-12439.6796875,-6265.5498046875,-400000.0625,-18824.580078125,-400000.0625,-5146.35986328125,-400000.0625
254.77929210662842,-400000.0625,-12426.6201171875,-6252.580078125,-400000.0625,-18819.240234375,-400000.0625,-5130.47998046875,-400000.0625
254.78998136520386,-400000.0625,-12420.9404296875,-6247.66015625,-400000.0625,-18816.08984375,-400000.0625,-5133.10009765625,-400000.0625
254.80071711540222,-400000.0625,-12432.5302734375,-6256.14990234375,-400000.0625,-18817.380859375,-400000.0625,-5140.93017578125,-400000.0625
254.80980777740479,-400000.0625,-12453.41015625,-6272.64990234375,-400000.0625,-18830.73046875,-400000.0625,-5156.14013671875,-400000.0625
254.82339811325073,-400000.0625,-12446.259765625,-6265.93017578125,-400000.0625,-18828.6796875,-400000.0625,-5147.27001953125,-400000.0625
254.83341240882874,-400000.0625,-12427.3798828125,-6251.9599609375,-400000.0625,-18818.4296875,-400000.0625,-5139.490234375,-400000.0625
254.88818454742432,-400000.0625,-12431.8095703125,-6255.68017578125,-400000.0625,-18822.91015625,-400000.0625,-5143.4501953125,-400000.0625
254.91064929962158,-400000.0625,-12451.4599609375,-6269.5498046875,-400000.0625,-18828.919921875,-400000.0625,-5150.22021484375,-400000.0625
254.93071007728577,-400000.0625,-12445.5498046875,-6263.10986328125,-400000.0625,-18821.48046875,-400000.0625,-5158.47021484375,-400000.0625
254.95263409614563,-400000.0625,-12439.2998046875,-6261.06005859375,-400000.0625,-18815.51953125,-400000.0625,-5147.1201171875,-400000.0625
255.01613473892212,-400000.0625,-12425.1396484375,-6247.14013671875,-400000.0625,-18810.69921875,-400000.0625,-5139.64013671875,-400000.0625
255.04228115081787,-400000.0625,-12427.6201171875,-6246.3798828125,-400000.0625,-18814.08984375,-400000.0625,-5127.759765625,-400000.0625
255.06022477149963,-400000.0625,-12438.2998046875,-6258.6298828125,-400000.0625,-18823.19921875,-400000.0625,-5148.60009765625,-400000.0625
255.10811376571655,-400000.0625,-12461.849609375,-6282.0,-400000.0625,-18839.890625,-400000.0625,-5164.39013671875,-400000.0625
255.1364905834198,-400000.0625,-12457.75,-6275.75,-400000.0625,-18835.119140625,-400000.0625,-5152.56005859375,-400000.0625
255.17034316062927,-400000.0625,-12433.009765625,-6253.2001953125,-400000.0625,-18810.849609375,-400000.0625,-5131.14990234375,-400000.0625
255.22528314590454,-400000.0625,-12433.6298828125,-6254.9599609375,-400000.0625,-18810.69921875,-400000.0625,-5132.9599609375,-400000.0625
255.25022864341736,-400000.0625,-12452.080078125,-6272.64990234375,-400000.0625,-18828.779296875,-400000.0625,-5158.52001953125,-400000.0625
255.27199745178223,-400000.0625,-12464.48046875,-6282.0,-400000.0625,-18837.169921875,-400000.0625,-5166.8701171875,-400000.0625
255.31342005729675,-400000.0625,-12446.740234375,-6265.35009765625,-400000.0625,-18826.150390625,-400000.0625,-5150.41015625,-400000.0625
255.33732628822327,-400000.0625,-12420.9404296875,-6243.330078125,-400000.0625,-18806.3203125,-400000.0625,-5125.08984375,-400000.0625
255.3785171508789,-400000.0625,-12423.5595703125,-6240.4599609375,-400000.0625,-18807.509765625,-400000.0625,-5131.52978515625,-400000.0625
255.4300389289856,-400000.0625,-12450.26953125,-6265.4501953125,-400000.0625,-18827.970703125,-400000.0625,-5151.4599609375,-400000.0625
255.4392910003662,-400000.0625,-12466.099609375,-6277.7998046875,-400000.0625,-18833.259765625,-400000.0625,-5165.77001953125,-400000.0625
255.44832968711853,-400000.0625,-12452.509765625,-6263.830078125,-400000.0625,-18821.580078125,-400000.0625,-5147.89013671875,-400000.0625
255.45882415771484,-400000.0625,-12437.2001953125,-6253.81982421875,-400000.0625,-18816.759765625,-400000.0625,-5135.490234375,-400000.0625
255.47005653381348,-400000.0625,-12449.2197265625,-6265.02001953125,-400000.0625,-18825.6796875,-400000.0625,-5147.02978515625,-400000.0625
255.48071670532227,-400000.0625,-12464.8095703125,-6279.66015625,-400000.0625,-18837.169921875,-400000.0625,-5162.33984375,-400000.0625
255.51131057739258,-400000.0625,-12469.8701171875,-6282.56982421875,-400000.0625,-18835.55078125,-400000.0625,-5163.14990234375,-400000.0625
255.5242156982422,-400000.0625,-12451.9404296875,-6265.16015625,-400000.0625,-18816.7109375,-400000.0625,-5144.5,-400000.0625
255.53420519828796,-400000.0625,-12431.240234375,-6248.0,-400000.0625,-18806.169921875,-400000.0625,-5129.72021484375,-400000.0625
255.54255437850952,-400000.0625,-12430.2900390625,-6246.85009765625,-400000.0625,-18811.279296875,-400000.0625,-5125.85986328125,-400000.0625
255.55182242393494,-400000.0625,-12460.08984375,-6271.22021484375,-400000.0625,-18833.349609375,-400000.0625,-5150.990234375,-400000.0625
255.56258392333984,-400000.0625,-12478.8798828125,-6287.43017578125,-400000.0625,-18841.4609375,-400000.0625,-5165.77001953125,-400000.0625
255.57127165794373,-400000.0625,-12460.419921875,-6270.60009765625,-400000.0625,-18830.400390625,-400000.0625,-5157.85009765625,-400000.0625
255.57915616035461,-400000.0625,-12440.16015625,-6252.47998046875,-400000.0625,-18816.279296875,-400000.0625,-5137.5400390625,-400000.0625
255.59163188934326,-400000.0625,-12447.169921875,-6257.490234375,-400000.0625,-18815.900390625,-400000.0625,-5136.009765625,-400000.0625
255.61773920059204,-400000.0625,-12459.08984375,-6267.740234375,-400000.0625,-18823.33984375,-400000.0625,-5149.64990234375,-400000.0625
255.626802444458,-400000.0625,-12456.849609375,-6264.5400390625,-400000.0625,-18822.33984375,-400000.0625,-5152.93994140625,-400000.0625
255.63585662841797,-400000.0625,-12448.169921875,-6257.009765625,-400000.0625,-18819.380859375,-400000.0625,-5144.06982421875,-400000.0625
255.64420223236084,-400000.0625,-12442.5400390625,-6253.33984375,-400000.0625,-18810.849609375,-400000.0625,-5130.9599609375,-400000.0625
255.65489673614502,-400000.0625,-12449.3603515625,-6259.009765625,-400000.0625,-18810.849609375,-400000.0625,-5130.10009765625,-400000.0625
255.66502237319946,-400000.0625,-12460.8095703125,-6266.31005859375,-400000.0625,-18825.009765625,-400000.0625,-5147.35986328125,-400000.0625
255.67427921295166,-400000.0625,-12465.33984375,-6269.64990234375,-400000.0625,-18828.439453125,-400000.0625,-5153.89990234375,-400000.0625
255.68401265144348,-400000.0625,-12467.6201171875,-6272.27001953125,-400000.0625,-18829.5390625,-400000.0625,-5160.330078125,-400000.0625
255.69409704208374,-400000.0625,-12456.0400390625,-6262.39990234375,-400000.0625,-18820.140625,-400000.0625,-5142.39990234375,-400000.0625
255.71935772895813,-400000.0625,-12451.75,-6258.81982421875,-400000.0625,-18818.810546875,-400000.0625,-5141.58984375,-400000.0625
255.73104119300842,-400000.0625,-12464.1396484375,-6267.35986328125,-400000.0625,-18825.33984375,-400000.0625,-5155.75,-400000.0625
255.74156737327576,-400000.0625,-12466.669921875,-6272.1298828125,-400000.0625,-18826.630859375,-400000.0625,-5158.9501953125,-400000.0625
255.75284695625305,-400000.0625,-12466.5302734375,-6271.1201171875,-400000.0625,-18826.630859375,-400000.0625,-5155.3701171875,-400000.0625
255.76464533805847,-400000.0625,-12449.4599609375,-6257.25,-400000.0625,-18812.849609375,-400000.0625,-5132.81982421875,-400000.0625
255.77437591552734,-400000.0625,-12445.98046875,-6250.330078125,-400000.0625,-18807.029296875,-400000.0625,-5132.2900390625,-400000.0625
255.78628373146057,-400000.0625,-12470.76953125,-6268.60009765625,-400000.0625,-18828.73046875,-400000.0625,-5153.27978515625,-400000.0625
255.79856395721436,-400000.0625,-12476.25,-6274.60986328125,-400000.0625,-18834.16015625,-400000.0625,-5161.72021484375,-400000.0625
255.82753443717957,-400000.0625,-12466.0498046875,-6265.58984375,-400000.0625,-18823.580078125,-400000.0625,-5149.080078125,-400000.0625
255.83642411231995,-400000.0625,-12446.259765625,-6248.43017578125,-400000.0625,-18810.939453125,-400000.0625,-5133.25,-400000.0625
255.84506344795227,-400000.0625,-12453.509765625,-6256.009765625,-400000.0625,-18818.330078125,-400000.0625,-5142.93017578125,-400000.0625
255.85651755332947,-400000.0625,-12469.6298828125,-6266.02001953125,-400000.0625,-18825.91015625,-400000.0625,-5154.509765625,-400000.0625
255.86643815040588,-400000.0625,-12477.6396484375,-6273.22021484375,-400000.0625,-18829.060546875,-400000.0625,-5158.6201171875,-400000.0625
255.8750867843628,-400000.0625,-12470.2900390625,-6265.64013671875,-400000.0625,-18823.150390625,-400000.0625,-5158.0,-400000.0625
255.88406491279602,-400000.0625,-12453.990234375,-6244.85009765625,-400000.0625,-18809.75,-400000.0625,-5141.4501953125,-400000.0625
255.89490365982056,-400000.0625,-12455.419921875,-6239.509765625,-400000.0625,-18807.83984375,-400000.0625,-5134.72998046875,-400000.0625
255.90390491485596,-400000.0625,-12476.7802734375,-6266.169921875,-400000.0625,-18831.58984375,-400000.0625,-5150.990234375,-400000.0625
255.93000555038452,-400000.0625,-12488.5595703125,-6283.6201171875,-400000.0625,-18841.220703125,-400000.0625,-5154.22998046875,-400000.0625
255.944678068161,-400000.0625,-12478.9296875,-6276.7998046875,-400000.0625,-18829.869140625,-400000.0625,-5132.68017578125,-400000.0625
255.96388983726501,-400000.0625,-12477.6904296875,-6274.02978515625,-400000.0625,-18822.240234375,-400000.0625,-5118.18017578125,-400000.0625
255.97786211967468,-400000.0625,-12488.5595703125,-6279.7099609375,-400000.0625,-18822.099609375,-400000.0625,-5112.1201171875,-400000.0625
256.00305438041687,-400000.0625,-12488.7998046875,-6287.77001953125,-400000.0625,-18821.4296875,-400000.0625,-5106.39990234375,-400000.0625
256.0296492576599,-400000.0625,-12484.8896484375,-6297.77978515625,-400000.0625,-18820.759765625,-400000.0625,-5104.02001953125,-400000.0625
256.07458877563477,-400000.0625,-12482.9296875,-6296.35009765625,-400000.0625,-18818.08984375,-400000.0625,-5092.18994140625,-400000.0625
256.096298456192,-400000.0625,-12479.5,-6286.6201171875,-400000.0625,-18808.609375,-400000.0625,-5074.5498046875,-400000.0625
256.1126215457916,-400000.0625,-12495.23046875,-6300.5,-400000.0625,-18819.099609375,-400000.0625,-5085.66015625,-400000.0625
256.1299774646759,-400000.0625,-12511.25,-6317.89990234375,-400000.0625,-18833.9296875,-400000.0625,-5098.68017578125,-400000.0625
256.1792256832123,-400000.0625,-12510.400390625,-6319.81005859375,-400000.0625,-18836.9296875,-400000.0625,-5097.43994140625,-400000.0625
256.1997740268707,-400000.0625,-12497.240234375,-6310.419921875,-400000.0625,-18826.869140625,-400000.0625,-5088.89990234375,-400000.0625
256.22788095474243,-400000.0625,-12487.599609375,-6298.39990234375,-400000.0625,-18813.279296875,-400000.0625,-5076.5,-400000.0625
256.24522852897644,-400000.0625,-12488.75,-6297.4501953125,-400000.0625,-18815.900390625,-400000.0625,-5075.7900390625,-400000.0625
256.30179619789124,-400000.0625,-12501.0498046875,-6308.169921875,-400000.0625,-18829.25,-400000.0625,-5090.240234375,-400000.0625
256.32002997398376,-400000.0625,-12508.25,-6314.0400390625,-400000.0625,-18832.0703125,-400000.0625,-5095.77001953125,-400000.0625
256.3339548110962,-400000.0625,-12497.0498046875,-6306.1201171875,-400000.0625,-18822.76953125,-400000.0625,-5089.81005859375,-400000.0625
256.35751700401306,-400000.0625,-12485.7900390625,-6293.490234375,-400000.0625,-18809.849609375,-400000.0625,-5075.60009765625,-400000.0625
256.4078691005707,-400000.0625,-12490.3203125,-6296.2998046875,-400000.0625,-18812.279296875,-400000.0625,-5079.60009765625,-400000.0625
256.43240189552307,-400000.0625,-12505.76953125,-6309.93994140625,-400000.0625,-18825.9609375,-400000.0625,-5096.14990234375,-400000.0625
256.45815992355347,-400000.0625,-12507.25,-6311.93994140625,-400000.0625,-18832.640625,-400000.0625,-5096.39013671875,-400000.0625
256.52103996276855,-400000.0625,-12496.2802734375,-6304.02978515625,-400000.0625,-18821.91015625,-400000.0625,-5090.240234375,-400000.0625
256.5353171825409,-400000.0625,-12491.509765625,-6301.02001953125,-400000.0625,-18818.4296875,-400000.0625,-5082.7001953125,-400000.0625
256.56559443473816,-400000.0625,-12497.3798828125,-6304.31005859375,-400000.0625,-18818.0,-400000.0625,-5086.56982421875,-400000.0625
256.6211316585541,-400000.0625,-12507.490234375,-6310.18017578125,-400000.0625,-18823.8203125,-400000.0625,-5096.8701171875,-400000.0625
256.64121985435486,-400000.0625,-12508.6796875,-6311.419921875,-400000.0625,-18827.869140625,-400000.0625,-5099.5400390625,-400000.0625
256.664439201355,-400000.0625,-12499.0498046875,-6303.02978515625,-400000.0625,-18822.529296875,-400000.0625,-5089.6201171875,-400000.0625
256.6827006340027,-400000.0625,-12491.0400390625,-6294.2998046875,-400000.0625,-18814.140625,-400000.0625,-5079.1298828125,-400000.0625
256.76760482788086,-400000.0625,-12499.48046875,-6298.2998046875,-400000.0625,-18813.990234375,-400000.0625,-5083.18017578125,-400000.0625
256.7890410423279,-400000.0625,-12511.2099609375,-6309.89013671875,-400000.0625,-18827.150390625,-400000.0625,-5098.06005859375,-400000.0625
256.8324041366577,-400000.0625,-12509.2001953125,-6312.66015625,-400000.0625,-18831.490234375,-400000.0625,-5101.77978515625,-400000.0625
256.8534963130951,-400000.0625,-12506.6796875,-6308.3701171875,-400000.0625,-18827.76953125,-400000.0625,-5094.33984375,-400000.0625
256.8688950538635,-400000.0625,-12499.240234375,-6298.39990234375,-400000.0625,-18819.859375,-400000.0625,-5078.27001953125,-400000.0625
256.8913564682007,-400000.0625,-12501.099609375,-6298.97021484375,-400000.0625,-18818.2890625,-400000.0625,-5083.66015625,-400000.0625
256.9471549987793,-400000.0625,-12512.259765625,-6310.509765625,-400000.0625,-18824.2890625,-400000.0625,-5099.25,-400000.0625
256.96788811683655,-400000.0625,-12517.5,-6317.7099609375,-400000.0625,-18827.390625,-400000.0625,-5100.2001953125,-400000.0625
256.9840450286865,-400000.0625,-12507.9599609375,-6306.4599609375,-400000.0625,-18817.51953125,-400000.0625,-5087.60986328125,-400000.0625
257.00280809402466,-400000.0625,-12504.8701171875,-6304.259765625,-400000.0625,-18815.619140625,-400000.0625,-5088.9501953125,-400000.0625
257.0652780532837,-400000.0625,-12506.76953125,-6307.02978515625,-400000.0625,-18826.30078125,-400000.0625,-5090.9501953125,-400000.0625
257.08487701416016,-400000.0625,-12516.2099609375,-6312.7001953125,-400000.0625,-18829.869140625,-400000.0625,-5093.33984375,-400000.0625
257.10655093193054,-400000.0625,-12521.83984375,-6318.85986328125,-400000.0625,-18830.109375,-400000.0625,-5098.2998046875,-400000.0625
257.1745457649231,-400000.0625,-12514.5,-6313.93994140625,-400000.0625,-18824.390625,-400000.0625,-5091.759765625,-400000.0625
257.1939945220947,-400000.0625,-12508.73046875,-6309.22021484375,-400000.0625,-18818.380859375,-400000.0625,-5083.509765625,-400000.0625
257.223539352417,-400000.0625,-12509.400390625,-6309.7001953125,-400000.0625,-18820.240234375,-400000.0625,-5087.22998046875,-400000.0625
257.2903263568878,-400000.0625,-12511.349609375,-6309.83984375,-400000.0625,-18823.48046875,-400000.0625,-5092.43017578125,-400000.0625
257.3227562904358,-400000.0625,-12504.150390625,-6299.72998046875,-400000.0625,-18816.5703125,-400000.0625,-5085.52001953125,-400000.0625
257.34770607948303,-400000.0625,-12504.6298828125,-6299.5400390625,-400000.0625,-18819.380859375,-400000.0625,-5083.31982421875,-400000.0625
257.40774846076965,-400000.0625,-12505.4404296875,-6300.5498046875,-400000.0625,-18812.66015625,-400000.0625,-5080.080078125,-400000.0625
257.427503824234,-400000.0625,-12513.9296875,-6305.89013671875,-400000.0625,-18814.759765625,-400000.0625,-5085.56005859375,-400000.0625
257.4410562515259,-400000.0625,-12525.7001953125,-6318.9501953125,-400000.0625,-18827.349609375,-400000.0625,-5097.33984375,-400000.0625
257.4684908390045,-400000.0625,-12534.5703125,-6324.77001953125,-400000.0625,-18832.970703125,-400000.0625,-5097.06005859375,-400000.0625
257.5398416519165,-400000.0625,-12531.6201171875,-6318.3798828125,-400000.0625,-18827.30078125,-400000.0625,-5098.14990234375,-400000.0625
257.5630929470062,-400000.0625,-12512.6904296875,-6305.4599609375,-400000.0625,-18815.23046875,-400000.0625,-5094.14990234375,-400000.0625
257.58368134498596,-400000.0625,-12508.009765625,-6300.39990234375,-400000.0625,-18814.900390625,-400000.0625,-5086.14013671875,-400000.0625
257.6317849159241,-400000.0625,-12516.740234375,-6306.080078125,-400000.0625,-18817.5703125,-400000.0625,-5089.0,-400000.0625
257.6502959728241,-400000.0625,-12522.75,-6314.0400390625,-400000.0625,-18823.009765625,-400000.0625,-5098.06005859375,-400000.0625
257.6729176044464,-400000.0625,-12524.5595703125,-6313.89990234375,-400000.0625,-18826.529296875,-400000.0625,-5095.43017578125,-400000.0625
257.6925570964813,-400000.0625,-12516.3603515625,-6305.64990234375,-400000.0625,-18820.33984375,-400000.0625,-5089.08984375,-400000.0625
257.78194761276245,-400000.0625,-12516.740234375,-6307.64990234375,-400000.0625,-18813.66015625,-400000.0625,-5092.72021484375,-400000.0625
257.80575251579285,-400000.0625,-12525.0400390625,-6316.66015625,-400000.0625,-18821.099609375,-400000.0625,-5102.68017578125,-400000.0625
257.8591628074646,-400000.0625,-12528.330078125,-6319.330078125,-400000.0625,-18825.490234375,-400000.0625,-5099.43994140625,-400000.0625
257.88190031051636,-400000.0625,-12524.5595703125,-6313.52001953125,-400000.0625,-18823.33984375,-400000.0625,-5096.2900390625,-400000.0625
257.90389227867126,-400000.0625,-12518.8798828125,-6307.64990234375,-400000.0625,-18813.23046875,-400000.0625,-5093.669921875,-400000.0625
257.927787065506,-400000.0625,-12513.01953125,-6302.7900390625,-400000.0625,-18818.05078125,-400000.0625,-5090.669921875,-400000.0625
257.98320174217224,-400000.0625,-12520.83984375,-6310.18017578125,-400000.0625,-18826.439453125,-400000.0625,-5100.81982421875,-400000.0625
258.00190019607544,-400000.0625,-12532.330078125,-6318.52001953125,-400000.0625,-18825.19921875,-400000.0625,-5100.43994140625,-400000.0625
258.0233359336853,-400000.0625,-12517.169921875,-6304.7900390625,-400000.0625,-18813.369140625,-400000.0625,-5085.419921875,-400000.0625
258.0345149040222,-400000.0625,-12514.7802734375,-6303.68994140625,-400000.0625,-18815.619140625,-400000.0625,-5084.93994140625,-400000.0625
258.0924026966095,-400000.0625,-12516.2099609375,-6302.740234375,-400000.0625,-18817.7109375,-400000.0625,-5092.3798828125,-400000.0625
258.10435461997986,-400000.0625,-12520.740234375,-6308.1298828125,-400000.0625,-18820.4296875,-400000.0625,-5100.06005859375,-400000.0625
258.11842823028564,-400000.0625,-12528.75,-6316.85009765625,-400000.0625,-18824.580078125,-400000.0625,-5100.43994140625,-400000.0625
258.1365225315094,-400000.0625,-12528.3701171875,-6317.14013671875,-400000.0625,-18825.439453125,-400000.0625,-5102.2099609375,-400000.0625
258.1893379688263,-400000.0625,-12526.1796875,-6315.89990234375,-400000.0625,-18825.060546875,-400000.0625,-5100.2001953125,-400000.0625
258.209184885025,-400000.0625,-12520.98046875,-6307.41015625,-400000.0625,-18816.7109375,-400000.0625,-5089.7099609375,-400000.0625
258.22440123558044,-400000.0625,-12522.8896484375,-6304.22021484375,-400000.0625,-18812.08984375,-400000.0625,-5094.0,-400000.0625
258.2451846599579,-400000.0625,-12528.2802734375,-6308.990234375,-400000.0625,-18818.859375,-400000.0625,-5095.52978515625,-400000.0625
258.3031373023987,-400000.0625,-12523.7001953125,-6305.169921875,-400000.0625,-18820.140625,-400000.0625,-5094.0498046875,-400000.0625
258.32909989356995,-400000.0625,-12512.2998046875,-6295.490234375,-400000.0625,-18811.609375,-400000.0625,-5087.330078125,-400000.0625
258.3397214412689,-400000.0625,-12515.01953125,-6300.1201171875,-400000.0625,-18812.849609375,-400000.0625,-5084.85009765625,-400000.0625
258.36542797088623,-400000.0625,-12533.0,-6316.85009765625,-400000.0625,-18822.0,-400000.0625,-5096.8701171875,-400000.0625
258.4269506931305,-400000.0625,-12537.8095703125,-6321.91015625,-400000.0625,-18827.73046875,-400000.0625,-5110.7900390625,-400000.0625
258.4377796649933,-400000.0625,-12531.08984375,-6310.64990234375,-400000.0625,-18822.669921875,-400000.0625,-5102.64013671875,-400000.0625
258.46433544158936,-400000.0625,-12521.7001953125,-6299.58984375,-400000.0625,-18807.7890625,-400000.0625,-5089.3798828125,-400000.0625
258.49577260017395,-400000.0625,-12523.1298828125,-6302.41015625,-400000.0625,-18811.900390625,-400000.0625,-5087.52001953125,-400000.0625
258.55201482772827,-400000.0625,-12530.7099609375,-6309.83984375,-400000.0625,-18824.669921875,-400000.0625,-5100.16015625,-400000.0625
258.5667304992676,-400000.0625,-12524.080078125,-6302.93017578125,-400000.0625,-18818.94921875,-400000.0625,-5100.77978515625,-400000.0625
258.58483600616455,-400000.0625,-12526.509765625,-6303.68994140625,-400000.0625,-18814.849609375,-400000.0625,-5095.33984375,-400000.0625
258.60062551498413,-400000.0625,-12521.650390625,-6301.740234375,-400000.0625,-18812.51953125,-400000.0625,-5087.9501953125,-400000.0625
258.66359782218933,-400000.0625,-12533.759765625,-6310.7998046875,-400000.0625,-18822.9609375,-400000.0625,-5097.81982421875,-400000.0625
258.68642807006836,-400000.0625,-12542.580078125,-6318.47021484375,-400000.0625,-18831.259765625,-400000.0625,-5113.75,-400000.0625
258.7008135318756,-400000.0625,-12539.33984375,-6315.3798828125,-400000.0625,-18825.2890625,-400000.0625,-5102.58984375,-400000.0625
258.785915851593,-400000.0625,-12528.2802734375,-6303.5498046875,-400000.0625,-18814.08984375,-400000.0625,-5092.3798828125,-400000.0625
258.8053970336914,-400000.0625,-12514.01953125,-6290.14990234375,-400000.0625,-18808.939453125,-400000.0625,-5080.7998046875,-400000.0625
258.8624258041382,-400000.0625,-12511.0595703125,-6288.91015625,-400000.0625,-18807.560546875,-400000.0625,-5069.5400390625,-400000.0625
258.87925720214844,-400000.0625,-12528.51953125,-6305.02978515625,-400000.0625,-18818.380859375,-400000.0625,-5087.18994140625,-400000.0625
258.90326023101807,-400000.0625,-12539.009765625,-6314.419921875,-400000.0625,-18829.970703125,-400000.0625,-5099.9599609375,-400000.0625
258.9208300113678,-400000.0625,-12535.759765625,-6308.93994140625,-400000.0625,-18823.669921875,-400000.0625,-5090.0498046875,-400000.0625
258.980416059494,-400000.0625,-12530.4697265625,-6306.7900390625,-400000.0625,-18815.94921875,-400000.0625,-5080.4599609375,-400000.0625
259.0007531642914,-400000.0625,-12525.7998046875,-6300.740234375,-400000.0625,-18810.130859375,-400000.0625,-5081.75,-400000.0625
259.0240087509155,-400000.0625,-12534.1396484375,-6310.080078125,-400000.0625,-18819.099609375,-400000.0625,-5093.2900390625,-400000.0625
259.0945842266083,-400000.0625,-12532.66015625,-6312.85009765625,-400000.0625,-18821.240234375,-400000.0625,-5098.68017578125,-400000.0625
259.11638712882996,-400000.0625,-12531.23046875,-6308.990234375,-400000.0625,-18814.380859375,-400000.0625,-5090.89990234375,-400000.0625
259.1372847557068,-400000.0625,-12526.990234375,-6298.06982421875,-400000.0625,-18809.369140625,-400000.0625,-5077.740234375,-400000.0625
259.18257761001587,-400000.0625,-12531.23046875,-6302.2099609375,-400000.0625,-18815.51953125,-400000.0625,-5086.3701171875,-400000.0625
259.20474433898926,-400000.0625,-12543.009765625,-6313.75,-400000.0625,-18827.76953125,-400000.0625,-5100.10986328125,-400000.0625
259.22317004203796,-400000.0625,-12538.9599609375,-6310.22998046875,-400000.0625,-18824.529296875,-400000.0625,-5104.16015625,-400000.0625
259.24555373191833,-400000.0625,-12521.2197265625,-6294.77978515625,-400000.0625,-18814.380859375,-400000.0625,-5096.33984375,-400000.0625
259.2862358093262,-400000.0625,-12519.3603515625,-6291.6298828125,-400000.0625,-18811.369140625,-400000.0625,-5091.3798828125,-400000.0625
259.30833292007446,-400000.0625,-12524.26953125,-6299.68994140625,-400000.0625,-18816.5703125,-400000.0625,-5093.2900390625,-400000.0625
259.3235676288605,-400000.0625,-12526.4697265625,-6305.169921875,-400000.0625,-18823.76953125,-400000.0625,-5100.39013671875,-400000.0625
259.34424018859863,-400000.0625,-12525.3701171875,-6303.41015625,-400000.0625,-18819.2890625,-400000.0625,-5097.81982421875,-400000.0625
259.3592643737793,-400000.0625,-12517.7900390625,-6294.77978515625,-400000.0625,-18813.849609375,-400000.0625,-5083.990234375,-400000.0625
259.40933179855347,-400000.0625,-12514.3095703125,-6291.6298828125,-400000.0625,-18812.990234375,-400000.0625,-5080.64990234375,-400000.0625
259.42643761634827,-400000.0625,-12517.9296875,-6295.06005859375,-400000.0625,-18810.560546875,-400000.0625,-5092.85986328125,-400000.0625
259.4386429786682,-400000.0625,-12540.5302734375,-6317.56982421875,-400000.0625,-18826.9609375,-400000.0625,-5106.39990234375,-400000.0625
259.4642164707184,-400000.0625,-12551.259765625,-6324.33984375,-400000.0625,-18836.740234375,-400000.0625,-5108.8798828125,-400000.0625
259.51510286331177,-400000.0625,-12530.849609375,-6308.4599609375,-400000.0625,-18821.189453125,-400000.0625,-5094.39013671875,-400000.0625
259.5288257598877,-400000.0625,-12522.650390625,-6300.259765625,-400000.0625,-18811.900390625,-400000.0625,-5083.47021484375,-400000.0625
259.5480844974518,-400000.0625,-12524.83984375,-6299.77978515625,-400000.0625,-18814.5703125,-400000.0625,-5090.330078125,-400000.0625
259.56222319602966,-400000.0625,-12528.51953125,-6303.35986328125,-400000.0625,-18821.4296875,-400000.0625,-5098.2001953125,-400000.0625
259.5818998813629,-400000.0625,-12529.5703125,-6302.06982421875,-400000.0625,-18819.05078125,-400000.0625,-5099.9599609375,-400000.0625
259.64666295051575,-400000.0625,-12529.66015625,-6303.259765625,-400000.0625,-18820.0,-400000.0625,-5100.580078125,-400000.0625
259.6634283065796,-400000.0625,-12527.509765625,-6303.97998046875,-400000.0625,-18821.33984375,-400000.0625,-5093.2900390625,-400000.0625
259.6903338432312,-400000.0625,-12532.759765625,-6306.509765625,-400000.0625,-18821.33984375,-400000.0625,-5097.580078125,-400000.0625
259.75052189826965,-400000.0625,-12541.33984375,-6311.080078125,-400000.0625,-18826.25,-400000.0625,-5109.35986328125,-400000.0625
259.7737867832184,-400000.0625,-12547.4501953125,-6313.0400390625,-400000.0625,-18832.919921875,-400000.0625,-5111.4599609375,-400000.0625
259.7911229133606,-400000.0625,-12529.1796875,-6300.16015625,-400000.0625,-18815.23046875,-400000.0625,-5092.47998046875,-400000.0625
259.84417700767517,-400000.0625,-12517.98046875,-6290.06005859375,-400000.0625,-18805.359375,-400000.0625,-5081.27001953125,-400000.0625
259.8695902824402,-400000.0625,-12524.990234375,-6296.919921875,-400000.0625,-18816.140625,-400000.0625,-5090.43017578125,-400000.0625
259.8848965167999,-400000.0625,-12539.48046875,-6309.3701171875,-400000.0625,-18826.109375,-400000.0625,-5102.68017578125,-400000.0625
259.9086101055145,-400000.0625,-12543.6298828125,-6312.60986328125,-400000.0625,-18828.30078125,-400000.0625,-5107.259765625,-400000.0625
259.9601137638092,-400000.0625,-12535.9599609375,-6306.5498046875,-400000.0625,-18824.060546875,-400000.0625,-5101.919921875,-400000.0625
259.9783856868744,-400000.0625,-12525.1796875,-6295.6298828125,-400000.0625,-18812.849609375,-400000.0625,-5091.85986328125,-400000.0625
259.9972093105316,-400000.0625,-12532.5703125,-6301.39990234375,-400000.0625,-18816.4296875,-400000.0625,-5094.2900390625,-400000.0625
260.01301980018616,-400000.0625,-12544.8203125,-6313.22998046875,-400000.0625,-18824.19921875,-400000.0625,-5110.4599609375,-400000.0625
260.0666563510895,-400000.0625,-12546.400390625,-6317.08984375,-400000.0625,-18822.91015625,-400000.0625,-5108.60009765625,-400000.0625
260.0909106731415,-400000.0625,-12532.66015625,-6301.2099609375,-400000.0625,-18812.369140625,-400000.0625,-5093.33984375,-400000.0625
260.1043462753296,-400000.0625,-12520.41015625,-6290.9599609375,-400000.0625,-18806.98046875,-400000.0625,-5080.7001953125,-400000.0625
260.128449678421,-400000.0625,-12526.6103515625,-6297.02001953125,-400000.0625,-18813.0390625,-400000.0625,-5084.47021484375,-400000.0625
260.17342042922974,-400000.0625,-12548.73046875,-6317.759765625,-400000.0625,-18826.109375,-400000.0625,-5107.2099609375,-400000.0625
260.1949529647827,-400000.0625,-12558.1796875,-6326.52978515625,-400000.0625,-18836.98046875,-400000.0625,-5119.3701171875,-400000.0625
260.217809677124,-400000.0625,-12556.080078125,-6319.14013671875,-400000.0625,-18834.5,-400000.0625,-5111.740234375,-400000.0625
260.2410969734192,-400000.0625,-12539.91015625,-6306.22021484375,-400000.0625,-18818.240234375,-400000.0625,-5098.25,-400000.0625
260.2987310886383,-400000.0625,-12534.3798828125,-6303.60009765625,-400000.0625,-18813.23046875,-400000.0625,-5095.580078125,-400000.0625
260.31928277015686,-400000.0625,-12546.4501953125,-6309.1298828125,-400000.0625,-18822.19921875,-400000.0625,-5103.2099609375,-400000.0625
260.3342308998108,-400000.0625,-12545.400390625,-6308.64990234375,-400000.0625,-18820.619140625,-400000.0625,-5103.8701171875,-400000.0625
260.35247898101807,-400000.0625,-12545.8701171875,-6312.7001953125,-400000.0625,-18819.05078125,-400000.0625,-5101.16015625,-400000.0625
260.3995084762573,-400000.0625,-12544.349609375,-6309.4599609375,-400000.0625,-18816.470703125,-400000.0625,-5092.0,-400000.0625
260.41817831993103,-400000.0625,-12543.3896484375,-6309.7001953125,-400000.0625,-18821.859375,-400000.0625,-5093.240234375,-400000.0625
260.4328773021698,-400000.0625,-12555.4599609375,-6320.6201171875,-400000.0625,-18829.8203125,-400000.0625,-5108.68994140625,-400000.0625
260.46083068847656,-400000.0625,-12559.9404296875,-6323.91015625,-400000.0625,-18827.6796875,-400000.0625,-5111.41015625,-400000.0625
260.5113456249237,-400000.0625,-12549.1201171875,-6316.330078125,-400000.0625,-18818.91015625,-400000.0625,-5102.39990234375,-400000.0625
260.52703166007996,-400000.0625,-12539.76953125,-6308.02978515625,-400000.0625,-18814.470703125,-400000.0625,-5091.9501953125,-400000.0625
260.5533127784729,-400000.0625,-12546.58984375,-6312.7998046875,-400000.0625,-18818.5703125,-400000.0625,-5095.2900390625,-400000.0625
260.56997442245483,-400000.0625,-12558.990234375,-6322.0,-400000.0625,-18827.73046875,-400000.0625,-5103.72998046875,-400000.0625
260.62206840515137,-400000.0625,-12561.5595703125,-6326.06005859375,-400000.0625,-18832.259765625,-400000.0625,-5110.41015625,-400000.0625
260.6409559249878,-400000.0625,-12554.5,-6319.9501953125,-400000.0625,-18824.76953125,-400000.0625,-5106.64013671875,-400000.0625
260.65775060653687,-400000.0625,-12542.33984375,-6306.83984375,-400000.0625,-18811.279296875,-400000.0625,-5091.43017578125,-400000.0625
260.67923283576965,-400000.0625,-12552.169921875,-6315.419921875,-400000.0625,-18818.380859375,-400000.0625,-5103.06005859375,-400000.0625
260.75264024734497,-400000.0625,-12563.990234375,-6325.9599609375,-400000.0625,-18830.490234375,-400000.0625,-5114.169921875,-400000.0625
260.7806062698364,-400000.0625,-12554.9296875,-6317.89990234375,-400000.0625,-18822.099609375,-400000.0625,-5103.830078125,-400000.0625
260.83217310905457,-400000.0625,-12548.7802734375,-6311.89013671875,-400000.0625,-18817.05078125,-400000.0625,-5097.81982421875,-400000.0625
260.8571412563324,-400000.0625,-12548.8798828125,-6311.75,-400000.0625,-18817.279296875,-400000.0625,-5093.77001953125,-400000.0625
260.8710672855377,-400000.0625,-12555.8896484375,-6316.14013671875,-400000.0625,-18817.279296875,-400000.0625,-5099.39013671875,-400000.0625
260.88684463500977,-400000.0625,-12563.849609375,-6322.580078125,-400000.0625,-18827.869140625,-400000.0625,-5109.97998046875,-400000.0625
260.9496383666992,-400000.0625,-12560.26953125,-6321.47998046875,-400000.0625,-18829.58984375,-400000.0625,-5109.31005859375,-400000.0625
261.0384154319763,-400000.0625,-12547.349609375,-6309.93994140625,-400000.0625,-18814.1796875,-400000.0625,-5092.240234375,-400000.0625
261.1175911426544,-400000.0625,-12540.33984375,-6303.5,-400000.0625,-18808.1796875,-400000.0625,-5088.47021484375,-400000.0625
261.14420080184937,-400000.0625,-12556.3203125,-6314.85009765625,-400000.0625,-18824.720703125,-400000.0625,-5102.35009765625,-400000.0625
261.1923487186432,-400000.0625,-12563.419921875,-6321.9599609375,-400000.0625,-18827.630859375,-400000.0625,-5108.8798828125,-400000.0625
261.2435555458069,-400000.0625,-12564.0400390625,-6321.9599609375,-400000.0625,-18824.580078125,-400000.0625,-5106.8798828125,-400000.0625
261.2616627216339,-400000.0625,-12555.4599609375,-6314.9501953125,-400000.0625,-18822.48046875,-400000.0625,-5099.10986328125,-400000.0625
261.3347029685974,-400000.0625,-12553.169921875,-6312.080078125,-400000.0625,-18819.240234375,-400000.0625,-5099.2001953125,-400000.0625
261.3571283817291,-400000.0625,-12556.650390625,-6313.419921875,-400000.0625,-18819.529296875,-400000.0625,-5098.14990234375,-400000.0625
261.37596368789673,-400000.0625,-12557.080078125,-6316.47021484375,-400000.0625,-18817.94921875,-400000.0625,-5097.72021484375,-400000.0625
261.44018936157227,-400000.0625,-12563.23046875,-6320.2900390625,-400000.0625,-18818.4296875,-400000.0625,-5101.009765625,-400000.0625
261.4820692539215,-400000.0625,-12562.419921875,-6314.990234375,-400000.0625,-18818.5703125,-400000.0625,-5100.10986328125,-400000.0625
261.5343527793884,-400000.0625,-12560.6103515625,-6315.0400390625,-400000.0625,-18818.669921875,-400000.0625,-5100.10986328125,-400000.0625
261.5917193889618,-400000.0625,-12562.849609375,-6320.0,-400000.0625,-18823.8203125,-400000.0625,-5105.5400390625,-400000.0625
261.6579706668854,-400000.0625,-12563.1796875,-6317.56982421875,-400000.0625,-18822.150390625,-400000.0625,-5104.35009765625,-400000.0625
261.6863703727722,-400000.0625,-12564.6103515625,-6319.47998046875,-400000.0625,-18826.76953125,-400000.0625,-5101.72998046875,-400000.0625
261.6988265514374,-400000.0625,-12562.3203125,-6321.3798828125,-400000.0625,-18826.73046875,-400000.0625,-5095.52978515625,-400000.0625
261.7765119075775,-400000.0625,-12557.169921875,-6312.85009765625,-400000.0625,-18816.7109375,-400000.0625,-5091.0,-400000.0625
261.80323338508606,-400000.0625,-12555.83984375,-6311.66015625,-400000.0625,-18815.810546875,-400000.0625,-5089.08984375,-400000.0625
261.86479806900024,-400000.0625,-12570.8603515625,-6327.10986328125,-400000.0625,-18829.060546875,-400000.0625,-5100.919921875,-400000.0625
261.89184641838074,-400000.0625,-12568.759765625,-6324.6298828125,-400000.0625,-18825.33984375,-400000.0625,-5108.7900390625,-400000.0625
261.912118434906,-400000.0625,-12568.759765625,-6321.72021484375,-400000.0625,-18824.25,-400000.0625,-5102.72998046875,-400000.0625
261.9482481479645,-400000.0625,-12563.7998046875,-6315.89990234375,-400000.0625,-18818.810546875,-400000.0625,-5098.490234375,-400000.0625
261.95851469039917,-400000.0625,-12556.1298828125,-6309.1298828125,-400000.0625,-18814.140625,-400000.0625,-5096.47998046875,-400000.0625
261.97674775123596,-400000.0625,-12566.759765625,-6316.47021484375,-400000.0625,-18821.099609375,-400000.0625,-5100.16015625,-400000.0625
261.98898100852966,-400000.0625,-12564.7099609375,-6315.27978515625,-400000.0625,-18822.4296875,-400000.0625,-5102.39990234375,-400000.0625
261.99985337257385,-400000.0625,-12566.900390625,-6320.52001953125,-400000.0625,-18821.529296875,-400000.0625,-5102.97021484375,-400000.0625
262.0122539997101,-400000.0625,-12570.6201171875,-6324.72021484375,-400000.0625,-18827.390625,-400000.0625,-5106.259765625,-400000.0625
262.0395288467407,-400000.0625,-12573.8203125,-6323.669921875,-400000.0625,-18826.33984375,-400000.0625,-5108.02001953125,-400000.0625
262.05090594291687,-400000.0625,-12573.2001953125,-6318.43017578125,-400000.0625,-18822.720703125,-400000.0625,-5104.16015625,-400000.0625
262.06040048599243,-400000.0625,-12565.2802734375,-6313.52001953125,-400000.0625,-18821.76953125,-400000.0625,-5096.8701171875,-400000.0625
262.07750058174133,-400000.0625,-12562.0400390625,-6312.93994140625,-400000.0625,-18818.189453125,-400000.0625,-5093.3798828125,-400000.0625
262.08999705314636,-400000.0625,-12559.0302734375,-6307.4599609375,-400000.0625,-18810.130859375,-400000.0625,-5089.9501953125,-400000.0625
262.100044965744,-400000.0625,-12571.91015625,-6319.85986328125,-400000.0625,-18824.76953125,-400000.0625,-5100.81982421875,-400000.0625
262.11201763153076,-400000.0625,-12578.349609375,-6325.33984375,-400000.0625,-18830.919921875,-400000.0625,-5108.7900390625,-400000.0625
262.1224060058594,-400000.0625,-12571.099609375,-6318.0,-400000.0625,-18822.2890625,-400000.0625,-5100.25,-400000.0625
262.1529657840729,-400000.0625,-12572.2900390625,-6318.27978515625,-400000.0625,-18822.150390625,-400000.0625,-5105.58984375,-400000.0625
262.16712856292725,-400000.0625,-12573.150390625,-6319.7099609375,-400000.0625,-18819.810546875,-400000.0625,-5106.31005859375,-400000.0625
262.1844992637634,-400000.0625,-12568.669921875,-6313.47021484375,-400000.0625,-18814.7109375,-400000.0625,-5100.2001953125,-400000.0625
262.1946976184845,-400000.0625,-12558.26953125,-6303.169921875,-400000.0625,-18805.939453125,-400000.0625,-5087.08984375,-400000.0625
262.20907497406006,-400000.0625,-12563.990234375,-6309.60986328125,-400000.0625,-18812.130859375,-400000.0625,-5098.8701171875,-400000.0625
262.2222981452942,-400000.0625,-12568.4296875,-6311.990234375,-400000.0625,-18817.51953125,-400000.0625,-5099.72998046875,-400000.0625
262.2343239784241,-400000.0625,-12559.3203125,-6303.93017578125,-400000.0625,-18813.0390625,-400000.0625,-5096.43994140625,-400000.0625
262.28687381744385,-400000.0625,-12568.08984375,-6312.89990234375,-400000.0625,-18819.669921875,-400000.0625,-5106.64013671875,-400000.0625
262.3017301559448,-400000.0625,-12576.6298828125,-6320.10009765625,-400000.0625,-18826.919921875,-400000.0625,-5112.509765625,-400000.0625
262.31515741348267,-400000.0625,-12571.150390625,-6314.7099609375,-400000.0625,-18820.810546875,-400000.0625,-5107.93017578125,-400000.0625
262.3257851600647,-400000.0625,-12565.8095703125,-6310.7001953125,-400000.0625,-18812.419921875,-400000.0625,-5104.68994140625,-400000.0625
262.33760476112366,-400000.0625,-12563.51953125,-6306.27001953125,-400000.0625,-18813.470703125,-400000.0625,-5096.25,-400000.0625
262.3712923526764,-400000.0625,-12570.8095703125,-6311.27001953125,-400000.0625,-18815.900390625,-400000.0625,-5098.52978515625,-400000.0625
262.3847999572754,-400000.0625,-12574.7197265625,-6315.9501953125,-400000.0625,-18817.619140625,-400000.0625,-5107.16015625,-400000.0625
262.39501571655273,-400000.0625,-12573.7197265625,-6318.7099609375,-400000.0625,-18822.859375,-400000.0625,-5109.7900390625,-400000.0625
262.40958881378174,-400000.0625,-12570.330078125,-6317.330078125,-400000.0625,-18821.33984375,-400000.0625,-5102.43994140625,-400000.0625
262.42501187324524,-400000.0625,-12566.3798828125,-6310.4599609375,-400000.0625,-18817.240234375,-400000.0625,-5100.06005859375,-400000.0625
262.4387056827545,-400000.0625,-12570.91015625,-6313.66015625,-400000.0625,-18817.380859375,-400000.0625,-5108.93017578125,-400000.0625
262.46647477149963,-400000.0625,-12569.8095703125,-6311.509765625,-400000.0625,-18811.939453125,-400000.0625,-5100.580078125,-400000.0625
262.4781777858734,-400000.0625,-12564.759765625,-6305.89013671875,-400000.0625,-18807.75,-400000.0625,-5095.240234375,-400000.0625
262.4881157875061,-400000.0625,-12570.2900390625,-6310.7998046875,-400000.0625,-18815.51953125,-400000.0625,-5100.72998046875,-400000.0625
262.4999306201935,-400000.0625,-12582.0703125,-6322.669921875,-400000.0625,-18826.9609375,-400000.0625,-5108.8798828125,-400000.0625
262.5124366283417,-400000.0625,-12581.6796875,-6323.52978515625,-400000.0625,-18822.859375,-400000.0625,-5108.8798828125,-400000.0625
262.54655289649963,-400000.0625,-12581.4501953125,-6321.669921875,-400000.0625,-18820.4296875,-400000.0625,-5102.10986328125,-400000.0625
262.59576773643494,-400000.0625,-12579.16015625,-6322.18994140625,-400000.0625,-18820.33984375,-400000.0625,-5100.35009765625,-400000.0625
262.6234042644501,-400000.0625,-12575.76953125,-6317.85009765625,-400000.0625,-18817.240234375,-400000.0625,-5104.06982421875,-400000.0625
262.65610361099243,-400000.0625,-12565.2802734375,-6306.93994140625,-400000.0625,-18807.83984375,-400000.0625,-5096.72021484375,-400000.0625
262.71956634521484,-400000.0625,-12581.400390625,-6318.669921875,-400000.0625,-18817.0,-400000.0625,-5103.68017578125,-400000.0625
262.75332498550415,-400000.0625,-12582.6396484375,-6318.9501953125,-400000.0625,-18822.619140625,-400000.0625,-5102.2099609375,-400000.0625
262.7811453342438,-400000.0625,-12577.1103515625,-6317.56982421875,-400000.0625,-18819.189453125,-400000.0625,-5095.39013671875,-400000.0625
262.8495225906372,-400000.0625,-12587.6904296875,-6326.14990234375,-400000.0625,-18826.630859375,-400000.0625,-5097.490234375,-400000.0625
262.87403082847595,-400000.0625,-12592.0302734375,-6325.9599609375,-400000.0625,-18823.099609375,-400000.0625,-5097.14990234375,-400000.0625
262.89126896858215,-400000.0625,-12582.58984375,-6316.14013671875,-400000.0625,-18814.94921875,-400000.0625,-5094.33984375,-400000.0625
262.9446818828583,-400000.0625,-12582.2099609375,-6319.43017578125,-400000.0625,-18816.330078125,-400000.0625,-5090.7099609375,-400000.0625
262.9598698616028,-400000.0625,-12574.580078125,-6315.7099609375,-400000.0625,-18811.66015625,-400000.0625,-5089.240234375,-400000.0625
262.97758507728577,-400000.0625,-12579.6298828125,-6321.81005859375,-400000.0625,-18818.330078125,-400000.0625,-5093.0,-400000.0625
263.0016713142395,-400000.0625,-12582.6396484375,-6322.0,-400000.0625,-18814.66015625,-400000.0625,-5096.0498046875,-400000.0625
263.04235458374023,-400000.0625,-12576.76953125,-6315.47021484375,-400000.0625,-18810.369140625,-400000.0625,-5093.2900390625,-400000.0625
263.0526349544525,-400000.0625,-12590.3603515625,-6329.490234375,-400000.0625,-18826.869140625,-400000.0625,-5104.2998046875,-400000.0625
263.06680822372437,-400000.0625,-12590.650390625,-6331.8701171875,-400000.0625,-18830.2109375,-400000.0625,-5103.8701171875,-400000.0625
263.08196091651917,-400000.0625,-12578.8701171875,-6321.10009765625,-400000.0625,-18817.0,-400000.0625,-5090.08984375,-400000.0625
263.0938630104065,-400000.0625,-12576.4404296875,-6315.419921875,-400000.0625,-18810.3203125,-400000.0625,-5085.759765625,-400000.0625
263.10605096817017,-400000.0625,-12588.3095703125,-6326.9599609375,-400000.0625,-18816.810546875,-400000.0625,-5095.14990234375,-400000.0625
263.1342017650604,-400000.0625,-12594.3701171875,-6333.77978515625,-400000.0625,-18821.380859375,-400000.0625,-5100.5400390625,-400000.0625
263.14695143699646,-400000.0625,-12583.919921875,-6322.3798828125,-400000.0625,-18816.330078125,-400000.0625,-5093.0,-400000.0625
263.1568338871002,-400000.0625,-12583.0703125,-6322.18994140625,-400000.0625,-18813.80078125,-400000.0625,-5091.0498046875,-400000.0625
263.1741998195648,-400000.0625,-12585.01953125,-6325.2001953125,-400000.0625,-18818.380859375,-400000.0625,-5093.52978515625,-400000.0625
263.18611097335815,-400000.0625,-12590.0302734375,-6327.33984375,-400000.0625,-18818.859375,-400000.0625,-5099.009765625,-400000.0625
263.1942889690399,-400000.0625,-12587.4501953125,-6326.33984375,-400000.0625,-18818.48046875,-400000.0625,-5101.06005859375,-400000.0625
263.2052872180939,-400000.0625,-12593.0302734375,-6330.35009765625,-400000.0625,-18824.869140625,-400000.0625,-5102.97021484375,-400000.0625
263.2157509326935,-400000.0625,-12579.8203125,-6317.330078125,-400000.0625,-18810.890625,-400000.0625,-5090.89990234375,-400000.0625
263.2426030635834,-400000.0625,-12574.4404296875,-6310.64990234375,-400000.0625,-18797.44921875,-400000.0625,-5082.85009765625,-400000.0625
263.2518756389618,-400000.0625,-12596.75,-6332.35009765625,-400000.0625,-18819.330078125,-400000.0625,-5102.8701171875,-400000.0625
263.2600419521332,-400000.0625,-12601.66015625,-6337.31005859375,-400000.0625,-18823.9609375,-400000.0625,-5111.22021484375,-400000.0625
263.27084517478943,-400000.0625,-12595.8896484375,-6330.35009765625,-400000.0625,-18818.810546875,-400000.0625,-5104.10986328125,-400000.0625
263.28172969818115,-400000.0625,-12586.2099609375,-6322.9599609375,-400000.0625,-18815.94921875,-400000.0625,-5096.9599609375,-400000.0625
263.2903633117676,-400000.0625,-12588.3095703125,-6322.47998046875,-400000.0625,-18815.330078125,-400000.0625,-5096.2900390625,-400000.0625
263.29965901374817,-400000.0625,-12594.080078125,-6327.580078125,-400000.0625,-18822.390625,-400000.0625,-5101.5400390625,-400000.0625
263.3098855018616,-400000.0625,-12597.990234375,-6332.10986328125,-400000.0625,-18826.109375,-400000.0625,-5104.58984375,-400000.0625
263.3189401626587,-400000.0625,-12596.7998046875,-6329.009765625,-400000.0625,-18821.810546875,-400000.0625,-5097.580078125,-400000.0625
263.3453688621521,-400000.0625,-12585.98046875,-6321.14013671875,-400000.0625,-18812.7109375,-400000.0625,-5091.43017578125,-400000.0625
263.35441422462463,-400000.0625,-12579.6298828125,-6318.89990234375,-400000.0625,-18806.26953125,-400000.0625,-5086.08984375,-400000.0625
263.3626298904419,-400000.0625,-12581.5400390625,-6319.47998046875,-400000.0625,-18804.890625,-400000.0625,-5081.64990234375,-400000.0625
263.37445521354675,-400000.0625,-12590.3095703125,-6328.2001953125,-400000.0625,-18820.9609375,-400000.0625,-5097.68017578125,-400000.0625
263.3845970630646,-400000.0625,-12599.330078125,-6331.64013671875,-400000.0625,-18825.630859375,-400000.0625,-5101.97021484375,-400000.0625
263.394145488739,-400000.0625,-12597.23046875,-6327.6298828125,-400000.0625,-18819.759765625,-400000.0625,-5096.77001953125,-400000.0625
263.4074969291687,-400000.0625,-12587.169921875,-6325.43994140625,-400000.0625,-18812.51953125,-400000.0625,-5092.9599609375,-400000.0625
263.41812086105347,-400000.0625,-12595.26953125,-6332.64013671875,-400000.0625,-18819.5703125,-400000.0625,-5099.8701171875,-400000.0625
263.4270124435425,-400000.0625,-12609.0498046875,-6341.02978515625,-400000.0625,-18826.109375,-400000.0625,-5110.5,-400000.0625
263.4612789154053,-400000.0625,-12606.91015625,-6339.60009765625,-400000.0625,-18826.30078125,-400000.0625,-5108.68994140625,-400000.0625
263.4748284816742,-400000.0625,-12597.7099609375,-6334.02001953125,-400000.0625,-18816.140625,-400000.0625,-5099.39013671875,-400000.0625
263.4841024875641,-400000.0625,-12585.2099609375,-6320.669921875,-400000.0625,-18806.650390625,-400000.0625,-5087.9501953125,-400000.0625
263.4924991130829,-400000.0625,-12580.25,-6315.08984375,-400000.0625,-18806.080078125,-400000.0625,-5084.7998046875,-400000.0625
263.5039999485016,-400000.0625,-12603.4296875,-6334.93017578125,-400000.0625,-18819.91015625,-400000.0625,-5106.5,-400000.0625
263.51428604125977,-400000.0625,-12617.16015625,-6346.60986328125,-400000.0625,-18829.19921875,-400000.0625,-5117.0400390625,-400000.0625
263.5228428840637,-400000.0625,-12603.48046875,-6334.259765625,-400000.0625,-18825.009765625,-400000.0625,-5102.25,-400000.0625
263.5418002605438,-400000.0625,-12584.9697265625,-6318.759765625,-400000.0625,-18810.470703125,-400000.0625,-5083.419921875,-400000.0625
263.5984115600586,-400000.0625,-12593.7001953125,-6324.580078125,-400000.0625,-18812.7109375,-400000.0625,-5090.56982421875,-400000.0625
263.6172251701355,-400000.0625,-12610.7197265625,-6339.169921875,-400000.0625,-18823.720703125,-400000.0625,-5108.4501953125,-400000.0625
263.6442816257477,-400000.0625,-12620.01953125,-6346.0400390625,-400000.0625,-18830.73046875,-400000.0625,-5118.419921875,-400000.0625
263.70258808135986,-400000.0625,-12608.4296875,-6334.5400390625,-400000.0625,-18821.76953125,-400000.0625,-5108.169921875,-400000.0625
263.7260203361511,-400000.0625,-12594.650390625,-6326.39013671875,-400000.0625,-18811.990234375,-400000.0625,-5092.47998046875,-400000.0625
263.7533702850342,-400000.0625,-12594.3701171875,-6326.009765625,-400000.0625,-18814.94921875,-400000.0625,-5093.6201171875,-400000.0625
263.8158152103424,-400000.0625,-12618.5400390625,-6346.3701171875,-400000.0625,-18833.2109375,-400000.0625,-5116.31982421875,-400000.0625
263.8323471546173,-400000.0625,-12632.1298828125,-6355.330078125,-400000.0625,-18843.990234375,-400000.0625,-5127.0,-400000.0625
263.85888743400574,-400000.0625,-12614.1103515625,-6335.68994140625,-400000.0625,-18825.33984375,-400000.0625,-5106.740234375,-400000.0625
263.9115424156189,-400000.0625,-12596.080078125,-6320.85986328125,-400000.0625,-18807.75,-400000.0625,-5091.81005859375,-400000.0625
263.9322774410248,-400000.0625,-12598.900390625,-6324.240234375,-400000.0625,-18815.94921875,-400000.0625,-5097.81982421875,-400000.0625
263.95916724205017,-400000.0625,-12608.33984375,-6331.58984375,-400000.0625,-18826.580078125,-400000.0625,-5106.5,-400000.0625
264.0098874568939,-400000.0625,-12618.830078125,-6341.27001953125,-400000.0625,-18829.30078125,-400000.0625,-5113.60009765625,-400000.0625
264.0311133861542,-400000.0625,-12610.91015625,-6336.8798828125,-400000.0625,-18822.529296875,-400000.0625,-5108.64013671875,-400000.0625
264.05459237098694,-400000.0625,-12602.5703125,-6328.39013671875,-400000.0625,-18814.900390625,-400000.0625,-5100.25,-400000.0625
264.0761778354645,-400000.0625,-12604.5703125,-6326.52978515625,-400000.0625,-18814.7109375,-400000.0625,-5097.8701171875,-400000.0625
264.1324632167816,-400000.0625,-12612.3896484375,-6337.830078125,-400000.0625,-18820.859375,-400000.0625,-5109.259765625,-400000.0625
264.1579945087433,-400000.0625,-12624.4599609375,-6349.89990234375,-400000.0625,-18832.01953125,-400000.0625,-5119.31982421875,-400000.0625
264.17343258857727,-400000.0625,-12610.9599609375,-6335.8798828125,-400000.0625,-18822.76953125,-400000.0625,-5109.8798828125,-400000.0625
264.1970729827881,-400000.0625,-12595.1298828125,-6322.81005859375,-400000.0625,-18808.3203125,-400000.0625,-5092.14013671875,-400000.0625
264.2591230869293,-400000.0625,-12607.099609375,-6332.490234375,-400000.0625,-18818.330078125,-400000.0625,-5098.39013671875,-400000.0625
264.2785496711731,-400000.0625,-12625.83984375,-6345.93994140625,-400000.0625,-18827.490234375,-400000.0625,-5119.419921875,-400000.0625
264.29924297332764,-400000.0625,-12631.509765625,-6352.08984375,-400000.0625,-18828.58984375,-400000.0625,-5122.08984375,-400000.0625
264.34943103790283,-400000.0625,-12617.8798828125,-6338.7900390625,-400000.0625,-18823.669921875,-400000.0625,-5107.02001953125,-400000.0625
264.36733293533325,-400000.0625,-12601.0,-6322.81005859375,-400000.0625,-18813.560546875,-400000.0625,-5087.47021484375,-400000.0625
264.3909628391266,-400000.0625,-12609.8603515625,-6333.77978515625,-400000.0625,-18820.720703125,-400000.0625,-5095.39013671875,-400000.0625
264.4056980609894,-400000.0625,-12626.169921875,-6347.3701171875,-400000.0625,-18830.970703125,-400000.0625,-5114.83984375,-400000.0625
264.4629509449005,-400000.0625,-12629.5595703125,-6347.85009765625,-400000.0625,-18833.5,-400000.0625,-5117.509765625,-400000.0625
264.4845561981201,-400000.0625,-12611.4404296875,-6333.06982421875,-400000.0625,-18824.009765625,-400000.0625,-5105.68994140625,-400000.0625
264.5000100135803,-400000.0625,-12600.0400390625,-6322.47998046875,-400000.0625,-18814.51953125,-400000.0625,-5096.39013671875,-400000.0625
264.525173664093,-400000.0625,-12601.66015625,-6322.81005859375,-400000.0625,-18809.1796875,-400000.0625,-5093.6201171875,-400000.0625
264.5787351131439,-400000.0625,-12618.4501953125,-6337.31005859375,-400000.0625,-18819.859375,-400000.0625,-5105.64013671875,-400000.0625
264.59912633895874,-400000.0625,-12622.8798828125,-6341.60009765625,-400000.0625,-18829.16015625,-400000.0625,-5111.31005859375,-400000.0625
264.62313318252563,-400000.0625,-12601.6201171875,-6320.18994140625,-400000.0625,-18811.509765625,-400000.0625,-5088.0,-400000.0625
264.64383912086487,-400000.0625,-12604.1904296875,-6326.9599609375,-400000.0625,-18812.51953125,-400000.0625,-5090.56982421875,-400000.0625
264.72600531578064,-400000.0625,-12613.9697265625,-6335.02001953125,-400000.0625,-18823.009765625,-400000.0625,-5100.2001953125,-400000.0625
264.77547693252563,-400000.0625,-12622.01953125,-6338.31005859375,-400000.0625,-18826.529296875,-400000.0625,-5103.8701171875,-400000.0625
264.8322925567627,-400000.0625,-12620.1201171875,-6335.68994140625,-400000.0625,-18826.919921875,-400000.0625,-5108.169921875,-400000.0625
264.8560440540314,-400000.0625,-12614.8203125,-6332.06005859375,-400000.0625,-18824.76953125,-400000.0625,-5097.490234375,-400000.0625
264.8732669353485,-400000.0625,-12614.7802734375,-6332.830078125,-400000.0625,-18816.66015625,-400000.0625,-5094.0498046875,-400000.0625
264.8929328918457,-400000.0625,-12606.0,-6327.81982421875,-400000.0625,-18812.08984375,-400000.0625,-5094.72021484375,-400000.0625
264.9550793170929,-400000.0625,-12607.7197265625,-6327.009765625,-400000.0625,-18817.7109375,-400000.0625,-5089.6201171875,-400000.0625
264.97039103507996,-400000.0625,-12616.4501953125,-6334.35009765625,-400000.0625,-18822.8203125,-400000.0625,-5094.77001953125,-400000.0625
264.9969117641449,-400000.0625,-12618.6396484375,-6339.5,-400000.0625,-18827.73046875,-400000.0625,-5097.39013671875,-400000.0625
265.0590260028839,-400000.0625,-12612.8701171875,-6333.2998046875,-400000.0625,-18824.48046875,-400000.0625,-5091.85986328125,-400000.0625
265.07838463783264,-400000.0625,-12614.2998046875,-6332.5400390625,-400000.0625,-18823.19921875,-400000.0625,-5097.77001953125,-400000.0625
265.094229221344,-400000.0625,-12628.650390625,-6345.1298828125,-400000.0625,-18832.01953125,-400000.0625,-5105.06982421875,-400000.0625
265.1173162460327,-400000.0625,-12627.4599609375,-6344.18017578125,-400000.0625,-18830.25,-400000.0625,-5106.64013671875,-400000.0625
265.17892360687256,-400000.0625,-12618.1103515625,-6335.5498046875,-400000.0625,-18825.869140625,-400000.0625,-5100.10986328125,-400000.0625
265.19678020477295,-400000.0625,-12601.849609375,-6320.91015625,-400000.0625,-18810.3203125,-400000.0625,-5079.93994140625,-400000.0625
265.2171120643616,-400000.0625,-12599.5703125,-6318.3798828125,-400000.0625,-18808.609375,-400000.0625,-5084.89990234375,-400000.0625
265.23690366744995,-400000.0625,-12621.5498046875,-6338.60009765625,-400000.0625,-18822.669921875,-400000.0625,-5095.2001953125,-400000.0625
265.29851365089417,-400000.0625,-12636.1396484375,-6350.3701171875,-400000.0625,-18835.359375,-400000.0625,-5107.1201171875,-400000.0625
265.31117153167725,-400000.0625,-12623.0703125,-6337.68994140625,-400000.0625,-18828.8203125,-400000.0625,-5101.2001953125,-400000.0625
265.3342750072479,-400000.0625,-12612.33984375,-6327.6298828125,-400000.0625,-18817.05078125,-400000.0625,-5089.85986328125,-400000.0625
265.3576703071594,-400000.0625,-12614.919921875,-6331.8701171875,-400000.0625,-18822.0,-400000.0625,-5098.77001953125,-400000.0625
265.4147095680237,-400000.0625,-12621.3095703125,-6335.5498046875,-400000.0625,-18825.099609375,-400000.0625,-5102.58984375,-400000.0625
265.4363760948181,-400000.0625,-12627.2197265625,-6337.35986328125,-400000.0625,-18826.30078125,-400000.0625,-5100.5400390625,-400000.0625
265.4589307308197,-400000.0625,-12617.4501953125,-6325.580078125,-400000.0625,-18817.51953125,-400000.0625,-5084.22998046875,-400000.0625
265.5118637084961,-400000.0625,-12604.91015625,-6314.47021484375,-400000.0625,-18812.130859375,-400000.0625,-5083.89990234375,-400000.0625
265.5244617462158,-400000.0625,-12602.8603515625,-6315.330078125,-400000.0625,-18814.759765625,-400000.0625,-5092.10009765625,-400000.0625
265.5501127243042,-400000.0625,-12609.669921875,-6323.669921875,-400000.0625,-18818.08984375,-400000.0625,-5105.16015625,-400000.0625
265.570219039917,-400000.0625,-12612.490234375,-6327.009765625,-400000.0625,-18820.619140625,-400000.0625,-5102.68017578125,-400000.0625
265.6247112751007,-400000.0625,-12599.419921875,-6320.52001953125,-400000.0625,-18819.380859375,-400000.0625,-5092.6201171875,-400000.0625
265.637069940567,-400000.0625,-12595.1298828125,-6319.330078125,-400000.0625,-18819.05078125,-400000.0625,-5085.60986328125,-400000.0625
265.65717458724976,-400000.0625,-12597.419921875,-6317.81005859375,-400000.0625,-18814.609375,-400000.0625,-5089.56982421875,-400000.0625
265.67528343200684,-400000.0625,-12610.6298828125,-6327.25,-400000.0625,-18823.9609375,-400000.0625,-5097.81982421875,-400000.0625
265.7389042377472,-400000.0625,-12617.1103515625,-6331.2099609375,-400000.0625,-18832.01953125,-400000.0625,-5098.2998046875,-400000.0625
265.7752115726471,-400000.0625,-12612.73046875,-6323.72021484375,-400000.0625,-18824.060546875,-400000.0625,-5091.52001953125,-400000.0625
265.7947061061859,-400000.0625,-12596.9404296875,-6313.990234375,-400000.0625,-18814.900390625,-400000.0625,-5078.83984375,-400000.0625
265.847051858902,-400000.0625,-12601.330078125,-6319.18994140625,-400000.0625,-18821.91015625,-400000.0625,-5081.419921875,-400000.0625
265.86061239242554,-400000.0625,-12611.580078125,-6324.72021484375,-400000.0625,-18827.490234375,-400000.0625,-5093.91015625,-400000.0625
265.87983751296997,-400000.0625,-12612.0595703125,-6323.47998046875,-400000.0625,-18828.8203125,-400000.0625,-5099.6298828125,-400000.0625
265.89512491226196,-400000.0625,-12608.33984375,-6319.85986328125,-400000.0625,-18824.529296875,-400000.0625,-5093.52978515625,-400000.0625
265.95081400871277,-400000.0625,-12595.849609375,-6310.990234375,-400000.0625,-18813.849609375,-400000.0625,-5082.22998046875,-400000.0625
265.96792817115784,-400000.0625,-12590.169921875,-6306.22021484375,-400000.0625,-18804.119140625,-400000.0625,-5079.1298828125,-400000.0625
265.9854636192322,-400000.0625,-12612.76953125,-6323.91015625,-400000.0625,-18824.25,-400000.0625,-5097.580078125,-400000.0625
266.01126074790955,-400000.0625,-12624.7900390625,-6334.35009765625,-400000.0625,-18836.119140625,-400000.0625,-5110.4599609375,-400000.0625
266.0623896121979,-400000.0625,-12618.01953125,-6332.72998046875,-400000.0625,-18828.58984375,-400000.0625,-5106.259765625,-400000.0625
266.08329343795776,-400000.0625,-12599.6103515625,-6316.18994140625,-400000.0625,-18814.51953125,-400000.0625,-5084.60986328125,-400000.0625
266.10878705978394,-400000.0625,-12596.9404296875,-6310.7998046875,-400000.0625,-18808.890625,-400000.0625,-5079.7900390625,-400000.0625
266.1249759197235,-400000.0625,-12623.1201171875,-6334.39990234375,-400000.0625,-18829.630859375,-400000.0625,-5104.259765625,-400000.0625
266.1816256046295,-400000.0625,-12624.8896484375,-6335.77978515625,-400000.0625,-18833.779296875,-400000.0625,-5107.5,-400000.0625
266.2025945186615,-400000.0625,-12611.6796875,-6321.2900390625,-400000.0625,-18819.91015625,-400000.0625,-5094.10009765625,-400000.0625
266.2197391986847,-400000.0625,-12600.51953125,-6312.22998046875,-400000.0625,-18814.330078125,-400000.0625,-5085.0400390625,-400000.0625
266.2453393936157,-400000.0625,-12602.51953125,-6317.85009765625,-400000.0625,-18818.810546875,-400000.0625,-5088.6201171875,-400000.0625
266.301305770874,-400000.0625,-12611.8701171875,-6323.43017578125,-400000.0625,-18822.05078125,-400000.0625,-5096.580078125,-400000.0625
266.3213846683502,-400000.0625,-12618.259765625,-6327.52978515625,-400000.0625,-18819.140625,-400000.0625,-5106.97021484375,-400000.0625
266.34389305114746,-400000.0625,-12615.0595703125,-6326.580078125,-400000.0625,-18819.91015625,-400000.0625,-5100.2998046875,-400000.0625
266.35945439338684,-400000.0625,-12603.8095703125,-6315.52001953125,-400000.0625,-18819.91015625,-400000.0625,-5086.3701171875,-400000.0625
266.4148631095886,-400000.0625,-12609.0498046875,-6321.3798828125,-400000.0625,-18826.33984375,-400000.0625,-5092.2900390625,-400000.0625
266.4336099624634,-400000.0625,-12629.1796875,-6339.169921875,-400000.0625,-18837.359375,-400000.0625,-5111.740234375,-400000.0625
266.4561972618103,-400000.0625,-12631.1796875,-6341.89013671875,-400000.0625,-18834.640625,-400000.0625,-5113.509765625,-400000.0625
266.47241950035095,-400000.0625,-12618.349609375,-6330.919921875,-400000.0625,-18826.529296875,-400000.0625,-5098.52978515625,-400000.0625
266.51671171188354,-400000.0625,-12603.0498046875,-6316.0,-400000.0625,-18815.0390625,-400000.0625,-5082.080078125,-400000.0625
266.53371691703796,-400000.0625,-12593.1796875,-6306.02978515625,-400000.0625,-18803.310546875,-400000.0625,-5075.68994140625,-400000.0625
266.55874705314636,-400000.0625,-12623.740234375,-6335.1201171875,-400000.0625,-18827.73046875,-400000.0625,-5100.25,-400000.0625
266.5748324394226,-400000.0625,-12645.33984375,-6352.0400390625,-400000.0625,-18841.939453125,-400000.0625,-5120.3701171875,-400000.0625
266.6298100948334,-400000.0625,-12628.1796875,-6336.06982421875,-400000.0625,-18827.060546875,-400000.0625,-5105.16015625,-400000.0625
266.6428689956665,-400000.0625,-12607.669921875,-6316.14013671875,-400000.0625,-18809.560546875,-400000.0625,-5088.66015625,-400000.0625
266.668993473053,-400000.0625,-12614.349609375,-6320.91015625,-400000.0625,-18815.23046875,-400000.0625,-5095.77001953125,-400000.0625
266.6895341873169,-400000.0625,-12630.0302734375,-6334.39990234375,-400000.0625,-18829.8203125,-400000.0625,-5112.31005859375,-400000.0625
266.76521134376526,-400000.0625,-12625.3603515625,-6333.4501953125,-400000.0625,-18825.19921875,-400000.0625,-5112.22021484375,-400000.0625
266.7932827472687,-400000.0625,-12616.1103515625,-6327.9599609375,-400000.0625,-18817.859375,-400000.0625,-5098.68017578125,-400000.0625
266.84628105163574,-400000.0625,-12603.5703125,-6314.9501953125,-400000.0625,-18807.220703125,-400000.0625,-5085.14013671875,-400000.0625
266.86837792396545,-400000.0625,-12608.580078125,-6319.669921875,-400000.0625,-18809.509765625,-400000.0625,-5090.0498046875,-400000.0625
266.885445356369,-400000.0625,-12628.509765625,-6336.5,-400000.0625,-18823.19921875,-400000.0625,-5108.7900390625,-400000.0625
266.90505862236023,-400000.0625,-12636.3798828125,-6342.83984375,-400000.0625,-18832.73046875,-400000.0625,-5110.06982421875,-400000.0625
266.9586877822876,-400000.0625,-12630.650390625,-6335.1201171875,-400000.0625,-18831.2109375,-400000.0625,-5099.25,-400000.0625
266.9799816608429,-400000.0625,-12606.5302734375,-6317.9501953125,-400000.0625,-18811.470703125,-400000.0625,-5084.27978515625,-400000.0625
267.0044991970062,-400000.0625,-12597.6103515625,-6312.7998046875,-400000.0625,-18808.220703125,-400000.0625,-5081.27001953125,-400000.0625
267.0236837863922,-400000.0625,-12620.6396484375,-6329.35009765625,-400000.0625,-18825.529296875,-400000.0625,-5102.2998046875,-400000.0625
267.0829179286957,-400000.0625,-12637.8603515625,-6346.22998046875,-400000.0625,-18832.5,-400000.0625,-5112.31005859375,-400000.0625
267.10094833374023,-400000.0625,-12627.2197265625,-6333.830078125,-400000.0625,-18822.720703125,-400000.0625,-5101.490234375,-400000.0625
267.12021231651306,-400000.0625,-12617.2099609375,-6324.6298828125,-400000.0625,-18818.08984375,-400000.0625,-5088.89990234375,-400000.0625
267.1462755203247,-400000.0625,-12614.6298828125,-6326.14990234375,-400000.0625,-18817.279296875,-400000.0625,-5091.0,-400000.0625
267.1950716972351,-400000.0625,-12625.3095703125,-6334.06982421875,-400000.0625,-18822.859375,-400000.0625,-5099.8701171875,-400000.0625
267.22238850593567,-400000.0625,-12633.1796875,-6337.93017578125,-400000.0625,-18825.6796875,-400000.0625,-5106.2099609375,-400000.0625
267.24094700813293,-400000.0625,-12632.1796875,-6339.41015625,-400000.0625,-18832.779296875,-400000.0625,-5103.919921875,-400000.0625
267.25896644592285,-400000.0625,-12610.2900390625,-6320.72021484375,-400000.0625,-18818.619140625,-400000.0625,-5087.66015625,-400000.0625
267.3180458545685,-400000.0625,-12603.6201171875,-6309.93994140625,-400000.0625,-18806.4609375,-400000.0625,-5078.4599609375,-400000.0625
267.3350520133972,-400000.0625,-12629.6103515625,-6332.259765625,-400000.0625,-18822.859375,-400000.0625,-5104.64013671875,-400000.0625
267.3608696460724,-400000.0625,-12643.6201171875,-6348.7099609375,-400000.0625,-18833.970703125,-400000.0625,-5116.75,-400000.0625
267.4312996864319,-400000.0625,-12628.599609375,-6336.35986328125,-400000.0625,-18821.189453125,-400000.0625,-5096.8701171875,-400000.0625
267.45358180999756,-400000.0625,-12602.5703125,-6311.990234375,-400000.0625,-18800.689453125,-400000.0625,-5073.68994140625,-400000.0625
267.46879625320435,-400000.0625,-12606.2900390625,-6318.52001953125,-400000.0625,-18812.609375,-400000.0625,-5083.509765625,-400000.0625
267.5302953720093,-400000.0625,-12635.330078125,-6339.740234375,-400000.0625,-18836.830078125,-400000.0625,-5111.22021484375,-400000.0625
267.5528943538666,-400000.0625,-12645.91015625,-6347.60986328125,-400000.0625,-18842.650390625,-400000.0625,-5120.56005859375,-400000.0625
267.5753026008606,-400000.0625,-12624.2197265625,-6328.919921875,-400000.0625,-18822.390625,-400000.0625,-5098.68017578125,-400000.0625
267.6155791282654,-400000.0625,-12605.5302734375,-6312.93994140625,-400000.0625,-18806.130859375,-400000.0625,-5082.419921875,-400000.0625
267.634397983551,-400000.0625,-12612.490234375,-6317.08984375,-400000.0625,-18806.029296875,-400000.0625,-5086.0400390625,-400000.0625
267.65697503089905,-400000.0625,-12627.3603515625,-6332.259765625,-400000.0625,-18816.94921875,-400000.0625,-5101.490234375,-400000.0625
267.672012090683,-400000.0625,-12637.9501953125,-6340.93017578125,-400000.0625,-18831.2109375,-400000.0625,-5113.7001953125,-400000.0625
267.69684195518494,-400000.0625,-12631.8896484375,-6335.97021484375,-400000.0625,-18825.390625,-400000.0625,-5106.8798828125,-400000.0625
267.7721297740936,-400000.0625,-12612.009765625,-6318.0,-400000.0625,-18808.41015625,-400000.0625,-5084.22998046875,-400000.0625
267.7980387210846,-400000.0625,-12611.8203125,-6317.85009765625,-400000.0625,-18807.130859375,-400000.0625,-5084.31982421875,-400000.0625
267.85771441459656,-400000.0625,-12632.419921875,-6332.72998046875,-400000.0625,-18820.810546875,-400000.0625,-5105.06982421875,-400000.0625
267.8704833984375,-400000.0625,-12640.4296875,-6339.97998046875,-400000.0625,-18832.0703125,-400000.0625,-5112.4599609375,-400000.0625
267.89039278030396,-400000.0625,-12620.830078125,-6324.52978515625,-400000.0625,-18815.189453125,-400000.0625,-5097.81982421875,-400000.0625
267.9032726287842,-400000.0625,-12606.7197265625,-6311.0400390625,-400000.0625,-18801.7890625,-400000.0625,-5079.7900390625,-400000.0625
267.957715511322,-400000.0625,-12608.4296875,-6314.330078125,-400000.0625,-18807.080078125,-400000.0625,-5086.22998046875,-400000.0625
267.9756169319153,-400000.0625,-12636.4697265625,-6340.35986328125,-400000.0625,-18830.349609375,-400000.0625,-5109.7900390625,-400000.0625
267.990355014801,-400000.0625,-12642.8603515625,-6342.4599609375,-400000.0625,-18830.830078125,-400000.0625,-5119.93994140625,-400000.0625
268.0120749473572,-400000.0625,-12626.1201171875,-6321.18994140625,-400000.0625,-18811.609375,-400000.0625,-5096.0498046875,-400000.0625
268.0582127571106,-400000.0625,-12602.4296875,-6302.259765625,-400000.0625,-18801.5,-400000.0625,-5068.58984375,-400000.0625
268.07788372039795,-400000.0625,-12622.41015625,-6327.81982421875,-400000.0625,-18814.7109375,-400000.0625,-5087.0400390625,-400000.0625
268.10069823265076,-400000.0625,-12642.48046875,-6346.31982421875,-400000.0625,-18829.919921875,-400000.0625,-5101.06005859375,-400000.0625
268.1264228820801,-400000.0625,-12638.759765625,-6343.4599609375,-400000.0625,-18821.9609375,-400000.0625,-5097.33984375,-400000.0625
268.1777172088623,-400000.0625,-12642.0,-6340.4599609375,-400000.0625,-18819.5703125,-400000.0625,-5088.0400390625,-400000.0625
268.1905858516693,-400000.0625,-12639.0498046875,-6334.02001953125,-400000.0625,-18822.05078125,-400000.0625,-5076.7001953125,-400000.0625
268.21204352378845,-400000.0625,-12633.990234375,-6336.58984375,-400000.0625,-18821.91015625,-400000.0625,-5097.2001953125,-400000.0625
268.2268452644348,-400000.0625,-12643.4296875,-6344.1298828125,-400000.0625,-18825.9609375,-400000.0625,-5108.5498046875,-400000.0625
268.2767958641052,-400000.0625,-12643.3896484375,-6341.35986328125,-400000.0625,-18822.150390625,-400000.0625,-5102.97021484375,-400000.0625
268.28798508644104,-400000.0625,-12633.3701171875,-6335.93017578125,-400000.0625,-18816.900390625,-400000.0625,-5096.14990234375,-400000.0625
268.3116149902344,-400000.0625,-12627.080078125,-6332.35009765625,-400000.0625,-18815.23046875,-400000.0625,-5082.85009765625,-400000.0625
268.3277246952057,-400000.0625,-12627.9404296875,-6332.16015625,-400000.0625,-18811.369140625,-400000.0625,-5083.56005859375,-400000.0625
268.38462924957275,-400000.0625,-12644.3896484375,-6345.3701171875,-400000.0625,-18822.33984375,-400000.0625,-5102.8701171875,-400000.0625
268.4089241027832,-400000.0625,-12644.8603515625,-6346.75,-400000.0625,-18824.33984375,-400000.0625,-5104.10986328125,-400000.0625
268.4224352836609,-400000.0625,-12645.2900390625,-6346.419921875,-400000.0625,-18827.150390625,-400000.0625,-5094.33984375,-400000.0625
268.4469151496887,-400000.0625,-12633.66015625,-6336.02001953125,-400000.0625,-18813.51953125,-400000.0625,-5090.330078125,-400000.0625
268.50453186035156,-400000.0625,-12625.8896484375,-6332.919921875,-400000.0625,-18808.890625,-400000.0625,-5082.89013671875,-400000.0625
268.51810097694397,-400000.0625,-12642.7197265625,-6345.7001953125,-400000.0625,-18812.609375,-400000.0625,-5091.18994140625,-400000.0625
268.55601024627686,-400000.0625,-12648.6298828125,-6352.759765625,-400000.0625,-18823.76953125,-400000.0625,-5108.06982421875,-400000.0625
268.6768090724945,-400000.0625,-12637.4296875,-6338.41015625,-400000.0625,-18816.900390625,-400000.0625,-5093.6201171875,-400000.0625
268.76218843460083,-400000.0625,-12633.9501953125,-6333.77978515625,-400000.0625,-18810.609375,-400000.0625,-5092.10009765625,-400000.0625
268.7905361652374,-400000.0625,-12638.669921875,-6339.83984375,-400000.0625,-18818.380859375,-400000.0625,-5095.81982421875,-400000.0625
268.8677577972412,-400000.0625,-12645.099609375,-6345.4599609375,-400000.0625,-18820.099609375,-400000.0625,-5103.06005859375,-400000.0625
268.89337038993835,-400000.0625,-12653.400390625,-6353.240234375,-400000.0625,-18825.25,-400000.0625,-5109.06982421875,-400000.0625
268.95409965515137,-400000.0625,-12646.8701171875,-6346.31982421875,-400000.0625,-18820.0,-400000.0625,-5103.68017578125,-400000.0625
268.99137473106384,-400000.0625,-12634.900390625,-6334.5400390625,-400000.0625,-18806.75,-400000.0625,-5090.759765625,-400000.0625
269.0190873146057,-400000.0625,-12626.83984375,-6327.06005859375,-400000.0625,-18799.58984375,-400000.0625,-5086.66015625,-400000.0625
269.066219329834,-400000.0625,-12636.4697265625,-6333.2998046875,-400000.0625,-18802.44921875,-400000.0625,-5099.490234375,-400000.0625
269.0915720462799,-400000.0625,-12653.4501953125,-6350.7099609375,-400000.0625,-18817.380859375,-400000.0625,-5113.080078125,-400000.0625
269.13628482818604,-400000.0625,-12650.2099609375,-6348.93994140625,-400000.0625,-18821.05078125,-400000.0625,-5112.27001953125,-400000.0625
269.2110023498535,-400000.0625,-12636.23046875,-6331.77978515625,-400000.0625,-18811.369140625,-400000.0625,-5095.669921875,-400000.0625
269.23228311538696,-400000.0625,-12624.83984375,-6319.6201171875,-400000.0625,-18800.830078125,-400000.0625,-5084.93994140625,-400000.0625
269.2571310997009,-400000.0625,-12634.1796875,-6330.2998046875,-400000.0625,-18807.509765625,-400000.0625,-5095.0498046875,-400000.0625
269.30208468437195,-400000.0625,-12658.7900390625,-6351.81005859375,-400000.0625,-18828.25,-400000.0625,-5116.7998046875,-400000.0625
269.3588342666626,-400000.0625,-12654.400390625,-6348.56005859375,-400000.0625,-18822.4296875,-400000.0625,-5110.97998046875,-400000.0625
269.4334454536438,-400000.0625,-12640.7197265625,-6335.68994140625,-400000.0625,-18810.509765625,-400000.0625,-5093.33984375,-400000.0625
269.4633767604828,-400000.0625,-12643.580078125,-6334.97021484375,-400000.0625,-18807.83984375,-400000.0625,-5093.240234375,-400000.0625
269.53233456611633,-400000.0625,-12655.3095703125,-6347.080078125,-400000.0625,-18819.529296875,-400000.0625,-5105.39990234375,-400000.0625
269.56171107292175,-400000.0625,-12663.080078125,-6351.52001953125,-400000.0625,-18820.619140625,-400000.0625,-5111.7900390625,-400000.0625
269.5907611846924,-400000.0625,-12642.8095703125,-6333.64013671875,-400000.0625,-18809.1796875,-400000.0625,-5090.7099609375,-400000.0625
269.63528847694397,-400000.0625,-12618.0703125,-6313.66015625,-400000.0625,-18790.6796875,-400000.0625,-5075.83984375,-400000.0625
269.6479420661926,-400000.0625,-12628.0302734375,-6325.580078125,-400000.0625,-18798.830078125,-400000.0625,-5086.47021484375,-400000.0625
269.6645829677582,-400000.0625,-12665.0302734375,-6361.77001953125,-400000.0625,-18833.01953125,-400000.0625,-5121.330078125,-400000.0625
269.6781039237976,-400000.0625,-12671.330078125,-6360.33984375,-400000.0625,-18833.44921875,-400000.0625,-5127.72021484375,-400000.0625
269.68718433380127,-400000.0625,-12644.099609375,-6335.68994140625,-400000.0625,-18814.140625,-400000.0625,-5099.72998046875,-400000.0625
269.6955363750458,-400000.0625,-12621.98046875,-6317.9501953125,-400000.0625,-18795.400390625,-400000.0625,-5083.0400390625,-400000.0625
269.73167538642883,-400000.0625,-12640.330078125,-6332.4501953125,-400000.0625,-18807.75,-400000.0625,-5099.490234375,-400000.0625
269.7451548576355,-400000.0625,-12668.3701171875,-6355.72021484375,-400000.0625,-18835.7890625,-400000.0625,-5121.27978515625,-400000.0625
269.75600004196167,-400000.0625,-12668.1298828125,-6353.56982421875,-400000.0625,-18828.8203125,-400000.0625,-5122.22998046875,-400000.0625
269.76953077316284,-400000.0625,-12646.7197265625,-6335.830078125,-400000.0625,-18809.609375,-400000.0625,-5099.490234375,-400000.0625
269.78240513801575,-400000.0625,-12628.26953125,-6319.7099609375,-400000.0625,-18795.349609375,-400000.0625,-5082.27001953125,-400000.0625
269.79327607154846,-400000.0625,-12628.0302734375,-6319.0,-400000.0625,-18799.830078125,-400000.0625,-5083.0400390625,-400000.0625
269.80534529685974,-400000.0625,-12651.490234375,-6339.8798828125,-400000.0625,-18821.76953125,-400000.0625,-5109.7900390625,-400000.0625
269.84530687332153,-400000.0625,-12663.7001953125,-6350.759765625,-400000.0625,-18830.25,-400000.0625,-5120.7099609375,-400000.0625
269.8597376346588,-400000.0625,-12658.4501953125,-6344.080078125,-400000.0625,-18818.91015625,-400000.0625,-5109.41015625,-400000.0625
269.8720922470093,-400000.0625,-12637.9501953125,-6327.10986328125,-400000.0625,-18802.119140625,-400000.0625,-5092.14013671875,-400000.0625
269.88414907455444,-400000.0625,-12630.990234375,-6323.39013671875,-400000.0625,-18796.58984375,-400000.0625,-5081.7001953125,-400000.0625
269.8941023349762,-400000.0625,-12661.4599609375,-6347.22998046875,-400000.0625,-18820.619140625,-400000.0625,-5111.41015625,-400000.0625
269.90624380111694,-400000.0625,-12665.7998046875,-6349.7998046875,-400000.0625,-18830.400390625,-400000.0625,-5121.759765625,-400000.0625
269.9443576335907,-400000.0625,-12635.66015625,-6320.91015625,-400000.0625,-18808.890625,-400000.0625,-5091.0498046875,-400000.0625
269.96831703186035,-400000.0625,-12637.759765625,-6329.6298828125,-400000.0625,-18810.470703125,-400000.0625,-5091.47998046875,-400000.0625
269.9848244190216,-400000.0625,-12654.9296875,-6344.080078125,-400000.0625,-18823.580078125,-400000.0625,-5103.64013671875,-400000.0625
270.00196719169617,-400000.0625,-12668.08984375,-6351.330078125,-400000.0625,-18827.73046875,-400000.0625,-5116.990234375,-400000.0625
270.01492738723755,-400000.0625,-12663.0302734375,-6347.509765625,-400000.0625,-18824.869140625,-400000.0625,-5114.169921875,-400000.0625
270.049259185791,-400000.0625,-12640.8095703125,-6331.8701171875,-400000.0625,-18809.509765625,-400000.0625,-5096.2001953125,-400000.0625
270.0586667060852,-400000.0625,-12625.080078125,-6316.85009765625,-400000.0625,-18796.109375,-400000.0625,-5081.75,-400000.0625
270.0706706047058,-400000.0625,-12629.2197265625,-6318.0498046875,-400000.0625,-18803.0703125,-400000.0625,-5088.0,-400000.0625
270.08173084259033,-400000.0625,-12652.5400390625,-6341.27001953125,-400000.0625,-18819.5703125,-400000.0625,-5110.60009765625,-400000.0625
270.09116101264954,-400000.0625,-12661.3203125,-6346.22998046875,-400000.0625,-18816.900390625,-400000.0625,-5105.5400390625,-400000.0625
270.1028048992157,-400000.0625,-12652.7802734375,-6340.31005859375,-400000.0625,-18816.0390625,-400000.0625,-5101.6298828125,-400000.0625
270.117963552475,-400000.0625,-12647.490234375,-6336.5498046875,-400000.0625,-18819.4296875,-400000.0625,-5098.39013671875,-400000.0625
270.15677213668823,-400000.0625,-12650.009765625,-6341.27001953125,-400000.0625,-18821.580078125,-400000.0625,-5101.8701171875,-400000.0625
270.1686477661133,-400000.0625,-12657.740234375,-6350.419921875,-400000.0625,-18826.060546875,-400000.0625,-5108.02001953125,-400000.0625
270.18061542510986,-400000.0625,-12644.48046875,-6333.72998046875,-400000.0625,-18811.509765625,-400000.0625,-5095.47998046875,-400000.0625
270.1933534145355,-400000.0625,-12627.509765625,-6318.14013671875,-400000.0625,-18802.220703125,-400000.0625,-5083.7998046875,-400000.0625
270.20431661605835,-400000.0625,-12632.5595703125,-6325.10009765625,-400000.0625,-18805.98046875,-400000.0625,-5075.35986328125,-400000.0625
270.21524310112,-400000.0625,-12652.58984375,-6342.02978515625,-400000.0625,-18812.849609375,-400000.0625,-5089.0,-400000.0625
270.22435331344604,-400000.0625,-12665.419921875,-6351.52001953125,-400000.0625,-18828.869140625,-400000.0625,-5104.39990234375,-400000.0625
270.284610748291,-400000.0625,-12668.1796875,-6354.2900390625,-400000.0625,-18836.689453125,-400000.0625,-5106.77978515625,-400000.0625
270.3068151473999,-400000.0625,-12647.6298828125,-6335.77978515625,-400000.0625,-18820.189453125,-400000.0625,-5091.3798828125,-400000.0625
270.3278760910034,-400000.0625,-12623.7900390625,-6309.60986328125,-400000.0625,-18797.5390625,-400000.0625,-5073.39990234375,-400000.0625
270.3954544067383,-400000.0625,-12626.9404296875,-6316.0,-400000.0625,-18805.83984375,-400000.0625,-5081.31982421875,-400000.0625
270.424348115921,-400000.0625,-12650.4404296875,-6337.740234375,-400000.0625,-18816.380859375,-400000.0625,-5099.8701171875,-400000.0625
270.4455053806305,-400000.0625,-12659.650390625,-6344.4599609375,-400000.0625,-18823.099609375,-400000.0625,-5104.8798828125,-400000.0625
270.5027983188629,-400000.0625,-12645.6796875,-6332.58984375,-400000.0625,-18815.810546875,-400000.0625,-5091.0498046875,-400000.0625
270.53194546699524,-400000.0625,-12630.080078125,-6320.81005859375,-400000.0625,-18802.83984375,-400000.0625,-5080.60986328125,-400000.0625
270.56502318382263,-400000.0625,-12636.4697265625,-6319.669921875,-400000.0625,-18803.0703125,-400000.0625,-5079.7001953125,-400000.0625
270.62619805336,-400000.0625,-12649.9697265625,-6332.4501953125,-400000.0625,-18818.91015625,-400000.0625,-5092.2900390625,-400000.0625
270.65096974372864,-400000.0625,-12657.259765625,-6341.41015625,-400000.0625,-18824.25,-400000.0625,-5092.72021484375,-400000.0625
270.66741251945496,-400000.0625,-12640.5302734375,-6327.2998046875,-400000.0625,-18810.26953125,-400000.0625,-5084.7998046875,-400000.0625
270.7264235019684,-400000.0625,-12626.7900390625,-6317.43017578125,-400000.0625,-18801.259765625,-400000.0625,-5076.35986328125,-400000.0625
270.7682435512543,-400000.0625,-12644.3896484375,-6329.81982421875,-400000.0625,-18812.470703125,-400000.0625,-5085.7998046875,-400000.0625
270.8024022579193,-400000.0625,-12662.0302734375,-6342.22021484375,-400000.0625,-18822.2890625,-400000.0625,-5104.259765625,-400000.0625
270.8137469291687,-400000.0625,-12651.25,-6337.1201171875,-400000.0625,-18826.439453125,-400000.0625,-5102.97021484375,-400000.0625
270.8230321407318,-400000.0625,-12648.6796875,-6326.77001953125,-400000.0625,-18815.619140625,-400000.0625,-5082.89013671875,-400000.0625
270.8341085910797,-400000.0625,-12635.7998046875,-6319.9501953125,-400000.0625,-18808.560546875,-400000.0625,-5070.5,-400000.0625
270.84517192840576,-400000.0625,-12634.2802734375,-6320.0,-400000.0625,-18808.83984375,-400000.0625,-5078.509765625,-400000.0625
270.8560197353363,-400000.0625,-12652.2998046875,-6332.64013671875,-400000.0625,-18816.23046875,-400000.0625,-5096.009765625,-400000.0625
270.866482257843,-400000.0625,-12662.3603515625,-6341.93017578125,-400000.0625,-18821.580078125,-400000.0625,-5099.5400390625,-400000.0625
270.8824074268341,-400000.0625,-12642.669921875,-6327.52978515625,-400000.0625,-18811.470703125,-400000.0625,-5086.52001953125,-400000.0625
270.9110064506531,-400000.0625,-12630.5595703125,-6318.0,-400000.0625,-18808.029296875,-400000.0625,-5068.2099609375,-400000.0625
270.91991567611694,-400000.0625,-12645.8203125,-6325.580078125,-400000.0625,-18813.560546875,-400000.0625,-5074.35986328125,-400000.0625
270.92806220054626,-400000.0625,-12666.080078125,-6338.60009765625,-400000.0625,-18825.580078125,-400000.0625,-5098.52978515625,-400000.0625
270.93805980682373,-400000.0625,-12672.66015625,-6336.97998046875,-400000.0625,-18825.25,-400000.0625,-5104.39990234375,-400000.0625
270.9497084617615,-400000.0625,-12652.6796875,-6328.72998046875,-400000.0625,-18816.189453125,-400000.0625,-5089.0498046875,-400000.0625
270.9582884311676,-400000.0625,-12632.66015625,-6314.419921875,-400000.0625,-18803.41015625,-400000.0625,-5070.830078125,-400000.0625
270.9697513580322,-400000.0625,-12615.919921875,-6318.43017578125,-400000.0625,-18803.029296875,-400000.0625,-5082.3701171875,-400000.0625
270.98121643066406,-400000.0625,-12651.01953125,-6339.68994140625,-400000.0625,-18815.849609375,-400000.0625,-5102.58984375,-400000.0625
270.9899158477783,-400000.0625,-12665.6103515625,-6339.8798828125,-400000.0625,-18814.66015625,-400000.0625,-5094.39013671875,-400000.0625
271.01729822158813,-400000.0625,-12660.26953125,-6320.81005859375,-400000.0625,-18801.880859375,-400000.0625,-5070.259765625,-400000.0625
271.02623438835144,-400000.0625,-12661.8896484375,-6316.9501953125,-400000.0625,-18800.55078125,-400000.0625,-5058.77001953125,-400000.0625
271.03619265556335,-400000.0625,-12674.669921875,-6322.81005859375,-400000.0625,-18801.98046875,-400000.0625,-5078.41015625,-400000.0625
271.0470495223999,-400000.0625,-12707.849609375,-6330.009765625,-400000.0625,-18811.369140625,-400000.0625,-5080.3701171875,-400000.0625
271.05632305145264,-400000.0625,-12707.1904296875,-6331.06005859375,-400000.0625,-18816.759765625,-400000.0625,-5077.169921875,-400000.0625
271.0680546760559,-400000.0625,-12689.8798828125,-6324.85986328125,-400000.0625,-18804.69921875,-400000.0625,-5072.64013671875,-400000.0625
271.0867462158203,-400000.0625,-12660.169921875,-6339.83984375,-400000.0625,-18792.580078125,-400000.0625,-5073.35986328125,-400000.0625
271.09523582458496,-400000.0625,-12670.6103515625,-6351.52001953125,-400000.0625,-18794.16015625,-400000.0625,-5076.89013671875,-400000.0625
271.12834548950195,-400000.0625,-12717.490234375,-6356.52978515625,-400000.0625,-18797.73046875,-400000.0625,-5068.72998046875,-400000.0625
271.1403589248657,-400000.0625,-12715.669921875,-6365.43994140625,-400000.0625,-18788.390625,-400000.0625,-5062.25,-400000.0625
271.151540517807,-400000.0625,-12702.9404296875,-6377.97998046875,-400000.0625,-18773.990234375,-400000.0625,-5080.41015625,-400000.0625
271.16085290908813,-400000.0625,-12715.9599609375,-6377.4599609375,-400000.0625,-18758.6796875,-400000.0625,-5066.6298828125,-400000.0625
271.1755816936493,-400000.0625,-12752.5302734375,-6380.990234375,-400000.0625,-18746.189453125,-400000.0625,-5057.6201171875,-400000.0625
271.185742855072,-400000.0625,-12790.4404296875,-6405.39990234375,-400000.0625,-18747.5703125,-400000.0625,-5077.93017578125,-400000.0625
271.1947009563446,-400000.0625,-12819.580078125,-6426.56982421875,-400000.0625,-18747.4296875,-400000.0625,-5099.919921875,-400000.0625
271.2054376602173,-400000.0625,-12832.4501953125,-6431.2900390625,-400000.0625,-18735.55078125,-400000.0625,-5111.740234375,-400000.0625
271.23217606544495,-400000.0625,-12839.75,-6435.8701171875,-400000.0625,-18723.869140625,-400000.0625,-5121.7099609375,-400000.0625
271.24295687675476,-400000.0625,-12838.2197265625,-6433.81982421875,-400000.0625,-18714.759765625,-400000.0625,-5118.18017578125,-400000.0625
271.2520878314972,-400000.0625,-12843.6103515625,-6433.25,-400000.0625,-18721.109375,-400000.0625,-5118.990234375,-400000.0625
271.2607774734497,-400000.0625,-12869.650390625,-6450.02978515625,-400000.0625,-18737.890625,-400000.0625,-5134.9599609375,-400000.0625
271.27517557144165,-400000.0625,-12878.1298828125,-6457.89990234375,-400000.0625,-18748.810546875,-400000.0625,-5136.490234375,-400000.0625
271.2917196750641,-400000.0625,-12859.580078125,-6444.22021484375,-400000.0625,-18743.369140625,-400000.0625,-5130.0498046875,-400000.0625
271.3182530403137,-400000.0625,-12852.76953125,-6436.06005859375,-400000.0625,-18745.140625,-400000.0625,-5128.72021484375,-400000.0625
271.3606610298157,-400000.0625,-12856.7197265625,-6437.919921875,-400000.0625,-18754.060546875,-400000.0625,-5139.2998046875,-400000.0625
271.38047885894775,-400000.0625,-12836.7001953125,-6425.669921875,-400000.0625,-18748.5703125,-400000.0625,-5134.919921875,-400000.0625
271.39586544036865,-400000.0625,-12828.4501953125,-6419.47021484375,-400000.0625,-18753.05078125,-400000.0625,-5120.18017578125,-400000.0625
271.4160237312317,-400000.0625,-12824.3896484375,-6414.22021484375,-400000.0625,-18762.830078125,-400000.0625,-5117.89013671875,-400000.0625
271.4333989620209,-400000.0625,-12831.1201171875,-6425.52001953125,-400000.0625,-18783.240234375,-400000.0625,-5136.06005859375,-400000.0625
271.488440990448,-400000.0625,-12831.259765625,-6429.52978515625,-400000.0625,-18795.6796875,-400000.0625,-5150.02978515625,-400000.0625
271.5126497745514,-400000.0625,-12808.849609375,-6415.419921875,-400000.0625,-18792.349609375,-400000.0625,-5145.1201171875,-400000.0625
271.5399556159973,-400000.0625,-12785.48046875,-6395.14990234375,-400000.0625,-18781.240234375,-400000.0625,-5125.43017578125,-400000.0625
271.5954649448395,-400000.0625,-12766.5498046875,-6374.8798828125,-400000.0625,-18770.740234375,-400000.0625,-5110.60009765625,-400000.0625
271.6154065132141,-400000.0625,-12760.8798828125,-6373.5,-400000.0625,-18777.7109375,-400000.0625,-5113.02978515625,-400000.0625
271.6319229602814,-400000.0625,-12772.4697265625,-6390.2900390625,-400000.0625,-18795.439453125,-400000.0625,-5131.81982421875,-400000.0625
271.65585064888,-400000.0625,-12769.3203125,-6393.2900390625,-400000.0625,-18801.0703125,-400000.0625,-5136.06005859375,-400000.0625
271.71307611465454,-400000.0625,-12755.009765625,-6379.89013671875,-400000.0625,-18794.439453125,-400000.0625,-5126.18994140625,-400000.0625
271.7515730857849,-400000.0625,-12751.009765625,-6376.22021484375,-400000.0625,-18800.44921875,-400000.0625,-5121.89990234375,-400000.0625
271.7786223888397,-400000.0625,-12740.4697265625,-6368.259765625,-400000.0625,-18799.5,-400000.0625,-5114.27001953125,-400000.0625
271.83455204963684,-400000.0625,-12738.900390625,-6366.2099609375,-400000.0625,-18799.55078125,-400000.0625,-5117.75,-400000.0625
271.8595929145813,-400000.0625,-12739.23046875,-6367.97021484375,-400000.0625,-18805.599609375,-400000.0625,-5118.89990234375,-400000.0625
271.8736102581024,-400000.0625,-12723.830078125,-6355.2900390625,-400000.0625,-18795.779296875,-400000.0625,-5108.97998046875,-400000.0625
271.8963289260864,-400000.0625,-12712.6201171875,-6349.27978515625,-400000.0625,-18796.30078125,-400000.0625,-5108.68994140625,-400000.0625
271.9469540119171,-400000.0625,-12722.830078125,-6359.2001953125,-400000.0625,-18808.650390625,-400000.0625,-5121.419921875,-400000.0625
271.97064781188965,-400000.0625,-12727.599609375,-6360.14990234375,-400000.0625,-18810.80078125,-400000.0625,-5124.759765625,-400000.0625
271.98696780204773,-400000.0625,-12717.33984375,-6350.18017578125,-400000.0625,-18808.220703125,-400000.0625,-5122.330078125,-400000.0625
272.0069491863251,-400000.0625,-12705.0400390625,-6343.22021484375,-400000.0625,-18803.169921875,-400000.0625,-5115.41015625,-400000.0625
272.0657751560211,-400000.0625,-12691.0703125,-6332.97021484375,-400000.0625,-18796.6796875,-400000.0625,-5107.97998046875,-400000.0625
272.08673644065857,-400000.0625,-12690.5498046875,-6332.10986328125,-400000.0625,-18793.970703125,-400000.0625,-5106.5,-400000.0625
272.1174123287201,-400000.0625,-12701.1298828125,-6340.60009765625,-400000.0625,-18798.9296875,-400000.0625,-5114.83984375,-400000.0625
272.168333530426,-400000.0625,-12702.6103515625,-6346.509765625,-400000.0625,-18801.7890625,-400000.0625,-5115.83984375,-400000.0625
272.1922855377197,-400000.0625,-12694.8798828125,-6339.93017578125,-400000.0625,-18804.41015625,-400000.0625,-5108.06982421875,-400000.0625
272.2065279483795,-400000.0625,-12685.1103515625,-6330.81982421875,-400000.0625,-18801.880859375,-400000.0625,-5102.25,-400000.0625
272.22886300086975,-400000.0625,-12689.0703125,-6334.97021484375,-400000.0625,-18804.169921875,-400000.0625,-5107.68994140625,-400000.0625
272.2873556613922,-400000.0625,-12696.3603515625,-6339.7900390625,-400000.0625,-18809.990234375,-400000.0625,-5110.64990234375,-400000.0625
272.30582070350647,-400000.0625,-12697.75,-6335.740234375,-400000.0625,-18808.69921875,-400000.0625,-5106.259765625,-400000.0625
272.32762598991394,-400000.0625,-12684.0595703125,-6324.6298828125,-400000.0625,-18795.830078125,-400000.0625,-5092.6201171875,-400000.0625
272.3533384799957,-400000.0625,-12682.73046875,-6328.06005859375,-400000.0625,-18798.5390625,-400000.0625,-5098.009765625,-400000.0625
272.4115505218506,-400000.0625,-12689.349609375,-6331.8701171875,-400000.0625,-18802.5,-400000.0625,-5105.68994140625,-400000.0625
272.4324748516083,-400000.0625,-12694.0703125,-6334.8798828125,-400000.0625,-18808.41015625,-400000.0625,-5116.7998046875,-400000.0625
272.452401638031,-400000.0625,-12706.2802734375,-6343.509765625,-400000.0625,-18815.5703125,-400000.0625,-5125.3798828125,-400000.0625
272.47709226608276,-400000.0625,-12696.2197265625,-6340.83984375,-400000.0625,-18811.470703125,-400000.0625,-5111.93017578125,-400000.0625
272.5369939804077,-400000.0625,-12679.3896484375,-6326.580078125,-400000.0625,-18797.109375,-400000.0625,-5101.35009765625,-400000.0625
272.56756567955017,-400000.0625,-12675.48046875,-6323.10009765625,-400000.0625,-18792.73046875,-400000.0625,-5099.25,-400000.0625
272.5860984325409,-400000.0625,-12687.400390625,-6331.490234375,-400000.0625,-18806.41015625,-400000.0625,-5108.02001953125,-400000.0625
272.64280223846436,-400000.0625,-12697.3603515625,-6339.8798828125,-400000.0625,-18815.08984375,-400000.0625,-5118.18017578125,-400000.0625
272.6637907028198,-400000.0625,-12695.98046875,-6335.77978515625,-400000.0625,-18808.650390625,-400000.0625,-5112.60009765625,-400000.0625
272.6808412075043,-400000.0625,-12683.349609375,-6324.580078125,-400000.0625,-18801.689453125,-400000.0625,-5103.4501953125,-400000.0625
272.6983754634857,-400000.0625,-12680.2001953125,-6321.2900390625,-400000.0625,-18795.060546875,-400000.0625,-5110.83984375,-400000.0625
272.78079104423523,-400000.0625,-12699.75,-6333.68994140625,-400000.0625,-18806.029296875,-400000.0625,-5121.56982421875,-400000.0625
272.79679560661316,-400000.0625,-12707.51953125,-6342.080078125,-400000.0625,-18816.189453125,-400000.0625,-5130.240234375,-400000.0625
272.81790709495544,-400000.0625,-12691.01953125,-6326.490234375,-400000.0625,-18803.689453125,-400000.0625,-5121.08984375,-400000.0625
272.8813350200653,-400000.0625,-12682.76953125,-6319.43017578125,-400000.0625,-18800.58984375,-400000.0625,-5109.740234375,-400000.0625
272.8988080024719,-400000.0625,-12685.919921875,-6321.2900390625,-400000.0625,-18799.779296875,-400000.0625,-5098.9599609375,-400000.0625
272.9178133010864,-400000.0625,-12698.1796875,-6335.77978515625,-400000.0625,-18810.80078125,-400000.0625,-5116.64990234375,-400000.0625
272.941180229187,-400000.0625,-12695.650390625,-6334.16015625,-400000.0625,-18809.4609375,-400000.0625,-5118.89990234375,-400000.0625
272.9997236728668,-400000.0625,-12678.4296875,-6318.759765625,-400000.0625,-18799.9296875,-400000.0625,-5099.009765625,-400000.0625
273.02184891700745,-400000.0625,-12674.6201171875,-6310.3701171875,-400000.0625,-18794.73046875,-400000.0625,-5099.10986328125,-400000.0625
273.0331597328186,-400000.0625,-12674.1396484375,-6312.18017578125,-400000.0625,-18792.869140625,-400000.0625,-5110.31005859375,-400000.0625
273.0600438117981,-400000.0625,-12681.099609375,-6316.0,-400000.0625,-18796.109375,-400000.0625,-5122.759765625,-400000.0625
273.1164519786835,-400000.0625,-12699.650390625,-6326.77001953125,-400000.0625,-18806.220703125,-400000.0625,-5129.18994140625,-400000.0625
273.1340675354004,-400000.0625,-12698.26953125,-6325.33984375,-400000.0625,-18805.98046875,-400000.0625,-5117.93994140625,-400000.0625
273.1541051864624,-400000.0625,-12682.33984375,-6315.52001953125,-400000.0625,-18798.58984375,-400000.0625,-5101.72998046875,-400000.0625
273.16816091537476,-400000.0625,-12678.6201171875,-6313.75,-400000.0625,-18795.439453125,-400000.0625,-5098.77001953125,-400000.0625
273.24760484695435,-400000.0625,-12689.7802734375,-6322.72021484375,-400000.0625,-18801.259765625,-400000.0625,-5116.27001953125,-400000.0625
273.2736222743988,-400000.0625,-12693.7900390625,-6322.9599609375,-400000.0625,-18807.599609375,-400000.0625,-5122.27978515625,-400000.0625
273.33064246177673,-400000.0625,-12678.0498046875,-6306.97998046875,-400000.0625,-18792.5390625,-400000.0625,-5106.06982421875,-400000.0625
273.352730512619,-400000.0625,-12668.23046875,-6300.5498046875,-400000.0625,-18792.25,-400000.0625,-5100.009765625,-400000.0625
273.3855950832367,-400000.0625,-12671.51953125,-6303.41015625,-400000.0625,-18799.0703125,-400000.0625,-5104.490234375,-400000.0625
273.4519257545471,-400000.0625,-12691.7900390625,-6317.66015625,-400000.0625,-18810.1796875,-400000.0625,-5125.43017578125,-400000.0625
273.4803366661072,-400000.0625,-12695.0302734375,-6320.6201171875,-400000.0625,-18807.4609375,-400000.0625,-5130.009765625,-400000.0625
273.5024802684784,-400000.0625,-12676.0498046875,-6305.740234375,-400000.0625,-18794.73046875,-400000.0625,-5112.31005859375,-400000.0625
273.5533244609833,-400000.0625,-12659.2197265625,-6290.8701171875,-400000.0625,-18781.0,-400000.0625,-5099.72998046875,-400000.0625
273.57735991477966,-400000.0625,-12665.419921875,-6297.77978515625,-400000.0625,-18788.859375,-400000.0625,-5109.35986328125,-400000.0625
273.5911638736725,-400000.0625,-12691.9296875,-6315.419921875,-400000.0625,-18810.69921875,-400000.0625,-5133.490234375,-400000.0625
273.61399841308594,-400000.0625,-12696.2197265625,-6322.72021484375,-400000.0625,-18813.7109375,-400000.0625,-5141.5,-400000.0625
273.66588950157166,-400000.0625,-12677.8603515625,-6308.83984375,-400000.0625,-18797.58984375,-400000.0625,-5130.10009765625,-400000.0625
273.6910021305084,-400000.0625,-12664.2197265625,-6294.2001953125,-400000.0625,-18785.669921875,-400000.0625,-5119.60986328125,-400000.0625
273.7197046279907,-400000.0625,-12670.6103515625,-6300.35009765625,-400000.0625,-18794.16015625,-400000.0625,-5127.52978515625,-400000.0625
273.7944107055664,-400000.0625,-12683.73046875,-6309.1298828125,-400000.0625,-18801.259765625,-400000.0625,-5142.93017578125,-400000.0625
273.81548953056335,-400000.0625,-12686.6396484375,-6308.1298828125,-400000.0625,-18800.01953125,-400000.0625,-5146.740234375,-400000.0625
273.83503556251526,-400000.0625,-12669.5595703125,-6293.68017578125,-400000.0625,-18787.669921875,-400000.0625,-5132.490234375,-400000.0625
273.8907907009125,-400000.0625,-12658.41015625,-6281.22998046875,-400000.0625,-18781.470703125,-400000.0625,-5120.330078125,-400000.0625
273.91155886650085,-400000.0625,-12670.6103515625,-6293.14990234375,-400000.0625,-18794.5390625,-400000.0625,-5132.2900390625,-400000.0625
273.9324083328247,-400000.0625,-12691.9296875,-6313.93994140625,-400000.0625,-18812.560546875,-400000.0625,-5160.56982421875,-400000.0625
273.9428074359894,-400000.0625,-12683.919921875,-6305.31005859375,-400000.0625,-18804.310546875,-400000.0625,-5158.7099609375,-400000.0625
273.99401116371155,-400000.0625,-12664.41015625,-6286.47998046875,-400000.0625,-18791.19921875,-400000.0625,-5140.02001953125,-400000.0625
274.01374983787537,-400000.0625,-12661.650390625,-6285.81005859375,-400000.0625,-18789.720703125,-400000.0625,-5138.35009765625,-400000.0625
274.0352427959442,-400000.0625,-12666.990234375,-6290.77001953125,-400000.0625,-18791.529296875,-400000.0625,-5143.93017578125,-400000.0625
274.0518317222595,-400000.0625,-12680.0595703125,-6298.35009765625,-400000.0625,-18802.599609375,-400000.0625,-5161.3798828125,-400000.0625
274.1089482307434,-400000.0625,-12694.4599609375,-6306.7001953125,-400000.0625,-18817.619140625,-400000.0625,-5168.2001953125,-400000.0625
274.1237051486969,-400000.0625,-12673.759765625,-6290.43994140625,-400000.0625,-18806.7890625,-400000.0625,-5155.75,-400000.0625
274.15033411979675,-400000.0625,-12656.6396484375,-6279.0400390625,-400000.0625,-18791.8203125,-400000.0625,-5138.10986328125,-400000.0625
274.17517614364624,-400000.0625,-12655.740234375,-6276.990234375,-400000.0625,-18785.4296875,-400000.0625,-5137.8701171875,-400000.0625
274.2389132976532,-400000.0625,-12666.419921875,-6288.9599609375,-400000.0625,-18795.349609375,-400000.0625,-5156.08984375,-400000.0625
274.26001238822937,-400000.0625,-12673.330078125,-6300.97021484375,-400000.0625,-18801.599609375,-400000.0625,-5169.72998046875,-400000.0625
274.2826132774353,-400000.0625,-12668.5595703125,-6294.5400390625,-400000.0625,-18804.650390625,-400000.0625,-5161.72021484375,-400000.0625
274.3361837863922,-400000.0625,-12662.98046875,-6285.0498046875,-400000.0625,-18801.0703125,-400000.0625,-5149.93994140625,-400000.0625
274.3598117828369,-400000.0625,-12664.080078125,-6281.22998046875,-400000.0625,-18803.55078125,-400000.0625,-5145.83984375,-400000.0625
274.3746569156647,-400000.0625,-12672.0400390625,-6291.490234375,-400000.0625,-18810.80078125,-400000.0625,-5156.0400390625,-400000.0625
274.39835119247437,-400000.0625,-12679.5302734375,-6306.740234375,-400000.0625,-18819.619140625,-400000.0625,-5162.759765625,-400000.0625
274.45672702789307,-400000.0625,-12664.41015625,-6291.8701171875,-400000.0625,-18809.369140625,-400000.0625,-5146.89013671875,-400000.0625
274.47578501701355,-400000.0625,-12643.669921875,-6275.1298828125,-400000.0625,-18795.830078125,-400000.0625,-5130.240234375,-400000.0625
274.50939869880676,-400000.0625,-12633.330078125,-6268.97998046875,-400000.0625,-18789.33984375,-400000.0625,-5130.9599609375,-400000.0625
274.57390427589417,-400000.0625,-12639.0,-6274.75,-400000.0625,-18797.919921875,-400000.0625,-5136.58984375,-400000.0625
274.591805934906,-400000.0625,-12636.0400390625,-6280.66015625,-400000.0625,-18801.55078125,-400000.0625,-5140.10986328125,-400000.0625
274.62188267707825,-400000.0625,-12621.5,-6269.4599609375,-400000.0625,-18789.099609375,-400000.0625,-5134.2001953125,-400000.0625
274.6949155330658,-400000.0625,-12622.3095703125,-6261.830078125,-400000.0625,-18781.470703125,-400000.0625,-5124.81005859375,-400000.0625
274.71907019615173,-400000.0625,-12629.1298828125,-6265.93017578125,-400000.0625,-18784.669921875,-400000.0625,-5128.72021484375,-400000.0625
274.7559497356415,-400000.0625,-12645.6796875,-6281.6201171875,-400000.0625,-18799.5,-400000.0625,-5150.080078125,-400000.0625
274.8295011520386,-400000.0625,-12655.400390625,-6284.81005859375,-400000.0625,-18805.98046875,-400000.0625,-5151.7998046875,-400000.0625
274.8516345024109,-400000.0625,-12639.5703125,-6276.56005859375,-400000.0625,-18804.119140625,-400000.0625,-5139.919921875,-400000.0625
274.8765118122101,-400000.0625,-12629.2197265625,-6263.68994140625,-400000.0625,-18795.349609375,-400000.0625,-5125.330078125,-400000.0625
274.9454734325409,-400000.0625,-12633.849609375,-6266.97998046875,-400000.0625,-18795.109375,-400000.0625,-5124.43017578125,-400000.0625
274.9669358730316,-400000.0625,-12646.25,-6277.18017578125,-400000.0625,-18806.560546875,-400000.0625,-5142.64013671875,-400000.0625
274.9888370037079,-400000.0625,-12660.83984375,-6291.2900390625,-400000.0625,-18812.7109375,-400000.0625,-5150.7998046875,-400000.0625
275.0506863594055,-400000.0625,-12651.400390625,-6282.9501953125,-400000.0625,-18802.169921875,-400000.0625,-5142.2099609375,-400000.0625
275.0692970752716,-400000.0625,-12627.0302734375,-6260.58984375,-400000.0625,-18781.140625,-400000.0625,-5121.990234375,-400000.0625
275.09397077560425,-400000.0625,-12625.41015625,-6258.5400390625,-400000.0625,-18780.5703125,-400000.0625,-5124.759765625,-400000.0625
275.16049695014954,-400000.0625,-12647.919921875,-6276.31982421875,-400000.0625,-18799.310546875,-400000.0625,-5140.72998046875,-400000.0625
275.1765606403351,-400000.0625,-12657.7900390625,-6287.0,-400000.0625,-18807.4609375,-400000.0625,-5145.259765625,-400000.0625
275.20063519477844,-400000.0625,-12651.9697265625,-6277.3701171875,-400000.0625,-18797.2109375,-400000.0625,-5128.81005859375,-400000.0625
275.26791405677795,-400000.0625,-12644.8603515625,-6272.02978515625,-400000.0625,-18793.30078125,-400000.0625,-5124.89990234375,-400000.0625
275.2944293022156,-400000.0625,-12654.58984375,-6277.60986328125,-400000.0625,-18799.119140625,-400000.0625,-5132.8701171875,-400000.0625
275.31935119628906,-400000.0625,-12650.5400390625,-6272.31982421875,-400000.0625,-18789.76953125,-400000.0625,-5131.91015625,-400000.0625
275.39269971847534,-400000.0625,-12659.740234375,-6281.9501953125,-400000.0625,-18798.880859375,-400000.0625,-5143.64013671875,-400000.0625
275.40486097335815,-400000.0625,-12655.7802734375,-6280.08984375,-400000.0625,-18798.880859375,-400000.0625,-5145.64990234375,-400000.0625
275.42956829071045,-400000.0625,-12655.5498046875,-6275.1298828125,-400000.0625,-18792.439453125,-400000.0625,-5132.33984375,-400000.0625
275.49342608451843,-400000.0625,-12660.9296875,-6281.419921875,-400000.0625,-18793.630859375,-400000.0625,-5131.43994140625,-400000.0625
275.5121512413025,-400000.0625,-12664.509765625,-6287.580078125,-400000.0625,-18797.640625,-400000.0625,-5143.7900390625,-400000.0625
275.54193115234375,-400000.0625,-12671.51953125,-6292.2001953125,-400000.0625,-18799.640625,-400000.0625,-5145.7900390625,-400000.0625
275.60972833633423,-400000.0625,-12662.4599609375,-6279.66015625,-400000.0625,-18788.2890625,-400000.0625,-5131.33984375,-400000.0625
275.6278467178345,-400000.0625,-12652.0595703125,-6273.83984375,-400000.0625,-18782.330078125,-400000.0625,-5122.85009765625,-400000.0625
275.65336513519287,-400000.0625,-12642.580078125,-6272.509765625,-400000.0625,-18780.330078125,-400000.0625,-5121.14013671875,-400000.0625
275.74383330345154,-400000.0625,-12650.58984375,-6273.93994140625,-400000.0625,-18784.0,-400000.0625,-5124.89990234375,-400000.0625
275.7730212211609,-400000.0625,-12675.3798828125,-6292.919921875,-400000.0625,-18803.689453125,-400000.0625,-5137.25,-400000.0625
275.8415877819061,-400000.0625,-12677.099609375,-6293.77001953125,-400000.0625,-18801.740234375,-400000.0625,-5137.39990234375,-400000.0625
275.8586685657501,-400000.0625,-12666.3203125,-6283.85986328125,-400000.0625,-18792.25,-400000.0625,-5128.240234375,-400000.0625
275.8787808418274,-400000.0625,-12656.3603515625,-6277.990234375,-400000.0625,-18790.8203125,-400000.0625,-5128.56982421875,-400000.0625
275.9495892524719,-400000.0625,-12671.849609375,-6290.25,-400000.0625,-18799.310546875,-400000.0625,-5141.31005859375,-400000.0625
275.9701623916626,-400000.0625,-12679.2001953125,-6297.77978515625,-400000.0625,-18803.4609375,-400000.0625,-5144.68994140625,-400000.0625
275.986398935318,-400000.0625,-12673.0,-6290.77001953125,-400000.0625,-18798.830078125,-400000.0625,-5132.72021484375,-400000.0625
276.05026173591614,-400000.0625,-12662.080078125,-6278.56005859375,-400000.0625,-18787.619140625,-400000.0625,-5121.7998046875,-400000.0625
276.06506299972534,-400000.0625,-12667.990234375,-6285.669921875,-400000.0625,-18795.779296875,-400000.0625,-5127.240234375,-400000.0625
276.08871936798096,-400000.0625,-12682.009765625,-6296.97021484375,-400000.0625,-18804.740234375,-400000.0625,-5137.16015625,-400000.0625
276.14436888694763,-400000.0625,-12683.580078125,-6297.919921875,-400000.0625,-18799.349609375,-400000.0625,-5140.64013671875,-400000.0625
276.1690237522125,-400000.0625,-12670.9501953125,-6288.39013671875,-400000.0625,-18792.109375,-400000.0625,-5121.66015625,-400000.0625
276.1936867237091,-400000.0625,-12657.1201171875,-6278.08984375,-400000.0625,-18782.470703125,-400000.0625,-5113.97998046875,-400000.0625
276.2528853416443,-400000.0625,-12679.0498046875,-6294.009765625,-400000.0625,-18795.779296875,-400000.0625,-5128.43017578125,-400000.0625
276.2741165161133,-400000.0625,-12691.7900390625,-6306.93994140625,-400000.0625,-18809.080078125,-400000.0625,-5142.64013671875,-400000.0625
276.3063187599182,-400000.0625,-12685.9697265625,-6299.06982421875,-400000.0625,-18799.830078125,-400000.0625,-5135.8701171875,-400000.0625
276.4533796310425,-400000.0625,-12681.5302734375,-6298.35009765625,-400000.0625,-18799.01953125,-400000.0625,-5137.25,-400000.0625
276.5156817436218,-400000.0625,-12677.33984375,-6296.5400390625,-400000.0625,-18801.689453125,-400000.0625,-5131.25,-400000.0625
276.53551054000854,-400000.0625,-12687.5400390625,-6300.740234375,-400000.0625,-18802.169921875,-400000.0625,-5130.9599609375,-400000.0625
276.5662271976471,-400000.0625,-12694.8798828125,-6302.7900390625,-400000.0625,-18805.55078125,-400000.0625,-5143.4501953125,-400000.0625
276.6623525619507,-400000.0625,-12690.6396484375,-6301.740234375,-400000.0625,-18799.9296875,-400000.0625,-5143.2099609375,-400000.0625
276.687237739563,-400000.0625,-12673.1396484375,-6294.77978515625,-400000.0625,-18789.48046875,-400000.0625,-5136.68017578125,-400000.0625
276.77722001075745,-400000.0625,-12668.419921875,-6292.14990234375,-400000.0625,-18788.439453125,-400000.0625,-5127.43017578125,-400000.0625
276.8263268470764,-400000.0625,-12667.419921875,-6287.14990234375,-400000.0625,-18787.150390625,-400000.0625,-5125.9501953125,-400000.0625
276.88981342315674,-400000.0625,-12688.4501953125,-6302.31005859375,-400000.0625,-18797.0703125,-400000.0625,-5137.6298828125,-400000.0625
276.923761844635,-400000.0625,-12701.7998046875,-6310.990234375,-400000.0625,-18804.650390625,-400000.0625,-5140.39990234375,-400000.0625
276.94420170783997,-400000.0625,-12676.4296875,-6289.52978515625,-400000.0625,-18791.490234375,-400000.0625,-5131.39013671875,-400000.0625
277.0224287509918,-400000.0625,-12671.900390625,-6286.91015625,-400000.0625,-18786.9609375,-400000.0625,-5128.10009765625,-400000.0625
277.0733892917633,-400000.0625,-12682.490234375,-6294.77978515625,-400000.0625,-18793.060546875,-400000.0625,-5133.68017578125,-400000.0625
277.1435453891754,-400000.0625,-12686.5400390625,-6300.31005859375,-400000.0625,-18799.55078125,-400000.0625,-5145.64990234375,-400000.0625
277.17386269569397,-400000.0625,-12691.0703125,-6306.5498046875,-400000.0625,-18803.55078125,-400000.0625,-5150.75,-400000.0625
277.2332625389099,-400000.0625,-12690.58984375,-6301.97998046875,-400000.0625,-18799.830078125,-400000.0625,-5139.97021484375,-400000.0625
277.25970363616943,-400000.0625,-12683.009765625,-6293.97021484375,-400000.0625,-18793.060546875,-400000.0625,-5123.43017578125,-400000.0625
277.2860355377197,-400000.0625,-12677.2900390625,-6292.39013671875,-400000.0625,-18787.76953125,-400000.0625,-5121.89990234375,-400000.0625
277.35018038749695,-400000.0625,-12680.580078125,-6293.72998046875,-400000.0625,-18789.390625,-400000.0625,-5125.3798828125,-400000.0625
277.3724482059479,-400000.0625,-12692.9296875,-6306.60009765625,-400000.0625,-18801.310546875,-400000.0625,-5143.97998046875,-400000.0625
277.3961958885193,-400000.0625,-12681.33984375,-6297.2998046875,-400000.0625,-18793.779296875,-400000.0625,-5134.580078125,-400000.0625
277.4619474411011,-400000.0625,-12668.900390625,-6283.43017578125,-400000.0625,-18787.529296875,-400000.0625,-5122.14013671875,-400000.0625
277.47598457336426,-400000.0625,-12681.76953125,-6296.68017578125,-400000.0625,-18794.16015625,-400000.0625,-5134.25,-400000.0625
277.48737120628357,-400000.0625,-12697.509765625,-6314.14013671875,-400000.0625,-18805.650390625,-400000.0625,-5147.27001953125,-400000.0625
277.49908351898193,-400000.0625,-12702.08984375,-6318.14013671875,-400000.0625,-18810.849609375,-400000.0625,-5149.93994140625,-400000.0625
277.53178882598877,-400000.0625,-12684.919921875,-6299.8798828125,-400000.0625,-18797.2109375,-400000.0625,-5133.43994140625,-400000.0625
277.55194187164307,-400000.0625,-12662.3603515625,-6282.27978515625,-400000.0625,-18777.08984375,-400000.0625,-5118.7001953125,-400000.0625
277.56158995628357,-400000.0625,-12683.1103515625,-6299.4501953125,-400000.0625,-18790.390625,-400000.0625,-5135.35009765625,-400000.0625
277.57601594924927,-400000.0625,-12699.75,-6311.60986328125,-400000.0625,-18804.41015625,-400000.0625,-5147.97998046875,-400000.0625
277.5869092941284,-400000.0625,-12694.7900390625,-6305.41015625,-400000.0625,-18804.029296875,-400000.0625,-5145.02978515625,-400000.0625
277.59631848335266,-400000.0625,-12680.5302734375,-6293.6298828125,-400000.0625,-18792.5390625,-400000.0625,-5125.9501953125,-400000.0625
277.6090247631073,-400000.0625,-12663.3701171875,-6281.56982421875,-400000.0625,-18779.66015625,-400000.0625,-5116.60986328125,-400000.0625
277.6419894695282,-400000.0625,-12680.33984375,-6296.10986328125,-400000.0625,-18791.490234375,-400000.0625,-5126.0,-400000.0625
277.6552987098694,-400000.0625,-12694.3095703125,-6307.5498046875,-400000.0625,-18802.689453125,-400000.0625,-5142.740234375,-400000.0625
277.6642801761627,-400000.0625,-12695.169921875,-6300.64013671875,-400000.0625,-18794.25,-400000.0625,-5137.35009765625,-400000.0625
277.6762943267822,-400000.0625,-12681.4404296875,-6295.06005859375,-400000.0625,-18793.16015625,-400000.0625,-5128.52978515625,-400000.0625
277.6919012069702,-400000.0625,-12666.8896484375,-6287.47998046875,-400000.0625,-18789.580078125,-400000.0625,-5121.7099609375,-400000.0625
277.7031273841858,-400000.0625,-12684.8203125,-6295.77978515625,-400000.0625,-18798.2109375,-400000.0625,-5134.72998046875,-400000.0625
277.7157256603241,-400000.0625,-12700.849609375,-6307.97998046875,-400000.0625,-18807.599609375,-400000.0625,-5150.7001953125,-400000.0625
277.7623372077942,-400000.0625,-12693.9296875,-6308.31982421875,-400000.0625,-18807.029296875,-400000.0625,-5153.75,-400000.0625
277.77498292922974,-400000.0625,-12676.8095703125,-6290.14990234375,-400000.0625,-18792.439453125,-400000.0625,-5134.77001953125,-400000.0625
277.7859423160553,-400000.0625,-12663.8896484375,-6272.22021484375,-400000.0625,-18779.140625,-400000.0625,-5115.7001953125,-400000.0625
277.79898858070374,-400000.0625,-12666.080078125,-6276.7998046875,-400000.0625,-18779.7109375,-400000.0625,-5122.3798828125,-400000.0625
277.811758518219,-400000.0625,-12682.6298828125,-6299.02001953125,-400000.0625,-18791.76953125,-400000.0625,-5143.259765625,-400000.0625
277.82206749916077,-400000.0625,-12695.0302734375,-6306.4599609375,-400000.0625,-18803.310546875,-400000.0625,-5147.7001953125,-400000.0625
277.85621452331543,-400000.0625,-12683.919921875,-6294.5400390625,-400000.0625,-18796.109375,-400000.0625,-5135.2998046875,-400000.0625
277.8657078742981,-400000.0625,-12667.5595703125,-6285.0,-400000.0625,-18790.2890625,-400000.0625,-5126.52001953125,-400000.0625
277.87731885910034,-400000.0625,-12666.75,-6277.419921875,-400000.0625,-18780.759765625,-400000.0625,-5122.27978515625,-400000.0625
277.88710141181946,-400000.0625,-12671.7099609375,-6278.1298828125,-400000.0625,-18778.7109375,-400000.0625,-5133.14990234375,-400000.0625
277.89587569236755,-400000.0625,-12683.9697265625,-6291.25,-400000.0625,-18790.580078125,-400000.0625,-5145.1201171875,-400000.0625
277.90693283081055,-400000.0625,-12688.73046875,-6299.4501953125,-400000.0625,-18792.25,-400000.0625,-5146.7900390625,-400000.0625
277.9178853034973,-400000.0625,-12679.2001953125,-6290.9599609375,-400000.0625,-18785.240234375,-400000.0625,-5132.8701171875,-400000.0625
277.9268867969513,-400000.0625,-12698.3203125,-6302.41015625,-400000.0625,-18799.01953125,-400000.0625,-5141.830078125,-400000.0625
277.95999217033386,-400000.0625,-12706.3798828125,-6310.56005859375,-400000.0625,-18805.55078125,-400000.0625,-5153.60986328125,-400000.0625
277.97057938575745,-400000.0625,-12696.7001953125,-6300.16015625,-400000.0625,-18793.109375,-400000.0625,-5144.259765625,-400000.0625
277.98399472236633,-400000.0625,-12683.73046875,-6289.43994140625,-400000.0625,-18791.76953125,-400000.0625,-5133.10009765625,-400000.0625
277.992956161499,-400000.0625,-12667.75,-6276.509765625,-400000.0625,-18780.94921875,-400000.0625,-5117.7001953125,-400000.0625
278.00658082962036,-400000.0625,-12678.3896484375,-6283.240234375,-400000.0625,-18782.08984375,-400000.0625,-5125.56982421875,-400000.0625
278.04318475723267,-400000.0625,-12707.2802734375,-6309.4599609375,-400000.0625,-18809.130859375,-400000.0625,-5153.93994140625,-400000.0625
278.0970022678375,-400000.0625,-12712.099609375,-6309.75,-400000.0625,-18808.1796875,-400000.0625,-5154.89990234375,-400000.0625
278.1227614879608,-400000.0625,-12691.2099609375,-6290.10009765625,-400000.0625,-18788.91015625,-400000.0625,-5133.580078125,-400000.0625
278.1552040576935,-400000.0625,-12669.419921875,-6276.75,-400000.0625,-18777.419921875,-400000.0625,-5116.18017578125,-400000.0625
278.2171664237976,-400000.0625,-12685.8701171875,-6284.2900390625,-400000.0625,-18785.619140625,-400000.0625,-5127.14013671875,-400000.0625
278.2367579936981,-400000.0625,-12701.23046875,-6301.7900390625,-400000.0625,-18798.349609375,-400000.0625,-5147.60009765625,-400000.0625
278.2600178718567,-400000.0625,-12698.7900390625,-6296.58984375,-400000.0625,-18794.630859375,-400000.0625,-5139.2998046875,-400000.0625
278.32293009757996,-400000.0625,-12689.8798828125,-6290.91015625,-400000.0625,-18790.099609375,-400000.0625,-5130.33984375,-400000.0625
278.3521809577942,-400000.0625,-12684.25,-6289.81982421875,-400000.0625,-18794.779296875,-400000.0625,-5131.52978515625,-400000.0625
278.37460589408875,-400000.0625,-12698.9404296875,-6297.64013671875,-400000.0625,-18799.01953125,-400000.0625,-5131.669921875,-400000.0625
278.42806124687195,-400000.0625,-12716.009765625,-6306.22021484375,-400000.0625,-18813.80078125,-400000.0625,-5144.60009765625,-400000.0625
278.44980788230896,-400000.0625,-12716.580078125,-6309.509765625,-400000.0625,-18814.470703125,-400000.0625,-5151.83984375,-400000.0625
278.46540665626526,-400000.0625,-12690.9697265625,-6289.009765625,-400000.0625,-18790.439453125,-400000.0625,-5133.52978515625,-400000.0625
278.4889163970947,-400000.0625,-12670.5703125,-6267.64013671875,-400000.0625,-18770.55078125,-400000.0625,-5109.740234375,-400000.0625
278.5338394641876,-400000.0625,-12684.9697265625,-6280.7099609375,-400000.0625,-18781.94921875,-400000.0625,-5121.419921875,-400000.0625
278.54731941223145,-400000.0625,-12711.240234375,-6303.5,-400000.0625,-18804.83984375,-400000.0625,-5149.169921875,-400000.0625
278.5588757991791,-400000.0625,-12714.669921875,-6302.64013671875,-400000.0625,-18812.75,-400000.0625,-5150.41015625,-400000.0625
278.57327461242676,-400000.0625,-12705.900390625,-6293.72998046875,-400000.0625,-18802.259765625,-400000.0625,-5137.43994140625,-400000.0625
278.58449935913086,-400000.0625,-12689.6396484375,-6281.08984375,-400000.0625,-18789.099609375,-400000.0625,-5122.7099609375,-400000.0625
278.59315037727356,-400000.0625,-12679.76953125,-6273.1298828125,-400000.0625,-18778.66015625,-400000.0625,-5119.3701171875,-400000.0625
278.6261842250824,-400000.0625,-12698.3203125,-6285.72021484375,-400000.0625,-18792.390625,-400000.0625,-5133.33984375,-400000.0625
278.6384446620941,-400000.0625,-12712.669921875,-6299.77978515625,-400000.0625,-18805.650390625,-400000.0625,-5142.39990234375,-400000.0625
278.6488268375397,-400000.0625,-12708.3798828125,-6298.259765625,-400000.0625,-18798.73046875,-400000.0625,-5136.6298828125,-400000.0625
278.6577105522156,-400000.0625,-12697.599609375,-6291.580078125,-400000.0625,-18793.919921875,-400000.0625,-5129.52978515625,-400000.0625
278.66979908943176,-400000.0625,-12697.169921875,-6285.91015625,-400000.0625,-18800.7890625,-400000.0625,-5132.77001953125,-400000.0625
278.6797466278076,-400000.0625,-12701.419921875,-6286.10009765625,-400000.0625,-18800.259765625,-400000.0625,-5137.06005859375,-400000.0625
278.6885025501251,-400000.0625,-12699.8896484375,-6284.52001953125,-400000.0625,-18793.779296875,-400000.0625,-5130.580078125,-400000.0625
278.6985447406769,-400000.0625,-12685.009765625,-6272.22021484375,-400000.0625,-18780.470703125,-400000.0625,-5121.14013671875,-400000.0625
278.7308180332184,-400000.0625,-12667.7099609375,-6260.68017578125,-400000.0625,-18776.3203125,-400000.0625,-5105.830078125,-400000.0625
278.74538803100586,-400000.0625,-12686.58984375,-6274.93994140625,-400000.0625,-18787.099609375,-400000.0625,-5123.56982421875,-400000.0625
278.7685134410858,-400000.0625,-12710.0498046875,-6296.5400390625,-400000.0625,-18802.119140625,-400000.0625,-5144.41015625,-400000.0625
278.7857928276062,-400000.0625,-12716.8203125,-6306.1201171875,-400000.0625,-18806.75,-400000.0625,-5151.93994140625,-400000.0625
278.7957134246826,-400000.0625,-12702.7998046875,-6291.91015625,-400000.0625,-18798.58984375,-400000.0625,-5135.580078125,-400000.0625
278.8075530529022,-400000.0625,-12684.1103515625,-6277.08984375,-400000.0625,-18787.099609375,-400000.0625,-5113.1298828125,-400000.0625
278.83867049217224,-400000.0625,-12677.2900390625,-6271.89013671875,-400000.0625,-18779.66015625,-400000.0625,-5114.22021484375,-400000.0625
278.8509683609009,-400000.0625,-12691.1201171875,-6283.0498046875,-400000.0625,-18789.580078125,-400000.0625,-5132.81982421875,-400000.0625
278.86124181747437,-400000.0625,-12708.51953125,-6296.68017578125,-400000.0625,-18804.4609375,-400000.0625,-5140.830078125,-400000.0625
278.8745753765106,-400000.0625,-12692.5498046875,-6282.66015625,-400000.0625,-18787.099609375,-400000.0625,-5126.6201171875,-400000.0625
278.88469195365906,-400000.0625,-12688.5,-6280.47021484375,-400000.0625,-18787.669921875,-400000.0625,-5122.52001953125,-400000.0625
278.8936746120453,-400000.0625,-12699.4599609375,-6289.91015625,-400000.0625,-18795.779296875,-400000.0625,-5132.91015625,-400000.0625
278.9040379524231,-400000.0625,-12704.9501953125,-6295.2001953125,-400000.0625,-18797.400390625,-400000.0625,-5138.97021484375,-400000.0625
278.914870262146,-400000.0625,-12707.4697265625,-6292.14990234375,-400000.0625,-18799.16015625,-400000.0625,-5136.77978515625,-400000.0625
278.9415738582611,-400000.0625,-12694.8798828125,-6279.18017578125,-400000.0625,-18788.859375,-400000.0625,-5126.9501953125,-400000.0625
278.95149421691895,-400000.0625,-12684.2998046875,-6274.64990234375,-400000.0625,-18785.5703125,-400000.0625,-5119.0400390625,-400000.0625
278.96045541763306,-400000.0625,-12689.740234375,-6281.22998046875,-400000.0625,-18790.060546875,-400000.0625,-5124.89990234375,-400000.0625
278.97281885147095,-400000.0625,-12713.6201171875,-6300.16015625,-400000.0625,-18804.740234375,-400000.0625,-5146.27001953125,-400000.0625
278.98358392715454,-400000.0625,-12709.6201171875,-6293.39013671875,-400000.0625,-18797.5,-400000.0625,-5142.93017578125,-400000.0625
278.9928786754608,-400000.0625,-12688.1103515625,-6274.02978515625,-400000.0625,-18781.330078125,-400000.0625,-5125.18994140625,-400000.0625
279.00321316719055,-400000.0625,-12682.3896484375,-6268.4501953125,-400000.0625,-18777.75,-400000.0625,-5118.47021484375,-400000.0625
279.01833486557007,-400000.0625,-12696.7900390625,-6286.81005859375,-400000.0625,-18787.669921875,-400000.0625,-5132.2900390625,-400000.0625
279.07875180244446,-400000.0625,-12713.0,-6297.39990234375,-400000.0625,-18801.7890625,-400000.0625,-5152.22998046875,-400000.0625
279.0958261489868,-400000.0625,-12712.2900390625,-6291.06005859375,-400000.0625,-18800.2109375,-400000.0625,-5145.7900390625,-400000.0625
279.11821842193604,-400000.0625,-12693.259765625,-6279.08984375,-400000.0625,-18789.529296875,-400000.0625,-5126.330078125,-400000.0625
279.1403751373291,-400000.0625,-12679.2001953125,-6268.31005859375,-400000.0625,-18776.23046875,-400000.0625,-5110.60009765625,-400000.0625
279.1950263977051,-400000.0625,-12697.7001953125,-6281.330078125,-400000.0625,-18789.91015625,-400000.0625,-5126.18994140625,-400000.0625
279.2168200016022,-400000.0625,-12710.6201171875,-6294.68017578125,-400000.0625,-18798.119140625,-400000.0625,-5146.4599609375,-400000.0625
279.23821663856506,-400000.0625,-12709.330078125,-6294.2001953125,-400000.0625,-18798.2109375,-400000.0625,-5145.97998046875,-400000.0625
279.2535357475281,-400000.0625,-12698.0302734375,-6279.7998046875,-400000.0625,-18786.0,-400000.0625,-5127.33984375,-400000.0625
279.30926537513733,-400000.0625,-12689.2099609375,-6270.5498046875,-400000.0625,-18777.900390625,-400000.0625,-5119.7998046875,-400000.0625
279.3250584602356,-400000.0625,-12694.5498046875,-6277.22998046875,-400000.0625,-18782.08984375,-400000.0625,-5127.72021484375,-400000.0625
279.34704971313477,-400000.0625,-12710.5302734375,-6289.2900390625,-400000.0625,-18794.8203125,-400000.0625,-5136.06005859375,-400000.0625
279.38172483444214,-400000.0625,-12714.4404296875,-6290.06005859375,-400000.0625,-18791.8203125,-400000.0625,-5138.58984375,-400000.0625
279.4492440223694,-400000.0625,-12702.08984375,-6280.3798828125,-400000.0625,-18782.4296875,-400000.0625,-5128.240234375,-400000.0625
279.4664692878723,-400000.0625,-12681.6796875,-6265.77978515625,-400000.0625,-18770.3203125,-400000.0625,-5110.60009765625,-400000.0625
279.483562707901,-400000.0625,-12680.25,-6265.5,-400000.0625,-18772.80078125,-400000.0625,-5110.5,-400000.0625
279.535311460495,-400000.0625,-12717.33984375,-6294.25,-400000.0625,-18795.779296875,-400000.0625,-5136.06005859375,-400000.0625
279.55737018585205,-400000.0625,-12729.2197265625,-6306.35986328125,-400000.0625,-18812.369140625,-400000.0625,-5156.60986328125,-400000.0625
279.5769567489624,-400000.0625,-12707.330078125,-6289.33984375,-400000.0625,-18798.5390625,-400000.0625,-5141.68994140625,-400000.0625
279.60358238220215,-400000.0625,-12698.599609375,-6277.7001953125,-400000.0625,-18783.240234375,-400000.0625,-5126.0498046875,-400000.0625
279.6642966270447,-400000.0625,-12703.3701171875,-6281.0,-400000.0625,-18788.150390625,-400000.0625,-5133.25,-400000.0625
279.684109210968,-400000.0625,-12707.8095703125,-6281.85009765625,-400000.0625,-18789.390625,-400000.0625,-5132.68017578125,-400000.0625
279.7091555595398,-400000.0625,-12707.0,-6281.18994140625,-400000.0625,-18784.810546875,-400000.0625,-5127.52978515625,-400000.0625
279.79632592201233,-400000.0625,-12704.7099609375,-6281.3798828125,-400000.0625,-18786.33984375,-400000.0625,-5123.22998046875,-400000.0625
279.81507182121277,-400000.0625,-12696.3203125,-6278.85009765625,-400000.0625,-18786.0,-400000.0625,-5125.08984375,-400000.0625
279.87130069732666,-400000.0625,-12714.5302734375,-6289.669921875,-400000.0625,-18793.8203125,-400000.0625,-5134.919921875,-400000.0625
279.88642954826355,-400000.0625,-12728.259765625,-6298.4501953125,-400000.0625,-18801.640625,-400000.0625,-5144.8798828125,-400000.0625
279.913037776947,-400000.0625,-12715.150390625,-6287.52978515625,-400000.0625,-18795.830078125,-400000.0625,-5140.2099609375,-400000.0625
279.93338775634766,-400000.0625,-12696.2197265625,-6271.5498046875,-400000.0625,-18781.330078125,-400000.0625,-5118.18017578125,-400000.0625
280.0018072128296,-400000.0625,-12698.2197265625,-6274.4599609375,-400000.0625,-18781.240234375,-400000.0625,-5114.27001953125,-400000.0625
280.0189473628998,-400000.0625,-12716.150390625,-6287.2900390625,-400000.0625,-18794.009765625,-400000.0625,-5134.33984375,-400000.0625
280.03372406959534,-400000.0625,-12719.2001953125,-6289.2900390625,-400000.0625,-18801.7890625,-400000.0625,-5138.5400390625,-400000.0625
280.0972726345062,-400000.0625,-12710.240234375,-6279.85009765625,-400000.0625,-18796.01953125,-400000.0625,-5131.47998046875,-400000.0625
280.1120693683624,-400000.0625,-12705.759765625,-6276.7001953125,-400000.0625,-18789.529296875,-400000.0625,-5124.89990234375,-400000.0625
280.1370162963867,-400000.0625,-12700.3203125,-6271.31982421875,-400000.0625,-18785.2890625,-400000.0625,-5119.3701171875,-400000.0625
280.1985626220703,-400000.0625,-12703.4697265625,-6274.1298828125,-400000.0625,-18786.9609375,-400000.0625,-5125.85986328125,-400000.0625
280.2149338722229,-400000.0625,-12722.830078125,-6286.43017578125,-400000.0625,-18798.0703125,-400000.0625,-5137.25,-400000.0625
280.22809410095215,-400000.0625,-12721.919921875,-6285.9501953125,-400000.0625,-18797.109375,-400000.0625,-5136.35009765625,-400000.0625
280.24939489364624,-400000.0625,-12708.9501953125,-6280.14013671875,-400000.0625,-18790.009765625,-400000.0625,-5129.2900390625,-400000.0625
280.31314754486084,-400000.0625,-12699.1796875,-6274.22021484375,-400000.0625,-18784.859375,-400000.0625,-5125.85986328125,-400000.0625
280.33532452583313,-400000.0625,-12701.6103515625,-6272.64990234375,-400000.0625,-18789.060546875,-400000.0625,-5121.66015625,-400000.0625
280.35765171051025,-400000.0625,-12711.4296875,-6276.22998046875,-400000.0625,-18790.529296875,-400000.0625,-5129.669921875,-400000.0625
280.4220209121704,-400000.0625,-12705.7099609375,-6276.3701171875,-400000.0625,-18790.580078125,-400000.0625,-5131.2900390625,-400000.0625
280.44376969337463,-400000.0625,-12703.990234375,-6275.509765625,-400000.0625,-18791.009765625,-400000.0625,-5130.2001953125,-400000.0625
280.4583258628845,-400000.0625,-12711.099609375,-6277.18017578125,-400000.0625,-18795.779296875,-400000.0625,-5131.14990234375,-400000.0625
280.5208246707916,-400000.0625,-12718.6796875,-6282.27978515625,-400000.0625,-18805.55078125,-400000.0625,-5134.8701171875,-400000.0625
280.540584564209,-400000.0625,-12721.58984375,-6285.6201171875,-400000.0625,-18805.599609375,-400000.0625,-5141.02001953125,-400000.0625
280.55862283706665,-400000.0625,-12721.58984375,-6291.81982421875,-400000.0625,-18808.26953125,-400000.0625,-5143.4501953125,-400000.0625
280.62610363960266,-400000.0625,-12695.98046875,-6270.27001953125,-400000.0625,-18785.669921875,-400000.0625,-5140.35009765625,-400000.0625
280.6526246070862,-400000.0625,-12683.5400390625,-6255.81982421875,-400000.0625,-18774.80078125,-400000.0625,-5125.85986328125,-400000.0625
280.672354221344,-400000.0625,-12684.8701171875,-6255.10009765625,-400000.0625,-18778.140625,-400000.0625,-5134.39013671875,-400000.0625
280.7489242553711,-400000.0625,-12708.759765625,-6272.75,-400000.0625,-18791.9609375,-400000.0625,-5151.7998046875,-400000.0625
280.78427362442017,-400000.0625,-12716.2900390625,-6280.60986328125,-400000.0625,-18800.0703125,-400000.0625,-5162.0498046875,-400000.0625
280.86820459365845,-400000.0625,-12697.509765625,-6270.35986328125,-400000.0625,-18788.529296875,-400000.0625,-5153.18017578125,-400000.0625
280.8967125415802,-400000.0625,-12692.0703125,-6264.64013671875,-400000.0625,-18788.05078125,-400000.0625,-5142.5,-400000.0625
280.9642918109894,-400000.0625,-12697.080078125,-6265.35009765625,-400000.0625,-18786.150390625,-400000.0625,-5146.68994140625,-400000.0625
280.9904217720032,-400000.0625,-12712.1904296875,-6278.1298828125,-400000.0625,-18797.58984375,-400000.0625,-5164.18994140625,-400000.0625
281.01312375068665,-400000.0625,-12702.0400390625,-6269.35986328125,-400000.0625,-18791.150390625,-400000.0625,-5149.97998046875,-400000.0625
281.08920192718506,-400000.0625,-12687.0595703125,-6256.91015625,-400000.0625,-18773.369140625,-400000.0625,-5140.830078125,-400000.0625
281.105676651001,-400000.0625,-12689.5400390625,-6257.39013671875,-400000.0625,-18776.509765625,-400000.0625,-5140.5,-400000.0625
281.1290764808655,-400000.0625,-12713.150390625,-6276.7001953125,-400000.0625,-18801.259765625,-400000.0625,-5158.47021484375,-400000.0625
281.1894154548645,-400000.0625,-12723.9697265625,-6286.33984375,-400000.0625,-18809.369140625,-400000.0625,-5169.25,-400000.0625
281.2118604183197,-400000.0625,-12718.490234375,-6283.6201171875,-400000.0625,-18802.9296875,-400000.0625,-5162.91015625,-400000.0625
281.23400044441223,-400000.0625,-12698.990234375,-6267.41015625,-400000.0625,-18789.19921875,-400000.0625,-5148.7900390625,-400000.0625
281.29978346824646,-400000.0625,-12689.9296875,-6260.5400390625,-400000.0625,-18786.580078125,-400000.0625,-5142.64013671875,-400000.0625
281.3253564834595,-400000.0625,-12694.2197265625,-6261.77978515625,-400000.0625,-18781.470703125,-400000.0625,-5144.22021484375,-400000.0625
281.34338760375977,-400000.0625,-12704.5595703125,-6271.4599609375,-400000.0625,-18783.859375,-400000.0625,-5155.3701171875,-400000.0625
281.41166257858276,-400000.0625,-12715.8203125,-6276.18017578125,-400000.0625,-18793.630859375,-400000.0625,-5162.759765625,-400000.0625
281.42845249176025,-400000.0625,-12719.2001953125,-6280.47021484375,-400000.0625,-18803.7890625,-400000.0625,-5165.52978515625,-400000.0625
281.44973373413086,-400000.0625,-12708.0498046875,-6274.18017578125,-400000.0625,-18792.73046875,-400000.0625,-5154.31982421875,-400000.0625
281.5197958946228,-400000.0625,-12707.900390625,-6273.7001953125,-400000.0625,-18790.8203125,-400000.0625,-5152.56005859375,-400000.0625
281.5411033630371,-400000.0625,-12711.8095703125,-6275.60986328125,-400000.0625,-18791.060546875,-400000.0625,-5158.7099609375,-400000.0625
281.5584363937378,-400000.0625,-12712.669921875,-6276.3701171875,-400000.0625,-18794.349609375,-400000.0625,-5154.419921875,-400000.0625
281.6200132369995,-400000.0625,-12705.3798828125,-6271.41015625,-400000.0625,-18792.349609375,-400000.0625,-5145.22021484375,-400000.0625
281.64466738700867,-400000.0625,-12697.75,-6266.35986328125,-400000.0625,-18792.25,-400000.0625,-5144.68994140625,-400000.0625
281.6564848423004,-400000.0625,-12705.330078125,-6269.740234375,-400000.0625,-18796.16015625,-400000.0625,-5150.64990234375,-400000.0625
281.6787030696869,-400000.0625,-12703.75,-6265.5,-400000.0625,-18791.30078125,-400000.0625,-5150.1298828125,-400000.0625
281.7631633281708,-400000.0625,-12707.759765625,-6270.169921875,-400000.0625,-18794.009765625,-400000.0625,-5150.02978515625,-400000.0625
281.7933270931244,-400000.0625,-12707.4697265625,-6273.02978515625,-400000.0625,-18788.76953125,-400000.0625,-5143.259765625,-400000.0625
281.86163568496704,-400000.0625,-12696.169921875,-6261.72998046875,-400000.0625,-18777.849609375,-400000.0625,-5130.85986328125,-400000.0625
281.8775124549866,-400000.0625,-12714.48046875,-6275.22998046875,-400000.0625,-18787.0,-400000.0625,-5146.93017578125,-400000.0625
281.8977825641632,-400000.0625,-12725.5,-6287.0498046875,-400000.0625,-18802.689453125,-400000.0625,-5170.77978515625,-400000.0625
281.9487864971161,-400000.0625,-12724.3095703125,-6286.56982421875,-400000.0625,-18808.4609375,-400000.0625,-5167.68017578125,-400000.0625
281.9681541919708,-400000.0625,-12711.7197265625,-6279.990234375,-400000.0625,-18800.44921875,-400000.0625,-5148.60009765625,-400000.0625
281.9955151081085,-400000.0625,-12700.8896484375,-6265.97021484375,-400000.0625,-18786.619140625,-400000.0625,-5133.10009765625,-400000.0625
282.01370096206665,-400000.0625,-12710.6201171875,-6274.22021484375,-400000.0625,-18792.009765625,-400000.0625,-5144.35986328125,-400000.0625
282.0762448310852,-400000.0625,-12726.58984375,-6285.240234375,-400000.0625,-18794.439453125,-400000.0625,-5156.89990234375,-400000.0625
282.09349250793457,-400000.0625,-12731.83984375,-6290.009765625,-400000.0625,-18802.310546875,-400000.0625,-5157.0400390625,-400000.0625
282.121470451355,-400000.0625,-12712.099609375,-6279.7998046875,-400000.0625,-18790.19921875,-400000.0625,-5144.8798828125,-400000.0625
282.178959608078,-400000.0625,-12702.990234375,-6272.22021484375,-400000.0625,-18787.669921875,-400000.0625,-5132.14990234375,-400000.0625
282.2053289413452,-400000.0625,-12720.6298828125,-6283.3798828125,-400000.0625,-18798.689453125,-400000.0625,-5144.97998046875,-400000.0625
282.22727370262146,-400000.0625,-12734.650390625,-6292.39013671875,-400000.0625,-18805.080078125,-400000.0625,-5156.08984375,-400000.0625
282.2799208164215,-400000.0625,-12726.259765625,-6287.52978515625,-400000.0625,-18803.880859375,-400000.0625,-5154.990234375,-400000.0625
282.30438137054443,-400000.0625,-12716.33984375,-6281.08984375,-400000.0625,-18798.640625,-400000.0625,-5136.009765625,-400000.0625
282.32874274253845,-400000.0625,-12699.2197265625,-6266.830078125,-400000.0625,-18787.150390625,-400000.0625,-5122.89990234375,-400000.0625
282.3840067386627,-400000.0625,-12708.9501953125,-6274.7998046875,-400000.0625,-18792.970703125,-400000.0625,-5134.33984375,-400000.0625
282.40575075149536,-400000.0625,-12726.5,-6287.0498046875,-400000.0625,-18799.640625,-400000.0625,-5150.509765625,-400000.0625
282.42167568206787,-400000.0625,-12725.4501953125,-6288.91015625,-400000.0625,-18800.0703125,-400000.0625,-5156.0400390625,-400000.0625
282.4445860385895,-400000.0625,-12711.099609375,-6276.990234375,-400000.0625,-18792.009765625,-400000.0625,-5141.77978515625,-400000.0625
282.50146532058716,-400000.0625,-12710.2900390625,-6274.080078125,-400000.0625,-18788.76953125,-400000.0625,-5138.2998046875,-400000.0625
282.5256824493408,-400000.0625,-12723.01953125,-6282.27978515625,-400000.0625,-18797.01953125,-400000.0625,-5136.39990234375,-400000.0625
282.54674553871155,-400000.0625,-12720.4404296875,-6278.3701171875,-400000.0625,-18795.6796875,-400000.0625,-5144.41015625,-400000.0625
282.6104700565338,-400000.0625,-12713.7197265625,-6272.31982421875,-400000.0625,-18793.390625,-400000.0625,-5147.35986328125,-400000.0625
282.6263852119446,-400000.0625,-12711.240234375,-6274.83984375,-400000.0625,-18800.55078125,-400000.0625,-5142.5,-400000.0625
282.6530990600586,-400000.0625,-12706.849609375,-6275.02978515625,-400000.0625,-18796.060546875,-400000.0625,-5143.1201171875,-400000.0625
282.7276954650879,-400000.0625,-12714.7197265625,-6275.93994140625,-400000.0625,-18794.919921875,-400000.0625,-5143.740234375,-400000.0625
282.77025532722473,-400000.0625,-12722.7802734375,-6285.669921875,-400000.0625,-18797.779296875,-400000.0625,-5150.3701171875,-400000.0625
282.83164834976196,-400000.0625,-12725.1201171875,-6290.47998046875,-400000.0625,-18797.349609375,-400000.0625,-5152.7998046875,-400000.0625
282.85828614234924,-400000.0625,-12710.91015625,-6279.52001953125,-400000.0625,-18788.669921875,-400000.0625,-5142.5498046875,-400000.0625
282.8747065067291,-400000.0625,-12699.509765625,-6268.64990234375,-400000.0625,-18788.580078125,-400000.0625,-5135.43994140625,-400000.0625
282.9451653957367,-400000.0625,-12700.26953125,-6264.5400390625,-400000.0625,-18789.8203125,-400000.0625,-5135.2001953125,-400000.0625
282.9684829711914,-400000.0625,-12711.48046875,-6278.52001953125,-400000.0625,-18801.01953125,-400000.0625,-5147.740234375,-400000.0625
282.9954206943512,-400000.0625,-12721.9697265625,-6286.10009765625,-400000.0625,-18801.98046875,-400000.0625,-5154.89990234375,-400000.0625
283.0729947090149,-400000.0625,-12703.419921875,-6268.93017578125,-400000.0625,-18792.8203125,-400000.0625,-5135.10986328125,-400000.0625
283.1004755496979,-400000.0625,-12698.2197265625,-6265.1201171875,-400000.0625,-18788.150390625,-400000.0625,-5126.72021484375,-400000.0625
283.16573190689087,-400000.0625,-12720.5400390625,-6288.2900390625,-400000.0625,-18797.779296875,-400000.0625,-5141.31005859375,-400000.0625
283.1867654323578,-400000.0625,-12741.1396484375,-6303.5,-400000.0625,-18811.609375,-400000.0625,-5167.10009765625,-400000.0625
283.21205019950867,-400000.0625,-12730.169921875,-6290.6298828125,-400000.0625,-18807.599609375,-400000.0625,-5156.47021484375,-400000.0625
283.2687819004059,-400000.0625,-12708.1396484375,-6273.990234375,-400000.0625,-18787.720703125,-400000.0625,-5127.759765625,-400000.0625
283.2930715084076,-400000.0625,-12693.9296875,-6264.4501953125,-400000.0625,-18781.5703125,-400000.0625,-5114.89013671875,-400000.0625
283.31372594833374,-400000.0625,-12711.91015625,-6281.419921875,-400000.0625,-18797.01953125,-400000.0625,-5133.33984375,-400000.0625
283.37542748451233,-400000.0625,-12734.3701171875,-6297.77978515625,-400000.0625,-18807.509765625,-400000.0625,-5149.41015625,-400000.0625
283.3948886394501,-400000.0625,-12732.1298828125,-6294.77978515625,-400000.0625,-18800.640625,-400000.0625,-5141.2099609375,-400000.0625
283.4164180755615,-400000.0625,-12723.4501953125,-6284.240234375,-400000.0625,-18794.8203125,-400000.0625,-5126.759765625,-400000.0625
283.4773750305176,-400000.0625,-12712.150390625,-6279.18017578125,-400000.0625,-18792.009765625,-400000.0625,-5118.18017578125,-400000.0625
283.4939475059509,-400000.0625,-12706.4697265625,-6278.08984375,-400000.0625,-18794.58984375,-400000.0625,-5127.0498046875,-400000.0625
283.51043939590454,-400000.0625,-12720.9697265625,-6289.52978515625,-400000.0625,-18798.310546875,-400000.0625,-5139.919921875,-400000.0625
283.532386302948,-400000.0625,-12736.75,-6298.64013671875,-400000.0625,-18801.7890625,-400000.0625,-5145.97998046875,-400000.0625
283.5981819629669,-400000.0625,-12726.400390625,-6291.490234375,-400000.0625,-18800.44921875,-400000.0625,-5138.16015625,-400000.0625
283.6190996170044,-400000.0625,-12716.25,-6283.240234375,-400000.0625,-18794.439453125,-400000.0625,-5131.580078125,-400000.0625
283.6356358528137,-400000.0625,-12720.58984375,-6285.14013671875,-400000.0625,-18798.0703125,-400000.0625,-5134.8701171875,-400000.0625
283.6981825828552,-400000.0625,-12726.6904296875,-6290.06005859375,-400000.0625,-18800.310546875,-400000.0625,-5143.2099609375,-400000.0625
283.71755957603455,-400000.0625,-12733.2197265625,-6297.2998046875,-400000.0625,-18795.30078125,-400000.0625,-5146.22021484375,-400000.0625
283.7469401359558,-400000.0625,-12714.240234375,-6284.3798828125,-400000.0625,-18795.779296875,-400000.0625,-5132.43994140625,-400000.0625
283.80856680870056,-400000.0625,-12707.900390625,-6275.509765625,-400000.0625,-18794.060546875,-400000.0625,-5120.990234375,-400000.0625
283.82638597488403,-400000.0625,-12703.7099609375,-6268.93017578125,-400000.0625,-18789.529296875,-400000.0625,-5121.9501953125,-400000.0625
283.8448123931885,-400000.0625,-12721.349609375,-6286.33984375,-400000.0625,-18797.44921875,-400000.0625,-5135.77978515625,-400000.0625
283.86418414115906,-400000.0625,-12744.2900390625,-6309.93994140625,-400000.0625,-18810.990234375,-400000.0625,-5153.509765625,-400000.0625
283.9287157058716,-400000.0625,-12726.259765625,-6293.39013671875,-400000.0625,-18799.58984375,-400000.0625,-5144.4501953125,-400000.0625
283.94342017173767,-400000.0625,-12709.91015625,-6276.31982421875,-400000.0625,-18788.05078125,-400000.0625,-5127.669921875,-400000.0625
283.9630801677704,-400000.0625,-12719.4404296875,-6282.9501953125,-400000.0625,-18800.58984375,-400000.0625,-5131.72021484375,-400000.0625
283.9786548614502,-400000.0625,-12732.0302734375,-6289.580078125,-400000.0625,-18810.369140625,-400000.0625,-5135.81982421875,-400000.0625
284.06338024139404,-400000.0625,-12720.16015625,-6279.27978515625,-400000.0625,-18794.060546875,-400000.0625,-5128.6201171875,-400000.0625
284.15299701690674,-400000.0625,-12709.7099609375,-6271.1201171875,-400000.0625,-18782.189453125,-400000.0625,-5118.60986328125,-400000.0625
284.23326444625854,-400000.0625,-12714.7197265625,-6279.14013671875,-400000.0625,-18794.349609375,-400000.0625,-5124.240234375,-400000.0625
284.2631165981293,-400000.0625,-12723.6396484375,-6288.39013671875,-400000.0625,-18797.880859375,-400000.0625,-5132.68017578125,-400000.0625
284.32570219039917,-400000.0625,-12739.7099609375,-6301.740234375,-400000.0625,-18809.1796875,-400000.0625,-5148.35986328125,-400000.0625
284.35177397727966,-400000.0625,-12742.1396484375,-6301.97998046875,-400000.0625,-18810.849609375,-400000.0625,-5148.35986328125,-400000.0625
284.4124138355255,-400000.0625,-12718.76953125,-6283.9501953125,-400000.0625,-18797.2109375,-400000.0625,-5126.85986328125,-400000.0625
284.466765165329,-400000.0625,-12710.0,-6274.27001953125,-400000.0625,-18784.619140625,-400000.0625,-5106.68994140625,-400000.0625
284.5148754119873,-400000.0625,-12721.830078125,-6283.7099609375,-400000.0625,-18791.25,-400000.0625,-5119.85009765625,-400000.0625
284.56271290779114,-400000.0625,-12739.1396484375,-6300.259765625,-400000.0625,-18803.650390625,-400000.0625,-5146.740234375,-400000.0625
284.58741068840027,-400000.0625,-12726.98046875,-6288.33984375,-400000.0625,-18795.439453125,-400000.0625,-5133.919921875,-400000.0625
284.62081360816956,-400000.0625,-12715.76953125,-6278.990234375,-400000.0625,-18788.009765625,-400000.0625,-5121.990234375,-400000.0625
284.6883351802826,-400000.0625,-12721.6396484375,-6290.81982421875,-400000.0625,-18793.8203125,-400000.0625,-5128.669921875,-400000.0625
284.72373723983765,-400000.0625,-12737.5595703125,-6299.64013671875,-400000.0625,-18802.310546875,-400000.0625,-5134.39013671875,-400000.0625
284.8206424713135,-400000.0625,-12747.580078125,-6304.8798828125,-400000.0625,-18807.1796875,-400000.0625,-5147.35986328125,-400000.0625
284.8505823612213,-400000.0625,-12745.51953125,-6306.5498046875,-400000.0625,-18810.23046875,-400000.0625,-5149.22021484375,-400000.0625
284.9077179431915,-400000.0625,-12725.8798828125,-6292.72998046875,-400000.0625,-18796.880859375,-400000.0625,-5134.14990234375,-400000.0625
284.94925713539124,-400000.0625,-12711.91015625,-6277.509765625,-400000.0625,-18782.7109375,-400000.0625,-5116.18017578125,-400000.0625
284.97847270965576,-400000.0625,-12721.0595703125,-6284.81005859375,-400000.0625,-18792.970703125,-400000.0625,-5126.759765625,-400000.0625
285.04853105545044,-400000.0625,-12741.51953125,-6299.64013671875,-400000.0625,-18805.359375,-400000.0625,-5143.31005859375,-400000.0625
285.07698702812195,-400000.0625,-12741.08984375,-6297.16015625,-400000.0625,-18798.779296875,-400000.0625,-5140.64013671875,-400000.0625
285.1004707813263,-400000.0625,-12732.83984375,-6295.5400390625,-400000.0625,-18798.779296875,-400000.0625,-5133.2001953125,-400000.0625
285.15826988220215,-400000.0625,-12728.41015625,-6292.43994140625,-400000.0625,-18794.58984375,-400000.0625,-5128.0,-400000.0625
285.17036175727844,-400000.0625,-12726.5498046875,-6294.39013671875,-400000.0625,-18794.2109375,-400000.0625,-5135.77978515625,-400000.0625
285.18635630607605,-400000.0625,-12751.7197265625,-6312.509765625,-400000.0625,-18813.94921875,-400000.0625,-5153.56005859375,-400000.0625
285.2040104866028,-400000.0625,-12755.400390625,-6308.83984375,-400000.0625,-18812.1796875,-400000.0625,-5148.83984375,-400000.0625
285.24098014831543,-400000.0625,-12732.3203125,-6289.669921875,-400000.0625,-18797.5,-400000.0625,-5129.0,-400000.0625
285.2563865184784,-400000.0625,-12714.7197265625,-6276.60986328125,-400000.0625,-18784.94921875,-400000.0625,-5112.22021484375,-400000.0625
285.27201414108276,-400000.0625,-12710.759765625,-6275.4599609375,-400000.0625,-18783.859375,-400000.0625,-5122.08984375,-400000.0625
285.2865970134735,-400000.0625,-12740.23046875,-6301.2099609375,-400000.0625,-18807.369140625,-400000.0625,-5142.39990234375,-400000.0625
285.3063848018646,-400000.0625,-12753.5400390625,-6311.22998046875,-400000.0625,-18814.7109375,-400000.0625,-5150.22021484375,-400000.0625
285.34945130348206,-400000.0625,-12739.7099609375,-6296.830078125,-400000.0625,-18805.3203125,-400000.0625,-5135.72998046875,-400000.0625
285.3600170612335,-400000.0625,-12726.98046875,-6288.9599609375,-400000.0625,-18794.73046875,-400000.0625,-5121.419921875,-400000.0625
285.3740906715393,-400000.0625,-12733.169921875,-6294.009765625,-400000.0625,-18793.779296875,-400000.0625,-5131.77001953125,-400000.0625
285.3866970539093,-400000.0625,-12739.1396484375,-6299.35009765625,-400000.0625,-18806.26953125,-400000.0625,-5145.83984375,-400000.0625
285.39610981941223,-400000.0625,-12739.2802734375,-6293.10986328125,-400000.0625,-18808.650390625,-400000.0625,-5140.5,-400000.0625
285.4222078323364,-400000.0625,-12718.150390625,-6272.89013671875,-400000.0625,-18794.869140625,-400000.0625,-5118.3701171875,-400000.0625
285.45578122138977,-400000.0625,-12711.8603515625,-6273.509765625,-400000.0625,-18790.439453125,-400000.0625,-5106.8798828125,-400000.0625
285.4673719406128,-400000.0625,-12729.0703125,-6295.490234375,-400000.0625,-18807.4609375,-400000.0625,-5124.85986328125,-400000.0625
285.48004841804504,-400000.0625,-12747.8095703125,-6305.5498046875,-400000.0625,-18812.609375,-400000.0625,-5142.16015625,-400000.0625
285.489830493927,-400000.0625,-12749.8203125,-6304.83984375,-400000.0625,-18811.3203125,-400000.0625,-5140.830078125,-400000.0625
285.5050926208496,-400000.0625,-12738.08984375,-6296.2998046875,-400000.0625,-18802.55078125,-400000.0625,-5129.39013671875,-400000.0625
285.5181682109833,-400000.0625,-12723.259765625,-6285.0498046875,-400000.0625,-18790.529296875,-400000.0625,-5119.22998046875,-400000.0625
285.52756094932556,-400000.0625,-12731.26953125,-6294.39013671875,-400000.0625,-18798.0703125,-400000.0625,-5123.47021484375,-400000.0625
285.562157869339,-400000.0625,-12737.3203125,-6299.830078125,-400000.0625,-18806.890625,-400000.0625,-5135.490234375,-400000.0625
285.57383465766907,-400000.0625,-12735.6103515625,-6296.10986328125,-400000.0625,-18800.359375,-400000.0625,-5131.669921875,-400000.0625
285.5851957798004,-400000.0625,-12722.400390625,-6281.56982421875,-400000.0625,-18788.48046875,-400000.0625,-5113.7900390625,-400000.0625
285.5948088169098,-400000.0625,-12716.7197265625,-6278.31982421875,-400000.0625,-18787.9609375,-400000.0625,-5115.75,-400000.0625
285.60748195648193,-400000.0625,-12726.830078125,-6287.18994140625,-400000.0625,-18797.5390625,-400000.0625,-5124.66015625,-400000.0625
285.62355971336365,-400000.0625,-12731.8896484375,-6295.25,-400000.0625,-18800.58984375,-400000.0625,-5132.72021484375,-400000.0625
285.6330852508545,-400000.0625,-12745.0,-6304.22021484375,-400000.0625,-18805.080078125,-400000.0625,-5143.97998046875,-400000.0625
285.67145466804504,-400000.0625,-12740.7998046875,-6296.10986328125,-400000.0625,-18804.890625,-400000.0625,-5133.10009765625,-400000.0625
285.68370938301086,-400000.0625,-12731.41015625,-6292.25,-400000.0625,-18806.080078125,-400000.0625,-5129.91015625,-400000.0625
285.69336557388306,-400000.0625,-12737.3203125,-6297.39990234375,-400000.0625,-18808.83984375,-400000.0625,-5138.77978515625,-400000.0625
285.7380781173706,-400000.0625,-12751.4404296875,-6303.259765625,-400000.0625,-18809.650390625,-400000.0625,-5142.58984375,-400000.0625
285.808806180954,-400000.0625,-12747.099609375,-6300.31005859375,-400000.0625,-18810.23046875,-400000.0625,-5138.10986328125,-400000.0625
285.82783699035645,-400000.0625,-12729.169921875,-6289.2001953125,-400000.0625,-18798.640625,-400000.0625,-5129.85986328125,-400000.0625
285.8656358718872,-400000.0625,-12725.259765625,-6287.669921875,-400000.0625,-18791.439453125,-400000.0625,-5122.60986328125,-400000.0625
285.92400789260864,-400000.0625,-12731.98046875,-6293.68017578125,-400000.0625,-18794.349609375,-400000.0625,-5130.10009765625,-400000.0625
285.94308614730835,-400000.0625,-12736.0400390625,-6294.919921875,-400000.0625,-18802.83984375,-400000.0625,-5136.10986328125,-400000.0625
285.9590561389923,-400000.0625,-12742.23046875,-6297.4501953125,-400000.0625,-18807.83984375,-400000.0625,-5140.77978515625,-400000.0625
285.9913079738617,-400000.0625,-12741.0,-6295.25,-400000.0625,-18806.3203125,-400000.0625,-5136.2001953125,-400000.0625
286.061482667923,-400000.0625,-12735.75,-6293.72998046875,-400000.0625,-18807.029296875,-400000.0625,-5125.27978515625,-400000.0625
286.08815908432007,-400000.0625,-12733.41015625,-6294.77978515625,-400000.0625,-18801.2109375,-400000.0625,-5127.0498046875,-400000.0625
286.1098508834839,-400000.0625,-12746.48046875,-6305.27001953125,-400000.0625,-18810.939453125,-400000.0625,-5140.2099609375,-400000.0625
286.1663885116577,-400000.0625,-12750.33984375,-6310.64990234375,-400000.0625,-18815.94921875,-400000.0625,-5147.31005859375,-400000.0625
286.1835207939148,-400000.0625,-12733.0302734375,-6292.33984375,-400000.0625,-18802.689453125,-400000.0625,-5126.56982421875,-400000.0625
286.2163300514221,-400000.0625,-12720.400390625,-6279.18017578125,-400000.0625,-18791.76953125,-400000.0625,-5111.97998046875,-400000.0625
