{
    "baselines": {
        "H": -0.08578888627043471,
        "V": -0.056712815012607595
    },
    "thresholds": {
        "left": 2.06453189747688,
        "right": 3.7980951551054023,
        "up": 1.2829608131982038,
        "down": 0.6660516454180159
    },
    "channel_norm_factors": {
        "ch1": 77.92511222847486,
        "ch2": 43.717714351500376,
        "ch3": 55.83891182139752,
        "ch5": 0.1
    },
    "alpha": 0.3157894736842106,
    "blink_threshold": 1.9244412197973055
}