{
    "baselines": {
        "H": 0.03880376780738491,
        "V": -0.1354160814595336
    },
    "thresholds": {
        "left": 2.2506765805231055,
        "right": 3.108155379322459,
        "up": 1.6910409908098019,
        "down": 0.6054219710623447
    },
    "channel_norm_factors": {
        "ch1": 48.95251751684918,
        "ch2": 44.60900448194106,
        "ch3": 41.8632876245903,
        "ch5": 12.277543565464441
    },
    "alpha": -0.14536340852130336,
    "blink_threshold": 2.536561486214703
}