time,ch1,ch2,ch3,ch4,ch5,ch6,ch7,ch8
118.59019112586975,-400000.0625,-42478.66015625,-28398.369140625,-400000.0625,-28429.4609375,-400000.0625,-26969.390625,-400000.0625
118.59470415115356,-400000.0625,-42469.94140625,-28389.69921875,-400000.0625,-28427.220703125,-400000.0625,-26963.669921875,-400000.0625
118.59471368789673,-400000.0625,-42482.7109375,-28402.05078125,-400000.0625,-28440.720703125,-400000.0625,-26975.060546875,-400000.0625
118.59471869468689,-400000.0625,-42499.171875,-28417.5,-400000.0625,-28451.6796875,-400000.0625,-26990.0390625,-400000.0625
118.59472274780273,-400000.0625,-42499.640625,-28415.779296875,-400000.0625,-28445.6796875,-400000.0625,-26986.41015625,-400000.0625
118.59472703933716,-400000.0625,-42486.71875,-28400.0,-400000.0625,-28431.0390625,-400000.0625,-26970.580078125,-400000.0625
118.59473204612732,-400000.0625,-42480.19140625,-28392.990234375,-400000.0625,-28430.560546875,-400000.0625,-26964.0,-400000.0625
118.59473586082458,-400000.0625,-42485.671875,-28402.140625,-400000.0625,-28439.619140625,-400000.0625,-26972.919921875,-400000.0625
118.59473943710327,-400000.0625,-42503.30859375,-28419.310546875,-400000.0625,-28453.0703125,-400000.0625,-26986.599609375,-400000.0625
118.5947437286377,-400000.0625,-42504.171875,-28418.779296875,-400000.0625,-28449.58984375,-400000.0625,-26985.220703125,-400000.0625
118.59474778175354,-400000.0625,-42486.01171875,-28401.330078125,-400000.0625,-28431.279296875,-400000.0625,-26967.529296875,-400000.0625
118.5947515964508,-400000.0625,-42478.80078125,-28394.609375,-400000.0625,-28431.130859375,-400000.0625,-26961.0,-400000.0625
118.59475517272949,-400000.0625,-42487.71875,-28404.0,-400000.0625,-28442.720703125,-400000.0625,-26972.150390625,-400000.0625
118.5947585105896,-400000.0625,-42502.9296875,-28419.970703125,-400000.0625,-28453.880859375,-400000.0625,-26986.69921875,-400000.0625
118.59476208686829,-400000.0625,-42507.26953125,-28421.2109375,-400000.0625,-28450.779296875,-400000.0625,-26982.98046875,-400000.0625
118.5947654247284,-400000.0625,-42489.6796875,-28402.51953125,-400000.0625,-28431.509765625,-400000.0625,-26964.05078125,-400000.0625
118.59476947784424,-400000.0625,-42481.76171875,-28396.560546875,-400000.0625,-28429.80078125,-400000.0625,-26960.5703125,-400000.0625
118.59477353096008,-400000.0625,-42492.48828125,-28406.48046875,-400000.0625,-28446.439453125,-400000.0625,-26972.869140625,-400000.0625
118.59477734565735,-400000.0625,-42505.6015625,-28420.7890625,-400000.0625,-28458.83984375,-400000.0625,-26989.609375,-400000.0625
118.59478092193604,-400000.0625,-42506.55859375,-28421.689453125,-400000.0625,-28451.16015625,-400000.0625,-26985.359375,-400000.0625
118.59478497505188,-400000.0625,-42490.33984375,-28401.810546875,-400000.0625,-28431.609375,-400000.0625,-26968.33984375,-400000.0625
118.59478855133057,-400000.0625,-42479.0,-28393.4609375,-400000.0625,-28431.939453125,-400000.0625,-26962.330078125,-400000.0625
118.59479260444641,-400000.0625,-42486.91015625,-28404.759765625,-400000.0625,-28444.150390625,-400000.0625,-26968.19921875,-400000.0625
118.59479665756226,-400000.0625,-42508.98828125,-28424.169921875,-400000.0625,-28455.2109375,-400000.0625,-26985.41015625,-400000.0625
118.59480047225952,-400000.0625,-42513.328125,-28422.689453125,-400000.0625,-28448.439453125,-400000.0625,-26991.470703125,-400000.0625
118.5948052406311,-400000.0625,-42494.78125,-28402.279296875,-400000.0625,-28430.419921875,-400000.0625,-26972.25,-400000.0625
118.59480881690979,-400000.0625,-42486.71875,-28397.609375,-400000.0625,-28430.66015625,-400000.0625,-26965.720703125,-400000.0625
118.59481239318848,-400000.0625,-42494.58984375,-28408.240234375,-400000.0625,-28443.05078125,-400000.0625,-26976.490234375,-400000.0625
118.59481596946716,-400000.0625,-42514.28125,-28424.4609375,-400000.0625,-28454.640625,-400000.0625,-26992.849609375,-400000.0625
118.59481954574585,-400000.0625,-42514.421875,-28421.599609375,-400000.0625,-28450.919921875,-400000.0625,-26994.900390625,-400000.0625
118.59482336044312,-400000.0625,-42497.5,-28406.0,-400000.0625,-28436.0390625,-400000.0625,-26974.30078125,-400000.0625
118.62807512283325,-400000.0625,-42489.71875,-28399.0390625,-400000.0625,-28431.419921875,-400000.0625,-26968.48046875,-400000.0625
118.63427352905273,-400000.0625,-42494.16015625,-28406.4296875,-400000.0625,-28440.240234375,-400000.0625,-26980.44921875,-400000.0625
118.64019751548767,-400000.0625,-42510.3203125,-28423.310546875,-400000.0625,-28454.970703125,-400000.0625,-26993.7109375,-400000.0625
118.65201473236084,-400000.0625,-42511.421875,-28422.599609375,-400000.0625,-28450.58984375,-400000.0625,-26995.380859375,-400000.0625
118.65756034851074,-400000.0625,-42492.8203125,-28404.669921875,-400000.0625,-28429.3203125,-400000.0625,-26976.2109375,-400000.0625
118.66217803955078,-400000.0625,-42487.859375,-28399.609375,-400000.0625,-28427.939453125,-400000.0625,-26969.91015625,-400000.0625
118.66218709945679,-400000.0625,-42499.12109375,-28410.150390625,-400000.0625,-28438.859375,-400000.0625,-26982.98046875,-400000.0625
118.66219186782837,-400000.0625,-42515.80859375,-28425.55078125,-400000.0625,-28451.490234375,-400000.0625,-26996.619140625,-400000.0625
118.66219592094421,-400000.0625,-42513.0390625,-28423.9296875,-400000.0625,-28449.439453125,-400000.0625,-26994.470703125,-400000.0625
118.66219973564148,-400000.0625,-42492.05859375,-28403.7109375,-400000.0625,-28428.990234375,-400000.0625,-26975.919921875,-400000.0625
118.66220355033875,-400000.0625,-42485.1015625,-28396.80078125,-400000.0625,-28426.220703125,-400000.0625,-26966.4296875,-400000.0625
118.66220736503601,-400000.0625,-42495.87890625,-28407.390625,-400000.0625,-28439.720703125,-400000.0625,-26975.25,-400000.0625
118.6622109413147,-400000.0625,-42509.421875,-28421.830078125,-400000.0625,-28452.919921875,-400000.0625,-26991.0390625,-400000.0625
118.66221475601196,-400000.0625,-42511.421875,-28422.220703125,-400000.0625,-28448.970703125,-400000.0625,-26987.130859375,-400000.0625
118.66221809387207,-400000.0625,-42493.3984375,-28403.4296875,-400000.0625,-28432.279296875,-400000.0625,-26969.529296875,-400000.0625
118.66222190856934,-400000.0625,-42484.0,-28395.990234375,-400000.0625,-28428.75,-400000.0625,-26966.189453125,-400000.0625
118.69779419898987,-400000.0625,-42494.05859375,-28407.76953125,-400000.0625,-28437.900390625,-400000.0625,-26975.919921875,-400000.0625
118.70297741889954,-400000.0625,-42511.75,-28424.890625,-400000.0625,-28454.119140625,-400000.0625,-26993.23046875,-400000.0625
118.7082097530365,-400000.0625,-42509.609375,-28423.9296875,-400000.0625,-28452.30078125,-400000.0625,-26994.80078125,-400000.0625
118.71262431144714,-400000.0625,-42489.87109375,-28404.099609375,-400000.0625,-28430.470703125,-400000.0625,-26977.830078125,-400000.0625
118.71263241767883,-400000.0625,-42483.671875,-28398.23046875,-400000.0625,-28429.609375,-400000.0625,-26964.759765625,-400000.0625
118.712637424469,-400000.0625,-42492.01171875,-28410.25,-400000.0625,-28444.580078125,-400000.0625,-26967.05078125,-400000.0625
118.71264171600342,-400000.0625,-42503.73828125,-28423.169921875,-400000.0625,-28458.55078125,-400000.0625,-26980.44921875,-400000.0625
118.71264553070068,-400000.0625,-42505.4609375,-28425.169921875,-400000.0625,-28456.9296875,-400000.0625,-26977.490234375,-400000.0625
118.71264910697937,-400000.0625,-42483.671875,-28404.5703125,-400000.0625,-28440.099609375,-400000.0625,-26958.1796875,-400000.0625
118.71265268325806,-400000.0625,-42470.3203125,-28392.69921875,-400000.0625,-28434.5703125,-400000.0625,-26949.029296875,-400000.0625
118.71265649795532,-400000.0625,-42475.3203125,-28402.619140625,-400000.0625,-28447.869140625,-400000.0625,-26953.369140625,-400000.0625
118.71265983581543,-400000.0625,-42491.921875,-28418.44921875,-400000.0625,-28459.359375,-400000.0625,-26972.390625,-400000.0625
118.71266341209412,-400000.0625,-42495.109375,-28418.779296875,-400000.0625,-28452.400390625,-400000.0625,-26972.109375,-400000.0625
118.7126669883728,-400000.0625,-42473.94140625,-28398.990234375,-400000.0625,-28434.140625,-400000.0625,-26952.169921875,-400000.0625
118.71267056465149,-400000.0625,-42465.41015625,-28391.26953125,-400000.0625,-28432.1796875,-400000.0625,-26946.01953125,-400000.0625
118.71267414093018,-400000.0625,-42476.0390625,-28402.619140625,-400000.0625,-28447.73046875,-400000.0625,-26956.75,-400000.0625
118.78416919708252,-400000.0625,-42488.01171875,-28416.73046875,-400000.0625,-28460.98046875,-400000.0625,-26972.73046875,-400000.0625
118.79381036758423,-400000.0625,-42488.44140625,-28416.6796875,-400000.0625,-28454.830078125,-400000.0625,-26973.490234375,-400000.0625
118.79871869087219,-400000.0625,-42471.69921875,-28398.23046875,-400000.0625,-28434.609375,-400000.0625,-26950.890625,-400000.0625
118.79872822761536,-400000.0625,-42460.96875,-28389.83984375,-400000.0625,-28429.26953125,-400000.0625,-26944.2109375,-400000.0625
118.79873251914978,-400000.0625,-42471.83984375,-28398.990234375,-400000.0625,-28442.240234375,-400000.0625,-26956.419921875,-400000.0625
118.79873609542847,-400000.0625,-42486.390625,-28414.109375,-400000.0625,-28458.740234375,-400000.0625,-26973.25,-400000.0625
118.79873991012573,-400000.0625,-42485.578125,-28413.009765625,-400000.0625,-28456.259765625,-400000.0625,-26970.529296875,-400000.0625
118.79874396324158,-400000.0625,-42464.5,-28394.3203125,-400000.0625,-28436.4296875,-400000.0625,-26950.9296875,-400000.0625
118.79874753952026,-400000.0625,-42458.30078125,-28388.4609375,-400000.0625,-28432.900390625,-400000.0625,-26949.119140625,-400000.0625
118.79875135421753,-400000.0625,-42470.51171875,-28400.279296875,-400000.0625,-28445.76953125,-400000.0625,-26959.140625,-400000.0625
118.79875469207764,-400000.0625,-42486.71875,-28416.259765625,-400000.0625,-28458.119140625,-400000.0625,-26972.150390625,-400000.0625
118.7987585067749,-400000.0625,-42485.33984375,-28415.25,-400000.0625,-28450.349609375,-400000.0625,-26970.720703125,-400000.0625
118.79876184463501,-400000.0625,-42468.26953125,-28398.140625,-400000.0625,-28437.08984375,-400000.0625,-26954.890625,-400000.0625
118.7987654209137,-400000.0625,-42457.109375,-28390.4609375,-400000.0625,-28434.759765625,-400000.0625,-26948.740234375,-400000.0625
118.79877018928528,-400000.0625,-42467.6484375,-28399.23046875,-400000.0625,-28446.25,-400000.0625,-26956.80078125,-400000.0625
118.79877400398254,-400000.0625,-42485.91015625,-28416.109375,-400000.0625,-28458.220703125,-400000.0625,-26973.30078125,-400000.0625
118.81929206848145,-400000.0625,-42490.30078125,-28418.2109375,-400000.0625,-28456.5,-400000.0625,-26975.2109375,-400000.0625
118.8245017528534,-400000.0625,-42471.94140625,-28399.5703125,-400000.0625,-28435.5703125,-400000.0625,-26955.69921875,-400000.0625
118.82886028289795,-400000.0625,-42465.55078125,-28394.75,-400000.0625,-28436.470703125,-400000.0625,-26950.359375,-400000.0625
118.82886838912964,-400000.0625,-42476.75,-28405.76953125,-400000.0625,-28448.6796875,-400000.0625,-26963.140625,-400000.0625
118.82887244224548,-400000.0625,-42492.48828125,-28421.740234375,-400000.0625,-28461.41015625,-400000.0625,-26980.310546875,-400000.0625
118.82887601852417,-400000.0625,-42492.25,-28422.599609375,-400000.0625,-28458.220703125,-400000.0625,-26977.779296875,-400000.0625
118.82887959480286,-400000.0625,-42472.3203125,-28403.669921875,-400000.0625,-28439.5703125,-400000.0625,-26958.66015625,-400000.0625
118.82888317108154,-400000.0625,-42465.26171875,-28395.369140625,-400000.0625,-28434.380859375,-400000.0625,-26953.890625,-400000.0625
118.82888698577881,-400000.0625,-42474.890625,-28404.189453125,-400000.0625,-28447.8203125,-400000.0625,-26959.94921875,-400000.0625
118.8288905620575,-400000.0625,-42490.9609375,-28419.44921875,-400000.0625,-28460.359375,-400000.0625,-26977.01953125,-400000.0625
118.82889461517334,-400000.0625,-42491.3515625,-28420.55078125,-400000.0625,-28458.169921875,-400000.0625,-26978.5,-400000.0625
118.82889795303345,-400000.0625,-42473.12890625,-28402.94921875,-400000.0625,-28438.91015625,-400000.0625,-26960.0390625,-400000.0625
118.82890152931213,-400000.0625,-42460.87890625,-28394.849609375,-400000.0625,-28434.7109375,-400000.0625,-26952.560546875,-400000.0625
118.82890510559082,-400000.0625,-42467.98046875,-28402.51953125,-400000.0625,-28450.439453125,-400000.0625,-26960.759765625,-400000.0625
118.82890963554382,-400000.0625,-42485.33984375,-28418.9296875,-400000.0625,-28462.560546875,-400000.0625,-26977.830078125,-400000.0625
118.82891368865967,-400000.0625,-42491.921875,-28423.310546875,-400000.0625,-28460.650390625,-400000.0625,-26976.349609375,-400000.0625
118.91287446022034,-400000.0625,-42476.75,-28404.240234375,-400000.0625,-28439.2890625,-400000.0625,-26957.470703125,-400000.0625
118.92333197593689,-400000.0625,-42465.87890625,-28393.369140625,-400000.0625,-28431.66015625,-400000.0625,-26949.5,-400000.0625
118.92775440216064,-400000.0625,-42473.23046875,-28403.94921875,-400000.0625,-28446.529296875,-400000.0625,-26960.330078125,-400000.0625
118.92776298522949,-400000.0625,-42489.921875,-28418.830078125,-400000.0625,-28460.69921875,-400000.0625,-26978.259765625,-400000.0625
118.92776727676392,-400000.0625,-42495.96875,-28421.98046875,-400000.0625,-28461.939453125,-400000.0625,-26977.779296875,-400000.0625
118.92777132987976,-400000.0625,-42476.08984375,-28403.240234375,-400000.0625,-28441.2890625,-400000.0625,-26959.849609375,-400000.0625
118.92777490615845,-400000.0625,-42463.87890625,-28393.080078125,-400000.0625,-28432.990234375,-400000.0625,-26952.26953125,-400000.0625
118.92777872085571,-400000.0625,-42475.66015625,-28402.900390625,-400000.0625,-28444.099609375,-400000.0625,-26960.7109375,-400000.0625
118.9277822971344,-400000.0625,-42505.55859375,-28426.83984375,-400000.0625,-28461.560546875,-400000.0625,-26982.880859375,-400000.0625
118.92778611183167,-400000.0625,-42521.19921875,-28431.66015625,-400000.0625,-28463.69921875,-400000.0625,-26990.75,-400000.0625
118.92778968811035,-400000.0625,-42504.890625,-28414.25,-400000.0625,-28441.810546875,-400000.0625,-26974.970703125,-400000.0625
118.92779326438904,-400000.0625,-42493.25,-28409.439453125,-400000.0625,-28433.609375,-400000.0625,-26962.619140625,-400000.0625
118.92779684066772,-400000.0625,-42509.890625,-28427.650390625,-400000.0625,-28442.0,-400000.0625,-26972.9609375,-400000.0625
118.92780041694641,-400000.0625,-42540.26953125,-28454.349609375,-400000.0625,-28453.58984375,-400000.0625,-26995.609375,-400000.0625
118.927805185318,-400000.0625,-42565.87890625,-28466.23046875,-400000.0625,-28447.8203125,-400000.0625,-27009.349609375,-400000.0625
118.92780876159668,-400000.0625,-42563.73046875,-28456.119140625,-400000.0625,-28428.509765625,-400000.0625,-26994.80078125,-400000.0625
118.95056939125061,-400000.0625,-42564.44140625,-28459.119140625,-400000.0625,-28422.169921875,-400000.0625,-26994.759765625,-400000.0625
118.9556577205658,-400000.0625,-42595.921875,-28481.6796875,-400000.0625,-28434.900390625,-400000.0625,-27016.740234375,-400000.0625
118.96054530143738,-400000.0625,-42620.4296875,-28505.470703125,-400000.0625,-28447.919921875,-400000.0625,-27038.8203125,-400000.0625
118.96055340766907,-400000.0625,-42623.328125,-28509.94921875,-400000.0625,-28442.48046875,-400000.0625,-27045.73046875,-400000.0625
118.96055769920349,-400000.0625,-42618.46875,-28495.080078125,-400000.0625,-28421.9296875,-400000.0625,-27034.380859375,-400000.0625
118.96056270599365,-400000.0625,-42621.4296875,-28491.01953125,-400000.0625,-28418.259765625,-400000.0625,-27025.419921875,-400000.0625
118.96056652069092,-400000.0625,-42633.62890625,-28506.849609375,-400000.0625,-28433.08984375,-400000.0625,-27036.150390625,-400000.0625
118.96057057380676,-400000.0625,-42650.55859375,-28522.830078125,-400000.0625,-28444.390625,-400000.0625,-27060.890625,-400000.0625
118.96057415008545,-400000.0625,-42657.2890625,-28522.919921875,-400000.0625,-28442.0,-400000.0625,-27058.890625,-400000.0625
118.96057772636414,-400000.0625,-42640.171875,-28506.470703125,-400000.0625,-28425.7890625,-400000.0625,-27036.5703125,-400000.0625
118.96058106422424,-400000.0625,-42630.1484375,-28495.509765625,-400000.0625,-28422.44921875,-400000.0625,-27032.0,-400000.0625
118.96058464050293,-400000.0625,-42639.69140625,-28501.75,-400000.0625,-28435.0390625,-400000.0625,-27041.919921875,-400000.0625
118.96058797836304,-400000.0625,-42651.98828125,-28512.76953125,-400000.0625,-28441.619140625,-400000.0625,-27055.740234375,-400000.0625
118.96059155464172,-400000.0625,-42651.7109375,-28514.529296875,-400000.0625,-28437.7109375,-400000.0625,-27053.220703125,-400000.0625
118.96059560775757,-400000.0625,-42634.16015625,-28496.55078125,-400000.0625,-28427.890625,-400000.0625,-27032.08984375,-400000.0625
118.96059966087341,-400000.0625,-42622.19140625,-28485.30078125,-400000.0625,-28422.44921875,-400000.0625,-27024.990234375,-400000.0625
119.0254487991333,-400000.0625,-42630.87109375,-28496.55078125,-400000.0625,-28434.279296875,-400000.0625,-27033.7109375,-400000.0625
119.03523373603821,-400000.0625,-42648.1796875,-28512.390625,-400000.0625,-28445.91015625,-400000.0625,-27052.689453125,-400000.0625
119.04012775421143,-400000.0625,-42652.8515625,-28513.2890625,-400000.0625,-28444.580078125,-400000.0625,-27053.880859375,-400000.0625
119.0401382446289,-400000.0625,-42640.26171875,-28495.220703125,-400000.0625,-28426.98046875,-400000.0625,-27035.099609375,-400000.0625
119.04014277458191,-400000.0625,-42640.640625,-28488.16015625,-400000.0625,-28424.55078125,-400000.0625,-27033.330078125,-400000.0625
119.04014682769775,-400000.0625,-42647.6484375,-28497.169921875,-400000.0625,-28439.810546875,-400000.0625,-27040.439453125,-400000.0625
119.0401508808136,-400000.0625,-42656.08984375,-28516.009765625,-400000.0625,-28445.869140625,-400000.0625,-27050.779296875,-400000.0625
119.04015517234802,-400000.0625,-42663.671875,-28524.2109375,-400000.0625,-28441.150390625,-400000.0625,-27056.220703125,-400000.0625
119.04015874862671,-400000.0625,-42656.5703125,-28514.720703125,-400000.0625,-28425.7890625,-400000.0625,-27044.16015625,-400000.0625
119.04016208648682,-400000.0625,-42652.28125,-28509.099609375,-400000.0625,-28418.400390625,-400000.0625,-27038.05078125,-400000.0625
119.04016613960266,-400000.0625,-42668.05859375,-28521.400390625,-400000.0625,-28430.560546875,-400000.0625,-27048.349609375,-400000.0625
119.04016971588135,-400000.0625,-42687.66015625,-28540.279296875,-400000.0625,-28447.009765625,-400000.0625,-27061.419921875,-400000.0625
119.04017305374146,-400000.0625,-42698.25,-28544.720703125,-400000.0625,-28448.630859375,-400000.0625,-27064.23046875,-400000.0625
119.04017663002014,-400000.0625,-42679.41015625,-28524.01953125,-400000.0625,-28432.23046875,-400000.0625,-27049.2109375,-400000.0625
119.04018020629883,-400000.0625,-42664.33984375,-28514.9609375,-400000.0625,-28425.169921875,-400000.0625,-27043.30078125,-400000.0625
119.04018354415894,-400000.0625,-42673.9296875,-28527.689453125,-400000.0625,-28437.619140625,-400000.0625,-27050.310546875,-400000.0625
119.08135223388672,-400000.0625,-42690.62109375,-28542.5703125,-400000.0625,-28448.6796875,-400000.0625,-27063.369140625,-400000.0625
119.08645963668823,-400000.0625,-42692.8984375,-28542.51953125,-400000.0625,-28445.869140625,-400000.0625,-27065.759765625,-400000.0625
119.0911238193512,-400000.0625,-42676.30859375,-28523.640625,-400000.0625,-28425.26953125,-400000.0625,-27044.919921875,-400000.0625
119.0911340713501,-400000.0625,-42664.87109375,-28512.91015625,-400000.0625,-28421.0703125,-400000.0625,-27036.619140625,-400000.0625
119.09113883972168,-400000.0625,-42673.55078125,-28520.640625,-400000.0625,-28434.419921875,-400000.0625,-27048.109375,-400000.0625
119.09114265441895,-400000.0625,-42690.5703125,-28536.609375,-400000.0625,-28448.16015625,-400000.0625,-27063.94921875,-400000.0625
119.09114789962769,-400000.0625,-42690.66015625,-28536.66015625,-400000.0625,-28444.390625,-400000.0625,-27064.849609375,-400000.0625
119.09115195274353,-400000.0625,-42672.16015625,-28518.5390625,-400000.0625,-28426.83984375,-400000.0625,-27045.779296875,-400000.0625
119.09115552902222,-400000.0625,-42665.8203125,-28511.91015625,-400000.0625,-28424.359375,-400000.0625,-27037.810546875,-400000.0625
119.09115958213806,-400000.0625,-42673.640625,-28519.73046875,-400000.0625,-28435.419921875,-400000.0625,-27046.01953125,-400000.0625
119.09116339683533,-400000.0625,-42686.66015625,-28536.0390625,-400000.0625,-28444.630859375,-400000.0625,-27057.029296875,-400000.0625
119.09116673469543,-400000.0625,-42689.8984375,-28539.51953125,-400000.0625,-28444.630859375,-400000.0625,-27057.75,-400000.0625
119.0911705493927,-400000.0625,-42668.44140625,-28518.009765625,-400000.0625,-28428.4609375,-400000.0625,-27041.720703125,-400000.0625
119.09117388725281,-400000.0625,-42661.8203125,-28509.669921875,-400000.0625,-28425.3203125,-400000.0625,-27035.189453125,-400000.0625
119.09117722511292,-400000.0625,-42673.640625,-28520.439453125,-400000.0625,-28438.240234375,-400000.0625,-27046.060546875,-400000.0625
119.09118103981018,-400000.0625,-42690.62109375,-28536.509765625,-400000.0625,-28450.109375,-400000.0625,-27057.83984375,-400000.0625
119.13667106628418,-400000.0625,-42691.05078125,-28536.990234375,-400000.0625,-28444.8203125,-400000.0625,-27059.080078125,-400000.0625
119.14615082740784,-400000.0625,-42672.3515625,-28516.580078125,-400000.0625,-28424.359375,-400000.0625,-27041.8203125,-400000.0625
119.15129971504211,-400000.0625,-42663.91015625,-28506.470703125,-400000.0625,-28421.44921875,-400000.0625,-27031.5703125,-400000.0625
119.15577936172485,-400000.0625,-42672.87890625,-28518.30078125,-400000.0625,-28438.140625,-400000.0625,-27039.859375,-400000.0625
119.15578937530518,-400000.0625,-42684.3203125,-28530.310546875,-400000.0625,-28447.6796875,-400000.0625,-27055.4609375,-400000.0625
119.15579390525818,-400000.0625,-42689.140625,-28530.55078125,-400000.0625,-28441.9609375,-400000.0625,-27054.5,-400000.0625
119.15579795837402,-400000.0625,-42675.55078125,-28516.869140625,-400000.0625,-28426.69921875,-400000.0625,-27038.91015625,-400000.0625
119.15580177307129,-400000.0625,-42670.921875,-28509.05078125,-400000.0625,-28423.029296875,-400000.0625,-27035.4296875,-400000.0625
119.15580534934998,-400000.0625,-42682.55859375,-28520.439453125,-400000.0625,-28437.08984375,-400000.0625,-27041.150390625,-400000.0625
119.15580892562866,-400000.0625,-42693.2890625,-28542.810546875,-400000.0625,-28454.830078125,-400000.0625,-27043.76953125,-400000.0625
119.15581226348877,-400000.0625,-42698.671875,-28553.19921875,-400000.0625,-28454.779296875,-400000.0625,-27039.390625,-400000.0625
119.15581583976746,-400000.0625,-42687.46875,-28538.66015625,-400000.0625,-28436.66015625,-400000.0625,-27025.1796875,-400000.0625
119.15581941604614,-400000.0625,-42686.55859375,-28534.509765625,-400000.0625,-28432.419921875,-400000.0625,-27010.779296875,-400000.0625
119.15582323074341,-400000.0625,-42699.76953125,-28550.720703125,-400000.0625,-28444.630859375,-400000.0625,-27014.16015625,-400000.0625
119.15582799911499,-400000.0625,-42713.4609375,-28570.26953125,-400000.0625,-28457.5,-400000.0625,-27024.939453125,-400000.0625
119.15583181381226,-400000.0625,-42717.3203125,-28572.849609375,-400000.0625,-28452.689453125,-400000.0625,-27024.69921875,-400000.0625
119.20255875587463,-400000.0625,-42700.76953125,-28555.349609375,-400000.0625,-28433.66015625,-400000.0625,-27008.349609375,-400000.0625
119.20784330368042,-400000.0625,-42690.62109375,-28545.05078125,-400000.0625,-28425.7890625,-400000.0625,-27001.720703125,-400000.0625
119.21216416358948,-400000.0625,-42695.80859375,-28554.400390625,-400000.0625,-28435.5703125,-400000.0625,-27012.44921875,-400000.0625
119.21217179298401,-400000.0625,-42711.98046875,-28569.560546875,-400000.0625,-28453.779296875,-400000.0625,-27028.990234375,-400000.0625
119.21217584609985,-400000.0625,-42712.69140625,-28570.080078125,-400000.0625,-28453.640625,-400000.0625,-27031.08984375,-400000.0625
119.21218037605286,-400000.0625,-42699.25,-28556.2109375,-400000.0625,-28437.0,-400000.0625,-27013.109375,-400000.0625
119.21218395233154,-400000.0625,-42687.75,-28546.76953125,-400000.0625,-28427.650390625,-400000.0625,-27003.9609375,-400000.0625
119.21218752861023,-400000.0625,-42695.19140625,-28551.8203125,-400000.0625,-28437.189453125,-400000.0625,-27013.880859375,-400000.0625
119.21219110488892,-400000.0625,-42713.73828125,-28567.3203125,-400000.0625,-28450.58984375,-400000.0625,-27025.3203125,-400000.0625
119.21219491958618,-400000.0625,-42713.83984375,-28568.560546875,-400000.0625,-28449.5390625,-400000.0625,-27026.75,-400000.0625
119.21219825744629,-400000.0625,-42694.53125,-28550.439453125,-400000.0625,-28432.609375,-400000.0625,-27009.73046875,-400000.0625
119.2122015953064,-400000.0625,-42686.51953125,-28543.330078125,-400000.0625,-28429.609375,-400000.0625,-26999.759765625,-400000.0625
119.21220517158508,-400000.0625,-42695.1484375,-28553.19921875,-400000.0625,-28440.4296875,-400000.0625,-27009.58984375,-400000.0625
119.21220850944519,-400000.0625,-42712.12109375,-28567.69921875,-400000.0625,-28452.400390625,-400000.0625,-27023.69921875,-400000.0625
119.21221208572388,-400000.0625,-42711.9296875,-28567.509765625,-400000.0625,-28451.2109375,-400000.0625,-27024.509765625,-400000.0625
119.21221566200256,-400000.0625,-42693.94921875,-28547.810546875,-400000.0625,-28432.849609375,-400000.0625,-27006.009765625,-400000.0625
119.29808259010315,-400000.0625,-42685.12890625,-28540.330078125,-400000.0625,-28432.130859375,-400000.0625,-26998.619140625,-400000.0625
119.30903959274292,-400000.0625,-42694.91015625,-28551.060546875,-400000.0625,-28443.099609375,-400000.0625,-27007.76953125,-400000.0625
119.3141188621521,-400000.0625,-42710.828125,-28565.9296875,-400000.0625,-28454.740234375,-400000.0625,-27022.3203125,-400000.0625
119.31898045539856,-400000.0625,-42711.640625,-28563.83984375,-400000.0625,-28451.490234375,-400000.0625,-27023.1796875,-400000.0625
119.3189902305603,-400000.0625,-42690.0,-28542.330078125,-400000.0625,-28429.23046875,-400000.0625,-27006.25,-400000.0625
119.31899428367615,-400000.0625,-42684.12890625,-28538.900390625,-400000.0625,-28427.890625,-400000.0625,-26997.51953125,-400000.0625
119.31899905204773,-400000.0625,-42694.62109375,-28549.2890625,-400000.0625,-28441.4296875,-400000.0625,-27006.19921875,-400000.0625
119.31900358200073,-400000.0625,-42707.9296875,-28562.9296875,-400000.0625,-28454.44921875,-400000.0625,-27023.26953125,-400000.0625
119.31900715827942,-400000.0625,-42706.73046875,-28563.7890625,-400000.0625,-28450.109375,-400000.0625,-27024.80078125,-400000.0625
119.31901097297668,-400000.0625,-42692.671875,-28546.4296875,-400000.0625,-28432.08984375,-400000.0625,-27005.869140625,-400000.0625
119.31901574134827,-400000.0625,-42682.26953125,-28538.609375,-400000.0625,-28427.69921875,-400000.0625,-26998.08984375,-400000.0625
119.31901955604553,-400000.0625,-42689.76171875,-28548.529296875,-400000.0625,-28440.669921875,-400000.0625,-27003.4296875,-400000.0625
119.3190233707428,-400000.0625,-42706.0703125,-28565.83984375,-400000.0625,-28453.16015625,-400000.0625,-27021.359375,-400000.0625
119.31902718544006,-400000.0625,-42709.0703125,-28568.69921875,-400000.0625,-28448.6796875,-400000.0625,-27029.470703125,-400000.0625
119.31903076171875,-400000.0625,-42691.19140625,-28549.2890625,-400000.0625,-28433.560546875,-400000.0625,-27007.109375,-400000.0625
119.31903409957886,-400000.0625,-42681.6484375,-28542.94921875,-400000.0625,-28429.560546875,-400000.0625,-26999.4296875,-400000.0625
119.34034252166748,-400000.0625,-42693.1015625,-28554.25,-400000.0625,-28439.330078125,-400000.0625,-27008.19921875,-400000.0625
119.34552645683289,-400000.0625,-42710.44921875,-28570.849609375,-400000.0625,-28455.119140625,-400000.0625,-27022.69921875,-400000.0625
119.35038447380066,-400000.0625,-42712.98046875,-28571.1796875,-400000.0625,-28454.880859375,-400000.0625,-27026.279296875,-400000.0625
119.35039591789246,-400000.0625,-42692.8984375,-28549.390625,-400000.0625,-28432.66015625,-400000.0625,-27007.8203125,-400000.0625
119.35040020942688,-400000.0625,-42686.3203125,-28542.859375,-400000.0625,-28429.69921875,-400000.0625,-26996.5703125,-400000.0625
119.3504045009613,-400000.0625,-42691.62109375,-28548.529296875,-400000.0625,-28441.380859375,-400000.0625,-27006.099609375,-400000.0625
119.35040831565857,-400000.0625,-42702.48828125,-28562.169921875,-400000.0625,-28452.970703125,-400000.0625,-27021.3203125,-400000.0625
119.35041308403015,-400000.0625,-42707.109375,-28567.220703125,-400000.0625,-28451.109375,-400000.0625,-27024.3203125,-400000.0625
119.35041666030884,-400000.0625,-42694.9609375,-28551.19921875,-400000.0625,-28436.240234375,-400000.0625,-27010.30078125,-400000.0625
119.3504204750061,-400000.0625,-42685.23046875,-28543.0,-400000.0625,-28434.279296875,-400000.0625,-27001.05078125,-400000.0625
119.35042476654053,-400000.0625,-42689.0390625,-28549.869140625,-400000.0625,-28444.439453125,-400000.0625,-27008.25,-400000.0625
119.35042810440063,-400000.0625,-42701.87109375,-28562.83984375,-400000.0625,-28453.16015625,-400000.0625,-27024.83984375,-400000.0625
119.35043168067932,-400000.0625,-42704.921875,-28566.169921875,-400000.0625,-28450.060546875,-400000.0625,-27029.80078125,-400000.0625
119.35043525695801,-400000.0625,-42689.19140625,-28550.630859375,-400000.0625,-28436.66015625,-400000.0625,-27011.6796875,-400000.0625
119.3504388332367,-400000.0625,-42681.171875,-28541.66015625,-400000.0625,-28434.380859375,-400000.0625,-27001.5703125,-400000.0625
119.35044240951538,-400000.0625,-42686.66015625,-28549.630859375,-400000.0625,-28443.529296875,-400000.0625,-27007.060546875,-400000.0625
119.39810681343079,-400000.0625,-42706.109375,-28566.169921875,-400000.0625,-28456.55078125,-400000.0625,-27022.26953125,-400000.0625
119.40737342834473,-400000.0625,-42706.109375,-28564.650390625,-400000.0625,-28452.2109375,-400000.0625,-27026.0390625,-400000.0625
119.4116907119751,-400000.0625,-42686.75,-28547.48046875,-400000.0625,-28434.609375,-400000.0625,-27008.8203125,-400000.0625
119.41169857978821,-400000.0625,-42680.078125,-28539.369140625,-400000.0625,-28434.419921875,-400000.0625,-27002.859375,-400000.0625
119.41170287132263,-400000.0625,-42691.8984375,-28550.2890625,-400000.0625,-28447.439453125,-400000.0625,-27010.58984375,-400000.0625
119.4117066860199,-400000.0625,-42706.44921875,-28564.890625,-400000.0625,-28460.4609375,-400000.0625,-27027.1796875,-400000.0625
119.41171073913574,-400000.0625,-42712.21875,-28565.69921875,-400000.0625,-28459.119140625,-400000.0625,-27031.23046875,-400000.0625
119.41171455383301,-400000.0625,-42695.0,-28547.4296875,-400000.0625,-28444.25,-400000.0625,-27012.01953125,-400000.0625
119.4117181301117,-400000.0625,-42668.3515625,-28528.310546875,-400000.0625,-28429.029296875,-400000.0625,-27009.19921875,-400000.0625
119.41172170639038,-400000.0625,-42667.25,-28529.69921875,-400000.0625,-28431.75,-400000.0625,-27025.80078125,-400000.0625
119.41172647476196,-400000.0625,-42674.171875,-28535.890625,-400000.0625,-28441.9609375,-400000.0625,-27049.349609375,-400000.0625
119.41173005104065,-400000.0625,-42663.671875,-28527.359375,-400000.0625,-28440.099609375,-400000.0625,-27056.55078125,-400000.0625
119.41173362731934,-400000.0625,-42640.87890625,-28498.990234375,-400000.0625,-28420.7890625,-400000.0625,-27047.2109375,-400000.0625
119.41173696517944,-400000.0625,-42628.48046875,-28481.19921875,-400000.0625,-28415.01953125,-400000.0625,-27048.16015625,-400000.0625
119.41174054145813,-400000.0625,-42621.80859375,-28478.669921875,-400000.0625,-28421.01953125,-400000.0625,-27064.759765625,-400000.0625
119.41174411773682,-400000.0625,-42630.76953125,-28488.73046875,-400000.0625,-28429.69921875,-400000.0625,-27090.509765625,-400000.0625
119.45539879798889,-400000.0625,-42639.01953125,-28487.5390625,-400000.0625,-28427.650390625,-400000.0625,-27098.470703125,-400000.0625
119.46067261695862,-400000.0625,-42618.37890625,-28464.990234375,-400000.0625,-28410.91015625,-400000.0625,-27082.30078125,-400000.0625
119.46508812904358,-400000.0625,-42607.03125,-28455.259765625,-400000.0625,-28406.48046875,-400000.0625,-27074.48046875,-400000.0625
119.4650981426239,-400000.0625,-42615.28125,-28463.609375,-400000.0625,-28416.58984375,-400000.0625,-27083.640625,-400000.0625
119.46510219573975,-400000.0625,-42628.8203125,-28476.529296875,-400000.0625,-28430.1796875,-400000.0625,-27100.759765625,-400000.0625
119.46510696411133,-400000.0625,-42632.8203125,-28478.2890625,-400000.0625,-28427.939453125,-400000.0625,-27100.0390625,-400000.0625
119.4651107788086,-400000.0625,-42616.08984375,-28460.169921875,-400000.0625,-28410.390625,-400000.0625,-27081.830078125,-400000.0625
119.46511459350586,-400000.0625,-42609.3203125,-28449.8203125,-400000.0625,-28404.529296875,-400000.0625,-27072.05078125,-400000.0625
119.4651186466217,-400000.0625,-42621.19140625,-28460.599609375,-400000.0625,-28417.779296875,-400000.0625,-27077.439453125,-400000.0625
119.46512246131897,-400000.0625,-42634.87109375,-28474.140625,-400000.0625,-28428.83984375,-400000.0625,-27093.1796875,-400000.0625
119.46512603759766,-400000.0625,-42635.87890625,-28473.140625,-400000.0625,-28425.7890625,-400000.0625,-27096.130859375,-400000.0625
119.46512961387634,-400000.0625,-42621.19140625,-28458.359375,-400000.0625,-28410.869140625,-400000.0625,-27081.060546875,-400000.0625
119.46513295173645,-400000.0625,-42610.69921875,-28449.6796875,-400000.0625,-28405.669921875,-400000.0625,-27071.099609375,-400000.0625
119.46513652801514,-400000.0625,-42619.609375,-28456.01953125,-400000.0625,-28415.6796875,-400000.0625,-27077.919921875,-400000.0625
119.46513986587524,-400000.0625,-42636.58984375,-28470.759765625,-400000.0625,-28425.69921875,-400000.0625,-27095.990234375,-400000.0625
119.46514320373535,-400000.0625,-42638.2109375,-28473.619140625,-400000.0625,-28426.3203125,-400000.0625,-27097.66015625,-400000.0625
119.53682351112366,-400000.0625,-42620.51953125,-28456.259765625,-400000.0625,-28411.9609375,-400000.0625,-27080.58984375,-400000.0625
119.54574680328369,-400000.0625,-42612.41015625,-28447.109375,-400000.0625,-28407.76953125,-400000.0625,-27070.380859375,-400000.0625
119.55055332183838,-400000.0625,-42621.671875,-28455.359375,-400000.0625,-28416.58984375,-400000.0625,-27078.25,-400000.0625
119.55056285858154,-400000.0625,-42635.3984375,-28469.1796875,-400000.0625,-28428.75,-400000.0625,-27095.849609375,-400000.0625
119.55056715011597,-400000.0625,-42637.9296875,-28471.4296875,-400000.0625,-28427.7890625,-400000.0625,-27100.279296875,-400000.0625
119.55057120323181,-400000.0625,-42626.33984375,-28456.740234375,-400000.0625,-28412.150390625,-400000.0625,-27080.73046875,-400000.0625
119.5505747795105,-400000.0625,-42613.69921875,-28445.9609375,-400000.0625,-28406.240234375,-400000.0625,-27074.76953125,-400000.0625
119.55057859420776,-400000.0625,-42619.140625,-28454.640625,-400000.0625,-28416.349609375,-400000.0625,-27081.6796875,-400000.0625
119.55058217048645,-400000.0625,-42637.69140625,-28471.759765625,-400000.0625,-28430.66015625,-400000.0625,-27098.990234375,-400000.0625
119.55058598518372,-400000.0625,-42642.6484375,-28476.150390625,-400000.0625,-28430.509765625,-400000.0625,-27102.279296875,-400000.0625
119.55058932304382,-400000.0625,-42623.328125,-28458.41015625,-400000.0625,-28411.009765625,-400000.0625,-27082.640625,-400000.0625
119.55059289932251,-400000.0625,-42611.6484375,-28447.73046875,-400000.0625,-28406.099609375,-400000.0625,-27073.390625,-400000.0625
119.55059671401978,-400000.0625,-42622.19140625,-28456.98046875,-400000.0625,-28418.58984375,-400000.0625,-27080.73046875,-400000.0625
119.55060029029846,-400000.0625,-42637.87890625,-28472.279296875,-400000.0625,-28430.890625,-400000.0625,-27094.69921875,-400000.0625
119.55060505867004,-400000.0625,-42635.30078125,-28471.810546875,-400000.0625,-28426.75,-400000.0625,-27097.419921875,-400000.0625
119.55060863494873,-400000.0625,-42619.94921875,-28453.880859375,-400000.0625,-28411.109375,-400000.0625,-27079.390625,-400000.0625
119.64784622192383,-400000.0625,-42613.078125,-28446.8203125,-400000.0625,-28407.720703125,-400000.0625,-27068.5703125,-400000.0625
119.65733909606934,-400000.0625,-42620.19140625,-28456.310546875,-400000.0625,-28420.119140625,-400000.0625,-27078.25,-400000.0625
119.66166853904724,-400000.0625,-42638.30859375,-28473.0,-400000.0625,-28436.279296875,-400000.0625,-27093.75,-400000.0625
119.66167640686035,-400000.0625,-42643.41015625,-28475.0,-400000.0625,-28430.26953125,-400000.0625,-27096.369140625,-400000.0625
119.66168093681335,-400000.0625,-42621.671875,-28456.9296875,-400000.0625,-28408.009765625,-400000.0625,-27080.73046875,-400000.0625
119.66168475151062,-400000.0625,-42612.890625,-28450.439453125,-400000.0625,-28407.669921875,-400000.0625,-27072.9609375,-400000.0625
119.66168856620789,-400000.0625,-42622.5703125,-28457.9296875,-400000.0625,-28420.880859375,-400000.0625,-27081.30078125,-400000.0625
119.66169238090515,-400000.0625,-42637.5390625,-28470.23046875,-400000.0625,-28433.279296875,-400000.0625,-27096.609375,-400000.0625
119.66169595718384,-400000.0625,-42639.98046875,-28473.669921875,-400000.0625,-28430.990234375,-400000.0625,-27100.380859375,-400000.0625
119.6616997718811,-400000.0625,-42620.7109375,-28454.830078125,-400000.0625,-28410.529296875,-400000.0625,-27082.830078125,-400000.0625
119.66170382499695,-400000.0625,-42612.41015625,-28445.6796875,-400000.0625,-28408.580078125,-400000.0625,-27072.619140625,-400000.0625
119.66170716285706,-400000.0625,-42619.37890625,-28455.44921875,-400000.0625,-28421.41015625,-400000.0625,-27082.060546875,-400000.0625
119.66171097755432,-400000.0625,-42636.48828125,-28473.189453125,-400000.0625,-28432.900390625,-400000.0625,-27096.080078125,-400000.0625
119.66171455383301,-400000.0625,-42640.828125,-28474.669921875,-400000.0625,-28429.3203125,-400000.0625,-27099.419921875,-400000.0625
119.6617181301117,-400000.0625,-42622.94921875,-28457.0703125,-400000.0625,-28411.919921875,-400000.0625,-27081.349609375,-400000.0625
119.66172194480896,-400000.0625,-42616.421875,-28448.349609375,-400000.0625,-28411.8203125,-400000.0625,-27073.009765625,-400000.0625
119.66172575950623,-400000.0625,-42625.37890625,-28455.310546875,-400000.0625,-28422.83984375,-400000.0625,-27080.830078125,-400000.0625
119.66172981262207,-400000.0625,-42641.6015625,-28474.330078125,-400000.0625,-28435.189453125,-400000.0625,-27094.3203125,-400000.0625
119.66173362731934,-400000.0625,-42645.171875,-28478.099609375,-400000.0625,-28434.140625,-400000.0625,-27098.130859375,-400000.0625
119.66173720359802,-400000.0625,-42622.37890625,-28458.880859375,-400000.0625,-28413.970703125,-400000.0625,-27084.16015625,-400000.0625
119.66174077987671,-400000.0625,-42612.3203125,-28449.009765625,-400000.0625,-28406.4296875,-400000.0625,-27074.19921875,-400000.0625
119.6617443561554,-400000.0625,-42625.2890625,-28457.599609375,-400000.0625,-28420.830078125,-400000.0625,-27081.5390625,-400000.0625
119.66174817085266,-400000.0625,-42642.30859375,-28474.0,-400000.0625,-28435.759765625,-400000.0625,-27094.419921875,-400000.0625
119.66175198554993,-400000.0625,-42645.3203125,-28478.05078125,-400000.0625,-28434.94921875,-400000.0625,-27096.560546875,-400000.0625
119.66175556182861,-400000.0625,-42627.859375,-28457.599609375,-400000.0625,-28415.349609375,-400000.0625,-27079.869140625,-400000.0625
119.66175889968872,-400000.0625,-42620.0,-28447.73046875,-400000.0625,-28408.8203125,-400000.0625,-27070.189453125,-400000.0625
119.66176247596741,-400000.0625,-42627.71875,-28459.599609375,-400000.0625,-28422.7890625,-400000.0625,-27080.109375,-400000.0625
119.6617660522461,-400000.0625,-42641.87890625,-28474.619140625,-400000.0625,-28435.189453125,-400000.0625,-27097.66015625,-400000.0625
119.66176962852478,-400000.0625,-42648.421875,-28477.8203125,-400000.0625,-28434.380859375,-400000.0625,-27100.380859375,-400000.0625
119.66177296638489,-400000.0625,-42628.76953125,-28459.650390625,-400000.0625,-28414.490234375,-400000.0625,-27081.44921875,-400000.0625
119.66177654266357,-400000.0625,-42620.80859375,-28451.109375,-400000.0625,-28409.009765625,-400000.0625,-27072.720703125,-400000.0625
119.66178011894226,-400000.0625,-42633.58984375,-28460.3203125,-400000.0625,-28423.650390625,-400000.0625,-27079.869140625,-400000.0625
119.7242865562439,-400000.0625,-42649.37109375,-28477.150390625,-400000.0625,-28434.900390625,-400000.0625,-27095.3203125,-400000.0625
119.72937202453613,-400000.0625,-42653.76171875,-28479.76953125,-400000.0625,-28432.900390625,-400000.0625,-27101.94921875,-400000.0625
119.7340157032013,-400000.0625,-42638.73828125,-28459.5,-400000.0625,-28415.58984375,-400000.0625,-27082.779296875,-400000.0625
119.73402571678162,-400000.0625,-42633.8203125,-28450.970703125,-400000.0625,-28408.33984375,-400000.0625,-27074.8203125,-400000.0625
119.73403024673462,-400000.0625,-42648.26953125,-28452.16015625,-400000.0625,-28420.7890625,-400000.0625,-27084.400390625,-400000.0625
119.73403477668762,-400000.0625,-42671.78125,-28468.990234375,-400000.0625,-28432.419921875,-400000.0625,-27093.41015625,-400000.0625
119.73404002189636,-400000.0625,-42669.58984375,-28461.029296875,-400000.0625,-28420.880859375,-400000.0625,-27087.9296875,-400000.0625
119.7340440750122,-400000.0625,-42657.19140625,-28457.119140625,-400000.0625,-28402.5703125,-400000.0625,-27084.880859375,-400000.0625
119.7340476512909,-400000.0625,-42640.01953125,-28470.849609375,-400000.0625,-28399.759765625,-400000.0625,-27088.029296875,-400000.0625
119.73405122756958,-400000.0625,-42648.98828125,-28472.05078125,-400000.0625,-28406.0,-400000.0625,-27098.419921875,-400000.0625
119.73405456542969,-400000.0625,-42677.87890625,-28464.849609375,-400000.0625,-28403.4296875,-400000.0625,-27099.990234375,-400000.0625
119.73405814170837,-400000.0625,-42703.62890625,-28463.3203125,-400000.0625,-28384.259765625,-400000.0625,-27103.08984375,-400000.0625
119.73406147956848,-400000.0625,-42689.8984375,-28478.669921875,-400000.0625,-28362.94921875,-400000.0625,-27106.76953125,-400000.0625
119.73406505584717,-400000.0625,-42687.8984375,-28487.970703125,-400000.0625,-28354.55078125,-400000.0625,-27112.33984375,-400000.0625
119.73406863212585,-400000.0625,-42699.6796875,-28489.119140625,-400000.0625,-28347.349609375,-400000.0625,-27130.369140625,-400000.0625
119.73407244682312,-400000.0625,-42744.828125,-28510.189453125,-400000.0625,-28343.970703125,-400000.0625,-27151.779296875,-400000.0625
119.78071594238281,-400000.0625,-42773.19921875,-28518.30078125,-400000.0625,-28329.0390625,-400000.0625,-27159.98046875,-400000.0625
119.79014945030212,-400000.0625,-42778.44921875,-28507.380859375,-400000.0625,-28292.51953125,-400000.0625,-27154.640625,-400000.0625
119.79439735412598,-400000.0625,-42792.08984375,-28509.51953125,-400000.0625,-28271.869140625,-400000.0625,-27163.990234375,-400000.0625
119.79440546035767,-400000.0625,-42812.640625,-28523.970703125,-400000.0625,-28270.919921875,-400000.0625,-27188.970703125,-400000.0625
119.79440975189209,-400000.0625,-42850.0703125,-28542.94921875,-400000.0625,-28279.779296875,-400000.0625,-27211.91015625,-400000.0625
119.79441380500793,-400000.0625,-42867.140625,-28549.9609375,-400000.0625,-28271.009765625,-400000.0625,-27220.109375,-400000.0625
119.79441809654236,-400000.0625,-42859.51171875,-28535.130859375,-400000.0625,-28249.41015625,-400000.0625,-27207.0,-400000.0625
119.7944221496582,-400000.0625,-42859.26953125,-28525.2109375,-400000.0625,-28239.109375,-400000.0625,-27206.7109375,-400000.0625
119.79442596435547,-400000.0625,-42867.140625,-28529.26953125,-400000.0625,-28248.26953125,-400000.0625,-27215.91015625,-400000.0625
119.79443001747131,-400000.0625,-42876.1484375,-28541.66015625,-400000.0625,-28260.0390625,-400000.0625,-27230.650390625,-400000.0625
119.79443430900574,-400000.0625,-42881.5390625,-28544.05078125,-400000.0625,-28268.669921875,-400000.0625,-27237.66015625,-400000.0625
119.79443836212158,-400000.0625,-42868.91015625,-28525.44921875,-400000.0625,-28258.279296875,-400000.0625,-27222.30078125,-400000.0625
119.79444193840027,-400000.0625,-42852.9296875,-28515.529296875,-400000.0625,-28256.23046875,-400000.0625,-27211.2890625,-400000.0625
119.79444551467896,-400000.0625,-42854.26953125,-28522.109375,-400000.0625,-28273.16015625,-400000.0625,-27219.630859375,-400000.0625
119.79444909095764,-400000.0625,-42858.26953125,-28536.470703125,-400000.0625,-28291.66015625,-400000.0625,-27232.130859375,-400000.0625
119.79445314407349,-400000.0625,-42850.0703125,-28538.560546875,-400000.0625,-28296.900390625,-400000.0625,-27228.359375,-400000.0625
119.84294724464417,-400000.0625,-42824.80078125,-28517.19921875,-400000.0625,-28285.4609375,-400000.0625,-27202.470703125,-400000.0625
119.84789395332336,-400000.0625,-42801.71875,-28502.849609375,-400000.0625,-28285.939453125,-400000.0625,-27190.0703125,-400000.0625
119.84790349006653,-400000.0625,-42802.19921875,-28509.51953125,-400000.0625,-28307.109375,-400000.0625,-27193.220703125,-400000.0625
119.84790825843811,-400000.0625,-42809.2109375,-28522.30078125,-400000.0625,-28326.23046875,-400000.0625,-27205.759765625,-400000.0625
119.84791231155396,-400000.0625,-42796.94921875,-28520.73046875,-400000.0625,-28327.75,-400000.0625,-27206.5703125,-400000.0625
119.84791684150696,-400000.0625,-42770.1484375,-28502.419921875,-400000.0625,-28313.779296875,-400000.0625,-27184.919921875,-400000.0625
119.8479208946228,-400000.0625,-42752.03125,-28488.830078125,-400000.0625,-28312.640625,-400000.0625,-27171.470703125,-400000.0625
119.84792470932007,-400000.0625,-42753.6484375,-28492.880859375,-400000.0625,-28331.240234375,-400000.0625,-27176.189453125,-400000.0625
119.84792828559875,-400000.0625,-42760.421875,-28505.5703125,-400000.0625,-28350.880859375,-400000.0625,-27190.779296875,-400000.0625
119.84793210029602,-400000.0625,-42756.51171875,-28507.05078125,-400000.0625,-28354.119140625,-400000.0625,-27189.01953125,-400000.0625
119.8479356765747,-400000.0625,-42731.390625,-28486.109375,-400000.0625,-28342.16015625,-400000.0625,-27164.41015625,-400000.0625
119.84793972969055,-400000.0625,-42712.69140625,-28473.0,-400000.0625,-28344.58984375,-400000.0625,-27149.5390625,-400000.0625
119.84794354438782,-400000.0625,-42711.69140625,-28479.91015625,-400000.0625,-28357.80078125,-400000.0625,-27155.0703125,-400000.0625
119.84794759750366,-400000.0625,-42723.328125,-28493.259765625,-400000.0625,-28374.25,-400000.0625,-27167.369140625,-400000.0625
119.8479516506195,-400000.0625,-42716.890625,-28491.310546875,-400000.0625,-28378.5390625,-400000.0625,-27163.369140625,-400000.0625
119.84795546531677,-400000.0625,-42692.4296875,-28472.140625,-400000.0625,-28361.419921875,-400000.0625,-27139.7109375,-400000.0625
119.91445088386536,-400000.0625,-42677.4609375,-28459.310546875,-400000.0625,-28356.169921875,-400000.0625,-27128.560546875,-400000.0625
119.92526030540466,-400000.0625,-42673.87890625,-28461.029296875,-400000.0625,-28368.51953125,-400000.0625,-27135.5703125,-400000.0625
119.9299521446228,-400000.0625,-42686.66015625,-28474.48046875,-400000.0625,-28386.640625,-400000.0625,-27145.439453125,-400000.0625
119.92996072769165,-400000.0625,-42685.80078125,-28476.810546875,-400000.0625,-28393.4609375,-400000.0625,-27146.390625,-400000.0625
119.92996525764465,-400000.0625,-42663.578125,-28457.259765625,-400000.0625,-28378.109375,-400000.0625,-27128.509765625,-400000.0625
119.92996954917908,-400000.0625,-42649.55859375,-28445.6796875,-400000.0625,-28374.2890625,-400000.0625,-27114.349609375,-400000.0625
119.92997360229492,-400000.0625,-42652.51953125,-28451.830078125,-400000.0625,-28389.080078125,-400000.0625,-27119.970703125,-400000.0625
119.92997813224792,-400000.0625,-42666.921875,-28466.66015625,-400000.0625,-28402.279296875,-400000.0625,-27132.849609375,-400000.0625
119.92998218536377,-400000.0625,-42663.87109375,-28464.1796875,-400000.0625,-28401.189453125,-400000.0625,-27134.990234375,-400000.0625
119.92998600006104,-400000.0625,-42641.69140625,-28446.630859375,-400000.0625,-28383.0703125,-400000.0625,-27115.869140625,-400000.0625
119.92998957633972,-400000.0625,-42629.48828125,-28438.05078125,-400000.0625,-28382.880859375,-400000.0625,-27103.380859375,-400000.0625
119.92999315261841,-400000.0625,-42630.33984375,-28442.33984375,-400000.0625,-28397.849609375,-400000.0625,-27113.349609375,-400000.0625
119.92999696731567,-400000.0625,-42645.41015625,-28457.029296875,-400000.0625,-28412.76953125,-400000.0625,-27126.41015625,-400000.0625
119.93000054359436,-400000.0625,-42643.03125,-28456.599609375,-400000.0625,-28412.19921875,-400000.0625,-27126.890625,-400000.0625
119.93000411987305,-400000.0625,-42620.8984375,-28436.0,-400000.0625,-28396.7109375,-400000.0625,-27107.150390625,-400000.0625
119.93000841140747,-400000.0625,-42610.078125,-28422.9296875,-400000.0625,-28392.220703125,-400000.0625,-27094.650390625,-400000.0625
120.0168821811676,-400000.0625,-42611.94140625,-28428.890625,-400000.0625,-28403.51953125,-400000.0625,-27102.51953125,-400000.0625
120.02619910240173,-400000.0625,-42628.8203125,-28447.76953125,-400000.0625,-28418.970703125,-400000.0625,-27118.970703125,-400000.0625
120.0309956073761,-400000.0625,-42631.01171875,-28451.490234375,-400000.0625,-28416.73046875,-400000.0625,-27123.259765625,-400000.0625
120.03100609779358,-400000.0625,-42613.609375,-28433.759765625,-400000.0625,-28401.140625,-400000.0625,-27103.619140625,-400000.0625
120.03101062774658,-400000.0625,-42603.828125,-28424.41015625,-400000.0625,-28399.23046875,-400000.0625,-27094.220703125,-400000.0625
120.03101587295532,-400000.0625,-42608.12109375,-28432.900390625,-400000.0625,-28407.859375,-400000.0625,-27101.380859375,-400000.0625
120.03102040290833,-400000.0625,-42622.2890625,-28449.919921875,-400000.0625,-28420.640625,-400000.0625,-27115.009765625,-400000.0625
120.03102445602417,-400000.0625,-42623.48046875,-28448.919921875,-400000.0625,-28420.55078125,-400000.0625,-27116.5390625,-400000.0625
120.03102898597717,-400000.0625,-42601.5390625,-28427.599609375,-400000.0625,-28405.05078125,-400000.0625,-27097.3203125,-400000.0625
120.03103303909302,-400000.0625,-42592.44140625,-28416.970703125,-400000.0625,-28398.609375,-400000.0625,-27087.0703125,-400000.0625
120.03103709220886,-400000.0625,-42597.3515625,-28422.359375,-400000.0625,-28409.529296875,-400000.0625,-27094.890625,-400000.0625
120.03104090690613,-400000.0625,-42611.4609375,-28438.2890625,-400000.0625,-28422.83984375,-400000.0625,-27110.099609375,-400000.0625
120.0310447216034,-400000.0625,-42618.28125,-28443.580078125,-400000.0625,-28422.310546875,-400000.0625,-27113.630859375,-400000.0625
120.03104829788208,-400000.0625,-42597.30078125,-28424.359375,-400000.0625,-28407.91015625,-400000.0625,-27100.0390625,-400000.0625
120.03105235099792,-400000.0625,-42585.80859375,-28414.6796875,-400000.0625,-28404.810546875,-400000.0625,-27086.0703125,-400000.0625
120.03105616569519,-400000.0625,-42594.390625,-28422.740234375,-400000.0625,-28411.25,-400000.0625,-27090.310546875,-400000.0625
120.03241634368896,-400000.0625,-42608.98046875,-28438.94921875,-400000.0625,-28424.55078125,-400000.0625,-27106.48046875,-400000.0625
120.03743577003479,-400000.0625,-42611.7890625,-28441.099609375,-400000.0625,-28425.41015625,-400000.0625,-27108.240234375,-400000.0625
120.0419762134552,-400000.0625,-42593.62890625,-28422.310546875,-400000.0625,-28406.76953125,-400000.0625,-27089.169921875,-400000.0625
120.04198670387268,-400000.0625,-42582.1796875,-28408.91015625,-400000.0625,-28397.900390625,-400000.0625,-27079.970703125,-400000.0625
120.04199123382568,-400000.0625,-42586.4296875,-28416.109375,-400000.0625,-28410.390625,-400000.0625,-27089.83984375,-400000.0625
120.041996717453,-400000.0625,-42602.3984375,-28432.08984375,-400000.0625,-28423.5,-400000.0625,-27107.0,-400000.0625
120.04200100898743,-400000.0625,-42605.73828125,-28434.330078125,-400000.0625,-28422.44921875,-400000.0625,-27112.630859375,-400000.0625
120.04200577735901,-400000.0625,-42590.48046875,-28420.400390625,-400000.0625,-28409.48046875,-400000.0625,-27093.26953125,-400000.0625
120.04200983047485,-400000.0625,-42582.94921875,-28412.439453125,-400000.0625,-28401.810546875,-400000.0625,-27082.259765625,-400000.0625
120.04201412200928,-400000.0625,-42587.4296875,-28420.169921875,-400000.0625,-28413.16015625,-400000.0625,-27094.3203125,-400000.0625
120.0420184135437,-400000.0625,-42604.3984375,-28438.0,-400000.0625,-28426.83984375,-400000.0625,-27104.08984375,-400000.0625
120.04202246665955,-400000.0625,-42610.26953125,-28448.439453125,-400000.0625,-28431.08984375,-400000.0625,-27095.849609375,-400000.0625
120.04202675819397,-400000.0625,-42595.76953125,-28436.759765625,-400000.0625,-28415.640625,-400000.0625,-27078.30078125,-400000.0625
120.04203081130981,-400000.0625,-42585.80859375,-28425.509765625,-400000.0625,-28404.720703125,-400000.0625,-27069.4296875,-400000.0625
120.04203534126282,-400000.0625,-42594.578125,-28431.990234375,-400000.0625,-28412.439453125,-400000.0625,-27072.580078125,-400000.0625
120.04203939437866,-400000.0625,-42612.890625,-28451.970703125,-400000.0625,-28429.029296875,-400000.0625,-27086.9296875,-400000.0625
120.09556698799133,-400000.0625,-42614.51171875,-28457.259765625,-400000.0625,-28430.080078125,-400000.0625,-27087.01953125,-400000.0625
120.10099506378174,-400000.0625,-42595.44140625,-28438.4296875,-400000.0625,-28412.6796875,-400000.0625,-27072.0,-400000.0625
120.10542249679565,-400000.0625,-42582.46875,-28427.560546875,-400000.0625,-28406.189453125,-400000.0625,-27060.80078125,-400000.0625
120.10553622245789,-400000.0625,-42588.5703125,-28435.279296875,-400000.0625,-28416.490234375,-400000.0625,-27064.369140625,-400000.0625
120.10554051399231,-400000.0625,-42602.828125,-28449.73046875,-400000.0625,-28431.3203125,-400000.0625,-27079.73046875,-400000.0625
120.10554456710815,-400000.0625,-42609.03125,-28455.310546875,-400000.0625,-28431.23046875,-400000.0625,-27086.119140625,-400000.0625
120.10554838180542,-400000.0625,-42593.578125,-28438.859375,-400000.0625,-28412.19921875,-400000.0625,-27069.7109375,-400000.0625
120.10555171966553,-400000.0625,-42580.0390625,-28427.560546875,-400000.0625,-28406.619140625,-400000.0625,-27062.0390625,-400000.0625
120.10555529594421,-400000.0625,-42590.33984375,-28435.380859375,-400000.0625,-28418.970703125,-400000.0625,-27068.5703125,-400000.0625
120.1055588722229,-400000.0625,-42605.44921875,-28449.630859375,-400000.0625,-28436.0390625,-400000.0625,-27083.01953125,-400000.0625
120.10556316375732,-400000.0625,-42607.03125,-28450.2109375,-400000.0625,-28428.4609375,-400000.0625,-27086.5,-400000.0625
120.10556650161743,-400000.0625,-42591.1484375,-28433.849609375,-400000.0625,-28406.669921875,-400000.0625,-27068.51953125,-400000.0625
120.10557007789612,-400000.0625,-42580.1796875,-28426.560546875,-400000.0625,-28405.48046875,-400000.0625,-27054.98046875,-400000.0625
120.1055736541748,-400000.0625,-42587.05078125,-28431.560546875,-400000.0625,-28419.0703125,-400000.0625,-27065.279296875,-400000.0625
120.10557723045349,-400000.0625,-42602.3515625,-28445.9609375,-400000.0625,-28430.890625,-400000.0625,-27081.400390625,-400000.0625
120.10558080673218,-400000.0625,-42609.03125,-28453.9296875,-400000.0625,-28428.990234375,-400000.0625,-27084.5,-400000.0625
120.17295455932617,-400000.0625,-42589.71875,-28436.849609375,-400000.0625,-28411.8203125,-400000.0625,-27066.51953125,-400000.0625
120.1824004650116,-400000.0625,-42580.421875,-28427.83984375,-400000.0625,-28405.529296875,-400000.0625,-27055.69921875,-400000.0625
120.18706107139587,-400000.0625,-42589.80859375,-28435.23046875,-400000.0625,-28415.779296875,-400000.0625,-27063.849609375,-400000.0625
120.18707132339478,-400000.0625,-42603.78125,-28448.439453125,-400000.0625,-28428.83984375,-400000.0625,-27080.73046875,-400000.0625
120.18707633018494,-400000.0625,-42607.41015625,-28452.01953125,-400000.0625,-28431.939453125,-400000.0625,-27084.5390625,-400000.0625
120.18708062171936,-400000.0625,-42593.671875,-28437.7109375,-400000.0625,-28420.01953125,-400000.0625,-27067.94921875,-400000.0625
120.1870846748352,-400000.0625,-42583.66015625,-28430.23046875,-400000.0625,-28409.19921875,-400000.0625,-27062.0390625,-400000.0625
120.18709135055542,-400000.0625,-42589.859375,-28436.140625,-400000.0625,-28419.44921875,-400000.0625,-27068.240234375,-400000.0625
120.18709540367126,-400000.0625,-42605.30859375,-28448.390625,-400000.0625,-28436.08984375,-400000.0625,-27081.30078125,-400000.0625
120.18709897994995,-400000.0625,-42612.26953125,-28452.259765625,-400000.0625,-28436.810546875,-400000.0625,-27083.44921875,-400000.0625
120.18710279464722,-400000.0625,-42595.01171875,-28436.240234375,-400000.0625,-28416.919921875,-400000.0625,-27063.900390625,-400000.0625
120.18710684776306,-400000.0625,-42584.8515625,-28426.220703125,-400000.0625,-28406.189453125,-400000.0625,-27055.4609375,-400000.0625
120.18711066246033,-400000.0625,-42589.48046875,-28432.23046875,-400000.0625,-28416.880859375,-400000.0625,-27062.609375,-400000.0625
120.18711423873901,-400000.0625,-42605.2109375,-28449.490234375,-400000.0625,-28434.94921875,-400000.0625,-27078.8203125,-400000.0625
120.1871178150177,-400000.0625,-42613.421875,-28454.2109375,-400000.0625,-28433.759765625,-400000.0625,-27083.73046875,-400000.0625
120.18712139129639,-400000.0625,-42595.05859375,-28434.94921875,-400000.0625,-28416.919921875,-400000.0625,-27066.900390625,-400000.0625
120.2254524230957,-400000.0625,-42581.23046875,-28424.220703125,-400000.0625,-28411.109375,-400000.0625,-27055.359375,-400000.0625
120.23053216934204,-400000.0625,-42589.19140625,-28431.80078125,-400000.0625,-28419.55078125,-400000.0625,-27060.69921875,-400000.0625
120.23515558242798,-400000.0625,-42606.21875,-28450.2109375,-400000.0625,-28438.189453125,-400000.0625,-27072.859375,-400000.0625
120.23516583442688,-400000.0625,-42609.55078125,-28452.01953125,-400000.0625,-28436.140625,-400000.0625,-27079.779296875,-400000.0625
120.23517060279846,-400000.0625,-42587.5703125,-28433.369140625,-400000.0625,-28411.580078125,-400000.0625,-27061.75,-400000.0625
120.23517537117004,-400000.0625,-42575.94140625,-28423.5,-400000.0625,-28405.380859375,-400000.0625,-27050.740234375,-400000.0625
120.23517918586731,-400000.0625,-42582.55859375,-28428.029296875,-400000.0625,-28415.970703125,-400000.0625,-27056.98046875,-400000.0625
120.23518300056458,-400000.0625,-42599.5390625,-28443.720703125,-400000.0625,-28429.369140625,-400000.0625,-27070.810546875,-400000.0625
120.23518657684326,-400000.0625,-42604.12109375,-28448.630859375,-400000.0625,-28429.029296875,-400000.0625,-27073.580078125,-400000.0625
120.23518991470337,-400000.0625,-42589.2890625,-28432.369140625,-400000.0625,-28413.009765625,-400000.0625,-27059.609375,-400000.0625
120.23519349098206,-400000.0625,-42578.55859375,-28422.169921875,-400000.0625,-28409.869140625,-400000.0625,-27049.9296875,-400000.0625
120.23519706726074,-400000.0625,-42579.609375,-28426.3203125,-400000.0625,-28417.970703125,-400000.0625,-27054.98046875,-400000.0625
120.23520064353943,-400000.0625,-42590.05078125,-28439.380859375,-400000.0625,-28428.509765625,-400000.0625,-27070.05078125,-400000.0625
120.23520421981812,-400000.0625,-42600.30078125,-28448.25,-400000.0625,-28432.130859375,-400000.0625,-27074.76953125,-400000.0625
120.23520755767822,-400000.0625,-42585.5703125,-28430.890625,-400000.0625,-28414.30078125,-400000.0625,-27058.650390625,-400000.0625
120.23521137237549,-400000.0625,-42572.4609375,-28419.55078125,-400000.0625,-28410.630859375,-400000.0625,-27049.970703125,-400000.0625
120.29805755615234,-400000.0625,-42584.28125,-28428.75,-400000.0625,-28423.029296875,-400000.0625,-27055.83984375,-400000.0625
120.30790996551514,-400000.0625,-42609.359375,-28447.580078125,-400000.0625,-28438.140625,-400000.0625,-27072.189453125,-400000.0625
120.31231880187988,-400000.0625,-42608.03125,-28447.25,-400000.0625,-28437.900390625,-400000.0625,-27073.390625,-400000.0625
120.31232762336731,-400000.0625,-42574.41015625,-28425.119140625,-400000.0625,-28411.109375,-400000.0625,-27055.740234375,-400000.0625
120.31233239173889,-400000.0625,-42561.109375,-28411.8203125,-400000.0625,-28399.1796875,-400000.0625,-27054.119140625,-400000.0625
120.31233716011047,-400000.0625,-42569.9296875,-28416.44921875,-400000.0625,-28410.390625,-400000.0625,-27069.189453125,-400000.0625
120.31234097480774,-400000.0625,-42590.4296875,-28430.75,-400000.0625,-28430.0390625,-400000.0625,-27085.5,-400000.0625
120.31234574317932,-400000.0625,-42589.671875,-28430.1796875,-400000.0625,-28424.98046875,-400000.0625,-27094.1796875,-400000.0625
120.31234955787659,-400000.0625,-42566.828125,-28409.580078125,-400000.0625,-28403.94921875,-400000.0625,-27078.8203125,-400000.0625
120.31235408782959,-400000.0625,-42556.71875,-28401.619140625,-400000.0625,-28404.810546875,-400000.0625,-27067.759765625,-400000.0625
120.31235909461975,-400000.0625,-42563.78125,-28407.76953125,-400000.0625,-28415.640625,-400000.0625,-27074.630859375,-400000.0625
120.3123631477356,-400000.0625,-42579.55859375,-28421.98046875,-400000.0625,-28427.650390625,-400000.0625,-27095.4609375,-400000.0625
120.31236720085144,-400000.0625,-42591.05078125,-28430.890625,-400000.0625,-28431.0390625,-400000.0625,-27097.66015625,-400000.0625
120.31237149238586,-400000.0625,-42574.6015625,-28413.490234375,-400000.0625,-28413.490234375,-400000.0625,-27080.349609375,-400000.0625
120.31237554550171,-400000.0625,-42562.58984375,-28400.0390625,-400000.0625,-28403.619140625,-400000.0625,-27071.0,-400000.0625
120.31237936019897,-400000.0625,-42570.30859375,-28408.099609375,-400000.0625,-28412.630859375,-400000.0625,-27075.33984375,-400000.0625
120.38540530204773,-400000.0625,-42582.37109375,-28423.41015625,-400000.0625,-28426.599609375,-400000.0625,-27086.98046875,-400000.0625
120.39170098304749,-400000.0625,-42586.859375,-28427.080078125,-400000.0625,-28427.4609375,-400000.0625,-27092.029296875,-400000.0625
120.39645576477051,-400000.0625,-42573.078125,-28409.8203125,-400000.0625,-28410.630859375,-400000.0625,-27076.25,-400000.0625
120.39646553993225,-400000.0625,-42559.6796875,-28396.66015625,-400000.0625,-28404.759765625,-400000.0625,-27067.140625,-400000.0625
120.39647054672241,-400000.0625,-42562.78125,-28402.7109375,-400000.0625,-28408.9609375,-400000.0625,-27075.19921875,-400000.0625
120.39647507667542,-400000.0625,-42580.08984375,-28420.400390625,-400000.0625,-28423.55078125,-400000.0625,-27088.44921875,-400000.0625
120.39647912979126,-400000.0625,-42582.328125,-28423.220703125,-400000.0625,-28425.55078125,-400000.0625,-27097.75,-400000.0625
120.39648294448853,-400000.0625,-42567.58984375,-28406.4296875,-400000.0625,-28409.439453125,-400000.0625,-27079.6796875,-400000.0625
120.39648675918579,-400000.0625,-42558.05859375,-28396.08984375,-400000.0625,-28399.7109375,-400000.0625,-27068.189453125,-400000.0625
120.3964912891388,-400000.0625,-42563.3984375,-28402.759765625,-400000.0625,-28412.349609375,-400000.0625,-27076.439453125,-400000.0625
120.3964958190918,-400000.0625,-42579.69921875,-28419.9296875,-400000.0625,-28428.1796875,-400000.0625,-27091.650390625,-400000.0625
120.39650011062622,-400000.0625,-42584.0390625,-28423.740234375,-400000.0625,-28426.4609375,-400000.0625,-27093.939453125,-400000.0625
120.39650416374207,-400000.0625,-42566.78125,-28406.099609375,-400000.0625,-28406.91015625,-400000.0625,-27077.9609375,-400000.0625
120.39650845527649,-400000.0625,-42551.62109375,-28391.220703125,-400000.0625,-28400.7109375,-400000.0625,-27066.330078125,-400000.0625
120.39651250839233,-400000.0625,-42558.25,-28399.80078125,-400000.0625,-28414.30078125,-400000.0625,-27070.099609375,-400000.0625
120.39651656150818,-400000.0625,-42577.078125,-28417.5390625,-400000.0625,-28427.080078125,-400000.0625,-27084.689453125,-400000.0625
120.42066287994385,-400000.0625,-42580.08984375,-28420.259765625,-400000.0625,-28422.650390625,-400000.0625,-27091.55078125,-400000.0625
120.43093252182007,-400000.0625,-42560.921875,-28401.759765625,-400000.0625,-28404.810546875,-400000.0625,-27076.490234375,-400000.0625
120.43593072891235,-400000.0625,-42550.8984375,-28393.80078125,-400000.0625,-28395.849609375,-400000.0625,-27065.08984375,-400000.0625
120.4359438419342,-400000.0625,-42560.30078125,-28402.859375,-400000.0625,-28410.009765625,-400000.0625,-27070.669921875,-400000.0625
120.43594813346863,-400000.0625,-42576.6015625,-28415.970703125,-400000.0625,-28428.75,-400000.0625,-27087.640625,-400000.0625
120.44050669670105,-400000.0625,-42581.66015625,-28421.310546875,-400000.0625,-28428.609375,-400000.0625,-27092.080078125,-400000.0625
120.44051694869995,-400000.0625,-42567.5,-28406.76953125,-400000.0625,-28414.6796875,-400000.0625,-27075.009765625,-400000.0625
120.44052171707153,-400000.0625,-42554.91015625,-28394.029296875,-400000.0625,-28406.580078125,-400000.0625,-27063.80078125,-400000.0625
120.4405255317688,-400000.0625,-42556.859375,-28400.619140625,-400000.0625,-28413.009765625,-400000.0625,-27068.4296875,-400000.0625
120.4405288696289,-400000.0625,-42576.41015625,-28418.970703125,-400000.0625,-28430.509765625,-400000.0625,-27086.830078125,-400000.0625
120.44053220748901,-400000.0625,-42584.19140625,-28424.41015625,-400000.0625,-28428.939453125,-400000.0625,-27092.3203125,-400000.0625
120.44053602218628,-400000.0625,-42564.73046875,-28405.380859375,-400000.0625,-28408.580078125,-400000.0625,-27079.19921875,-400000.0625
120.44053912162781,-400000.0625,-42555.48046875,-28394.080078125,-400000.0625,-28405.099609375,-400000.0625,-27067.759765625,-400000.0625
120.44054293632507,-400000.0625,-42567.69140625,-28401.4296875,-400000.0625,-28413.8203125,-400000.0625,-27075.6796875,-400000.0625
120.4405472278595,-400000.0625,-42584.8515625,-28417.880859375,-400000.0625,-28427.83984375,-400000.0625,-27084.689453125,-400000.0625
120.4405505657196,-400000.0625,-42591.1484375,-28434.51953125,-400000.0625,-28438.810546875,-400000.0625,-27075.630859375,-400000.0625
120.47924208641052,-400000.0625,-42576.890625,-28428.369140625,-400000.0625,-28421.359375,-400000.0625,-27053.41015625,-400000.0625
120.48462271690369,-400000.0625,-42577.41015625,-28426.939453125,-400000.0625,-28415.439453125,-400000.0625,-27034.619140625,-400000.0625
120.48927855491638,-400000.0625,-42584.94921875,-28442.150390625,-400000.0625,-28424.5,-400000.0625,-27029.5703125,-400000.0625
120.4892897605896,-400000.0625,-42607.03125,-28471.66015625,-400000.0625,-28440.099609375,-400000.0625,-27039.05078125,-400000.0625
120.4892942905426,-400000.0625,-42620.140625,-28486.6796875,-400000.0625,-28443.76953125,-400000.0625,-27038.9609375,-400000.0625
120.48929953575134,-400000.0625,-42610.890625,-28480.8203125,-400000.0625,-28428.369140625,-400000.0625,-27007.76953125,-400000.0625
120.48930430412292,-400000.0625,-42606.12109375,-28482.630859375,-400000.0625,-28421.98046875,-400000.0625,-26985.4609375,-400000.0625
120.48930883407593,-400000.0625,-42615.28125,-28496.359375,-400000.0625,-28435.189453125,-400000.0625,-26988.4609375,-400000.0625
120.48931312561035,-400000.0625,-42635.48828125,-28514.869140625,-400000.0625,-28452.2109375,-400000.0625,-27004.669921875,-400000.0625
120.48931789398193,-400000.0625,-42642.12109375,-28525.310546875,-400000.0625,-28452.58984375,-400000.0625,-27006.9609375,-400000.0625
120.4893217086792,-400000.0625,-42622.05078125,-28506.94921875,-400000.0625,-28435.189453125,-400000.0625,-26988.650390625,-400000.0625
120.48932576179504,-400000.0625,-42612.03125,-28494.080078125,-400000.0625,-28427.1796875,-400000.0625,-26977.970703125,-400000.0625
120.48932981491089,-400000.0625,-42615.66015625,-28502.08984375,-400000.0625,-28436.66015625,-400000.0625,-26984.41015625,-400000.0625
120.48933410644531,-400000.0625,-42630.33984375,-28519.73046875,-400000.0625,-28452.5390625,-400000.0625,-26997.66015625,-400000.0625
120.48933792114258,-400000.0625,-42638.12109375,-28524.58984375,-400000.0625,-28454.01953125,-400000.0625,-27003.720703125,-400000.0625
120.489342212677,-400000.0625,-42620.8515625,-28507.810546875,-400000.0625,-28435.7109375,-400000.0625,-26987.169921875,-400000.0625
120.54530310630798,-400000.0625,-42606.87890625,-28493.83984375,-400000.0625,-28423.029296875,-400000.0625,-26975.970703125,-400000.0625
120.55466866493225,-400000.0625,-42611.83984375,-28499.509765625,-400000.0625,-28432.419921875,-400000.0625,-26983.220703125,-400000.0625
120.55921649932861,-400000.0625,-42631.48828125,-28516.439453125,-400000.0625,-28453.44921875,-400000.0625,-26998.48046875,-400000.0625
120.55922675132751,-400000.0625,-42638.828125,-28521.6796875,-400000.0625,-28454.400390625,-400000.0625,-27003.150390625,-400000.0625
120.5592315196991,-400000.0625,-42617.98828125,-28503.23046875,-400000.0625,-28436.0390625,-400000.0625,-26984.689453125,-400000.0625
120.55923628807068,-400000.0625,-42609.6484375,-28494.41015625,-400000.0625,-28430.75,-400000.0625,-26976.01953125,-400000.0625
120.5592405796051,-400000.0625,-42617.0390625,-28500.4609375,-400000.0625,-28438.94921875,-400000.0625,-26981.01953125,-400000.0625
120.55924558639526,-400000.0625,-42636.30078125,-28515.76953125,-400000.0625,-28455.44921875,-400000.0625,-26995.23046875,-400000.0625
120.55924963951111,-400000.0625,-42641.21875,-28520.640625,-400000.0625,-28457.029296875,-400000.0625,-27000.5703125,-400000.0625
120.55925345420837,-400000.0625,-42623.71875,-28505.849609375,-400000.0625,-28438.140625,-400000.0625,-26980.44921875,-400000.0625
120.55925917625427,-400000.0625,-42614.609375,-28496.220703125,-400000.0625,-28431.470703125,-400000.0625,-26970.2890625,-400000.0625
120.55926370620728,-400000.0625,-42619.19140625,-28502.80078125,-400000.0625,-28445.009765625,-400000.0625,-26979.01953125,-400000.0625
120.55926775932312,-400000.0625,-42640.98046875,-28520.16015625,-400000.0625,-28459.740234375,-400000.0625,-26994.279296875,-400000.0625
120.5592713356018,-400000.0625,-42647.69921875,-28527.55078125,-400000.0625,-28459.169921875,-400000.0625,-26999.759765625,-400000.0625
120.55927515029907,-400000.0625,-42626.71875,-28509.330078125,-400000.0625,-28440.669921875,-400000.0625,-26982.640625,-400000.0625
120.55927920341492,-400000.0625,-42616.55859375,-28497.939453125,-400000.0625,-28431.75,-400000.0625,-26972.490234375,-400000.0625
120.6312997341156,-400000.0625,-42621.51953125,-28500.990234375,-400000.0625,-28439.240234375,-400000.0625,-26977.830078125,-400000.0625
120.63666009902954,-400000.0625,-42634.96875,-28514.630859375,-400000.0625,-28450.869140625,-400000.0625,-26989.609375,-400000.0625
120.64150977134705,-400000.0625,-42642.4609375,-28521.400390625,-400000.0625,-28453.779296875,-400000.0625,-26995.08984375,-400000.0625
120.64151978492737,-400000.0625,-42624.76171875,-28504.23046875,-400000.0625,-28437.7109375,-400000.0625,-26982.359375,-400000.0625
120.64152407646179,-400000.0625,-42616.1796875,-28495.119140625,-400000.0625,-28429.75,-400000.0625,-26969.9609375,-400000.0625
120.64152812957764,-400000.0625,-42623.51953125,-28503.279296875,-400000.0625,-28438.05078125,-400000.0625,-26980.16015625,-400000.0625
120.64153218269348,-400000.0625,-42640.2109375,-28518.73046875,-400000.0625,-28453.5,-400000.0625,-26996.7109375,-400000.0625
120.64153575897217,-400000.0625,-42647.3203125,-28522.349609375,-400000.0625,-28452.689453125,-400000.0625,-27002.189453125,-400000.0625
120.64153957366943,-400000.0625,-42628.62890625,-28504.330078125,-400000.0625,-28434.1796875,-400000.0625,-26984.359375,-400000.0625
120.6415433883667,-400000.0625,-42617.98828125,-28492.640625,-400000.0625,-28428.130859375,-400000.0625,-26975.2109375,-400000.0625
120.64154696464539,-400000.0625,-42624.5703125,-28500.0390625,-400000.0625,-28438.189453125,-400000.0625,-26983.740234375,-400000.0625
120.64155054092407,-400000.0625,-42638.9296875,-28516.390625,-400000.0625,-28453.73046875,-400000.0625,-26996.619140625,-400000.0625
120.64155411720276,-400000.0625,-42645.98046875,-28522.689453125,-400000.0625,-28455.310546875,-400000.0625,-27002.859375,-400000.0625
120.64155793190002,-400000.0625,-42630.62890625,-28505.5703125,-400000.0625,-28432.990234375,-400000.0625,-26987.990234375,-400000.0625
120.64156198501587,-400000.0625,-42618.421875,-28491.880859375,-400000.0625,-28421.119140625,-400000.0625,-26976.5390625,-400000.0625
120.64156556129456,-400000.0625,-42622.19140625,-28498.4609375,-400000.0625,-28433.369140625,-400000.0625,-26981.7890625,-400000.0625
120.7149965763092,-400000.0625,-42642.12109375,-28518.25,-400000.0625,-28452.2109375,-400000.0625,-26996.380859375,-400000.0625
120.7249436378479,-400000.0625,-42646.51171875,-28523.5,-400000.0625,-28452.58984375,-400000.0625,-27003.4296875,-400000.0625
120.72978568077087,-400000.0625,-42632.390625,-28507.189453125,-400000.0625,-28430.80078125,-400000.0625,-26989.1796875,-400000.0625
120.72979474067688,-400000.0625,-42623.859375,-28497.41015625,-400000.0625,-28429.80078125,-400000.0625,-26977.880859375,-400000.0625
120.72979950904846,-400000.0625,-42626.48046875,-28504.23046875,-400000.0625,-28438.759765625,-400000.0625,-26984.0703125,-400000.0625
120.72980403900146,-400000.0625,-42641.69140625,-28518.630859375,-400000.0625,-28446.630859375,-400000.0625,-27000.759765625,-400000.0625
120.72980785369873,-400000.0625,-42646.37109375,-28524.16015625,-400000.0625,-28450.400390625,-400000.0625,-27006.529296875,-400000.0625
120.729811668396,-400000.0625,-42633.3984375,-28509.240234375,-400000.0625,-28439.05078125,-400000.0625,-26990.990234375,-400000.0625
120.72981524467468,-400000.0625,-42623.2890625,-28496.83984375,-400000.0625,-28430.26953125,-400000.0625,-26977.0703125,-400000.0625
120.72981882095337,-400000.0625,-42625.91015625,-28500.849609375,-400000.0625,-28438.05078125,-400000.0625,-26982.169921875,-400000.0625
120.72982239723206,-400000.0625,-42643.41015625,-28519.25,-400000.0625,-28454.119140625,-400000.0625,-27001.5703125,-400000.0625
120.72982621192932,-400000.0625,-42652.0390625,-28525.640625,-400000.0625,-28453.16015625,-400000.0625,-27008.109375,-400000.0625
120.72982978820801,-400000.0625,-42636.58984375,-28507.470703125,-400000.0625,-28433.849609375,-400000.0625,-26991.900390625,-400000.0625
120.7298333644867,-400000.0625,-42627.71875,-28499.650390625,-400000.0625,-28426.890625,-400000.0625,-26980.44921875,-400000.0625
120.7298367023468,-400000.0625,-42633.25,-28508.05078125,-400000.0625,-28439.0,-400000.0625,-26985.7890625,-400000.0625
120.72984027862549,-400000.0625,-42650.8984375,-28523.0703125,-400000.0625,-28452.30078125,-400000.0625,-27001.5703125,-400000.0625
120.77937579154968,-400000.0625,-42652.421875,-28526.5,-400000.0625,-28451.30078125,-400000.0625,-27009.5390625,-400000.0625
120.78474760055542,-400000.0625,-42639.12109375,-28513.669921875,-400000.0625,-28437.669921875,-400000.0625,-26992.80078125,-400000.0625
120.78981876373291,-400000.0625,-42626.4296875,-28502.0390625,-400000.0625,-28430.470703125,-400000.0625,-26982.689453125,-400000.0625
120.79412889480591,-400000.0625,-42632.44140625,-28505.419921875,-400000.0625,-28439.669921875,-400000.0625,-26989.83984375,-400000.0625
120.79413723945618,-400000.0625,-42647.41015625,-28518.630859375,-400000.0625,-28453.880859375,-400000.0625,-27007.30078125,-400000.0625
120.79414176940918,-400000.0625,-42653.66015625,-28524.58984375,-400000.0625,-28453.9296875,-400000.0625,-27011.060546875,-400000.0625
120.79414534568787,-400000.0625,-42638.0703125,-28507.5703125,-400000.0625,-28436.330078125,-400000.0625,-26994.140625,-400000.0625
120.79414939880371,-400000.0625,-42628.390625,-28499.3203125,-400000.0625,-28428.26953125,-400000.0625,-26987.26953125,-400000.0625
120.7941529750824,-400000.0625,-42645.83984375,-28509.810546875,-400000.0625,-28440.619140625,-400000.0625,-26998.140625,-400000.0625
120.79415678977966,-400000.0625,-42668.25,-28523.970703125,-400000.0625,-28452.349609375,-400000.0625,-27017.55078125,-400000.0625
120.79416060447693,-400000.0625,-42669.16015625,-28531.130859375,-400000.0625,-28457.7890625,-400000.0625,-27015.55078125,-400000.0625
120.79416418075562,-400000.0625,-42647.80078125,-28523.73046875,-400000.0625,-28438.94921875,-400000.0625,-26990.130859375,-400000.0625
120.7941677570343,-400000.0625,-42642.359375,-28519.490234375,-400000.0625,-28430.80078125,-400000.0625,-26975.439453125,-400000.0625
120.79417157173157,-400000.0625,-42660.1015625,-28532.369140625,-400000.0625,-28441.48046875,-400000.0625,-26988.369140625,-400000.0625
120.79417514801025,-400000.0625,-42683.6484375,-28550.25,-400000.0625,-28455.7890625,-400000.0625,-27004.33984375,-400000.0625
120.79417896270752,-400000.0625,-42690.37890625,-28559.400390625,-400000.0625,-28455.740234375,-400000.0625,-27002.669921875,-400000.0625
120.80239510536194,-400000.0625,-42674.58984375,-28546.150390625,-400000.0625,-28439.140625,-400000.0625,-26989.080078125,-400000.0625
120.80809116363525,-400000.0625,-42663.62890625,-28535.80078125,-400000.0625,-28433.66015625,-400000.0625,-26983.0703125,-400000.0625
120.81238079071045,-400000.0625,-42671.96875,-28540.94921875,-400000.0625,-28443.91015625,-400000.0625,-26984.029296875,-400000.0625
120.81238770484924,-400000.0625,-42688.08984375,-28556.400390625,-400000.0625,-28456.880859375,-400000.0625,-26998.669921875,-400000.0625
120.81239175796509,-400000.0625,-42693.4296875,-28561.44921875,-400000.0625,-28454.880859375,-400000.0625,-27004.669921875,-400000.0625
120.81239604949951,-400000.0625,-42678.30859375,-28546.380859375,-400000.0625,-28437.4296875,-400000.0625,-26985.4609375,-400000.0625
120.81239986419678,-400000.0625,-42665.53125,-28536.130859375,-400000.0625,-28431.939453125,-400000.0625,-26973.8203125,-400000.0625
120.81240391731262,-400000.0625,-42668.05859375,-28540.380859375,-400000.0625,-28439.2890625,-400000.0625,-26977.779296875,-400000.0625
120.81240749359131,-400000.0625,-42683.1796875,-28555.25,-400000.0625,-28453.9296875,-400000.0625,-26995.380859375,-400000.0625
120.81241130828857,-400000.0625,-42691.19140625,-28561.310546875,-400000.0625,-28460.4609375,-400000.0625,-27001.4296875,-400000.0625
120.81241512298584,-400000.0625,-42675.69140625,-28543.48046875,-400000.0625,-28441.240234375,-400000.0625,-26986.509765625,-400000.0625
120.81241869926453,-400000.0625,-42661.2890625,-28530.359375,-400000.0625,-28432.1796875,-400000.0625,-26976.869140625,-400000.0625
120.81242227554321,-400000.0625,-42667.73046875,-28536.509765625,-400000.0625,-28442.8203125,-400000.0625,-26981.169921875,-400000.0625
120.8124258518219,-400000.0625,-42681.6015625,-28552.390625,-400000.0625,-28456.55078125,-400000.0625,-26997.0390625,-400000.0625
120.81242966651917,-400000.0625,-42689.8515625,-28557.01953125,-400000.0625,-28455.880859375,-400000.0625,-27000.380859375,-400000.0625
120.81243324279785,-400000.0625,-42673.87890625,-28540.189453125,-400000.0625,-28434.419921875,-400000.0625,-26981.7890625,-400000.0625
120.88084077835083,-400000.0625,-42660.53125,-28526.7890625,-400000.0625,-28427.69921875,-400000.0625,-26974.8203125,-400000.0625
120.8902816772461,-400000.0625,-42665.62890625,-28532.130859375,-400000.0625,-28441.76953125,-400000.0625,-26980.830078125,-400000.0625
120.89469814300537,-400000.0625,-42681.26953125,-28548.19921875,-400000.0625,-28456.2109375,-400000.0625,-26995.380859375,-400000.0625
120.89470553398132,-400000.0625,-42688.08984375,-28555.01953125,-400000.0625,-28458.259765625,-400000.0625,-27000.5703125,-400000.0625
120.89471054077148,-400000.0625,-42671.01953125,-28539.5703125,-400000.0625,-28441.529296875,-400000.0625,-26984.0703125,-400000.0625
120.89471411705017,-400000.0625,-42658.23828125,-28525.0703125,-400000.0625,-28431.7109375,-400000.0625,-26974.490234375,-400000.0625
120.89471793174744,-400000.0625,-42664.1015625,-28529.599609375,-400000.0625,-28443.91015625,-400000.0625,-26977.400390625,-400000.0625
120.89472126960754,-400000.0625,-42680.359375,-28545.720703125,-400000.0625,-28454.400390625,-400000.0625,-26995.5703125,-400000.0625
120.89472460746765,-400000.0625,-42683.80078125,-28552.109375,-400000.0625,-28458.55078125,-400000.0625,-27000.669921875,-400000.0625
120.89472842216492,-400000.0625,-42670.30078125,-28535.560546875,-400000.0625,-28441.859375,-400000.0625,-26986.130859375,-400000.0625
120.89473223686218,-400000.0625,-42661.48046875,-28528.029296875,-400000.0625,-28434.7109375,-400000.0625,-26975.2109375,-400000.0625
120.89473557472229,-400000.0625,-42668.6796875,-28536.279296875,-400000.0625,-28443.669921875,-400000.0625,-26977.58984375,-400000.0625
120.89473915100098,-400000.0625,-42684.078125,-28549.439453125,-400000.0625,-28456.169921875,-400000.0625,-26997.380859375,-400000.0625
120.89474248886108,-400000.0625,-42683.98828125,-28553.109375,-400000.0625,-28455.98046875,-400000.0625,-27003.099609375,-400000.0625
120.89474630355835,-400000.0625,-42670.5390625,-28539.51953125,-400000.0625,-28443.05078125,-400000.0625,-26986.3203125,-400000.0625
120.89474964141846,-400000.0625,-42663.390625,-28529.5,-400000.0625,-28439.099609375,-400000.0625,-26975.6796875,-400000.0625
120.93220520019531,-400000.0625,-42664.578125,-28532.41015625,-400000.0625,-28446.150390625,-400000.0625,-26982.55078125,-400000.0625
120.93783140182495,-400000.0625,-42679.9296875,-28547.76953125,-400000.0625,-28463.1796875,-400000.0625,-26994.51953125,-400000.0625
120.94232821464539,-400000.0625,-42690.8515625,-28553.779296875,-400000.0625,-28459.119140625,-400000.0625,-27001.4296875,-400000.0625
120.94233798980713,-400000.0625,-42673.01953125,-28536.609375,-400000.0625,-28439.2890625,-400000.0625,-26984.650390625,-400000.0625
120.94234228134155,-400000.0625,-42661.1484375,-28528.98046875,-400000.0625,-28434.609375,-400000.0625,-26972.109375,-400000.0625
120.94234609603882,-400000.0625,-42670.3515625,-28538.140625,-400000.0625,-28449.73046875,-400000.0625,-26979.119140625,-400000.0625
120.9423496723175,-400000.0625,-42685.3203125,-28553.109375,-400000.0625,-28462.169921875,-400000.0625,-26995.140625,-400000.0625
120.94235348701477,-400000.0625,-42692.08984375,-28557.640625,-400000.0625,-28463.1796875,-400000.0625,-27000.859375,-400000.0625
120.94235682487488,-400000.0625,-42675.01953125,-28539.759765625,-400000.0625,-28445.8203125,-400000.0625,-26983.689453125,-400000.0625
120.9423611164093,-400000.0625,-42661.91015625,-28526.599609375,-400000.0625,-28434.849609375,-400000.0625,-26974.009765625,-400000.0625
120.94236516952515,-400000.0625,-42666.05859375,-28532.3203125,-400000.0625,-28444.630859375,-400000.0625,-26979.259765625,-400000.0625
120.94236850738525,-400000.0625,-42682.75,-28549.2890625,-400000.0625,-28462.939453125,-400000.0625,-26996.470703125,-400000.0625
120.94237208366394,-400000.0625,-42693.328125,-28556.73046875,-400000.0625,-28460.41015625,-400000.0625,-27003.2890625,-400000.0625
120.9423758983612,-400000.0625,-42676.0703125,-28541.66015625,-400000.0625,-28443.009765625,-400000.0625,-26984.7890625,-400000.0625
120.94237947463989,-400000.0625,-42661.2890625,-28528.7890625,-400000.0625,-28436.279296875,-400000.0625,-26973.109375,-400000.0625
120.94238328933716,-400000.0625,-42667.25,-28533.75,-400000.0625,-28445.060546875,-400000.0625,-26977.490234375,-400000.0625
120.9930465221405,-400000.0625,-42682.98828125,-28548.009765625,-400000.0625,-28457.44921875,-400000.0625,-26995.609375,-400000.0625
121.0064914226532,-400000.0625,-42687.28125,-28553.439453125,-400000.0625,-28457.83984375,-400000.0625,-27003.390625,-400000.0625
121.01127099990845,-400000.0625,-42672.3984375,-28534.75,-400000.0625,-28438.05078125,-400000.0625,-26983.310546875,-400000.0625
121.01127791404724,-400000.0625,-42656.62109375,-28521.44921875,-400000.0625,-28426.26953125,-400000.0625,-26972.490234375,-400000.0625
121.0112817287445,-400000.0625,-42663.44140625,-28531.169921875,-400000.0625,-28438.330078125,-400000.0625,-26977.970703125,-400000.0625
121.01128625869751,-400000.0625,-42679.41015625,-28547.91015625,-400000.0625,-28457.98046875,-400000.0625,-26991.560546875,-400000.0625
121.01128935813904,-400000.0625,-42690.5703125,-28552.869140625,-400000.0625,-28457.55078125,-400000.0625,-27002.529296875,-400000.0625
121.01129269599915,-400000.0625,-42686.08984375,-28536.66015625,-400000.0625,-28438.51953125,-400000.0625,-26995.08984375,-400000.0625
121.01129603385925,-400000.0625,-42670.5390625,-28524.640625,-400000.0625,-28427.990234375,-400000.0625,-26979.01953125,-400000.0625
121.01129913330078,-400000.0625,-42665.53125,-28533.990234375,-400000.0625,-28437.279296875,-400000.0625,-26969.2890625,-400000.0625
121.01130223274231,-400000.0625,-42692.859375,-28558.830078125,-400000.0625,-28451.01953125,-400000.0625,-26989.890625,-400000.0625
121.01130557060242,-400000.0625,-42714.9296875,-28572.990234375,-400000.0625,-28455.01953125,-400000.0625,-27002.240234375,-400000.0625
121.01130890846252,-400000.0625,-42708.3515625,-28565.310546875,-400000.0625,-28438.140625,-400000.0625,-26985.119140625,-400000.0625
121.01131200790405,-400000.0625,-42701.48828125,-28560.2109375,-400000.0625,-28431.470703125,-400000.0625,-26970.099609375,-400000.0625
121.01131510734558,-400000.0625,-42723.51953125,-28577.330078125,-400000.0625,-28440.91015625,-400000.0625,-26976.16015625,-400000.0625
121.01131844520569,-400000.0625,-42752.83984375,-28603.650390625,-400000.0625,-28458.119140625,-400000.0625,-26994.470703125,-400000.0625
121.08154940605164,-400000.0625,-42764.91015625,-28620.390625,-400000.0625,-28458.41015625,-400000.0625,-26998.48046875,-400000.0625
121.08678793907166,-400000.0625,-42766.859375,-28615.05078125,-400000.0625,-28437.08984375,-400000.0625,-26987.130859375,-400000.0625
121.09151363372803,-400000.0625,-42770.1484375,-28611.330078125,-400000.0625,-28429.939453125,-400000.0625,-26978.9296875,-400000.0625
121.09152150154114,-400000.0625,-42780.2109375,-28625.25,-400000.0625,-28438.08984375,-400000.0625,-26983.029296875,-400000.0625
121.09152579307556,-400000.0625,-42815.87890625,-28650.240234375,-400000.0625,-28452.349609375,-400000.0625,-27004.33984375,-400000.0625
121.09153056144714,-400000.0625,-42828.0390625,-28665.0703125,-400000.0625,-28454.830078125,-400000.0625,-27013.73046875,-400000.0625
121.09153485298157,-400000.0625,-42815.5,-28655.529296875,-400000.0625,-28436.08984375,-400000.0625,-26996.279296875,-400000.0625
121.09153890609741,-400000.0625,-42821.75,-28655.009765625,-400000.0625,-28429.080078125,-400000.0625,-26988.3203125,-400000.0625
121.0915424823761,-400000.0625,-42839.62890625,-28669.220703125,-400000.0625,-28432.900390625,-400000.0625,-26998.05078125,-400000.0625
121.09154629707336,-400000.0625,-42863.76171875,-28690.099609375,-400000.0625,-28447.6796875,-400000.0625,-27016.9296875,-400000.0625
121.09154987335205,-400000.0625,-42876.05859375,-28700.310546875,-400000.0625,-28453.310546875,-400000.0625,-27017.83984375,-400000.0625
121.09155344963074,-400000.0625,-42871.62109375,-28691.150390625,-400000.0625,-28432.80078125,-400000.0625,-27009.5390625,-400000.0625
121.09155702590942,-400000.0625,-42851.98046875,-28680.08984375,-400000.0625,-28426.509765625,-400000.0625,-26995.51953125,-400000.0625
121.09156084060669,-400000.0625,-42859.890625,-28688.720703125,-400000.0625,-28438.380859375,-400000.0625,-27002.2890625,-400000.0625
121.09156441688538,-400000.0625,-42887.55078125,-28705.029296875,-400000.0625,-28452.5,-400000.0625,-27023.990234375,-400000.0625
121.09156799316406,-400000.0625,-42889.55078125,-28707.359375,-400000.0625,-28451.640625,-400000.0625,-27027.560546875,-400000.0625
121.12158179283142,-400000.0625,-42868.94921875,-28688.2890625,-400000.0625,-28433.330078125,-400000.0625,-27008.16015625,-400000.0625
121.13088607788086,-400000.0625,-42856.4609375,-28677.3203125,-400000.0625,-28425.029296875,-400000.0625,-26995.08984375,-400000.0625
121.13560700416565,-400000.0625,-42859.23046875,-28682.0390625,-400000.0625,-28433.369140625,-400000.0625,-26999.5703125,-400000.0625
121.13561797142029,-400000.0625,-42873.23828125,-28696.970703125,-400000.0625,-28447.8203125,-400000.0625,-27016.119140625,-400000.0625
121.13562273979187,-400000.0625,-42881.6796875,-28702.359375,-400000.0625,-28455.119140625,-400000.0625,-27021.83984375,-400000.0625
121.1356270313263,-400000.0625,-42865.80859375,-28685.2890625,-400000.0625,-28439.05078125,-400000.0625,-27003.91015625,-400000.0625
121.13563084602356,-400000.0625,-42851.828125,-28670.220703125,-400000.0625,-28425.69921875,-400000.0625,-26988.83984375,-400000.0625
121.13563442230225,-400000.0625,-42854.171875,-28674.890625,-400000.0625,-28433.279296875,-400000.0625,-26992.470703125,-400000.0625
121.13563871383667,-400000.0625,-42868.94921875,-28691.8203125,-400000.0625,-28449.970703125,-400000.0625,-27008.439453125,-400000.0625
121.13564348220825,-400000.0625,-42875.05859375,-28698.2109375,-400000.0625,-28450.400390625,-400000.0625,-27018.119140625,-400000.0625
121.13564825057983,-400000.0625,-42862.0390625,-28679.330078125,-400000.0625,-28426.98046875,-400000.0625,-27001.48046875,-400000.0625
121.13565182685852,-400000.0625,-42850.0703125,-28670.55078125,-400000.0625,-28421.359375,-400000.0625,-26988.80078125,-400000.0625
121.1356554031372,-400000.0625,-42852.87890625,-28675.419921875,-400000.0625,-28435.140625,-400000.0625,-26990.560546875,-400000.0625
121.13565921783447,-400000.0625,-42870.1015625,-28691.529296875,-400000.0625,-28450.01953125,-400000.0625,-27009.73046875,-400000.0625
121.13566279411316,-400000.0625,-42878.19921875,-28699.310546875,-400000.0625,-28453.0703125,-400000.0625,-27012.880859375,-400000.0625
121.13566660881042,-400000.0625,-42861.3203125,-28682.330078125,-400000.0625,-28436.619140625,-400000.0625,-26999.669921875,-400000.0625
121.182870388031,-400000.0625,-42847.5390625,-28669.4609375,-400000.0625,-28427.650390625,-400000.0625,-26988.939453125,-400000.0625
121.18802976608276,-400000.0625,-42860.3203125,-28677.279296875,-400000.0625,-28434.1796875,-400000.0625,-26996.4296875,-400000.0625
121.19242286682129,-400000.0625,-42879.3515625,-28692.919921875,-400000.0625,-28449.970703125,-400000.0625,-27014.689453125,-400000.0625
121.19243097305298,-400000.0625,-42872.48046875,-28696.400390625,-400000.0625,-28447.73046875,-400000.0625,-27015.44921875,-400000.0625
121.1924352645874,-400000.0625,-42854.171875,-28680.609375,-400000.0625,-28431.849609375,-400000.0625,-27000.240234375,-400000.0625
121.19243931770325,-400000.0625,-42849.78125,-28673.990234375,-400000.0625,-28424.55078125,-400000.0625,-26989.990234375,-400000.0625
121.19244313240051,-400000.0625,-42865.0390625,-28684.08984375,-400000.0625,-28432.419921875,-400000.0625,-26996.4296875,-400000.0625
121.1924467086792,-400000.0625,-42882.73046875,-28698.779296875,-400000.0625,-28448.869140625,-400000.0625,-27011.58984375,-400000.0625
121.19245028495789,-400000.0625,-42893.609375,-28707.220703125,-400000.0625,-28451.5390625,-400000.0625,-27015.779296875,-400000.0625
121.19245409965515,-400000.0625,-42874.48046875,-28691.099609375,-400000.0625,-28434.380859375,-400000.0625,-27001.150390625,-400000.0625
121.19245743751526,-400000.0625,-42860.8515625,-28677.900390625,-400000.0625,-28426.83984375,-400000.0625,-26983.7890625,-400000.0625
121.19246125221252,-400000.0625,-42861.98828125,-28679.900390625,-400000.0625,-28433.94921875,-400000.0625,-26987.990234375,-400000.0625
121.19246459007263,-400000.0625,-42875.19921875,-28695.779296875,-400000.0625,-28451.2109375,-400000.0625,-27003.48046875,-400000.0625
121.19246816635132,-400000.0625,-42883.2109375,-28703.0703125,-400000.0625,-28453.400390625,-400000.0625,-27012.30078125,-400000.0625
121.19247221946716,-400000.0625,-42871.671875,-28689.150390625,-400000.0625,-28434.94921875,-400000.0625,-26997.66015625,-400000.0625
121.19247603416443,-400000.0625,-42858.4609375,-28676.990234375,-400000.0625,-28425.41015625,-400000.0625,-26984.98046875,-400000.0625
121.24999666213989,-400000.0625,-42862.94140625,-28681.08984375,-400000.0625,-28432.130859375,-400000.0625,-26987.75,-400000.0625
121.26090741157532,-400000.0625,-42878.3515625,-28697.060546875,-400000.0625,-28447.19921875,-400000.0625,-27008.25,-400000.0625
121.26595711708069,-400000.0625,-42886.30859375,-28705.5,-400000.0625,-28449.25,-400000.0625,-27015.259765625,-400000.0625
121.27083802223206,-400000.0625,-42866.8984375,-28688.48046875,-400000.0625,-28427.220703125,-400000.0625,-26998.240234375,-400000.0625
121.27084755897522,-400000.0625,-42856.078125,-28677.7109375,-400000.0625,-28423.880859375,-400000.0625,-26987.080078125,-400000.0625
121.27085304260254,-400000.0625,-42866.140625,-28684.48046875,-400000.0625,-28434.51953125,-400000.0625,-26994.1796875,-400000.0625
121.27085709571838,-400000.0625,-42878.62890625,-28698.16015625,-400000.0625,-28445.9609375,-400000.0625,-27010.109375,-400000.0625
121.27086091041565,-400000.0625,-42884.828125,-28704.26953125,-400000.0625,-28450.640625,-400000.0625,-27017.5,-400000.0625
121.27086567878723,-400000.0625,-42871.1015625,-28688.2890625,-400000.0625,-28432.1796875,-400000.0625,-27000.5703125,-400000.0625
121.2708694934845,-400000.0625,-42855.171875,-28673.4609375,-400000.0625,-28421.640625,-400000.0625,-26989.220703125,-400000.0625
121.27087306976318,-400000.0625,-42857.51171875,-28679.369140625,-400000.0625,-28432.419921875,-400000.0625,-26991.75,-400000.0625
121.27087688446045,-400000.0625,-42877.25,-28696.640625,-400000.0625,-28448.5390625,-400000.0625,-27009.73046875,-400000.0625
121.27088117599487,-400000.0625,-42889.41015625,-28701.880859375,-400000.0625,-28450.060546875,-400000.0625,-27018.599609375,-400000.0625
121.27088475227356,-400000.0625,-42870.62109375,-28687.099609375,-400000.0625,-28434.7109375,-400000.0625,-27006.390625,-400000.0625
121.27088832855225,-400000.0625,-42857.51171875,-28675.3203125,-400000.0625,-28423.98046875,-400000.0625,-26995.5703125,-400000.0625
121.27089214324951,-400000.0625,-42864.140625,-28678.51953125,-400000.0625,-28433.849609375,-400000.0625,-27000.48046875,-400000.0625
121.34928059577942,-400000.0625,-42875.390625,-28691.630859375,-400000.0625,-28443.669921875,-400000.0625,-27014.880859375,-400000.0625
121.3542263507843,-400000.0625,-42882.26171875,-28699.9296875,-400000.0625,-28446.580078125,-400000.0625,-27022.220703125,-400000.0625
121.35870695114136,-400000.0625,-42869.62109375,-28685.380859375,-400000.0625,-28429.419921875,-400000.0625,-27005.25,-400000.0625
121.36325311660767,-400000.0625,-42857.94140625,-28674.609375,-400000.0625,-28423.740234375,-400000.0625,-26996.189453125,-400000.0625
121.36326265335083,-400000.0625,-42865.140625,-28680.94921875,-400000.0625,-28433.51953125,-400000.0625,-27000.189453125,-400000.0625
121.36326670646667,-400000.0625,-42884.2109375,-28699.970703125,-400000.0625,-28449.630859375,-400000.0625,-27019.26953125,-400000.0625
121.36327052116394,-400000.0625,-42889.359375,-28706.650390625,-400000.0625,-28454.640625,-400000.0625,-27025.26953125,-400000.0625
121.36327409744263,-400000.0625,-42873.76953125,-28690.19921875,-400000.0625,-28437.759765625,-400000.0625,-27007.060546875,-400000.0625
121.36327815055847,-400000.0625,-42862.66015625,-28677.419921875,-400000.0625,-28425.359375,-400000.0625,-26993.80078125,-400000.0625
121.36328172683716,-400000.0625,-42866.19140625,-28684.759765625,-400000.0625,-28432.23046875,-400000.0625,-26998.189453125,-400000.0625
121.36328554153442,-400000.0625,-42880.87109375,-28701.310546875,-400000.0625,-28450.490234375,-400000.0625,-27013.970703125,-400000.0625
121.36328935623169,-400000.0625,-42888.03125,-28702.9296875,-400000.0625,-28448.439453125,-400000.0625,-27018.98046875,-400000.0625
121.36329293251038,-400000.0625,-42874.87109375,-28688.33984375,-400000.0625,-28431.990234375,-400000.0625,-27004.2890625,-400000.0625
121.36329650878906,-400000.0625,-42865.23046875,-28677.3203125,-400000.0625,-28425.98046875,-400000.0625,-26995.470703125,-400000.0625
121.36330008506775,-400000.0625,-42866.80859375,-28682.66015625,-400000.0625,-28434.330078125,-400000.0625,-27000.380859375,-400000.0625
121.36330366134644,-400000.0625,-42882.26171875,-28699.01953125,-400000.0625,-28450.25,-400000.0625,-27015.0703125,-400000.0625
121.38160729408264,-400000.0625,-42890.890625,-28705.5,-400000.0625,-28453.2109375,-400000.0625,-27021.220703125,-400000.0625
121.38731098175049,-400000.0625,-42876.19921875,-28691.6796875,-400000.0625,-28439.529296875,-400000.0625,-27004.869140625,-400000.0625
121.39199829101562,-400000.0625,-42863.1796875,-28677.990234375,-400000.0625,-28429.029296875,-400000.0625,-26990.509765625,-400000.0625
121.3920087814331,-400000.0625,-42863.80078125,-28680.23046875,-400000.0625,-28434.330078125,-400000.0625,-26999.51953125,-400000.0625
121.39201307296753,-400000.0625,-42881.58984375,-28696.25,-400000.0625,-28449.6796875,-400000.0625,-27014.0703125,-400000.0625
121.3920168876648,-400000.0625,-42888.359375,-28702.9296875,-400000.0625,-28453.0703125,-400000.0625,-27019.599609375,-400000.0625
121.39202046394348,-400000.0625,-42873.05078125,-28685.810546875,-400000.0625,-28437.0,-400000.0625,-27005.630859375,-400000.0625
121.39202404022217,-400000.0625,-42857.94140625,-28671.220703125,-400000.0625,-28423.98046875,-400000.0625,-26993.609375,-400000.0625
121.39202737808228,-400000.0625,-42860.75,-28677.509765625,-400000.0625,-28435.0390625,-400000.0625,-26998.0,-400000.0625
121.39203095436096,-400000.0625,-42876.578125,-28693.630859375,-400000.0625,-28452.44921875,-400000.0625,-27013.349609375,-400000.0625
121.39203476905823,-400000.0625,-42882.3984375,-28698.44921875,-400000.0625,-28448.6796875,-400000.0625,-27017.7890625,-400000.0625
121.39203834533691,-400000.0625,-42867.28125,-28678.330078125,-400000.0625,-28430.69921875,-400000.0625,-27000.669921875,-400000.0625
121.3920419216156,-400000.0625,-42853.171875,-28666.7890625,-400000.0625,-28428.83984375,-400000.0625,-26989.26953125,-400000.0625
121.39204525947571,-400000.0625,-42862.37109375,-28677.66015625,-400000.0625,-28438.4296875,-400000.0625,-26996.759765625,-400000.0625
121.3920488357544,-400000.0625,-42880.2109375,-28695.970703125,-400000.0625,-28453.73046875,-400000.0625,-27011.44921875,-400000.0625
121.39205241203308,-400000.0625,-42886.359375,-28701.830078125,-400000.0625,-28457.259765625,-400000.0625,-27022.509765625,-400000.0625
121.4827868938446,-400000.0625,-42868.80859375,-28684.48046875,-400000.0625,-28434.94921875,-400000.0625,-27007.5390625,-400000.0625
121.49225807189941,-400000.0625,-42851.6015625,-28669.599609375,-400000.0625,-28420.7890625,-400000.0625,-26990.609375,-400000.0625
121.49695253372192,-400000.0625,-42855.94140625,-28675.75,-400000.0625,-28430.939453125,-400000.0625,-26996.5703125,-400000.0625
121.49696063995361,-400000.0625,-42876.53125,-28694.19921875,-400000.0625,-28447.8203125,-400000.0625,-27014.689453125,-400000.0625
121.49696469306946,-400000.0625,-42886.7890625,-28702.640625,-400000.0625,-28452.830078125,-400000.0625,-27022.650390625,-400000.0625
121.49696826934814,-400000.0625,-42868.48046875,-28687.580078125,-400000.0625,-28437.4296875,-400000.0625,-27005.76953125,-400000.0625
121.49697232246399,-400000.0625,-42854.5,-28676.849609375,-400000.0625,-28426.4609375,-400000.0625,-26990.130859375,-400000.0625
121.49697589874268,-400000.0625,-42863.37109375,-28683.51953125,-400000.0625,-28439.48046875,-400000.0625,-26998.189453125,-400000.0625
121.49697947502136,-400000.0625,-42878.8203125,-28699.01953125,-400000.0625,-28453.44921875,-400000.0625,-27015.16015625,-400000.0625
121.49698305130005,-400000.0625,-42879.48828125,-28702.310546875,-400000.0625,-28453.830078125,-400000.0625,-27021.939453125,-400000.0625
121.49698686599731,-400000.0625,-42867.19140625,-28688.390625,-400000.0625,-28435.5703125,-400000.0625,-27003.390625,-400000.0625
121.49699068069458,-400000.0625,-42854.26953125,-28678.0390625,-400000.0625,-28429.4609375,-400000.0625,-26991.66015625,-400000.0625
121.49699449539185,-400000.0625,-42855.94140625,-28679.80078125,-400000.0625,-28436.94921875,-400000.0625,-26999.859375,-400000.0625
121.49699807167053,-400000.0625,-42873.48046875,-28695.400390625,-400000.0625,-28453.2109375,-400000.0625,-27012.689453125,-400000.0625
121.4970018863678,-400000.0625,-42880.48828125,-28701.55078125,-400000.0625,-28457.359375,-400000.0625,-27018.359375,-400000.0625
121.49700570106506,-400000.0625,-42866.23828125,-28689.150390625,-400000.0625,-28442.8203125,-400000.0625,-27005.099609375,-400000.0625
121.51426482200623,-400000.0625,-42855.55078125,-28676.990234375,-400000.0625,-28432.08984375,-400000.0625,-26991.470703125,-400000.0625
121.51929974555969,-400000.0625,-42853.6484375,-28676.849609375,-400000.0625,-28437.330078125,-400000.0625,-26996.0,-400000.0625
121.52351450920105,-400000.0625,-42857.75,-28685.619140625,-400000.0625,-28449.73046875,-400000.0625,-27014.44921875,-400000.0625
121.52352476119995,-400000.0625,-42861.7109375,-28694.009765625,-400000.0625,-28458.41015625,-400000.0625,-27022.7890625,-400000.0625
121.5235288143158,-400000.0625,-42837.05078125,-28669.169921875,-400000.0625,-28437.5703125,-400000.0625,-27014.349609375,-400000.0625
121.5235333442688,-400000.0625,-42815.359375,-28646.0390625,-400000.0625,-28424.169921875,-400000.0625,-27002.150390625,-400000.0625
121.5235366821289,-400000.0625,-42808.30078125,-28639.890625,-400000.0625,-28433.849609375,-400000.0625,-27006.869140625,-400000.0625
121.52353978157043,-400000.0625,-42804.2890625,-28643.75,-400000.0625,-28451.16015625,-400000.0625,-27022.509765625,-400000.0625
121.52354335784912,-400000.0625,-42782.5,-28634.740234375,-400000.0625,-28449.400390625,-400000.0625,-27035.189453125,-400000.0625
121.52354669570923,-400000.0625,-42744.69140625,-28601.599609375,-400000.0625,-28426.939453125,-400000.0625,-27020.650390625,-400000.0625
121.5235526561737,-400000.0625,-42714.078125,-28574.419921875,-400000.0625,-28416.349609375,-400000.0625,-27005.48046875,-400000.0625
121.52355575561523,-400000.0625,-42698.53125,-28569.1796875,-400000.0625,-28435.5703125,-400000.0625,-27007.869140625,-400000.0625
121.52355909347534,-400000.0625,-42689.28125,-28569.80078125,-400000.0625,-28449.490234375,-400000.0625,-27025.369140625,-400000.0625
121.52356243133545,-400000.0625,-42680.21875,-28565.98046875,-400000.0625,-28450.2109375,-400000.0625,-27034.94921875,-400000.0625
121.52356576919556,-400000.0625,-42651.46875,-28542.330078125,-400000.0625,-28433.140625,-400000.0625,-27020.080078125,-400000.0625
121.52356910705566,-400000.0625,-42626.671875,-28518.6796875,-400000.0625,-28424.26953125,-400000.0625,-27006.76953125,-400000.0625
121.5818178653717,-400000.0625,-42622.19140625,-28518.779296875,-400000.0625,-28433.1796875,-400000.0625,-27009.779296875,-400000.0625
121.5870008468628,-400000.0625,-42622.19140625,-28526.640625,-400000.0625,-28447.76953125,-400000.0625,-27023.26953125,-400000.0625
121.59574604034424,-400000.0625,-42623.80859375,-28529.98046875,-400000.0625,-28448.390625,-400000.0625,-27032.810546875,-400000.0625
121.60060429573059,-400000.0625,-42613.3203125,-28514.580078125,-400000.0625,-28433.0390625,-400000.0625,-27013.310546875,-400000.0625
121.60061597824097,-400000.0625,-42605.5,-28502.75,-400000.0625,-28427.650390625,-400000.0625,-26998.859375,-400000.0625
121.60062098503113,-400000.0625,-42606.83984375,-28507.189453125,-400000.0625,-28437.900390625,-400000.0625,-27003.48046875,-400000.0625
121.60062551498413,-400000.0625,-42625.1484375,-28525.01953125,-400000.0625,-28449.869140625,-400000.0625,-27018.650390625,-400000.0625
121.60063004493713,-400000.0625,-42637.44921875,-28531.359375,-400000.0625,-28450.6796875,-400000.0625,-27023.69921875,-400000.0625
121.60063362121582,-400000.0625,-42622.328125,-28514.720703125,-400000.0625,-28435.279296875,-400000.0625,-27013.58984375,-400000.0625
121.60063743591309,-400000.0625,-42611.4609375,-28504.1796875,-400000.0625,-28428.69921875,-400000.0625,-27001.669921875,-400000.0625
121.60064148902893,-400000.0625,-42616.66015625,-28510.529296875,-400000.0625,-28437.140625,-400000.0625,-27004.669921875,-400000.0625
121.6006453037262,-400000.0625,-42630.19921875,-28523.109375,-400000.0625,-28445.150390625,-400000.0625,-27019.220703125,-400000.0625
121.60064911842346,-400000.0625,-42640.0703125,-28528.0703125,-400000.0625,-28446.529296875,-400000.0625,-27025.419921875,-400000.0625
121.60065293312073,-400000.0625,-42626.578125,-28513.4296875,-400000.0625,-28431.279296875,-400000.0625,-27009.970703125,-400000.0625
121.600656747818,-400000.0625,-42612.6484375,-28501.470703125,-400000.0625,-28424.26953125,-400000.0625,-26996.330078125,-400000.0625
121.60066056251526,-400000.0625,-42618.421875,-28508.0,-400000.0625,-28438.4296875,-400000.0625,-27001.4296875,-400000.0625
121.6367256641388,-400000.0625,-42634.3515625,-28521.919921875,-400000.0625,-28447.580078125,-400000.0625,-27018.83984375,-400000.0625
121.642014503479,-400000.0625,-42644.55078125,-28529.220703125,-400000.0625,-28448.390625,-400000.0625,-27028.66015625,-400000.0625
121.64653611183167,-400000.0625,-42632.30078125,-28514.2890625,-400000.0625,-28434.330078125,-400000.0625,-27011.2109375,-400000.0625
121.64654612541199,-400000.0625,-42617.609375,-28500.369140625,-400000.0625,-28425.890625,-400000.0625,-27000.189453125,-400000.0625
121.64655065536499,-400000.0625,-42624.48046875,-28507.810546875,-400000.0625,-28438.140625,-400000.0625,-27006.060546875,-400000.0625
121.64655494689941,-400000.0625,-42640.69140625,-28523.16015625,-400000.0625,-28449.8203125,-400000.0625,-27022.599609375,-400000.0625
121.64655900001526,-400000.0625,-42649.23046875,-28531.41015625,-400000.0625,-28447.919921875,-400000.0625,-27031.279296875,-400000.0625
121.64673519134521,-400000.0625,-42637.16015625,-28518.30078125,-400000.0625,-28433.470703125,-400000.0625,-27014.58984375,-400000.0625
121.64673948287964,-400000.0625,-42626.4296875,-28506.849609375,-400000.0625,-28429.419921875,-400000.0625,-27000.91015625,-400000.0625
121.6467432975769,-400000.0625,-42628.9609375,-28511.720703125,-400000.0625,-28433.990234375,-400000.0625,-27006.919921875,-400000.0625
121.64674758911133,-400000.0625,-42643.73828125,-28526.98046875,-400000.0625,-28446.630859375,-400000.0625,-27021.69921875,-400000.0625
121.64675116539001,-400000.0625,-42654.8515625,-28534.4609375,-400000.0625,-28450.060546875,-400000.0625,-27032.94921875,-400000.0625
121.64675450325012,-400000.0625,-42641.359375,-28519.8203125,-400000.0625,-28431.470703125,-400000.0625,-27018.359375,-400000.0625
121.64675784111023,-400000.0625,-42628.9609375,-28504.849609375,-400000.0625,-28420.400390625,-400000.0625,-27003.859375,-400000.0625
121.64676141738892,-400000.0625,-42629.76953125,-28506.189453125,-400000.0625,-28430.0390625,-400000.0625,-27010.869140625,-400000.0625
121.64676475524902,-400000.0625,-42644.359375,-28524.349609375,-400000.0625,-28448.8203125,-400000.0625,-27027.849609375,-400000.0625
121.69548845291138,-400000.0625,-42655.0390625,-28534.609375,-400000.0625,-28454.119140625,-400000.0625,-27036.76953125,-400000.0625
121.7045967578888,-400000.0625,-42638.73828125,-28518.5390625,-400000.0625,-28433.609375,-400000.0625,-27021.890625,-400000.0625
121.70934247970581,-400000.0625,-42627.62890625,-28503.94921875,-400000.0625,-28419.830078125,-400000.0625,-27003.91015625,-400000.0625
121.7093505859375,-400000.0625,-42632.19921875,-28508.900390625,-400000.0625,-28425.599609375,-400000.0625,-27008.970703125,-400000.0625
121.70935463905334,-400000.0625,-42649.1796875,-28527.119140625,-400000.0625,-28441.76953125,-400000.0625,-27027.80078125,-400000.0625
121.70935845375061,-400000.0625,-42657.7109375,-28534.1796875,-400000.0625,-28445.720703125,-400000.0625,-27035.91015625,-400000.0625
121.70936179161072,-400000.0625,-42643.9296875,-28517.580078125,-400000.0625,-28431.08984375,-400000.0625,-27019.55078125,-400000.0625
121.70936560630798,-400000.0625,-42628.578125,-28501.75,-400000.0625,-28421.119140625,-400000.0625,-27004.91015625,-400000.0625
121.70936894416809,-400000.0625,-42632.390625,-28506.7109375,-400000.0625,-28426.75,-400000.0625,-27010.5390625,-400000.0625
121.70937252044678,-400000.0625,-42643.98046875,-28521.400390625,-400000.0625,-28443.19921875,-400000.0625,-27027.939453125,-400000.0625
121.70937609672546,-400000.0625,-42652.46875,-28531.599609375,-400000.0625,-28446.869140625,-400000.0625,-27032.279296875,-400000.0625
121.70937943458557,-400000.0625,-42637.3984375,-28517.919921875,-400000.0625,-28431.609375,-400000.0625,-27023.1796875,-400000.0625
121.70938324928284,-400000.0625,-42623.140625,-28501.900390625,-400000.0625,-28423.169921875,-400000.0625,-27009.6796875,-400000.0625
121.70938682556152,-400000.0625,-42628.390625,-28501.470703125,-400000.0625,-28428.990234375,-400000.0625,-27008.919921875,-400000.0625
121.70939087867737,-400000.0625,-42634.48828125,-28508.94921875,-400000.0625,-28438.240234375,-400000.0625,-27023.26953125,-400000.0625
121.70939493179321,-400000.0625,-42633.73046875,-28514.669921875,-400000.0625,-28445.490234375,-400000.0625,-27027.7109375,-400000.0625
121.77305340766907,-400000.0625,-42606.44921875,-28494.169921875,-400000.0625,-28422.9296875,-400000.0625,-27015.740234375,-400000.0625
121.77884435653687,-400000.0625,-42592.05078125,-28478.2890625,-400000.0625,-28409.6796875,-400000.0625,-27005.2890625,-400000.0625
121.78362011909485,-400000.0625,-42600.6796875,-28480.580078125,-400000.0625,-28421.01953125,-400000.0625,-27005.33984375,-400000.0625
121.78363037109375,-400000.0625,-42604.3984375,-28492.169921875,-400000.0625,-28439.0,-400000.0625,-27020.169921875,-400000.0625
121.78363513946533,-400000.0625,-42606.26171875,-28499.75,-400000.0625,-28445.009765625,-400000.0625,-27028.369140625,-400000.0625
121.78363990783691,-400000.0625,-42596.73046875,-28488.01953125,-400000.0625,-28433.140625,-400000.0625,-27012.880859375,-400000.0625
121.78364372253418,-400000.0625,-42580.8984375,-28474.099609375,-400000.0625,-28421.740234375,-400000.0625,-26997.759765625,-400000.0625
121.78364777565002,-400000.0625,-42587.80859375,-28477.580078125,-400000.0625,-28428.4609375,-400000.0625,-27001.669921875,-400000.0625
121.78365159034729,-400000.0625,-42607.83984375,-28494.220703125,-400000.0625,-28447.19921875,-400000.0625,-27020.26953125,-400000.0625
121.78365540504456,-400000.0625,-42613.03125,-28499.849609375,-400000.0625,-28449.8203125,-400000.0625,-27026.130859375,-400000.0625
121.78365921974182,-400000.0625,-42595.6796875,-28482.73046875,-400000.0625,-28433.900390625,-400000.0625,-27007.869140625,-400000.0625
121.78366279602051,-400000.0625,-42581.51953125,-28469.7109375,-400000.0625,-28423.740234375,-400000.0625,-26997.240234375,-400000.0625
121.7836663722992,-400000.0625,-42590.23828125,-28475.380859375,-400000.0625,-28430.26953125,-400000.0625,-27003.150390625,-400000.0625
121.78366994857788,-400000.0625,-42606.171875,-28493.310546875,-400000.0625,-28448.8203125,-400000.0625,-27020.740234375,-400000.0625
121.78367328643799,-400000.0625,-42611.890625,-28498.26953125,-400000.0625,-28451.830078125,-400000.0625,-27029.609375,-400000.0625
121.78367686271667,-400000.0625,-42601.2109375,-28485.01953125,-400000.0625,-28435.279296875,-400000.0625,-27015.55078125,-400000.0625
121.85428404808044,-400000.0625,-42587.5703125,-28473.240234375,-400000.0625,-28424.310546875,-400000.0625,-27003.19921875,-400000.0625
121.86427879333496,-400000.0625,-42589.33984375,-28476.76953125,-400000.0625,-28431.0390625,-400000.0625,-27008.30078125,-400000.0625
121.86952328681946,-400000.0625,-42607.9296875,-28491.44921875,-400000.0625,-28447.869140625,-400000.0625,-27020.55078125,-400000.0625
121.8740508556366,-400000.0625,-42614.55859375,-28496.55078125,-400000.0625,-28453.779296875,-400000.0625,-27026.69921875,-400000.0625
121.87406158447266,-400000.0625,-42597.19921875,-28480.580078125,-400000.0625,-28435.419921875,-400000.0625,-27007.439453125,-400000.0625
121.8740656375885,-400000.0625,-42585.37890625,-28469.279296875,-400000.0625,-28421.9296875,-400000.0625,-26993.94921875,-400000.0625
121.87406969070435,-400000.0625,-42588.53125,-28474.859375,-400000.0625,-28434.51953125,-400000.0625,-27003.8203125,-400000.0625
121.87407350540161,-400000.0625,-42605.41015625,-28492.689453125,-400000.0625,-28451.349609375,-400000.0625,-27018.880859375,-400000.0625
121.8740770816803,-400000.0625,-42614.12890625,-28501.130859375,-400000.0625,-28448.58984375,-400000.0625,-27029.369140625,-400000.0625
121.87408065795898,-400000.0625,-42597.25,-28482.30078125,-400000.0625,-28428.029296875,-400000.0625,-27012.44921875,-400000.0625
121.87408423423767,-400000.0625,-42589.37890625,-28470.08984375,-400000.0625,-28420.98046875,-400000.0625,-27000.05078125,-400000.0625
121.87408781051636,-400000.0625,-42590.671875,-28474.189453125,-400000.0625,-28435.94921875,-400000.0625,-27005.33984375,-400000.0625
121.87409138679504,-400000.0625,-42604.30859375,-28492.599609375,-400000.0625,-28449.25,-400000.0625,-27017.640625,-400000.0625
121.87409496307373,-400000.0625,-42612.6484375,-28498.990234375,-400000.0625,-28449.73046875,-400000.0625,-27024.4609375,-400000.0625
121.874098777771,-400000.0625,-42596.01171875,-28480.150390625,-400000.0625,-28429.23046875,-400000.0625,-27007.009765625,-400000.0625
121.87410235404968,-400000.0625,-42586.140625,-28469.0390625,-400000.0625,-28423.9296875,-400000.0625,-26994.419921875,-400000.0625
121.89807963371277,-400000.0625,-42589.37890625,-28474.380859375,-400000.0625,-28429.80078125,-400000.0625,-26998.48046875,-400000.0625
121.90350270271301,-400000.0625,-42605.01953125,-28491.2109375,-400000.0625,-28446.150390625,-400000.0625,-27014.2109375,-400000.0625
121.90872645378113,-400000.0625,-42614.421875,-28499.4609375,-400000.0625,-28448.779296875,-400000.0625,-27025.23046875,-400000.0625
121.91317892074585,-400000.0625,-42600.01953125,-28485.640625,-400000.0625,-28432.51953125,-400000.0625,-27007.73046875,-400000.0625
121.91319012641907,-400000.0625,-42584.37890625,-28471.900390625,-400000.0625,-28424.5,-400000.0625,-26992.849609375,-400000.0625
121.91319465637207,-400000.0625,-42586.4296875,-28476.4296875,-400000.0625,-28430.560546875,-400000.0625,-26998.279296875,-400000.0625
121.91319870948792,-400000.0625,-42603.828125,-28492.740234375,-400000.0625,-28446.390625,-400000.0625,-27012.16015625,-400000.0625
121.91320276260376,-400000.0625,-42611.4609375,-28496.599609375,-400000.0625,-28446.529296875,-400000.0625,-27020.080078125,-400000.0625
121.91320633888245,-400000.0625,-42601.44921875,-28484.439453125,-400000.0625,-28431.509765625,-400000.0625,-27004.390625,-400000.0625
121.91321015357971,-400000.0625,-42591.71875,-28474.759765625,-400000.0625,-28426.029296875,-400000.0625,-26993.1796875,-400000.0625
121.91321444511414,-400000.0625,-42592.48046875,-28476.91015625,-400000.0625,-28432.609375,-400000.0625,-27000.810546875,-400000.0625
121.91321802139282,-400000.0625,-42605.640625,-28490.7890625,-400000.0625,-28447.8203125,-400000.0625,-27017.740234375,-400000.0625
121.91322374343872,-400000.0625,-42612.26953125,-28498.029296875,-400000.0625,-28449.060546875,-400000.0625,-27024.220703125,-400000.0625
121.91322755813599,-400000.0625,-42598.44140625,-28483.919921875,-400000.0625,-28429.80078125,-400000.0625,-27006.76953125,-400000.0625
121.91323351860046,-400000.0625,-42581.8515625,-28469.279296875,-400000.0625,-28416.919921875,-400000.0625,-26991.75,-400000.0625
121.91323733329773,-400000.0625,-42584.140625,-28470.94921875,-400000.0625,-28423.26953125,-400000.0625,-26997.51953125,-400000.0625
121.98157858848572,-400000.0625,-42600.58984375,-28488.310546875,-400000.0625,-28440.189453125,-400000.0625,-27013.0703125,-400000.0625
121.99175691604614,-400000.0625,-42608.359375,-28494.55078125,-400000.0625,-28443.33984375,-400000.0625,-27019.4609375,-400000.0625
121.99625873565674,-400000.0625,-42593.1484375,-28476.380859375,-400000.0625,-28427.4609375,-400000.0625,-27004.8203125,-400000.0625
121.99626803398132,-400000.0625,-42581.1796875,-28464.939453125,-400000.0625,-28420.310546875,-400000.0625,-26994.66015625,-400000.0625
121.99627256393433,-400000.0625,-42584.140625,-28470.0390625,-400000.0625,-28428.41015625,-400000.0625,-27001.9609375,-400000.0625
121.99627637863159,-400000.0625,-42602.3984375,-28484.58984375,-400000.0625,-28439.099609375,-400000.0625,-27014.349609375,-400000.0625
121.99628019332886,-400000.0625,-42612.12890625,-28492.83984375,-400000.0625,-28441.91015625,-400000.0625,-27021.509765625,-400000.0625
121.99628400802612,-400000.0625,-42596.578125,-28477.859375,-400000.0625,-28426.4609375,-400000.0625,-27008.25,-400000.0625
121.99628782272339,-400000.0625,-42581.0390625,-28463.220703125,-400000.0625,-28413.970703125,-400000.0625,-26995.94921875,-400000.0625
121.99629211425781,-400000.0625,-42582.55859375,-28469.1796875,-400000.0625,-28423.5,-400000.0625,-26998.5703125,-400000.0625
121.99629592895508,-400000.0625,-42600.44921875,-28485.109375,-400000.0625,-28440.189453125,-400000.0625,-27014.0703125,-400000.0625
121.99629950523376,-400000.0625,-42609.26953125,-28492.83984375,-400000.0625,-28444.580078125,-400000.0625,-27021.599609375,-400000.0625
121.99630331993103,-400000.0625,-42591.23828125,-28476.240234375,-400000.0625,-28426.359375,-400000.0625,-27004.630859375,-400000.0625
121.99630737304688,-400000.0625,-42578.4609375,-28460.220703125,-400000.0625,-28412.73046875,-400000.0625,-26988.560546875,-400000.0625
121.99631094932556,-400000.0625,-42585.7109375,-28466.23046875,-400000.0625,-28419.689453125,-400000.0625,-26991.80078125,-400000.0625
121.99631476402283,-400000.0625,-42597.3515625,-28481.8203125,-400000.0625,-28439.240234375,-400000.0625,-27011.73046875,-400000.0625
122.0330650806427,-400000.0625,-42605.98046875,-28490.400390625,-400000.0625,-28443.240234375,-400000.0625,-27019.890625,-400000.0625
122.03878402709961,-400000.0625,-42591.53125,-28472.7109375,-400000.0625,-28421.119140625,-400000.0625,-27003.859375,-400000.0625
122.0434799194336,-400000.0625,-42576.6484375,-28459.9296875,-400000.0625,-28409.6796875,-400000.0625,-26987.509765625,-400000.0625
122.04348993301392,-400000.0625,-42582.23046875,-28465.80078125,-400000.0625,-28422.44921875,-400000.0625,-26989.3203125,-400000.0625
122.04349422454834,-400000.0625,-42596.87109375,-28477.619140625,-400000.0625,-28434.0390625,-400000.0625,-27005.390625,-400000.0625
122.04349875450134,-400000.0625,-42601.30078125,-28483.919921875,-400000.0625,-28436.7109375,-400000.0625,-27013.779296875,-400000.0625
122.04350256919861,-400000.0625,-42589.53125,-28472.619140625,-400000.0625,-28420.880859375,-400000.0625,-26998.7109375,-400000.0625
122.0435061454773,-400000.0625,-42576.890625,-28460.26953125,-400000.0625,-28411.009765625,-400000.0625,-26990.26953125,-400000.0625
122.04350972175598,-400000.0625,-42581.7109375,-28465.470703125,-400000.0625,-28419.349609375,-400000.0625,-26995.140625,-400000.0625
122.04351329803467,-400000.0625,-42601.30078125,-28484.6796875,-400000.0625,-28435.0,-400000.0625,-27011.25,-400000.0625
122.04351711273193,-400000.0625,-42611.69921875,-28492.740234375,-400000.0625,-28432.849609375,-400000.0625,-27022.220703125,-400000.0625
122.04352068901062,-400000.0625,-42599.921875,-28478.76953125,-400000.0625,-28418.259765625,-400000.0625,-27007.76953125,-400000.0625
122.04352450370789,-400000.0625,-42586.8984375,-28466.0390625,-400000.0625,-28411.9609375,-400000.0625,-26993.23046875,-400000.0625
122.04352807998657,-400000.0625,-42588.4296875,-28469.330078125,-400000.0625,-28420.689453125,-400000.0625,-26996.7109375,-400000.0625
122.04353857040405,-400000.0625,-42605.98046875,-28485.58984375,-400000.0625,-28438.669921875,-400000.0625,-27013.109375,-400000.0625
122.04354214668274,-400000.0625,-42615.98828125,-28493.119140625,-400000.0625,-28438.759765625,-400000.0625,-27021.83984375,-400000.0625
122.08538842201233,-400000.0625,-42600.58984375,-28478.630859375,-400000.0625,-28420.9296875,-400000.0625,-27006.580078125,-400000.0625
122.09641599655151,-400000.0625,-42585.7109375,-28465.419921875,-400000.0625,-28413.19921875,-400000.0625,-26992.990234375,-400000.0625
122.10189461708069,-400000.0625,-42590.19140625,-28470.7109375,-400000.0625,-28421.55078125,-400000.0625,-26998.0,-400000.0625
122.10707974433899,-400000.0625,-42607.5,-28484.73046875,-400000.0625,-28433.900390625,-400000.0625,-27013.58984375,-400000.0625
122.11153817176819,-400000.0625,-42616.08984375,-28494.220703125,-400000.0625,-28439.0,-400000.0625,-27023.890625,-400000.0625
122.11154651641846,-400000.0625,-42600.87890625,-28481.6796875,-400000.0625,-28425.890625,-400000.0625,-27005.869140625,-400000.0625
122.11155104637146,-400000.0625,-42585.28125,-28467.849609375,-400000.0625,-28418.779296875,-400000.0625,-26994.51953125,-400000.0625
122.1115550994873,-400000.0625,-42588.328125,-28470.94921875,-400000.0625,-28421.5,-400000.0625,-26994.94921875,-400000.0625
122.11155891418457,-400000.0625,-42609.078125,-28488.349609375,-400000.0625,-28436.470703125,-400000.0625,-27011.779296875,-400000.0625
122.11156272888184,-400000.0625,-42617.1796875,-28494.359375,-400000.0625,-28437.7109375,-400000.0625,-27019.9296875,-400000.0625
122.11156630516052,-400000.0625,-42602.2109375,-28477.2890625,-400000.0625,-28418.400390625,-400000.0625,-27003.9609375,-400000.0625
122.11156988143921,-400000.0625,-42589.91015625,-28465.560546875,-400000.0625,-28410.529296875,-400000.0625,-26993.94921875,-400000.0625
122.1115734577179,-400000.0625,-42589.62109375,-28470.08984375,-400000.0625,-28422.5,-400000.0625,-26995.0390625,-400000.0625
122.11157727241516,-400000.0625,-42605.26171875,-28487.0703125,-400000.0625,-28439.619140625,-400000.0625,-27011.58984375,-400000.0625
122.11158084869385,-400000.0625,-42614.23046875,-28493.4609375,-400000.0625,-28443.2890625,-400000.0625,-27023.509765625,-400000.0625
122.11158442497253,-400000.0625,-42604.26171875,-28480.060546875,-400000.0625,-28427.560546875,-400000.0625,-27006.060546875,-400000.0625
122.14284491539001,-400000.0625,-42587.08984375,-28462.939453125,-400000.0625,-28415.73046875,-400000.0625,-26991.560546875,-400000.0625
122.1487467288971,-400000.0625,-42589.62109375,-28468.1796875,-400000.0625,-28425.890625,-400000.0625,-26996.5703125,-400000.0625
122.15357279777527,-400000.0625,-42611.26953125,-28484.970703125,-400000.0625,-28446.869140625,-400000.0625,-27015.400390625,-400000.0625
122.15358471870422,-400000.0625,-42612.37109375,-28487.5390625,-400000.0625,-28444.630859375,-400000.0625,-27026.69921875,-400000.0625
122.15358972549438,-400000.0625,-42589.2890625,-28468.279296875,-400000.0625,-28422.169921875,-400000.0625,-27018.650390625,-400000.0625
122.15359449386597,-400000.0625,-42573.26953125,-28454.640625,-400000.0625,-28415.109375,-400000.0625,-27009.30078125,-400000.0625
122.15359854698181,-400000.0625,-42567.16015625,-28452.5390625,-400000.0625,-28420.310546875,-400000.0625,-27020.029296875,-400000.0625
122.15360283851624,-400000.0625,-42577.1796875,-28457.83984375,-400000.0625,-28433.140625,-400000.0625,-27042.73046875,-400000.0625
122.1536066532135,-400000.0625,-42585.19140625,-28456.01953125,-400000.0625,-28432.609375,-400000.0625,-27052.9296875,-400000.0625
122.15361094474792,-400000.0625,-42559.25,-28434.7109375,-400000.0625,-28410.30078125,-400000.0625,-27043.30078125,-400000.0625
122.15361547470093,-400000.0625,-42539.078125,-28418.640625,-400000.0625,-28404.759765625,-400000.0625,-27034.91015625,-400000.0625
122.1536192893982,-400000.0625,-42538.9296875,-28416.6796875,-400000.0625,-28415.060546875,-400000.0625,-27043.349609375,-400000.0625
122.15362310409546,-400000.0625,-42554.33984375,-28428.890625,-400000.0625,-28426.4609375,-400000.0625,-27061.849609375,-400000.0625
122.15362691879272,-400000.0625,-42564.921875,-28435.619140625,-400000.0625,-28432.7109375,-400000.0625,-27073.48046875,-400000.0625
122.15363049507141,-400000.0625,-42549.23046875,-28420.640625,-400000.0625,-28414.919921875,-400000.0625,-27059.609375,-400000.0625
122.1536340713501,-400000.0625,-42538.30859375,-28406.76953125,-400000.0625,-28405.4296875,-400000.0625,-27044.349609375,-400000.0625
122.21292901039124,-400000.0625,-42537.9296875,-28410.25,-400000.0625,-28412.439453125,-400000.0625,-27046.30078125,-400000.0625
122.22299027442932,-400000.0625,-42551.140625,-28424.7890625,-400000.0625,-28426.169921875,-400000.0625,-27061.419921875,-400000.0625
122.22754836082458,-400000.0625,-42565.3515625,-28433.849609375,-400000.0625,-28436.0,-400000.0625,-27069.759765625,-400000.0625
122.22755670547485,-400000.0625,-42551.94921875,-28416.919921875,-400000.0625,-28416.73046875,-400000.0625,-27053.83984375,-400000.0625
122.22756171226501,-400000.0625,-42535.640625,-28400.66015625,-400000.0625,-28402.380859375,-400000.0625,-27037.0,-400000.0625
122.22756600379944,-400000.0625,-42536.98046875,-28404.380859375,-400000.0625,-28409.91015625,-400000.0625,-27038.8203125,-400000.0625
122.2275698184967,-400000.0625,-42554.671875,-28421.599609375,-400000.0625,-28424.599609375,-400000.0625,-27051.400390625,-400000.0625
122.22757387161255,-400000.0625,-42560.921875,-28428.130859375,-400000.0625,-28429.4609375,-400000.0625,-27060.80078125,-400000.0625
122.22757744789124,-400000.0625,-42546.328125,-28412.919921875,-400000.0625,-28411.73046875,-400000.0625,-27044.5390625,-400000.0625
122.2275812625885,-400000.0625,-42534.30859375,-28397.849609375,-400000.0625,-28404.099609375,-400000.0625,-27032.619140625,-400000.0625
122.2275857925415,-400000.0625,-42540.75,-28403.140625,-400000.0625,-28412.009765625,-400000.0625,-27036.91015625,-400000.0625
122.22758960723877,-400000.0625,-42554.23828125,-28417.5,-400000.0625,-28422.880859375,-400000.0625,-27049.119140625,-400000.0625
122.22759652137756,-400000.0625,-42559.8203125,-28424.55078125,-400000.0625,-28427.69921875,-400000.0625,-27059.75,-400000.0625
122.22760009765625,-400000.0625,-42541.6484375,-28407.720703125,-400000.0625,-28410.630859375,-400000.0625,-27046.830078125,-400000.0625
122.2276041507721,-400000.0625,-42525.390625,-28392.890625,-400000.0625,-28399.94921875,-400000.0625,-27032.08984375,-400000.0625
122.22760820388794,-400000.0625,-42532.3984375,-28397.0390625,-400000.0625,-28405.4296875,-400000.0625,-27035.529296875,-400000.0625
122.27290749549866,-400000.0625,-42553.23828125,-28414.919921875,-400000.0625,-28424.890625,-400000.0625,-27054.119140625,-400000.0625
122.27820444107056,-400000.0625,-42561.6796875,-28421.44921875,-400000.0625,-28432.75,-400000.0625,-27060.69921875,-400000.0625
122.28284883499146,-400000.0625,-42544.80078125,-28405.05078125,-400000.0625,-28416.73046875,-400000.0625,-27047.880859375,-400000.0625
122.28285932540894,-400000.0625,-42529.87109375,-28392.41015625,-400000.0625,-28407.48046875,-400000.0625,-27034.140625,-400000.0625
122.28286409378052,-400000.0625,-42534.9296875,-28396.1796875,-400000.0625,-28413.630859375,-400000.0625,-27038.099609375,-400000.0625
122.28286910057068,-400000.0625,-42553.94921875,-28411.529296875,-400000.0625,-28428.1796875,-400000.0625,-27054.7890625,-400000.0625
122.28287315368652,-400000.0625,-42562.58984375,-28420.310546875,-400000.0625,-28431.900390625,-400000.0625,-27064.0390625,-400000.0625
122.28287744522095,-400000.0625,-42549.328125,-28407.76953125,-400000.0625,-28411.009765625,-400000.0625,-27049.830078125,-400000.0625
122.28288149833679,-400000.0625,-42534.26171875,-28393.220703125,-400000.0625,-28399.5703125,-400000.0625,-27034.0,-400000.0625
122.28288555145264,-400000.0625,-42535.171875,-28396.80078125,-400000.0625,-28410.390625,-400000.0625,-27037.720703125,-400000.0625
122.28288960456848,-400000.0625,-42555.0,-28416.01953125,-400000.0625,-28427.26953125,-400000.0625,-27054.029296875,-400000.0625
122.28289341926575,-400000.0625,-42565.44921875,-28422.41015625,-400000.0625,-28427.509765625,-400000.0625,-27058.220703125,-400000.0625
122.28289675712585,-400000.0625,-42550.328125,-28408.2890625,-400000.0625,-28410.490234375,-400000.0625,-27042.8203125,-400000.0625
122.28290057182312,-400000.0625,-42537.83984375,-28396.560546875,-400000.0625,-28401.619140625,-400000.0625,-27029.140625,-400000.0625
122.28290438652039,-400000.0625,-42542.3203125,-28400.380859375,-400000.0625,-28407.0,-400000.0625,-27033.330078125,-400000.0625
122.28290843963623,-400000.0625,-42558.8203125,-28417.58984375,-400000.0625,-28426.130859375,-400000.0625,-27050.689453125,-400000.0625
122.33671450614929,-400000.0625,-42567.73828125,-28425.650390625,-400000.0625,-28433.369140625,-400000.0625,-27060.26953125,-400000.0625
122.34620833396912,-400000.0625,-42553.62109375,-28412.150390625,-400000.0625,-28413.16015625,-400000.0625,-27046.490234375,-400000.0625
122.35086870193481,-400000.0625,-42537.73828125,-28397.75,-400000.0625,-28402.08984375,-400000.0625,-27031.0,-400000.0625
122.35087966918945,-400000.0625,-42541.078125,-28401.66015625,-400000.0625,-28409.720703125,-400000.0625,-27033.279296875,-400000.0625
122.35088443756104,-400000.0625,-42559.91015625,-28418.400390625,-400000.0625,-28423.169921875,-400000.0625,-27047.44921875,-400000.0625
122.35088896751404,-400000.0625,-42571.83984375,-28428.890625,-400000.0625,-28427.41015625,-400000.0625,-27060.890625,-400000.0625
122.35089254379272,-400000.0625,-42556.62109375,-28412.919921875,-400000.0625,-28409.76953125,-400000.0625,-27044.16015625,-400000.0625
122.35089635848999,-400000.0625,-42539.6484375,-28398.140625,-400000.0625,-28400.380859375,-400000.0625,-27028.849609375,-400000.0625
122.35089993476868,-400000.0625,-42541.4609375,-28402.619140625,-400000.0625,-28412.19921875,-400000.0625,-27032.0,-400000.0625
122.35090351104736,-400000.0625,-42557.859375,-28417.16015625,-400000.0625,-28427.41015625,-400000.0625,-27049.259765625,-400000.0625
122.35090756416321,-400000.0625,-42568.3984375,-28423.689453125,-400000.0625,-28430.3203125,-400000.0625,-27056.509765625,-400000.0625
122.3509111404419,-400000.0625,-42556.8203125,-28410.720703125,-400000.0625,-28412.150390625,-400000.0625,-27040.91015625,-400000.0625
122.350914478302,-400000.0625,-42542.51171875,-28396.08984375,-400000.0625,-28399.900390625,-400000.0625,-27029.369140625,-400000.0625
122.35093998908997,-400000.0625,-42545.75,-28400.94921875,-400000.0625,-28411.8203125,-400000.0625,-27036.810546875,-400000.0625
122.35094666481018,-400000.0625,-42562.58984375,-28418.58984375,-400000.0625,-28426.7890625,-400000.0625,-27053.650390625,-400000.0625
122.35095047950745,-400000.0625,-42570.5,-28424.599609375,-400000.0625,-28426.75,-400000.0625,-27060.4609375,-400000.0625
122.40287661552429,-400000.0625,-42554.1015625,-28409.150390625,-400000.0625,-28408.76953125,-400000.0625,-27043.16015625,-400000.0625
122.4084141254425,-400000.0625,-42541.51171875,-28395.990234375,-400000.0625,-28402.669921875,-400000.0625,-27027.3203125,-400000.0625
122.41280961036682,-400000.0625,-42544.890625,-28400.7109375,-400000.0625,-28410.9609375,-400000.0625,-27034.380859375,-400000.0625
122.41281843185425,-400000.0625,-42559.87109375,-28416.6796875,-400000.0625,-28424.220703125,-400000.0625,-27049.0703125,-400000.0625
122.41282272338867,-400000.0625,-42571.03125,-28427.130859375,-400000.0625,-28428.220703125,-400000.0625,-27057.4609375,-400000.0625
122.41282629966736,-400000.0625,-42558.25,-28412.390625,-400000.0625,-28413.16015625,-400000.0625,-27046.01953125,-400000.0625
122.4128303527832,-400000.0625,-42545.37109375,-28401.0390625,-400000.0625,-28404.05078125,-400000.0625,-27030.7109375,-400000.0625
122.41283392906189,-400000.0625,-42548.80078125,-28406.619140625,-400000.0625,-28410.91015625,-400000.0625,-27034.91015625,-400000.0625
122.41283798217773,-400000.0625,-42564.921875,-28421.44921875,-400000.0625,-28430.3203125,-400000.0625,-27050.01953125,-400000.0625
122.41284155845642,-400000.0625,-42573.30859375,-28426.359375,-400000.0625,-28434.279296875,-400000.0625,-27060.3203125,-400000.0625
122.41284584999084,-400000.0625,-42555.23828125,-28409.869140625,-400000.0625,-28414.830078125,-400000.0625,-27042.390625,-400000.0625
122.41284942626953,-400000.0625,-42541.21875,-28396.419921875,-400000.0625,-28402.330078125,-400000.0625,-27026.66015625,-400000.0625
122.41285300254822,-400000.0625,-42546.8984375,-28401.330078125,-400000.0625,-28414.349609375,-400000.0625,-27029.66015625,-400000.0625
122.4128565788269,-400000.0625,-42568.01953125,-28419.58984375,-400000.0625,-28434.1796875,-400000.0625,-27047.919921875,-400000.0625
122.41286015510559,-400000.0625,-42570.44921875,-28424.4609375,-400000.0625,-28431.7109375,-400000.0625,-27059.509765625,-400000.0625
122.41286420822144,-400000.0625,-42544.23046875,-28403.0,-400000.0625,-28407.91015625,-400000.0625,-27044.390625,-400000.0625
122.48032665252686,-400000.0625,-42521.05078125,-28383.310546875,-400000.0625,-28393.080078125,-400000.0625,-27034.94921875,-400000.0625
122.49057602882385,-400000.0625,-42529.2109375,-28388.9296875,-400000.0625,-28407.150390625,-400000.0625,-27047.259765625,-400000.0625
122.49510884284973,-400000.0625,-42548.76171875,-28399.51953125,-400000.0625,-28424.5,-400000.0625,-27068.240234375,-400000.0625
122.49511694908142,-400000.0625,-42549.08984375,-28402.380859375,-400000.0625,-28427.080078125,-400000.0625,-27080.060546875,-400000.0625
122.49512100219727,-400000.0625,-42530.48828125,-28385.259765625,-400000.0625,-28410.19921875,-400000.0625,-27069.05078125,-400000.0625
122.49512481689453,-400000.0625,-42517.4296875,-28367.279296875,-400000.0625,-28396.560546875,-400000.0625,-27059.130859375,-400000.0625
122.49512887001038,-400000.0625,-42520.80859375,-28370.91015625,-400000.0625,-28402.51953125,-400000.0625,-27062.1796875,-400000.0625
122.49513411521912,-400000.0625,-42538.21875,-28387.169921875,-400000.0625,-28415.109375,-400000.0625,-27077.060546875,-400000.0625
122.49513745307922,-400000.0625,-42549.51953125,-28396.900390625,-400000.0625,-28423.5,-400000.0625,-27088.98046875,-400000.0625
122.49514126777649,-400000.0625,-42533.12109375,-28382.689453125,-400000.0625,-28409.19921875,-400000.0625,-27075.150390625,-400000.0625
122.49514484405518,-400000.0625,-42519.859375,-28368.240234375,-400000.0625,-28396.7109375,-400000.0625,-27060.3203125,-400000.0625
122.49514889717102,-400000.0625,-42523.44140625,-28371.4296875,-400000.0625,-28405.720703125,-400000.0625,-27066.810546875,-400000.0625
122.49515223503113,-400000.0625,-42543.98828125,-28389.080078125,-400000.0625,-28422.740234375,-400000.0625,-27079.6796875,-400000.0625
122.49515581130981,-400000.0625,-42549.0390625,-28395.609375,-400000.0625,-28421.55078125,-400000.0625,-27086.359375,-400000.0625
122.4951593875885,-400000.0625,-42531.2109375,-28380.349609375,-400000.0625,-28402.669921875,-400000.0625,-27072.669921875,-400000.0625
122.49516296386719,-400000.0625,-42520.578125,-28367.0,-400000.0625,-28394.890625,-400000.0625,-27055.69921875,-400000.0625
122.57304644584656,-400000.0625,-42522.9609375,-28370.189453125,-400000.0625,-28400.330078125,-400000.0625,-27059.890625,-400000.0625
122.57812881469727,-400000.0625,-42537.5,-28383.9296875,-400000.0625,-28414.109375,-400000.0625,-27075.150390625,-400000.0625
122.5826690196991,-400000.0625,-42549.5703125,-28393.3203125,-400000.0625,-28419.9296875,-400000.0625,-27082.640625,-400000.0625
122.58689570426941,-400000.0625,-42537.26953125,-28379.060546875,-400000.0625,-28400.66015625,-400000.0625,-27068.669921875,-400000.0625
122.59182333946228,-400000.0625,-42521.19921875,-28364.849609375,-400000.0625,-28388.740234375,-400000.0625,-27056.169921875,-400000.0625
122.59183263778687,-400000.0625,-42522.9609375,-28370.189453125,-400000.0625,-28399.1796875,-400000.0625,-27059.26953125,-400000.0625
122.59183716773987,-400000.0625,-42542.03125,-28388.5,-400000.0625,-28416.640625,-400000.0625,-27074.2890625,-400000.0625
122.59184098243713,-400000.0625,-42550.4296875,-28394.419921875,-400000.0625,-28416.490234375,-400000.0625,-27085.359375,-400000.0625
122.5918447971344,-400000.0625,-42537.55078125,-28378.16015625,-400000.0625,-28399.23046875,-400000.0625,-27070.099609375,-400000.0625
122.59184837341309,-400000.0625,-42520.62109375,-28363.330078125,-400000.0625,-28388.169921875,-400000.0625,-27055.119140625,-400000.0625
122.59185218811035,-400000.0625,-42523.1484375,-28368.759765625,-400000.0625,-28395.75,-400000.0625,-27060.890625,-400000.0625
122.59185552597046,-400000.0625,-42539.41015625,-28384.880859375,-400000.0625,-28415.060546875,-400000.0625,-27074.859375,-400000.0625
122.59185934066772,-400000.0625,-42547.23046875,-28393.80078125,-400000.0625,-28417.919921875,-400000.0625,-27083.5,-400000.0625
122.59186291694641,-400000.0625,-42535.171875,-28380.490234375,-400000.0625,-28402.859375,-400000.0625,-27067.189453125,-400000.0625
122.5918664932251,-400000.0625,-42520.23828125,-28368.91015625,-400000.0625,-28395.23046875,-400000.0625,-27048.109375,-400000.0625
122.59187030792236,-400000.0625,-42524.62890625,-28373.580078125,-400000.0625,-28404.5703125,-400000.0625,-27055.169921875,-400000.0625
122.59187364578247,-400000.0625,-42543.6484375,-28389.740234375,-400000.0625,-28416.73046875,-400000.0625,-27070.619140625,-400000.0625
122.59187746047974,-400000.0625,-42550.37890625,-28397.849609375,-400000.0625,-28417.779296875,-400000.0625,-27082.5390625,-400000.0625
122.59188079833984,-400000.0625,-42534.12109375,-28381.259765625,-400000.0625,-28403.48046875,-400000.0625,-27069.759765625,-400000.0625
122.59188461303711,-400000.0625,-42517.0,-28365.279296875,-400000.0625,-28394.419921875,-400000.0625,-27053.44921875,-400000.0625
122.5918881893158,-400000.0625,-42519.4296875,-28368.669921875,-400000.0625,-28398.80078125,-400000.0625,-27057.650390625,-400000.0625
122.5918915271759,-400000.0625,-42535.01953125,-28385.689453125,-400000.0625,-28411.19921875,-400000.0625,-27070.720703125,-400000.0625
122.59189558029175,-400000.0625,-42547.328125,-28395.609375,-400000.0625,-28417.880859375,-400000.0625,-27079.869140625,-400000.0625
122.59189915657043,-400000.0625,-42536.21875,-28383.2109375,-400000.0625,-28406.099609375,-400000.0625,-27067.470703125,-400000.0625
122.59190273284912,-400000.0625,-42522.2890625,-28370.91015625,-400000.0625,-28393.83984375,-400000.0625,-27053.220703125,-400000.0625
122.59626460075378,-400000.0625,-42525.48828125,-28375.720703125,-400000.0625,-28402.330078125,-400000.0625,-27055.359375,-400000.0625
122.59627318382263,-400000.0625,-42544.1796875,-28393.609375,-400000.0625,-28418.400390625,-400000.0625,-27071.91015625,-400000.0625
122.59627771377563,-400000.0625,-42554.5703125,-28401.330078125,-400000.0625,-28424.650390625,-400000.0625,-27081.109375,-400000.0625
122.59628176689148,-400000.0625,-42543.94140625,-28388.55078125,-400000.0625,-28408.859375,-400000.0625,-27064.609375,-400000.0625
122.59628534317017,-400000.0625,-42523.01171875,-28371.2890625,-400000.0625,-28392.69921875,-400000.0625,-27054.740234375,-400000.0625
122.59628891944885,-400000.0625,-42528.01171875,-28374.48046875,-400000.0625,-28401.7109375,-400000.0625,-27055.890625,-400000.0625
122.59629249572754,-400000.0625,-42543.94140625,-28390.509765625,-400000.0625,-28417.2109375,-400000.0625,-27069.380859375,-400000.0625
122.67173433303833,-400000.0625,-42548.94921875,-28397.419921875,-400000.0625,-28420.01953125,-400000.0625,-27080.970703125,-400000.0625
122.67693305015564,-400000.0625,-42535.44921875,-28381.5390625,-400000.0625,-28404.5703125,-400000.0625,-27068.4296875,-400000.0625
122.68146228790283,-400000.0625,-42519.91015625,-28365.7109375,-400000.0625,-28390.740234375,-400000.0625,-27054.599609375,-400000.0625
122.68147158622742,-400000.0625,-42522.859375,-28371.9609375,-400000.0625,-28398.94921875,-400000.0625,-27057.029296875,-400000.0625
122.68147587776184,-400000.0625,-42536.359375,-28385.640625,-400000.0625,-28417.0703125,-400000.0625,-27072.48046875,-400000.0625
122.68147945404053,-400000.0625,-42549.08984375,-28395.66015625,-400000.0625,-28419.44921875,-400000.0625,-27082.779296875,-400000.0625
122.6814832687378,-400000.0625,-42535.41015625,-28382.2109375,-400000.0625,-28404.810546875,-400000.0625,-27063.7109375,-400000.0625
122.68148684501648,-400000.0625,-42520.0,-28367.08984375,-400000.0625,-28391.560546875,-400000.0625,-27049.5,-400000.0625
122.68149042129517,-400000.0625,-42521.671875,-28371.390625,-400000.0625,-28397.130859375,-400000.0625,-27056.220703125,-400000.0625
122.68149423599243,-400000.0625,-42538.12109375,-28389.080078125,-400000.0625,-28418.16015625,-400000.0625,-27073.48046875,-400000.0625
122.6814980506897,-400000.0625,-42548.7109375,-28397.1796875,-400000.0625,-28426.130859375,-400000.0625,-27082.30078125,-400000.0625
122.68150162696838,-400000.0625,-42538.69921875,-28384.880859375,-400000.0625,-28407.529296875,-400000.0625,-27067.66015625,-400000.0625
122.68150520324707,-400000.0625,-42523.1484375,-28368.619140625,-400000.0625,-28394.80078125,-400000.0625,-27054.4609375,-400000.0625
122.68150877952576,-400000.0625,-42527.01171875,-28372.580078125,-400000.0625,-28399.80078125,-400000.0625,-27061.75,-400000.0625
122.68151235580444,-400000.0625,-42544.078125,-28390.740234375,-400000.0625,-28418.9296875,-400000.0625,-27067.619140625,-400000.0625
122.68151593208313,-400000.0625,-42552.0,-28404.859375,-400000.0625,-28423.689453125,-400000.0625,-27072.48046875,-400000.0625
122.72419452667236,-400000.0625,-42544.26953125,-28395.509765625,-400000.0625,-28408.439453125,-400000.0625,-27054.310546875,-400000.0625
122.7337908744812,-400000.0625,-42535.359375,-28384.740234375,-400000.0625,-28400.5703125,-400000.0625,-27036.33984375,-400000.0625
122.73841691017151,-400000.0625,-42536.171875,-28386.41015625,-400000.0625,-28404.5703125,-400000.0625,-27039.859375,-400000.0625
122.73842668533325,-400000.0625,-42552.51953125,-28402.759765625,-400000.0625,-28418.58984375,-400000.0625,-27051.359375,-400000.0625
122.73843121528625,-400000.0625,-42563.921875,-28413.390625,-400000.0625,-28424.7890625,-400000.0625,-27058.3203125,-400000.0625
122.7384352684021,-400000.0625,-42545.51171875,-28397.990234375,-400000.0625,-28403.240234375,-400000.0625,-27040.099609375,-400000.0625
122.73843908309937,-400000.0625,-42530.3515625,-28384.310546875,-400000.0625,-28388.599609375,-400000.0625,-27024.029296875,-400000.0625
122.73844265937805,-400000.0625,-42534.44921875,-28387.259765625,-400000.0625,-28402.4296875,-400000.0625,-27027.849609375,-400000.0625
122.73844647407532,-400000.0625,-42546.12890625,-28400.849609375,-400000.0625,-28418.640625,-400000.0625,-27039.009765625,-400000.0625
122.73845052719116,-400000.0625,-42554.19140625,-28409.529296875,-400000.0625,-28421.5,-400000.0625,-27052.9296875,-400000.0625
122.73845386505127,-400000.0625,-42544.1796875,-28398.23046875,-400000.0625,-28410.25,-400000.0625,-27040.060546875,-400000.0625
122.73845767974854,-400000.0625,-42532.0703125,-28384.55078125,-400000.0625,-28394.130859375,-400000.0625,-27025.080078125,-400000.0625
122.73846173286438,-400000.0625,-42534.30859375,-28387.650390625,-400000.0625,-28402.279296875,-400000.0625,-27027.419921875,-400000.0625
122.73846554756165,-400000.0625,-42547.0390625,-28404.48046875,-400000.0625,-28418.0703125,-400000.0625,-27044.30078125,-400000.0625
122.73846936225891,-400000.0625,-42556.859375,-28412.5390625,-400000.0625,-28418.880859375,-400000.0625,-27053.119140625,-400000.0625
122.73847317695618,-400000.0625,-42543.890625,-28398.94921875,-400000.0625,-28408.099609375,-400000.0625,-27039.720703125,-400000.0625
122.78292393684387,-400000.0625,-42528.3515625,-28383.259765625,-400000.0625,-28394.130859375,-400000.0625,-27024.4609375,-400000.0625
122.78909134864807,-400000.0625,-42533.359375,-28385.5,-400000.0625,-28401.94921875,-400000.0625,-27024.369140625,-400000.0625
122.79370737075806,-400000.0625,-42547.328125,-28401.5703125,-400000.0625,-28420.2109375,-400000.0625,-27039.25,-400000.0625
122.79371690750122,-400000.0625,-42558.87109375,-28412.25,-400000.0625,-28424.55078125,-400000.0625,-27052.169921875,-400000.0625
122.79372143745422,-400000.0625,-42546.23046875,-28399.80078125,-400000.0625,-28406.240234375,-400000.0625,-27038.859375,-400000.0625
122.79372644424438,-400000.0625,-42529.05859375,-28384.779296875,-400000.0625,-28395.69921875,-400000.0625,-27021.359375,-400000.0625
122.79373002052307,-400000.0625,-42532.30859375,-28386.640625,-400000.0625,-28402.619140625,-400000.0625,-27022.4609375,-400000.0625
122.79373407363892,-400000.0625,-42547.421875,-28400.380859375,-400000.0625,-28413.73046875,-400000.0625,-27038.2890625,-400000.0625
122.79373788833618,-400000.0625,-42554.53125,-28407.05078125,-400000.0625,-28417.0703125,-400000.0625,-27047.640625,-400000.0625
122.79374170303345,-400000.0625,-42541.41015625,-28393.609375,-400000.0625,-28402.08984375,-400000.0625,-27034.859375,-400000.0625
122.79374527931213,-400000.0625,-42528.2109375,-28383.119140625,-400000.0625,-28393.75,-400000.0625,-27015.16015625,-400000.0625
122.7937490940094,-400000.0625,-42530.78125,-28387.740234375,-400000.0625,-28404.669921875,-400000.0625,-27018.259765625,-400000.0625
122.79375267028809,-400000.0625,-42550.28125,-28405.529296875,-400000.0625,-28421.0703125,-400000.0625,-27039.390625,-400000.0625
122.79375648498535,-400000.0625,-42564.05859375,-28416.58984375,-400000.0625,-28425.3203125,-400000.0625,-27048.01953125,-400000.0625
122.7937605381012,-400000.0625,-42549.37890625,-28401.240234375,-400000.0625,-28407.669921875,-400000.0625,-27035.759765625,-400000.0625
122.79376435279846,-400000.0625,-42537.69140625,-28389.740234375,-400000.0625,-28398.609375,-400000.0625,-27020.169921875,-400000.0625
122.85046553611755,-400000.0625,-42537.4609375,-28393.990234375,-400000.0625,-28410.25,-400000.0625,-27021.7890625,-400000.0625
122.85984921455383,-400000.0625,-42554.1015625,-28408.099609375,-400000.0625,-28424.9296875,-400000.0625,-27038.33984375,-400000.0625
122.86430072784424,-400000.0625,-42563.25,-28417.640625,-400000.0625,-28427.41015625,-400000.0625,-27046.919921875,-400000.0625
122.86431074142456,-400000.0625,-42549.23046875,-28400.7109375,-400000.0625,-28408.91015625,-400000.0625,-27033.810546875,-400000.0625
122.86431550979614,-400000.0625,-42533.69140625,-28384.2109375,-400000.0625,-28392.599609375,-400000.0625,-27019.650390625,-400000.0625
122.86431932449341,-400000.0625,-42534.55078125,-28388.83984375,-400000.0625,-28403.140625,-400000.0625,-27025.849609375,-400000.0625
122.86432266235352,-400000.0625,-42549.76171875,-28404.380859375,-400000.0625,-28419.119140625,-400000.0625,-27041.529296875,-400000.0625
122.86432647705078,-400000.0625,-42563.16015625,-28413.109375,-400000.0625,-28425.7890625,-400000.0625,-27047.970703125,-400000.0625
122.8643307685852,-400000.0625,-42546.609375,-28400.08984375,-400000.0625,-28414.439453125,-400000.0625,-27035.859375,-400000.0625
122.86433410644531,-400000.0625,-42530.44921875,-28386.169921875,-400000.0625,-28400.380859375,-400000.0625,-27019.689453125,-400000.0625
122.864337682724,-400000.0625,-42535.87890625,-28389.4609375,-400000.0625,-28408.009765625,-400000.0625,-27019.220703125,-400000.0625
122.86434125900269,-400000.0625,-42549.421875,-28403.48046875,-400000.0625,-28421.310546875,-400000.0625,-27037.240234375,-400000.0625
122.86434483528137,-400000.0625,-42558.1484375,-28412.150390625,-400000.0625,-28425.080078125,-400000.0625,-27047.880859375,-400000.0625
122.8643491268158,-400000.0625,-42546.0390625,-28396.939453125,-400000.0625,-28409.19921875,-400000.0625,-27033.4296875,-400000.0625
122.86435604095459,-400000.0625,-42527.30078125,-28379.58984375,-400000.0625,-28395.26953125,-400000.0625,-27018.689453125,-400000.0625
122.86436033248901,-400000.0625,-42529.78125,-28381.060546875,-400000.0625,-28401.470703125,-400000.0625,-27021.130859375,-400000.0625
122.94914150238037,-400000.0625,-42552.4296875,-28399.759765625,-400000.0625,-28418.01953125,-400000.0625,-27038.4296875,-400000.0625
122.9545681476593,-400000.0625,-42567.2109375,-28410.76953125,-400000.0625,-28427.220703125,-400000.0625,-27049.16015625,-400000.0625
122.96358013153076,-400000.0625,-42552.671875,-28394.080078125,-400000.0625,-28414.58984375,-400000.0625,-27037.189453125,-400000.0625
122.96844863891602,-400000.0625,-42526.05859375,-28372.720703125,-400000.0625,-28395.419921875,-400000.0625,-27024.939453125,-400000.0625
122.9684591293335,-400000.0625,-42516.28125,-28372.240234375,-400000.0625,-28399.380859375,-400000.0625,-27035.720703125,-400000.0625
122.96846389770508,-400000.0625,-42527.73046875,-28383.44921875,-400000.0625,-28413.060546875,-400000.0625,-27052.98046875,-400000.0625
122.9684681892395,-400000.0625,-42539.359375,-28388.83984375,-400000.0625,-28419.55078125,-400000.0625,-27071.720703125,-400000.0625
122.96847248077393,-400000.0625,-42526.109375,-28368.7109375,-400000.0625,-28404.619140625,-400000.0625,-27064.66015625,-400000.0625
122.96847629547119,-400000.0625,-42505.83984375,-28350.169921875,-400000.0625,-28392.26953125,-400000.0625,-27047.490234375,-400000.0625
122.96847987174988,-400000.0625,-42504.12109375,-28351.41015625,-400000.0625,-28396.560546875,-400000.0625,-27057.69921875,-400000.0625
122.96848392486572,-400000.0625,-42524.390625,-28365.7109375,-400000.0625,-28412.5390625,-400000.0625,-27078.009765625,-400000.0625
122.96848821640015,-400000.0625,-42535.44921875,-28376.630859375,-400000.0625,-28417.01953125,-400000.0625,-27085.259765625,-400000.0625
122.96849179267883,-400000.0625,-42519.4296875,-28363.419921875,-400000.0625,-28403.7109375,-400000.0625,-27071.05078125,-400000.0625
122.96849584579468,-400000.0625,-42502.73828125,-28345.73046875,-400000.0625,-28391.130859375,-400000.0625,-27054.9296875,-400000.0625
122.96849966049194,-400000.0625,-42505.83984375,-28347.109375,-400000.0625,-28397.0390625,-400000.0625,-27061.0390625,-400000.0625
122.96850347518921,-400000.0625,-42521.33984375,-28362.609375,-400000.0625,-28413.390625,-400000.0625,-27074.720703125,-400000.0625
122.98548531532288,-400000.0625,-42532.3984375,-28369.0,-400000.0625,-28416.830078125,-400000.0625,-27083.44921875,-400000.0625
122.99059653282166,-400000.0625,-42519.4296875,-28356.080078125,-400000.0625,-28401.470703125,-400000.0625,-27072.05078125,-400000.0625
122.99503326416016,-400000.0625,-42501.12109375,-28338.630859375,-400000.0625,-28389.029296875,-400000.0625,-27056.55078125,-400000.0625
122.99504137039185,-400000.0625,-42504.26953125,-28341.580078125,-400000.0625,-28395.560546875,-400000.0625,-27057.939453125,-400000.0625
122.99504590034485,-400000.0625,-42521.1015625,-28359.69921875,-400000.0625,-28411.8203125,-400000.0625,-27074.05078125,-400000.0625
122.99504971504211,-400000.0625,-42533.640625,-28368.7109375,-400000.0625,-28413.73046875,-400000.0625,-27083.640625,-400000.0625
122.99505376815796,-400000.0625,-42518.23828125,-28351.640625,-400000.0625,-28393.509765625,-400000.0625,-27069.05078125,-400000.0625
122.99505758285522,-400000.0625,-42499.171875,-28336.0,-400000.0625,-28381.109375,-400000.0625,-27054.310546875,-400000.0625
122.99506115913391,-400000.0625,-42503.21875,-28341.8203125,-400000.0625,-28391.83984375,-400000.0625,-27055.220703125,-400000.0625
122.9950647354126,-400000.0625,-42521.62109375,-28357.69921875,-400000.0625,-28408.240234375,-400000.0625,-27070.240234375,-400000.0625
122.99506831169128,-400000.0625,-42534.01953125,-28366.759765625,-400000.0625,-28415.490234375,-400000.0625,-27080.16015625,-400000.0625
122.99507236480713,-400000.0625,-42521.33984375,-28353.5,-400000.0625,-28399.7109375,-400000.0625,-27067.7109375,-400000.0625
122.99507594108582,-400000.0625,-42503.21875,-28337.580078125,-400000.0625,-28385.880859375,-400000.0625,-27055.599609375,-400000.0625
122.99507975578308,-400000.0625,-42505.75,-28341.109375,-400000.0625,-28392.83984375,-400000.0625,-27058.560546875,-400000.0625
122.99508333206177,-400000.0625,-42522.1484375,-28356.130859375,-400000.0625,-28408.009765625,-400000.0625,-27072.720703125,-400000.0625
122.99508714675903,-400000.0625,-42531.2109375,-28364.900390625,-400000.0625,-28410.91015625,-400000.0625,-27085.2109375,-400000.0625
123.04109692573547,-400000.0625,-42523.9609375,-28354.080078125,-400000.0625,-28398.1796875,-400000.0625,-27075.150390625,-400000.0625
123.04659843444824,-400000.0625,-42511.328125,-28341.919921875,-400000.0625,-28390.119140625,-400000.0625,-27058.560546875,-400000.0625
123.05161237716675,-400000.0625,-42512.51953125,-28343.109375,-400000.0625,-28397.80078125,-400000.0625,-27059.609375,-400000.0625
123.05628085136414,-400000.0625,-42526.19921875,-28359.0390625,-400000.0625,-28416.16015625,-400000.0625,-27075.580078125,-400000.0625
123.06094598770142,-400000.0625,-42539.171875,-28368.4296875,-400000.0625,-28419.740234375,-400000.0625,-27085.259765625,-400000.0625
123.06541466712952,-400000.0625,-42524.390625,-28353.5,-400000.0625,-28400.619140625,-400000.0625,-27069.380859375,-400000.0625
123.06543588638306,-400000.0625,-42507.078125,-28336.580078125,-400000.0625,-28386.880859375,-400000.0625,-27052.359375,-400000.0625
123.06544137001038,-400000.0625,-42509.890625,-28337.390625,-400000.0625,-28395.0390625,-400000.0625,-27056.130859375,-400000.0625
123.0654456615448,-400000.0625,-42521.4296875,-28350.169921875,-400000.0625,-28407.150390625,-400000.0625,-27070.099609375,-400000.0625
123.06557154655457,-400000.0625,-42534.828125,-28360.23046875,-400000.0625,-28411.6796875,-400000.0625,-27080.060546875,-400000.0625
123.06557655334473,-400000.0625,-42521.8203125,-28347.689453125,-400000.0625,-28393.939453125,-400000.0625,-27064.759765625,-400000.0625
123.06558108329773,-400000.0625,-42506.6484375,-28331.619140625,-400000.0625,-28382.2109375,-400000.0625,-27049.9296875,-400000.0625
123.06558537483215,-400000.0625,-42510.46875,-28333.669921875,-400000.0625,-28394.80078125,-400000.0625,-27054.41015625,-400000.0625
123.065589427948,-400000.0625,-42522.48046875,-28348.310546875,-400000.0625,-28407.150390625,-400000.0625,-27068.279296875,-400000.0625
123.06559324264526,-400000.0625,-42531.921875,-28358.509765625,-400000.0625,-28413.390625,-400000.0625,-27078.919921875,-400000.0625
123.06559729576111,-400000.0625,-42518.80859375,-28348.349609375,-400000.0625,-28400.0390625,-400000.0625,-27068.189453125,-400000.0625
123.10671520233154,-400000.0625,-42504.83984375,-28334.669921875,-400000.0625,-28385.830078125,-400000.0625,-27053.259765625,-400000.0625
123.11182737350464,-400000.0625,-42505.94140625,-28334.91015625,-400000.0625,-28393.939453125,-400000.0625,-27056.83984375,-400000.0625
123.11639881134033,-400000.0625,-42523.71875,-28352.740234375,-400000.0625,-28409.76953125,-400000.0625,-27074.439453125,-400000.0625
123.11640882492065,-400000.0625,-42537.03125,-28365.0,-400000.0625,-28412.630859375,-400000.0625,-27086.689453125,-400000.0625
123.11641311645508,-400000.0625,-42526.44140625,-28351.98046875,-400000.0625,-28395.75,-400000.0625,-27076.33984375,-400000.0625
123.1164174079895,-400000.0625,-42509.1796875,-28334.810546875,-400000.0625,-28383.9296875,-400000.0625,-27059.890625,-400000.0625
123.11642146110535,-400000.0625,-42510.8515625,-28339.8203125,-400000.0625,-28393.80078125,-400000.0625,-27061.1796875,-400000.0625
123.11642503738403,-400000.0625,-42525.05859375,-28354.890625,-400000.0625,-28408.580078125,-400000.0625,-27076.33984375,-400000.0625
123.11642932891846,-400000.0625,-42538.26953125,-28365.279296875,-400000.0625,-28413.19921875,-400000.0625,-27083.640625,-400000.0625
123.1164333820343,-400000.0625,-42524.921875,-28352.98046875,-400000.0625,-28400.23046875,-400000.0625,-27069.4296875,-400000.0625
123.11643695831299,-400000.0625,-42508.26953125,-28335.76953125,-400000.0625,-28390.26953125,-400000.0625,-27053.689453125,-400000.0625
123.11644077301025,-400000.0625,-42508.6484375,-28337.390625,-400000.0625,-28393.83984375,-400000.0625,-27056.740234375,-400000.0625
123.1164448261261,-400000.0625,-42525.109375,-28352.83984375,-400000.0625,-28406.48046875,-400000.0625,-27076.099609375,-400000.0625
123.11644840240479,-400000.0625,-42538.21875,-28365.08984375,-400000.0625,-28415.400390625,-400000.0625,-27082.349609375,-400000.0625
123.11645221710205,-400000.0625,-42524.9609375,-28356.98046875,-400000.0625,-28403.619140625,-400000.0625,-27064.419921875,-400000.0625
123.11645603179932,-400000.0625,-42511.28125,-28343.869140625,-400000.0625,-28388.7890625,-400000.0625,-27049.640625,-400000.0625
123.18134355545044,-400000.0625,-42515.76171875,-28346.970703125,-400000.0625,-28396.279296875,-400000.0625,-27049.400390625,-400000.0625
123.19180417060852,-400000.0625,-42532.16015625,-28362.560546875,-400000.0625,-28413.009765625,-400000.0625,-27064.0390625,-400000.0625
123.19659900665283,-400000.0625,-42544.75,-28376.150390625,-400000.0625,-28423.119140625,-400000.0625,-27071.9609375,-400000.0625
123.19661045074463,-400000.0625,-42533.69140625,-28367.48046875,-400000.0625,-28407.150390625,-400000.0625,-27059.890625,-400000.0625
123.19661498069763,-400000.0625,-42519.2890625,-28348.880859375,-400000.0625,-28389.41015625,-400000.0625,-27043.16015625,-400000.0625
123.19661974906921,-400000.0625,-42516.94921875,-28350.640625,-400000.0625,-28391.939453125,-400000.0625,-27043.630859375,-400000.0625
123.19662380218506,-400000.0625,-42531.58984375,-28363.279296875,-400000.0625,-28406.76953125,-400000.0625,-27061.369140625,-400000.0625
123.19662809371948,-400000.0625,-42543.37109375,-28372.619140625,-400000.0625,-28413.30078125,-400000.0625,-27072.720703125,-400000.0625
123.19663190841675,-400000.0625,-42528.96875,-28358.75,-400000.0625,-28396.7109375,-400000.0625,-27055.650390625,-400000.0625
123.19663643836975,-400000.0625,-42512.98828125,-28343.630859375,-400000.0625,-28387.119140625,-400000.0625,-27040.099609375,-400000.0625
123.19664144515991,-400000.0625,-42518.19140625,-28348.16015625,-400000.0625,-28392.80078125,-400000.0625,-27042.19921875,-400000.0625
123.1966450214386,-400000.0625,-42535.98046875,-28363.279296875,-400000.0625,-28403.91015625,-400000.0625,-27058.3203125,-400000.0625
123.1966495513916,-400000.0625,-42550.76171875,-28368.2890625,-400000.0625,-28405.380859375,-400000.0625,-27066.759765625,-400000.0625
123.19665431976318,-400000.0625,-42538.890625,-28362.990234375,-400000.0625,-28395.470703125,-400000.0625,-27055.69921875,-400000.0625
123.19665861129761,-400000.0625,-42519.05078125,-28349.2109375,-400000.0625,-28386.98046875,-400000.0625,-27042.33984375,-400000.0625
123.19666266441345,-400000.0625,-42528.73046875,-28345.58984375,-400000.0625,-28388.5,-400000.0625,-27039.099609375,-400000.0625
123.232351064682,-400000.0625,-42560.76953125,-28336.9609375,-400000.0625,-28391.3203125,-400000.0625,-27045.060546875,-400000.0625
123.23764657974243,-400000.0625,-42555.671875,-28343.8203125,-400000.0625,-28391.220703125,-400000.0625,-27046.970703125,-400000.0625
123.24237656593323,-400000.0625,-42553.05078125,-28351.98046875,-400000.0625,-28380.25,-400000.0625,-27041.630859375,-400000.0625
123.24238610267639,-400000.0625,-42545.55859375,-28336.240234375,-400000.0625,-28363.66015625,-400000.0625,-27032.94921875,-400000.0625
123.24239015579224,-400000.0625,-42551.140625,-28355.080078125,-400000.0625,-28366.380859375,-400000.0625,-27059.130859375,-400000.0625
123.2423939704895,-400000.0625,-42570.0703125,-28380.109375,-400000.0625,-28375.009765625,-400000.0625,-27071.189453125,-400000.0625
123.24239778518677,-400000.0625,-42610.21875,-28371.4296875,-400000.0625,-28359.80078125,-400000.0625,-27064.140625,-400000.0625
123.24240136146545,-400000.0625,-42603.12109375,-28373.390625,-400000.0625,-28336.9609375,-400000.0625,-27053.169921875,-400000.0625
123.24240493774414,-400000.0625,-42586.0,-28383.970703125,-400000.0625,-28321.7890625,-400000.0625,-27070.810546875,-400000.0625
123.24240899085999,-400000.0625,-42625.91015625,-28399.5703125,-400000.0625,-28312.880859375,-400000.0625,-27082.349609375,-400000.0625
123.24241304397583,-400000.0625,-42663.44140625,-28431.419921875,-400000.0625,-28314.9296875,-400000.0625,-27099.0390625,-400000.0625
123.24241638183594,-400000.0625,-42715.171875,-28455.0703125,-400000.0625,-28301.810546875,-400000.0625,-27118.400390625,-400000.0625
123.24241995811462,-400000.0625,-42743.16015625,-28459.220703125,-400000.0625,-28272.919921875,-400000.0625,-27119.44921875,-400000.0625
123.24242353439331,-400000.0625,-42755.94140625,-28458.9296875,-400000.0625,-28251.369140625,-400000.0625,-27119.830078125,-400000.0625
123.242427110672,-400000.0625,-42769.8203125,-28468.140625,-400000.0625,-28250.55078125,-400000.0625,-27128.509765625,-400000.0625
123.24243068695068,-400000.0625,-42788.21875,-28486.44921875,-400000.0625,-28258.609375,-400000.0625,-27145.48046875,-400000.0625
123.3143105506897,-400000.0625,-42812.44921875,-28497.7890625,-400000.0625,-28266.48046875,-400000.0625,-27159.029296875,-400000.0625
123.32435703277588,-400000.0625,-42811.6796875,-28487.259765625,-400000.0625,-28259.380859375,-400000.0625,-27147.630859375,-400000.0625
123.32925724983215,-400000.0625,-42794.28125,-28471.08984375,-400000.0625,-28248.599609375,-400000.0625,-27135.7109375,-400000.0625
123.32926630973816,-400000.0625,-42793.0390625,-28472.380859375,-400000.0625,-28258.900390625,-400000.0625,-27139.7109375,-400000.0625
123.32927060127258,-400000.0625,-42803.390625,-28484.16015625,-400000.0625,-28278.779296875,-400000.0625,-27153.0703125,-400000.0625
123.32927584648132,-400000.0625,-42807.44140625,-28494.359375,-400000.0625,-28294.849609375,-400000.0625,-27165.369140625,-400000.0625
123.32927989959717,-400000.0625,-42785.26953125,-28477.76953125,-400000.0625,-28293.7109375,-400000.0625,-27148.150390625,-400000.0625
123.32928371429443,-400000.0625,-42753.890625,-28454.2109375,-400000.0625,-28284.9296875,-400000.0625,-27124.83984375,-400000.0625
123.32928776741028,-400000.0625,-42739.6796875,-28451.16015625,-400000.0625,-28293.23046875,-400000.0625,-27122.0703125,-400000.0625
123.32929134368896,-400000.0625,-42738.87109375,-28461.7890625,-400000.0625,-28317.5,-400000.0625,-27132.75,-400000.0625
123.32929491996765,-400000.0625,-42738.96875,-28465.939453125,-400000.0625,-28333.669921875,-400000.0625,-27139.4296875,-400000.0625
123.3292989730835,-400000.0625,-42711.6015625,-28446.19921875,-400000.0625,-28323.130859375,-400000.0625,-27125.359375,-400000.0625
123.3293023109436,-400000.0625,-42682.55859375,-28427.4609375,-400000.0625,-28318.9296875,-400000.0625,-27103.05078125,-400000.0625
123.32930612564087,-400000.0625,-42672.5390625,-28423.0703125,-400000.0625,-28330.189453125,-400000.0625,-27098.23046875,-400000.0625
123.32930970191956,-400000.0625,-42677.171875,-28433.470703125,-400000.0625,-28351.310546875,-400000.0625,-27110.009765625,-400000.0625
123.32931351661682,-400000.0625,-42678.41015625,-28439.859375,-400000.0625,-28367.330078125,-400000.0625,-27118.16015625,-400000.0625
123.37448596954346,-400000.0625,-42655.76171875,-28424.080078125,-400000.0625,-28354.98046875,-400000.0625,-27100.66015625,-400000.0625
123.37990951538086,-400000.0625,-42626.91015625,-28405.189453125,-400000.0625,-28343.25,-400000.0625,-27075.630859375,-400000.0625
123.38453364372253,-400000.0625,-42620.51953125,-28403.330078125,-400000.0625,-28354.310546875,-400000.0625,-27069.759765625,-400000.0625
123.38454556465149,-400000.0625,-42625.9609375,-28412.76953125,-400000.0625,-28372.76953125,-400000.0625,-27082.919921875,-400000.0625
123.38454985618591,-400000.0625,-42631.48828125,-28416.970703125,-400000.0625,-28383.119140625,-400000.0625,-27087.5,-400000.0625
123.38455414772034,-400000.0625,-42610.83984375,-28397.849609375,-400000.0625,-28369.05078125,-400000.0625,-27070.48046875,-400000.0625
123.3845579624176,-400000.0625,-42585.23046875,-28379.009765625,-400000.0625,-28357.4609375,-400000.0625,-27051.740234375,-400000.0625
123.38456177711487,-400000.0625,-42584.23046875,-28380.73046875,-400000.0625,-28368.240234375,-400000.0625,-27051.640625,-400000.0625
123.38456535339355,-400000.0625,-42595.390625,-28394.130859375,-400000.0625,-28389.55078125,-400000.0625,-27063.849609375,-400000.0625
123.38456916809082,-400000.0625,-42598.44140625,-28401.900390625,-400000.0625,-28397.990234375,-400000.0625,-27074.390625,-400000.0625
123.38457322120667,-400000.0625,-42584.08984375,-28387.740234375,-400000.0625,-28381.6796875,-400000.0625,-27062.08984375,-400000.0625
123.38457703590393,-400000.0625,-42562.62890625,-28369.2890625,-400000.0625,-28367.669921875,-400000.0625,-27044.73046875,-400000.0625
123.38458132743835,-400000.0625,-42558.578125,-28368.08984375,-400000.0625,-28371.619140625,-400000.0625,-27041.150390625,-400000.0625
123.38458561897278,-400000.0625,-42569.26171875,-28381.16015625,-400000.0625,-28391.939453125,-400000.0625,-27055.220703125,-400000.0625
123.38458967208862,-400000.0625,-42577.26953125,-28390.4609375,-400000.0625,-28404.720703125,-400000.0625,-27064.51953125,-400000.0625
123.38459420204163,-400000.0625,-42565.78125,-28376.6796875,-400000.0625,-28391.939453125,-400000.0625,-27051.119140625,-400000.0625
123.43150782585144,-400000.0625,-42545.98828125,-28360.080078125,-400000.0625,-28378.919921875,-400000.0625,-27033.189453125,-400000.0625
123.44235920906067,-400000.0625,-42543.69921875,-28360.509765625,-400000.0625,-28384.880859375,-400000.0625,-27032.66015625,-400000.0625
123.44745063781738,-400000.0625,-42557.8203125,-28375.720703125,-400000.0625,-28402.94921875,-400000.0625,-27045.349609375,-400000.0625
123.45225787162781,-400000.0625,-42567.3515625,-28385.5,-400000.0625,-28412.490234375,-400000.0625,-27053.5,-400000.0625
123.45226979255676,-400000.0625,-42552.2890625,-28373.19921875,-400000.0625,-28396.3203125,-400000.0625,-27041.19921875,-400000.0625
123.45227479934692,-400000.0625,-42536.6015625,-28358.69921875,-400000.0625,-28385.5,-400000.0625,-27021.890625,-400000.0625
123.4522795677185,-400000.0625,-42538.98046875,-28361.609375,-400000.0625,-28398.419921875,-400000.0625,-27022.130859375,-400000.0625
123.45228338241577,-400000.0625,-42551.671875,-28376.150390625,-400000.0625,-28414.830078125,-400000.0625,-27038.76953125,-400000.0625
123.45228719711304,-400000.0625,-42558.01171875,-28382.970703125,-400000.0625,-28416.2109375,-400000.0625,-27048.5390625,-400000.0625
123.45229148864746,-400000.0625,-42545.66015625,-28369.720703125,-400000.0625,-28400.810546875,-400000.0625,-27036.0,-400000.0625
123.45232152938843,-400000.0625,-42529.01953125,-28352.650390625,-400000.0625,-28389.359375,-400000.0625,-27019.55078125,-400000.0625
123.45232582092285,-400000.0625,-42526.109375,-28351.740234375,-400000.0625,-28390.080078125,-400000.0625,-27020.169921875,-400000.0625
123.4523298740387,-400000.0625,-42543.1796875,-28368.189453125,-400000.0625,-28406.33984375,-400000.0625,-27039.150390625,-400000.0625
123.45233392715454,-400000.0625,-42554.859375,-28378.390625,-400000.0625,-28414.30078125,-400000.0625,-27048.640625,-400000.0625
123.45234203338623,-400000.0625,-42542.98828125,-28367.08984375,-400000.0625,-28400.419921875,-400000.0625,-27032.7109375,-400000.0625
123.45234608650208,-400000.0625,-42526.19921875,-28350.0703125,-400000.0625,-28386.7890625,-400000.0625,-27017.44921875,-400000.0625
123.48641300201416,-400000.0625,-42522.76953125,-28348.640625,-400000.0625,-28387.880859375,-400000.0625,-27021.98046875,-400000.0625
123.49179148674011,-400000.0625,-42537.7890625,-28366.140625,-400000.0625,-28408.76953125,-400000.0625,-27036.099609375,-400000.0625
123.49622440338135,-400000.0625,-42550.5703125,-28378.19921875,-400000.0625,-28417.2109375,-400000.0625,-27047.109375,-400000.0625
123.49623465538025,-400000.0625,-42536.6015625,-28366.08984375,-400000.0625,-28398.80078125,-400000.0625,-27037.189453125,-400000.0625
123.4962408542633,-400000.0625,-42522.53125,-28349.119140625,-400000.0625,-28385.740234375,-400000.0625,-27018.029296875,-400000.0625
123.49624729156494,-400000.0625,-42522.859375,-28347.779296875,-400000.0625,-28391.220703125,-400000.0625,-27018.5,-400000.0625
123.4962522983551,-400000.0625,-42532.58984375,-28360.990234375,-400000.0625,-28404.619140625,-400000.0625,-27031.0,-400000.0625
123.49625635147095,-400000.0625,-42543.75,-28371.33984375,-400000.0625,-28409.150390625,-400000.0625,-27043.109375,-400000.0625
123.49625992774963,-400000.0625,-42532.5,-28355.939453125,-400000.0625,-28393.509765625,-400000.0625,-27031.849609375,-400000.0625
123.49626445770264,-400000.0625,-42512.609375,-28337.669921875,-400000.0625,-28380.58984375,-400000.0625,-27013.640625,-400000.0625
123.49626922607422,-400000.0625,-42518.62109375,-28343.5390625,-400000.0625,-28389.41015625,-400000.0625,-27012.490234375,-400000.0625
123.49627304077148,-400000.0625,-42533.01953125,-28359.26953125,-400000.0625,-28408.009765625,-400000.0625,-27028.94921875,-400000.0625
123.49627709388733,-400000.0625,-42540.6484375,-28367.810546875,-400000.0625,-28412.6796875,-400000.0625,-27041.060546875,-400000.0625
123.49628162384033,-400000.0625,-42532.26171875,-28356.130859375,-400000.0625,-28400.0,-400000.0625,-27025.1796875,-400000.0625
123.49628591537476,-400000.0625,-42516.28125,-28341.439453125,-400000.0625,-28389.55078125,-400000.0625,-27009.58984375,-400000.0625
123.49628949165344,-400000.0625,-42513.46875,-28342.490234375,-400000.0625,-28389.119140625,-400000.0625,-27011.919921875,-400000.0625
123.55162906646729,-400000.0625,-42528.58984375,-28357.83984375,-400000.0625,-28400.94921875,-400000.0625,-27026.080078125,-400000.0625
123.56173706054688,-400000.0625,-42538.9296875,-28367.5703125,-400000.0625,-28409.869140625,-400000.0625,-27036.859375,-400000.0625
123.56683874130249,-400000.0625,-42530.58984375,-28354.69921875,-400000.0625,-28396.7109375,-400000.0625,-27024.890625,-400000.0625
123.57174682617188,-400000.0625,-42516.80859375,-28340.630859375,-400000.0625,-28382.259765625,-400000.0625,-27015.55078125,-400000.0625
123.57175874710083,-400000.0625,-42518.80859375,-28342.5390625,-400000.0625,-28386.740234375,-400000.0625,-27019.359375,-400000.0625
123.57176470756531,-400000.0625,-42534.359375,-28358.890625,-400000.0625,-28402.859375,-400000.0625,-27024.939453125,-400000.0625
123.57176876068115,-400000.0625,-42541.6015625,-28375.099609375,-400000.0625,-28407.669921875,-400000.0625,-27028.75,-400000.0625
123.57177329063416,-400000.0625,-42538.03125,-28368.94921875,-400000.0625,-28397.849609375,-400000.0625,-27018.259765625,-400000.0625
123.57177829742432,-400000.0625,-42530.640625,-28357.990234375,-400000.0625,-28388.169921875,-400000.0625,-27004.2890625,-400000.0625
123.57178258895874,-400000.0625,-42536.03125,-28360.470703125,-400000.0625,-28394.560546875,-400000.0625,-27005.720703125,-400000.0625
123.57178735733032,-400000.0625,-42549.51953125,-28374.6796875,-400000.0625,-28406.380859375,-400000.0625,-27016.5,-400000.0625
123.57179188728333,-400000.0625,-42553.76171875,-28382.640625,-400000.0625,-28409.76953125,-400000.0625,-27024.83984375,-400000.0625
123.57179617881775,-400000.0625,-42539.94140625,-28368.759765625,-400000.0625,-28395.890625,-400000.0625,-27013.970703125,-400000.0625
123.57179999351501,-400000.0625,-42523.44140625,-28353.26953125,-400000.0625,-28379.490234375,-400000.0625,-27000.380859375,-400000.0625
123.5718035697937,-400000.0625,-42525.578125,-28357.1796875,-400000.0625,-28385.880859375,-400000.0625,-26998.810546875,-400000.0625
123.57180714607239,-400000.0625,-42540.6015625,-28371.4296875,-400000.0625,-28401.189453125,-400000.0625,-27017.259765625,-400000.0625
123.63150882720947,-400000.0625,-42551.28125,-28382.919921875,-400000.0625,-28409.25,-400000.0625,-27031.0390625,-400000.0625
123.6928403377533,-400000.0625,-42541.83984375,-28369.94921875,-400000.0625,-28395.80078125,-400000.0625,-27020.26953125,-400000.0625
123.69290518760681,-400000.0625,-42527.8203125,-28352.740234375,-400000.0625,-28379.349609375,-400000.0625,-27005.009765625,-400000.0625
123.6929099559784,-400000.0625,-42528.44140625,-28356.939453125,-400000.0625,-28388.220703125,-400000.0625,-27005.390625,-400000.0625
123.69291377067566,-400000.0625,-42543.37109375,-28371.189453125,-400000.0625,-28411.6796875,-400000.0625,-27016.689453125,-400000.0625
123.69291830062866,-400000.0625,-42553.23828125,-28379.919921875,-400000.0625,-28417.400390625,-400000.0625,-27028.279296875,-400000.0625
123.69292211532593,-400000.0625,-42542.6484375,-28367.759765625,-400000.0625,-28395.75,-400000.0625,-27017.689453125,-400000.0625
123.6929259300232,-400000.0625,-42525.25,-28351.01953125,-400000.0625,-28380.2109375,-400000.0625,-27004.150390625,-400000.0625
123.6929292678833,-400000.0625,-42524.33984375,-28352.83984375,-400000.0625,-28388.890625,-400000.0625,-27006.8203125,-400000.0625
123.69293308258057,-400000.0625,-42539.26953125,-28365.419921875,-400000.0625,-28403.7109375,-400000.0625,-27022.3203125,-400000.0625
123.69293689727783,-400000.0625,-42549.46875,-28374.580078125,-400000.0625,-28408.009765625,-400000.0625,-27033.900390625,-400000.0625
123.6929407119751,-400000.0625,-42524.9609375,-28349.359375,-400000.0625,-28380.919921875,-400000.0625,-27001.9609375,-400000.0625
123.80949306488037,-400000.0625,-42535.6015625,-28366.279296875,-400000.0625,-28409.060546875,-400000.0625,-27009.30078125,-400000.0625
123.8717405796051,-400000.0625,-42532.9296875,-28362.369140625,-400000.0625,-28400.470703125,-400000.0625,-27009.6796875,-400000.0625
124.04783654212952,-400000.0625,-42531.69140625,-28353.0703125,-400000.0625,-28388.55078125,-400000.0625,-27009.109375,-400000.0625
124.19410943984985,-400000.0625,-42579.23046875,-28422.880859375,-400000.0625,-28409.150390625,-400000.0625,-26940.640625,-400000.0625
124.2640872001648,-400000.0625,-42586.671875,-28424.310546875,-400000.0625,-28406.580078125,-400000.0625,-26965.48046875,-400000.0625
124.3309690952301,-400000.0625,-42570.640625,-28402.4296875,-400000.0625,-28382.919921875,-400000.0625,-26933.859375,-400000.0625
124.41873478889465,-400000.0625,-42570.12109375,-28402.05078125,-400000.0625,-28383.349609375,-400000.0625,-26938.25,-400000.0625
124.45193290710449,-400000.0625,-42508.51171875,-28332.810546875,-400000.0625,-28378.8203125,-400000.0625,-27033.51953125,-400000.0625
124.5475869178772,-400000.0625,-42520.80859375,-28334.330078125,-400000.0625,-28383.970703125,-400000.0625,-27042.33984375,-400000.0625
124.58098244667053,-400000.0625,-42528.30078125,-28336.720703125,-400000.0625,-28382.259765625,-400000.0625,-27041.060546875,-400000.0625
124.64763498306274,-400000.0625,-42497.16015625,-28305.8203125,-400000.0625,-28353.41015625,-400000.0625,-27013.109375,-400000.0625
124.70916795730591,-400000.0625,-42494.05859375,-28302.580078125,-400000.0625,-28350.740234375,-400000.0625,-27008.869140625,-400000.0625
124.98079323768616,-400000.0625,-42571.6015625,-28368.08984375,-400000.0625,-28381.30078125,-400000.0625,-27009.349609375,-400000.0625
125.18031859397888,-400000.0625,-42566.109375,-28371.669921875,-400000.0625,-28379.16015625,-400000.0625,-26992.08984375,-400000.0625
125.21523880958557,-400000.0625,-42580.66015625,-28388.55078125,-400000.0625,-28391.41015625,-400000.0625,-27001.859375,-400000.0625
125.28028416633606,-400000.0625,-42570.55078125,-28376.580078125,-400000.0625,-28375.25,-400000.0625,-27002.619140625,-400000.0625
125.53921437263489,-400000.0625,-42564.73046875,-28370.720703125,-400000.0625,-28390.4609375,-400000.0625,-27011.58984375,-400000.0625
125.67533683776855,-400000.0625,-42520.76953125,-28320.98046875,-400000.0625,-28356.75,-400000.0625,-27026.990234375,-400000.0625
125.72927784919739,-400000.0625,-42519.53125,-28319.4609375,-400000.0625,-28360.26953125,-400000.0625,-27023.990234375,-400000.0625
125.79762601852417,-400000.0625,-42552.5703125,-28365.330078125,-400000.0625,-28385.01953125,-400000.0625,-27006.439453125,-400000.0625
125.92368531227112,-400000.0625,-42560.48828125,-28375.19921875,-400000.0625,-28388.359375,-400000.0625,-27004.8203125,-400000.0625
125.98271822929382,-400000.0625,-42548.37890625,-28358.560546875,-400000.0625,-28370.380859375,-400000.0625,-26992.130859375,-400000.0625
126.04656910896301,-400000.0625,-42575.41015625,-28384.98046875,-400000.0625,-28402.4296875,-400000.0625,-27011.970703125,-400000.0625
126.12193894386292,-400000.0625,-42551.328125,-28364.140625,-400000.0625,-28387.0703125,-400000.0625,-27004.099609375,-400000.0625
126.12202548980713,-400000.0625,-42562.8203125,-28377.439453125,-400000.0625,-28395.23046875,-400000.0625,-27019.359375,-400000.0625
126.12203073501587,-400000.0625,-42558.390625,-28370.91015625,-400000.0625,-28385.98046875,-400000.0625,-27008.630859375,-400000.0625
126.12203478813171,-400000.0625,-42540.359375,-28352.689453125,-400000.0625,-28367.48046875,-400000.0625,-26987.369140625,-400000.0625
126.12203907966614,-400000.0625,-42534.12109375,-28350.44921875,-400000.0625,-28367.669921875,-400000.0625,-26986.029296875,-400000.0625
126.12204265594482,-400000.0625,-42548.66015625,-28367.140625,-400000.0625,-28388.310546875,-400000.0625,-26999.51953125,-400000.0625
126.12204623222351,-400000.0625,-42566.640625,-28382.970703125,-400000.0625,-28399.08984375,-400000.0625,-27014.119140625,-400000.0625
126.12205004692078,-400000.0625,-42562.48828125,-28377.390625,-400000.0625,-28388.98046875,-400000.0625,-27009.19921875,-400000.0625
126.12205362319946,-400000.0625,-42544.609375,-28361.509765625,-400000.0625,-28373.8203125,-400000.0625,-26992.1796875,-400000.0625
126.12205719947815,-400000.0625,-42540.41015625,-28358.609375,-400000.0625,-28376.19921875,-400000.0625,-26986.55078125,-400000.0625
126.122061252594,-400000.0625,-42551.859375,-28371.189453125,-400000.0625,-28391.220703125,-400000.0625,-26998.48046875,-400000.0625
126.12206506729126,-400000.0625,-42567.0703125,-28384.0703125,-400000.0625,-28399.23046875,-400000.0625,-27014.830078125,-400000.0625
126.12206840515137,-400000.0625,-42559.19921875,-28373.390625,-400000.0625,-28386.259765625,-400000.0625,-27007.630859375,-400000.0625
126.12207198143005,-400000.0625,-42539.7890625,-28355.650390625,-400000.0625,-28373.05078125,-400000.0625,-26991.0390625,-400000.0625
126.12207579612732,-400000.0625,-42536.7890625,-28353.029296875,-400000.0625,-28372.240234375,-400000.0625,-26987.130859375,-400000.0625
126.122079372406,-400000.0625,-42550.7109375,-28366.470703125,-400000.0625,-28384.359375,-400000.0625,-27000.619140625,-400000.0625
126.18044328689575,-400000.0625,-42568.0703125,-28382.5390625,-400000.0625,-28397.939453125,-400000.0625,-27013.640625,-400000.0625
126.19282650947571,-400000.0625,-42564.44140625,-28377.580078125,-400000.0625,-28390.359375,-400000.0625,-27009.19921875,-400000.0625
126.1972930431366,-400000.0625,-42543.8515625,-28358.130859375,-400000.0625,-28373.05078125,-400000.0625,-26991.69921875,-400000.0625
126.19731450080872,-400000.0625,-42541.75,-28356.359375,-400000.0625,-28375.919921875,-400000.0625,-26989.419921875,-400000.0625
126.19732356071472,-400000.0625,-42554.71875,-28369.48046875,-400000.0625,-28389.41015625,-400000.0625,-27006.919921875,-400000.0625
126.19733142852783,-400000.0625,-42568.87890625,-28383.9296875,-400000.0625,-28396.23046875,-400000.0625,-27019.689453125,-400000.0625
126.19733905792236,-400000.0625,-42564.30078125,-28378.060546875,-400000.0625,-28385.740234375,-400000.0625,-27012.30078125,-400000.0625
126.19734644889832,-400000.0625,-42546.51953125,-28359.4609375,-400000.0625,-28370.720703125,-400000.0625,-26996.7109375,-400000.0625
126.19735360145569,-400000.0625,-42542.6484375,-28358.75,-400000.0625,-28372.390625,-400000.0625,-26994.419921875,-400000.0625
126.19736099243164,-400000.0625,-42561.109375,-28375.490234375,-400000.0625,-28389.5,-400000.0625,-27008.73046875,-400000.0625
126.19736838340759,-400000.0625,-42573.21875,-28387.359375,-400000.0625,-28397.900390625,-400000.0625,-27023.83984375,-400000.0625
126.19737601280212,-400000.0625,-42562.19921875,-28379.73046875,-400000.0625,-28387.98046875,-400000.0625,-27016.310546875,-400000.0625
126.19738340377808,-400000.0625,-42545.55859375,-28361.900390625,-400000.0625,-28375.060546875,-400000.0625,-26996.94921875,-400000.0625
126.19739055633545,-400000.0625,-42542.80078125,-28359.419921875,-400000.0625,-28377.6796875,-400000.0625,-26994.51953125,-400000.0625
126.1973979473114,-400000.0625,-42552.671875,-28367.7109375,-400000.0625,-28388.310546875,-400000.0625,-27006.919921875,-400000.0625
126.19740557670593,-400000.0625,-42565.921875,-28381.30078125,-400000.0625,-28395.130859375,-400000.0625,-27019.359375,-400000.0625
126.26525497436523,-400000.0625,-42558.9609375,-28373.580078125,-400000.0625,-28384.310546875,-400000.0625,-27013.16015625,-400000.0625
126.26980948448181,-400000.0625,-42542.80078125,-28358.3203125,-400000.0625,-28371.48046875,-400000.0625,-26994.279296875,-400000.0625
126.26981735229492,-400000.0625,-42543.4609375,-28358.80078125,-400000.0625,-28373.859375,-400000.0625,-26990.80078125,-400000.0625
126.26982188224792,-400000.0625,-42556.1015625,-28371.2890625,-400000.0625,-28387.740234375,-400000.0625,-27007.060546875,-400000.0625
126.26982593536377,-400000.0625,-42570.828125,-28387.169921875,-400000.0625,-28404.099609375,-400000.0625,-27019.119140625,-400000.0625
126.26982951164246,-400000.0625,-42561.6796875,-28379.970703125,-400000.0625,-28390.26953125,-400000.0625,-27012.109375,-400000.0625
126.26983308792114,-400000.0625,-42543.03125,-28360.130859375,-400000.0625,-28371.669921875,-400000.0625,-26994.51953125,-400000.0625
126.26983690261841,-400000.0625,-42540.26953125,-28357.939453125,-400000.0625,-28375.30078125,-400000.0625,-26993.08984375,-400000.0625
126.26984024047852,-400000.0625,-42551.62109375,-28370.4296875,-400000.0625,-28386.169921875,-400000.0625,-27003.720703125,-400000.0625
126.26984357833862,-400000.0625,-42567.44921875,-28385.359375,-400000.0625,-28396.1796875,-400000.0625,-27015.640625,-400000.0625
126.26984739303589,-400000.0625,-42560.30078125,-28377.630859375,-400000.0625,-28390.41015625,-400000.0625,-27010.16015625,-400000.0625
126.26985096931458,-400000.0625,-42541.55859375,-28360.560546875,-400000.0625,-28369.810546875,-400000.0625,-26994.80078125,-400000.0625
126.26985454559326,-400000.0625,-42540.55859375,-28359.419921875,-400000.0625,-28371.189453125,-400000.0625,-26993.75,-400000.0625
126.2698585987091,-400000.0625,-42555.2890625,-28374.529296875,-400000.0625,-28390.650390625,-400000.0625,-27008.580078125,-400000.0625
126.26986169815063,-400000.0625,-42567.828125,-28387.98046875,-400000.0625,-28402.51953125,-400000.0625,-27023.080078125,-400000.0625
126.2698655128479,-400000.0625,-42560.44140625,-28380.109375,-400000.0625,-28389.69921875,-400000.0625,-27014.9296875,-400000.0625
126.3028814792633,-400000.0625,-42546.7109375,-28364.7109375,-400000.0625,-28373.580078125,-400000.0625,-26998.140625,-400000.0625
126.3122181892395,-400000.0625,-42542.55859375,-28361.130859375,-400000.0625,-28372.48046875,-400000.0625,-26997.51953125,-400000.0625
126.31667566299438,-400000.0625,-42554.80859375,-28375.099609375,-400000.0625,-28387.169921875,-400000.0625,-27006.439453125,-400000.0625
126.31668448448181,-400000.0625,-42569.98046875,-28388.310546875,-400000.0625,-28396.75,-400000.0625,-27021.55078125,-400000.0625
126.31668877601624,-400000.0625,-42563.96875,-28382.16015625,-400000.0625,-28387.359375,-400000.0625,-27020.9296875,-400000.0625
126.31669235229492,-400000.0625,-42544.3203125,-28364.609375,-400000.0625,-28375.099609375,-400000.0625,-27002.669921875,-400000.0625
126.31669616699219,-400000.0625,-42539.55078125,-28361.7109375,-400000.0625,-28370.669921875,-400000.0625,-27000.48046875,-400000.0625
126.31670045852661,-400000.0625,-42557.76953125,-28376.630859375,-400000.0625,-28385.2109375,-400000.0625,-27012.400390625,-400000.0625
126.31670427322388,-400000.0625,-42570.69140625,-28390.509765625,-400000.0625,-28400.51953125,-400000.0625,-27025.80078125,-400000.0625
126.31670784950256,-400000.0625,-42563.96875,-28382.779296875,-400000.0625,-28389.029296875,-400000.0625,-27019.890625,-400000.0625
126.31671142578125,-400000.0625,-42544.23046875,-28365.94921875,-400000.0625,-28373.05078125,-400000.0625,-26999.810546875,-400000.0625
126.31671524047852,-400000.0625,-42542.98828125,-28366.140625,-400000.0625,-28378.060546875,-400000.0625,-26996.849609375,-400000.0625
126.3167188167572,-400000.0625,-42557.44140625,-28378.060546875,-400000.0625,-28390.7890625,-400000.0625,-27012.919921875,-400000.0625
126.31672239303589,-400000.0625,-42571.6015625,-28390.080078125,-400000.0625,-28398.7109375,-400000.0625,-27025.990234375,-400000.0625
126.31672620773315,-400000.0625,-42567.828125,-28384.98046875,-400000.0625,-28389.359375,-400000.0625,-27020.69921875,-400000.0625
126.31672978401184,-400000.0625,-42548.28125,-28365.5703125,-400000.0625,-28375.8203125,-400000.0625,-27003.630859375,-400000.0625
126.38061761856079,-400000.0625,-42545.421875,-28364.0390625,-400000.0625,-28377.349609375,-400000.0625,-27000.619140625,-400000.0625
126.38527655601501,-400000.0625,-42558.53125,-28376.76953125,-400000.0625,-28389.359375,-400000.0625,-27008.19921875,-400000.0625
126.38528418540955,-400000.0625,-42569.58984375,-28390.359375,-400000.0625,-28396.3203125,-400000.0625,-27022.69921875,-400000.0625
126.38528847694397,-400000.0625,-42564.96875,-28387.259765625,-400000.0625,-28393.4609375,-400000.0625,-27017.599609375,-400000.0625
126.38529253005981,-400000.0625,-42546.94140625,-28369.240234375,-400000.0625,-28378.869140625,-400000.0625,-26997.7109375,-400000.0625
126.3852961063385,-400000.0625,-42545.7109375,-28365.5703125,-400000.0625,-28376.060546875,-400000.0625,-26998.900390625,-400000.0625
126.38529992103577,-400000.0625,-42558.01171875,-28378.919921875,-400000.0625,-28390.740234375,-400000.0625,-27008.349609375,-400000.0625
126.38530349731445,-400000.0625,-42571.83984375,-28392.599609375,-400000.0625,-28398.1796875,-400000.0625,-27022.169921875,-400000.0625
126.3853087425232,-400000.0625,-42565.640625,-28382.400390625,-400000.0625,-28386.310546875,-400000.0625,-27017.640625,-400000.0625
126.38531231880188,-400000.0625,-42548.5703125,-28367.7109375,-400000.0625,-28375.580078125,-400000.0625,-26997.810546875,-400000.0625
126.38531637191772,-400000.0625,-42542.03125,-28363.900390625,-400000.0625,-28373.669921875,-400000.0625,-26999.140625,-400000.0625
126.38531994819641,-400000.0625,-42559.1015625,-28378.439453125,-400000.0625,-28388.689453125,-400000.0625,-27015.2109375,-400000.0625
126.3853235244751,-400000.0625,-42578.3203125,-28396.80078125,-400000.0625,-28401.330078125,-400000.0625,-27023.599609375,-400000.0625
126.38532710075378,-400000.0625,-42575.890625,-28390.740234375,-400000.0625,-28389.169921875,-400000.0625,-27016.599609375,-400000.0625
126.38533067703247,-400000.0625,-42562.58984375,-28371.0,-400000.0625,-28369.5703125,-400000.0625,-26996.5703125,-400000.0625
126.38533425331116,-400000.0625,-42559.578125,-28369.720703125,-400000.0625,-28369.189453125,-400000.0625,-26993.369140625,-400000.0625
126.46485495567322,-400000.0625,-42571.41015625,-28383.310546875,-400000.0625,-28384.880859375,-400000.0625,-27004.580078125,-400000.0625
126.47487044334412,-400000.0625,-42588.91015625,-28399.1796875,-400000.0625,-28395.509765625,-400000.0625,-27021.3203125,-400000.0625
126.47922468185425,-400000.0625,-42582.609375,-28394.23046875,-400000.0625,-28385.0703125,-400000.0625,-27014.2109375,-400000.0625
126.4792320728302,-400000.0625,-42563.58984375,-28377.390625,-400000.0625,-28366.189453125,-400000.0625,-26998.4296875,-400000.0625
126.47923636436462,-400000.0625,-42573.5,-28376.009765625,-400000.0625,-28366.380859375,-400000.0625,-26995.94921875,-400000.0625
126.47927784919739,-400000.0625,-42586.05078125,-28387.7890625,-400000.0625,-28380.01953125,-400000.0625,-27011.060546875,-400000.0625
126.47929263114929,-400000.0625,-42609.73828125,-28394.80078125,-400000.0625,-28384.310546875,-400000.0625,-27018.5,-400000.0625
126.4792971611023,-400000.0625,-42606.30859375,-28370.33984375,-400000.0625,-28365.08984375,-400000.0625,-26992.66015625,-400000.0625
126.47930097579956,-400000.0625,-42596.30078125,-28365.470703125,-400000.0625,-28348.01953125,-400000.0625,-26986.7890625,-400000.0625
126.47930479049683,-400000.0625,-42602.01953125,-28372.529296875,-400000.0625,-28348.16015625,-400000.0625,-26999.720703125,-400000.0625
126.47930812835693,-400000.0625,-42600.05859375,-28402.859375,-400000.0625,-28363.759765625,-400000.0625,-27026.69921875,-400000.0625
126.47931790351868,-400000.0625,-42623.51953125,-28432.279296875,-400000.0625,-28367.48046875,-400000.0625,-27049.5,-400000.0625
126.47932171821594,-400000.0625,-42640.359375,-28420.830078125,-400000.0625,-28343.16015625,-400000.0625,-27028.609375,-400000.0625
126.47932505607605,-400000.0625,-42635.828125,-28400.0,-400000.0625,-28312.689453125,-400000.0625,-26998.48046875,-400000.0625
126.47932863235474,-400000.0625,-42649.12890625,-28430.939453125,-400000.0625,-28308.439453125,-400000.0625,-27027.75,-400000.0625
126.47933220863342,-400000.0625,-42690.5703125,-28463.4609375,-400000.0625,-28307.490234375,-400000.0625,-27060.4609375,-400000.0625
126.50282430648804,-400000.0625,-42747.55078125,-28490.58984375,-400000.0625,-28303.25,-400000.0625,-27075.9609375,-400000.0625
126.50736355781555,-400000.0625,-42773.390625,-28497.560546875,-400000.0625,-28277.640625,-400000.0625,-27075.720703125,-400000.0625
126.50737237930298,-400000.0625,-42785.03125,-28490.55078125,-400000.0625,-28249.98046875,-400000.0625,-27067.0390625,-400000.0625
126.50737714767456,-400000.0625,-42798.7109375,-28506.759765625,-400000.0625,-28243.400390625,-400000.0625,-27082.880859375,-400000.0625
126.50738072395325,-400000.0625,-42834.48046875,-28528.5,-400000.0625,-28246.119140625,-400000.0625,-27108.48046875,-400000.0625
126.50738430023193,-400000.0625,-42862.46875,-28546.619140625,-400000.0625,-28246.9296875,-400000.0625,-27124.880859375,-400000.0625
126.5073881149292,-400000.0625,-42858.51171875,-28545.48046875,-400000.0625,-28233.439453125,-400000.0625,-27122.2109375,-400000.0625
126.50739192962646,-400000.0625,-42854.21875,-28532.939453125,-400000.0625,-28213.41015625,-400000.0625,-27108.580078125,-400000.0625
126.50739574432373,-400000.0625,-42866.4296875,-28535.3203125,-400000.0625,-28211.640625,-400000.0625,-27112.8203125,-400000.0625
126.50739979743958,-400000.0625,-42887.03125,-28547.48046875,-400000.0625,-28224.140625,-400000.0625,-27130.23046875,-400000.0625
126.50740385055542,-400000.0625,-42901.46875,-28561.0703125,-400000.0625,-28230.91015625,-400000.0625,-27140.669921875,-400000.0625
126.5074074268341,-400000.0625,-42898.328125,-28556.869140625,-400000.0625,-28223.470703125,-400000.0625,-27136.0390625,-400000.0625
126.50741124153137,-400000.0625,-42883.5,-28537.560546875,-400000.0625,-28211.44921875,-400000.0625,-27121.169921875,-400000.0625
126.50741505622864,-400000.0625,-42880.828125,-28534.369140625,-400000.0625,-28221.08984375,-400000.0625,-27119.970703125,-400000.0625
126.50741863250732,-400000.0625,-42886.2109375,-28545.619140625,-400000.0625,-28235.25,-400000.0625,-27135.900390625,-400000.0625
126.50742220878601,-400000.0625,-42888.55078125,-28556.5390625,-400000.0625,-28251.83984375,-400000.0625,-27149.869140625,-400000.0625
126.56062078475952,-400000.0625,-42875.8203125,-28544.810546875,-400000.0625,-28249.080078125,-400000.0625,-27141.150390625,-400000.0625
126.5652687549591,-400000.0625,-42845.828125,-28521.970703125,-400000.0625,-28238.060546875,-400000.0625,-27119.779296875,-400000.0625
126.56991815567017,-400000.0625,-42825.23046875,-28512.91015625,-400000.0625,-28245.599609375,-400000.0625,-27112.529296875,-400000.0625
126.57447004318237,-400000.0625,-42822.98828125,-28521.060546875,-400000.0625,-28268.669921875,-400000.0625,-27122.310546875,-400000.0625
126.57447957992554,-400000.0625,-42824.23046875,-28530.55078125,-400000.0625,-28286.130859375,-400000.0625,-27130.4609375,-400000.0625
126.57448387145996,-400000.0625,-42803.48046875,-28515.439453125,-400000.0625,-28281.5,-400000.0625,-27120.01953125,-400000.0625
126.57448816299438,-400000.0625,-42773.921875,-28491.830078125,-400000.0625,-28272.490234375,-400000.0625,-27097.509765625,-400000.0625
126.57449197769165,-400000.0625,-42756.98828125,-28486.919921875,-400000.0625,-28281.259765625,-400000.0625,-27090.9296875,-400000.0625
126.5744960308075,-400000.0625,-42760.23046875,-28496.080078125,-400000.0625,-28304.91015625,-400000.0625,-27097.609375,-400000.0625
126.57449984550476,-400000.0625,-42760.37890625,-28502.470703125,-400000.0625,-28319.41015625,-400000.0625,-27104.91015625,-400000.0625
126.5745038986206,-400000.0625,-42739.58984375,-28490.5,-400000.0625,-28313.44921875,-400000.0625,-27092.69921875,-400000.0625
126.57450842857361,-400000.0625,-42715.03125,-28469.1796875,-400000.0625,-28305.720703125,-400000.0625,-27066.23046875,-400000.0625
126.57451224327087,-400000.0625,-42698.19921875,-28456.310546875,-400000.0625,-28313.259765625,-400000.0625,-27057.98046875,-400000.0625
126.57451605796814,-400000.0625,-42697.2890625,-28460.83984375,-400000.0625,-28330.279296875,-400000.0625,-27066.0390625,-400000.0625
126.5745198726654,-400000.0625,-42706.5390625,-28471.140625,-400000.0625,-28345.640625,-400000.0625,-27075.2890625,-400000.0625
126.57452416419983,-400000.0625,-42691.328125,-28462.369140625,-400000.0625,-28342.060546875,-400000.0625,-27060.939453125,-400000.0625
126.68654870986938,-400000.0625,-42567.78125,-28395.369140625,-400000.0625,-28366.900390625,-400000.0625,-26989.990234375,-400000.0625
126.83046317100525,-400000.0625,-42549.08984375,-28396.849609375,-400000.0625,-28390.939453125,-400000.0625,-26994.1796875,-400000.0625
126.88291120529175,-400000.0625,-42545.609375,-28395.69921875,-400000.0625,-28390.509765625,-400000.0625,-26996.51953125,-400000.0625
126.98800110816956,-400000.0625,-42543.55859375,-28386.830078125,-400000.0625,-28383.9296875,-400000.0625,-26987.890625,-400000.0625
127.13690328598022,-400000.0625,-42564.25,-28410.009765625,-400000.0625,-28406.33984375,-400000.0625,-27027.7109375,-400000.0625
127.2715094089508,-400000.0625,-42519.62109375,-28349.830078125,-400000.0625,-28359.69921875,-400000.0625,-27059.4609375,-400000.0625
127.48122453689575,-400000.0625,-42562.19921875,-28411.6796875,-400000.0625,-28405.0,-400000.0625,-27034.240234375,-400000.0625
127.5841326713562,-400000.0625,-42546.0390625,-28385.9296875,-400000.0625,-28376.439453125,-400000.0625,-27020.169921875,-400000.0625
127.75518679618835,-400000.0625,-42556.71875,-28395.470703125,-400000.0625,-28390.7890625,-400000.0625,-27024.220703125,-400000.0625
127.77652549743652,-400000.0625,-42574.6015625,-28412.630859375,-400000.0625,-28400.0390625,-400000.0625,-27034.380859375,-400000.0625
127.84778690338135,-400000.0625,-42574.69921875,-28412.5390625,-400000.0625,-28391.939453125,-400000.0625,-27031.900390625,-400000.0625
127.91475868225098,-400000.0625,-42560.30078125,-28395.75,-400000.0625,-28375.580078125,-400000.0625,-27008.73046875,-400000.0625
127.98015856742859,-400000.0625,-42559.01171875,-28393.560546875,-400000.0625,-28371.150390625,-400000.0625,-27011.2109375,-400000.0625
128.03518104553223,-400000.0625,-42569.5,-28410.33984375,-400000.0625,-28387.7890625,-400000.0625,-27025.609375,-400000.0625
128.1065056324005,-400000.0625,-42583.8984375,-28423.98046875,-400000.0625,-28393.4609375,-400000.0625,-27035.759765625,-400000.0625
128.18085265159607,-400000.0625,-42576.890625,-28415.919921875,-400000.0625,-28385.5,-400000.0625,-27030.80078125,-400000.0625
128.22654271125793,-400000.0625,-42561.05859375,-28397.130859375,-400000.0625,-28367.810546875,-400000.0625,-27014.640625,-400000.0625
128.2878155708313,-400000.0625,-42574.26953125,-28411.73046875,-400000.0625,-28383.689453125,-400000.0625,-27018.98046875,-400000.0625
128.48544239997864,-400000.0625,-42588.62109375,-28429.4609375,-400000.0625,-28382.400390625,-400000.0625,-27036.810546875,-400000.0625
128.54314541816711,-400000.0625,-42573.21875,-28411.919921875,-400000.0625,-28365.470703125,-400000.0625,-27022.939453125,-400000.0625
128.6148817539215,-400000.0625,-42567.01953125,-28412.060546875,-400000.0625,-28368.05078125,-400000.0625,-27012.880859375,-400000.0625
128.6289927959442,-400000.0625,-42579.078125,-28423.740234375,-400000.0625,-28380.490234375,-400000.0625,-27026.939453125,-400000.0625
128.6340901851654,-400000.0625,-42592.33984375,-28436.94921875,-400000.0625,-28387.44921875,-400000.0625,-27039.33984375,-400000.0625
128.63969659805298,-400000.0625,-42589.5703125,-28431.990234375,-400000.0625,-28383.2109375,-400000.0625,-27036.05078125,-400000.0625
128.644198179245,-400000.0625,-42571.12109375,-28412.630859375,-400000.0625,-28368.2890625,-400000.0625,-27018.220703125,-400000.0625
128.64420747756958,-400000.0625,-42566.87890625,-28409.76953125,-400000.0625,-28366.900390625,-400000.0625,-27015.16015625,-400000.0625
128.64421200752258,-400000.0625,-42580.23046875,-28423.650390625,-400000.0625,-28383.5,-400000.0625,-27029.1796875,-400000.0625
128.64421582221985,-400000.0625,-42594.1015625,-28438.240234375,-400000.0625,-28395.470703125,-400000.0625,-27040.580078125,-400000.0625
128.64421963691711,-400000.0625,-42591.859375,-28432.51953125,-400000.0625,-28384.259765625,-400000.0625,-27036.48046875,-400000.0625
128.64422345161438,-400000.0625,-42571.41015625,-28412.8203125,-400000.0625,-28365.66015625,-400000.0625,-27018.880859375,-400000.0625
128.64422750473022,-400000.0625,-42568.12109375,-28411.630859375,-400000.0625,-28371.05078125,-400000.0625,-27011.869140625,-400000.0625
128.64423155784607,-400000.0625,-42581.1796875,-28425.740234375,-400000.0625,-28386.98046875,-400000.0625,-27023.4609375,-400000.0625
128.6442356109619,-400000.0625,-42593.8203125,-28437.240234375,-400000.0625,-28396.75,-400000.0625,-27045.25,-400000.0625
128.64423942565918,-400000.0625,-42589.19140625,-28431.560546875,-400000.0625,-28385.830078125,-400000.0625,-27040.48046875,-400000.0625
128.64424324035645,-400000.0625,-42574.26953125,-28414.58984375,-400000.0625,-28366.189453125,-400000.0625,-27017.44921875,-400000.0625
128.6442470550537,-400000.0625,-42570.640625,-28410.25,-400000.0625,-28366.51953125,-400000.0625,-27017.55078125,-400000.0625
128.68103170394897,-400000.0625,-42579.890625,-28420.98046875,-400000.0625,-28380.01953125,-400000.0625,-27030.330078125,-400000.0625
128.68589067459106,-400000.0625,-42598.5390625,-28437.94921875,-400000.0625,-28396.419921875,-400000.0625,-27046.01953125,-400000.0625
128.6859006881714,-400000.0625,-42593.671875,-28430.560546875,-400000.0625,-28385.58984375,-400000.0625,-27038.9609375,-400000.0625
128.6859049797058,-400000.0625,-42569.73828125,-28411.19921875,-400000.0625,-28363.419921875,-400000.0625,-27018.7890625,-400000.0625
128.68590903282166,-400000.0625,-42568.12109375,-28409.2890625,-400000.0625,-28364.94921875,-400000.0625,-27018.259765625,-400000.0625
128.68591284751892,-400000.0625,-42582.51953125,-28423.650390625,-400000.0625,-28381.01953125,-400000.0625,-27029.51953125,-400000.0625
128.6859164237976,-400000.0625,-42599.05859375,-28440.4296875,-400000.0625,-28391.509765625,-400000.0625,-27045.25,-400000.0625
128.68592023849487,-400000.0625,-42593.01171875,-28433.609375,-400000.0625,-28383.0703125,-400000.0625,-27039.859375,-400000.0625
128.68592357635498,-400000.0625,-42570.55078125,-28414.919921875,-400000.0625,-28363.900390625,-400000.0625,-27020.080078125,-400000.0625
128.68592739105225,-400000.0625,-42568.55078125,-28412.630859375,-400000.0625,-28365.140625,-400000.0625,-27015.9296875,-400000.0625
128.6859312057495,-400000.0625,-42579.1796875,-28422.169921875,-400000.0625,-28377.390625,-400000.0625,-27031.7109375,-400000.0625
128.6859347820282,-400000.0625,-42595.48828125,-28438.51953125,-400000.0625,-28388.220703125,-400000.0625,-27045.349609375,-400000.0625
128.68593835830688,-400000.0625,-42591.390625,-28433.609375,-400000.0625,-28383.779296875,-400000.0625,-27039.33984375,-400000.0625
128.68594217300415,-400000.0625,-42573.83984375,-28414.060546875,-400000.0625,-28366.279296875,-400000.0625,-27021.939453125,-400000.0625
128.68594598770142,-400000.0625,-42567.44921875,-28408.630859375,-400000.0625,-28365.5703125,-400000.0625,-27019.55078125,-400000.0625
128.68594980239868,-400000.0625,-42580.55859375,-28422.44921875,-400000.0625,-28378.349609375,-400000.0625,-27028.900390625,-400000.0625
128.73574781417847,-400000.0625,-42596.48828125,-28436.51953125,-400000.0625,-28390.029296875,-400000.0625,-27045.16015625,-400000.0625
128.74564266204834,-400000.0625,-42591.19921875,-28432.66015625,-400000.0625,-28381.830078125,-400000.0625,-27039.9609375,-400000.0625
128.75252676010132,-400000.0625,-42573.55078125,-28416.2109375,-400000.0625,-28370.0,-400000.0625,-27020.359375,-400000.0625
128.75795602798462,-400000.0625,-42566.921875,-28411.9609375,-400000.0625,-28369.0,-400000.0625,-27017.83984375,-400000.0625
128.76200079917908,-400000.0625,-42578.3203125,-28424.41015625,-400000.0625,-28380.44921875,-400000.0625,-27027.560546875,-400000.0625
128.76200938224792,-400000.0625,-42592.578125,-28436.470703125,-400000.0625,-28390.169921875,-400000.0625,-27044.970703125,-400000.0625
128.76201343536377,-400000.0625,-42591.671875,-28432.08984375,-400000.0625,-28380.30078125,-400000.0625,-27042.76953125,-400000.0625
128.76201820373535,-400000.0625,-42574.3203125,-28415.25,-400000.0625,-28360.849609375,-400000.0625,-27026.69921875,-400000.0625
128.76202201843262,-400000.0625,-42567.87890625,-28412.19921875,-400000.0625,-28362.419921875,-400000.0625,-27022.98046875,-400000.0625
128.76202607154846,-400000.0625,-42579.26953125,-28424.599609375,-400000.0625,-28382.73046875,-400000.0625,-27031.619140625,-400000.0625
128.76203036308289,-400000.0625,-42590.53125,-28435.330078125,-400000.0625,-28391.359375,-400000.0625,-27045.869140625,-400000.0625
128.76203393936157,-400000.0625,-42586.62109375,-28429.939453125,-400000.0625,-28381.919921875,-400000.0625,-27042.490234375,-400000.0625
128.76203775405884,-400000.0625,-42570.41015625,-28410.91015625,-400000.0625,-28360.419921875,-400000.0625,-27019.7890625,-400000.0625
128.76204133033752,-400000.0625,-42564.05859375,-28404.859375,-400000.0625,-28360.560546875,-400000.0625,-27014.779296875,-400000.0625
128.7620449066162,-400000.0625,-42576.83984375,-28418.830078125,-400000.0625,-28377.73046875,-400000.0625,-27031.0390625,-400000.0625
128.7620484828949,-400000.0625,-42592.390625,-28435.0390625,-400000.0625,-28385.259765625,-400000.0625,-27045.779296875,-400000.0625
128.82683944702148,-400000.0625,-42585.5703125,-28430.75,-400000.0625,-28376.19921875,-400000.0625,-27042.490234375,-400000.0625
128.83216643333435,-400000.0625,-42565.6796875,-28411.6796875,-400000.0625,-28362.609375,-400000.0625,-27026.939453125,-400000.0625
128.8364953994751,-400000.0625,-42561.8203125,-28407.099609375,-400000.0625,-28366.330078125,-400000.0625,-27020.080078125,-400000.0625
128.84235644340515,-400000.0625,-42576.4609375,-28419.55078125,-400000.0625,-28379.009765625,-400000.0625,-27029.7109375,-400000.0625
128.8468894958496,-400000.0625,-42591.859375,-28434.419921875,-400000.0625,-28387.650390625,-400000.0625,-27046.01953125,-400000.0625
128.84689784049988,-400000.0625,-42586.7109375,-28430.26953125,-400000.0625,-28379.2109375,-400000.0625,-27042.33984375,-400000.0625
128.84690189361572,-400000.0625,-42565.109375,-28410.869140625,-400000.0625,-28359.69921875,-400000.0625,-27021.26953125,-400000.0625
128.846905708313,-400000.0625,-42560.9609375,-28406.720703125,-400000.0625,-28361.75,-400000.0625,-27018.220703125,-400000.0625
128.84690928459167,-400000.0625,-42572.359375,-28419.0703125,-400000.0625,-28379.2109375,-400000.0625,-27030.66015625,-400000.0625
128.84691286087036,-400000.0625,-42589.2890625,-28433.66015625,-400000.0625,-28387.359375,-400000.0625,-27040.529296875,-400000.0625
128.84691667556763,-400000.0625,-42583.28125,-28427.990234375,-400000.0625,-28376.630859375,-400000.0625,-27037.9609375,-400000.0625
128.8469204902649,-400000.0625,-42564.5390625,-28408.05078125,-400000.0625,-28358.26953125,-400000.0625,-27021.75,-400000.0625
128.84692406654358,-400000.0625,-42561.390625,-28404.189453125,-400000.0625,-28360.609375,-400000.0625,-27016.740234375,-400000.0625
128.84692788124084,-400000.0625,-42573.6484375,-28418.689453125,-400000.0625,-28381.30078125,-400000.0625,-27027.08984375,-400000.0625
128.84693145751953,-400000.0625,-42591.4296875,-28432.849609375,-400000.0625,-28390.029296875,-400000.0625,-27039.05078125,-400000.0625
128.84693503379822,-400000.0625,-42585.7109375,-28427.220703125,-400000.0625,-28379.490234375,-400000.0625,-27035.759765625,-400000.0625
128.87903213500977,-400000.0625,-42567.26171875,-28408.859375,-400000.0625,-28360.080078125,-400000.0625,-27021.3203125,-400000.0625
128.88492894172668,-400000.0625,-42562.16015625,-28407.619140625,-400000.0625,-28362.130859375,-400000.0625,-27016.44921875,-400000.0625
128.88963747024536,-400000.0625,-42574.98046875,-28422.259765625,-400000.0625,-28378.349609375,-400000.0625,-27028.279296875,-400000.0625
128.88964700698853,-400000.0625,-42595.53125,-28434.0390625,-400000.0625,-28387.5,-400000.0625,-27043.490234375,-400000.0625
128.88965129852295,-400000.0625,-42598.48828125,-28426.080078125,-400000.0625,-28377.490234375,-400000.0625,-27031.279296875,-400000.0625
128.88965559005737,-400000.0625,-42583.80078125,-28406.0,-400000.0625,-28355.509765625,-400000.0625,-27004.669921875,-400000.0625
128.88965916633606,-400000.0625,-42580.66015625,-28402.5703125,-400000.0625,-28357.369140625,-400000.0625,-27015.16015625,-400000.0625
128.88966274261475,-400000.0625,-42588.0,-28402.330078125,-400000.0625,-28367.380859375,-400000.0625,-27017.7890625,-400000.0625
128.88966631889343,-400000.0625,-42609.98046875,-28426.75,-400000.0625,-28379.73046875,-400000.0625,-27028.75,-400000.0625
128.8896701335907,-400000.0625,-42616.55859375,-28411.9609375,-400000.0625,-28365.279296875,-400000.0625,-27017.41015625,-400000.0625
128.88967370986938,-400000.0625,-42604.3984375,-28407.19921875,-400000.0625,-28343.8203125,-400000.0625,-27021.41015625,-400000.0625
128.88967752456665,-400000.0625,-42586.140625,-28404.669921875,-400000.0625,-28338.859375,-400000.0625,-27020.080078125,-400000.0625
128.88968086242676,-400000.0625,-42619.80859375,-28429.1796875,-400000.0625,-28356.029296875,-400000.0625,-27034.05078125,-400000.0625
128.88968420028687,-400000.0625,-42637.69140625,-28462.029296875,-400000.0625,-28351.880859375,-400000.0625,-27050.2109375,-400000.0625
128.88968801498413,-400000.0625,-42643.9296875,-28449.490234375,-400000.0625,-28326.130859375,-400000.0625,-27038.76953125,-400000.0625
128.88969159126282,-400000.0625,-42656.0,-28432.80078125,-400000.0625,-28293.5703125,-400000.0625,-27016.01953125,-400000.0625
128.93168902397156,-400000.0625,-42649.890625,-28458.98046875,-400000.0625,-28280.0703125,-400000.0625,-27041.869140625,-400000.0625
128.93758583068848,-400000.0625,-42724.8515625,-28509.810546875,-400000.0625,-28281.0703125,-400000.0625,-27080.060546875,-400000.0625
128.94562005996704,-400000.0625,-42780.73828125,-28533.3203125,-400000.0625,-28270.6796875,-400000.0625,-27103.0,-400000.0625
128.94999384880066,-400000.0625,-42814.78125,-28534.369140625,-400000.0625,-28241.73046875,-400000.0625,-27106.099609375,-400000.0625
128.95000386238098,-400000.0625,-42801.71875,-28533.890625,-400000.0625,-28208.44921875,-400000.0625,-27089.890625,-400000.0625
128.9500081539154,-400000.0625,-42832.48046875,-28557.349609375,-400000.0625,-28201.9609375,-400000.0625,-27096.23046875,-400000.0625
128.95001196861267,-400000.0625,-42856.55859375,-28577.189453125,-400000.0625,-28209.119140625,-400000.0625,-27127.98046875,-400000.0625
128.95001578330994,-400000.0625,-42878.05859375,-28591.01953125,-400000.0625,-28211.880859375,-400000.0625,-27144.05078125,-400000.0625
128.9500195980072,-400000.0625,-42883.5,-28589.58984375,-400000.0625,-28196.05078125,-400000.0625,-27144.580078125,-400000.0625
128.95002341270447,-400000.0625,-42880.6796875,-28578.0,-400000.0625,-28175.2109375,-400000.0625,-27130.080078125,-400000.0625
128.95002698898315,-400000.0625,-42880.73046875,-28575.51953125,-400000.0625,-28171.73046875,-400000.0625,-27125.41015625,-400000.0625
128.95003056526184,-400000.0625,-42896.3203125,-28585.869140625,-400000.0625,-28185.1796875,-400000.0625,-27142.76953125,-400000.0625
128.95003414154053,-400000.0625,-42915.87109375,-28598.359375,-400000.0625,-28196.859375,-400000.0625,-27158.98046875,-400000.0625
128.9500377178192,-400000.0625,-42915.921875,-28588.869140625,-400000.0625,-28189.470703125,-400000.0625,-27159.83984375,-400000.0625
128.95004081726074,-400000.0625,-42894.1796875,-28566.41015625,-400000.0625,-28176.119140625,-400000.0625,-27143.19921875,-400000.0625
128.950044631958,-400000.0625,-42885.7890625,-28562.0703125,-400000.0625,-28182.609375,-400000.0625,-27140.189453125,-400000.0625
128.9905617237091,-400000.0625,-42896.1796875,-28574.66015625,-400000.0625,-28202.869140625,-400000.0625,-27156.259765625,-400000.0625
128.99583268165588,-400000.0625,-42904.4296875,-28586.099609375,-400000.0625,-28221.470703125,-400000.0625,-27169.0390625,-400000.0625
129.00044226646423,-400000.0625,-42889.98046875,-28578.5703125,-400000.0625,-28222.330078125,-400000.0625,-27164.029296875,-400000.0625
129.00045132637024,-400000.0625,-42864.76171875,-28557.01953125,-400000.0625,-28211.740234375,-400000.0625,-27145.8203125,-400000.0625
129.00045537948608,-400000.0625,-42850.87890625,-28548.8203125,-400000.0625,-28220.80078125,-400000.0625,-27139.2890625,-400000.0625
129.00045919418335,-400000.0625,-42849.01953125,-28555.640625,-400000.0625,-28238.109375,-400000.0625,-27147.630859375,-400000.0625
129.0004632472992,-400000.0625,-42845.6796875,-28562.359375,-400000.0625,-28251.650390625,-400000.0625,-27157.98046875,-400000.0625
129.0004677772522,-400000.0625,-42828.28125,-28556.2109375,-400000.0625,-28253.1796875,-400000.0625,-27147.73046875,-400000.0625
129.00047183036804,-400000.0625,-42797.7109375,-28535.0390625,-400000.0625,-28245.55078125,-400000.0625,-27124.26953125,-400000.0625
129.00047540664673,-400000.0625,-42782.6015625,-28521.970703125,-400000.0625,-28251.939453125,-400000.0625,-27117.58984375,-400000.0625
129.000479221344,-400000.0625,-42781.0703125,-28526.740234375,-400000.0625,-28274.400390625,-400000.0625,-27120.880859375,-400000.0625
129.00048279762268,-400000.0625,-42781.01953125,-28537.560546875,-400000.0625,-28291.560546875,-400000.0625,-27126.7890625,-400000.0625
129.00048661231995,-400000.0625,-42767.76953125,-28528.689453125,-400000.0625,-28291.0390625,-400000.0625,-27117.919921875,-400000.0625
129.0004904270172,-400000.0625,-42734.578125,-28502.66015625,-400000.0625,-28280.689453125,-400000.0625,-27094.890625,-400000.0625
129.00049448013306,-400000.0625,-42720.8984375,-28496.130859375,-400000.0625,-28284.890625,-400000.0625,-27082.73046875,-400000.0625
129.0004985332489,-400000.0625,-42725.19140625,-28504.08984375,-400000.0625,-28302.009765625,-400000.0625,-27089.0703125,-400000.0625
129.0729546546936,-400000.0625,-42728.140625,-28511.48046875,-400000.0625,-28317.220703125,-400000.0625,-27101.140625,-400000.0625
129.08205366134644,-400000.0625,-42714.7890625,-28500.509765625,-400000.0625,-28313.349609375,-400000.0625,-27091.650390625,-400000.0625
129.08604884147644,-400000.0625,-42684.1796875,-28475.189453125,-400000.0625,-28300.05078125,-400000.0625,-27067.619140625,-400000.0625
129.08605813980103,-400000.0625,-42674.2109375,-28471.66015625,-400000.0625,-28304.91015625,-400000.0625,-27058.990234375,-400000.0625
129.08606338500977,-400000.0625,-42677.9296875,-28478.720703125,-400000.0625,-28322.029296875,-400000.0625,-27068.240234375,-400000.0625
129.08606719970703,-400000.0625,-42684.51171875,-28486.2109375,-400000.0625,-28336.619140625,-400000.0625,-27077.630859375,-400000.0625
129.08607125282288,-400000.0625,-42674.26171875,-28480.060546875,-400000.0625,-28335.2890625,-400000.0625,-27065.609375,-400000.0625
129.08607506752014,-400000.0625,-42648.75,-28458.9296875,-400000.0625,-28322.26953125,-400000.0625,-27040.19921875,-400000.0625
129.086079120636,-400000.0625,-42640.55078125,-28452.689453125,-400000.0625,-28324.369140625,-400000.0625,-27036.4296875,-400000.0625
129.08608269691467,-400000.0625,-42649.890625,-28463.130859375,-400000.0625,-28341.19921875,-400000.0625,-27044.869140625,-400000.0625
129.08608651161194,-400000.0625,-42654.80859375,-28473.380859375,-400000.0625,-28355.890625,-400000.0625,-27055.7890625,-400000.0625
129.08609414100647,-400000.0625,-42648.98828125,-28465.69921875,-400000.0625,-28347.779296875,-400000.0625,-27049.740234375,-400000.0625
129.0860984325409,-400000.0625,-42628.1015625,-28446.060546875,-400000.0625,-28330.619140625,-400000.0625,-27028.1796875,-400000.0625
129.08610200881958,-400000.0625,-42617.23046875,-28438.91015625,-400000.0625,-28333.759765625,-400000.0625,-27020.169921875,-400000.0625
129.086106300354,-400000.0625,-42626.1484375,-28449.25,-400000.0625,-28349.98046875,-400000.0625,-27030.80078125,-400000.0625
129.0861098766327,-400000.0625,-42633.30078125,-28460.4609375,-400000.0625,-28360.939453125,-400000.0625,-27044.73046875,-400000.0625
129.12531518936157,-400000.0625,-42625.0,-28451.640625,-400000.0625,-28352.259765625,-400000.0625,-27038.390625,-400000.0625
129.19021272659302,-400000.0625,-42572.7890625,-28413.390625,-400000.0625,-28351.01953125,-400000.0625,-27002.669921875,-400000.0625
129.24771308898926,-400000.0625,-42557.23828125,-28407.099609375,-400000.0625,-28359.849609375,-400000.0625,-26994.1796875,-400000.0625
129.32164335250854,-400000.0625,-42548.8515625,-28412.349609375,-400000.0625,-28374.19921875,-400000.0625,-27000.619140625,-400000.0625
129.38036155700684,-400000.0625,-42558.71875,-28416.830078125,-400000.0625,-28384.640625,-400000.0625,-27009.630859375,-400000.0625
129.514178276062,-400000.0625,-42529.87109375,-28390.939453125,-400000.0625,-28359.23046875,-400000.0625,-26989.220703125,-400000.0625
129.56651139259338,-400000.0625,-42531.78125,-28390.740234375,-400000.0625,-28365.08984375,-400000.0625,-26989.890625,-400000.0625
129.63158059120178,-400000.0625,-42543.3203125,-28404.5703125,-400000.0625,-28377.349609375,-400000.0625,-27006.8203125,-400000.0625
129.70059728622437,-400000.0625,-42555.2890625,-28411.630859375,-400000.0625,-28382.830078125,-400000.0625,-27019.890625,-400000.0625
129.7605574131012,-400000.0625,-42559.62890625,-28417.16015625,-400000.0625,-28375.33984375,-400000.0625,-27017.310546875,-400000.0625
129.83111333847046,-400000.0625,-42537.98046875,-28388.4609375,-400000.0625,-28354.359375,-400000.0625,-27003.580078125,-400000.0625
129.93095922470093,-400000.0625,-42533.16015625,-28389.080078125,-400000.0625,-28360.080078125,-400000.0625,-26989.419921875,-400000.0625
129.95025610923767,-400000.0625,-42548.46875,-28399.08984375,-400000.0625,-28378.8203125,-400000.0625,-27001.9609375,-400000.0625
130.02646708488464,-400000.0625,-42562.3515625,-28412.580078125,-400000.0625,-28383.880859375,-400000.0625,-27014.830078125,-400000.0625
130.14873623847961,-400000.0625,-42540.83984375,-28387.169921875,-400000.0625,-28356.4609375,-400000.0625,-26995.23046875,-400000.0625
130.2228925228119,-400000.0625,-42539.890625,-28383.259765625,-400000.0625,-28353.890625,-400000.0625,-26990.609375,-400000.0625
130.35289692878723,-400000.0625,-42575.171875,-28415.830078125,-400000.0625,-28380.25,-400000.0625,-27015.16015625,-400000.0625
130.39905881881714,-400000.0625,-42549.0,-28385.689453125,-400000.0625,-28356.939453125,-400000.0625,-26999.94921875,-400000.0625
130.48122692108154,-400000.0625,-42555.76953125,-28390.41015625,-400000.0625,-28359.080078125,-400000.0625,-26991.23046875,-400000.0625
130.65829014778137,-400000.0625,-42575.6484375,-28405.529296875,-400000.0625,-28362.609375,-400000.0625,-27013.400390625,-400000.0625
130.78270649909973,-400000.0625,-42559.578125,-28389.310546875,-400000.0625,-28349.779296875,-400000.0625,-26995.849609375,-400000.0625
130.84804272651672,-400000.0625,-42548.08984375,-28376.19921875,-400000.0625,-28346.349609375,-400000.0625,-26999.94921875,-400000.0625
130.94398617744446,-400000.0625,-42573.69921875,-28400.51953125,-400000.0625,-28369.4296875,-400000.0625,-27018.599609375,-400000.0625
131.10310888290405,-400000.0625,-42559.578125,-28383.5390625,-400000.0625,-28350.830078125,-400000.0625,-27002.2890625,-400000.0625
131.11238503456116,-400000.0625,-42554.1015625,-28377.73046875,-400000.0625,-28349.740234375,-400000.0625,-27002.150390625,-400000.0625
131.11750173568726,-400000.0625,-42567.96875,-28393.560546875,-400000.0625,-28361.130859375,-400000.0625,-27016.689453125,-400000.0625
131.12211966514587,-400000.0625,-42583.66015625,-28408.2890625,-400000.0625,-28372.05078125,-400000.0625,-27028.369140625,-400000.0625
131.12212896347046,-400000.0625,-42571.83984375,-28397.330078125,-400000.0625,-28361.7109375,-400000.0625,-27022.69921875,-400000.0625
131.12213325500488,-400000.0625,-42553.48046875,-28378.779296875,-400000.0625,-28343.009765625,-400000.0625,-27002.33984375,-400000.0625
131.12213683128357,-400000.0625,-42548.421875,-28375.9609375,-400000.0625,-28343.779296875,-400000.0625,-26999.51953125,-400000.0625
131.1221408843994,-400000.0625,-42558.76953125,-28387.650390625,-400000.0625,-28358.1796875,-400000.0625,-27009.8203125,-400000.0625
131.12214422225952,-400000.0625,-42577.98828125,-28404.4296875,-400000.0625,-28368.91015625,-400000.0625,-27021.69921875,-400000.0625
131.12214732170105,-400000.0625,-42574.03125,-28401.240234375,-400000.0625,-28361.849609375,-400000.0625,-27020.740234375,-400000.0625
131.12215065956116,-400000.0625,-42558.1015625,-28384.98046875,-400000.0625,-28347.830078125,-400000.0625,-27002.91015625,-400000.0625
131.12215399742126,-400000.0625,-42554.1015625,-28383.01953125,-400000.0625,-28348.400390625,-400000.0625,-27000.48046875,-400000.0625
131.12215733528137,-400000.0625,-42564.48828125,-28393.560546875,-400000.0625,-28361.369140625,-400000.0625,-27011.16015625,-400000.0625
131.12216067314148,-400000.0625,-42582.08984375,-28406.48046875,-400000.0625,-28371.189453125,-400000.0625,-27027.130859375,-400000.0625
131.12216424942017,-400000.0625,-42576.890625,-28401.0390625,-400000.0625,-28360.66015625,-400000.0625,-27026.849609375,-400000.0625
131.12216782569885,-400000.0625,-42558.01171875,-28384.119140625,-400000.0625,-28348.9296875,-400000.0625,-27005.33984375,-400000.0625
131.18550395965576,-400000.0625,-42552.671875,-28381.259765625,-400000.0625,-28348.880859375,-400000.0625,-27000.619140625,-400000.0625
131.19078421592712,-400000.0625,-42565.921875,-28392.130859375,-400000.0625,-28357.369140625,-400000.0625,-27012.640625,-400000.0625
131.19534516334534,-400000.0625,-42577.609375,-28404.2890625,-400000.0625,-28369.2890625,-400000.0625,-27024.4609375,-400000.0625
131.19535374641418,-400000.0625,-42571.03125,-28399.08984375,-400000.0625,-28361.1796875,-400000.0625,-27022.169921875,-400000.0625
131.19535779953003,-400000.0625,-42556.578125,-28382.58984375,-400000.0625,-28342.009765625,-400000.0625,-27002.150390625,-400000.0625
131.1953616142273,-400000.0625,-42553.0,-28378.109375,-400000.0625,-28344.060546875,-400000.0625,-26995.759765625,-400000.0625
131.19536519050598,-400000.0625,-42559.91015625,-28387.9296875,-400000.0625,-28363.5703125,-400000.0625,-27005.48046875,-400000.0625
131.19536924362183,-400000.0625,-42570.359375,-28400.51953125,-400000.0625,-28372.859375,-400000.0625,-27021.080078125,-400000.0625
131.1953728199005,-400000.0625,-42567.828125,-28397.419921875,-400000.0625,-28362.130859375,-400000.0625,-27019.41015625,-400000.0625
131.19537615776062,-400000.0625,-42551.23828125,-28379.5390625,-400000.0625,-28346.640625,-400000.0625,-26998.900390625,-400000.0625
131.19537997245789,-400000.0625,-42547.421875,-28376.9609375,-400000.0625,-28349.119140625,-400000.0625,-26994.80078125,-400000.0625
131.19538354873657,-400000.0625,-42560.73046875,-28390.98046875,-400000.0625,-28361.0390625,-400000.0625,-27007.9609375,-400000.0625
131.19538712501526,-400000.0625,-42576.03125,-28405.76953125,-400000.0625,-28369.380859375,-400000.0625,-27023.220703125,-400000.0625
131.19539046287537,-400000.0625,-42571.26171875,-28402.05078125,-400000.0625,-28361.7109375,-400000.0625,-27019.4609375,-400000.0625
131.19539403915405,-400000.0625,-42556.05078125,-28385.830078125,-400000.0625,-28345.2109375,-400000.0625,-27003.4296875,-400000.0625
131.19539761543274,-400000.0625,-42550.0390625,-28380.060546875,-400000.0625,-28345.060546875,-400000.0625,-26999.619140625,-400000.0625
131.24297761917114,-400000.0625,-42560.921875,-28391.599609375,-400000.0625,-28358.509765625,-400000.0625,-27010.73046875,-400000.0625
131.25402331352234,-400000.0625,-42576.12890625,-28406.4296875,-400000.0625,-28367.5703125,-400000.0625,-27027.23046875,-400000.0625
131.25881457328796,-400000.0625,-42571.41015625,-28399.609375,-400000.0625,-28358.83984375,-400000.0625,-27020.029296875,-400000.0625
131.2588243484497,-400000.0625,-42549.23046875,-28380.44921875,-400000.0625,-28338.76953125,-400000.0625,-27001.2890625,-400000.0625
131.25882863998413,-400000.0625,-42545.94140625,-28377.869140625,-400000.0625,-28342.5390625,-400000.0625,-26998.380859375,-400000.0625
131.2588324546814,-400000.0625,-42564.5390625,-28394.509765625,-400000.0625,-28363.80078125,-400000.0625,-27014.01953125,-400000.0625
131.25883650779724,-400000.0625,-42577.69921875,-28407.05078125,-400000.0625,-28368.859375,-400000.0625,-27033.669921875,-400000.0625
131.25884008407593,-400000.0625,-42575.21875,-28403.5703125,-400000.0625,-28358.80078125,-400000.0625,-27026.23046875,-400000.0625
131.2588438987732,-400000.0625,-42553.23828125,-28383.2109375,-400000.0625,-28342.060546875,-400000.0625,-27006.8203125,-400000.0625
131.25884747505188,-400000.0625,-42546.75,-28377.390625,-400000.0625,-28341.25,-400000.0625,-27001.33984375,-400000.0625
131.25885128974915,-400000.0625,-42560.30078125,-28390.220703125,-400000.0625,-28351.880859375,-400000.0625,-27013.400390625,-400000.0625
131.2588551044464,-400000.0625,-42576.6015625,-28404.4296875,-400000.0625,-28361.75,-400000.0625,-27028.0390625,-400000.0625
131.25885891914368,-400000.0625,-42570.41015625,-28401.330078125,-400000.0625,-28352.44921875,-400000.0625,-27020.359375,-400000.0625
131.25886273384094,-400000.0625,-42552.140625,-28383.830078125,-400000.0625,-28341.109375,-400000.0625,-27004.33984375,-400000.0625
131.25886631011963,-400000.0625,-42551.328125,-28383.5390625,-400000.0625,-28346.5390625,-400000.0625,-27001.669921875,-400000.0625
131.2588701248169,-400000.0625,-42563.25,-28394.939453125,-400000.0625,-28356.939453125,-400000.0625,-27011.869140625,-400000.0625
131.30172109603882,-400000.0625,-42577.26953125,-28407.859375,-400000.0625,-28366.330078125,-400000.0625,-27026.990234375,-400000.0625
131.30639815330505,-400000.0625,-42575.26953125,-28402.05078125,-400000.0625,-28358.990234375,-400000.0625,-27022.3203125,-400000.0625
131.3064067363739,-400000.0625,-42556.8203125,-28382.830078125,-400000.0625,-28338.19921875,-400000.0625,-27001.810546875,-400000.0625
131.30641102790833,-400000.0625,-42552.19140625,-28380.060546875,-400000.0625,-28341.150390625,-400000.0625,-26999.48046875,-400000.0625
131.30641508102417,-400000.0625,-42561.390625,-28392.599609375,-400000.0625,-28358.75,-400000.0625,-27012.689453125,-400000.0625
131.30661964416504,-400000.0625,-42577.80078125,-28407.0,-400000.0625,-28372.669921875,-400000.0625,-27027.560546875,-400000.0625
131.30670285224915,-400000.0625,-42571.5,-28401.7109375,-400000.0625,-28361.369140625,-400000.0625,-27025.4609375,-400000.0625
131.30670809745789,-400000.0625,-42553.48046875,-28384.640625,-400000.0625,-28339.009765625,-400000.0625,-27006.390625,-400000.0625
131.30671191215515,-400000.0625,-42551.140625,-28381.44921875,-400000.0625,-28339.720703125,-400000.0625,-27000.48046875,-400000.0625
131.30671644210815,-400000.0625,-42563.3515625,-28393.83984375,-400000.0625,-28357.560546875,-400000.0625,-27012.44921875,-400000.0625
131.30671977996826,-400000.0625,-42576.6484375,-28407.05078125,-400000.0625,-28369.529296875,-400000.0625,-27024.419921875,-400000.0625
131.30672335624695,-400000.0625,-42570.828125,-28399.759765625,-400000.0625,-28355.220703125,-400000.0625,-27019.7890625,-400000.0625
131.30672669410706,-400000.0625,-42551.94921875,-28382.830078125,-400000.0625,-28339.9609375,-400000.0625,-27000.140625,-400000.0625
131.30673027038574,-400000.0625,-42547.66015625,-28380.869140625,-400000.0625,-28341.8203125,-400000.0625,-26997.189453125,-400000.0625
131.30673360824585,-400000.0625,-42558.2890625,-28388.83984375,-400000.0625,-28351.830078125,-400000.0625,-27009.009765625,-400000.0625
131.31092929840088,-400000.0625,-42569.7890625,-28402.330078125,-400000.0625,-28361.939453125,-400000.0625,-27022.41015625,-400000.0625
131.38909769058228,-400000.0625,-42567.828125,-28400.759765625,-400000.0625,-28359.369140625,-400000.0625,-27021.75,-400000.0625
131.39767003059387,-400000.0625,-42551.140625,-28383.5390625,-400000.0625,-28342.109375,-400000.0625,-27002.859375,-400000.0625
131.40224695205688,-400000.0625,-42547.80078125,-28378.919921875,-400000.0625,-28337.19921875,-400000.0625,-26997.189453125,-400000.0625
131.4022560119629,-400000.0625,-42560.30078125,-28391.7890625,-400000.0625,-28354.4609375,-400000.0625,-27009.25,-400000.0625
131.40226030349731,-400000.0625,-42573.7890625,-28404.330078125,-400000.0625,-28367.51953125,-400000.0625,-27023.650390625,-400000.0625
131.40226435661316,-400000.0625,-42566.87890625,-28399.0390625,-400000.0625,-28357.369140625,-400000.0625,-27021.55078125,-400000.0625
131.40226817131042,-400000.0625,-42547.55859375,-28380.490234375,-400000.0625,-28334.759765625,-400000.0625,-27002.33984375,-400000.0625
131.40227150917053,-400000.0625,-42547.66015625,-28378.109375,-400000.0625,-28335.859375,-400000.0625,-26997.759765625,-400000.0625
131.40227508544922,-400000.0625,-42559.9609375,-28391.41015625,-400000.0625,-28351.7890625,-400000.0625,-27011.060546875,-400000.0625
131.4022786617279,-400000.0625,-42577.12890625,-28408.2890625,-400000.0625,-28361.75,-400000.0625,-27028.80078125,-400000.0625
131.4022822380066,-400000.0625,-42576.12890625,-28403.240234375,-400000.0625,-28355.119140625,-400000.0625,-27021.7890625,-400000.0625
131.4022855758667,-400000.0625,-42556.4296875,-28384.740234375,-400000.0625,-28340.529296875,-400000.0625,-27002.4296875,-400000.0625
131.40228915214539,-400000.0625,-42546.98828125,-28376.109375,-400000.0625,-28339.9609375,-400000.0625,-27000.380859375,-400000.0625
131.4022924900055,-400000.0625,-42555.76953125,-28384.880859375,-400000.0625,-28353.029296875,-400000.0625,-27008.5390625,-400000.0625
131.40229606628418,-400000.0625,-42571.26171875,-28398.560546875,-400000.0625,-28366.859375,-400000.0625,-27023.029296875,-400000.0625
131.40229964256287,-400000.0625,-42579.98828125,-28393.75,-400000.0625,-28357.939453125,-400000.0625,-27019.890625,-400000.0625
131.4291250705719,-400000.0625,-42562.01171875,-28377.19921875,-400000.0625,-28333.94921875,-400000.0625,-27002.580078125,-400000.0625
131.43432641029358,-400000.0625,-42559.9609375,-28375.33984375,-400000.0625,-28332.759765625,-400000.0625,-27002.91015625,-400000.0625
131.4393835067749,-400000.0625,-42573.03125,-28363.279296875,-400000.0625,-28339.2890625,-400000.0625,-26995.66015625,-400000.0625
131.44345450401306,-400000.0625,-42584.37890625,-28371.580078125,-400000.0625,-28345.16015625,-400000.0625,-26993.609375,-400000.0625
131.44346237182617,-400000.0625,-42605.12109375,-28379.73046875,-400000.0625,-28335.4296875,-400000.0625,-27014.44921875,-400000.0625
131.4434666633606,-400000.0625,-42565.58984375,-28380.30078125,-400000.0625,-28323.75,-400000.0625,-27007.580078125,-400000.0625
131.4434700012207,-400000.0625,-42570.26171875,-28378.919921875,-400000.0625,-28324.80078125,-400000.0625,-27016.9296875,-400000.0625
131.4434735774994,-400000.0625,-42585.80859375,-28403.4296875,-400000.0625,-28328.990234375,-400000.0625,-27021.26953125,-400000.0625
131.44347739219666,-400000.0625,-42643.359375,-28414.439453125,-400000.0625,-28323.1796875,-400000.0625,-27021.080078125,-400000.0625
131.44348073005676,-400000.0625,-42635.5390625,-28401.94921875,-400000.0625,-28301.76953125,-400000.0625,-27007.76953125,-400000.0625
131.44348430633545,-400000.0625,-42593.19921875,-28415.30078125,-400000.0625,-28281.689453125,-400000.0625,-27024.080078125,-400000.0625
131.44348764419556,-400000.0625,-42661.23828125,-28431.3203125,-400000.0625,-28267.580078125,-400000.0625,-27035.140625,-400000.0625
131.44349122047424,-400000.0625,-42695.578125,-28457.7890625,-400000.0625,-28260.0,-400000.0625,-27052.9296875,-400000.0625
131.44349455833435,-400000.0625,-42740.5390625,-28502.75,-400000.0625,-28258.279296875,-400000.0625,-27071.669921875,-400000.0625
131.44349813461304,-400000.0625,-42774.5390625,-28516.25,-400000.0625,-28234.150390625,-400000.0625,-27086.98046875,-400000.0625
131.44350171089172,-400000.0625,-42787.41015625,-28511.580078125,-400000.0625,-28197.009765625,-400000.0625,-27085.880859375,-400000.0625
131.48666286468506,-400000.0625,-42808.58984375,-28517.8203125,-400000.0625,-28182.369140625,-400000.0625,-27087.01953125,-400000.0625
131.49137663841248,-400000.0625,-42833.76171875,-28539.140625,-400000.0625,-28187.94921875,-400000.0625,-27104.91015625,-400000.0625
131.49557900428772,-400000.0625,-42863.23046875,-28560.259765625,-400000.0625,-28194.05078125,-400000.0625,-27126.55078125,-400000.0625
131.49977612495422,-400000.0625,-42874.1015625,-28563.599609375,-400000.0625,-28177.689453125,-400000.0625,-27132.3203125,-400000.0625
131.49978637695312,-400000.0625,-42863.46875,-28547.580078125,-400000.0625,-28153.80078125,-400000.0625,-27121.58984375,-400000.0625
131.49979066848755,-400000.0625,-42869.37890625,-28546.76953125,-400000.0625,-28157.330078125,-400000.0625,-27123.0703125,-400000.0625
131.49979424476624,-400000.0625,-42883.5,-28556.919921875,-400000.0625,-28172.0703125,-400000.0625,-27141.529296875,-400000.0625
131.49979782104492,-400000.0625,-42896.3203125,-28564.169921875,-400000.0625,-28179.509765625,-400000.0625,-27158.119140625,-400000.0625
131.49980115890503,-400000.0625,-42892.26953125,-28558.830078125,-400000.0625,-28177.310546875,-400000.0625,-27156.400390625,-400000.0625
131.4998059272766,-400000.0625,-42877.30078125,-28541.330078125,-400000.0625,-28167.060546875,-400000.0625,-27136.900390625,-400000.0625
131.49981045722961,-400000.0625,-42867.51953125,-28534.4609375,-400000.0625,-28170.30078125,-400000.0625,-27137.0390625,-400000.0625
131.49981546401978,-400000.0625,-42870.859375,-28546.669921875,-400000.0625,-28189.279296875,-400000.0625,-27152.01953125,-400000.0625
131.49981927871704,-400000.0625,-42880.3984375,-28556.400390625,-400000.0625,-28209.119140625,-400000.0625,-27162.359375,-400000.0625
131.49996328353882,-400000.0625,-42863.94921875,-28546.619140625,-400000.0625,-28205.259765625,-400000.0625,-27158.119140625,-400000.0625
131.49998021125793,-400000.0625,-42832.94921875,-28521.640625,-400000.0625,-28192.759765625,-400000.0625,-27138.5703125,-400000.0625
131.49998927116394,-400000.0625,-42821.21875,-28514.720703125,-400000.0625,-28198.33984375,-400000.0625,-27128.650390625,-400000.0625
131.55167961120605,-400000.0625,-42817.7890625,-28523.400390625,-400000.0625,-28221.75,-400000.0625,-27134.849609375,-400000.0625
131.5572338104248,-400000.0625,-42815.359375,-28532.369140625,-400000.0625,-28242.400390625,-400000.0625,-27146.580078125,-400000.0625
131.56131267547607,-400000.0625,-42797.05078125,-28523.73046875,-400000.0625,-28240.5390625,-400000.0625,-27140.240234375,-400000.0625
131.56131982803345,-400000.0625,-42769.53125,-28505.7109375,-400000.0625,-28235.150390625,-400000.0625,-27116.109375,-400000.0625
131.5613238811493,-400000.0625,-42751.890625,-28495.359375,-400000.0625,-28242.779296875,-400000.0625,-27105.4296875,-400000.0625
131.56132793426514,-400000.0625,-42749.98046875,-28499.1796875,-400000.0625,-28259.609375,-400000.0625,-27111.6796875,-400000.0625
131.56133198738098,-400000.0625,-42751.6484375,-28506.470703125,-400000.0625,-28273.400390625,-400000.0625,-27119.310546875,-400000.0625
131.56133556365967,-400000.0625,-42736.19921875,-28496.7890625,-400000.0625,-28270.76953125,-400000.0625,-27106.859375,-400000.0625
131.56133937835693,-400000.0625,-42709.2109375,-28472.0,-400000.0625,-28262.189453125,-400000.0625,-27083.5,-400000.0625
131.56134295463562,-400000.0625,-42690.51953125,-28460.41015625,-400000.0625,-28268.76953125,-400000.0625,-27075.439453125,-400000.0625
131.5613465309143,-400000.0625,-42691.5703125,-28469.0390625,-400000.0625,-28287.509765625,-400000.0625,-27079.6796875,-400000.0625
131.56135034561157,-400000.0625,-42699.44140625,-28477.859375,-400000.0625,-28304.869140625,-400000.0625,-27087.880859375,-400000.0625
131.56135439872742,-400000.0625,-42686.94140625,-28471.23046875,-400000.0625,-28303.33984375,-400000.0625,-27076.150390625,-400000.0625
131.56135821342468,-400000.0625,-42663.19921875,-28452.689453125,-400000.0625,-28290.279296875,-400000.0625,-27052.689453125,-400000.0625
131.56136178970337,-400000.0625,-42649.80078125,-28440.48046875,-400000.0625,-28293.1796875,-400000.0625,-27047.919921875,-400000.0625
131.56136536598206,-400000.0625,-42652.8515625,-28447.25,-400000.0625,-28310.869140625,-400000.0625,-27055.599609375,-400000.0625
131.63423871994019,-400000.0625,-42660.671875,-28459.029296875,-400000.0625,-28326.609375,-400000.0625,-27067.51953125,-400000.0625
131.68849563598633,-400000.0625,-42570.55078125,-28404.099609375,-400000.0625,-28346.16015625,-400000.0625,-27011.779296875,-400000.0625
131.7781376838684,-400000.0625,-42525.76953125,-28367.279296875,-400000.0625,-28335.380859375,-400000.0625,-26979.779296875,-400000.0625
131.81467151641846,-400000.0625,-42509.1796875,-28359.369140625,-400000.0625,-28336.48046875,-400000.0625,-26968.19921875,-400000.0625
131.93526697158813,-400000.0625,-42530.828125,-28384.259765625,-400000.0625,-28365.470703125,-400000.0625,-26989.609375,-400000.0625
132.10533785820007,-400000.0625,-42503.4609375,-28356.599609375,-400000.0625,-28340.6796875,-400000.0625,-26958.08984375,-400000.0625
132.13161826133728,-400000.0625,-42494.3515625,-28350.599609375,-400000.0625,-28334.810546875,-400000.0625,-26953.650390625,-400000.0625
132.27156472206116,-400000.0625,-42518.80859375,-28374.76953125,-400000.0625,-28359.1796875,-400000.0625,-26978.58984375,-400000.0625
132.32417178153992,-400000.0625,-42518.37890625,-28364.94921875,-400000.0625,-28356.939453125,-400000.0625,-26995.140625,-400000.0625
132.44746732711792,-400000.0625,-42504.98046875,-28353.83984375,-400000.0625,-28341.9609375,-400000.0625,-26991.509765625,-400000.0625
132.5141623020172,-400000.0625,-42508.4609375,-28358.560546875,-400000.0625,-28343.009765625,-400000.0625,-26991.66015625,-400000.0625
132.5822515487671,-400000.0625,-42522.2890625,-28377.8203125,-400000.0625,-28360.990234375,-400000.0625,-26996.4296875,-400000.0625
132.89852380752563,-400000.0625,-42524.921875,-28379.5390625,-400000.0625,-28357.3203125,-400000.0625,-27006.580078125,-400000.0625
132.95924067497253,-400000.0625,-42523.25,-28379.009765625,-400000.0625,-28353.890625,-400000.0625,-26998.859375,-400000.0625
133.02523493766785,-400000.0625,-42505.6015625,-28363.330078125,-400000.0625,-28330.51953125,-400000.0625,-26987.029296875,-400000.0625
133.0879328250885,-400000.0625,-42509.421875,-28366.380859375,-400000.0625,-28343.779296875,-400000.0625,-26986.69921875,-400000.0625
133.15160393714905,-400000.0625,-42526.19921875,-28380.490234375,-400000.0625,-28355.55078125,-400000.0625,-27009.58984375,-400000.0625
133.23527765274048,-400000.0625,-42522.578125,-28375.869140625,-400000.0625,-28346.830078125,-400000.0625,-26999.189453125,-400000.0625
133.29768228530884,-400000.0625,-42530.05859375,-28385.5,-400000.0625,-28344.25,-400000.0625,-27003.009765625,-400000.0625
133.34409284591675,-400000.0625,-42505.171875,-28360.560546875,-400000.0625,-28320.83984375,-400000.0625,-26991.130859375,-400000.0625
133.40922331809998,-400000.0625,-42501.359375,-28357.80078125,-400000.0625,-28315.599609375,-400000.0625,-26981.01953125,-400000.0625
133.49914383888245,-400000.0625,-42517.76171875,-28371.05078125,-400000.0625,-28330.66015625,-400000.0625,-27005.25,-400000.0625
133.61013221740723,-400000.0625,-42518.05078125,-28374.630859375,-400000.0625,-28327.7109375,-400000.0625,-27023.029296875,-400000.0625
133.61935353279114,-400000.0625,-42497.30859375,-28352.98046875,-400000.0625,-28306.8203125,-400000.0625,-27005.580078125,-400000.0625
133.62402486801147,-400000.0625,-42493.6796875,-28351.359375,-400000.0625,-28312.109375,-400000.0625,-27002.76953125,-400000.0625
133.62403440475464,-400000.0625,-42509.98828125,-28366.4296875,-400000.0625,-28326.3203125,-400000.0625,-27016.599609375,-400000.0625
133.62403893470764,-400000.0625,-42523.19921875,-28380.01953125,-400000.0625,-28336.720703125,-400000.0625,-27030.900390625,-400000.0625
133.6240427494049,-400000.0625,-42519.671875,-28378.16015625,-400000.0625,-28333.05078125,-400000.0625,-27024.220703125,-400000.0625
133.6240463256836,-400000.0625,-42504.078125,-28360.470703125,-400000.0625,-28316.44921875,-400000.0625,-27004.580078125,-400000.0625
133.62404990196228,-400000.0625,-42497.9296875,-28354.310546875,-400000.0625,-28310.970703125,-400000.0625,-27004.19921875,-400000.0625
133.62405371665955,-400000.0625,-42504.890625,-28361.939453125,-400000.0625,-28324.69921875,-400000.0625,-27013.349609375,-400000.0625
133.6240575313568,-400000.0625,-42522.71875,-28378.5390625,-400000.0625,-28334.5703125,-400000.0625,-27029.08984375,-400000.0625
133.62406134605408,-400000.0625,-42520.9609375,-28374.009765625,-400000.0625,-28328.1796875,-400000.0625,-27026.470703125,-400000.0625
133.62406539916992,-400000.0625,-42502.359375,-28354.98046875,-400000.0625,-28313.01953125,-400000.0625,-27007.30078125,-400000.0625
133.6240689754486,-400000.0625,-42494.16015625,-28349.400390625,-400000.0625,-28309.919921875,-400000.0625,-27007.150390625,-400000.0625
133.62407279014587,-400000.0625,-42506.1796875,-28362.900390625,-400000.0625,-28324.890625,-400000.0625,-27014.779296875,-400000.0625
133.62407636642456,-400000.0625,-42521.53125,-28377.349609375,-400000.0625,-28340.009765625,-400000.0625,-27026.130859375,-400000.0625
133.62407994270325,-400000.0625,-42516.671875,-28370.529296875,-400000.0625,-28332.140625,-400000.0625,-27021.26953125,-400000.0625
133.67778658866882,-400000.0625,-42500.12109375,-28353.310546875,-400000.0625,-28314.310546875,-400000.0625,-27000.720703125,-400000.0625
133.6838619709015,-400000.0625,-42494.44921875,-28349.119140625,-400000.0625,-28313.689453125,-400000.0625,-26994.08984375,-400000.0625
133.68934416770935,-400000.0625,-42503.69921875,-28359.1796875,-400000.0625,-28322.3203125,-400000.0625,-27006.76953125,-400000.0625
133.69355964660645,-400000.0625,-42520.71875,-28373.439453125,-400000.0625,-28330.51953125,-400000.0625,-27022.939453125,-400000.0625
133.69356846809387,-400000.0625,-42517.7109375,-28370.859375,-400000.0625,-28326.130859375,-400000.0625,-27018.5,-400000.0625
133.69357228279114,-400000.0625,-42499.87890625,-28352.44921875,-400000.0625,-28310.400390625,-400000.0625,-27001.189453125,-400000.0625
133.69357562065125,-400000.0625,-42494.5390625,-28345.30078125,-400000.0625,-28308.970703125,-400000.0625,-26999.4296875,-400000.0625
133.69357872009277,-400000.0625,-42504.171875,-28358.1796875,-400000.0625,-28325.3203125,-400000.0625,-27009.349609375,-400000.0625
133.69358229637146,-400000.0625,-42518.94921875,-28373.33984375,-400000.0625,-28333.05078125,-400000.0625,-27021.69921875,-400000.0625
133.69358587265015,-400000.0625,-42515.0390625,-28369.759765625,-400000.0625,-28324.4609375,-400000.0625,-27016.599609375,-400000.0625
133.69359350204468,-400000.0625,-42498.3984375,-28353.029296875,-400000.0625,-28312.73046875,-400000.0625,-27000.2890625,-400000.0625
133.6935966014862,-400000.0625,-42497.5390625,-28348.400390625,-400000.0625,-28309.400390625,-400000.0625,-26993.849609375,-400000.0625
133.6935999393463,-400000.0625,-42507.75,-28360.419921875,-400000.0625,-28318.359375,-400000.0625,-27006.099609375,-400000.0625
133.69360327720642,-400000.0625,-42520.4296875,-28374.630859375,-400000.0625,-28335.380859375,-400000.0625,-27024.83984375,-400000.0625
133.6936068534851,-400000.0625,-42518.80859375,-28369.529296875,-400000.0625,-28328.23046875,-400000.0625,-27023.83984375,-400000.0625
133.69361019134521,-400000.0625,-42502.4609375,-28351.98046875,-400000.0625,-28310.830078125,-400000.0625,-27009.919921875,-400000.0625
133.73037338256836,-400000.0625,-42498.640625,-28351.44921875,-400000.0625,-28313.689453125,-400000.0625,-27007.25,-400000.0625
133.7408618927002,-400000.0625,-42512.08984375,-28364.380859375,-400000.0625,-28327.330078125,-400000.0625,-27018.41015625,-400000.0625
133.74495220184326,-400000.0625,-42523.8203125,-28377.19921875,-400000.0625,-28336.05078125,-400000.0625,-27032.4296875,-400000.0625
133.7449595928192,-400000.0625,-42519.9609375,-28371.619140625,-400000.0625,-28323.419921875,-400000.0625,-27023.41015625,-400000.0625
133.7449643611908,-400000.0625,-42500.2109375,-28351.640625,-400000.0625,-28305.099609375,-400000.0625,-27003.720703125,-400000.0625
133.74496817588806,-400000.0625,-42490.44140625,-28346.109375,-400000.0625,-28308.8203125,-400000.0625,-27001.810546875,-400000.0625
133.74497199058533,-400000.0625,-42504.98046875,-28358.69921875,-400000.0625,-28323.69921875,-400000.0625,-27010.5390625,-400000.0625
133.7449758052826,-400000.0625,-42522.859375,-28374.720703125,-400000.0625,-28332.759765625,-400000.0625,-27024.509765625,-400000.0625
133.74497938156128,-400000.0625,-42518.71875,-28369.759765625,-400000.0625,-28325.470703125,-400000.0625,-27021.98046875,-400000.0625
133.74498295783997,-400000.0625,-42502.12109375,-28354.119140625,-400000.0625,-28309.109375,-400000.0625,-27005.529296875,-400000.0625
133.74498653411865,-400000.0625,-42496.828125,-28351.740234375,-400000.0625,-28309.779296875,-400000.0625,-26999.51953125,-400000.0625
133.74499011039734,-400000.0625,-42505.890625,-28362.849609375,-400000.0625,-28320.75,-400000.0625,-27011.830078125,-400000.0625
133.7449939250946,-400000.0625,-42519.2890625,-28374.529296875,-400000.0625,-28330.419921875,-400000.0625,-27025.990234375,-400000.0625
133.7449972629547,-400000.0625,-42515.859375,-28370.619140625,-400000.0625,-28325.69921875,-400000.0625,-27020.41015625,-400000.0625
133.74500107765198,-400000.0625,-42496.87890625,-28353.55078125,-400000.0625,-28306.76953125,-400000.0625,-26998.759765625,-400000.0625
133.74500441551208,-400000.0625,-42495.30078125,-28351.01953125,-400000.0625,-28311.2109375,-400000.0625,-26994.990234375,-400000.0625
133.79840683937073,-400000.0625,-42507.37109375,-28362.80078125,-400000.0625,-28322.130859375,-400000.0625,-27010.109375,-400000.0625
133.80365371704102,-400000.0625,-42520.19140625,-28375.6796875,-400000.0625,-28331.140625,-400000.0625,-27027.80078125,-400000.0625
133.809072971344,-400000.0625,-42517.7109375,-28371.4296875,-400000.0625,-28323.220703125,-400000.0625,-27021.509765625,-400000.0625
133.81325387954712,-400000.0625,-42498.30859375,-28352.55078125,-400000.0625,-28302.150390625,-400000.0625,-27003.630859375,-400000.0625
133.8132619857788,-400000.0625,-42494.2109375,-28350.55078125,-400000.0625,-28305.76953125,-400000.0625,-27004.48046875,-400000.0625
133.81326603889465,-400000.0625,-42508.55859375,-28363.609375,-400000.0625,-28326.0390625,-400000.0625,-27016.0703125,-400000.0625
133.8132700920105,-400000.0625,-42521.53125,-28374.25,-400000.0625,-28335.240234375,-400000.0625,-27030.900390625,-400000.0625
133.81327414512634,-400000.0625,-42516.76171875,-28370.720703125,-400000.0625,-28325.990234375,-400000.0625,-27027.08984375,-400000.0625
133.8132779598236,-400000.0625,-42502.0703125,-28355.41015625,-400000.0625,-28308.58984375,-400000.0625,-27006.6796875,-400000.0625
133.81328201293945,-400000.0625,-42496.5,-28351.55078125,-400000.0625,-28306.25,-400000.0625,-27000.94921875,-400000.0625
133.81328678131104,-400000.0625,-42510.28125,-28363.80078125,-400000.0625,-28320.3203125,-400000.0625,-27011.109375,-400000.0625
133.8132905960083,-400000.0625,-42522.9609375,-28375.25,-400000.0625,-28332.859375,-400000.0625,-27027.369140625,-400000.0625
133.813294172287,-400000.0625,-42517.23828125,-28370.4296875,-400000.0625,-28325.1796875,-400000.0625,-27025.4609375,-400000.0625
133.8132984638214,-400000.0625,-42499.359375,-28351.98046875,-400000.0625,-28307.060546875,-400000.0625,-27008.439453125,-400000.0625
133.81330227851868,-400000.0625,-42494.3984375,-28347.259765625,-400000.0625,-28305.099609375,-400000.0625,-27000.140625,-400000.0625
133.81330585479736,-400000.0625,-42510.98828125,-28359.80078125,-400000.0625,-28324.560546875,-400000.0625,-27013.16015625,-400000.0625
133.8552987575531,-400000.0625,-42525.62890625,-28375.099609375,-400000.0625,-28332.05078125,-400000.0625,-27029.5703125,-400000.0625
133.86438012123108,-400000.0625,-42517.328125,-28368.240234375,-400000.0625,-28320.359375,-400000.0625,-27024.3203125,-400000.0625
133.86993670463562,-400000.0625,-42503.21875,-28350.98046875,-400000.0625,-28305.6796875,-400000.0625,-27003.8203125,-400000.0625
133.8743176460266,-400000.0625,-42499.3984375,-28347.30078125,-400000.0625,-28308.25,-400000.0625,-27000.240234375,-400000.0625
133.87432622909546,-400000.0625,-42510.08984375,-28358.890625,-400000.0625,-28321.83984375,-400000.0625,-27011.349609375,-400000.0625
133.87433052062988,-400000.0625,-42527.25,-28374.390625,-400000.0625,-28330.810546875,-400000.0625,-27028.900390625,-400000.0625
133.87433457374573,-400000.0625,-42526.578125,-28371.4296875,-400000.0625,-28321.509765625,-400000.0625,-27024.080078125,-400000.0625
133.87433862686157,-400000.0625,-42508.55859375,-28353.359375,-400000.0625,-28304.25,-400000.0625,-27003.8203125,-400000.0625
133.87434267997742,-400000.0625,-42509.46875,-28346.16015625,-400000.0625,-28300.0,-400000.0625,-26997.08984375,-400000.0625
133.87434673309326,-400000.0625,-42528.25,-28353.26953125,-400000.0625,-28312.880859375,-400000.0625,-27005.150390625,-400000.0625
133.87435054779053,-400000.0625,-42554.0,-28352.599609375,-400000.0625,-28322.130859375,-400000.0625,-27007.25,-400000.0625
133.8743543624878,-400000.0625,-42562.30078125,-28355.7890625,-400000.0625,-28311.0703125,-400000.0625,-27006.720703125,-400000.0625
133.87435793876648,-400000.0625,-42514.19140625,-28348.880859375,-400000.0625,-28296.5703125,-400000.0625,-26994.609375,-400000.0625
133.87436151504517,-400000.0625,-42539.21875,-28362.23046875,-400000.0625,-28288.1796875,-400000.0625,-26993.80078125,-400000.0625
133.87436532974243,-400000.0625,-42555.37890625,-28356.029296875,-400000.0625,-28295.419921875,-400000.0625,-27000.94921875,-400000.0625
133.87436890602112,-400000.0625,-42570.6015625,-28373.580078125,-400000.0625,-28297.279296875,-400000.0625,-27012.73046875,-400000.0625
133.95055890083313,-400000.0625,-42571.6015625,-28398.330078125,-400000.0625,-28289.419921875,-400000.0625,-27022.599609375,-400000.0625
133.9562108516693,-400000.0625,-42536.5,-28394.509765625,-400000.0625,-28250.7890625,-400000.0625,-26995.0390625,-400000.0625
133.96710419654846,-400000.0625,-42584.7109375,-28426.359375,-400000.0625,-28244.0703125,-400000.0625,-27017.259765625,-400000.0625
133.97259664535522,-400000.0625,-42666.62890625,-28445.2890625,-400000.0625,-28239.439453125,-400000.0625,-27034.0,-400000.0625
133.9777011871338,-400000.0625,-42751.21875,-28470.810546875,-400000.0625,-28213.220703125,-400000.0625,-27043.580078125,-400000.0625
133.9829626083374,-400000.0625,-42726.08984375,-28498.41015625,-400000.0625,-28186.849609375,-400000.0625,-27049.16015625,-400000.0625
133.9884431362152,-400000.0625,-42763.671875,-28520.73046875,-400000.0625,-28158.05078125,-400000.0625,-27063.80078125,-400000.0625
133.9929165840149,-400000.0625,-42784.30859375,-28521.44921875,-400000.0625,-28140.44921875,-400000.0625,-27051.7890625,-400000.0625
133.99292492866516,-400000.0625,-42810.73046875,-28536.990234375,-400000.0625,-28144.55078125,-400000.0625,-27037.150390625,-400000.0625
133.99292922019958,-400000.0625,-42842.1484375,-28545.189453125,-400000.0625,-28141.740234375,-400000.0625,-27026.939453125,-400000.0625
133.99293327331543,-400000.0625,-42856.7890625,-28524.9296875,-400000.0625,-28117.330078125,-400000.0625,-27003.4296875,-400000.0625
133.99293684959412,-400000.0625,-42853.359375,-28538.759765625,-400000.0625,-28102.5,-400000.0625,-27004.05078125,-400000.0625
133.9929404258728,-400000.0625,-42815.6015625,-28554.109375,-400000.0625,-28102.740234375,-400000.0625,-26991.849609375,-400000.0625
133.9929440021515,-400000.0625,-42849.9296875,-28568.4609375,-400000.0625,-28113.3203125,-400000.0625,-26994.0390625,-400000.0625
133.99294781684875,-400000.0625,-42870.80859375,-28577.66015625,-400000.0625,-28114.419921875,-400000.0625,-26983.880859375,-400000.0625
133.99295139312744,-400000.0625,-42876.921875,-28574.51953125,-400000.0625,-28098.400390625,-400000.0625,-26963.05078125,-400000.0625
133.99295568466187,-400000.0625,-42863.98828125,-28561.880859375,-400000.0625,-28075.98046875,-400000.0625,-26934.8203125,-400000.0625
133.99295854568481,-400000.0625,-42861.1796875,-28559.970703125,-400000.0625,-28075.83984375,-400000.0625,-26925.08984375,-400000.0625
133.9929621219635,-400000.0625,-42882.109375,-28575.5703125,-400000.0625,-28089.48046875,-400000.0625,-26939.5390625,-400000.0625
133.9929656982422,-400000.0625,-42904.859375,-28592.73046875,-400000.0625,-28094.91015625,-400000.0625,-26968.859375,-400000.0625
133.99296975135803,-400000.0625,-42903.19140625,-28588.349609375,-400000.0625,-28079.080078125,-400000.0625,-26978.2109375,-400000.0625
133.9929735660553,-400000.0625,-42888.12109375,-28569.80078125,-400000.0625,-28065.400390625,-400000.0625,-26973.869140625,-400000.0625
133.99297714233398,-400000.0625,-42880.96875,-28561.01953125,-400000.0625,-28068.400390625,-400000.0625,-26978.779296875,-400000.0625
133.99298071861267,-400000.0625,-42891.6484375,-28569.419921875,-400000.0625,-28085.279296875,-400000.0625,-27007.5390625,-400000.0625
133.99298429489136,-400000.0625,-42906.76953125,-28577.900390625,-400000.0625,-28102.58984375,-400000.0625,-27041.76953125,-400000.0625
133.99298810958862,-400000.0625,-42899.328125,-28569.369140625,-400000.0625,-28101.970703125,-400000.0625,-27051.880859375,-400000.0625
133.99299144744873,-400000.0625,-42867.19140625,-28542.7109375,-400000.0625,-28089.05078125,-400000.0625,-27047.16015625,-400000.0625
133.992995262146,-400000.0625,-42856.3203125,-28537.470703125,-400000.0625,-28097.109375,-400000.0625,-27053.55078125,-400000.0625
133.99299883842468,-400000.0625,-42862.328125,-28545.720703125,-400000.0625,-28118.330078125,-400000.0625,-27074.669921875,-400000.0625
133.99300241470337,-400000.0625,-42864.80078125,-28556.58984375,-400000.0625,-28132.970703125,-400000.0625,-27100.66015625,-400000.0625
133.99300622940063,-400000.0625,-42846.44921875,-28546.91015625,-400000.0625,-28132.779296875,-400000.0625,-27104.140625,-400000.0625
133.99300980567932,-400000.0625,-42816.87890625,-28522.44921875,-400000.0625,-28129.91015625,-400000.0625,-27087.55078125,-400000.0625
134.0487928390503,-400000.0625,-42802.1484375,-28517.919921875,-400000.0625,-28140.169921875,-400000.0625,-27086.55078125,-400000.0625
134.0537714958191,-400000.0625,-42801.91015625,-28528.650390625,-400000.0625,-28164.150390625,-400000.0625,-27103.4296875,-400000.0625
134.05377960205078,-400000.0625,-42805.76953125,-28539.369140625,-400000.0625,-28183.029296875,-400000.0625,-27121.740234375,-400000.0625
134.05378413200378,-400000.0625,-42785.83984375,-28527.55078125,-400000.0625,-28181.41015625,-400000.0625,-27114.779296875,-400000.0625
134.0537884235382,-400000.0625,-42749.98046875,-28502.1796875,-400000.0625,-28170.880859375,-400000.0625,-27090.169921875,-400000.0625
134.0537929534912,-400000.0625,-42732.859375,-28492.7890625,-400000.0625,-28183.80078125,-400000.0625,-27088.259765625,-400000.0625
134.0537965297699,-400000.0625,-42728.140625,-28496.7890625,-400000.0625,-28203.5390625,-400000.0625,-27094.1796875,-400000.0625
134.05380082130432,-400000.0625,-42730.19140625,-28502.990234375,-400000.0625,-28225.279296875,-400000.0625,-27104.380859375,-400000.0625
134.05380487442017,-400000.0625,-42712.0703125,-28490.359375,-400000.0625,-28223.94921875,-400000.0625,-27096.849609375,-400000.0625
134.05847549438477,-400000.0625,-42681.51171875,-28466.08984375,-400000.0625,-28217.130859375,-400000.0625,-27073.91015625,-400000.0625
134.0627372264862,-400000.0625,-42668.05859375,-28457.7890625,-400000.0625,-28224.609375,-400000.0625,-27061.369140625,-400000.0625
134.06849718093872,-400000.0625,-42666.6796875,-28464.26953125,-400000.0625,-28242.0703125,-400000.0625,-27070.05078125,-400000.0625
134.07326817512512,-400000.0625,-42664.390625,-28469.51953125,-400000.0625,-28257.0390625,-400000.0625,-27077.76953125,-400000.0625
134.07327795028687,-400000.0625,-42650.8984375,-28461.509765625,-400000.0625,-28253.509765625,-400000.0625,-27064.5703125,-400000.0625
134.07328248023987,-400000.0625,-42625.578125,-28438.05078125,-400000.0625,-28241.109375,-400000.0625,-27044.869140625,-400000.0625
134.0732865333557,-400000.0625,-42610.26953125,-28427.41015625,-400000.0625,-28244.689453125,-400000.0625,-27034.330078125,-400000.0625
134.14174103736877,-400000.0625,-42612.4609375,-28434.0390625,-400000.0625,-28260.23046875,-400000.0625,-27040.19921875,-400000.0625
134.17513346672058,-400000.0625,-42540.69921875,-28399.759765625,-400000.0625,-28310.73046875,-400000.0625,-27009.25,-400000.0625
134.24814677238464,-400000.0625,-42483.76171875,-28354.26953125,-400000.0625,-28292.279296875,-400000.0625,-26979.01953125,-400000.0625
134.34055829048157,-400000.0625,-42476.75,-28352.650390625,-400000.0625,-28298.330078125,-400000.0625,-26984.220703125,-400000.0625
134.37366914749146,-400000.0625,-42477.28125,-28359.130859375,-400000.0625,-28315.640625,-400000.0625,-26989.990234375,-400000.0625
134.57402753829956,-400000.0625,-42498.12109375,-28369.48046875,-400000.0625,-28324.080078125,-400000.0625,-27009.919921875,-400000.0625
134.6279420852661,-400000.0625,-42472.1796875,-28346.490234375,-400000.0625,-28306.109375,-400000.0625,-26982.83984375,-400000.0625
134.7104103565216,-400000.0625,-42470.41015625,-28340.919921875,-400000.0625,-28307.060546875,-400000.0625,-26981.830078125,-400000.0625
134.78054809570312,-400000.0625,-42499.359375,-28366.759765625,-400000.0625,-28331.240234375,-400000.0625,-27018.740234375,-400000.0625
134.9436411857605,-400000.0625,-42479.328125,-28340.630859375,-400000.0625,-28302.48046875,-400000.0625,-26992.08984375,-400000.0625
135.08244633674622,-400000.0625,-42497.5,-28352.41015625,-400000.0625,-28312.880859375,-400000.0625,-27005.630859375,-400000.0625
135.13667106628418,-400000.0625,-42520.80859375,-28367.859375,-400000.0625,-28313.830078125,-400000.0625,-27017.169921875,-400000.0625
135.20272946357727,-400000.0625,-42533.828125,-28376.109375,-400000.0625,-28316.599609375,-400000.0625,-27027.990234375,-400000.0625
135.33035969734192,-400000.0625,-42510.08984375,-28342.439453125,-400000.0625,-28296.279296875,-400000.0625,-27004.9609375,-400000.0625
135.4178318977356,-400000.0625,-42523.62890625,-28356.26953125,-400000.0625,-28311.689453125,-400000.0625,-27016.830078125,-400000.0625
135.48128151893616,-400000.0625,-42530.30078125,-28359.560546875,-400000.0625,-28317.169921875,-400000.0625,-27036.240234375,-400000.0625
135.5241768360138,-400000.0625,-42538.12109375,-28378.30078125,-400000.0625,-28307.30078125,-400000.0625,-27039.720703125,-400000.0625
135.5836296081543,-400000.0625,-42521.76953125,-28361.849609375,-400000.0625,-28289.560546875,-400000.0625,-27023.41015625,-400000.0625
135.73102855682373,-400000.0625,-42547.51953125,-28388.310546875,-400000.0625,-28317.44921875,-400000.0625,-27039.580078125,-400000.0625
135.81525039672852,-400000.0625,-42552.05078125,-28396.08984375,-400000.0625,-28317.0703125,-400000.0625,-27042.9609375,-400000.0625
135.8429970741272,-400000.0625,-42546.12890625,-28386.44921875,-400000.0625,-28306.33984375,-400000.0625,-27038.4296875,-400000.0625
135.90384817123413,-400000.0625,-42532.0703125,-28370.529296875,-400000.0625,-28281.259765625,-400000.0625,-27018.259765625,-400000.0625
135.9792459011078,-400000.0625,-42550.37890625,-28391.509765625,-400000.0625,-28308.439453125,-400000.0625,-27030.80078125,-400000.0625
136.05895590782166,-400000.0625,-42560.62890625,-28401.66015625,-400000.0625,-28310.73046875,-400000.0625,-27043.919921875,-400000.0625
136.18415904045105,-400000.0625,-42561.109375,-28396.470703125,-400000.0625,-28301.669921875,-400000.0625,-27043.009765625,-400000.0625
136.19452357292175,-400000.0625,-42544.75,-28377.439453125,-400000.0625,-28285.890625,-400000.0625,-27029.1796875,-400000.0625
136.19950032234192,-400000.0625,-42537.98046875,-28372.33984375,-400000.0625,-28285.75,-400000.0625,-27022.83984375,-400000.0625
136.19951033592224,-400000.0625,-42549.7109375,-28385.58984375,-400000.0625,-28298.48046875,-400000.0625,-27034.48046875,-400000.0625
136.1995153427124,-400000.0625,-42560.9609375,-28396.939453125,-400000.0625,-28313.16015625,-400000.0625,-27048.5390625,-400000.0625
136.19951915740967,-400000.0625,-42561.5390625,-28393.369140625,-400000.0625,-28301.099609375,-400000.0625,-27041.060546875,-400000.0625
136.1995234489441,-400000.0625,-42541.6484375,-28377.390625,-400000.0625,-28279.640625,-400000.0625,-27020.220703125,-400000.0625
136.19952726364136,-400000.0625,-42536.98046875,-28375.580078125,-400000.0625,-28282.740234375,-400000.0625,-27015.400390625,-400000.0625
136.19953155517578,-400000.0625,-42556.05078125,-28390.509765625,-400000.0625,-28299.140625,-400000.0625,-27031.849609375,-400000.0625
136.20378613471985,-400000.0625,-42569.7890625,-28401.94921875,-400000.0625,-28308.5390625,-400000.0625,-27044.869140625,-400000.0625
136.20379543304443,-400000.0625,-42559.1484375,-28392.130859375,-400000.0625,-28296.140625,-400000.0625,-27035.380859375,-400000.0625
136.2038004398346,-400000.0625,-42536.87890625,-28370.4296875,-400000.0625,-28274.490234375,-400000.0625,-27014.5390625,-400000.0625
136.20380449295044,-400000.0625,-42538.5,-28370.9609375,-400000.0625,-28277.689453125,-400000.0625,-27012.0703125,-400000.0625
136.20380854606628,-400000.0625,-42551.28125,-28384.259765625,-400000.0625,-28296.189453125,-400000.0625,-27025.1796875,-400000.0625
136.20381259918213,-400000.0625,-42563.96875,-28397.849609375,-400000.0625,-28311.01953125,-400000.0625,-27038.4296875,-400000.0625
136.20381617546082,-400000.0625,-42560.6796875,-28392.80078125,-400000.0625,-28303.669921875,-400000.0625,-27031.0390625,-400000.0625
136.2364363670349,-400000.0625,-42544.37109375,-28376.76953125,-400000.0625,-28281.5,-400000.0625,-27014.58984375,-400000.0625
136.24209570884705,-400000.0625,-42543.80078125,-28374.529296875,-400000.0625,-28280.98046875,-400000.0625,-27014.830078125,-400000.0625
136.2462911605835,-400000.0625,-42553.62109375,-28387.029296875,-400000.0625,-28295.5703125,-400000.0625,-27028.900390625,-400000.0625
136.24629998207092,-400000.0625,-42564.16015625,-28400.08984375,-400000.0625,-28307.5390625,-400000.0625,-27042.73046875,-400000.0625
136.24630427360535,-400000.0625,-42559.578125,-28391.080078125,-400000.0625,-28296.810546875,-400000.0625,-27034.48046875,-400000.0625
136.24630784988403,-400000.0625,-42541.98828125,-28374.009765625,-400000.0625,-28277.970703125,-400000.0625,-27011.970703125,-400000.0625
136.24631142616272,-400000.0625,-42535.87890625,-28369.140625,-400000.0625,-28278.5390625,-400000.0625,-27009.439453125,-400000.0625
136.2463150024414,-400000.0625,-42548.28125,-28378.970703125,-400000.0625,-28291.75,-400000.0625,-27022.130859375,-400000.0625
136.24631881713867,-400000.0625,-42564.109375,-28392.990234375,-400000.0625,-28302.76953125,-400000.0625,-27035.91015625,-400000.0625
136.24632287025452,-400000.0625,-42560.8203125,-28390.169921875,-400000.0625,-28295.23046875,-400000.0625,-27033.4296875,-400000.0625
136.24632668495178,-400000.0625,-42540.69921875,-28372.05078125,-400000.0625,-28278.2109375,-400000.0625,-27016.0703125,-400000.0625
136.24633049964905,-400000.0625,-42538.69921875,-28370.619140625,-400000.0625,-28278.9296875,-400000.0625,-27014.830078125,-400000.0625
136.24633407592773,-400000.0625,-42556.19921875,-28387.119140625,-400000.0625,-28294.94921875,-400000.0625,-27026.609375,-400000.0625
136.24633741378784,-400000.0625,-42572.69140625,-28402.380859375,-400000.0625,-28305.720703125,-400000.0625,-27042.009765625,-400000.0625
136.24634099006653,-400000.0625,-42565.6796875,-28394.75,-400000.0625,-28294.140625,-400000.0625,-27039.009765625,-400000.0625
136.2463448047638,-400000.0625,-42548.7109375,-28379.109375,-400000.0625,-28273.25,-400000.0625,-27018.44921875,-400000.0625
136.29423427581787,-400000.0625,-42548.51953125,-28376.30078125,-400000.0625,-28279.259765625,-400000.0625,-27014.2109375,-400000.0625
136.30607438087463,-400000.0625,-42558.19921875,-28386.310546875,-400000.0625,-28298.0,-400000.0625,-27029.470703125,-400000.0625
136.3106710910797,-400000.0625,-42569.9296875,-28397.990234375,-400000.0625,-28308.73046875,-400000.0625,-27047.970703125,-400000.0625
136.3106813430786,-400000.0625,-42569.9296875,-28394.369140625,-400000.0625,-28296.4296875,-400000.0625,-27042.009765625,-400000.0625
136.3106939792633,-400000.0625,-42550.19140625,-28374.060546875,-400000.0625,-28275.5390625,-400000.0625,-27021.509765625,-400000.0625
136.3106985092163,-400000.0625,-42544.890625,-28371.859375,-400000.0625,-28276.689453125,-400000.0625,-27019.7890625,-400000.0625
136.31070256233215,-400000.0625,-42554.5703125,-28382.689453125,-400000.0625,-28289.26953125,-400000.0625,-27031.08984375,-400000.0625
136.310706615448,-400000.0625,-42572.0703125,-28396.66015625,-400000.0625,-28298.810546875,-400000.0625,-27042.33984375,-400000.0625
136.31071019172668,-400000.0625,-42568.30859375,-28390.740234375,-400000.0625,-28292.75,-400000.0625,-27037.91015625,-400000.0625
136.31071376800537,-400000.0625,-42545.8515625,-28371.189453125,-400000.0625,-28273.25,-400000.0625,-27023.650390625,-400000.0625
136.31071758270264,-400000.0625,-42546.37109375,-28373.150390625,-400000.0625,-28276.5390625,-400000.0625,-27018.310546875,-400000.0625
136.31072115898132,-400000.0625,-42559.1015625,-28386.359375,-400000.0625,-28294.380859375,-400000.0625,-27030.0390625,-400000.0625
136.31072473526,-400000.0625,-42574.3203125,-28400.23046875,-400000.0625,-28303.8203125,-400000.0625,-27043.869140625,-400000.0625
136.3107283115387,-400000.0625,-42572.12109375,-28394.509765625,-400000.0625,-28290.609375,-400000.0625,-27039.33984375,-400000.0625
136.3107316493988,-400000.0625,-42551.140625,-28375.30078125,-400000.0625,-28275.2109375,-400000.0625,-27023.130859375,-400000.0625
136.3107352256775,-400000.0625,-42547.7109375,-28374.529296875,-400000.0625,-28280.119140625,-400000.0625,-27016.740234375,-400000.0625
136.3503601551056,-400000.0625,-42561.5390625,-28385.7890625,-400000.0625,-28293.51953125,-400000.0625,-27027.509765625,-400000.0625
136.35524678230286,-400000.0625,-42569.98046875,-28396.369140625,-400000.0625,-28301.810546875,-400000.0625,-27041.869140625,-400000.0625
136.35526823997498,-400000.0625,-42564.25,-28391.560546875,-400000.0625,-28288.26953125,-400000.0625,-27035.380859375,-400000.0625
136.35527753829956,-400000.0625,-42552.19140625,-28377.009765625,-400000.0625,-28270.580078125,-400000.0625,-27019.55078125,-400000.0625
136.35528540611267,-400000.0625,-42547.328125,-28371.859375,-400000.0625,-28276.30078125,-400000.0625,-27019.55078125,-400000.0625
136.35529279708862,-400000.0625,-42559.8203125,-28382.830078125,-400000.0625,-28293.330078125,-400000.0625,-27035.810546875,-400000.0625
136.35530018806458,-400000.0625,-42580.08984375,-28400.140625,-400000.0625,-28304.48046875,-400000.0625,-27047.640625,-400000.0625
136.35530805587769,-400000.0625,-42576.41015625,-28396.7109375,-400000.0625,-28292.23046875,-400000.0625,-27044.060546875,-400000.0625
136.35531520843506,-400000.0625,-42557.44140625,-28373.91015625,-400000.0625,-28271.630859375,-400000.0625,-27017.9296875,-400000.0625
136.35532236099243,-400000.0625,-42570.01953125,-28363.990234375,-400000.0625,-28267.9609375,-400000.0625,-27008.869140625,-400000.0625
136.3553295135498,-400000.0625,-42584.37890625,-28367.330078125,-400000.0625,-28281.41015625,-400000.0625,-27014.16015625,-400000.0625
136.35533690452576,-400000.0625,-42590.578125,-28379.25,-400000.0625,-28289.990234375,-400000.0625,-27020.220703125,-400000.0625
136.35534405708313,-400000.0625,-42599.5390625,-28383.58984375,-400000.0625,-28271.6796875,-400000.0625,-27027.7109375,-400000.0625
136.35535144805908,-400000.0625,-42574.69921875,-28370.810546875,-400000.0625,-28258.23046875,-400000.0625,-27024.3203125,-400000.0625
136.35535883903503,-400000.0625,-42582.94921875,-28377.8203125,-400000.0625,-28256.849609375,-400000.0625,-27014.970703125,-400000.0625
136.35536646842957,-400000.0625,-42597.44140625,-28411.25,-400000.0625,-28263.859375,-400000.0625,-27039.33984375,-400000.0625
136.42793464660645,-400000.0625,-42636.3984375,-28415.060546875,-400000.0625,-28263.140625,-400000.0625,-27053.7890625,-400000.0625
136.43892884254456,-400000.0625,-42622.80859375,-28415.640625,-400000.0625,-28235.76953125,-400000.0625,-27037.390625,-400000.0625
136.44340324401855,-400000.0625,-42629.76953125,-28427.080078125,-400000.0625,-28211.169921875,-400000.0625,-27042.009765625,-400000.0625
136.44341135025024,-400000.0625,-42650.94140625,-28440.91015625,-400000.0625,-28196.619140625,-400000.0625,-27045.439453125,-400000.0625
136.4434154033661,-400000.0625,-42729.62109375,-28487.779296875,-400000.0625,-28186.7109375,-400000.0625,-27078.439453125,-400000.0625
136.44341897964478,-400000.0625,-42791.421875,-28516.529296875,-400000.0625,-28175.55078125,-400000.0625,-27101.279296875,-400000.0625
136.44342255592346,-400000.0625,-42829.609375,-28522.919921875,-400000.0625,-28151.609375,-400000.0625,-27106.619140625,-400000.0625
136.44342613220215,-400000.0625,-42841.9609375,-28520.5390625,-400000.0625,-28112.83984375,-400000.0625,-27094.890625,-400000.0625
136.44342947006226,-400000.0625,-42816.69140625,-28539.23046875,-400000.0625,-28106.83984375,-400000.0625,-27110.439453125,-400000.0625
136.44343280792236,-400000.0625,-42841.8203125,-28559.01953125,-400000.0625,-28117.900390625,-400000.0625,-27125.5,-400000.0625
136.44343614578247,-400000.0625,-42882.01953125,-28578.94921875,-400000.0625,-28124.0,-400000.0625,-27138.189453125,-400000.0625
136.44343948364258,-400000.0625,-42891.69921875,-28579.2890625,-400000.0625,-28106.310546875,-400000.0625,-27131.990234375,-400000.0625
136.4434425830841,-400000.0625,-42882.3984375,-28564.98046875,-400000.0625,-28080.419921875,-400000.0625,-27112.060546875,-400000.0625
136.44344568252563,-400000.0625,-42883.44921875,-28563.880859375,-400000.0625,-28078.849609375,-400000.0625,-27110.48046875,-400000.0625
136.44344902038574,-400000.0625,-42901.37890625,-28575.94921875,-400000.0625,-28093.91015625,-400000.0625,-27125.7890625,-400000.0625
136.44345211982727,-400000.0625,-42922.9296875,-28587.009765625,-400000.0625,-28106.55078125,-400000.0625,-27142.9609375,-400000.0625
136.48663568496704,-400000.0625,-42920.69140625,-28578.380859375,-400000.0625,-28096.150390625,-400000.0625,-27144.630859375,-400000.0625
136.49423384666443,-400000.0625,-42901.328125,-28559.740234375,-400000.0625,-28087.2890625,-400000.0625,-27133.80078125,-400000.0625
136.5012927055359,-400000.0625,-42892.55859375,-28551.76953125,-400000.0625,-28091.720703125,-400000.0625,-27133.900390625,-400000.0625
136.50776386260986,-400000.0625,-42898.66015625,-28557.44921875,-400000.0625,-28109.26953125,-400000.0625,-27149.73046875,-400000.0625
136.51260542869568,-400000.0625,-42904.671875,-28566.029296875,-400000.0625,-28125.48046875,-400000.0625,-27167.470703125,-400000.0625
136.51261377334595,-400000.0625,-42886.12109375,-28555.869140625,-400000.0625,-28123.189453125,-400000.0625,-27162.509765625,-400000.0625
136.5126175880432,-400000.0625,-42857.37109375,-28533.75,-400000.0625,-28114.369140625,-400000.0625,-27144.240234375,-400000.0625
136.5126211643219,-400000.0625,-42843.62890625,-28525.5,-400000.0625,-28123.5703125,-400000.0625,-27139.91015625,-400000.0625
136.5126302242279,-400000.0625,-42838.91015625,-28532.220703125,-400000.0625,-28148.4609375,-400000.0625,-27150.25,-400000.0625
136.5126338005066,-400000.0625,-42838.671875,-28542.330078125,-400000.0625,-28168.060546875,-400000.0625,-27160.9296875,-400000.0625
136.5126371383667,-400000.0625,-42813.12109375,-28527.83984375,-400000.0625,-28165.19921875,-400000.0625,-27149.919921875,-400000.0625
136.51264095306396,-400000.0625,-42780.7890625,-28503.279296875,-400000.0625,-28157.240234375,-400000.0625,-27122.740234375,-400000.0625
136.51264429092407,-400000.0625,-42763.91015625,-28492.44921875,-400000.0625,-28164.099609375,-400000.0625,-27113.490234375,-400000.0625
136.5126473903656,-400000.0625,-42761.0390625,-28496.75,-400000.0625,-28186.849609375,-400000.0625,-27121.169921875,-400000.0625
136.5126507282257,-400000.0625,-42756.3203125,-28502.609375,-400000.0625,-28202.060546875,-400000.0625,-27126.98046875,-400000.0625
136.5126543045044,-400000.0625,-42740.640625,-28491.55078125,-400000.0625,-28206.2109375,-400000.0625,-27115.73046875,-400000.0625
136.5489513874054,-400000.0625,-42711.6015625,-28466.3203125,-400000.0625,-28200.869140625,-400000.0625,-27093.130859375,-400000.0625
136.55851101875305,-400000.0625,-42695.62109375,-28457.689453125,-400000.0625,-28205.060546875,-400000.0625,-27083.73046875,-400000.0625
136.56271839141846,-400000.0625,-42696.19140625,-28464.650390625,-400000.0625,-28222.66015625,-400000.0625,-27091.98046875,-400000.0625
136.56272649765015,-400000.0625,-42699.1015625,-28472.619140625,-400000.0625,-28240.58984375,-400000.0625,-27099.279296875,-400000.0625
136.56273078918457,-400000.0625,-42684.0390625,-28460.7890625,-400000.0625,-28233.2890625,-400000.0625,-27088.119140625,-400000.0625
136.56273484230042,-400000.0625,-42654.80859375,-28436.94921875,-400000.0625,-28218.130859375,-400000.0625,-27064.330078125,-400000.0625
136.562744140625,-400000.0625,-42638.12109375,-28428.130859375,-400000.0625,-28221.3203125,-400000.0625,-27056.359375,-400000.0625
136.56274819374084,-400000.0625,-42645.12890625,-28439.810546875,-400000.0625,-28240.970703125,-400000.0625,-27068.05078125,-400000.0625
136.5627520084381,-400000.0625,-42652.1796875,-28451.830078125,-400000.0625,-28260.51953125,-400000.0625,-27076.76953125,-400000.0625
136.56275582313538,-400000.0625,-42637.5390625,-28441.76953125,-400000.0625,-28252.41015625,-400000.0625,-27067.94921875,-400000.0625
136.56275939941406,-400000.0625,-42611.21875,-28418.779296875,-400000.0625,-28237.439453125,-400000.0625,-27042.33984375,-400000.0625
136.5627634525299,-400000.0625,-42605.73828125,-28412.5390625,-400000.0625,-28245.400390625,-400000.0625,-27038.529296875,-400000.0625
136.56276726722717,-400000.0625,-42610.4609375,-28423.26953125,-400000.0625,-28261.330078125,-400000.0625,-27047.73046875,-400000.0625
136.56277108192444,-400000.0625,-42619.19140625,-28433.80078125,-400000.0625,-28272.5390625,-400000.0625,-27054.98046875,-400000.0625
136.56277465820312,-400000.0625,-42607.359375,-28423.41015625,-400000.0625,-28264.140625,-400000.0625,-27046.869140625,-400000.0625
136.5627784729004,-400000.0625,-42584.08984375,-28399.849609375,-400000.0625,-28246.55078125,-400000.0625,-27021.130859375,-400000.0625
136.60659527778625,-400000.0625,-42574.12109375,-28392.220703125,-400000.0625,-28250.55078125,-400000.0625,-27015.359375,-400000.0625
136.61163854599,-400000.0625,-42582.66015625,-28403.380859375,-400000.0625,-28270.76953125,-400000.0625,-27025.1796875,-400000.0625
136.7080888748169,-400000.0625,-42541.21875,-28381.919921875,-400000.0625,-28289.0390625,-400000.0625,-27006.490234375,-400000.0625
136.73604369163513,-400000.0625,-42546.55859375,-28391.4609375,-400000.0625,-28288.609375,-400000.0625,-27012.919921875,-400000.0625
136.91503286361694,-400000.0625,-42519.71875,-28364.80078125,-400000.0625,-28272.73046875,-400000.0625,-26993.51953125,-400000.0625
136.9311113357544,-400000.0625,-42524.390625,-28370.189453125,-400000.0625,-28288.3203125,-400000.0625,-26997.759765625,-400000.0625
136.99795174598694,-400000.0625,-42529.48828125,-28377.009765625,-400000.0625,-28298.189453125,-400000.0625,-26997.859375,-400000.0625
137.05646896362305,-400000.0625,-42540.890625,-28384.44921875,-400000.0625,-28302.630859375,-400000.0625,-27009.630859375,-400000.0625
137.13793778419495,-400000.0625,-42535.171875,-28377.109375,-400000.0625,-28288.220703125,-400000.0625,-27006.19921875,-400000.0625
137.34798312187195,-400000.0625,-42528.05859375,-28370.5703125,-400000.0625,-28287.4609375,-400000.0625,-26994.140625,-400000.0625
137.43927764892578,-400000.0625,-42543.69921875,-28379.58984375,-400000.0625,-28285.26953125,-400000.0625,-27001.669921875,-400000.0625
137.50553727149963,-400000.0625,-42527.30078125,-28361.75,-400000.0625,-28265.619140625,-400000.0625,-26987.599609375,-400000.0625
137.6482756137848,-400000.0625,-42536.171875,-28381.919921875,-400000.0625,-28292.23046875,-400000.0625,-26989.75,-400000.0625
137.70294523239136,-400000.0625,-42559.8203125,-28397.23046875,-400000.0625,-28300.33984375,-400000.0625,-27011.01953125,-400000.0625
137.7806327342987,-400000.0625,-42533.58984375,-28371.810546875,-400000.0625,-28274.830078125,-400000.0625,-26989.3203125,-400000.0625
137.8303143978119,-400000.0625,-42538.6015625,-28375.390625,-400000.0625,-28277.16015625,-400000.0625,-26987.75,-400000.0625
137.9841866493225,-400000.0625,-42539.078125,-28382.5390625,-400000.0625,-28291.419921875,-400000.0625,-26991.75,-400000.0625
138.05035376548767,-400000.0625,-42554.1015625,-28397.130859375,-400000.0625,-28296.619140625,-400000.0625,-27006.33984375,-400000.0625
138.08276343345642,-400000.0625,-42535.5,-28376.9609375,-400000.0625,-28287.509765625,-400000.0625,-27023.890625,-400000.0625
138.14782857894897,-400000.0625,-42509.51171875,-28353.310546875,-400000.0625,-28274.109375,-400000.0625,-26998.0,-400000.0625
138.27328729629517,-400000.0625,-42519.5703125,-28362.849609375,-400000.0625,-28285.55078125,-400000.0625,-27008.73046875,-400000.0625
138.3815999031067,-400000.0625,-42528.01171875,-28371.859375,-400000.0625,-28290.75,-400000.0625,-27008.869140625,-400000.0625
138.3989872932434,-400000.0625,-42521.76953125,-28366.859375,-400000.0625,-28287.4609375,-400000.0625,-27007.5390625,-400000.0625
138.53158974647522,-400000.0625,-42509.98828125,-28353.890625,-400000.0625,-28277.640625,-400000.0625,-26991.23046875,-400000.0625
138.6192421913147,-400000.0625,-42520.05078125,-28360.26953125,-400000.0625,-28293.419921875,-400000.0625,-27005.099609375,-400000.0625
138.62464785575867,-400000.0625,-42529.73046875,-28369.859375,-400000.0625,-28298.240234375,-400000.0625,-27016.98046875,-400000.0625
138.6298863887787,-400000.0625,-42525.8203125,-28364.279296875,-400000.0625,-28287.369140625,-400000.0625,-27005.869140625,-400000.0625
138.63507533073425,-400000.0625,-42508.23046875,-28346.490234375,-400000.0625,-28270.529296875,-400000.0625,-26989.890625,-400000.0625
138.64369678497314,-400000.0625,-42504.03125,-28344.830078125,-400000.0625,-28274.009765625,-400000.0625,-26988.69921875,-400000.0625
138.64933514595032,-400000.0625,-42519.62109375,-28359.75,-400000.0625,-28285.509765625,-400000.0625,-27001.91015625,-400000.0625
138.6542193889618,-400000.0625,-42532.87890625,-28371.91015625,-400000.0625,-28296.0390625,-400000.0625,-27013.73046875,-400000.0625
138.65422987937927,-400000.0625,-42525.1484375,-28363.369140625,-400000.0625,-28284.69921875,-400000.0625,-27005.630859375,-400000.0625
138.65423464775085,-400000.0625,-42510.421875,-28347.919921875,-400000.0625,-28270.529296875,-400000.0625,-26992.08984375,-400000.0625
138.65423893928528,-400000.0625,-42506.03125,-28343.060546875,-400000.0625,-28273.400390625,-400000.0625,-26990.609375,-400000.0625
138.65424275398254,-400000.0625,-42515.859375,-28354.98046875,-400000.0625,-28289.509765625,-400000.0625,-27002.189453125,-400000.0625
138.6542468070984,-400000.0625,-42530.87890625,-28367.5703125,-400000.0625,-28295.140625,-400000.0625,-27016.0703125,-400000.0625
138.65425062179565,-400000.0625,-42524.921875,-28360.890625,-400000.0625,-28283.55078125,-400000.0625,-27006.490234375,-400000.0625
138.65425443649292,-400000.0625,-42504.41015625,-28340.060546875,-400000.0625,-28268.91015625,-400000.0625,-26986.650390625,-400000.0625
138.65425777435303,-400000.0625,-42499.55078125,-28337.91015625,-400000.0625,-28271.25,-400000.0625,-26987.939453125,-400000.0625
138.65426182746887,-400000.0625,-42517.62109375,-28356.83984375,-400000.0625,-28286.75,-400000.0625,-27000.189453125,-400000.0625
138.6579704284668,-400000.0625,-42533.0703125,-28370.529296875,-400000.0625,-28296.66015625,-400000.0625,-27016.689453125,-400000.0625
138.663254737854,-400000.0625,-42525.25,-28361.609375,-400000.0625,-28285.4609375,-400000.0625,-27008.6796875,-400000.0625
138.66838765144348,-400000.0625,-42508.890625,-28344.5390625,-400000.0625,-28271.9609375,-400000.0625,-26989.560546875,-400000.0625
138.67261719703674,-400000.0625,-42506.03125,-28345.2109375,-400000.0625,-28275.6796875,-400000.0625,-26986.75,-400000.0625
138.672625541687,-400000.0625,-42515.62109375,-28358.890625,-400000.0625,-28288.939453125,-400000.0625,-26998.810546875,-400000.0625
138.67263078689575,-400000.0625,-42533.30859375,-28371.580078125,-400000.0625,-28294.849609375,-400000.0625,-27013.970703125,-400000.0625
138.67263460159302,-400000.0625,-42529.5390625,-28363.900390625,-400000.0625,-28284.359375,-400000.0625,-27010.16015625,-400000.0625
138.67263889312744,-400000.0625,-42510.51171875,-28345.490234375,-400000.0625,-28269.9609375,-400000.0625,-26991.66015625,-400000.0625
138.67264318466187,-400000.0625,-42507.94140625,-28344.009765625,-400000.0625,-28270.76953125,-400000.0625,-26990.849609375,-400000.0625
138.67264699935913,-400000.0625,-42525.390625,-28359.849609375,-400000.0625,-28287.220703125,-400000.0625,-27009.060546875,-400000.0625
138.67265152931213,-400000.0625,-42539.078125,-28371.859375,-400000.0625,-28295.0,-400000.0625,-27016.689453125,-400000.0625
138.67265558242798,-400000.0625,-42545.28125,-28362.900390625,-400000.0625,-28277.259765625,-400000.0625,-26993.849609375,-400000.0625
138.67265939712524,-400000.0625,-42525.30078125,-28318.4609375,-400000.0625,-28259.609375,-400000.0625,-26964.720703125,-400000.0625
138.67266297340393,-400000.0625,-42523.71875,-28328.0390625,-400000.0625,-28262.48046875,-400000.0625,-26983.0703125,-400000.0625
138.67266654968262,-400000.0625,-42550.76171875,-28352.599609375,-400000.0625,-28275.5390625,-400000.0625,-27004.390625,-400000.0625
138.6726701259613,-400000.0625,-42561.109375,-28368.330078125,-400000.0625,-28287.220703125,-400000.0625,-27007.580078125,-400000.0625
138.75046563148499,-400000.0625,-42560.19921875,-28359.130859375,-400000.0625,-28270.529296875,-400000.0625,-26998.189453125,-400000.0625
138.75996899604797,-400000.0625,-42525.9609375,-28353.55078125,-400000.0625,-28249.26953125,-400000.0625,-26994.470703125,-400000.0625
138.76507878303528,-400000.0625,-42533.828125,-28374.869140625,-400000.0625,-28241.970703125,-400000.0625,-26991.66015625,-400000.0625
138.7708215713501,-400000.0625,-42556.578125,-28393.130859375,-400000.0625,-28247.359375,-400000.0625,-27008.869140625,-400000.0625
138.776859998703,-400000.0625,-42586.94921875,-28411.580078125,-400000.0625,-28239.439453125,-400000.0625,-27024.029296875,-400000.0625
138.78161072731018,-400000.0625,-42634.96875,-28439.759765625,-400000.0625,-28202.779296875,-400000.0625,-27028.0390625,-400000.0625
138.7816219329834,-400000.0625,-42658.0,-28443.9609375,-400000.0625,-28165.6796875,-400000.0625,-27025.990234375,-400000.0625
138.78162741661072,-400000.0625,-42700.62890625,-28464.650390625,-400000.0625,-28149.26953125,-400000.0625,-27038.2890625,-400000.0625
138.7816321849823,-400000.0625,-42748.12109375,-28497.130859375,-400000.0625,-28147.990234375,-400000.0625,-27067.0390625,-400000.0625
138.78163623809814,-400000.0625,-42785.51171875,-28521.01953125,-400000.0625,-28142.55078125,-400000.0625,-27091.080078125,-400000.0625
138.78164052963257,-400000.0625,-42790.69921875,-28519.009765625,-400000.0625,-28122.48046875,-400000.0625,-27089.4609375,-400000.0625
138.78164505958557,-400000.0625,-42779.359375,-28502.80078125,-400000.0625,-28105.830078125,-400000.0625,-27075.150390625,-400000.0625
138.78164863586426,-400000.0625,-42785.69921875,-28504.80078125,-400000.0625,-28112.80078125,-400000.0625,-27083.44921875,-400000.0625
138.78165340423584,-400000.0625,-42800.4296875,-28516.919921875,-400000.0625,-28126.4296875,-400000.0625,-27103.619140625,-400000.0625
138.78165745735168,-400000.0625,-42820.03125,-28527.83984375,-400000.0625,-28133.58984375,-400000.0625,-27123.880859375,-400000.0625
138.7816619873047,-400000.0625,-42817.6484375,-28516.30078125,-400000.0625,-28126.91015625,-400000.0625,-27122.169921875,-400000.0625
138.78415751457214,-400000.0625,-42799.23828125,-28497.75,-400000.0625,-28115.23046875,-400000.0625,-27107.240234375,-400000.0625
138.78938698768616,-400000.0625,-42793.0390625,-28494.7890625,-400000.0625,-28121.759765625,-400000.0625,-27111.30078125,-400000.0625
138.79361200332642,-400000.0625,-42802.62890625,-28503.140625,-400000.0625,-28145.650390625,-400000.0625,-27130.419921875,-400000.0625
138.79361939430237,-400000.0625,-42807.109375,-28510.240234375,-400000.0625,-28164.9609375,-400000.0625,-27143.9609375,-400000.0625
138.79362392425537,-400000.0625,-42785.12890625,-28497.26953125,-400000.0625,-28160.669921875,-400000.0625,-27131.75,-400000.0625
138.79362797737122,-400000.0625,-42751.890625,-28472.5703125,-400000.0625,-28149.69921875,-400000.0625,-27109.8203125,-400000.0625
138.7936315536499,-400000.0625,-42735.1484375,-28465.609375,-400000.0625,-28157.94921875,-400000.0625,-27107.2890625,-400000.0625
138.79363584518433,-400000.0625,-42741.109375,-28476.099609375,-400000.0625,-28180.98046875,-400000.0625,-27118.5390625,-400000.0625
138.79363989830017,-400000.0625,-42746.9296875,-28484.869140625,-400000.0625,-28197.76953125,-400000.0625,-27128.990234375,-400000.0625
138.79364347457886,-400000.0625,-42726.5703125,-28469.759765625,-400000.0625,-28191.619140625,-400000.0625,-27114.58984375,-400000.0625
138.79364728927612,-400000.0625,-42695.859375,-28447.869140625,-400000.0625,-28180.4609375,-400000.0625,-27090.740234375,-400000.0625
138.7936508655548,-400000.0625,-42683.1796875,-28441.619140625,-400000.0625,-28192.859375,-400000.0625,-27084.880859375,-400000.0625
138.79365468025208,-400000.0625,-42685.98828125,-28449.16015625,-400000.0625,-28215.26953125,-400000.0625,-27095.890625,-400000.0625
138.79365825653076,-400000.0625,-42689.140625,-28455.310546875,-400000.0625,-28228.810546875,-400000.0625,-27104.140625,-400000.0625
138.79366183280945,-400000.0625,-42675.0703125,-28442.720703125,-400000.0625,-28222.849609375,-400000.0625,-27091.029296875,-400000.0625
138.7936656475067,-400000.0625,-42648.51171875,-28421.0703125,-400000.0625,-28211.5,-400000.0625,-27069.4296875,-400000.0625
138.84899473190308,-400000.0625,-42637.0703125,-28415.490234375,-400000.0625,-28219.26953125,-400000.0625,-27062.369140625,-400000.0625
138.854065656662,-400000.0625,-42642.171875,-28425.7890625,-400000.0625,-28234.76953125,-400000.0625,-27067.380859375,-400000.0625
138.8622009754181,-400000.0625,-42648.609375,-28435.810546875,-400000.0625,-28245.830078125,-400000.0625,-27075.76953125,-400000.0625
138.86677312850952,-400000.0625,-42631.01171875,-28422.119140625,-400000.0625,-28245.98046875,-400000.0625,-27066.419921875,-400000.0625
138.86678409576416,-400000.0625,-42607.7890625,-28401.08984375,-400000.0625,-28235.060546875,-400000.0625,-27043.19921875,-400000.0625
138.86678910255432,-400000.0625,-42598.05859375,-28395.130859375,-400000.0625,-28235.630859375,-400000.0625,-27034.859375,-400000.0625
138.86679315567017,-400000.0625,-42604.9296875,-28405.380859375,-400000.0625,-28255.560546875,-400000.0625,-27046.349609375,-400000.0625
138.8667974472046,-400000.0625,-42614.0390625,-28416.44921875,-400000.0625,-28268.529296875,-400000.0625,-27055.310546875,-400000.0625
138.86680150032043,-400000.0625,-42601.640625,-28405.4296875,-400000.0625,-28257.66015625,-400000.0625,-27044.16015625,-400000.0625
138.86680579185486,-400000.0625,-42577.3203125,-28383.970703125,-400000.0625,-28243.830078125,-400000.0625,-27025.80078125,-400000.0625
138.86680960655212,-400000.0625,-42569.69140625,-28381.400390625,-400000.0625,-28249.080078125,-400000.0625,-27020.029296875,-400000.0625
138.8668131828308,-400000.0625,-42579.421875,-28392.41015625,-400000.0625,-28259.7109375,-400000.0625,-27033.859375,-400000.0625
138.86681699752808,-400000.0625,-42588.4296875,-28401.51953125,-400000.0625,-28271.490234375,-400000.0625,-27044.30078125,-400000.0625
138.86682057380676,-400000.0625,-42574.359375,-28391.650390625,-400000.0625,-28264.48046875,-400000.0625,-27034.240234375,-400000.0625
138.86682438850403,-400000.0625,-42558.62890625,-28375.150390625,-400000.0625,-28251.130859375,-400000.0625,-27014.9296875,-400000.0625
138.86682796478271,-400000.0625,-42553.23828125,-28373.19921875,-400000.0625,-28259.7109375,-400000.0625,-27013.73046875,-400000.0625
138.92429494857788,-400000.0625,-42562.8203125,-28384.98046875,-400000.0625,-28273.779296875,-400000.0625,-27022.41015625,-400000.0625
138.9294717311859,-400000.0625,-42574.03125,-28394.560546875,-400000.0625,-28279.259765625,-400000.0625,-27032.470703125,-400000.0625
138.93428301811218,-400000.0625,-42561.48828125,-28381.779296875,-400000.0625,-28268.669921875,-400000.0625,-27021.939453125,-400000.0625
138.9342918395996,-400000.0625,-42542.12890625,-28364.5703125,-400000.0625,-28259.609375,-400000.0625,-27000.5703125,-400000.0625
138.93429613113403,-400000.0625,-42538.5,-28363.759765625,-400000.0625,-28265.05078125,-400000.0625,-26998.330078125,-400000.0625
138.93430018424988,-400000.0625,-42549.66015625,-28377.490234375,-400000.0625,-28281.01953125,-400000.0625,-27010.779296875,-400000.0625
138.93430399894714,-400000.0625,-42560.05859375,-28388.650390625,-400000.0625,-28287.69921875,-400000.0625,-27022.7890625,-400000.0625
138.934308052063,-400000.0625,-42551.80859375,-28380.400390625,-400000.0625,-28279.359375,-400000.0625,-27013.109375,-400000.0625
138.93431210517883,-400000.0625,-42533.0703125,-28360.1796875,-400000.0625,-28263.619140625,-400000.0625,-26997.08984375,-400000.0625
138.9343159198761,-400000.0625,-42528.109375,-28358.080078125,-400000.0625,-28265.529296875,-400000.0625,-26992.419921875,-400000.0625
138.9343204498291,-400000.0625,-42542.1796875,-28372.9609375,-400000.0625,-28282.83984375,-400000.0625,-26997.859375,-400000.0625
138.9343237876892,-400000.0625,-42554.859375,-28383.9296875,-400000.0625,-28291.23046875,-400000.0625,-27012.5390625,-400000.0625
138.9343273639679,-400000.0625,-42545.75,-28374.76953125,-400000.0625,-28284.83984375,-400000.0625,-27008.16015625,-400000.0625
138.93433141708374,-400000.0625,-42525.1484375,-28356.3203125,-400000.0625,-28273.19921875,-400000.0625,-26990.69921875,-400000.0625
138.93433499336243,-400000.0625,-42522.01171875,-28352.650390625,-400000.0625,-28268.9609375,-400000.0625,-26992.1796875,-400000.0625
138.9343388080597,-400000.0625,-42533.828125,-28367.240234375,-400000.0625,-28282.689453125,-400000.0625,-27006.30078125,-400000.0625
138.97919130325317,-400000.0625,-42543.8515625,-28379.830078125,-400000.0625,-28294.140625,-400000.0625,-27013.779296875,-400000.0625
138.99070644378662,-400000.0625,-42538.6015625,-28371.189453125,-400000.0625,-28279.359375,-400000.0625,-27005.060546875,-400000.0625
138.9951503276825,-400000.0625,-42524.1484375,-28356.029296875,-400000.0625,-28267.19921875,-400000.0625,-26990.509765625,-400000.0625
138.9951593875885,-400000.0625,-42521.671875,-28353.9296875,-400000.0625,-28271.919921875,-400000.0625,-26989.419921875,-400000.0625
138.99516367912292,-400000.0625,-42534.2109375,-28365.380859375,-400000.0625,-28281.310546875,-400000.0625,-27003.099609375,-400000.0625
138.9951674938202,-400000.0625,-42544.46875,-28374.33984375,-400000.0625,-28286.26953125,-400000.0625,-27016.880859375,-400000.0625
138.99517130851746,-400000.0625,-42535.30859375,-28365.140625,-400000.0625,-28275.919921875,-400000.0625,-27009.060546875,-400000.0625
138.9951753616333,-400000.0625,-42517.51953125,-28346.880859375,-400000.0625,-28263.51953125,-400000.0625,-26990.369140625,-400000.0625
138.99517941474915,-400000.0625,-42515.51953125,-28345.16015625,-400000.0625,-28266.619140625,-400000.0625,-26987.26953125,-400000.0625
138.99518370628357,-400000.0625,-42530.96875,-28361.279296875,-400000.0625,-28284.9296875,-400000.0625,-27001.529296875,-400000.0625
138.995187997818,-400000.0625,-42542.890625,-28376.009765625,-400000.0625,-28294.0390625,-400000.0625,-27017.119140625,-400000.0625
138.99519228935242,-400000.0625,-42532.3984375,-28365.5703125,-400000.0625,-28279.0703125,-400000.0625,-27008.630859375,-400000.0625
138.99519634246826,-400000.0625,-42515.8984375,-28347.5390625,-400000.0625,-28262.05078125,-400000.0625,-26992.470703125,-400000.0625
138.99520063400269,-400000.0625,-42516.140625,-28348.58984375,-400000.0625,-28270.76953125,-400000.0625,-26992.279296875,-400000.0625
138.99520444869995,-400000.0625,-42532.16015625,-28363.900390625,-400000.0625,-28285.7890625,-400000.0625,-27005.009765625,-400000.0625
138.99520826339722,-400000.0625,-42542.4609375,-28376.150390625,-400000.0625,-28292.560546875,-400000.0625,-27020.55078125,-400000.0625
139.04788064956665,-400000.0625,-42538.55078125,-28368.48046875,-400000.0625,-28281.98046875,-400000.0625,-27012.01953125,-400000.0625
139.05408430099487,-400000.0625,-42521.2890625,-28348.119140625,-400000.0625,-28264.669921875,-400000.0625,-26992.990234375,-400000.0625
139.05930948257446,-400000.0625,-42514.5703125,-28345.6796875,-400000.0625,-28267.240234375,-400000.0625,-26988.69921875,-400000.0625
139.06366276741028,-400000.0625,-42528.48828125,-28362.609375,-400000.0625,-28283.650390625,-400000.0625,-27002.619140625,-400000.0625
139.06367087364197,-400000.0625,-42541.6484375,-28375.720703125,-400000.0625,-28292.94921875,-400000.0625,-27015.689453125,-400000.0625
139.06367540359497,-400000.0625,-42533.5,-28367.94921875,-400000.0625,-28282.599609375,-400000.0625,-27009.779296875,-400000.0625
139.0636796951294,-400000.0625,-42517.37890625,-28353.359375,-400000.0625,-28266.580078125,-400000.0625,-26990.939453125,-400000.0625
139.06368350982666,-400000.0625,-42514.28125,-28350.310546875,-400000.0625,-28266.859375,-400000.0625,-26990.26953125,-400000.0625
139.06368780136108,-400000.0625,-42526.6796875,-28361.66015625,-400000.0625,-28277.58984375,-400000.0625,-27006.580078125,-400000.0625
139.0636920928955,-400000.0625,-42537.6015625,-28371.580078125,-400000.0625,-28289.509765625,-400000.0625,-27017.259765625,-400000.0625
139.0636966228485,-400000.0625,-42528.44140625,-28363.66015625,-400000.0625,-28280.259765625,-400000.0625,-27008.490234375,-400000.0625
139.06370091438293,-400000.0625,-42511.98828125,-28345.30078125,-400000.0625,-28264.810546875,-400000.0625,-26989.560546875,-400000.0625
139.06370496749878,-400000.0625,-42508.890625,-28344.060546875,-400000.0625,-28271.630859375,-400000.0625,-26986.509765625,-400000.0625
139.06370902061462,-400000.0625,-42526.8203125,-28358.220703125,-400000.0625,-28281.41015625,-400000.0625,-27001.810546875,-400000.0625
139.0637128353119,-400000.0625,-42541.4609375,-28373.009765625,-400000.0625,-28292.08984375,-400000.0625,-27014.0703125,-400000.0625
139.06371688842773,-400000.0625,-42530.48828125,-28362.849609375,-400000.0625,-28283.689453125,-400000.0625,-27007.150390625,-400000.0625
139.11655235290527,-400000.0625,-42515.5703125,-28351.41015625,-400000.0625,-28276.970703125,-400000.0625,-26989.3203125,-400000.0625
139.30310034751892,-400000.0625,-42529.640625,-28355.7890625,-400000.0625,-28283.41015625,-400000.0625,-26996.619140625,-400000.0625
139.36457443237305,-400000.0625,-42526.8203125,-28353.83984375,-400000.0625,-28290.939453125,-400000.0625,-26999.91015625,-400000.0625
139.42400741577148,-400000.0625,-42504.6484375,-28334.240234375,-400000.0625,-28279.01953125,-400000.0625,-26980.830078125,-400000.0625
139.486563205719,-400000.0625,-42516.05078125,-28345.5390625,-400000.0625,-28290.3203125,-400000.0625,-27000.759765625,-400000.0625
139.5504093170166,-400000.0625,-42516.51953125,-28343.060546875,-400000.0625,-28291.470703125,-400000.0625,-26999.619140625,-400000.0625
139.62526440620422,-400000.0625,-42530.921875,-28358.130859375,-400000.0625,-28307.5390625,-400000.0625,-27008.6796875,-400000.0625
139.68540334701538,-400000.0625,-42518.94921875,-28344.009765625,-400000.0625,-28290.69921875,-400000.0625,-27002.390625,-400000.0625
139.74286031723022,-400000.0625,-42501.7890625,-28325.66015625,-400000.0625,-28277.9296875,-400000.0625,-26986.169921875,-400000.0625
139.86875796318054,-400000.0625,-42501.12109375,-28324.80078125,-400000.0625,-28284.7890625,-400000.0625,-26982.0703125,-400000.0625
139.93677616119385,-400000.0625,-42520.05078125,-28339.25,-400000.0625,-28295.470703125,-400000.0625,-26996.470703125,-400000.0625
140.00290179252625,-400000.0625,-42512.80078125,-28330.66015625,-400000.0625,-28288.419921875,-400000.0625,-26991.369140625,-400000.0625
140.08537650108337,-400000.0625,-42510.46875,-28325.609375,-400000.0625,-28284.220703125,-400000.0625,-26982.9296875,-400000.0625
140.13793849945068,-400000.0625,-42507.83984375,-28326.7109375,-400000.0625,-28285.509765625,-400000.0625,-26982.5,-400000.0625
140.32289791107178,-400000.0625,-42533.12109375,-28352.83984375,-400000.0625,-28299.810546875,-400000.0625,-26979.259765625,-400000.0625
140.4465458393097,-400000.0625,-42529.3515625,-28343.779296875,-400000.0625,-28303.8203125,-400000.0625,-26980.880859375,-400000.0625
140.64149856567383,-400000.0625,-42523.19921875,-28329.380859375,-400000.0625,-28287.990234375,-400000.0625,-26991.609375,-400000.0625
140.70412731170654,-400000.0625,-42540.51171875,-28347.830078125,-400000.0625,-28309.439453125,-400000.0625,-27004.869140625,-400000.0625
140.83531069755554,-400000.0625,-42536.83984375,-28341.30078125,-400000.0625,-28308.19921875,-400000.0625,-27001.5703125,-400000.0625
140.89963245391846,-400000.0625,-42532.0703125,-28337.529296875,-400000.0625,-28299.859375,-400000.0625,-26991.509765625,-400000.0625
140.9604058265686,-400000.0625,-42511.80078125,-28313.689453125,-400000.0625,-28283.41015625,-400000.0625,-26979.5,-400000.0625
141.0232126712799,-400000.0625,-42501.7890625,-28303.630859375,-400000.0625,-28273.919921875,-400000.0625,-26963.4296875,-400000.0625
141.08651494979858,-400000.0625,-42507.83984375,-28309.30078125,-400000.0625,-28287.69921875,-400000.0625,-26966.189453125,-400000.0625
141.17779350280762,-400000.0625,-42529.48828125,-28323.4609375,-400000.0625,-28292.51953125,-400000.0625,-26982.119140625,-400000.0625
141.18387746810913,-400000.0625,-42540.98046875,-28336.05078125,-400000.0625,-28302.76953125,-400000.0625,-26996.0,-400000.0625
141.18955421447754,-400000.0625,-42528.58984375,-28321.080078125,-400000.0625,-28289.849609375,-400000.0625,-26982.880859375,-400000.0625
141.19904780387878,-400000.0625,-42512.76171875,-28305.8203125,-400000.0625,-28276.16015625,-400000.0625,-26969.05078125,-400000.0625
141.2046639919281,-400000.0625,-42511.7109375,-28307.869140625,-400000.0625,-28280.689453125,-400000.0625,-26973.390625,-400000.0625
141.21075534820557,-400000.0625,-42528.25,-28326.1796875,-400000.0625,-28294.759765625,-400000.0625,-26986.69921875,-400000.0625
141.2163712978363,-400000.0625,-42540.41015625,-28334.720703125,-400000.0625,-28298.330078125,-400000.0625,-26995.849609375,-400000.0625
141.22118377685547,-400000.0625,-42527.87109375,-28320.75,-400000.0625,-28288.609375,-400000.0625,-26982.98046875,-400000.0625
141.22119331359863,-400000.0625,-42511.609375,-28306.5390625,-400000.0625,-28276.880859375,-400000.0625,-26966.91015625,-400000.0625
141.22119808197021,-400000.0625,-42515.140625,-28310.109375,-400000.0625,-28280.0703125,-400000.0625,-26971.8203125,-400000.0625
141.22120261192322,-400000.0625,-42530.828125,-28326.08984375,-400000.0625,-28294.609375,-400000.0625,-26987.83984375,-400000.0625
141.22120666503906,-400000.0625,-42538.12109375,-28334.330078125,-400000.0625,-28298.720703125,-400000.0625,-26998.759765625,-400000.0625
141.2212107181549,-400000.0625,-42524.921875,-28319.69921875,-400000.0625,-28282.259765625,-400000.0625,-26982.55078125,-400000.0625
141.22121572494507,-400000.0625,-42514.37890625,-28308.30078125,-400000.0625,-28270.33984375,-400000.0625,-26967.669921875,-400000.0625
141.2212221622467,-400000.0625,-42515.5703125,-28310.779296875,-400000.0625,-28276.640625,-400000.0625,-26971.009765625,-400000.0625
141.22122597694397,-400000.0625,-42527.5390625,-28323.26953125,-400000.0625,-28291.609375,-400000.0625,-26987.990234375,-400000.0625
141.23209834098816,-400000.0625,-42537.9296875,-28332.380859375,-400000.0625,-28303.099609375,-400000.0625,-26993.900390625,-400000.0625
141.23853039741516,-400000.0625,-42527.48828125,-28318.169921875,-400000.0625,-28286.75,-400000.0625,-26980.44921875,-400000.0625
141.2435827255249,-400000.0625,-42508.421875,-28301.33984375,-400000.0625,-28270.30078125,-400000.0625,-26968.240234375,-400000.0625
141.24940538406372,-400000.0625,-42511.46875,-28304.390625,-400000.0625,-28278.44921875,-400000.0625,-26970.720703125,-400000.0625
141.25427055358887,-400000.0625,-42528.58984375,-28320.41015625,-400000.0625,-28292.849609375,-400000.0625,-26986.650390625,-400000.0625
141.25427985191345,-400000.0625,-42537.7890625,-28330.619140625,-400000.0625,-28296.380859375,-400000.0625,-26998.4296875,-400000.0625
141.2542839050293,-400000.0625,-42528.30078125,-28321.130859375,-400000.0625,-28282.98046875,-400000.0625,-26983.310546875,-400000.0625
141.25428795814514,-400000.0625,-42513.23046875,-28304.48046875,-400000.0625,-28269.390625,-400000.0625,-26970.19921875,-400000.0625
141.2542917728424,-400000.0625,-42514.08984375,-28305.33984375,-400000.0625,-28277.5390625,-400000.0625,-26972.390625,-400000.0625
141.254296541214,-400000.0625,-42531.0703125,-28322.890625,-400000.0625,-28295.619140625,-400000.0625,-26986.41015625,-400000.0625
141.25430011749268,-400000.0625,-42536.55078125,-28330.810546875,-400000.0625,-28296.0390625,-400000.0625,-26999.05078125,-400000.0625
141.25430369377136,-400000.0625,-42525.109375,-28317.359375,-400000.0625,-28284.41015625,-400000.0625,-26981.640625,-400000.0625
141.2543077468872,-400000.0625,-42511.55859375,-28302.76953125,-400000.0625,-28273.73046875,-400000.0625,-26968.76953125,-400000.0625
141.25431156158447,-400000.0625,-42517.0,-28307.439453125,-400000.0625,-28278.259765625,-400000.0625,-26972.580078125,-400000.0625
141.25431537628174,-400000.0625,-42531.828125,-28321.4609375,-400000.0625,-28291.419921875,-400000.0625,-26987.130859375,-400000.0625
141.254319190979,-400000.0625,-42541.6015625,-28330.619140625,-400000.0625,-28293.1796875,-400000.0625,-26996.0390625,-400000.0625
141.31503438949585,-400000.0625,-42527.73046875,-28317.83984375,-400000.0625,-28277.5,-400000.0625,-26980.689453125,-400000.0625
141.3254885673523,-400000.0625,-42513.5703125,-28304.8203125,-400000.0625,-28271.630859375,-400000.0625,-26965.91015625,-400000.0625
141.32989168167114,-400000.0625,-42518.0,-28308.5390625,-400000.0625,-28282.259765625,-400000.0625,-26971.439453125,-400000.0625
141.32990074157715,-400000.0625,-42529.78125,-28320.890625,-400000.0625,-28293.849609375,-400000.0625,-26987.7890625,-400000.0625
141.32990503311157,-400000.0625,-42541.6484375,-28329.419921875,-400000.0625,-28296.66015625,-400000.0625,-26996.23046875,-400000.0625
141.32990884780884,-400000.0625,-42529.921875,-28314.44921875,-400000.0625,-28281.01953125,-400000.0625,-26979.0703125,-400000.0625
141.32991242408752,-400000.0625,-42513.51953125,-28300.76953125,-400000.0625,-28272.439453125,-400000.0625,-26966.33984375,-400000.0625
141.3299162387848,-400000.0625,-42518.05078125,-28304.869140625,-400000.0625,-28281.41015625,-400000.0625,-26971.919921875,-400000.0625
141.32992029190063,-400000.0625,-42535.359375,-28322.939453125,-400000.0625,-28294.140625,-400000.0625,-26985.029296875,-400000.0625
141.32992458343506,-400000.0625,-42542.55859375,-28331.619140625,-400000.0625,-28295.619140625,-400000.0625,-26997.279296875,-400000.0625
141.32992839813232,-400000.0625,-42533.359375,-28320.169921875,-400000.0625,-28282.5,-400000.0625,-26984.119140625,-400000.0625
141.32993245124817,-400000.0625,-42518.71875,-28303.720703125,-400000.0625,-28272.6796875,-400000.0625,-26965.619140625,-400000.0625
141.329936504364,-400000.0625,-42519.19140625,-28308.349609375,-400000.0625,-28281.7890625,-400000.0625,-26968.91015625,-400000.0625
141.3299400806427,-400000.0625,-42533.44921875,-28326.130859375,-400000.0625,-28298.720703125,-400000.0625,-26986.080078125,-400000.0625
141.3299434185028,-400000.0625,-42543.94140625,-28334.810546875,-400000.0625,-28302.859375,-400000.0625,-26993.7109375,-400000.0625
141.3299469947815,-400000.0625,-42529.921875,-28321.130859375,-400000.0625,-28284.7890625,-400000.0625,-26982.119140625,-400000.0625
141.34417629241943,-400000.0625,-42517.859375,-28308.6796875,-400000.0625,-28275.060546875,-400000.0625,-26967.91015625,-400000.0625
141.34918642044067,-400000.0625,-42520.71875,-28310.400390625,-400000.0625,-28281.5,-400000.0625,-26972.630859375,-400000.0625
141.3548378944397,-400000.0625,-42535.828125,-28325.509765625,-400000.0625,-28294.08984375,-400000.0625,-26987.41015625,-400000.0625
141.35963082313538,-400000.0625,-42547.421875,-28336.859375,-400000.0625,-28299.380859375,-400000.0625,-26996.23046875,-400000.0625
141.35964035987854,-400000.0625,-42539.078125,-28324.23046875,-400000.0625,-28285.939453125,-400000.0625,-26984.359375,-400000.0625
141.35964488983154,-400000.0625,-42523.71875,-28307.390625,-400000.0625,-28272.439453125,-400000.0625,-26971.150390625,-400000.0625
141.3596489429474,-400000.0625,-42525.390625,-28311.01953125,-400000.0625,-28282.0703125,-400000.0625,-26975.349609375,-400000.0625
141.35982155799866,-400000.0625,-42537.30859375,-28323.130859375,-400000.0625,-28296.08984375,-400000.0625,-26985.599609375,-400000.0625
141.3598392009735,-400000.0625,-42545.51171875,-28330.900390625,-400000.0625,-28298.94921875,-400000.0625,-26992.75,-400000.0625
141.35984826087952,-400000.0625,-42532.01953125,-28318.9296875,-400000.0625,-28284.26953125,-400000.0625,-26983.4609375,-400000.0625
141.36457133293152,-400000.0625,-42519.0,-28305.529296875,-400000.0625,-28270.060546875,-400000.0625,-26969.720703125,-400000.0625
141.36458206176758,-400000.0625,-42520.1015625,-28307.6796875,-400000.0625,-28280.359375,-400000.0625,-26972.25,-400000.0625
141.36458659172058,-400000.0625,-42538.12109375,-28326.509765625,-400000.0625,-28296.279296875,-400000.0625,-26987.26953125,-400000.0625
141.36459112167358,-400000.0625,-42548.37890625,-28336.0,-400000.0625,-28299.669921875,-400000.0625,-26999.189453125,-400000.0625
141.36459517478943,-400000.0625,-42536.6015625,-28320.4609375,-400000.0625,-28281.740234375,-400000.0625,-26982.689453125,-400000.0625
141.3645989894867,-400000.0625,-42523.25,-28307.779296875,-400000.0625,-28268.19921875,-400000.0625,-26965.380859375,-400000.0625
141.41302132606506,-400000.0625,-42526.30078125,-28313.689453125,-400000.0625,-28277.880859375,-400000.0625,-26968.76953125,-400000.0625
141.41934871673584,-400000.0625,-42543.4609375,-28328.990234375,-400000.0625,-28297.619140625,-400000.0625,-26984.890625,-400000.0625
141.42856216430664,-400000.0625,-42550.8515625,-28334.189453125,-400000.0625,-28300.4296875,-400000.0625,-26992.990234375,-400000.0625
141.43325281143188,-400000.0625,-42533.828125,-28317.55078125,-400000.0625,-28282.83984375,-400000.0625,-26977.689453125,-400000.0625
141.43326354026794,-400000.0625,-42519.76953125,-28304.2890625,-400000.0625,-28269.490234375,-400000.0625,-26963.759765625,-400000.0625
141.4332685470581,-400000.0625,-42525.8203125,-28309.2109375,-400000.0625,-28274.630859375,-400000.0625,-26967.580078125,-400000.0625
141.43327283859253,-400000.0625,-42542.078125,-28319.26953125,-400000.0625,-28287.369140625,-400000.0625,-26980.689453125,-400000.0625
141.43328499794006,-400000.0625,-42556.23828125,-28332.5703125,-400000.0625,-28292.75,-400000.0625,-26995.140625,-400000.0625
141.4332890510559,-400000.0625,-42546.0390625,-28311.830078125,-400000.0625,-28273.30078125,-400000.0625,-26970.529296875,-400000.0625
141.43329286575317,-400000.0625,-42546.8984375,-28292.0390625,-400000.0625,-28259.08984375,-400000.0625,-26957.609375,-400000.0625
141.4332971572876,-400000.0625,-42554.4296875,-28286.41015625,-400000.0625,-28259.330078125,-400000.0625,-26958.419921875,-400000.0625
141.43330144882202,-400000.0625,-42561.1484375,-28318.310546875,-400000.0625,-28275.30078125,-400000.0625,-26977.640625,-400000.0625
141.43330574035645,-400000.0625,-42560.73046875,-28340.099609375,-400000.0625,-28285.029296875,-400000.0625,-27002.05078125,-400000.0625
141.43330931663513,-400000.0625,-42574.6015625,-28324.23046875,-400000.0625,-28258.990234375,-400000.0625,-26989.650390625,-400000.0625
141.4333131313324,-400000.0625,-42565.921875,-28306.109375,-400000.0625,-28240.400390625,-400000.0625,-26952.83984375,-400000.0625
141.43331694602966,-400000.0625,-42596.44140625,-28313.689453125,-400000.0625,-28237.439453125,-400000.0625,-26962.08984375,-400000.0625
141.47537064552307,-400000.0625,-42568.78125,-28356.41015625,-400000.0625,-28247.650390625,-400000.0625,-27009.349609375,-400000.0625
141.4805510044098,-400000.0625,-42614.8515625,-28380.44921875,-400000.0625,-28236.73046875,-400000.0625,-27027.23046875,-400000.0625
141.48604440689087,-400000.0625,-42642.73828125,-28384.5,-400000.0625,-28207.73046875,-400000.0625,-27020.509765625,-400000.0625
141.49112391471863,-400000.0625,-42660.23828125,-28388.169921875,-400000.0625,-28178.4609375,-400000.0625,-27014.119140625,-400000.0625
141.4953601360321,-400000.0625,-42711.7890625,-28408.720703125,-400000.0625,-28166.390625,-400000.0625,-27031.23046875,-400000.0625
141.49536848068237,-400000.0625,-42758.421875,-28445.33984375,-400000.0625,-28166.73046875,-400000.0625,-27055.359375,-400000.0625
141.4953737258911,-400000.0625,-42798.37890625,-28470.470703125,-400000.0625,-28153.470703125,-400000.0625,-27077.869140625,-400000.0625
141.49537706375122,-400000.0625,-42806.87109375,-28470.189453125,-400000.0625,-28125.33984375,-400000.0625,-27078.25,-400000.0625
141.4953806400299,-400000.0625,-42813.73828125,-28467.419921875,-400000.0625,-28109.359375,-400000.0625,-27070.140625,-400000.0625
141.4953842163086,-400000.0625,-42833.5703125,-28478.9609375,-400000.0625,-28108.080078125,-400000.0625,-27080.25,-400000.0625
141.4953875541687,-400000.0625,-42860.890625,-28499.3203125,-400000.0625,-28123.759765625,-400000.0625,-27105.5703125,-400000.0625
141.4953911304474,-400000.0625,-42878.78125,-28508.619140625,-400000.0625,-28127.240234375,-400000.0625,-27116.779296875,-400000.0625
141.49539470672607,-400000.0625,-42868.51953125,-28492.01953125,-400000.0625,-28106.7890625,-400000.0625,-27110.76953125,-400000.0625
141.49539828300476,-400000.0625,-42855.94140625,-28477.529296875,-400000.0625,-28100.779296875,-400000.0625,-27101.5703125,-400000.0625
141.49540185928345,-400000.0625,-42869.859375,-28483.8203125,-400000.0625,-28115.80078125,-400000.0625,-27111.630859375,-400000.0625
141.49540519714355,-400000.0625,-42881.48828125,-28495.509765625,-400000.0625,-28134.6796875,-400000.0625,-27131.130859375,-400000.0625
141.53784561157227,-400000.0625,-42878.44140625,-28500.990234375,-400000.0625,-28137.689453125,-400000.0625,-27139.94921875,-400000.0625
141.547443151474,-400000.0625,-42859.609375,-28485.109375,-400000.0625,-28124.619140625,-400000.0625,-27129.029296875,-400000.0625
141.55285906791687,-400000.0625,-42838.9609375,-28467.23046875,-400000.0625,-28120.7109375,-400000.0625,-27118.779296875,-400000.0625
141.55743765830994,-400000.0625,-42827.7109375,-28467.609375,-400000.0625,-28143.69921875,-400000.0625,-27118.01953125,-400000.0625
141.55744624137878,-400000.0625,-42828.140625,-28476.720703125,-400000.0625,-28167.30078125,-400000.0625,-27129.69921875,-400000.0625
141.5574505329132,-400000.0625,-42825.80078125,-28481.580078125,-400000.0625,-28173.740234375,-400000.0625,-27136.330078125,-400000.0625
141.5574541091919,-400000.0625,-42796.7109375,-28460.3203125,-400000.0625,-28162.099609375,-400000.0625,-27117.400390625,-400000.0625
141.557457447052,-400000.0625,-42768.44140625,-28442.19921875,-400000.0625,-28160.380859375,-400000.0625,-27097.990234375,-400000.0625
141.55746030807495,-400000.0625,-42762.328125,-28441.619140625,-400000.0625,-28174.7890625,-400000.0625,-27093.509765625,-400000.0625
141.5574643611908,-400000.0625,-42765.23828125,-28450.5390625,-400000.0625,-28197.099609375,-400000.0625,-27104.669921875,-400000.0625
141.55746746063232,-400000.0625,-42760.7109375,-28452.259765625,-400000.0625,-28207.73046875,-400000.0625,-27105.859375,-400000.0625
141.557471036911,-400000.0625,-42733.71875,-28432.130859375,-400000.0625,-28194.0,-400000.0625,-27082.259765625,-400000.0625
141.55747413635254,-400000.0625,-42706.921875,-28410.869140625,-400000.0625,-28187.470703125,-400000.0625,-27062.609375,-400000.0625
141.55747747421265,-400000.0625,-42700.71875,-28411.33984375,-400000.0625,-28205.44921875,-400000.0625,-27062.509765625,-400000.0625
141.55748057365417,-400000.0625,-42705.3984375,-28421.55078125,-400000.0625,-28226.810546875,-400000.0625,-27074.859375,-400000.0625
141.55748391151428,-400000.0625,-42703.8203125,-28422.359375,-400000.0625,-28232.859375,-400000.0625,-27075.25,-400000.0625
141.60300660133362,-400000.0625,-42682.078125,-28403.7109375,-400000.0625,-28219.560546875,-400000.0625,-27052.9296875,-400000.0625
141.60852003097534,-400000.0625,-42662.671875,-28387.98046875,-400000.0625,-28214.98046875,-400000.0625,-27037.810546875,-400000.0625
141.6128351688385,-400000.0625,-42659.0,-28386.5,-400000.0625,-28227.759765625,-400000.0625,-27038.19921875,-400000.0625
141.6128444671631,-400000.0625,-42666.05859375,-28398.369140625,-400000.0625,-28243.880859375,-400000.0625,-27048.5,-400000.0625
141.6128489971161,-400000.0625,-42667.73046875,-28402.380859375,-400000.0625,-28251.080078125,-400000.0625,-27052.9296875,-400000.0625
141.6128532886505,-400000.0625,-42642.55078125,-28381.30078125,-400000.0625,-28237.390625,-400000.0625,-27037.189453125,-400000.0625
141.61285758018494,-400000.0625,-42624.1015625,-28365.470703125,-400000.0625,-28226.05078125,-400000.0625,-27019.0703125,-400000.0625
141.61286091804504,-400000.0625,-42625.859375,-28368.48046875,-400000.0625,-28238.630859375,-400000.0625,-27019.599609375,-400000.0625
141.6128649711609,-400000.0625,-42634.5390625,-28381.349609375,-400000.0625,-28259.279296875,-400000.0625,-27029.330078125,-400000.0625
141.61286878585815,-400000.0625,-42636.44921875,-28386.44921875,-400000.0625,-28262.380859375,-400000.0625,-27035.240234375,-400000.0625
141.612872838974,-400000.0625,-42615.37109375,-28367.380859375,-400000.0625,-28246.41015625,-400000.0625,-27020.169921875,-400000.0625
141.61287641525269,-400000.0625,-42599.828125,-28355.169921875,-400000.0625,-28239.30078125,-400000.0625,-27002.720703125,-400000.0625
141.61287999153137,-400000.0625,-42598.87109375,-28358.369140625,-400000.0625,-28251.83984375,-400000.0625,-27003.8203125,-400000.0625
141.61288356781006,-400000.0625,-42609.98046875,-28372.240234375,-400000.0625,-28270.060546875,-400000.0625,-27020.26953125,-400000.0625
141.61288714408875,-400000.0625,-42618.1796875,-28377.150390625,-400000.0625,-28275.2109375,-400000.0625,-27028.279296875,-400000.0625
141.612890958786,-400000.0625,-42600.828125,-28359.849609375,-400000.0625,-28259.759765625,-400000.0625,-27010.490234375,-400000.0625
141.6898970603943,-400000.0625,-42579.66015625,-28343.970703125,-400000.0625,-28248.41015625,-400000.0625,-26996.380859375,-400000.0625
141.74161529541016,-400000.0625,-42543.890625,-28325.369140625,-400000.0625,-28264.33984375,-400000.0625,-26974.060546875,-400000.0625
141.79079699516296,-400000.0625,-42554.71875,-28342.970703125,-400000.0625,-28292.369140625,-400000.0625,-26987.83984375,-400000.0625
141.9241805076599,-400000.0625,-42537.83984375,-28321.75,-400000.0625,-28270.529296875,-400000.0625,-26977.01953125,-400000.0625
141.98283505439758,-400000.0625,-42519.91015625,-28308.58984375,-400000.0625,-28265.720703125,-400000.0625,-26955.23046875,-400000.0625
142.13067364692688,-400000.0625,-42527.87109375,-28306.6796875,-400000.0625,-28280.599609375,-400000.0625,-26957.23046875,-400000.0625
142.17921137809753,-400000.0625,-42550.80859375,-28325.0390625,-400000.0625,-28295.380859375,-400000.0625,-26987.75,-400000.0625
142.30553555488586,-400000.0625,-42524.19921875,-28297.900390625,-400000.0625,-28265.2890625,-400000.0625,-26954.509765625,-400000.0625
142.46485018730164,-400000.0625,-42552.05078125,-28319.98046875,-400000.0625,-28293.08984375,-400000.0625,-26980.880859375,-400000.0625
142.6875581741333,-400000.0625,-42546.08984375,-28311.5390625,-400000.0625,-28271.009765625,-400000.0625,-26969.009765625,-400000.0625
142.78648710250854,-400000.0625,-42576.4609375,-28337.669921875,-400000.0625,-28295.0,-400000.0625,-26989.650390625,-400000.0625
143.00780820846558,-400000.0625,-42557.76953125,-28314.01953125,-400000.0625,-28268.76953125,-400000.0625,-26965.48046875,-400000.0625
143.16401648521423,-400000.0625,-42588.19140625,-28336.150390625,-400000.0625,-28290.080078125,-400000.0625,-26984.650390625,-400000.0625
143.20048093795776,-400000.0625,-42559.48828125,-28309.919921875,-400000.0625,-28273.16015625,-400000.0625,-26964.380859375,-400000.0625
143.2768714427948,-400000.0625,-42556.390625,-28299.619140625,-400000.0625,-28268.150390625,-400000.0625,-26978.2109375,-400000.0625
143.3291404247284,-400000.0625,-42569.640625,-28310.349609375,-400000.0625,-28281.41015625,-400000.0625,-26987.169921875,-400000.0625
143.39799880981445,-400000.0625,-42576.6015625,-28315.689453125,-400000.0625,-28282.4609375,-400000.0625,-26991.130859375,-400000.0625
143.5952708721161,-400000.0625,-42565.3984375,-28289.419921875,-400000.0625,-28261.94921875,-400000.0625,-26968.4296875,-400000.0625
143.65417218208313,-400000.0625,-42579.0390625,-28293.51953125,-400000.0625,-28270.099609375,-400000.0625,-26984.7890625,-400000.0625
143.65972542762756,-400000.0625,-42588.19140625,-28309.009765625,-400000.0625,-28282.119140625,-400000.0625,-27000.759765625,-400000.0625
143.66498851776123,-400000.0625,-42587.7109375,-28313.0703125,-400000.0625,-28281.01953125,-400000.0625,-27004.91015625,-400000.0625
143.67074394226074,-400000.0625,-42575.171875,-28295.5703125,-400000.0625,-28258.900390625,-400000.0625,-26989.509765625,-400000.0625
143.67532515525818,-400000.0625,-42564.921875,-28280.9296875,-400000.0625,-28252.75,-400000.0625,-26977.5390625,-400000.0625
143.67533421516418,-400000.0625,-42571.73828125,-28290.0390625,-400000.0625,-28264.810546875,-400000.0625,-26986.220703125,-400000.0625
143.6753387451172,-400000.0625,-42589.62109375,-28307.30078125,-400000.0625,-28279.58984375,-400000.0625,-27001.810546875,-400000.0625
143.67534279823303,-400000.0625,-42593.578125,-28310.25,-400000.0625,-28276.5390625,-400000.0625,-27008.73046875,-400000.0625
143.6753466129303,-400000.0625,-42578.8515625,-28293.140625,-400000.0625,-28258.759765625,-400000.0625,-26991.939453125,-400000.0625
143.67535042762756,-400000.0625,-42567.26171875,-28282.119140625,-400000.0625,-28254.4609375,-400000.0625,-26979.349609375,-400000.0625
143.67535424232483,-400000.0625,-42572.21875,-28289.75,-400000.0625,-28266.390625,-400000.0625,-26986.41015625,-400000.0625
143.6753580570221,-400000.0625,-42587.51953125,-28305.390625,-400000.0625,-28282.220703125,-400000.0625,-27003.8203125,-400000.0625
143.67536163330078,-400000.0625,-42592.76953125,-28310.73046875,-400000.0625,-28280.689453125,-400000.0625,-27006.439453125,-400000.0625
143.67536544799805,-400000.0625,-42573.73828125,-28292.7109375,-400000.0625,-28260.900390625,-400000.0625,-26986.26953125,-400000.0625
143.67536902427673,-400000.0625,-42561.30078125,-28282.029296875,-400000.0625,-28257.609375,-400000.0625,-26974.16015625,-400000.0625
143.67537236213684,-400000.0625,-42568.96875,-28289.1796875,-400000.0625,-28264.099609375,-400000.0625,-26980.830078125,-400000.0625
143.71471619606018,-400000.0625,-42589.9609375,-28304.630859375,-400000.0625,-28278.830078125,-400000.0625,-26996.900390625,-400000.0625
143.7249677181244,-400000.0625,-42593.2890625,-28308.009765625,-400000.0625,-28279.2109375,-400000.0625,-27004.529296875,-400000.0625
143.72934007644653,-400000.0625,-42574.51171875,-28290.23046875,-400000.0625,-28256.419921875,-400000.0625,-26988.220703125,-400000.0625
143.72935032844543,-400000.0625,-42565.01953125,-28281.0703125,-400000.0625,-28250.7890625,-400000.0625,-26979.0703125,-400000.0625
143.72935461997986,-400000.0625,-42573.078125,-28289.1796875,-400000.0625,-28267.76953125,-400000.0625,-26988.130859375,-400000.0625
143.72935819625854,-400000.0625,-42591.71875,-28306.8203125,-400000.0625,-28283.169921875,-400000.0625,-27002.099609375,-400000.0625
143.72936177253723,-400000.0625,-42595.25,-28308.970703125,-400000.0625,-28279.44921875,-400000.0625,-27006.8203125,-400000.0625
143.7293655872345,-400000.0625,-42578.12890625,-28292.990234375,-400000.0625,-28259.5703125,-400000.0625,-26989.560546875,-400000.0625
143.72936916351318,-400000.0625,-42571.41015625,-28284.9296875,-400000.0625,-28253.369140625,-400000.0625,-26981.01953125,-400000.0625
143.72937273979187,-400000.0625,-42576.6484375,-28292.0390625,-400000.0625,-28262.900390625,-400000.0625,-26989.509765625,-400000.0625
143.72937655448914,-400000.0625,-42589.48046875,-28306.6796875,-400000.0625,-28276.2109375,-400000.0625,-27004.25,-400000.0625
143.7293803691864,-400000.0625,-42594.71875,-28309.970703125,-400000.0625,-28276.5390625,-400000.0625,-27007.19921875,-400000.0625
143.7293839454651,-400000.0625,-42577.12890625,-28291.23046875,-400000.0625,-28258.369140625,-400000.0625,-26990.560546875,-400000.0625
143.72938752174377,-400000.0625,-42566.640625,-28280.2109375,-400000.0625,-28250.55078125,-400000.0625,-26980.259765625,-400000.0625
143.72939133644104,-400000.0625,-42575.21875,-28288.1796875,-400000.0625,-28264.859375,-400000.0625,-26988.939453125,-400000.0625
143.7293951511383,-400000.0625,-42591.390625,-28304.060546875,-400000.0625,-28281.259765625,-400000.0625,-27004.76953125,-400000.0625
143.79846119880676,-400000.0625,-42596.578125,-28310.01953125,-400000.0625,-28279.310546875,-400000.0625,-27007.919921875,-400000.0625
143.80409359931946,-400000.0625,-42583.609375,-28294.810546875,-400000.0625,-28261.900390625,-400000.0625,-26989.80078125,-400000.0625
143.8096582889557,-400000.0625,-42570.6015625,-28281.740234375,-400000.0625,-28254.69921875,-400000.0625,-26977.640625,-400000.0625
143.814133644104,-400000.0625,-42573.6484375,-28287.4609375,-400000.0625,-28264.720703125,-400000.0625,-26988.560546875,-400000.0625
143.81414365768433,-400000.0625,-42588.4296875,-28302.48046875,-400000.0625,-28277.400390625,-400000.0625,-27003.91015625,-400000.0625
143.81414818763733,-400000.0625,-42593.87109375,-28306.869140625,-400000.0625,-28274.73046875,-400000.0625,-27006.919921875,-400000.0625
143.8141529560089,-400000.0625,-42576.6015625,-28290.560546875,-400000.0625,-28256.849609375,-400000.0625,-26991.080078125,-400000.0625
143.81415677070618,-400000.0625,-42565.05859375,-28279.830078125,-400000.0625,-28251.26953125,-400000.0625,-26979.779296875,-400000.0625
143.8141610622406,-400000.0625,-42572.21875,-28286.890625,-400000.0625,-28262.810546875,-400000.0625,-26987.990234375,-400000.0625
143.81416630744934,-400000.0625,-42591.76953125,-28302.76953125,-400000.0625,-28278.779296875,-400000.0625,-27006.19921875,-400000.0625
143.81417036056519,-400000.0625,-42598.78125,-28309.630859375,-400000.0625,-28278.400390625,-400000.0625,-27011.640625,-400000.0625
143.8141746520996,-400000.0625,-42583.23046875,-28293.330078125,-400000.0625,-28259.94921875,-400000.0625,-26994.140625,-400000.0625
143.81417846679688,-400000.0625,-42571.44921875,-28282.880859375,-400000.0625,-28253.890625,-400000.0625,-26985.26953125,-400000.0625
143.81418204307556,-400000.0625,-42577.078125,-28291.560546875,-400000.0625,-28262.48046875,-400000.0625,-26993.990234375,-400000.0625
143.8141860961914,-400000.0625,-42596.6796875,-28308.109375,-400000.0625,-28277.349609375,-400000.0625,-27007.869140625,-400000.0625
143.8141906261444,-400000.0625,-42601.30078125,-28311.16015625,-400000.0625,-28273.349609375,-400000.0625,-27014.2109375,-400000.0625
143.8645896911621,-400000.0625,-42582.80078125,-28293.51953125,-400000.0625,-28254.080078125,-400000.0625,-26997.51953125,-400000.0625
143.87526893615723,-400000.0625,-42572.55078125,-28282.029296875,-400000.0625,-28247.359375,-400000.0625,-26983.4609375,-400000.0625
143.88013911247253,-400000.0625,-42579.12890625,-28287.69921875,-400000.0625,-28260.5703125,-400000.0625,-26993.369140625,-400000.0625
143.88014793395996,-400000.0625,-42596.62890625,-28306.30078125,-400000.0625,-28276.970703125,-400000.0625,-27009.30078125,-400000.0625
143.88015294075012,-400000.0625,-42602.5,-28309.349609375,-400000.0625,-28274.919921875,-400000.0625,-27017.689453125,-400000.0625
143.8801567554474,-400000.0625,-42588.80859375,-28293.7109375,-400000.0625,-28257.0390625,-400000.0625,-27000.4296875,-400000.0625
143.88016080856323,-400000.0625,-42577.609375,-28285.55078125,-400000.0625,-28250.130859375,-400000.0625,-26986.69921875,-400000.0625
143.88016438484192,-400000.0625,-42583.51953125,-28295.0,-400000.0625,-28259.810546875,-400000.0625,-26991.80078125,-400000.0625
143.8801679611206,-400000.0625,-42600.5390625,-28315.0703125,-400000.0625,-28274.73046875,-400000.0625,-27009.109375,-400000.0625
143.8801715373993,-400000.0625,-42606.21875,-28324.560546875,-400000.0625,-28274.490234375,-400000.0625,-27012.640625,-400000.0625
143.88017511367798,-400000.0625,-42585.7109375,-28311.0703125,-400000.0625,-28251.83984375,-400000.0625,-26994.80078125,-400000.0625
143.8801784515381,-400000.0625,-42574.03125,-28303.33984375,-400000.0625,-28243.880859375,-400000.0625,-26987.369140625,-400000.0625
143.88018202781677,-400000.0625,-42578.8515625,-28309.439453125,-400000.0625,-28258.5703125,-400000.0625,-26993.80078125,-400000.0625
143.88018560409546,-400000.0625,-42594.19921875,-28323.509765625,-400000.0625,-28268.91015625,-400000.0625,-27008.6796875,-400000.0625
143.88018918037415,-400000.0625,-42603.0703125,-28329.189453125,-400000.0625,-28272.390625,-400000.0625,-27012.919921875,-400000.0625
143.88019275665283,-400000.0625,-42586.76171875,-28312.5,-400000.0625,-28258.419921875,-400000.0625,-26993.130859375,-400000.0625
143.90268087387085,-400000.0625,-42578.078125,-28303.009765625,-400000.0625,-28249.740234375,-400000.0625,-26985.029296875,-400000.0625
143.9080376625061,-400000.0625,-42585.37890625,-28309.16015625,-400000.0625,-28259.08984375,-400000.0625,-26991.69921875,-400000.0625
143.9124104976654,-400000.0625,-42600.58984375,-28323.939453125,-400000.0625,-28273.19921875,-400000.0625,-27006.580078125,-400000.0625
143.91241836547852,-400000.0625,-42605.5,-28325.560546875,-400000.0625,-28272.16015625,-400000.0625,-27017.169921875,-400000.0625
143.91242289543152,-400000.0625,-42586.19140625,-28306.060546875,-400000.0625,-28249.119140625,-400000.0625,-27002.189453125,-400000.0625
143.9124264717102,-400000.0625,-42576.94140625,-28296.810546875,-400000.0625,-28244.5,-400000.0625,-26988.599609375,-400000.0625
143.9124300479889,-400000.0625,-42590.9609375,-28305.580078125,-400000.0625,-28256.75,-400000.0625,-26999.099609375,-400000.0625
143.91243362426758,-400000.0625,-42616.23046875,-28316.01953125,-400000.0625,-28269.8203125,-400000.0625,-27009.869140625,-400000.0625
143.91243720054626,-400000.0625,-42623.5703125,-28307.060546875,-400000.0625,-28263.669921875,-400000.0625,-27002.669921875,-400000.0625
143.91244077682495,-400000.0625,-42604.73828125,-28277.44921875,-400000.0625,-28238.349609375,-400000.0625,-26983.119140625,-400000.0625
143.91244435310364,-400000.0625,-42607.26171875,-28273.919921875,-400000.0625,-28228.810546875,-400000.0625,-26961.849609375,-400000.0625
143.91244769096375,-400000.0625,-42595.6796875,-28296.189453125,-400000.0625,-28246.01953125,-400000.0625,-26982.310546875,-400000.0625
143.91245102882385,-400000.0625,-42623.5703125,-28326.470703125,-400000.0625,-28261.470703125,-400000.0625,-27018.41015625,-400000.0625
143.91245460510254,-400000.0625,-42655.8984375,-28327.08984375,-400000.0625,-28245.310546875,-400000.0625,-27022.26953125,-400000.0625
143.91245818138123,-400000.0625,-42607.6015625,-28313.0703125,-400000.0625,-28216.080078125,-400000.0625,-26998.48046875,-400000.0625
143.9124617576599,-400000.0625,-42613.69921875,-28312.109375,-400000.0625,-28198.720703125,-400000.0625,-26988.83984375,-400000.0625
143.98023629188538,-400000.0625,-42637.44921875,-28342.76953125,-400000.0625,-28191.759765625,-400000.0625,-27011.30078125,-400000.0625
143.98997235298157,-400000.0625,-42692.7109375,-28394.419921875,-400000.0625,-28192.189453125,-400000.0625,-27053.880859375,-400000.0625
143.99443244934082,-400000.0625,-42753.4609375,-28416.6796875,-400000.0625,-28166.76953125,-400000.0625,-27054.5,-400000.0625
143.9944396018982,-400000.0625,-42792.37109375,-28418.44921875,-400000.0625,-28126.33984375,-400000.0625,-27057.75,-400000.0625
143.99444365501404,-400000.0625,-42825.66015625,-28426.169921875,-400000.0625,-28096.869140625,-400000.0625,-27065.609375,-400000.0625
143.9944474697113,-400000.0625,-42877.30078125,-28457.599609375,-400000.0625,-28096.390625,-400000.0625,-27076.76953125,-400000.0625
143.99445104599,-400000.0625,-42887.44921875,-28487.689453125,-400000.0625,-28101.16015625,-400000.0625,-27082.5390625,-400000.0625
143.99445462226868,-400000.0625,-42900.66015625,-28503.66015625,-400000.0625,-28098.58984375,-400000.0625,-27089.119140625,-400000.0625
143.99445843696594,-400000.0625,-42902.05078125,-28495.939453125,-400000.0625,-28074.83984375,-400000.0625,-27070.380859375,-400000.0625
143.99446201324463,-400000.0625,-42902.80859375,-28490.740234375,-400000.0625,-28060.33984375,-400000.0625,-27056.509765625,-400000.0625
143.9944658279419,-400000.0625,-42913.05859375,-28496.359375,-400000.0625,-28063.630859375,-400000.0625,-27065.380859375,-400000.0625
143.99446892738342,-400000.0625,-42934.23046875,-28513.8203125,-400000.0625,-28077.1796875,-400000.0625,-27077.76953125,-400000.0625
143.9944727420807,-400000.0625,-42948.44140625,-28517.439453125,-400000.0625,-28078.369140625,-400000.0625,-27086.0703125,-400000.0625
143.99447584152222,-400000.0625,-42936.328125,-28498.609375,-400000.0625,-28061.19921875,-400000.0625,-27080.349609375,-400000.0625
143.99447965621948,-400000.0625,-42931.28125,-28487.44921875,-400000.0625,-28062.630859375,-400000.0625,-27081.73046875,-400000.0625
143.99448323249817,-400000.0625,-42939.71875,-28492.640625,-400000.0625,-28073.119140625,-400000.0625,-27097.279296875,-400000.0625
144.03539276123047,-400000.0625,-42947.73046875,-28502.0390625,-400000.0625,-28088.099609375,-400000.0625,-27119.2109375,-400000.0625
144.0412175655365,-400000.0625,-42946.8203125,-28501.69921875,-400000.0625,-28092.009765625,-400000.0625,-27128.990234375,-400000.0625
144.04571223258972,-400000.0625,-42924.4609375,-28482.869140625,-400000.0625,-28080.0390625,-400000.0625,-27115.6796875,-400000.0625
144.04572057724,-400000.0625,-42904.4296875,-28467.990234375,-400000.0625,-28080.130859375,-400000.0625,-27108.0,-400000.0625
144.04572534561157,-400000.0625,-42896.55859375,-28467.279296875,-400000.0625,-28100.830078125,-400000.0625,-27115.30078125,-400000.0625
144.04572939872742,-400000.0625,-42901.46875,-28482.150390625,-400000.0625,-28128.580078125,-400000.0625,-27130.26953125,-400000.0625
144.04573321342468,-400000.0625,-42894.3203125,-28481.390625,-400000.0625,-28130.630859375,-400000.0625,-27136.0390625,-400000.0625
144.04573702812195,-400000.0625,-42863.46875,-28458.9296875,-400000.0625,-28120.94921875,-400000.0625,-27115.5390625,-400000.0625
144.0457410812378,-400000.0625,-42838.390625,-28442.150390625,-400000.0625,-28122.5703125,-400000.0625,-27100.1796875,-400000.0625
144.04574465751648,-400000.0625,-42828.8515625,-28442.9609375,-400000.0625,-28142.0703125,-400000.0625,-27103.5703125,-400000.0625
144.04574823379517,-400000.0625,-42830.328125,-28452.5,-400000.0625,-28167.30078125,-400000.0625,-27116.6796875,-400000.0625
144.04575181007385,-400000.0625,-42825.23046875,-28451.01953125,-400000.0625,-28172.349609375,-400000.0625,-27114.30078125,-400000.0625
144.04575538635254,-400000.0625,-42798.328125,-28428.650390625,-400000.0625,-28163.9609375,-400000.0625,-27094.26953125,-400000.0625
144.04575896263123,-400000.0625,-42773.78125,-28411.919921875,-400000.0625,-28167.109375,-400000.0625,-27079.30078125,-400000.0625
144.0457625389099,-400000.0625,-42763.71875,-28408.2890625,-400000.0625,-28181.83984375,-400000.0625,-27075.2890625,-400000.0625
144.04576659202576,-400000.0625,-42766.91015625,-28416.970703125,-400000.0625,-28203.349609375,-400000.0625,-27084.58984375,-400000.0625
144.09533953666687,-400000.0625,-42761.5703125,-28416.109375,-400000.0625,-28207.16015625,-400000.0625,-27085.119140625,-400000.0625
144.10703706741333,-400000.0625,-42732.4296875,-28393.130859375,-400000.0625,-28190.189453125,-400000.0625,-27063.94921875,-400000.0625
144.11200213432312,-400000.0625,-42708.3515625,-28374.630859375,-400000.0625,-28185.369140625,-400000.0625,-27045.779296875,-400000.0625
144.11201119422913,-400000.0625,-42704.01953125,-28375.099609375,-400000.0625,-28204.6796875,-400000.0625,-27046.400390625,-400000.0625
144.11201691627502,-400000.0625,-42712.55078125,-28385.98046875,-400000.0625,-28222.900390625,-400000.0625,-27055.26953125,-400000.0625
144.11202096939087,-400000.0625,-42712.0703125,-28387.5,-400000.0625,-28227.51953125,-400000.0625,-27054.5,-400000.0625
144.11202478408813,-400000.0625,-42688.23046875,-28364.94921875,-400000.0625,-28212.5,-400000.0625,-27033.900390625,-400000.0625
144.11202836036682,-400000.0625,-42667.8203125,-28349.830078125,-400000.0625,-28210.689453125,-400000.0625,-27018.259765625,-400000.0625
144.11203241348267,-400000.0625,-42666.1484375,-28354.359375,-400000.0625,-28224.140625,-400000.0625,-27017.220703125,-400000.0625
144.11203622817993,-400000.0625,-42674.828125,-28366.279296875,-400000.0625,-28239.6796875,-400000.0625,-27031.470703125,-400000.0625
144.11203980445862,-400000.0625,-42673.16015625,-28364.380859375,-400000.0625,-28245.119140625,-400000.0625,-27034.859375,-400000.0625
144.11204361915588,-400000.0625,-42647.890625,-28342.73046875,-400000.0625,-28229.810546875,-400000.0625,-27013.58984375,-400000.0625
144.11204719543457,-400000.0625,-42632.109375,-28330.08984375,-400000.0625,-28226.669921875,-400000.0625,-27002.580078125,-400000.0625
144.1617522239685,-400000.0625,-42625.671875,-28330.419921875,-400000.0625,-28241.30078125,-400000.0625,-26998.140625,-400000.0625
144.29814314842224,-400000.0625,-42567.96875,-28294.330078125,-400000.0625,-28261.470703125,-400000.0625,-26961.279296875,-400000.0625
144.351487159729,-400000.0625,-42575.94140625,-28301.099609375,-400000.0625,-28276.490234375,-400000.0625,-26975.58984375,-400000.0625
144.62804865837097,-400000.0625,-42551.328125,-28264.759765625,-400000.0625,-28259.609375,-400000.0625,-26972.009765625,-400000.0625
144.68306374549866,-400000.0625,-42573.5,-28286.3203125,-400000.0625,-28276.73046875,-400000.0625,-26989.130859375,-400000.0625
144.7380530834198,-400000.0625,-42579.94140625,-28289.939453125,-400000.0625,-28274.109375,-400000.0625,-26996.189453125,-400000.0625
144.7990083694458,-400000.0625,-42557.2890625,-28272.490234375,-400000.0625,-28259.470703125,-400000.0625,-26970.2890625,-400000.0625
144.87671089172363,-400000.0625,-42555.0,-28258.66015625,-400000.0625,-28255.279296875,-400000.0625,-26969.099609375,-400000.0625
144.9315152168274,-400000.0625,-42580.23046875,-28289.75,-400000.0625,-28285.650390625,-400000.0625,-26995.849609375,-400000.0625
145.01787972450256,-400000.0625,-42586.140625,-28294.7109375,-400000.0625,-28287.939453125,-400000.0625,-26997.66015625,-400000.0625
145.07299757003784,-400000.0625,-42579.26953125,-28288.1796875,-400000.0625,-28279.55078125,-400000.0625,-27000.619140625,-400000.0625
145.13312911987305,-400000.0625,-42574.69921875,-28279.830078125,-400000.0625,-28269.720703125,-400000.0625,-26985.740234375,-400000.0625
145.18370604515076,-400000.0625,-42564.58984375,-28262.189453125,-400000.0625,-28258.51953125,-400000.0625,-26981.0703125,-400000.0625
145.25298953056335,-400000.0625,-42564.3515625,-28264.9609375,-400000.0625,-28257.330078125,-400000.0625,-26990.23046875,-400000.0625
145.36081910133362,-400000.0625,-42589.53125,-28283.890625,-400000.0625,-28283.890625,-400000.0625,-27012.349609375,-400000.0625
145.44788527488708,-400000.0625,-42578.98828125,-28269.25,-400000.0625,-28271.009765625,-400000.0625,-26998.08984375,-400000.0625
145.58061122894287,-400000.0625,-42575.7890625,-28267.099609375,-400000.0625,-28280.880859375,-400000.0625,-26999.330078125,-400000.0625
145.66429018974304,-400000.0625,-42590.671875,-28279.5,-400000.0625,-28291.75,-400000.0625,-27010.2109375,-400000.0625
145.76428198814392,-400000.0625,-42576.1796875,-28267.240234375,-400000.0625,-28268.720703125,-400000.0625,-26998.4296875,-400000.0625
145.82531189918518,-400000.0625,-42571.5,-28260.189453125,-400000.0625,-28264.810546875,-400000.0625,-26989.3203125,-400000.0625
145.89786100387573,-400000.0625,-42595.9609375,-28286.599609375,-400000.0625,-28289.990234375,-400000.0625,-27016.599609375,-400000.0625
145.95410561561584,-400000.0625,-42602.828125,-28294.23046875,-400000.0625,-28293.7109375,-400000.0625,-27021.080078125,-400000.0625
146.03151845932007,-400000.0625,-42601.0703125,-28295.0,-400000.0625,-28283.55078125,-400000.0625,-27018.359375,-400000.0625
146.14892721176147,-400000.0625,-42576.6015625,-28277.0703125,-400000.0625,-28262.669921875,-400000.0625,-27001.380859375,-400000.0625
146.16180562973022,-400000.0625,-42587.62109375,-28288.130859375,-400000.0625,-28277.970703125,-400000.0625,-27012.259765625,-400000.0625
146.16862607002258,-400000.0625,-42605.30859375,-28304.6796875,-400000.0625,-28289.509765625,-400000.0625,-27026.75,-400000.0625
146.17383098602295,-400000.0625,-42605.98046875,-28302.859375,-400000.0625,-28287.220703125,-400000.0625,-27026.080078125,-400000.0625
146.17846059799194,-400000.0625,-42587.62109375,-28282.9296875,-400000.0625,-28265.33984375,-400000.0625,-27007.630859375,-400000.0625
146.1784679889679,-400000.0625,-42580.80078125,-28275.44921875,-400000.0625,-28261.330078125,-400000.0625,-26998.08984375,-400000.0625
146.17847156524658,-400000.0625,-42593.76953125,-28285.599609375,-400000.0625,-28274.6796875,-400000.0625,-27008.439453125,-400000.0625
146.17847514152527,-400000.0625,-42608.30859375,-28300.810546875,-400000.0625,-28286.369140625,-400000.0625,-27025.509765625,-400000.0625
146.1784782409668,-400000.0625,-42608.41015625,-28301.619140625,-400000.0625,-28280.740234375,-400000.0625,-27023.650390625,-400000.0625
146.17848134040833,-400000.0625,-42590.91015625,-28281.5,-400000.0625,-28263.189453125,-400000.0625,-27004.48046875,-400000.0625
146.17848467826843,-400000.0625,-42583.140625,-28275.5390625,-400000.0625,-28262.140625,-400000.0625,-26999.669921875,-400000.0625
146.17848825454712,-400000.0625,-42592.859375,-28287.939453125,-400000.0625,-28279.880859375,-400000.0625,-27008.6796875,-400000.0625
146.17849206924438,-400000.0625,-42608.4609375,-28303.439453125,-400000.0625,-28291.80078125,-400000.0625,-27021.220703125,-400000.0625
146.1784951686859,-400000.0625,-42608.9296875,-28302.529296875,-400000.0625,-28284.220703125,-400000.0625,-27023.509765625,-400000.0625
146.17849850654602,-400000.0625,-42593.05859375,-28283.7890625,-400000.0625,-28263.189453125,-400000.0625,-27006.060546875,-400000.0625
146.17850184440613,-400000.0625,-42586.62109375,-28279.779296875,-400000.0625,-28263.859375,-400000.0625,-26999.05078125,-400000.0625
146.21066188812256,-400000.0625,-42594.62890625,-28291.130859375,-400000.0625,-28276.73046875,-400000.0625,-27011.6796875,-400000.0625
146.21786665916443,-400000.0625,-42607.26171875,-28303.580078125,-400000.0625,-28287.75,-400000.0625,-27027.80078125,-400000.0625
146.22297263145447,-400000.0625,-42609.6484375,-28301.580078125,-400000.0625,-28283.890625,-400000.0625,-27024.419921875,-400000.0625
146.22813940048218,-400000.0625,-42595.73046875,-28286.890625,-400000.0625,-28269.390625,-400000.0625,-27006.630859375,-400000.0625
146.23299074172974,-400000.0625,-42587.19140625,-28281.220703125,-400000.0625,-28267.33984375,-400000.0625,-27000.240234375,-400000.0625
146.23300123214722,-400000.0625,-42597.44140625,-28291.75,-400000.0625,-28282.740234375,-400000.0625,-27010.970703125,-400000.0625
146.23300552368164,-400000.0625,-42612.75,-28307.919921875,-400000.0625,-28294.470703125,-400000.0625,-27025.560546875,-400000.0625
146.2330093383789,-400000.0625,-42613.421875,-28306.8203125,-400000.0625,-28286.080078125,-400000.0625,-27025.849609375,-400000.0625
146.23301315307617,-400000.0625,-42596.390625,-28290.130859375,-400000.0625,-28269.869140625,-400000.0625,-27011.6796875,-400000.0625
146.23301696777344,-400000.0625,-42590.91015625,-28286.130859375,-400000.0625,-28265.810546875,-400000.0625,-27004.33984375,-400000.0625
146.23302054405212,-400000.0625,-42602.3515625,-28295.470703125,-400000.0625,-28278.9296875,-400000.0625,-27011.349609375,-400000.0625
146.23302459716797,-400000.0625,-42616.80078125,-28309.970703125,-400000.0625,-28294.279296875,-400000.0625,-27025.990234375,-400000.0625
146.2330286502838,-400000.0625,-42620.8515625,-28310.6796875,-400000.0625,-28288.220703125,-400000.0625,-27029.5703125,-400000.0625
146.23303318023682,-400000.0625,-42602.58984375,-28294.51953125,-400000.0625,-28268.720703125,-400000.0625,-27011.349609375,-400000.0625
146.23303699493408,-400000.0625,-42592.9609375,-28287.939453125,-400000.0625,-28265.91015625,-400000.0625,-27003.8203125,-400000.0625
146.23304057121277,-400000.0625,-42604.0703125,-28297.859375,-400000.0625,-28279.2109375,-400000.0625,-27013.880859375,-400000.0625
146.29422068595886,-400000.0625,-42616.7109375,-28310.919921875,-400000.0625,-28293.330078125,-400000.0625,-27027.08984375,-400000.0625
146.30363130569458,-400000.0625,-42618.37890625,-28309.73046875,-400000.0625,-28289.75,-400000.0625,-27027.7109375,-400000.0625
146.30876755714417,-400000.0625,-42601.16015625,-28292.130859375,-400000.0625,-28269.25,-400000.0625,-27010.5390625,-400000.0625
146.3131377696991,-400000.0625,-42593.671875,-28286.169921875,-400000.0625,-28264.9609375,-400000.0625,-27002.859375,-400000.0625
146.31314516067505,-400000.0625,-42607.87890625,-28297.240234375,-400000.0625,-28281.7890625,-400000.0625,-27014.400390625,-400000.0625
146.31314969062805,-400000.0625,-42621.328125,-28309.630859375,-400000.0625,-28294.419921875,-400000.0625,-27033.900390625,-400000.0625
146.31315350532532,-400000.0625,-42623.51953125,-28309.16015625,-400000.0625,-28288.69921875,-400000.0625,-27028.849609375,-400000.0625
146.31315732002258,-400000.0625,-42606.87890625,-28291.1796875,-400000.0625,-28270.30078125,-400000.0625,-27008.580078125,-400000.0625
146.31316113471985,-400000.0625,-42595.53125,-28283.890625,-400000.0625,-28268.390625,-400000.0625,-27003.8203125,-400000.0625
146.31316494941711,-400000.0625,-42602.5,-28294.23046875,-400000.0625,-28280.98046875,-400000.0625,-27014.349609375,-400000.0625
146.31316876411438,-400000.0625,-42615.94140625,-28307.73046875,-400000.0625,-28293.330078125,-400000.0625,-27027.470703125,-400000.0625
146.3131721019745,-400000.0625,-42617.8984375,-28306.390625,-400000.0625,-28288.220703125,-400000.0625,-27023.890625,-400000.0625
146.31317615509033,-400000.0625,-42599.3515625,-28288.1796875,-400000.0625,-28266.48046875,-400000.0625,-27007.439453125,-400000.0625
146.3131799697876,-400000.0625,-42593.91015625,-28281.880859375,-400000.0625,-28262.759765625,-400000.0625,-27002.9609375,-400000.0625
146.31318402290344,-400000.0625,-42604.55078125,-28292.900390625,-400000.0625,-28276.109375,-400000.0625,-27015.400390625,-400000.0625
146.3131878376007,-400000.0625,-42617.1796875,-28304.91015625,-400000.0625,-28287.41015625,-400000.0625,-27028.900390625,-400000.0625
146.33649611473083,-400000.0625,-42614.80078125,-28302.150390625,-400000.0625,-28283.7890625,-400000.0625,-27028.990234375,-400000.0625
146.3421275615692,-400000.0625,-42595.33984375,-28282.98046875,-400000.0625,-28269.390625,-400000.0625,-27009.5390625,-400000.0625
146.34746646881104,-400000.0625,-42587.5703125,-28276.400390625,-400000.0625,-28265.669921875,-400000.0625,-27000.05078125,-400000.0625
146.35344529151917,-400000.0625,-42595.9609375,-28286.080078125,-400000.0625,-28275.30078125,-400000.0625,-27011.400390625,-400000.0625
146.35816621780396,-400000.0625,-42613.3203125,-28301.4296875,-400000.0625,-28284.359375,-400000.0625,-27026.080078125,-400000.0625
146.3581759929657,-400000.0625,-42611.37109375,-28298.91015625,-400000.0625,-28274.919921875,-400000.0625,-27021.509765625,-400000.0625
146.35818004608154,-400000.0625,-42590.4296875,-28280.2109375,-400000.0625,-28261.51953125,-400000.0625,-27001.9609375,-400000.0625
146.35818362236023,-400000.0625,-42584.8515625,-28274.439453125,-400000.0625,-28264.810546875,-400000.0625,-26995.7109375,-400000.0625
146.35818719863892,-400000.0625,-42593.671875,-28281.9296875,-400000.0625,-28276.5390625,-400000.0625,-27007.439453125,-400000.0625
146.35819053649902,-400000.0625,-42607.6484375,-28296.94921875,-400000.0625,-28287.080078125,-400000.0625,-27024.369140625,-400000.0625
146.35819387435913,-400000.0625,-42607.73828125,-28299.2890625,-400000.0625,-28282.880859375,-400000.0625,-27021.7890625,-400000.0625
146.3581976890564,-400000.0625,-42591.4296875,-28278.259765625,-400000.0625,-28259.609375,-400000.0625,-27003.580078125,-400000.0625
146.35820150375366,-400000.0625,-42579.078125,-28268.91015625,-400000.0625,-28258.66015625,-400000.0625,-26999.05078125,-400000.0625
146.3582046031952,-400000.0625,-42590.23828125,-28281.359375,-400000.0625,-28273.919921875,-400000.0625,-27010.439453125,-400000.0625
146.35820817947388,-400000.0625,-42611.3203125,-28299.91015625,-400000.0625,-28288.650390625,-400000.0625,-27026.509765625,-400000.0625
146.35821175575256,-400000.0625,-42614.0390625,-28299.759765625,-400000.0625,-28285.080078125,-400000.0625,-27024.369140625,-400000.0625
146.40252017974854,-400000.0625,-42603.96875,-28280.9296875,-400000.0625,-28266.240234375,-400000.0625,-27004.390625,-400000.0625
146.41142320632935,-400000.0625,-42590.71875,-28266.529296875,-400000.0625,-28261.859375,-400000.0625,-26997.380859375,-400000.0625
146.416424036026,-400000.0625,-42609.69921875,-28267.009765625,-400000.0625,-28268.150390625,-400000.0625,-26992.1796875,-400000.0625
146.4233741760254,-400000.0625,-42640.171875,-28273.439453125,-400000.0625,-28272.439453125,-400000.0625,-26999.4296875,-400000.0625
146.42794466018677,-400000.0625,-42626.1015625,-28291.23046875,-400000.0625,-28273.109375,-400000.0625,-27016.5,-400000.0625
146.42795324325562,-400000.0625,-42619.46875,-28285.509765625,-400000.0625,-28255.560546875,-400000.0625,-27010.5390625,-400000.0625
146.42795777320862,-400000.0625,-42626.71875,-28276.779296875,-400000.0625,-28246.41015625,-400000.0625,-26988.83984375,-400000.0625
146.42796158790588,-400000.0625,-42632.921875,-28295.900390625,-400000.0625,-28255.279296875,-400000.0625,-27008.630859375,-400000.0625
146.42796516418457,-400000.0625,-42639.3984375,-28338.76953125,-400000.0625,-28257.1796875,-400000.0625,-27041.919921875,-400000.0625
146.42796874046326,-400000.0625,-42682.51171875,-28328.51953125,-400000.0625,-28233.869140625,-400000.0625,-27036.150390625,-400000.0625
146.42797231674194,-400000.0625,-42669.48828125,-28322.509765625,-400000.0625,-28204.6796875,-400000.0625,-27009.919921875,-400000.0625
146.4279761314392,-400000.0625,-42692.37890625,-28346.400390625,-400000.0625,-28179.98046875,-400000.0625,-27028.419921875,-400000.0625
146.42797994613647,-400000.0625,-42760.328125,-28379.349609375,-400000.0625,-28165.6796875,-400000.0625,-27065.140625,-400000.0625
146.42798352241516,-400000.0625,-42813.828125,-28425.3203125,-400000.0625,-28163.05078125,-400000.0625,-27087.41015625,-400000.0625
146.42798709869385,-400000.0625,-42869.91015625,-28438.240234375,-400000.0625,-28137.5390625,-400000.0625,-27094.419921875,-400000.0625
146.42799067497253,-400000.0625,-42860.69921875,-28423.55078125,-400000.0625,-28102.119140625,-400000.0625,-27079.58984375,-400000.0625
146.46785378456116,-400000.0625,-42872.62109375,-28444.869140625,-400000.0625,-28088.5703125,-400000.0625,-27089.5,-400000.0625
146.47302556037903,-400000.0625,-42903.4296875,-28465.130859375,-400000.0625,-28098.630859375,-400000.0625,-27096.080078125,-400000.0625
146.47822976112366,-400000.0625,-42925.6015625,-28482.439453125,-400000.0625,-28100.640625,-400000.0625,-27113.25,-400000.0625
146.48282122612,-400000.0625,-42937.08984375,-28489.830078125,-400000.0625,-28087.94921875,-400000.0625,-27117.349609375,-400000.0625
146.482830286026,-400000.0625,-42934.140625,-28478.099609375,-400000.0625,-28067.5390625,-400000.0625,-27094.3203125,-400000.0625
146.482834815979,-400000.0625,-42932.609375,-28475.48046875,-400000.0625,-28064.01953125,-400000.0625,-27089.740234375,-400000.0625
146.48283863067627,-400000.0625,-42939.94921875,-28483.19921875,-400000.0625,-28068.58984375,-400000.0625,-27100.759765625,-400000.0625
146.48284244537354,-400000.0625,-42954.640625,-28496.599609375,-400000.0625,-28075.130859375,-400000.0625,-27119.970703125,-400000.0625
146.48284649848938,-400000.0625,-42963.37109375,-28497.650390625,-400000.0625,-28082.470703125,-400000.0625,-27125.41015625,-400000.0625
146.48285007476807,-400000.0625,-42948.8203125,-28474.859375,-400000.0625,-28066.640625,-400000.0625,-27114.439453125,-400000.0625
146.48285365104675,-400000.0625,-42934.8515625,-28464.890625,-400000.0625,-28066.830078125,-400000.0625,-27111.630859375,-400000.0625
146.48285746574402,-400000.0625,-42935.28125,-28470.330078125,-400000.0625,-28084.51953125,-400000.0625,-27122.0703125,-400000.0625
146.48286151885986,-400000.0625,-42950.87109375,-28483.869140625,-400000.0625,-28099.2109375,-400000.0625,-27144.630859375,-400000.0625
146.4828658103943,-400000.0625,-42941.578125,-28478.580078125,-400000.0625,-28105.169921875,-400000.0625,-27142.720703125,-400000.0625
146.48286938667297,-400000.0625,-42905.80859375,-28454.5,-400000.0625,-28093.720703125,-400000.0625,-27121.880859375,-400000.0625
146.48287296295166,-400000.0625,-42887.55078125,-28439.94921875,-400000.0625,-28096.30078125,-400000.0625,-27119.01953125,-400000.0625
146.53037643432617,-400000.0625,-42885.3984375,-28443.529296875,-400000.0625,-28118.609375,-400000.0625,-27128.890625,-400000.0625
146.54089379310608,-400000.0625,-42890.078125,-28455.44921875,-400000.0625,-28138.740234375,-400000.0625,-27139.380859375,-400000.0625
146.54535675048828,-400000.0625,-42875.25,-28450.349609375,-400000.0625,-28141.119140625,-400000.0625,-27140.759765625,-400000.0625
146.54536485671997,-400000.0625,-42844.58984375,-28428.83984375,-400000.0625,-28130.630859375,-400000.0625,-27122.689453125,-400000.0625
146.54536938667297,-400000.0625,-42824.98828125,-28415.439453125,-400000.0625,-28138.689453125,-400000.0625,-27110.390625,-400000.0625
146.54537320137024,-400000.0625,-42818.6484375,-28419.880859375,-400000.0625,-28159.380859375,-400000.0625,-27115.73046875,-400000.0625
146.5453770160675,-400000.0625,-42818.83984375,-28428.26953125,-400000.0625,-28176.740234375,-400000.0625,-27123.359375,-400000.0625
146.54538083076477,-400000.0625,-42800.76953125,-28416.109375,-400000.0625,-28179.220703125,-400000.0625,-27113.30078125,-400000.0625
146.54538488388062,-400000.0625,-42768.19921875,-28387.9296875,-400000.0625,-28166.5390625,-400000.0625,-27087.41015625,-400000.0625
146.54538893699646,-400000.0625,-42748.30859375,-28375.630859375,-400000.0625,-28173.400390625,-400000.0625,-27070.330078125,-400000.0625
146.5453929901123,-400000.0625,-42746.98046875,-28381.259765625,-400000.0625,-28195.720703125,-400000.0625,-27070.240234375,-400000.0625
146.545396566391,-400000.0625,-42754.75,-28391.98046875,-400000.0625,-28212.169921875,-400000.0625,-27082.919921875,-400000.0625
146.54540085792542,-400000.0625,-42744.55078125,-28384.55078125,-400000.0625,-28213.41015625,-400000.0625,-27075.9609375,-400000.0625
146.54540467262268,-400000.0625,-42715.4609375,-28361.3203125,-400000.0625,-28200.8203125,-400000.0625,-27052.830078125,-400000.0625
146.54540872573853,-400000.0625,-42696.33984375,-28346.0703125,-400000.0625,-28198.8203125,-400000.0625,-27041.8203125,-400000.0625
146.5454123020172,-400000.0625,-42696.33984375,-28352.169921875,-400000.0625,-28216.69921875,-400000.0625,-27046.2109375,-400000.0625
146.59052729606628,-400000.0625,-42703.58984375,-28365.08984375,-400000.0625,-28232.529296875,-400000.0625,-27055.119140625,-400000.0625
146.59598088264465,-400000.0625,-42695.23828125,-28357.990234375,-400000.0625,-28228.810546875,-400000.0625,-27054.41015625,-400000.0625
146.60140299797058,-400000.0625,-42668.16015625,-28334.669921875,-400000.0625,-28212.880859375,-400000.0625,-27030.419921875,-400000.0625
146.60636067390442,-400000.0625,-42650.80078125,-28324.419921875,-400000.0625,-28212.359375,-400000.0625,-27019.310546875,-400000.0625
146.60637092590332,-400000.0625,-42655.94921875,-28330.900390625,-400000.0625,-28230.619140625,-400000.0625,-27025.609375,-400000.0625
146.60637593269348,-400000.0625,-42666.109375,-28342.580078125,-400000.0625,-28249.9296875,-400000.0625,-27033.94921875,-400000.0625
146.60638046264648,-400000.0625,-42658.859375,-28338.48046875,-400000.0625,-28250.169921875,-400000.0625,-27030.5703125,-400000.0625
146.60638451576233,-400000.0625,-42636.2109375,-28315.9296875,-400000.0625,-28231.619140625,-400000.0625,-27010.109375,-400000.0625
146.6063883304596,-400000.0625,-42624.05078125,-28307.439453125,-400000.0625,-28232.150390625,-400000.0625,-26997.4296875,-400000.0625
146.60639214515686,-400000.0625,-42622.19140625,-28313.2109375,-400000.0625,-28245.740234375,-400000.0625,-27005.060546875,-400000.0625
146.6063961982727,-400000.0625,-42632.62890625,-28324.69921875,-400000.0625,-28259.94921875,-400000.0625,-27017.640625,-400000.0625
146.60640025138855,-400000.0625,-42628.2890625,-28319.029296875,-400000.0625,-28254.560546875,-400000.0625,-27013.16015625,-400000.0625
146.60640406608582,-400000.0625,-42606.21875,-28298.810546875,-400000.0625,-28238.349609375,-400000.0625,-26994.369140625,-400000.0625
146.60640788078308,-400000.0625,-42596.96875,-28291.66015625,-400000.0625,-28238.009765625,-400000.0625,-26985.169921875,-400000.0625
146.60641145706177,-400000.0625,-42598.6796875,-28300.05078125,-400000.0625,-28253.80078125,-400000.0625,-26991.23046875,-400000.0625
146.61179661750793,-400000.0625,-42610.26953125,-28311.01953125,-400000.0625,-28268.9609375,-400000.0625,-27004.869140625,-400000.0625
146.65413188934326,-400000.0625,-42607.359375,-28308.009765625,-400000.0625,-28265.33984375,-400000.0625,-27001.189453125,-400000.0625
146.84674072265625,-400000.0625,-42577.55859375,-28298.240234375,-400000.0625,-28286.220703125,-400000.0625,-26988.220703125,-400000.0625
146.94399070739746,-400000.0625,-42568.87890625,-28294.08984375,-400000.0625,-28289.890625,-400000.0625,-26983.4609375,-400000.0625
146.981609582901,-400000.0625,-42561.01171875,-28284.98046875,-400000.0625,-28283.9296875,-400000.0625,-26982.5,-400000.0625
147.10416793823242,-400000.0625,-42533.96875,-28260.08984375,-400000.0625,-28255.419921875,-400000.0625,-26961.759765625,-400000.0625
147.20706367492676,-400000.0625,-42560.53125,-28287.029296875,-400000.0625,-28284.509765625,-400000.0625,-26982.83984375,-400000.0625
147.23415112495422,-400000.0625,-42559.01171875,-28281.740234375,-400000.0625,-28279.5,-400000.0625,-26979.16015625,-400000.0625
147.29466152191162,-400000.0625,-42558.91015625,-28278.310546875,-400000.0625,-28279.5,-400000.0625,-26980.58984375,-400000.0625
147.3809003829956,-400000.0625,-42548.51953125,-28260.189453125,-400000.0625,-28266.150390625,-400000.0625,-26965.91015625,-400000.0625
147.43026733398438,-400000.0625,-42534.7890625,-28248.650390625,-400000.0625,-28263.619140625,-400000.0625,-26959.7109375,-400000.0625
147.48749613761902,-400000.0625,-42545.51171875,-28264.189453125,-400000.0625,-28273.919921875,-400000.0625,-26962.66015625,-400000.0625
147.59394335746765,-400000.0625,-42567.9296875,-28276.400390625,-400000.0625,-28288.75,-400000.0625,-26977.689453125,-400000.0625
147.6189751625061,-400000.0625,-42571.87890625,-28279.9296875,-400000.0625,-28278.259765625,-400000.0625,-26980.9296875,-400000.0625
147.80907893180847,-400000.0625,-42553.80859375,-28250.3203125,-400000.0625,-28269.6796875,-400000.0625,-26974.349609375,-400000.0625
147.87407612800598,-400000.0625,-42572.41015625,-28264.810546875,-400000.0625,-28275.109375,-400000.0625,-26992.369140625,-400000.0625
147.94816136360168,-400000.0625,-42577.94140625,-28270.720703125,-400000.0625,-28270.33984375,-400000.0625,-26981.0703125,-400000.0625
148.00289821624756,-400000.0625,-42554.37890625,-28244.01953125,-400000.0625,-28250.890625,-400000.0625,-26957.419921875,-400000.0625
148.08029127120972,-400000.0625,-42551.62109375,-28241.73046875,-400000.0625,-28247.259765625,-400000.0625,-26953.890625,-400000.0625
148.13306713104248,-400000.0625,-42547.23046875,-28236.919921875,-400000.0625,-28256.939453125,-400000.0625,-26976.109375,-400000.0625
148.2992537021637,-400000.0625,-42565.921875,-28246.01953125,-400000.0625,-28253.1796875,-400000.0625,-26979.830078125,-400000.0625
148.31903052330017,-400000.0625,-42543.890625,-28218.609375,-400000.0625,-28238.779296875,-400000.0625,-26956.900390625,-400000.0625
148.44779109954834,-400000.0625,-42554.1015625,-28226.330078125,-400000.0625,-28255.130859375,-400000.0625,-26964.05078125,-400000.0625
148.53130388259888,-400000.0625,-42571.73828125,-28239.73046875,-400000.0625,-28265.529296875,-400000.0625,-26977.970703125,-400000.0625
148.57778573036194,-400000.0625,-42570.01953125,-28232.240234375,-400000.0625,-28254.66015625,-400000.0625,-26972.33984375,-400000.0625
148.6704978942871,-400000.0625,-42556.1484375,-28213.55078125,-400000.0625,-28240.640625,-400000.0625,-26953.75,-400000.0625
148.67635536193848,-400000.0625,-42547.66015625,-28207.16015625,-400000.0625,-28241.490234375,-400000.0625,-26950.169921875,-400000.0625
148.6815369129181,-400000.0625,-42557.8203125,-28217.130859375,-400000.0625,-28254.75,-400000.0625,-26963.4296875,-400000.0625
148.69066739082336,-400000.0625,-42575.69921875,-28230.76953125,-400000.0625,-28264.91015625,-400000.0625,-26975.919921875,-400000.0625
148.6951174736023,-400000.0625,-42570.5,-28224.51953125,-400000.0625,-28251.599609375,-400000.0625,-26970.8203125,-400000.0625
148.69512557983398,-400000.0625,-42552.4296875,-28207.109375,-400000.0625,-28233.630859375,-400000.0625,-26951.83984375,-400000.0625
148.69512963294983,-400000.0625,-42543.03125,-28200.8203125,-400000.0625,-28235.060546875,-400000.0625,-26948.029296875,-400000.0625
148.69513249397278,-400000.0625,-42557.23828125,-28216.83984375,-400000.0625,-28253.419921875,-400000.0625,-26962.94921875,-400000.0625
148.69513654708862,-400000.0625,-42576.37109375,-28233.630859375,-400000.0625,-28267.9609375,-400000.0625,-26975.30078125,-400000.0625
148.69513940811157,-400000.0625,-42572.6015625,-28227.05078125,-400000.0625,-28259.7109375,-400000.0625,-26971.630859375,-400000.0625
148.69514346122742,-400000.0625,-42552.140625,-28206.400390625,-400000.0625,-28235.529296875,-400000.0625,-26953.560546875,-400000.0625
148.69514632225037,-400000.0625,-42547.1796875,-28202.580078125,-400000.0625,-28235.76953125,-400000.0625,-26944.119140625,-400000.0625
148.69514966011047,-400000.0625,-42555.2890625,-28213.119140625,-400000.0625,-28250.69921875,-400000.0625,-26954.419921875,-400000.0625
148.69515299797058,-400000.0625,-42570.73828125,-28227.4296875,-400000.0625,-28260.7109375,-400000.0625,-26968.2890625,-400000.0625
148.6951560974121,-400000.0625,-42569.359375,-28225.140625,-400000.0625,-28251.130859375,-400000.0625,-26967.0,-400000.0625
148.69515943527222,-400000.0625,-42552.08984375,-28207.2109375,-400000.0625,-28234.439453125,-400000.0625,-26952.4609375,-400000.0625
148.70302200317383,-400000.0625,-42546.8515625,-28204.109375,-400000.0625,-28234.2890625,-400000.0625,-26949.359375,-400000.0625
148.70827674865723,-400000.0625,-42566.30078125,-28221.470703125,-400000.0625,-28254.509765625,-400000.0625,-26966.240234375,-400000.0625
148.71269130706787,-400000.0625,-42583.421875,-28236.580078125,-400000.0625,-28270.150390625,-400000.0625,-26982.119140625,-400000.0625
148.7127001285553,-400000.0625,-42576.94140625,-28229.669921875,-400000.0625,-28255.66015625,-400000.0625,-26974.970703125,-400000.0625
148.7127046585083,-400000.0625,-42556.578125,-28208.740234375,-400000.0625,-28236.8203125,-400000.0625,-26952.220703125,-400000.0625
148.712708234787,-400000.0625,-42552.76171875,-28203.919921875,-400000.0625,-28240.970703125,-400000.0625,-26949.599609375,-400000.0625
148.71271204948425,-400000.0625,-42565.640625,-28216.3203125,-400000.0625,-28253.130859375,-400000.0625,-26963.619140625,-400000.0625
148.71271562576294,-400000.0625,-42577.1796875,-28230.189453125,-400000.0625,-28262.94921875,-400000.0625,-26976.16015625,-400000.0625
148.7127194404602,-400000.0625,-42574.359375,-28224.419921875,-400000.0625,-28253.3203125,-400000.0625,-26970.490234375,-400000.0625
148.7127230167389,-400000.0625,-42556.390625,-28206.400390625,-400000.0625,-28235.869140625,-400000.0625,-26953.41015625,-400000.0625
148.71272659301758,-400000.0625,-42549.0,-28203.5390625,-400000.0625,-28235.720703125,-400000.0625,-26947.7890625,-400000.0625
148.71273064613342,-400000.0625,-42564.2109375,-28217.75,-400000.0625,-28255.939453125,-400000.0625,-26959.369140625,-400000.0625
148.7127342224121,-400000.0625,-42582.609375,-28235.19921875,-400000.0625,-28269.2890625,-400000.0625,-26976.060546875,-400000.0625
148.7127377986908,-400000.0625,-42575.98046875,-28229.5703125,-400000.0625,-28255.1796875,-400000.0625,-26971.869140625,-400000.0625
148.71274161338806,-400000.0625,-42555.23828125,-28208.5,-400000.0625,-28236.6796875,-400000.0625,-26952.560546875,-400000.0625
148.7127456665039,-400000.0625,-42553.23828125,-28204.060546875,-400000.0625,-28237.580078125,-400000.0625,-26945.119140625,-400000.0625
148.78037452697754,-400000.0625,-42562.01171875,-28215.220703125,-400000.0625,-28251.369140625,-400000.0625,-26957.990234375,-400000.0625
148.78703355789185,-400000.0625,-42575.94140625,-28229.2890625,-400000.0625,-28260.810546875,-400000.0625,-26975.439453125,-400000.0625
148.79631972312927,-400000.0625,-42574.55078125,-28225.0,-400000.0625,-28254.3203125,-400000.0625,-26971.30078125,-400000.0625
148.80179977416992,-400000.0625,-42554.5703125,-28205.01953125,-400000.0625,-28235.9609375,-400000.0625,-26950.310546875,-400000.0625
148.80616903305054,-400000.0625,-42551.328125,-28202.439453125,-400000.0625,-28240.30078125,-400000.0625,-26948.029296875,-400000.0625
148.80617904663086,-400000.0625,-42564.25,-28213.7890625,-400000.0625,-28256.7109375,-400000.0625,-26961.470703125,-400000.0625
148.8061830997467,-400000.0625,-42573.98046875,-28225.759765625,-400000.0625,-28263.619140625,-400000.0625,-26975.73046875,-400000.0625
148.80618715286255,-400000.0625,-42571.6484375,-28220.69921875,-400000.0625,-28255.560546875,-400000.0625,-26970.9609375,-400000.0625
148.8061921596527,-400000.0625,-42555.578125,-28205.830078125,-400000.0625,-28238.73046875,-400000.0625,-26954.220703125,-400000.0625
148.80619621276855,-400000.0625,-42552.76171875,-28201.439453125,-400000.0625,-28243.119140625,-400000.0625,-26952.69921875,-400000.0625
148.8062002658844,-400000.0625,-42567.69140625,-28216.4609375,-400000.0625,-28258.419921875,-400000.0625,-26968.91015625,-400000.0625
148.8062038421631,-400000.0625,-42577.26953125,-28229.140625,-400000.0625,-28263.51953125,-400000.0625,-26986.130859375,-400000.0625
148.8062071800232,-400000.0625,-42574.12109375,-28226.330078125,-400000.0625,-28255.80078125,-400000.0625,-26978.2109375,-400000.0625
148.8062105178833,-400000.0625,-42556.9609375,-28207.5,-400000.0625,-28239.25,-400000.0625,-26959.470703125,-400000.0625
148.8062138557434,-400000.0625,-42554.19140625,-28204.16015625,-400000.0625,-28238.58984375,-400000.0625,-26957.419921875,-400000.0625
148.80621695518494,-400000.0625,-42566.73046875,-28215.130859375,-400000.0625,-28254.849609375,-400000.0625,-26971.30078125,-400000.0625
148.86163425445557,-400000.0625,-42579.890625,-28228.05078125,-400000.0625,-28261.94921875,-400000.0625,-26985.599609375,-400000.0625
148.86687111854553,-400000.0625,-42577.21875,-28224.5703125,-400000.0625,-28255.23046875,-400000.0625,-26980.55078125,-400000.0625
148.872145652771,-400000.0625,-42562.109375,-28207.9296875,-400000.0625,-28240.490234375,-400000.0625,-26962.240234375,-400000.0625
148.87643432617188,-400000.0625,-42557.33984375,-28204.060546875,-400000.0625,-28240.01953125,-400000.0625,-26957.369140625,-400000.0625
148.8764443397522,-400000.0625,-42568.5,-28215.75,-400000.0625,-28251.69921875,-400000.0625,-26969.529296875,-400000.0625
148.87644934654236,-400000.0625,-42582.140625,-28228.810546875,-400000.0625,-28263.94921875,-400000.0625,-26986.41015625,-400000.0625
148.87645363807678,-400000.0625,-42581.23046875,-28224.189453125,-400000.0625,-28255.3203125,-400000.0625,-26984.220703125,-400000.0625
148.87645769119263,-400000.0625,-42559.91015625,-28203.060546875,-400000.0625,-28234.630859375,-400000.0625,-26965.5703125,-400000.0625
148.87646222114563,-400000.0625,-42553.71875,-28198.390625,-400000.0625,-28234.6796875,-400000.0625,-26964.619140625,-400000.0625
148.87646651268005,-400000.0625,-42565.2109375,-28211.359375,-400000.0625,-28251.4609375,-400000.0625,-26971.869140625,-400000.0625
148.87647080421448,-400000.0625,-42578.80078125,-28225.380859375,-400000.0625,-28262.900390625,-400000.0625,-26984.650390625,-400000.0625
148.87647461891174,-400000.0625,-42573.26953125,-28219.849609375,-400000.0625,-28254.1796875,-400000.0625,-26977.919921875,-400000.0625
148.876478433609,-400000.0625,-42554.23828125,-28201.5390625,-400000.0625,-28234.19921875,-400000.0625,-26958.08984375,-400000.0625
148.87648224830627,-400000.0625,-42554.37890625,-28200.439453125,-400000.0625,-28238.349609375,-400000.0625,-26960.23046875,-400000.0625
148.87648630142212,-400000.0625,-42566.0703125,-28210.169921875,-400000.0625,-28253.80078125,-400000.0625,-26970.720703125,-400000.0625
148.8764898777008,-400000.0625,-42580.3203125,-28223.609375,-400000.0625,-28265.2890625,-400000.0625,-26980.880859375,-400000.0625
148.9004774093628,-400000.0625,-42580.08984375,-28218.80078125,-400000.0625,-28256.66015625,-400000.0625,-26979.779296875,-400000.0625
148.90995573997498,-400000.0625,-42560.44140625,-28198.76953125,-400000.0625,-28236.150390625,-400000.0625,-26962.810546875,-400000.0625
148.91441869735718,-400000.0625,-42555.2890625,-28192.5703125,-400000.0625,-28232.390625,-400000.0625,-26958.900390625,-400000.0625
148.91442918777466,-400000.0625,-42574.03125,-28208.119140625,-400000.0625,-28248.029296875,-400000.0625,-26969.33984375,-400000.0625
148.91443371772766,-400000.0625,-42593.578125,-28220.609375,-400000.0625,-28259.08984375,-400000.0625,-26977.490234375,-400000.0625
148.91443872451782,-400000.0625,-42601.5390625,-28207.880859375,-400000.0625,-28248.5,-400000.0625,-26966.33984375,-400000.0625
148.91444277763367,-400000.0625,-42574.6015625,-28180.4609375,-400000.0625,-28221.369140625,-400000.0625,-26938.25,-400000.0625
148.91444659233093,-400000.0625,-42586.37890625,-28181.75,-400000.0625,-28224.900390625,-400000.0625,-26952.7890625,-400000.0625
148.91445088386536,-400000.0625,-42611.51171875,-28204.73046875,-400000.0625,-28237.19921875,-400000.0625,-26955.609375,-400000.0625
148.91445541381836,-400000.0625,-42601.96875,-28220.560546875,-400000.0625,-28246.7890625,-400000.0625,-26978.310546875,-400000.0625
148.91445994377136,-400000.0625,-42608.078125,-28227.810546875,-400000.0625,-28228.4296875,-400000.0625,-26973.439453125,-400000.0625
148.91446352005005,-400000.0625,-42610.03125,-28225.380859375,-400000.0625,-28208.349609375,-400000.0625,-26958.140625,-400000.0625
148.91446709632874,-400000.0625,-42604.0703125,-28218.23046875,-400000.0625,-28191.619140625,-400000.0625,-26942.349609375,-400000.0625
148.914470911026,-400000.0625,-42651.0390625,-28275.349609375,-400000.0625,-28183.560546875,-400000.0625,-26981.640625,-400000.0625
148.91447472572327,-400000.0625,-42706.48828125,-28320.359375,-400000.0625,-28180.650390625,-400000.0625,-27004.630859375,-400000.0625
148.91447854042053,-400000.0625,-42755.421875,-28335.810546875,-400000.0625,-28149.080078125,-400000.0625,-27000.189453125,-400000.0625
148.975604057312,-400000.0625,-42788.3203125,-28325.66015625,-400000.0625,-28104.689453125,-400000.0625,-26984.9296875,-400000.0625
148.9810082912445,-400000.0625,-42839.53125,-28350.599609375,-400000.0625,-28089.619140625,-400000.0625,-26996.08984375,-400000.0625
148.98592972755432,-400000.0625,-42857.6015625,-28393.80078125,-400000.0625,-28092.9609375,-400000.0625,-27016.259765625,-400000.0625
148.98594069480896,-400000.0625,-42887.55078125,-28410.869140625,-400000.0625,-28094.060546875,-400000.0625,-27029.369140625,-400000.0625
148.98594522476196,-400000.0625,-42897.80078125,-28413.58984375,-400000.0625,-28080.1796875,-400000.0625,-27028.7109375,-400000.0625
148.98594880104065,-400000.0625,-42890.83984375,-28398.900390625,-400000.0625,-28055.619140625,-400000.0625,-27014.0703125,-400000.0625
148.98595237731934,-400000.0625,-42895.421875,-28400.5703125,-400000.0625,-28047.0390625,-400000.0625,-27014.9296875,-400000.0625
148.98595643043518,-400000.0625,-42910.1015625,-28414.869140625,-400000.0625,-28059.720703125,-400000.0625,-27031.0390625,-400000.0625
148.9859597682953,-400000.0625,-42920.69140625,-28421.169921875,-400000.0625,-28069.9296875,-400000.0625,-27049.58984375,-400000.0625
148.9859640598297,-400000.0625,-42925.26953125,-28415.5390625,-400000.0625,-28063.009765625,-400000.0625,-27055.26953125,-400000.0625
148.9859676361084,-400000.0625,-42913.25,-28396.849609375,-400000.0625,-28053.2890625,-400000.0625,-27046.779296875,-400000.0625
148.98597145080566,-400000.0625,-42904.94921875,-28390.740234375,-400000.0625,-28057.33984375,-400000.0625,-27051.400390625,-400000.0625
148.98597502708435,-400000.0625,-42912.48828125,-28397.369140625,-400000.0625,-28074.740234375,-400000.0625,-27072.05078125,-400000.0625
148.98597860336304,-400000.0625,-42921.6015625,-28406.05078125,-400000.0625,-28091.9609375,-400000.0625,-27087.41015625,-400000.0625
148.98598194122314,-400000.0625,-42906.80859375,-28396.900390625,-400000.0625,-28089.810546875,-400000.0625,-27083.44921875,-400000.0625
148.98598551750183,-400000.0625,-42877.30078125,-28372.150390625,-400000.0625,-28081.23046875,-400000.0625,-27067.900390625,-400000.0625
149.05296683311462,-400000.0625,-42861.421875,-28362.130859375,-400000.0625,-28085.810546875,-400000.0625,-27062.470703125,-400000.0625
149.0648193359375,-400000.0625,-42857.26953125,-28364.94921875,-400000.0625,-28107.119140625,-400000.0625,-27077.869140625,-400000.0625
149.0704391002655,-400000.0625,-42854.5,-28373.439453125,-400000.0625,-28126.099609375,-400000.0625,-27094.1796875,-400000.0625
149.07579565048218,-400000.0625,-42840.25,-28366.810546875,-400000.0625,-28132.009765625,-400000.0625,-27086.98046875,-400000.0625
149.08040595054626,-400000.0625,-42807.109375,-28343.19921875,-400000.0625,-28120.470703125,-400000.0625,-27066.51953125,-400000.0625
149.080415725708,-400000.0625,-42784.73828125,-28329.66015625,-400000.0625,-28126.580078125,-400000.0625,-27056.650390625,-400000.0625
149.08042001724243,-400000.0625,-42781.359375,-28335.619140625,-400000.0625,-28148.029296875,-400000.0625,-27063.66015625,-400000.0625
149.0804238319397,-400000.0625,-42787.75,-28344.5390625,-400000.0625,-28165.529296875,-400000.0625,-27072.390625,-400000.0625
149.08042764663696,-400000.0625,-42771.76953125,-28334.529296875,-400000.0625,-28167.16015625,-400000.0625,-27062.849609375,-400000.0625
149.08043146133423,-400000.0625,-42740.109375,-28310.109375,-400000.0625,-28160.619140625,-400000.0625,-27041.33984375,-400000.0625
149.08043670654297,-400000.0625,-42721.08984375,-28296.330078125,-400000.0625,-28163.630859375,-400000.0625,-27031.810546875,-400000.0625
149.0804407596588,-400000.0625,-42721.55859375,-28303.009765625,-400000.0625,-28181.369140625,-400000.0625,-27039.8203125,-400000.0625
149.08044528961182,-400000.0625,-42729.19140625,-28313.119140625,-400000.0625,-28204.640625,-400000.0625,-27047.919921875,-400000.0625
149.0804488658905,-400000.0625,-42710.55078125,-28300.669921875,-400000.0625,-28199.630859375,-400000.0625,-27038.91015625,-400000.0625
149.0804524421692,-400000.0625,-42684.8515625,-28278.779296875,-400000.0625,-28184.509765625,-400000.0625,-27013.970703125,-400000.0625
149.0804569721222,-400000.0625,-42670.87109375,-28270.439453125,-400000.0625,-28187.609375,-400000.0625,-27002.810546875,-400000.0625
149.09049081802368,-400000.0625,-42673.16015625,-28276.490234375,-400000.0625,-28206.30078125,-400000.0625,-27009.970703125,-400000.0625
149.09602189064026,-400000.0625,-42678.21875,-28285.359375,-400000.0625,-28221.23046875,-400000.0625,-27021.83984375,-400000.0625
149.10139846801758,-400000.0625,-42664.91015625,-28276.0703125,-400000.0625,-28216.080078125,-400000.0625,-27011.830078125,-400000.0625
149.10722827911377,-400000.0625,-42637.78125,-28252.560546875,-400000.0625,-28202.16015625,-400000.0625,-26990.80078125,-400000.0625
149.11205005645752,-400000.0625,-42625.76953125,-28246.119140625,-400000.0625,-28206.400390625,-400000.0625,-26981.2109375,-400000.0625
149.11205959320068,-400000.0625,-42630.6796875,-28254.609375,-400000.0625,-28222.140625,-400000.0625,-26992.1796875,-400000.0625
149.1120641231537,-400000.0625,-42640.69140625,-28265.5703125,-400000.0625,-28237.439453125,-400000.0625,-27004.91015625,-400000.0625
149.11206793785095,-400000.0625,-42631.8203125,-28259.7109375,-400000.0625,-28235.390625,-400000.0625,-26996.900390625,-400000.0625
149.11207175254822,-400000.0625,-42606.21875,-28237.009765625,-400000.0625,-28220.509765625,-400000.0625,-26973.439453125,-400000.0625
149.1120753288269,-400000.0625,-42597.25,-28230.189453125,-400000.0625,-28221.939453125,-400000.0625,-26966.669921875,-400000.0625
149.11207938194275,-400000.0625,-42608.26953125,-28242.310546875,-400000.0625,-28238.16015625,-400000.0625,-26977.259765625,-400000.0625
149.11208295822144,-400000.0625,-42618.0390625,-28255.900390625,-400000.0625,-28250.75,-400000.0625,-26984.83984375,-400000.0625
149.1120867729187,-400000.0625,-42607.83984375,-28247.7890625,-400000.0625,-28242.5390625,-400000.0625,-26974.5390625,-400000.0625
149.1120903491974,-400000.0625,-42586.140625,-28223.66015625,-400000.0625,-28226.08984375,-400000.0625,-26955.1796875,-400000.0625
149.11209392547607,-400000.0625,-42577.12890625,-28218.69921875,-400000.0625,-28230.619140625,-400000.0625,-26949.26953125,-400000.0625
149.11209774017334,-400000.0625,-42588.19140625,-28230.9609375,-400000.0625,-28248.7890625,-400000.0625,-26961.51953125,-400000.0625
149.15660905838013,-400000.0625,-42597.44140625,-28241.259765625,-400000.0625,-28260.51953125,-400000.0625,-26973.19921875,-400000.0625
149.178204536438,-400000.0625,-42582.55859375,-28231.2890625,-400000.0625,-28250.509765625,-400000.0625,-26965.669921875,-400000.0625
149.18511843681335,-400000.0625,-42566.78125,-28212.41015625,-400000.0625,-28235.720703125,-400000.0625,-26944.830078125,-400000.0625
149.1996991634369,-400000.0625,-42562.30078125,-28209.0703125,-400000.0625,-28237.779296875,-400000.0625,-26940.6796875,-400000.0625
149.21247148513794,-400000.0625,-42567.78125,-28218.369140625,-400000.0625,-28250.359375,-400000.0625,-26953.3203125,-400000.0625
149.22311639785767,-400000.0625,-42581.3203125,-28231.390625,-400000.0625,-28258.08984375,-400000.0625,-26965.33984375,-400000.0625
149.22994542121887,-400000.0625,-42580.80078125,-28226.380859375,-400000.0625,-28252.080078125,-400000.0625,-26963.189453125,-400000.0625
149.26137614250183,-400000.0625,-42558.2890625,-28207.58984375,-400000.0625,-28236.150390625,-400000.0625,-26943.310546875,-400000.0625
149.2747528553009,-400000.0625,-42546.23046875,-28200.580078125,-400000.0625,-28233.25,-400000.0625,-26937.33984375,-400000.0625
149.28702092170715,-400000.0625,-42559.8203125,-28211.55078125,-400000.0625,-28248.41015625,-400000.0625,-26950.599609375,-400000.0625
149.30005264282227,-400000.0625,-42571.26171875,-28222.75,-400000.0625,-28262.240234375,-400000.0625,-26960.140625,-400000.0625
149.31205558776855,-400000.0625,-42561.62890625,-28213.5,-400000.0625,-28253.69921875,-400000.0625,-26953.3203125,-400000.0625
149.32717514038086,-400000.0625,-42544.37109375,-28194.810546875,-400000.0625,-28235.720703125,-400000.0625,-26934.19921875,-400000.0625
149.3367636203766,-400000.0625,-42540.51171875,-28192.240234375,-400000.0625,-28238.060546875,-400000.0625,-26934.439453125,-400000.0625
149.3437442779541,-400000.0625,-42548.421875,-28203.630859375,-400000.0625,-28253.029296875,-400000.0625,-26942.970703125,-400000.0625
149.35135769844055,-400000.0625,-42562.30078125,-28216.029296875,-400000.0625,-28263.669921875,-400000.0625,-26952.509765625,-400000.0625
149.35855388641357,-400000.0625,-42555.19140625,-28206.779296875,-400000.0625,-28252.41015625,-400000.0625,-26950.7890625,-400000.0625
149.36946511268616,-400000.0625,-42542.37109375,-28192.240234375,-400000.0625,-28236.490234375,-400000.0625,-26933.05078125,-400000.0625
149.38384699821472,-400000.0625,-42537.890625,-28189.7109375,-400000.0625,-28240.01953125,-400000.0625,-26927.5703125,-400000.0625
149.3906569480896,-400000.0625,-42546.23046875,-28200.060546875,-400000.0625,-28255.990234375,-400000.0625,-26939.919921875,-400000.0625
149.39555525779724,-400000.0625,-42560.76953125,-28212.55078125,-400000.0625,-28266.529296875,-400000.0625,-26955.509765625,-400000.0625
149.3955638408661,-400000.0625,-42553.671875,-28207.400390625,-400000.0625,-28256.609375,-400000.0625,-26949.98046875,-400000.0625
149.3955681324005,-400000.0625,-42535.01953125,-28190.330078125,-400000.0625,-28239.73046875,-400000.0625,-26933.099609375,-400000.0625
149.39557218551636,-400000.0625,-42534.87890625,-28186.51953125,-400000.0625,-28239.439453125,-400000.0625,-26932.810546875,-400000.0625
149.39557600021362,-400000.0625,-42548.5703125,-28199.91015625,-400000.0625,-28254.419921875,-400000.0625,-26942.640625,-400000.0625
149.3955795764923,-400000.0625,-42563.87109375,-28216.599609375,-400000.0625,-28267.099609375,-400000.0625,-26957.75,-400000.0625
149.39558339118958,-400000.0625,-42558.53125,-28210.400390625,-400000.0625,-28256.7109375,-400000.0625,-26953.990234375,-400000.0625
149.39558720588684,-400000.0625,-42537.21875,-28190.4296875,-400000.0625,-28238.58984375,-400000.0625,-26936.73046875,-400000.0625
149.3955910205841,-400000.0625,-42538.12109375,-28188.1796875,-400000.0625,-28244.58984375,-400000.0625,-26932.19921875,-400000.0625
149.39559483528137,-400000.0625,-42544.69921875,-28199.099609375,-400000.0625,-28259.08984375,-400000.0625,-26947.359375,-400000.0625
149.39559888839722,-400000.0625,-42559.25,-28213.69921875,-400000.0625,-28267.529296875,-400000.0625,-26960.7109375,-400000.0625
149.3956024646759,-400000.0625,-42560.01171875,-28208.830078125,-400000.0625,-28258.66015625,-400000.0625,-26955.080078125,-400000.0625
149.39560627937317,-400000.0625,-42538.5,-28189.140625,-400000.0625,-28238.060546875,-400000.0625,-26938.490234375,-400000.0625
149.39561009407043,-400000.0625,-42535.359375,-28186.80078125,-400000.0625,-28240.349609375,-400000.0625,-26934.8203125,-400000.0625
149.3956139087677,-400000.0625,-42548.23046875,-28198.76953125,-400000.0625,-28256.75,-400000.0625,-26945.55078125,-400000.0625
149.39561772346497,-400000.0625,-42559.53125,-28211.220703125,-400000.0625,-28262.05078125,-400000.0625,-26957.7109375,-400000.0625
149.39562106132507,-400000.0625,-42552.48046875,-28205.16015625,-400000.0625,-28252.1796875,-400000.0625,-26953.4609375,-400000.0625
149.39562487602234,-400000.0625,-42534.44921875,-28186.3203125,-400000.0625,-28243.16015625,-400000.0625,-26936.009765625,-400000.0625
149.3956286907196,-400000.0625,-42529.2109375,-28181.69921875,-400000.0625,-28242.58984375,-400000.0625,-26929.94921875,-400000.0625
149.3956320285797,-400000.0625,-42542.69921875,-28195.580078125,-400000.0625,-28256.66015625,-400000.0625,-26946.9296875,-400000.0625
149.39563584327698,-400000.0625,-42562.05859375,-28211.259765625,-400000.0625,-28264.619140625,-400000.0625,-26964.380859375,-400000.0625
149.39563918113708,-400000.0625,-42562.62890625,-28208.5,-400000.0625,-28254.69921875,-400000.0625,-26958.330078125,-400000.0625
149.3956434726715,-400000.0625,-42538.171875,-28191.4296875,-400000.0625,-28240.919921875,-400000.0625,-26929.759765625,-400000.0625
149.3956470489502,-400000.0625,-42533.26171875,-28196.150390625,-400000.0625,-28249.359375,-400000.0625,-26921.75,-400000.0625
149.39565062522888,-400000.0625,-42553.23828125,-28209.9296875,-400000.0625,-28264.91015625,-400000.0625,-26933.9609375,-400000.0625
149.39565539360046,-400000.0625,-42571.87890625,-28221.0390625,-400000.0625,-28270.869140625,-400000.0625,-26950.080078125,-400000.0625
149.39568257331848,-400000.0625,-42568.5,-28218.4609375,-400000.0625,-28264.380859375,-400000.0625,-26944.5,-400000.0625
149.40091705322266,-400000.0625,-42545.1796875,-28201.580078125,-400000.0625,-28248.599609375,-400000.0625,-26922.23046875,-400000.0625
149.4061622619629,-400000.0625,-42538.9296875,-28197.009765625,-400000.0625,-28249.080078125,-400000.0625,-26917.650390625,-400000.0625
149.4113142490387,-400000.0625,-42554.71875,-28211.310546875,-400000.0625,-28265.9609375,-400000.0625,-26932.669921875,-400000.0625
149.41651368141174,-400000.0625,-42570.69140625,-28227.189453125,-400000.0625,-28276.16015625,-400000.0625,-26952.599609375,-400000.0625
149.42221927642822,-400000.0625,-42568.16015625,-28221.939453125,-400000.0625,-28267.009765625,-400000.0625,-26948.5,-400000.0625
149.42736268043518,-400000.0625,-42549.140625,-28204.869140625,-400000.0625,-28250.029296875,-400000.0625,-26928.0,-400000.0625
149.43235158920288,-400000.0625,-42540.21875,-28199.869140625,-400000.0625,-28248.5,-400000.0625,-26927.810546875,-400000.0625
149.43236422538757,-400000.0625,-42553.5703125,-28209.740234375,-400000.0625,-28263.51953125,-400000.0625,-26941.16015625,-400000.0625
149.43236875534058,-400000.0625,-42569.44921875,-28223.80078125,-400000.0625,-28274.6796875,-400000.0625,-26953.26953125,-400000.0625
149.44073510169983,-400000.0625,-42560.921875,-28214.740234375,-400000.0625,-28263.91015625,-400000.0625,-26945.0703125,-400000.0625
149.4453468322754,-400000.0625,-42541.98828125,-28195.33984375,-400000.0625,-28248.98046875,-400000.0625,-26930.619140625,-400000.0625
149.44535541534424,-400000.0625,-42538.21875,-28192.7109375,-400000.0625,-28248.98046875,-400000.0625,-26930.05078125,-400000.0625
149.44535994529724,-400000.0625,-42552.0,-28207.58984375,-400000.0625,-28261.0,-400000.0625,-26944.400390625,-400000.0625
149.4453639984131,-400000.0625,-42571.55078125,-28224.51953125,-400000.0625,-28277.349609375,-400000.0625,-26956.990234375,-400000.0625
149.44536757469177,-400000.0625,-42561.62890625,-28215.130859375,-400000.0625,-28265.91015625,-400000.0625,-26952.130859375,-400000.0625
149.44537138938904,-400000.0625,-42545.51171875,-28198.580078125,-400000.0625,-28248.310546875,-400000.0625,-26934.33984375,-400000.0625
149.4453752040863,-400000.0625,-42542.609375,-28197.150390625,-400000.0625,-28252.80078125,-400000.0625,-26929.94921875,-400000.0625
149.44537901878357,-400000.0625,-42551.37890625,-28208.2109375,-400000.0625,-28263.619140625,-400000.0625,-26941.919921875,-400000.0625
149.44538283348083,-400000.0625,-42567.44921875,-28222.75,-400000.0625,-28277.640625,-400000.0625,-26955.23046875,-400000.0625
149.4453866481781,-400000.0625,-42568.3984375,-28221.0390625,-400000.0625,-28271.390625,-400000.0625,-26948.9296875,-400000.0625
149.4453902244568,-400000.0625,-42546.1796875,-28200.439453125,-400000.0625,-28249.4609375,-400000.0625,-26934.33984375,-400000.0625
149.44539380073547,-400000.0625,-42540.94140625,-28196.580078125,-400000.0625,-28251.369140625,-400000.0625,-26933.48046875,-400000.0625
149.44539856910706,-400000.0625,-42553.05078125,-28208.310546875,-400000.0625,-28264.240234375,-400000.0625,-26943.9296875,-400000.0625
149.44540238380432,-400000.0625,-42568.01953125,-28220.69921875,-400000.0625,-28273.779296875,-400000.0625,-26957.23046875,-400000.0625
149.445405960083,-400000.0625,-42560.6796875,-28214.650390625,-400000.0625,-28265.669921875,-400000.0625,-26952.3203125,-400000.0625
149.44540977478027,-400000.0625,-42539.890625,-28194.2890625,-400000.0625,-28250.98046875,-400000.0625,-26934.91015625,-400000.0625
149.44541358947754,-400000.0625,-42539.359375,-28192.859375,-400000.0625,-28251.75,-400000.0625,-26931.4296875,-400000.0625
149.4454174041748,-400000.0625,-42551.4296875,-28208.01953125,-400000.0625,-28265.2890625,-400000.0625,-26944.2109375,-400000.0625
149.44542121887207,-400000.0625,-42567.2109375,-28221.80078125,-400000.0625,-28280.2109375,-400000.0625,-26960.0390625,-400000.0625
149.44542503356934,-400000.0625,-42561.62890625,-28215.080078125,-400000.0625,-28266.859375,-400000.0625,-26951.029296875,-400000.0625
149.44542860984802,-400000.0625,-42543.03125,-28195.48046875,-400000.0625,-28247.029296875,-400000.0625,-26933.720703125,-400000.0625
149.44543266296387,-400000.0625,-42542.51171875,-28193.669921875,-400000.0625,-28248.55078125,-400000.0625,-26932.810546875,-400000.0625
149.4454369544983,-400000.0625,-42552.80859375,-28207.2109375,-400000.0625,-28263.759765625,-400000.0625,-26942.58984375,-400000.0625
149.48189449310303,-400000.0625,-42562.19921875,-28218.130859375,-400000.0625,-28275.349609375,-400000.0625,-26958.609375,-400000.0625
149.49140977859497,-400000.0625,-42561.578125,-28213.599609375,-400000.0625,-28268.669921875,-400000.0625,-26956.509765625,-400000.0625
149.49606227874756,-400000.0625,-42543.94140625,-28197.580078125,-400000.0625,-28251.75,-400000.0625,-26935.529296875,-400000.0625
149.49607229232788,-400000.0625,-42543.03125,-28199.25,-400000.0625,-28255.470703125,-400000.0625,-26935.390625,-400000.0625
149.49607729911804,-400000.0625,-42557.44140625,-28210.01953125,-400000.0625,-28270.25,-400000.0625,-26946.9296875,-400000.0625
149.49608182907104,-400000.0625,-42567.78125,-28220.80078125,-400000.0625,-28276.01953125,-400000.0625,-26960.23046875,-400000.0625
149.4960856437683,-400000.0625,-42563.5390625,-28216.4609375,-400000.0625,-28265.189453125,-400000.0625,-26954.939453125,-400000.0625
149.49608945846558,-400000.0625,-42547.66015625,-28198.48046875,-400000.0625,-28250.7890625,-400000.0625,-26937.6796875,-400000.0625
149.49609351158142,-400000.0625,-42543.078125,-28195.099609375,-400000.0625,-28250.130859375,-400000.0625,-26937.33984375,-400000.0625
149.49609804153442,-400000.0625,-42555.62109375,-28209.119140625,-400000.0625,-28264.0,-400000.0625,-26949.220703125,-400000.0625
149.4961018562317,-400000.0625,-42579.98828125,-28226.5703125,-400000.0625,-28278.640625,-400000.0625,-26968.48046875,-400000.0625
149.49610567092896,-400000.0625,-42586.28125,-28220.939453125,-400000.0625,-28270.490234375,-400000.0625,-26969.099609375,-400000.0625
149.49610924720764,-400000.0625,-42563.3515625,-28204.490234375,-400000.0625,-28253.509765625,-400000.0625,-26938.970703125,-400000.0625
149.4961130619049,-400000.0625,-42554.671875,-28209.55078125,-400000.0625,-28254.990234375,-400000.0625,-26927.380859375,-400000.0625
149.49611687660217,-400000.0625,-42571.6484375,-28230.099609375,-400000.0625,-28268.580078125,-400000.0625,-26937.76953125,-400000.0625
149.49612545967102,-400000.0625,-42596.6796875,-28248.740234375,-400000.0625,-28277.73046875,-400000.0625,-26950.4609375,-400000.0625
149.536146402359,-400000.0625,-42599.96875,-28250.26953125,-400000.0625,-28267.4296875,-400000.0625,-26938.19921875,-400000.0625
149.54141187667847,-400000.0625,-42590.1015625,-28245.98046875,-400000.0625,-28256.849609375,-400000.0625,-26916.080078125,-400000.0625
149.5459816455841,-400000.0625,-42597.62890625,-28251.509765625,-400000.0625,-28262.94921875,-400000.0625,-26911.359375,-400000.0625
149.54599118232727,-400000.0625,-42616.1796875,-28269.720703125,-400000.0625,-28279.55078125,-400000.0625,-26921.80078125,-400000.0625
149.54599595069885,-400000.0625,-42631.3515625,-28289.66015625,-400000.0625,-28290.990234375,-400000.0625,-26928.619140625,-400000.0625
149.54599976539612,-400000.0625,-42630.390625,-28287.509765625,-400000.0625,-28280.9296875,-400000.0625,-26924.419921875,-400000.0625
149.54600358009338,-400000.0625,-42615.66015625,-28269.009765625,-400000.0625,-28261.0,-400000.0625,-26903.5390625,-400000.0625
149.54600739479065,-400000.0625,-42606.44921875,-28264.33984375,-400000.0625,-28256.369140625,-400000.0625,-26895.0,-400000.0625
149.54601120948792,-400000.0625,-42615.69921875,-28274.970703125,-400000.0625,-28267.8203125,-400000.0625,-26907.880859375,-400000.0625
149.54601526260376,-400000.0625,-42629.33984375,-28288.3203125,-400000.0625,-28281.259765625,-400000.0625,-26924.990234375,-400000.0625
149.54602003097534,-400000.0625,-42623.48046875,-28282.220703125,-400000.0625,-28274.73046875,-400000.0625,-26923.609375,-400000.0625
149.54602360725403,-400000.0625,-42606.171875,-28264.91015625,-400000.0625,-28259.5703125,-400000.0625,-26901.439453125,-400000.0625
149.5460274219513,-400000.0625,-42604.73828125,-28261.619140625,-400000.0625,-28260.66015625,-400000.0625,-26897.099609375,-400000.0625
149.54603385925293,-400000.0625,-42614.0390625,-28271.25,-400000.0625,-28273.25,-400000.0625,-26908.779296875,-400000.0625
149.54603791236877,-400000.0625,-42631.9609375,-28288.650390625,-400000.0625,-28285.55078125,-400000.0625,-26922.900390625,-400000.0625
149.54604172706604,-400000.0625,-42630.62890625,-28284.509765625,-400000.0625,-28277.9296875,-400000.0625,-26920.26953125,-400000.0625
149.60410070419312,-400000.0625,-42611.51171875,-28265.240234375,-400000.0625,-28259.900390625,-400000.0625,-26901.19921875,-400000.0625
149.6215844154358,-400000.0625,-42601.640625,-28256.990234375,-400000.0625,-28255.900390625,-400000.0625,-26896.669921875,-400000.0625
149.63244533538818,-400000.0625,-42612.6484375,-28269.6796875,-400000.0625,-28273.6796875,-400000.0625,-26909.310546875,-400000.0625
149.6425757408142,-400000.0625,-42629.19921875,-28285.939453125,-400000.0625,-28284.359375,-400000.0625,-26921.470703125,-400000.0625
149.64991307258606,-400000.0625,-42627.1015625,-28278.16015625,-400000.0625,-28273.009765625,-400000.0625,-26919.509765625,-400000.0625
149.66294980049133,-400000.0625,-42609.6484375,-28260.279296875,-400000.0625,-28259.470703125,-400000.0625,-26902.580078125,-400000.0625
149.67087173461914,-400000.0625,-42605.98046875,-28260.189453125,-400000.0625,-28261.94921875,-400000.0625,-26900.099609375,-400000.0625
149.67747616767883,-400000.0625,-42620.76171875,-28273.5390625,-400000.0625,-28276.349609375,-400000.0625,-26914.69921875,-400000.0625
149.68478345870972,-400000.0625,-42633.48828125,-28284.740234375,-400000.0625,-28286.7890625,-400000.0625,-26926.7109375,-400000.0625
149.69400787353516,-400000.0625,-42629.53125,-28280.01953125,-400000.0625,-28274.439453125,-400000.0625,-26922.1796875,-400000.0625
