time,ch1,ch2,ch3,ch4,ch5,ch6,ch7,ch8
15.766849517822266,-400000.0625,-400000.0625,-400000.0625,-400000.0625,-400000.0625,-400000.0625,-400000.0625,-400000.0625
15.775278568267822,-400000.0625,-400000.0625,-400000.0625,-400000.0625,-400000.0625,-400000.0625,-400000.0625,-400000.0625
15.779252529144287,-400000.0625,-400000.0625,-400000.0625,-400000.0625,-400000.0625,-400000.0625,-400000.0625,-400000.0625
15.779261827468872,-400000.0625,-400000.0625,-400000.0625,-400000.0625,-400000.0625,-400000.0625,-400000.0625,-400000.0625
15.779266595840454,-400000.0625,-400000.0625,-400000.0625,-400000.0625,-400000.0625,-400000.0625,-400000.0625,-400000.0625
15.779270648956299,-400000.0625,-400000.0625,-400000.0625,-400000.0625,-400000.0625,-400000.0625,-400000.0625,-400000.0625
15.779273986816406,-400000.0625,-400000.0625,-400000.0625,-400000.0625,-400000.0625,-400000.0625,-400000.0625,-400000.0625
15.779277801513672,-400000.0625,-400000.0625,-400000.0625,-400000.0625,-400000.0625,-400000.0625,-400000.0625,-400000.0625
15.779281616210938,-400000.0625,-400000.0625,-400000.0625,-400000.0625,-400000.0625,-400000.0625,-400000.0625,-400000.0625
15.779285192489624,-400000.0625,-400000.0625,-400000.0625,-400000.0625,-400000.0625,-400000.0625,-400000.0625,-400000.0625
15.77928900718689,-400000.0625,-400000.0625,-400000.0625,-400000.0625,-400000.0625,-400000.0625,-400000.0625,-400000.0625
15.779292583465576,-400000.0625,-400000.0625,-400000.0625,-400000.0625,-400000.0625,-400000.0625,-400000.0625,-400000.0625
15.779296398162842,-400000.0625,-400000.0625,-400000.0625,-400000.0625,-400000.0625,-400000.0625,-400000.0625,-400000.0625
15.779299974441528,-400000.0625,-400000.0625,-400000.0625,-400000.0625,-400000.0625,-400000.0625,-400000.0625,-400000.0625
15.779304027557373,-400000.0625,-400000.0625,-400000.0625,-400000.0625,-400000.0625,-400000.0625,-400000.0625,-400000.0625
15.77930760383606,-400000.0625,-400000.0625,-400000.0625,-400000.0625,-400000.0625,-400000.0625,-400000.0625,-400000.0625
15.842578649520874,-400000.0625,-400000.0625,-400000.0625,-400000.0625,-400000.0625,-400000.0625,-400000.0625,-400000.0625
15.847012281417847,-400000.0625,-400000.0625,-400000.0625,-400000.0625,-400000.0625,-400000.0625,-400000.0625,-400000.0625
15.847021102905273,-400000.0625,-400000.0625,-400000.0625,-400000.0625,-400000.0625,-400000.0625,-400000.0625,-400000.0625
15.847026109695435,-400000.0625,-400000.0625,-400000.0625,-400000.0625,-400000.0625,-400000.0625,-400000.0625,-400000.0625
15.8470299243927,-400000.0625,-400000.0625,-400000.0625,-400000.0625,-400000.0625,-400000.0625,-400000.0625,-400000.0625
15.847033739089966,-400000.0625,-400000.0625,-400000.0625,-400000.0625,-400000.0625,-400000.0625,-400000.0625,-400000.0625
15.847038507461548,-400000.0625,-400000.0625,-400000.0625,-400000.0625,-400000.0625,-400000.0625,-400000.0625,-400000.0625
15.847042560577393,-400000.0625,-400000.0625,-400000.0625,-400000.0625,-400000.0625,-400000.0625,-400000.0625,-400000.0625
15.847046136856079,-400000.0625,-400000.0625,-400000.0625,-400000.0625,-400000.0625,-400000.0625,-400000.0625,-400000.0625
15.847049951553345,-400000.0625,-400000.0625,-400000.0625,-400000.0625,-400000.0625,-400000.0625,-400000.0625,-400000.0625
15.847053527832031,-400000.0625,-400000.0625,-400000.0625,-400000.0625,-400000.0625,-400000.0625,-400000.0625,-400000.0625
15.847057104110718,-400000.0625,-400000.0625,-400000.0625,-400000.0625,-400000.0625,-400000.0625,-400000.0625,-400000.0625
15.847060441970825,-400000.0625,-400000.0625,-400000.0625,-400000.0625,-400000.0625,-400000.0625,-400000.0625,-400000.0625
15.847063779830933,-400000.0625,-400000.0625,-400000.0625,-400000.0625,-400000.0625,-400000.0625,-400000.0625,-400000.0625
15.84706711769104,-400000.0625,-400000.0625,-400000.0625,-400000.0625,-400000.0625,-400000.0625,-400000.0625,-400000.0625
15.847070932388306,-400000.0625,-400000.0625,-400000.0625,-400000.0625,-400000.0625,-400000.0625,-400000.0625,-400000.0625
15.894567012786865,-400000.0625,-400000.0625,-400000.0625,-400000.0625,-400000.0625,-400000.0625,-400000.0625,-400000.0625
15.903005123138428,-400000.0625,-400000.0625,-400000.0625,-400000.0625,-400000.0625,-400000.0625,-400000.0625,-400000.0625
15.907354593276978,-400000.0625,-400000.0625,-400000.0625,-400000.0625,-400000.0625,-400000.0625,-400000.0625,-400000.0625
15.907362937927246,-400000.0625,-400000.0625,-400000.0625,-400000.0625,-400000.0625,-400000.0625,-400000.0625,-400000.0625
15.90737795829773,-400000.0625,-400000.0625,-400000.0625,-400000.0625,-400000.0625,-400000.0625,-400000.0625,-400000.0625
15.907381534576416,-400000.0625,-400000.0625,-400000.0625,-400000.0625,-400000.0625,-400000.0625,-400000.0625,-400000.0625
15.907385349273682,-400000.0625,-400000.0625,-400000.0625,-400000.0625,-400000.0625,-400000.0625,-400000.0625,-400000.0625
15.907389402389526,-400000.0625,-400000.0625,-400000.0625,-400000.0625,-400000.0625,-400000.0625,-400000.0625,-400000.0625
15.907392978668213,-400000.0625,-400000.0625,-400000.0625,-400000.0625,-400000.0625,-400000.0625,-400000.0625,-400000.0625
15.907396793365479,-400000.0625,-400000.0625,-400000.0625,-400000.0625,-400000.0625,-400000.0625,-400000.0625,-400000.0625
15.907400369644165,-400000.0625,-400000.0625,-400000.0625,-400000.0625,-400000.0625,-400000.0625,-400000.0625,-400000.0625
15.907502174377441,-400000.0625,-400000.0625,-400000.0625,-400000.0625,-400000.0625,-400000.0625,-400000.0625,-400000.0625
15.907506704330444,-400000.0625,-400000.0625,-400000.0625,-400000.0625,-400000.0625,-400000.0625,-400000.0625,-400000.0625
15.90751028060913,-400000.0625,-400000.0625,-400000.0625,-400000.0625,-400000.0625,-400000.0625,-400000.0625,-400000.0625
15.907513856887817,-400000.0625,-400000.0625,-400000.0625,-400000.0625,-400000.0625,-400000.0625,-400000.0625,-400000.0625
15.907517433166504,-400000.0625,-400000.0625,-400000.0625,-400000.0625,-400000.0625,-400000.0625,-400000.0625,-400000.0625
15.963562726974487,-400000.0625,-400000.0625,-400000.0625,-400000.0625,-400000.0625,-400000.0625,-400000.0625,-400000.0625
15.968096733093262,-400000.0625,-400000.0625,-400000.0625,-400000.0625,-400000.0625,-400000.0625,-400000.0625,-400000.0625
15.968104600906372,-400000.0625,-400000.0625,-400000.0625,-400000.0625,-400000.0625,-400000.0625,-400000.0625,-400000.0625
15.968108654022217,-400000.0625,-400000.0625,-400000.0625,-400000.0625,-400000.0625,-400000.0625,-400000.0625,-400000.0625
15.96811318397522,-400000.0625,-400000.0625,-400000.0625,-400000.0625,-400000.0625,-400000.0625,-400000.0625,-400000.0625
15.968117237091064,-400000.0625,-400000.0625,-400000.0625,-400000.0625,-400000.0625,-400000.0625,-400000.0625,-400000.0625
15.96812105178833,-400000.0625,-400000.0625,-400000.0625,-400000.0625,-400000.0625,-400000.0625,-400000.0625,-400000.0625
15.968124866485596,-400000.0625,-400000.0625,-400000.0625,-400000.0625,-400000.0625,-400000.0625,-400000.0625,-400000.0625
15.968128442764282,-400000.0625,-400000.0625,-400000.0625,-400000.0625,-400000.0625,-400000.0625,-400000.0625,-400000.0625
15.968132257461548,-400000.0625,-400000.0625,-400000.0625,-400000.0625,-400000.0625,-400000.0625,-400000.0625,-400000.0625
15.968136072158813,-400000.0625,-400000.0625,-400000.0625,-400000.0625,-400000.0625,-400000.0625,-400000.0625,-400000.0625
15.968139886856079,-400000.0625,-400000.0625,-400000.0625,-400000.0625,-400000.0625,-400000.0625,-400000.0625,-400000.0625
15.968143224716187,-400000.0625,-400000.0625,-400000.0625,-400000.0625,-400000.0625,-400000.0625,-400000.0625,-400000.0625
15.968147277832031,-400000.0625,-400000.0625,-400000.0625,-400000.0625,-400000.0625,-400000.0625,-400000.0625,-400000.0625
15.968151092529297,-400000.0625,-400000.0625,-400000.0625,-400000.0625,-400000.0625,-400000.0625,-400000.0625,-400000.0625
15.968154668807983,-400000.0625,-400000.0625,-400000.0625,-400000.0625,-400000.0625,-400000.0625,-400000.0625,-400000.0625
16.04158043861389,-400000.0625,-400000.0625,-400000.0625,-400000.0625,-400000.0625,-400000.0625,-400000.0625,-400000.0625
16.0505211353302,-400000.0625,-400000.0625,-400000.0625,-400000.0625,-400000.0625,-400000.0625,-400000.0625,-400000.0625
16.054385900497437,-400000.0625,-400000.0625,-400000.0625,-400000.0625,-400000.0625,-400000.0625,-400000.0625,-400000.0625
16.054394245147705,-400000.0625,-400000.0625,-400000.0625,-400000.0625,-400000.0625,-400000.0625,-400000.0625,-400000.0625
16.054399490356445,-400000.0625,-400000.0625,-400000.0625,-400000.0625,-400000.0625,-400000.0625,-400000.0625,-400000.0625
16.05440330505371,-400000.0625,-400000.0625,-400000.0625,-400000.0625,-400000.0625,-400000.0625,-400000.0625,-400000.0625
16.054407119750977,-400000.0625,-400000.0625,-400000.0625,-400000.0625,-400000.0625,-400000.0625,-400000.0625,-400000.0625
16.05441117286682,-400000.0625,-400000.0625,-400000.0625,-400000.0625,-400000.0625,-400000.0625,-400000.0625,-400000.0625
16.054414987564087,-400000.0625,-400000.0625,-400000.0625,-400000.0625,-400000.0625,-400000.0625,-400000.0625,-400000.0625
16.054418563842773,-400000.0625,-400000.0625,-400000.0625,-400000.0625,-400000.0625,-400000.0625,-400000.0625,-400000.0625
16.05442214012146,-400000.0625,-400000.0625,-400000.0625,-400000.0625,-400000.0625,-400000.0625,-400000.0625,-400000.0625
16.054425954818726,-400000.0625,-400000.0625,-400000.0625,-400000.0625,-400000.0625,-400000.0625,-400000.0625,-400000.0625
16.054429531097412,-400000.0625,-400000.0625,-400000.0625,-400000.0625,-400000.0625,-400000.0625,-400000.0625,-400000.0625
16.05443572998047,-400000.0625,-400000.0625,-400000.0625,-400000.0625,-400000.0625,-400000.0625,-400000.0625,-400000.0625
16.054439544677734,-400000.0625,-400000.0625,-400000.0625,-400000.0625,-400000.0625,-400000.0625,-400000.0625,-400000.0625
16.05444312095642,-400000.0625,-400000.0625,-400000.0625,-400000.0625,-400000.0625,-400000.0625,-400000.0625,-400000.0625
16.094289302825928,-400000.0625,-400000.0625,-400000.0625,-400000.0625,-400000.0625,-400000.0625,-400000.0625,-400000.0625
16.099198818206787,-400000.0625,-400000.0625,-400000.0625,-400000.0625,-400000.0625,-400000.0625,-400000.0625,-400000.0625
16.099207162857056,-400000.0625,-400000.0625,-400000.0625,-400000.0625,-400000.0625,-400000.0625,-400000.0625,-400000.0625
16.09921169281006,-400000.0625,-400000.0625,-400000.0625,-400000.0625,-400000.0625,-400000.0625,-400000.0625,-400000.0625
16.099215507507324,-400000.0625,-400000.0625,-400000.0625,-400000.0625,-400000.0625,-400000.0625,-400000.0625,-400000.0625
16.09921932220459,-400000.0625,-400000.0625,-400000.0625,-400000.0625,-400000.0625,-400000.0625,-400000.0625,-400000.0625
16.099224090576172,-400000.0625,-400000.0625,-400000.0625,-400000.0625,-400000.0625,-400000.0625,-400000.0625,-400000.0625
16.09922766685486,-400000.0625,-400000.0625,-400000.0625,-400000.0625,-400000.0625,-400000.0625,-400000.0625,-400000.0625
16.099231243133545,-400000.0625,-400000.0625,-400000.0625,-400000.0625,-400000.0625,-400000.0625,-400000.0625,-400000.0625
16.09923505783081,-400000.0625,-400000.0625,-400000.0625,-400000.0625,-400000.0625,-400000.0625,-400000.0625,-400000.0625
16.099238872528076,-400000.0625,-400000.0625,-400000.0625,-400000.0625,-400000.0625,-400000.0625,-400000.0625,-400000.0625
16.0992431640625,-400000.0625,-400000.0625,-400000.0625,-400000.0625,-400000.0625,-400000.0625,-400000.0625,-400000.0625
16.099246740341187,-400000.0625,-400000.0625,-400000.0625,-400000.0625,-400000.0625,-400000.0625,-400000.0625,-400000.0625
16.099251985549927,-400000.0625,-400000.0625,-400000.0625,-400000.0625,-400000.0625,-400000.0625,-400000.0625,-400000.0625
16.099255561828613,-400000.0625,-400000.0625,-400000.0625,-400000.0625,-400000.0625,-400000.0625,-400000.0625,-400000.0625
16.09925937652588,-400000.0625,-400000.0625,-400000.0625,-400000.0625,-400000.0625,-400000.0625,-400000.0625,-400000.0625
16.15611433982849,-400000.0625,-400000.0625,-400000.0625,-400000.0625,-400000.0625,-400000.0625,-400000.0625,-400000.0625
16.1646990776062,-400000.0625,-400000.0625,-400000.0625,-400000.0625,-400000.0625,-400000.0625,-400000.0625,-400000.0625
16.16877818107605,-400000.0625,-400000.0625,-400000.0625,-400000.0625,-400000.0625,-400000.0625,-400000.0625,-400000.0625
16.16878628730774,-400000.0625,-400000.0625,-400000.0625,-400000.0625,-400000.0625,-400000.0625,-400000.0625,-400000.0625
16.168790817260742,-400000.0625,-400000.0625,-400000.0625,-400000.0625,-400000.0625,-400000.0625,-400000.0625,-400000.0625
16.16879439353943,-400000.0625,-400000.0625,-400000.0625,-400000.0625,-400000.0625,-400000.0625,-400000.0625,-400000.0625
16.168797731399536,-400000.0625,-400000.0625,-400000.0625,-400000.0625,-400000.0625,-400000.0625,-400000.0625,-400000.0625
16.168801307678223,-400000.0625,-400000.0625,-400000.0625,-400000.0625,-400000.0625,-400000.0625,-400000.0625,-400000.0625
16.16880488395691,-400000.0625,-400000.0625,-400000.0625,-400000.0625,-400000.0625,-400000.0625,-400000.0625,-400000.0625
16.168808221817017,-400000.0625,-400000.0625,-400000.0625,-400000.0625,-400000.0625,-400000.0625,-400000.0625,-400000.0625
16.168811798095703,-400000.0625,-400000.0625,-400000.0625,-400000.0625,-400000.0625,-400000.0625,-400000.0625,-400000.0625
16.16881537437439,-400000.0625,-400000.0625,-400000.0625,-400000.0625,-400000.0625,-400000.0625,-400000.0625,-400000.0625
16.168818712234497,-400000.0625,-400000.0625,-400000.0625,-400000.0625,-400000.0625,-400000.0625,-400000.0625,-400000.0625
16.1688232421875,-400000.0625,-400000.0625,-400000.0625,-400000.0625,-400000.0625,-400000.0625,-400000.0625,-400000.0625
16.168826818466187,-400000.0625,-400000.0625,-400000.0625,-400000.0625,-400000.0625,-400000.0625,-400000.0625,-400000.0625
16.168830394744873,-400000.0625,-400000.0625,-400000.0625,-400000.0625,-400000.0625,-400000.0625,-400000.0625,-400000.0625
16.240330696105957,-400000.0625,-400000.0625,-400000.0625,-400000.0625,-400000.0625,-400000.0625,-400000.0625,-400000.0625
16.244969129562378,-400000.0625,-400000.0625,-400000.0625,-400000.0625,-400000.0625,-400000.0625,-400000.0625,-400000.0625
16.244977951049805,-400000.0625,-400000.0625,-400000.0625,-400000.0625,-400000.0625,-400000.0625,-400000.0625,-400000.0625
16.24498224258423,-400000.0625,-400000.0625,-400000.0625,-400000.0625,-400000.0625,-400000.0625,-400000.0625,-400000.0625
16.244986295700073,-400000.0625,-400000.0625,-400000.0625,-400000.0625,-400000.0625,-400000.0625,-400000.0625,-400000.0625
16.244990348815918,-400000.0625,-400000.0625,-400000.0625,-400000.0625,-400000.0625,-400000.0625,-400000.0625,-400000.0625
16.244994401931763,-400000.0625,-400000.0625,-400000.0625,-400000.0625,-400000.0625,-400000.0625,-400000.0625,-400000.0625
16.24499821662903,-400000.0625,-400000.0625,-400000.0625,-400000.0625,-400000.0625,-400000.0625,-400000.0625,-400000.0625
16.245002269744873,-400000.0625,-400000.0625,-400000.0625,-400000.0625,-400000.0625,-400000.0625,-400000.0625,-400000.0625
16.24500608444214,-400000.0625,-400000.0625,-400000.0625,-400000.0625,-400000.0625,-400000.0625,-400000.0625,-400000.0625
16.245009899139404,-400000.0625,-400000.0625,-400000.0625,-400000.0625,-400000.0625,-400000.0625,-400000.0625,-400000.0625
16.24501371383667,-400000.0625,-400000.0625,-400000.0625,-400000.0625,-400000.0625,-400000.0625,-400000.0625,-400000.0625
16.245017290115356,-400000.0625,-400000.0625,-400000.0625,-400000.0625,-400000.0625,-400000.0625,-400000.0625,-400000.0625
16.245021104812622,-400000.0625,-400000.0625,-400000.0625,-400000.0625,-400000.0625,-400000.0625,-400000.0625,-400000.0625
16.245024919509888,-400000.0625,-400000.0625,-400000.0625,-400000.0625,-400000.0625,-400000.0625,-400000.0625,-400000.0625
16.245028495788574,-400000.0625,-400000.0625,-400000.0625,-400000.0625,-400000.0625,-400000.0625,-400000.0625,-400000.0625
16.309272289276123,-400000.0625,-400000.0625,-400000.0625,-400000.0625,-400000.0625,-400000.0625,-400000.0625,-400000.0625
16.31785774230957,-400000.0625,-400000.0625,-400000.0625,-400000.0625,-400000.0625,-400000.0625,-400000.0625,-400000.0625
16.321738243103027,-400000.0625,-400000.0625,-400000.0625,-400000.0625,-400000.0625,-400000.0625,-400000.0625,-400000.0625
16.32174563407898,-400000.0625,-400000.0625,-400000.0625,-400000.0625,-400000.0625,-400000.0625,-400000.0625,-400000.0625
16.321749687194824,-400000.0625,-400000.0625,-400000.0625,-400000.0625,-400000.0625,-400000.0625,-400000.0625,-400000.0625
16.32175326347351,-400000.0625,-400000.0625,-400000.0625,-400000.0625,-400000.0625,-400000.0625,-400000.0625,-400000.0625
16.321757078170776,-400000.0625,-400000.0625,-400000.0625,-400000.0625,-400000.0625,-400000.0625,-400000.0625,-400000.0625
16.32176113128662,-400000.0625,-400000.0625,-400000.0625,-400000.0625,-400000.0625,-400000.0625,-400000.0625,-400000.0625
16.321764945983887,-400000.0625,-400000.0625,-400000.0625,-400000.0625,-400000.0625,-400000.0625,-400000.0625,-400000.0625
16.321768522262573,-400000.0625,-400000.0625,-400000.0625,-400000.0625,-400000.0625,-400000.0625,-400000.0625,-400000.0625
16.321772575378418,-400000.0625,-400000.0625,-400000.0625,-400000.0625,-400000.0625,-400000.0625,-400000.0625,-400000.0625
16.321776151657104,-400000.0625,-400000.0625,-400000.0625,-400000.0625,-400000.0625,-400000.0625,-400000.0625,-400000.0625
16.32177996635437,-400000.0625,-400000.0625,-400000.0625,-400000.0625,-400000.0625,-400000.0625,-400000.0625,-400000.0625
16.321783542633057,-400000.0625,-400000.0625,-400000.0625,-400000.0625,-400000.0625,-400000.0625,-400000.0625,-400000.0625
16.321787357330322,-400000.0625,-400000.0625,-400000.0625,-400000.0625,-400000.0625,-400000.0625,-400000.0625,-400000.0625
16.32179093360901,-400000.0625,-400000.0625,-400000.0625,-400000.0625,-400000.0625,-400000.0625,-400000.0625,-400000.0625
16.34159541130066,-400000.0625,-400000.0625,-400000.0625,-400000.0625,-400000.0625,-400000.0625,-400000.0625,-400000.0625
16.346426248550415,-400000.0625,-400000.0625,-400000.0625,-400000.0625,-400000.0625,-400000.0625,-400000.0625,-400000.0625
16.346434831619263,-400000.0625,-400000.0625,-400000.0625,-400000.0625,-400000.0625,-400000.0625,-400000.0625,-400000.0625
16.346440076828003,-400000.0625,-400000.0625,-400000.0625,-400000.0625,-400000.0625,-400000.0625,-400000.0625,-400000.0625
16.346444129943848,-400000.0625,-400000.0625,-400000.0625,-400000.0625,-400000.0625,-400000.0625,-400000.0625,-400000.0625
16.34644889831543,-400000.0625,-400000.0625,-400000.0625,-400000.0625,-400000.0625,-400000.0625,-400000.0625,-400000.0625
16.34645652770996,-400000.0625,-400000.0625,-400000.0625,-400000.0625,-400000.0625,-400000.0625,-400000.0625,-400000.0625
16.346460819244385,-400000.0625,-400000.0625,-400000.0625,-400000.0625,-400000.0625,-400000.0625,-400000.0625,-400000.0625
16.34646463394165,-400000.0625,-400000.0625,-400000.0625,-400000.0625,-400000.0625,-400000.0625,-400000.0625,-400000.0625
16.346468210220337,-400000.0625,-400000.0625,-400000.0625,-400000.0625,-400000.0625,-400000.0625,-400000.0625,-400000.0625
16.346471786499023,-400000.0625,-400000.0625,-400000.0625,-400000.0625,-400000.0625,-400000.0625,-400000.0625,-400000.0625
16.346476078033447,-400000.0625,-400000.0625,-400000.0625,-400000.0625,-400000.0625,-400000.0625,-400000.0625,-400000.0625
16.346479654312134,-400000.0625,-400000.0625,-400000.0625,-400000.0625,-400000.0625,-400000.0625,-400000.0625,-400000.0625
16.34648323059082,-400000.0625,-400000.0625,-400000.0625,-400000.0625,-400000.0625,-400000.0625,-400000.0625,-400000.0625
16.346486806869507,-400000.0625,-400000.0625,-400000.0625,-400000.0625,-400000.0625,-400000.0625,-400000.0625,-400000.0625
16.34649109840393,-400000.0625,-400000.0625,-400000.0625,-400000.0625,-400000.0625,-400000.0625,-400000.0625,-400000.0625
16.4065899848938,-400000.0625,-400000.0625,-400000.0625,-400000.0625,-400000.0625,-400000.0625,-400000.0625,-400000.0625
16.411235570907593,-400000.0625,-400000.0625,-400000.0625,-400000.0625,-400000.0625,-400000.0625,-400000.0625,-400000.0625
16.414867162704468,-400000.0625,-400000.0625,-400000.0625,-400000.0625,-400000.0625,-400000.0625,-400000.0625,-400000.0625
16.418638706207275,-400000.0625,-400000.0625,-400000.0625,-400000.0625,-400000.0625,-400000.0625,-400000.0625,-400000.0625
16.41864585876465,-400000.0625,-400000.0625,-400000.0625,-400000.0625,-400000.0625,-400000.0625,-400000.0625,-400000.0625
16.41865038871765,-400000.0625,-400000.0625,-400000.0625,-400000.0625,-400000.0625,-400000.0625,-400000.0625,-400000.0625
16.418654441833496,-400000.0625,-400000.0625,-400000.0625,-400000.0625,-400000.0625,-400000.0625,-400000.0625,-400000.0625
16.418658018112183,-400000.0625,-400000.0625,-400000.0625,-400000.0625,-400000.0625,-400000.0625,-400000.0625,-400000.0625
16.41866159439087,-400000.0625,-400000.0625,-400000.0625,-400000.0625,-400000.0625,-400000.0625,-400000.0625,-400000.0625
16.418665170669556,-400000.0625,-400000.0625,-400000.0625,-400000.0625,-400000.0625,-400000.0625,-400000.0625,-400000.0625
16.418668746948242,-400000.0625,-400000.0625,-400000.0625,-400000.0625,-400000.0625,-400000.0625,-400000.0625,-400000.0625
16.418672561645508,-400000.0625,-400000.0625,-400000.0625,-400000.0625,-400000.0625,-400000.0625,-400000.0625,-400000.0625
16.418675899505615,-400000.0625,-400000.0625,-400000.0625,-400000.0625,-400000.0625,-400000.0625,-400000.0625,-400000.0625
16.418680906295776,-400000.0625,-400000.0625,-400000.0625,-400000.0625,-400000.0625,-400000.0625,-400000.0625,-400000.0625
16.418684244155884,-400000.0625,-400000.0625,-400000.0625,-400000.0625,-400000.0625,-400000.0625,-400000.0625,-400000.0625
16.41868782043457,-400000.0625,-400000.0625,-400000.0625,-400000.0625,-400000.0625,-400000.0625,-400000.0625,-400000.0625
16.471753120422363,-400000.0625,-400000.0625,-400000.0625,-400000.0625,-400000.0625,-400000.0625,-400000.0625,-400000.0625
16.476569175720215,-400000.0625,-400000.0625,-400000.0625,-400000.0625,-400000.0625,-400000.0625,-400000.0625,-400000.0625
16.47657823562622,-400000.0625,-400000.0625,-400000.0625,-400000.0625,-400000.0625,-400000.0625,-400000.0625,-400000.0625
16.476582527160645,-400000.0625,-400000.0625,-400000.0625,-400000.0625,-400000.0625,-400000.0625,-400000.0625,-400000.0625
16.47658658027649,-400000.0625,-400000.0625,-400000.0625,-400000.0625,-400000.0625,-400000.0625,-400000.0625,-400000.0625
16.476590633392334,-400000.0625,-400000.0625,-400000.0625,-400000.0625,-400000.0625,-400000.0625,-400000.0625,-400000.0625
16.47659468650818,-400000.0625,-400000.0625,-400000.0625,-400000.0625,-400000.0625,-400000.0625,-400000.0625,-400000.0625
16.476598501205444,-400000.0625,-400000.0625,-400000.0625,-400000.0625,-400000.0625,-400000.0625,-400000.0625,-400000.0625
16.47660207748413,-400000.0625,-400000.0625,-400000.0625,-400000.0625,-400000.0625,-400000.0625,-400000.0625,-400000.0625
16.476605653762817,-400000.0625,-400000.0625,-400000.0625,-400000.0625,-400000.0625,-400000.0625,-400000.0625,-400000.0625
16.476609230041504,-400000.0625,-400000.0625,-400000.0625,-400000.0625,-400000.0625,-400000.0625,-400000.0625,-400000.0625
16.47661328315735,-400000.0625,-400000.0625,-400000.0625,-400000.0625,-400000.0625,-400000.0625,-400000.0625,-400000.0625
16.476616859436035,-400000.0625,-400000.0625,-400000.0625,-400000.0625,-400000.0625,-400000.0625,-400000.0625,-400000.0625
16.47662043571472,-400000.0625,-400000.0625,-400000.0625,-400000.0625,-400000.0625,-400000.0625,-400000.0625,-400000.0625
16.476624011993408,-400000.0625,-400000.0625,-400000.0625,-400000.0625,-400000.0625,-400000.0625,-400000.0625,-400000.0625
16.476628065109253,-400000.0625,-400000.0625,-400000.0625,-400000.0625,-400000.0625,-400000.0625,-400000.0625,-400000.0625
16.55632734298706,-400000.0625,-400000.0625,-400000.0625,-400000.0625,-400000.0625,-400000.0625,-400000.0625,-400000.0625
16.565703630447388,-400000.0625,-400000.0625,-400000.0625,-400000.0625,-400000.0625,-400000.0625,-400000.0625,-400000.0625
16.570013284683228,-400000.0625,-400000.0625,-400000.0625,-400000.0625,-400000.0625,-400000.0625,-400000.0625,-400000.0625
16.570021390914917,-400000.0625,-400000.0625,-400000.0625,-400000.0625,-400000.0625,-400000.0625,-400000.0625,-400000.0625
16.57002568244934,-400000.0625,-400000.0625,-400000.0625,-400000.0625,-400000.0625,-400000.0625,-400000.0625,-400000.0625
16.570029497146606,-400000.0625,-400000.0625,-400000.0625,-400000.0625,-400000.0625,-400000.0625,-400000.0625,-400000.0625
16.570033311843872,-400000.0625,-400000.0625,-400000.0625,-400000.0625,-400000.0625,-400000.0625,-400000.0625,-400000.0625
16.570037126541138,-400000.0625,-400000.0625,-400000.0625,-400000.0625,-400000.0625,-400000.0625,-400000.0625,-400000.0625
16.570040941238403,-400000.0625,-400000.0625,-400000.0625,-400000.0625,-400000.0625,-400000.0625,-400000.0625,-400000.0625
16.570045709609985,-400000.0625,-400000.0625,-400000.0625,-400000.0625,-400000.0625,-400000.0625,-400000.0625,-400000.0625
16.57004976272583,-400000.0625,-400000.0625,-400000.0625,-400000.0625,-400000.0625,-400000.0625,-400000.0625,-400000.0625
16.570053339004517,-400000.0625,-400000.0625,-400000.0625,-400000.0625,-400000.0625,-400000.0625,-400000.0625,-400000.0625
16.570056676864624,-400000.0625,-400000.0625,-400000.0625,-400000.0625,-400000.0625,-400000.0625,-400000.0625,-400000.0625
16.570068359375,-400000.0625,-400000.0625,-400000.0625,-400000.0625,-400000.0625,-400000.0625,-400000.0625,-400000.0625
16.570071935653687,-400000.0625,-400000.0625,-400000.0625,-400000.0625,-400000.0625,-400000.0625,-400000.0625,-400000.0625
16.570075511932373,-400000.0625,-400000.0625,-400000.0625,-400000.0625,-400000.0625,-400000.0625,-400000.0625,-400000.0625
16.60417103767395,-400000.0625,-400000.0625,-400000.0625,-400000.0625,-400000.0625,-400000.0625,-400000.0625,-400000.0625
16.609179258346558,-400000.0625,-400000.0625,-400000.0625,-400000.0625,-400000.0625,-400000.0625,-400000.0625,-400000.0625
16.613155364990234,-400000.0625,-400000.0625,-400000.0625,-400000.0625,-400000.0625,-400000.0625,-400000.0625,-400000.0625
16.613163709640503,-400000.0625,-400000.0625,-400000.0625,-400000.0625,-400000.0625,-400000.0625,-400000.0625,-400000.0625
16.613168239593506,-400000.0625,-400000.0625,-400000.0625,-400000.0625,-400000.0625,-400000.0625,-400000.0625,-400000.0625
16.61317253112793,-400000.0625,-400000.0625,-400000.0625,-400000.0625,-400000.0625,-400000.0625,-400000.0625,-400000.0625
16.61317753791809,-400000.0625,-400000.0625,-400000.0625,-400000.0625,-400000.0625,-400000.0625,-400000.0625,-400000.0625
16.613181829452515,-400000.0625,-400000.0625,-400000.0625,-400000.0625,-400000.0625,-400000.0625,-400000.0625,-400000.0625
16.61318612098694,-400000.0625,-400000.0625,-400000.0625,-400000.0625,-400000.0625,-400000.0625,-400000.0625,-400000.0625
16.613190412521362,-400000.0625,-400000.0625,-400000.0625,-400000.0625,-400000.0625,-400000.0625,-400000.0625,-400000.0625
16.61319398880005,-400000.0625,-400000.0625,-400000.0625,-400000.0625,-400000.0625,-400000.0625,-400000.0625,-400000.0625
16.613198041915894,-400000.0625,-400000.0625,-400000.0625,-400000.0625,-400000.0625,-400000.0625,-400000.0625,-400000.0625
16.61320161819458,-400000.0625,-400000.0625,-400000.0625,-400000.0625,-400000.0625,-400000.0625,-400000.0625,-400000.0625
16.613205432891846,-400000.0625,-400000.0625,-400000.0625,-400000.0625,-400000.0625,-400000.0625,-400000.0625,-400000.0625
16.613209009170532,-400000.0625,-400000.0625,-400000.0625,-400000.0625,-400000.0625,-400000.0625,-400000.0625,-400000.0625
16.613212823867798,-400000.0625,-400000.0625,-400000.0625,-400000.0625,-400000.0625,-400000.0625,-400000.0625,-400000.0625
16.686684370040894,-400000.0625,-400000.0625,-400000.0625,-400000.0625,-400000.0625,-400000.0625,-400000.0625,-400000.0625
16.695114850997925,-400000.0625,-400000.0625,-400000.0625,-400000.0625,-400000.0625,-400000.0625,-400000.0625,-400000.0625
16.699418544769287,-400000.0625,-400000.0625,-400000.0625,-400000.0625,-400000.0625,-400000.0625,-400000.0625,-400000.0625
16.699426889419556,-400000.0625,-400000.0625,-400000.0625,-400000.0625,-400000.0625,-400000.0625,-400000.0625,-400000.0625
16.69943141937256,-400000.0625,-400000.0625,-400000.0625,-400000.0625,-400000.0625,-400000.0625,-400000.0625,-400000.0625
16.699435234069824,-400000.0625,-400000.0625,-400000.0625,-400000.0625,-400000.0625,-400000.0625,-400000.0625,-400000.0625
16.69943904876709,-400000.0625,-400000.0625,-400000.0625,-400000.0625,-400000.0625,-400000.0625,-400000.0625,-400000.0625
16.699442625045776,-400000.0625,-400000.0625,-400000.0625,-400000.0625,-400000.0625,-400000.0625,-400000.0625,-400000.0625
16.69944667816162,-400000.0625,-400000.0625,-400000.0625,-400000.0625,-400000.0625,-400000.0625,-400000.0625,-400000.0625
16.69945216178894,-400000.0625,-400000.0625,-400000.0625,-400000.0625,-400000.0625,-400000.0625,-400000.0625,-400000.0625
16.699455976486206,-400000.0625,-400000.0625,-400000.0625,-400000.0625,-400000.0625,-400000.0625,-400000.0625,-400000.0625
16.699459552764893,-400000.0625,-400000.0625,-400000.0625,-400000.0625,-400000.0625,-400000.0625,-400000.0625,-400000.0625
16.699463367462158,-400000.0625,-400000.0625,-400000.0625,-400000.0625,-400000.0625,-400000.0625,-400000.0625,-400000.0625
16.699467182159424,-400000.0625,-400000.0625,-400000.0625,-400000.0625,-400000.0625,-400000.0625,-400000.0625,-400000.0625
16.699471473693848,-400000.0625,-400000.0625,-400000.0625,-400000.0625,-400000.0625,-400000.0625,-400000.0625,-400000.0625
16.699475288391113,-400000.0625,-400000.0625,-400000.0625,-400000.0625,-400000.0625,-400000.0625,-400000.0625,-400000.0625
16.739327907562256,-400000.0625,-400000.0625,-400000.0625,-400000.0625,-400000.0625,-400000.0625,-400000.0625,-400000.0625
16.74428629875183,-400000.0625,-400000.0625,-400000.0625,-400000.0625,-400000.0625,-400000.0625,-400000.0625,-400000.0625
16.744296312332153,-400000.0625,-400000.0625,-400000.0625,-400000.0625,-400000.0625,-400000.0625,-400000.0625,-400000.0625
16.744301080703735,-400000.0625,-400000.0625,-400000.0625,-400000.0625,-400000.0625,-400000.0625,-400000.0625,-400000.0625
16.74430513381958,-400000.0625,-400000.0625,-400000.0625,-400000.0625,-400000.0625,-400000.0625,-400000.0625,-400000.0625
16.744308948516846,-400000.0625,-400000.0625,-400000.0625,-400000.0625,-400000.0625,-400000.0625,-400000.0625,-400000.0625
16.744312524795532,-400000.0625,-400000.0625,-400000.0625,-400000.0625,-400000.0625,-400000.0625,-400000.0625,-400000.0625
16.744316339492798,-400000.0625,-400000.0625,-400000.0625,-400000.0625,-400000.0625,-400000.0625,-400000.0625,-400000.0625
16.744320392608643,-400000.0625,-400000.0625,-400000.0625,-400000.0625,-400000.0625,-400000.0625,-400000.0625,-400000.0625
16.744324207305908,-400000.0625,-400000.0625,-400000.0625,-400000.0625,-400000.0625,-400000.0625,-400000.0625,-400000.0625
16.744328022003174,-400000.0625,-400000.0625,-400000.0625,-400000.0625,-400000.0625,-400000.0625,-400000.0625,-400000.0625
16.74433159828186,-400000.0625,-400000.0625,-400000.0625,-400000.0625,-400000.0625,-400000.0625,-400000.0625,-400000.0625
16.744335412979126,-400000.0625,-400000.0625,-400000.0625,-400000.0625,-400000.0625,-400000.0625,-400000.0625,-400000.0625
16.74433922767639,-400000.0625,-400000.0625,-400000.0625,-400000.0625,-400000.0625,-400000.0625,-400000.0625,-400000.0625
16.7485568523407,-400000.0625,-400000.0625,-400000.0625,-400000.0625,-400000.0625,-400000.0625,-400000.0625,-400000.0625
16.748565912246704,-400000.0625,-400000.0625,-400000.0625,-400000.0625,-400000.0625,-400000.0625,-400000.0625,-400000.0625
16.79173994064331,-400000.0625,-400000.0625,-400000.0625,-400000.0625,-400000.0625,-400000.0625,-400000.0625,-400000.0625
16.800464153289795,-400000.0625,-400000.0625,-400000.0625,-400000.0625,-400000.0625,-400000.0625,-400000.0625,-400000.0625
16.804096698760986,-400000.0625,-400000.0625,-400000.0625,-400000.0625,-400000.0625,-400000.0625,-400000.0625,-400000.0625
16.804105043411255,-400000.0625,-400000.0625,-400000.0625,-400000.0625,-400000.0625,-400000.0625,-400000.0625,-400000.0625
16.80410933494568,-400000.0625,-400000.0625,-400000.0625,-400000.0625,-400000.0625,-400000.0625,-400000.0625,-400000.0625
16.804113149642944,-400000.0625,-400000.0625,-400000.0625,-400000.0625,-400000.0625,-400000.0625,-400000.0625,-400000.0625
16.80411696434021,-400000.0625,-400000.0625,-400000.0625,-400000.0625,-400000.0625,-400000.0625,-400000.0625,-400000.0625
16.804120540618896,-400000.0625,-400000.0625,-400000.0625,-400000.0625,-400000.0625,-400000.0625,-400000.0625,-400000.0625
16.804123640060425,-400000.0625,-400000.0625,-400000.0625,-400000.0625,-400000.0625,-400000.0625,-400000.0625,-400000.0625
16.80412745475769,-400000.0625,-400000.0625,-400000.0625,-400000.0625,-400000.0625,-400000.0625,-400000.0625,-400000.0625
16.804130792617798,-400000.0625,-400000.0625,-400000.0625,-400000.0625,-400000.0625,-400000.0625,-400000.0625,-400000.0625
16.804134130477905,-400000.0625,-400000.0625,-400000.0625,-400000.0625,-400000.0625,-400000.0625,-400000.0625,-400000.0625
16.804137229919434,-400000.0625,-400000.0625,-400000.0625,-400000.0625,-400000.0625,-400000.0625,-400000.0625,-400000.0625
16.804142713546753,-400000.0625,-400000.0625,-400000.0625,-400000.0625,-400000.0625,-400000.0625,-400000.0625,-400000.0625
16.80414605140686,-400000.0625,-400000.0625,-400000.0625,-400000.0625,-400000.0625,-400000.0625,-400000.0625,-400000.0625
16.804149389266968,-400000.0625,-400000.0625,-400000.0625,-400000.0625,-400000.0625,-400000.0625,-400000.0625,-400000.0625
16.871727228164673,-400000.0625,-400000.0625,-400000.0625,-400000.0625,-400000.0625,-400000.0625,-400000.0625,-400000.0625
16.876572608947754,-400000.0625,-400000.0625,-400000.0625,-400000.0625,-400000.0625,-400000.0625,-400000.0625,-400000.0625
16.876582145690918,-400000.0625,-400000.0625,-400000.0625,-400000.0625,-400000.0625,-400000.0625,-400000.0625,-400000.0625
16.87658715248108,-400000.0625,-400000.0625,-400000.0625,-400000.0625,-400000.0625,-400000.0625,-400000.0625,-400000.0625
16.876591205596924,-400000.0625,-400000.0625,-400000.0625,-400000.0625,-400000.0625,-400000.0625,-400000.0625,-400000.0625
16.876595735549927,-400000.0625,-400000.0625,-400000.0625,-400000.0625,-400000.0625,-400000.0625,-400000.0625,-400000.0625
16.876600980758667,-400000.0625,-400000.0625,-400000.0625,-400000.0625,-400000.0625,-400000.0625,-400000.0625,-400000.0625
16.876604557037354,-400000.0625,-400000.0625,-400000.0625,-400000.0625,-400000.0625,-400000.0625,-400000.0625,-400000.0625
16.87660813331604,-400000.0625,-400000.0625,-400000.0625,-400000.0625,-400000.0625,-400000.0625,-400000.0625,-400000.0625
16.876612186431885,-400000.0625,-400000.0625,-400000.0625,-400000.0625,-400000.0625,-400000.0625,-400000.0625,-400000.0625
16.87661623954773,-400000.0625,-400000.0625,-400000.0625,-400000.0625,-400000.0625,-400000.0625,-400000.0625,-400000.0625
16.876620531082153,-400000.0625,-400000.0625,-400000.0625,-400000.0625,-400000.0625,-400000.0625,-400000.0625,-400000.0625
16.87662434577942,-400000.0625,-400000.0625,-400000.0625,-400000.0625,-400000.0625,-400000.0625,-400000.0625,-400000.0625
16.876627922058105,-400000.0625,-400000.0625,-400000.0625,-400000.0625,-400000.0625,-400000.0625,-400000.0625,-400000.0625
16.876631498336792,-400000.0625,-400000.0625,-400000.0625,-400000.0625,-400000.0625,-400000.0625,-400000.0625,-400000.0625
16.876635313034058,-400000.0625,-400000.0625,-400000.0625,-400000.0625,-400000.0625,-400000.0625,-400000.0625,-400000.0625
16.922839403152466,-400000.0625,-400000.0625,-400000.0625,-400000.0625,-400000.0625,-400000.0625,-400000.0625,-400000.0625
16.931469917297363,-400000.0625,-400000.0625,-400000.0625,-400000.0625,-400000.0625,-400000.0625,-400000.0625,-400000.0625
16.935333967208862,-400000.0625,-400000.0625,-400000.0625,-400000.0625,-400000.0625,-400000.0625,-400000.0625,-400000.0625
16.93534231185913,-400000.0625,-400000.0625,-400000.0625,-400000.0625,-400000.0625,-400000.0625,-400000.0625,-400000.0625
16.935346603393555,-400000.0625,-400000.0625,-400000.0625,-400000.0625,-400000.0625,-400000.0625,-400000.0625,-400000.0625
16.93535041809082,-400000.0625,-400000.0625,-400000.0625,-400000.0625,-400000.0625,-400000.0625,-400000.0625,-400000.0625
16.935353994369507,-400000.0625,-400000.0625,-400000.0625,-400000.0625,-400000.0625,-400000.0625,-400000.0625,-400000.0625
16.93535828590393,-400000.0625,-400000.0625,-400000.0625,-400000.0625,-400000.0625,-400000.0625,-400000.0625,-400000.0625
16.935362577438354,-400000.0625,-400000.0625,-400000.0625,-400000.0625,-400000.0625,-400000.0625,-400000.0625,-400000.0625
16.93536639213562,-400000.0625,-400000.0625,-400000.0625,-400000.0625,-400000.0625,-400000.0625,-400000.0625,-400000.0625
16.935369968414307,-400000.0625,-400000.0625,-400000.0625,-400000.0625,-400000.0625,-400000.0625,-400000.0625,-400000.0625
16.935373544692993,-400000.0625,-400000.0625,-400000.0625,-400000.0625,-400000.0625,-400000.0625,-400000.0625,-400000.0625
16.9353768825531,-400000.0625,-400000.0625,-400000.0625,-400000.0625,-400000.0625,-400000.0625,-400000.0625,-400000.0625
16.935380220413208,-400000.0625,-400000.0625,-400000.0625,-400000.0625,-400000.0625,-400000.0625,-400000.0625,-400000.0625
16.935383796691895,-400000.0625,-400000.0625,-400000.0625,-400000.0625,-400000.0625,-400000.0625,-400000.0625,-400000.0625
16.935387134552002,-400000.0625,-400000.0625,-400000.0625,-400000.0625,-400000.0625,-400000.0625,-400000.0625,-400000.0625
17.00600290298462,-400000.0625,-400000.0625,-400000.0625,-400000.0625,-400000.0625,-400000.0625,-400000.0625,-400000.0625
17.01119375228882,-400000.0625,-400000.0625,-400000.0625,-400000.0625,-400000.0625,-400000.0625,-400000.0625,-400000.0625
17.01520848274231,-400000.0625,-400000.0625,-400000.0625,-400000.0625,-400000.0625,-400000.0625,-400000.0625,-400000.0625
17.015216827392578,-400000.0625,-400000.0625,-400000.0625,-400000.0625,-400000.0625,-400000.0625,-400000.0625,-400000.0625
17.015221118927002,-400000.0625,-400000.0625,-400000.0625,-400000.0625,-400000.0625,-400000.0625,-400000.0625,-400000.0625
17.015228033065796,-400000.0625,-400000.0625,-400000.0625,-400000.0625,-400000.0625,-400000.0625,-400000.0625,-400000.0625
17.015231609344482,-400000.0625,-400000.0625,-400000.0625,-400000.0625,-400000.0625,-400000.0625,-400000.0625,-400000.0625
17.015235662460327,-400000.0625,-400000.0625,-400000.0625,-400000.0625,-400000.0625,-400000.0625,-400000.0625,-400000.0625
17.015239477157593,-400000.0625,-400000.0625,-400000.0625,-400000.0625,-400000.0625,-400000.0625,-400000.0625,-400000.0625
17.01524305343628,-400000.0625,-400000.0625,-400000.0625,-400000.0625,-400000.0625,-400000.0625,-400000.0625,-400000.0625
17.015246629714966,-400000.0625,-400000.0625,-400000.0625,-400000.0625,-400000.0625,-400000.0625,-400000.0625,-400000.0625
17.01525044441223,-400000.0625,-400000.0625,-400000.0625,-400000.0625,-400000.0625,-400000.0625,-400000.0625,-400000.0625
17.01525378227234,-400000.0625,-400000.0625,-400000.0625,-400000.0625,-400000.0625,-400000.0625,-400000.0625,-400000.0625
17.015257596969604,-400000.0625,-400000.0625,-400000.0625,-400000.0625,-400000.0625,-400000.0625,-400000.0625,-400000.0625
17.01526117324829,-400000.0625,-400000.0625,-400000.0625,-400000.0625,-400000.0625,-400000.0625,-400000.0625,-400000.0625
17.015264749526978,-400000.0625,-400000.0625,-400000.0625,-400000.0625,-400000.0625,-400000.0625,-400000.0625,-400000.0625
17.046767711639404,-400000.0625,-400000.0625,-400000.0625,-400000.0625,-400000.0625,-400000.0625,-400000.0625,-400000.0625
17.055084943771362,-400000.0625,-400000.0625,-400000.0625,-400000.0625,-400000.0625,-400000.0625,-400000.0625,-400000.0625
17.05926537513733,-400000.0625,-400000.0625,-400000.0625,-400000.0625,-400000.0625,-400000.0625,-400000.0625,-400000.0625
17.059274673461914,-400000.0625,-400000.0625,-400000.0625,-400000.0625,-400000.0625,-400000.0625,-400000.0625,-400000.0625
17.059278964996338,-400000.0625,-400000.0625,-400000.0625,-400000.0625,-400000.0625,-400000.0625,-400000.0625,-400000.0625
17.059282779693604,-400000.0625,-400000.0625,-400000.0625,-400000.0625,-400000.0625,-400000.0625,-400000.0625,-400000.0625
17.05928683280945,-400000.0625,-400000.0625,-400000.0625,-400000.0625,-400000.0625,-400000.0625,-400000.0625,-400000.0625
17.059290885925293,-400000.0625,-400000.0625,-400000.0625,-400000.0625,-400000.0625,-400000.0625,-400000.0625,-400000.0625
17.05929446220398,-400000.0625,-400000.0625,-400000.0625,-400000.0625,-400000.0625,-400000.0625,-400000.0625,-400000.0625
17.059297800064087,-400000.0625,-400000.0625,-400000.0625,-400000.0625,-400000.0625,-400000.0625,-400000.0625,-400000.0625
17.059301376342773,-400000.0625,-400000.0625,-400000.0625,-400000.0625,-400000.0625,-400000.0625,-400000.0625,-400000.0625
17.05930495262146,-400000.0625,-400000.0625,-400000.0625,-400000.0625,-400000.0625,-400000.0625,-400000.0625,-400000.0625
17.059308528900146,-400000.0625,-400000.0625,-400000.0625,-400000.0625,-400000.0625,-400000.0625,-400000.0625,-400000.0625
17.059311866760254,-400000.0625,-400000.0625,-400000.0625,-400000.0625,-400000.0625,-400000.0625,-400000.0625,-400000.0625
17.05931568145752,-400000.0625,-400000.0625,-400000.0625,-400000.0625,-400000.0625,-400000.0625,-400000.0625,-400000.0625
17.059319496154785,-400000.0625,-400000.0625,-400000.0625,-400000.0625,-400000.0625,-400000.0625,-400000.0625,-400000.0625
17.1105637550354,-400000.0625,-400000.0625,-400000.0625,-400000.0625,-400000.0625,-400000.0625,-400000.0625,-400000.0625
17.115050792694092,-400000.0625,-400000.0625,-400000.0625,-400000.0625,-400000.0625,-400000.0625,-400000.0625,-400000.0625
17.115058422088623,-400000.0625,-400000.0625,-400000.0625,-400000.0625,-400000.0625,-400000.0625,-400000.0625,-400000.0625
17.115062952041626,-400000.0625,-400000.0625,-400000.0625,-400000.0625,-400000.0625,-400000.0625,-400000.0625,-400000.0625
17.11506700515747,-400000.0625,-400000.0625,-400000.0625,-400000.0625,-400000.0625,-400000.0625,-400000.0625,-400000.0625
17.115070819854736,-400000.0625,-400000.0625,-400000.0625,-400000.0625,-400000.0625,-400000.0625,-400000.0625,-400000.0625
17.11507558822632,-400000.0625,-400000.0625,-400000.0625,-400000.0625,-400000.0625,-400000.0625,-400000.0625,-400000.0625
17.115079164505005,-400000.0625,-400000.0625,-400000.0625,-400000.0625,-400000.0625,-400000.0625,-400000.0625,-400000.0625
17.11508274078369,-400000.0625,-400000.0625,-400000.0625,-400000.0625,-400000.0625,-400000.0625,-400000.0625,-400000.0625
17.1150860786438,-400000.0625,-400000.0625,-400000.0625,-400000.0625,-400000.0625,-400000.0625,-400000.0625,-400000.0625
17.115089654922485,-400000.0625,-400000.0625,-400000.0625,-400000.0625,-400000.0625,-400000.0625,-400000.0625,-400000.0625
17.115093231201172,-400000.0625,-400000.0625,-400000.0625,-400000.0625,-400000.0625,-400000.0625,-400000.0625,-400000.0625
17.11509680747986,-400000.0625,-400000.0625,-400000.0625,-400000.0625,-400000.0625,-400000.0625,-400000.0625,-400000.0625
17.115100383758545,-400000.0625,-400000.0625,-400000.0625,-400000.0625,-400000.0625,-400000.0625,-400000.0625,-400000.0625
17.115103721618652,-400000.0625,-400000.0625,-400000.0625,-400000.0625,-400000.0625,-400000.0625,-400000.0625,-400000.0625
17.11510729789734,-400000.0625,-400000.0625,-400000.0625,-400000.0625,-400000.0625,-400000.0625,-400000.0625,-400000.0625
17.18993592262268,-400000.0625,-400000.0625,-400000.0625,-400000.0625,-400000.0625,-400000.0625,-400000.0625,-400000.0625
17.199180841445923,-400000.0625,-400000.0625,-400000.0625,-400000.0625,-400000.0625,-400000.0625,-400000.0625,-400000.0625
17.20293617248535,-400000.0625,-400000.0625,-400000.0625,-400000.0625,-400000.0625,-400000.0625,-400000.0625,-400000.0625
17.2029447555542,-400000.0625,-400000.0625,-400000.0625,-400000.0625,-400000.0625,-400000.0625,-400000.0625,-400000.0625
17.202948808670044,-400000.0625,-400000.0625,-400000.0625,-400000.0625,-400000.0625,-400000.0625,-400000.0625,-400000.0625
17.20295238494873,-400000.0625,-400000.0625,-400000.0625,-400000.0625,-400000.0625,-400000.0625,-400000.0625,-400000.0625
17.202955961227417,-400000.0625,-400000.0625,-400000.0625,-400000.0625,-400000.0625,-400000.0625,-400000.0625,-400000.0625
17.202959299087524,-400000.0625,-400000.0625,-400000.0625,-400000.0625,-400000.0625,-400000.0625,-400000.0625,-400000.0625
17.202962636947632,-400000.0625,-400000.0625,-400000.0625,-400000.0625,-400000.0625,-400000.0625,-400000.0625,-400000.0625
17.20296573638916,-400000.0625,-400000.0625,-400000.0625,-400000.0625,-400000.0625,-400000.0625,-400000.0625,-400000.0625
17.202969074249268,-400000.0625,-400000.0625,-400000.0625,-400000.0625,-400000.0625,-400000.0625,-400000.0625,-400000.0625
17.202972650527954,-400000.0625,-400000.0625,-400000.0625,-400000.0625,-400000.0625,-400000.0625,-400000.0625,-400000.0625
17.20297598838806,-400000.0625,-400000.0625,-400000.0625,-400000.0625,-400000.0625,-400000.0625,-400000.0625,-400000.0625
17.20297932624817,-400000.0625,-400000.0625,-400000.0625,-400000.0625,-400000.0625,-400000.0625,-400000.0625,-400000.0625
17.202982664108276,-400000.0625,-400000.0625,-400000.0625,-400000.0625,-400000.0625,-400000.0625,-400000.0625,-400000.0625
17.202986001968384,-400000.0625,-400000.0625,-400000.0625,-400000.0625,-400000.0625,-400000.0625,-400000.0625,-400000.0625
17.237833976745605,-400000.0625,-400000.0625,-400000.0625,-400000.0625,-400000.0625,-400000.0625,-400000.0625,-400000.0625
17.24242067337036,-400000.0625,-400000.0625,-400000.0625,-400000.0625,-400000.0625,-400000.0625,-400000.0625,-400000.0625
17.242430448532104,-400000.0625,-400000.0625,-400000.0625,-400000.0625,-400000.0625,-400000.0625,-400000.0625,-400000.0625
17.24243450164795,-400000.0625,-400000.0625,-400000.0625,-400000.0625,-400000.0625,-400000.0625,-400000.0625,-400000.0625
17.242438554763794,-400000.0625,-400000.0625,-400000.0625,-400000.0625,-400000.0625,-400000.0625,-400000.0625,-400000.0625
17.24244213104248,-400000.0625,-400000.0625,-400000.0625,-400000.0625,-400000.0625,-400000.0625,-400000.0625,-400000.0625
17.242445945739746,-400000.0625,-400000.0625,-400000.0625,-400000.0625,-400000.0625,-400000.0625,-400000.0625,-400000.0625
17.24244976043701,-400000.0625,-400000.0625,-400000.0625,-400000.0625,-400000.0625,-400000.0625,-400000.0625,-400000.0625
17.24245309829712,-400000.0625,-400000.0625,-400000.0625,-400000.0625,-400000.0625,-400000.0625,-400000.0625,-400000.0625
17.242457389831543,-400000.0625,-400000.0625,-400000.0625,-400000.0625,-400000.0625,-400000.0625,-400000.0625,-400000.0625
17.24246048927307,-400000.0625,-400000.0625,-400000.0625,-400000.0625,-400000.0625,-400000.0625,-400000.0625,-400000.0625
17.242464303970337,-400000.0625,-400000.0625,-400000.0625,-400000.0625,-400000.0625,-400000.0625,-400000.0625,-400000.0625
17.242467880249023,-400000.0625,-400000.0625,-400000.0625,-400000.0625,-400000.0625,-400000.0625,-400000.0625,-400000.0625
17.24247145652771,-400000.0625,-400000.0625,-400000.0625,-400000.0625,-400000.0625,-400000.0625,-400000.0625,-400000.0625
17.242475032806396,-400000.0625,-400000.0625,-400000.0625,-400000.0625,-400000.0625,-400000.0625,-400000.0625,-400000.0625
17.242478609085083,-400000.0625,-400000.0625,-400000.0625,-400000.0625,-400000.0625,-400000.0625,-400000.0625,-400000.0625
17.301837921142578,-400000.0625,-400000.0625,-400000.0625,-400000.0625,-400000.0625,-400000.0625,-400000.0625,-400000.0625
17.310993671417236,-400000.0625,-400000.0625,-400000.0625,-400000.0625,-400000.0625,-400000.0625,-400000.0625,-400000.0625
17.314614295959473,-400000.0625,-400000.0625,-400000.0625,-400000.0625,-400000.0625,-400000.0625,-400000.0625,-400000.0625
17.314621925354004,-400000.0625,-400000.0625,-400000.0625,-400000.0625,-400000.0625,-400000.0625,-400000.0625,-400000.0625
17.31462597846985,-400000.0625,-400000.0625,-400000.0625,-400000.0625,-400000.0625,-400000.0625,-400000.0625,-400000.0625
17.314629316329956,-400000.0625,-400000.0625,-400000.0625,-400000.0625,-400000.0625,-400000.0625,-400000.0625,-400000.0625
17.314632892608643,-400000.0625,-400000.0625,-400000.0625,-400000.0625,-400000.0625,-400000.0625,-400000.0625,-400000.0625
17.31463623046875,-400000.0625,-400000.0625,-400000.0625,-400000.0625,-400000.0625,-400000.0625,-400000.0625,-400000.0625
17.314640522003174,-400000.0625,-400000.0625,-400000.0625,-400000.0625,-400000.0625,-400000.0625,-400000.0625,-400000.0625
17.31464385986328,-400000.0625,-400000.0625,-400000.0625,-400000.0625,-400000.0625,-400000.0625,-400000.0625,-400000.0625
17.31464695930481,-400000.0625,-400000.0625,-400000.0625,-400000.0625,-400000.0625,-400000.0625,-400000.0625,-400000.0625
17.314650297164917,-400000.0625,-400000.0625,-400000.0625,-400000.0625,-400000.0625,-400000.0625,-400000.0625,-400000.0625
17.314653635025024,-400000.0625,-400000.0625,-400000.0625,-400000.0625,-400000.0625,-400000.0625,-400000.0625,-400000.0625
17.31465721130371,-400000.0625,-400000.0625,-400000.0625,-400000.0625,-400000.0625,-400000.0625,-400000.0625,-400000.0625
17.31466031074524,-400000.0625,-400000.0625,-400000.0625,-400000.0625,-400000.0625,-400000.0625,-400000.0625,-400000.0625
17.314663887023926,-400000.0625,-400000.0625,-400000.0625,-400000.0625,-400000.0625,-400000.0625,-400000.0625,-400000.0625
17.389261722564697,-400000.0625,-400000.0625,-400000.0625,-400000.0625,-400000.0625,-400000.0625,-400000.0625,-400000.0625
17.39376473426819,-400000.0625,-400000.0625,-400000.0625,-400000.0625,-400000.0625,-400000.0625,-400000.0625,-400000.0625
17.393774271011353,-400000.0625,-400000.0625,-400000.0625,-400000.0625,-400000.0625,-400000.0625,-400000.0625,-400000.0625
17.393779277801514,-400000.0625,-400000.0625,-400000.0625,-400000.0625,-400000.0625,-400000.0625,-400000.0625,-400000.0625
17.393783569335938,-400000.0625,-400000.0625,-400000.0625,-400000.0625,-400000.0625,-400000.0625,-400000.0625,-400000.0625
17.393787145614624,-400000.0625,-400000.0625,-400000.0625,-400000.0625,-400000.0625,-400000.0625,-400000.0625,-400000.0625
17.393792390823364,-400000.0625,-400000.0625,-400000.0625,-400000.0625,-400000.0625,-400000.0625,-400000.0625,-400000.0625
17.39379620552063,-400000.0625,-400000.0625,-400000.0625,-400000.0625,-400000.0625,-400000.0625,-400000.0625,-400000.0625
17.393800020217896,-400000.0625,-400000.0625,-400000.0625,-400000.0625,-400000.0625,-400000.0625,-400000.0625,-400000.0625
17.393803596496582,-400000.0625,-400000.0625,-400000.0625,-400000.0625,-400000.0625,-400000.0625,-400000.0625,-400000.0625
17.393807411193848,-400000.0625,-400000.0625,-400000.0625,-400000.0625,-400000.0625,-400000.0625,-400000.0625,-400000.0625
17.393810987472534,-400000.0625,-400000.0625,-400000.0625,-400000.0625,-400000.0625,-400000.0625,-400000.0625,-400000.0625
17.39381456375122,-400000.0625,-400000.0625,-400000.0625,-400000.0625,-400000.0625,-400000.0625,-400000.0625,-400000.0625
17.393818378448486,-400000.0625,-400000.0625,-400000.0625,-400000.0625,-400000.0625,-400000.0625,-400000.0625,-400000.0625
17.393821954727173,-400000.0625,-400000.0625,-400000.0625,-400000.0625,-400000.0625,-400000.0625,-400000.0625,-400000.0625
17.39382553100586,-400000.0625,-400000.0625,-400000.0625,-400000.0625,-400000.0625,-400000.0625,-400000.0625,-400000.0625
17.429097652435303,-400000.0625,-400000.0625,-400000.0625,-400000.0625,-400000.0625,-400000.0625,-400000.0625,-400000.0625
17.437493801116943,-400000.0625,-400000.0625,-400000.0625,-400000.0625,-400000.0625,-400000.0625,-400000.0625,-400000.0625
17.441649198532104,-400000.0625,-400000.0625,-400000.0625,-400000.0625,-400000.0625,-400000.0625,-400000.0625,-400000.0625
17.441657304763794,-400000.0625,-400000.0625,-400000.0625,-400000.0625,-400000.0625,-400000.0625,-400000.0625,-400000.0625
17.44166135787964,-400000.0625,-400000.0625,-400000.0625,-400000.0625,-400000.0625,-400000.0625,-400000.0625,-400000.0625
17.441665172576904,-400000.0625,-400000.0625,-400000.0625,-400000.0625,-400000.0625,-400000.0625,-400000.0625,-400000.0625
17.44166874885559,-400000.0625,-400000.0625,-400000.0625,-400000.0625,-400000.0625,-400000.0625,-400000.0625,-400000.0625
17.441672325134277,-400000.0625,-400000.0625,-400000.0625,-400000.0625,-400000.0625,-400000.0625,-400000.0625,-400000.0625
17.441676139831543,-400000.0625,-400000.0625,-400000.0625,-400000.0625,-400000.0625,-400000.0625,-400000.0625,-400000.0625
17.44167971611023,-400000.0625,-400000.0625,-400000.0625,-400000.0625,-400000.0625,-400000.0625,-400000.0625,-400000.0625
17.441683292388916,-400000.0625,-400000.0625,-400000.0625,-400000.0625,-400000.0625,-400000.0625,-400000.0625,-400000.0625
17.44168734550476,-400000.0625,-400000.0625,-400000.0625,-400000.0625,-400000.0625,-400000.0625,-400000.0625,-400000.0625
17.441690921783447,-400000.0625,-400000.0625,-400000.0625,-400000.0625,-400000.0625,-400000.0625,-400000.0625,-400000.0625
17.441694498062134,-400000.0625,-400000.0625,-400000.0625,-400000.0625,-400000.0625,-400000.0625,-400000.0625,-400000.0625
17.44169807434082,-400000.0625,-400000.0625,-400000.0625,-400000.0625,-400000.0625,-400000.0625,-400000.0625,-400000.0625
17.441701650619507,-400000.0625,-400000.0625,-400000.0625,-400000.0625,-400000.0625,-400000.0625,-400000.0625,-400000.0625
17.50935935974121,-400000.0625,-400000.0625,-400000.0625,-400000.0625,-400000.0625,-400000.0625,-400000.0625,-400000.0625
17.514490127563477,-400000.0625,-400000.0625,-400000.0625,-400000.0625,-400000.0625,-400000.0625,-400000.0625,-400000.0625
17.5191490650177,-400000.0625,-400000.0625,-400000.0625,-400000.0625,-400000.0625,-400000.0625,-400000.0625,-400000.0625
17.51915717124939,-400000.0625,-400000.0625,-400000.0625,-400000.0625,-400000.0625,-400000.0625,-400000.0625,-400000.0625
17.519160985946655,-400000.0625,-400000.0625,-400000.0625,-400000.0625,-400000.0625,-400000.0625,-400000.0625,-400000.0625
17.51916480064392,-400000.0625,-400000.0625,-400000.0625,-400000.0625,-400000.0625,-400000.0625,-400000.0625,-400000.0625
17.519168615341187,-400000.0625,-400000.0625,-400000.0625,-400000.0625,-400000.0625,-400000.0625,-400000.0625,-400000.0625
17.519171953201294,-400000.0625,-400000.0625,-400000.0625,-400000.0625,-400000.0625,-400000.0625,-400000.0625,-400000.0625
17.51917552947998,-400000.0625,-400000.0625,-400000.0625,-400000.0625,-400000.0625,-400000.0625,-400000.0625,-400000.0625
17.519178867340088,-400000.0625,-400000.0625,-400000.0625,-400000.0625,-400000.0625,-400000.0625,-400000.0625,-400000.0625
17.519182443618774,-400000.0625,-400000.0625,-400000.0625,-400000.0625,-400000.0625,-400000.0625,-400000.0625,-400000.0625
17.5191867351532,-400000.0625,-400000.0625,-400000.0625,-400000.0625,-400000.0625,-400000.0625,-400000.0625,-400000.0625
17.519190311431885,-400000.0625,-400000.0625,-400000.0625,-400000.0625,-400000.0625,-400000.0625,-400000.0625,-400000.0625
17.519193649291992,-400000.0625,-400000.0625,-400000.0625,-400000.0625,-400000.0625,-400000.0625,-400000.0625,-400000.0625
17.51919722557068,-400000.0625,-400000.0625,-400000.0625,-400000.0625,-400000.0625,-400000.0625,-400000.0625,-400000.0625
17.519201278686523,-400000.0625,-400000.0625,-400000.0625,-400000.0625,-400000.0625,-400000.0625,-400000.0625,-400000.0625
17.557879209518433,-400000.0625,-400000.0625,-400000.0625,-400000.0625,-400000.0625,-400000.0625,-400000.0625,-400000.0625
17.56615710258484,-400000.0625,-400000.0625,-400000.0625,-400000.0625,-400000.0625,-400000.0625,-400000.0625,-400000.0625
17.57017755508423,-400000.0625,-400000.0625,-400000.0625,-400000.0625,-400000.0625,-400000.0625,-400000.0625,-400000.0625
17.570185661315918,-400000.0625,-400000.0625,-400000.0625,-400000.0625,-400000.0625,-400000.0625,-400000.0625,-400000.0625
17.570189476013184,-400000.0625,-400000.0625,-400000.0625,-400000.0625,-400000.0625,-400000.0625,-400000.0625,-400000.0625
17.57019305229187,-400000.0625,-400000.0625,-400000.0625,-400000.0625,-400000.0625,-400000.0625,-400000.0625,-400000.0625
17.570196390151978,-400000.0625,-400000.0625,-400000.0625,-400000.0625,-400000.0625,-400000.0625,-400000.0625,-400000.0625
17.570199728012085,-400000.0625,-400000.0625,-400000.0625,-400000.0625,-400000.0625,-400000.0625,-400000.0625,-400000.0625
17.570203065872192,-400000.0625,-400000.0625,-400000.0625,-400000.0625,-400000.0625,-400000.0625,-400000.0625,-400000.0625
17.57020902633667,-400000.0625,-400000.0625,-400000.0625,-400000.0625,-400000.0625,-400000.0625,-400000.0625,-400000.0625
17.570212364196777,-400000.0625,-400000.0625,-400000.0625,-400000.0625,-400000.0625,-400000.0625,-400000.0625,-400000.0625
17.570215702056885,-400000.0625,-400000.0625,-400000.0625,-400000.0625,-400000.0625,-400000.0625,-400000.0625,-400000.0625
17.57021927833557,-400000.0625,-400000.0625,-400000.0625,-400000.0625,-400000.0625,-400000.0625,-400000.0625,-400000.0625
17.57022261619568,-400000.0625,-400000.0625,-400000.0625,-400000.0625,-400000.0625,-400000.0625,-400000.0625,-400000.0625
17.570226192474365,-400000.0625,-400000.0625,-400000.0625,-400000.0625,-400000.0625,-400000.0625,-400000.0625,-400000.0625
17.570229530334473,-400000.0625,-400000.0625,-400000.0625,-400000.0625,-400000.0625,-400000.0625,-400000.0625,-400000.0625
17.62362575531006,-400000.0625,-400000.0625,-400000.0625,-400000.0625,-400000.0625,-400000.0625,-400000.0625,-400000.0625
17.628262519836426,-400000.0625,-400000.0625,-400000.0625,-400000.0625,-400000.0625,-400000.0625,-400000.0625,-400000.0625
17.628271102905273,-400000.0625,-400000.0625,-400000.0625,-400000.0625,-400000.0625,-400000.0625,-400000.0625,-400000.0625
17.628305435180664,-400000.0625,-400000.0625,-400000.0625,-400000.0625,-400000.0625,-400000.0625,-400000.0625,-400000.0625
17.628309726715088,-400000.0625,-400000.0625,-400000.0625,-400000.0625,-400000.0625,-400000.0625,-400000.0625,-400000.0625
17.628313302993774,-400000.0625,-400000.0625,-400000.0625,-400000.0625,-400000.0625,-400000.0625,-400000.0625,-400000.0625
17.628318309783936,-400000.0625,-400000.0625,-400000.0625,-400000.0625,-400000.0625,-400000.0625,-400000.0625,-400000.0625
17.628321886062622,-400000.0625,-400000.0625,-400000.0625,-400000.0625,-400000.0625,-400000.0625,-400000.0625,-400000.0625
17.62832546234131,-400000.0625,-400000.0625,-400000.0625,-400000.0625,-400000.0625,-400000.0625,-400000.0625,-400000.0625
17.628329515457153,-400000.0625,-400000.0625,-400000.0625,-400000.0625,-400000.0625,-400000.0625,-400000.0625,-400000.0625
17.62833309173584,-400000.0625,-400000.0625,-400000.0625,-400000.0625,-400000.0625,-400000.0625,-400000.0625,-400000.0625
17.628336668014526,-400000.0625,-400000.0625,-400000.0625,-400000.0625,-400000.0625,-400000.0625,-400000.0625,-400000.0625
17.628340005874634,-400000.0625,-400000.0625,-400000.0625,-400000.0625,-400000.0625,-400000.0625,-400000.0625,-400000.0625
17.62834358215332,-400000.0625,-400000.0625,-400000.0625,-400000.0625,-400000.0625,-400000.0625,-400000.0625,-400000.0625
17.628346920013428,-400000.0625,-400000.0625,-400000.0625,-400000.0625,-400000.0625,-400000.0625,-400000.0625,-400000.0625
17.628350734710693,-400000.0625,-400000.0625,-400000.0625,-400000.0625,-400000.0625,-400000.0625,-400000.0625,-400000.0625
17.690363883972168,-400000.0625,-400000.0625,-400000.0625,-400000.0625,-400000.0625,-400000.0625,-400000.0625,-400000.0625
17.699320077896118,-400000.0625,-400000.0625,-400000.0625,-400000.0625,-400000.0625,-400000.0625,-400000.0625,-400000.0625
17.70319128036499,-400000.0625,-400000.0625,-400000.0625,-400000.0625,-400000.0625,-400000.0625,-400000.0625,-400000.0625
17.7031991481781,-400000.0625,-400000.0625,-400000.0625,-400000.0625,-400000.0625,-400000.0625,-400000.0625,-400000.0625
17.703203439712524,-400000.0625,-400000.0625,-400000.0625,-400000.0625,-400000.0625,-400000.0625,-400000.0625,-400000.0625
17.70320725440979,-400000.0625,-400000.0625,-400000.0625,-400000.0625,-400000.0625,-400000.0625,-400000.0625,-400000.0625
17.703211307525635,-400000.0625,-400000.0625,-400000.0625,-400000.0625,-400000.0625,-400000.0625,-400000.0625,-400000.0625
17.703218698501587,-400000.0625,-400000.0625,-400000.0625,-400000.0625,-400000.0625,-400000.0625,-400000.0625,-400000.0625
17.703222036361694,-400000.0625,-400000.0625,-400000.0625,-400000.0625,-400000.0625,-400000.0625,-400000.0625,-400000.0625
17.70322561264038,-400000.0625,-400000.0625,-400000.0625,-400000.0625,-400000.0625,-400000.0625,-400000.0625,-400000.0625
17.703229188919067,-400000.0625,-400000.0625,-400000.0625,-400000.0625,-400000.0625,-400000.0625,-400000.0625,-400000.0625
17.703232526779175,-400000.0625,-400000.0625,-400000.0625,-400000.0625,-400000.0625,-400000.0625,-400000.0625,-400000.0625
17.703235864639282,-400000.0625,-400000.0625,-400000.0625,-400000.0625,-400000.0625,-400000.0625,-400000.0625,-400000.0625
17.70323944091797,-400000.0625,-400000.0625,-400000.0625,-400000.0625,-400000.0625,-400000.0625,-400000.0625,-400000.0625
17.703242778778076,-400000.0625,-400000.0625,-400000.0625,-400000.0625,-400000.0625,-400000.0625,-400000.0625,-400000.0625
17.703246355056763,-400000.0625,-400000.0625,-400000.0625,-400000.0625,-400000.0625,-400000.0625,-400000.0625,-400000.0625
17.790623664855957,-400000.0625,-400000.0625,-400000.0625,-400000.0625,-400000.0625,-400000.0625,-400000.0625,-400000.0625
17.799662113189697,-400000.0625,-400000.0625,-400000.0625,-400000.0625,-400000.0625,-400000.0625,-400000.0625,-400000.0625
17.803773403167725,-400000.0625,-400000.0625,-400000.0625,-400000.0625,-400000.0625,-400000.0625,-400000.0625,-400000.0625
17.80378222465515,-400000.0625,-400000.0625,-400000.0625,-400000.0625,-400000.0625,-400000.0625,-400000.0625,-400000.0625
17.803786754608154,-400000.0625,-400000.0625,-400000.0625,-400000.0625,-400000.0625,-400000.0625,-400000.0625,-400000.0625
17.80379056930542,-400000.0625,-400000.0625,-400000.0625,-400000.0625,-400000.0625,-400000.0625,-400000.0625,-400000.0625
17.803794145584106,-400000.0625,-400000.0625,-400000.0625,-400000.0625,-400000.0625,-400000.0625,-400000.0625,-400000.0625
17.803797721862793,-400000.0625,-400000.0625,-400000.0625,-400000.0625,-400000.0625,-400000.0625,-400000.0625,-400000.0625
17.80380129814148,-400000.0625,-400000.0625,-400000.0625,-400000.0625,-400000.0625,-400000.0625,-400000.0625,-400000.0625
17.803804874420166,-400000.0625,-400000.0625,-400000.0625,-400000.0625,-400000.0625,-400000.0625,-400000.0625,-400000.0625
17.803808450698853,-400000.0625,-400000.0625,-400000.0625,-400000.0625,-400000.0625,-400000.0625,-400000.0625,-400000.0625
17.80381178855896,-400000.0625,-400000.0625,-400000.0625,-400000.0625,-400000.0625,-400000.0625,-400000.0625,-400000.0625
17.803815364837646,-400000.0625,-400000.0625,-400000.0625,-400000.0625,-400000.0625,-400000.0625,-400000.0625,-400000.0625
17.803818702697754,-400000.0625,-400000.0625,-400000.0625,-400000.0625,-400000.0625,-400000.0625,-400000.0625,-400000.0625
17.80382227897644,-400000.0625,-400000.0625,-400000.0625,-400000.0625,-400000.0625,-400000.0625,-400000.0625,-400000.0625
17.803825855255127,-400000.0625,-400000.0625,-400000.0625,-400000.0625,-400000.0625,-400000.0625,-400000.0625,-400000.0625
17.816696166992188,-400000.0625,-400000.0625,-400000.0625,-400000.0625,-400000.0625,-400000.0625,-400000.0625,-400000.0625
17.821263313293457,-400000.0625,-400000.0625,-400000.0625,-400000.0625,-400000.0625,-400000.0625,-400000.0625,-400000.0625
17.82127070426941,-400000.0625,-400000.0625,-400000.0625,-400000.0625,-400000.0625,-400000.0625,-400000.0625,-400000.0625
17.821274995803833,-400000.0625,-400000.0625,-400000.0625,-400000.0625,-400000.0625,-400000.0625,-400000.0625,-400000.0625
17.82127857208252,-400000.0625,-400000.0625,-400000.0625,-400000.0625,-400000.0625,-400000.0625,-400000.0625,-400000.0625
17.821281909942627,-400000.0625,-400000.0625,-400000.0625,-400000.0625,-400000.0625,-400000.0625,-400000.0625,-400000.0625
17.821285724639893,-400000.0625,-400000.0625,-400000.0625,-400000.0625,-400000.0625,-400000.0625,-400000.0625,-400000.0625
17.82128930091858,-400000.0625,-400000.0625,-400000.0625,-400000.0625,-400000.0625,-400000.0625,-400000.0625,-400000.0625
17.821292638778687,-400000.0625,-400000.0625,-400000.0625,-400000.0625,-400000.0625,-400000.0625,-400000.0625,-400000.0625
17.821297883987427,-400000.0625,-400000.0625,-400000.0625,-400000.0625,-400000.0625,-400000.0625,-400000.0625,-400000.0625
17.821301221847534,-400000.0625,-400000.0625,-400000.0625,-400000.0625,-400000.0625,-400000.0625,-400000.0625,-400000.0625
17.8213050365448,-400000.0625,-400000.0625,-400000.0625,-400000.0625,-400000.0625,-400000.0625,-400000.0625,-400000.0625
17.821308612823486,-400000.0625,-400000.0625,-400000.0625,-400000.0625,-400000.0625,-400000.0625,-400000.0625,-400000.0625
17.821312189102173,-400000.0625,-400000.0625,-400000.0625,-400000.0625,-400000.0625,-400000.0625,-400000.0625,-400000.0625
17.82131552696228,-400000.0625,-400000.0625,-400000.0625,-400000.0625,-400000.0625,-400000.0625,-400000.0625,-400000.0625
17.821319103240967,-400000.0625,-400000.0625,-400000.0625,-400000.0625,-400000.0625,-400000.0625,-400000.0625,-400000.0625
17.89150071144104,-400000.0625,-400000.0625,-400000.0625,-400000.0625,-400000.0625,-400000.0625,-400000.0625,-400000.0625
17.90014958381653,-400000.0625,-400000.0625,-400000.0625,-400000.0625,-400000.0625,-400000.0625,-400000.0625,-400000.0625
17.904207468032837,-400000.0625,-400000.0625,-400000.0625,-400000.0625,-400000.0625,-400000.0625,-400000.0625,-400000.0625
17.90421485900879,-400000.0625,-400000.0625,-400000.0625,-400000.0625,-400000.0625,-400000.0625,-400000.0625,-400000.0625
17.904219150543213,-400000.0625,-400000.0625,-400000.0625,-400000.0625,-400000.0625,-400000.0625,-400000.0625,-400000.0625
17.90422248840332,-400000.0625,-400000.0625,-400000.0625,-400000.0625,-400000.0625,-400000.0625,-400000.0625,-400000.0625
17.904227018356323,-400000.0625,-400000.0625,-400000.0625,-400000.0625,-400000.0625,-400000.0625,-400000.0625,-400000.0625
17.90423035621643,-400000.0625,-400000.0625,-400000.0625,-400000.0625,-400000.0625,-400000.0625,-400000.0625,-400000.0625
17.904233932495117,-400000.0625,-400000.0625,-400000.0625,-400000.0625,-400000.0625,-400000.0625,-400000.0625,-400000.0625
17.904237270355225,-400000.0625,-400000.0625,-400000.0625,-400000.0625,-400000.0625,-400000.0625,-400000.0625,-400000.0625
17.904240608215332,-400000.0625,-400000.0625,-400000.0625,-400000.0625,-400000.0625,-400000.0625,-400000.0625,-400000.0625
17.90424418449402,-400000.0625,-400000.0625,-400000.0625,-400000.0625,-400000.0625,-400000.0625,-400000.0625,-400000.0625
17.904247522354126,-400000.0625,-400000.0625,-400000.0625,-400000.0625,-400000.0625,-400000.0625,-400000.0625,-400000.0625
17.904250860214233,-400000.0625,-400000.0625,-400000.0625,-400000.0625,-400000.0625,-400000.0625,-400000.0625,-400000.0625
17.90425419807434,-400000.0625,-400000.0625,-400000.0625,-400000.0625,-400000.0625,-400000.0625,-400000.0625,-400000.0625
17.904257774353027,-400000.0625,-400000.0625,-400000.0625,-400000.0625,-400000.0625,-400000.0625,-400000.0625,-400000.0625
17.95691680908203,-400000.0625,-400000.0625,-400000.0625,-400000.0625,-400000.0625,-400000.0625,-400000.0625,-400000.0625
17.961906671524048,-400000.0625,-400000.0625,-400000.0625,-400000.0625,-400000.0625,-400000.0625,-400000.0625,-400000.0625
17.961916208267212,-400000.0625,-400000.0625,-400000.0625,-400000.0625,-400000.0625,-400000.0625,-400000.0625,-400000.0625
17.961920499801636,-400000.0625,-400000.0625,-400000.0625,-400000.0625,-400000.0625,-400000.0625,-400000.0625,-400000.0625
17.961924076080322,-400000.0625,-400000.0625,-400000.0625,-400000.0625,-400000.0625,-400000.0625,-400000.0625,-400000.0625
17.96192765235901,-400000.0625,-400000.0625,-400000.0625,-400000.0625,-400000.0625,-400000.0625,-400000.0625,-400000.0625
17.966031312942505,-400000.0625,-400000.0625,-400000.0625,-400000.0625,-400000.0625,-400000.0625,-400000.0625,-400000.0625
17.966038942337036,-400000.0625,-400000.0625,-400000.0625,-400000.0625,-400000.0625,-400000.0625,-400000.0625,-400000.0625
17.9660427570343,-400000.0625,-400000.0625,-400000.0625,-400000.0625,-400000.0625,-400000.0625,-400000.0625,-400000.0625
17.96604609489441,-400000.0625,-400000.0625,-400000.0625,-400000.0625,-400000.0625,-400000.0625,-400000.0625,-400000.0625
17.966049194335938,-400000.0625,-400000.0625,-400000.0625,-400000.0625,-400000.0625,-400000.0625,-400000.0625,-400000.0625
17.966052293777466,-400000.0625,-400000.0625,-400000.0625,-400000.0625,-400000.0625,-400000.0625,-400000.0625,-400000.0625
17.966055631637573,-400000.0625,-400000.0625,-400000.0625,-400000.0625,-400000.0625,-400000.0625,-400000.0625,-400000.0625
17.9660587310791,-400000.0625,-400000.0625,-400000.0625,-400000.0625,-400000.0625,-400000.0625,-400000.0625,-400000.0625
17.96606183052063,-400000.0625,-400000.0625,-400000.0625,-400000.0625,-400000.0625,-400000.0625,-400000.0625,-400000.0625
17.966065168380737,-400000.0625,-400000.0625,-400000.0625,-400000.0625,-400000.0625,-400000.0625,-400000.0625,-400000.0625
18.00560688972473,-400000.0625,-400000.0625,-400000.0625,-400000.0625,-400000.0625,-400000.0625,-400000.0625,-400000.0625
18.01467204093933,-400000.0625,-400000.0625,-400000.0625,-400000.0625,-400000.0625,-400000.0625,-400000.0625,-400000.0625
18.019315481185913,-400000.0625,-400000.0625,-400000.0625,-400000.0625,-400000.0625,-400000.0625,-400000.0625,-400000.0625
18.019325017929077,-400000.0625,-400000.0625,-400000.0625,-400000.0625,-400000.0625,-400000.0625,-400000.0625,-400000.0625
18.0193293094635,-400000.0625,-400000.0625,-400000.0625,-400000.0625,-400000.0625,-400000.0625,-400000.0625,-400000.0625
18.019333124160767,-400000.0625,-400000.0625,-400000.0625,-400000.0625,-400000.0625,-400000.0625,-400000.0625,-400000.0625
18.019336700439453,-400000.0625,-400000.0625,-400000.0625,-400000.0625,-400000.0625,-400000.0625,-400000.0625,-400000.0625
18.01934027671814,-400000.0625,-400000.0625,-400000.0625,-400000.0625,-400000.0625,-400000.0625,-400000.0625,-400000.0625
18.019343852996826,-400000.0625,-400000.0625,-400000.0625,-400000.0625,-400000.0625,-400000.0625,-400000.0625,-400000.0625
18.019347190856934,-400000.0625,-400000.0625,-400000.0625,-400000.0625,-400000.0625,-400000.0625,-400000.0625,-400000.0625
18.01935076713562,-400000.0625,-400000.0625,-400000.0625,-400000.0625,-400000.0625,-400000.0625,-400000.0625,-400000.0625
18.019354104995728,-400000.0625,-400000.0625,-400000.0625,-400000.0625,-400000.0625,-400000.0625,-400000.0625,-400000.0625
18.019357681274414,-400000.0625,-400000.0625,-400000.0625,-400000.0625,-400000.0625,-400000.0625,-400000.0625,-400000.0625
18.01936101913452,-400000.0625,-400000.0625,-400000.0625,-400000.0625,-400000.0625,-400000.0625,-400000.0625,-400000.0625
18.019364595413208,-400000.0625,-400000.0625,-400000.0625,-400000.0625,-400000.0625,-400000.0625,-400000.0625,-400000.0625
18.019368171691895,-400000.0625,-400000.0625,-400000.0625,-400000.0625,-400000.0625,-400000.0625,-400000.0625,-400000.0625
18.07175850868225,-400000.0625,-400000.0625,-400000.0625,-400000.0625,-400000.0625,-400000.0625,-400000.0625,-400000.0625
18.076574325561523,-400000.0625,-400000.0625,-400000.0625,-400000.0625,-400000.0625,-400000.0625,-400000.0625,-400000.0625
18.07658338546753,-400000.0625,-400000.0625,-400000.0625,-400000.0625,-400000.0625,-400000.0625,-400000.0625,-400000.0625
18.076587438583374,-400000.0625,-400000.0625,-400000.0625,-400000.0625,-400000.0625,-400000.0625,-400000.0625,-400000.0625
18.07659125328064,-400000.0625,-400000.0625,-400000.0625,-400000.0625,-400000.0625,-400000.0625,-400000.0625,-400000.0625
18.076594829559326,-400000.0625,-400000.0625,-400000.0625,-400000.0625,-400000.0625,-400000.0625,-400000.0625,-400000.0625
18.076598405838013,-400000.0625,-400000.0625,-400000.0625,-400000.0625,-400000.0625,-400000.0625,-400000.0625,-400000.0625
18.07660174369812,-400000.0625,-400000.0625,-400000.0625,-400000.0625,-400000.0625,-400000.0625,-400000.0625,-400000.0625
18.076605319976807,-400000.0625,-400000.0625,-400000.0625,-400000.0625,-400000.0625,-400000.0625,-400000.0625,-400000.0625
18.076608657836914,-400000.0625,-400000.0625,-400000.0625,-400000.0625,-400000.0625,-400000.0625,-400000.0625,-400000.0625
18.0766122341156,-400000.0625,-400000.0625,-400000.0625,-400000.0625,-400000.0625,-400000.0625,-400000.0625,-400000.0625
18.076615810394287,-400000.0625,-400000.0625,-400000.0625,-400000.0625,-400000.0625,-400000.0625,-400000.0625,-400000.0625
18.076619148254395,-400000.0625,-400000.0625,-400000.0625,-400000.0625,-400000.0625,-400000.0625,-400000.0625,-400000.0625
18.07662296295166,-400000.0625,-400000.0625,-400000.0625,-400000.0625,-400000.0625,-400000.0625,-400000.0625,-400000.0625
18.076626539230347,-400000.0625,-400000.0625,-400000.0625,-400000.0625,-400000.0625,-400000.0625,-400000.0625,-400000.0625
18.076630115509033,-400000.0625,-400000.0625,-400000.0625,-400000.0625,-400000.0625,-400000.0625,-400000.0625,-400000.0625
18.17414951324463,-400000.0625,-400000.0625,-400000.0625,-400000.0625,-400000.0625,-400000.0625,-400000.0625,-400000.0625
18.18275260925293,-400000.0625,-400000.0625,-400000.0625,-400000.0625,-400000.0625,-400000.0625,-400000.0625,-400000.0625
18.18682837486267,-400000.0625,-400000.0625,-400000.0625,-400000.0625,-400000.0625,-400000.0625,-400000.0625,-400000.0625
18.186835050582886,-400000.0625,-400000.0625,-400000.0625,-400000.0625,-400000.0625,-400000.0625,-400000.0625,-400000.0625
18.18683886528015,-400000.0625,-400000.0625,-400000.0625,-400000.0625,-400000.0625,-400000.0625,-400000.0625,-400000.0625
18.186842441558838,-400000.0625,-400000.0625,-400000.0625,-400000.0625,-400000.0625,-400000.0625,-400000.0625,-400000.0625
18.186847448349,-400000.0625,-400000.0625,-400000.0625,-400000.0625,-400000.0625,-400000.0625,-400000.0625,-400000.0625
18.186851024627686,-400000.0625,-400000.0625,-400000.0625,-400000.0625,-400000.0625,-400000.0625,-400000.0625,-400000.0625
18.186854600906372,-400000.0625,-400000.0625,-400000.0625,-400000.0625,-400000.0625,-400000.0625,-400000.0625,-400000.0625
18.18685793876648,-400000.0625,-400000.0625,-400000.0625,-400000.0625,-400000.0625,-400000.0625,-400000.0625,-400000.0625
18.186861515045166,-400000.0625,-400000.0625,-400000.0625,-400000.0625,-400000.0625,-400000.0625,-400000.0625,-400000.0625
18.186864852905273,-400000.0625,-400000.0625,-400000.0625,-400000.0625,-400000.0625,-400000.0625,-400000.0625,-400000.0625
18.18686819076538,-400000.0625,-400000.0625,-400000.0625,-400000.0625,-400000.0625,-400000.0625,-400000.0625,-400000.0625
18.186871767044067,-400000.0625,-400000.0625,-400000.0625,-400000.0625,-400000.0625,-400000.0625,-400000.0625,-400000.0625
18.186875343322754,-400000.0625,-400000.0625,-400000.0625,-400000.0625,-400000.0625,-400000.0625,-400000.0625,-400000.0625
18.18687891960144,-400000.0625,-400000.0625,-400000.0625,-400000.0625,-400000.0625,-400000.0625,-400000.0625,-400000.0625
18.1981840133667,-400000.0625,-400000.0625,-400000.0625,-400000.0625,-400000.0625,-400000.0625,-400000.0625,-400000.0625
18.203340530395508,-400000.0625,-400000.0625,-400000.0625,-400000.0625,-400000.0625,-400000.0625,-400000.0625,-400000.0625
18.207672595977783,-400000.0625,-400000.0625,-400000.0625,-400000.0625,-400000.0625,-400000.0625,-400000.0625,-400000.0625
18.20768117904663,-400000.0625,-400000.0625,-400000.0625,-400000.0625,-400000.0625,-400000.0625,-400000.0625,-400000.0625
18.207685232162476,-400000.0625,-400000.0625,-400000.0625,-400000.0625,-400000.0625,-400000.0625,-400000.0625,-400000.0625
18.207688808441162,-400000.0625,-400000.0625,-400000.0625,-400000.0625,-400000.0625,-400000.0625,-400000.0625,-400000.0625
18.207692623138428,-400000.0625,-400000.0625,-400000.0625,-400000.0625,-400000.0625,-400000.0625,-400000.0625,-400000.0625
18.207696199417114,-400000.0625,-400000.0625,-400000.0625,-400000.0625,-400000.0625,-400000.0625,-400000.0625,-400000.0625
18.20770001411438,-400000.0625,-400000.0625,-400000.0625,-400000.0625,-400000.0625,-400000.0625,-400000.0625,-400000.0625
18.207703590393066,-400000.0625,-400000.0625,-400000.0625,-400000.0625,-400000.0625,-400000.0625,-400000.0625,-400000.0625
18.207707166671753,-400000.0625,-400000.0625,-400000.0625,-400000.0625,-400000.0625,-400000.0625,-400000.0625,-400000.0625
18.207711458206177,-400000.0625,-400000.0625,-400000.0625,-400000.0625,-400000.0625,-400000.0625,-400000.0625,-400000.0625
18.207715034484863,-400000.0625,-400000.0625,-400000.0625,-400000.0625,-400000.0625,-400000.0625,-400000.0625,-400000.0625
18.20771837234497,-400000.0625,-400000.0625,-400000.0625,-400000.0625,-400000.0625,-400000.0625,-400000.0625,-400000.0625
18.207721948623657,-400000.0625,-400000.0625,-400000.0625,-400000.0625,-400000.0625,-400000.0625,-400000.0625,-400000.0625
18.207725524902344,-400000.0625,-400000.0625,-400000.0625,-400000.0625,-400000.0625,-400000.0625,-400000.0625,-400000.0625
18.262953758239746,-400000.0625,-400000.0625,-400000.0625,-400000.0625,-400000.0625,-400000.0625,-400000.0625,-400000.0625
18.268014192581177,-400000.0625,-400000.0625,-400000.0625,-400000.0625,-400000.0625,-400000.0625,-400000.0625,-400000.0625
18.272090196609497,-400000.0625,-400000.0625,-400000.0625,-400000.0625,-400000.0625,-400000.0625,-400000.0625,-400000.0625
18.272096872329712,-400000.0625,-400000.0625,-400000.0625,-400000.0625,-400000.0625,-400000.0625,-400000.0625,-400000.0625
18.272100687026978,-400000.0625,-400000.0625,-400000.0625,-400000.0625,-400000.0625,-400000.0625,-400000.0625,-400000.0625
18.272104501724243,-400000.0625,-400000.0625,-400000.0625,-400000.0625,-400000.0625,-400000.0625,-400000.0625,-400000.0625
18.27210807800293,-400000.0625,-400000.0625,-400000.0625,-400000.0625,-400000.0625,-400000.0625,-400000.0625,-400000.0625
18.272111892700195,-400000.0625,-400000.0625,-400000.0625,-400000.0625,-400000.0625,-400000.0625,-400000.0625,-400000.0625
18.272115230560303,-400000.0625,-400000.0625,-400000.0625,-400000.0625,-400000.0625,-400000.0625,-400000.0625,-400000.0625
18.27211880683899,-400000.0625,-400000.0625,-400000.0625,-400000.0625,-400000.0625,-400000.0625,-400000.0625,-400000.0625
18.272122144699097,-400000.0625,-400000.0625,-400000.0625,-400000.0625,-400000.0625,-400000.0625,-400000.0625,-400000.0625
18.272125482559204,-400000.0625,-400000.0625,-400000.0625,-400000.0625,-400000.0625,-400000.0625,-400000.0625,-400000.0625
18.27212882041931,-400000.0625,-400000.0625,-400000.0625,-400000.0625,-400000.0625,-400000.0625,-400000.0625,-400000.0625
18.27213191986084,-400000.0625,-400000.0625,-400000.0625,-400000.0625,-400000.0625,-400000.0625,-400000.0625,-400000.0625
18.272135496139526,-400000.0625,-400000.0625,-400000.0625,-400000.0625,-400000.0625,-400000.0625,-400000.0625,-400000.0625
18.272139310836792,-400000.0625,-400000.0625,-400000.0625,-400000.0625,-400000.0625,-400000.0625,-400000.0625,-400000.0625
18.337809085845947,-400000.0625,-400000.0625,-400000.0625,-400000.0625,-400000.0625,-400000.0625,-400000.0625,-400000.0625
18.346779584884644,-400000.0625,-400000.0625,-400000.0625,-400000.0625,-400000.0625,-400000.0625,-400000.0625,-400000.0625
18.350913763046265,-400000.0625,-400000.0625,-400000.0625,-400000.0625,-400000.0625,-400000.0625,-400000.0625,-400000.0625
18.350922107696533,-400000.0625,-400000.0625,-400000.0625,-400000.0625,-400000.0625,-400000.0625,-400000.0625,-400000.0625
18.350926160812378,-400000.0625,-400000.0625,-400000.0625,-400000.0625,-400000.0625,-400000.0625,-400000.0625,-400000.0625
18.350930213928223,-400000.0625,-400000.0625,-400000.0625,-400000.0625,-400000.0625,-400000.0625,-400000.0625,-400000.0625
18.35093379020691,-400000.0625,-400000.0625,-400000.0625,-400000.0625,-400000.0625,-400000.0625,-400000.0625,-400000.0625
18.350937366485596,-400000.0625,-400000.0625,-400000.0625,-400000.0625,-400000.0625,-400000.0625,-400000.0625,-400000.0625
18.350940704345703,-400000.0625,-400000.0625,-400000.0625,-400000.0625,-400000.0625,-400000.0625,-400000.0625,-400000.0625
18.35094428062439,-400000.0625,-400000.0625,-400000.0625,-400000.0625,-400000.0625,-400000.0625,-400000.0625,-400000.0625
18.350948095321655,-400000.0625,-400000.0625,-400000.0625,-400000.0625,-400000.0625,-400000.0625,-400000.0625,-400000.0625
18.350951671600342,-400000.0625,-400000.0625,-400000.0625,-400000.0625,-400000.0625,-400000.0625,-400000.0625,-400000.0625
18.35095500946045,-400000.0625,-400000.0625,-400000.0625,-400000.0625,-400000.0625,-400000.0625,-400000.0625,-400000.0625
18.350958347320557,-400000.0625,-400000.0625,-400000.0625,-400000.0625,-400000.0625,-400000.0625,-400000.0625,-400000.0625
18.350961685180664,-400000.0625,-400000.0625,-400000.0625,-400000.0625,-400000.0625,-400000.0625,-400000.0625,-400000.0625
18.35096502304077,-400000.0625,-400000.0625,-400000.0625,-400000.0625,-400000.0625,-400000.0625,-400000.0625,-400000.0625
18.390472650527954,-400000.0625,-400000.0625,-400000.0625,-400000.0625,-400000.0625,-400000.0625,-400000.0625,-400000.0625
18.395251035690308,-400000.0625,-400000.0625,-400000.0625,-400000.0625,-400000.0625,-400000.0625,-400000.0625,-400000.0625
18.395260095596313,-400000.0625,-400000.0625,-400000.0625,-400000.0625,-400000.0625,-400000.0625,-400000.0625,-400000.0625
18.395264625549316,-400000.0625,-400000.0625,-400000.0625,-400000.0625,-400000.0625,-400000.0625,-400000.0625,-400000.0625
18.395268201828003,-400000.0625,-400000.0625,-400000.0625,-400000.0625,-400000.0625,-400000.0625,-400000.0625,-400000.0625
18.39527177810669,-400000.0625,-400000.0625,-400000.0625,-400000.0625,-400000.0625,-400000.0625,-400000.0625,-400000.0625
18.39527678489685,-400000.0625,-400000.0625,-400000.0625,-400000.0625,-400000.0625,-400000.0625,-400000.0625,-400000.0625
18.395280361175537,-400000.0625,-400000.0625,-400000.0625,-400000.0625,-400000.0625,-400000.0625,-400000.0625,-400000.0625
18.3952853679657,-400000.0625,-400000.0625,-400000.0625,-400000.0625,-400000.0625,-400000.0625,-400000.0625,-400000.0625
18.395288944244385,-400000.0625,-400000.0625,-400000.0625,-400000.0625,-400000.0625,-400000.0625,-400000.0625,-400000.0625
18.395292282104492,-400000.0625,-400000.0625,-400000.0625,-400000.0625,-400000.0625,-400000.0625,-400000.0625,-400000.0625
18.39529585838318,-400000.0625,-400000.0625,-400000.0625,-400000.0625,-400000.0625,-400000.0625,-400000.0625,-400000.0625
18.395299434661865,-400000.0625,-400000.0625,-400000.0625,-400000.0625,-400000.0625,-400000.0625,-400000.0625,-400000.0625
18.39530301094055,-400000.0625,-400000.0625,-400000.0625,-400000.0625,-400000.0625,-400000.0625,-400000.0625,-400000.0625
18.39530634880066,-400000.0625,-400000.0625,-400000.0625,-400000.0625,-400000.0625,-400000.0625,-400000.0625,-400000.0625
18.395310163497925,-400000.0625,-400000.0625,-400000.0625,-400000.0625,-400000.0625,-400000.0625,-400000.0625,-400000.0625
18.45285701751709,-400000.0625,-400000.0625,-400000.0625,-400000.0625,-400000.0625,-400000.0625,-400000.0625,-400000.0625
18.46187663078308,-400000.0625,-400000.0625,-400000.0625,-400000.0625,-400000.0625,-400000.0625,-400000.0625,-400000.0625
18.466187953948975,-400000.0625,-400000.0625,-400000.0625,-400000.0625,-400000.0625,-400000.0625,-400000.0625,-400000.0625
18.46619701385498,-400000.0625,-400000.0625,-400000.0625,-400000.0625,-400000.0625,-400000.0625,-400000.0625,-400000.0625
18.466201066970825,-400000.0625,-400000.0625,-400000.0625,-400000.0625,-400000.0625,-400000.0625,-400000.0625,-400000.0625
18.46620464324951,-400000.0625,-400000.0625,-400000.0625,-400000.0625,-400000.0625,-400000.0625,-400000.0625,-400000.0625
18.4662082195282,-400000.0625,-400000.0625,-400000.0625,-400000.0625,-400000.0625,-400000.0625,-400000.0625,-400000.0625
18.466211795806885,-400000.0625,-400000.0625,-400000.0625,-400000.0625,-400000.0625,-400000.0625,-400000.0625,-400000.0625
18.466215133666992,-400000.0625,-400000.0625,-400000.0625,-400000.0625,-400000.0625,-400000.0625,-400000.0625,-400000.0625
18.46621870994568,-400000.0625,-400000.0625,-400000.0625,-400000.0625,-400000.0625,-400000.0625,-400000.0625,-400000.0625
18.466222286224365,-400000.0625,-400000.0625,-400000.0625,-400000.0625,-400000.0625,-400000.0625,-400000.0625,-400000.0625
18.46622610092163,-400000.0625,-400000.0625,-400000.0625,-400000.0625,-400000.0625,-400000.0625,-400000.0625,-400000.0625
18.466229677200317,-400000.0625,-400000.0625,-400000.0625,-400000.0625,-400000.0625,-400000.0625,-400000.0625,-400000.0625
18.466233253479004,-400000.0625,-400000.0625,-400000.0625,-400000.0625,-400000.0625,-400000.0625,-400000.0625,-400000.0625
18.46623706817627,-400000.0625,-400000.0625,-400000.0625,-400000.0625,-400000.0625,-400000.0625,-400000.0625,-400000.0625
18.466240406036377,-400000.0625,-400000.0625,-400000.0625,-400000.0625,-400000.0625,-400000.0625,-400000.0625,-400000.0625
18.53149127960205,-400000.0625,-400000.0625,-400000.0625,-400000.0625,-400000.0625,-400000.0625,-400000.0625,-400000.0625
18.535993337631226,-400000.0625,-400000.0625,-400000.0625,-400000.0625,-400000.0625,-400000.0625,-400000.0625,-400000.0625
18.536001443862915,-400000.0625,-400000.0625,-400000.0625,-400000.0625,-400000.0625,-400000.0625,-400000.0625,-400000.0625
18.53600573539734,-400000.0625,-400000.0625,-400000.0625,-400000.0625,-400000.0625,-400000.0625,-400000.0625,-400000.0625
18.536009311676025,-400000.0625,-400000.0625,-400000.0625,-400000.0625,-400000.0625,-400000.0625,-400000.0625,-400000.0625
18.536012887954712,-400000.0625,-400000.0625,-400000.0625,-400000.0625,-400000.0625,-400000.0625,-400000.0625,-400000.0625
18.53601622581482,-400000.0625,-400000.0625,-400000.0625,-400000.0625,-400000.0625,-400000.0625,-400000.0625,-400000.0625
18.536019802093506,-400000.0625,-400000.0625,-400000.0625,-400000.0625,-400000.0625,-400000.0625,-400000.0625,-400000.0625
18.536023139953613,-400000.0625,-400000.0625,-400000.0625,-400000.0625,-400000.0625,-400000.0625,-400000.0625,-400000.0625
18.5360267162323,-400000.0625,-400000.0625,-400000.0625,-400000.0625,-400000.0625,-400000.0625,-400000.0625,-400000.0625
18.536030292510986,-400000.0625,-400000.0625,-400000.0625,-400000.0625,-400000.0625,-400000.0625,-400000.0625,-400000.0625
18.536033630371094,-400000.0625,-400000.0625,-400000.0625,-400000.0625,-400000.0625,-400000.0625,-400000.0625,-400000.0625
18.5360369682312,-400000.0625,-400000.0625,-400000.0625,-400000.0625,-400000.0625,-400000.0625,-400000.0625,-400000.0625
18.536040544509888,-400000.0625,-400000.0625,-400000.0625,-400000.0625,-400000.0625,-400000.0625,-400000.0625,-400000.0625
18.536044597625732,-400000.0625,-400000.0625,-400000.0625,-400000.0625,-400000.0625,-400000.0625,-400000.0625,-400000.0625
18.536048650741577,-400000.0625,-400000.0625,-400000.0625,-400000.0625,-400000.0625,-400000.0625,-400000.0625,-400000.0625
18.589543342590332,-400000.0625,-400000.0625,-400000.0625,-400000.0625,-400000.0625,-400000.0625,-400000.0625,-400000.0625
18.599294185638428,-400000.0625,-400000.0625,-400000.0625,-400000.0625,-400000.0625,-400000.0625,-400000.0625,-400000.0625
18.6035418510437,-400000.0625,-400000.0625,-400000.0625,-400000.0625,-400000.0625,-400000.0625,-400000.0625,-400000.0625
18.60355043411255,-400000.0625,-400000.0625,-400000.0625,-400000.0625,-400000.0625,-400000.0625,-400000.0625,-400000.0625
18.603554487228394,-400000.0625,-400000.0625,-400000.0625,-400000.0625,-400000.0625,-400000.0625,-400000.0625,-400000.0625
18.603559255599976,-400000.0625,-400000.0625,-400000.0625,-400000.0625,-400000.0625,-400000.0625,-400000.0625,-400000.0625
18.603562593460083,-400000.0625,-400000.0625,-400000.0625,-400000.0625,-400000.0625,-400000.0625,-400000.0625,-400000.0625
18.60356569290161,-400000.0625,-400000.0625,-400000.0625,-400000.0625,-400000.0625,-400000.0625,-400000.0625,-400000.0625
18.60356879234314,-400000.0625,-400000.0625,-400000.0625,-400000.0625,-400000.0625,-400000.0625,-400000.0625,-400000.0625
18.603571891784668,-400000.0625,-400000.0625,-400000.0625,-400000.0625,-400000.0625,-400000.0625,-400000.0625,-400000.0625
18.603575468063354,-400000.0625,-400000.0625,-400000.0625,-400000.0625,-400000.0625,-400000.0625,-400000.0625,-400000.0625
18.603578567504883,-400000.0625,-400000.0625,-400000.0625,-400000.0625,-400000.0625,-400000.0625,-400000.0625,-400000.0625
18.603581428527832,-400000.0625,-400000.0625,-400000.0625,-400000.0625,-400000.0625,-400000.0625,-400000.0625,-400000.0625
18.60358476638794,-400000.0625,-400000.0625,-400000.0625,-400000.0625,-400000.0625,-400000.0625,-400000.0625,-400000.0625
18.603587865829468,-400000.0625,-400000.0625,-400000.0625,-400000.0625,-400000.0625,-400000.0625,-400000.0625,-400000.0625
18.603591203689575,-400000.0625,-400000.0625,-400000.0625,-400000.0625,-400000.0625,-400000.0625,-400000.0625,-400000.0625
18.645493507385254,-400000.0625,-400000.0625,-400000.0625,-400000.0625,-400000.0625,-400000.0625,-400000.0625,-400000.0625
18.650608777999878,-400000.0625,-400000.0625,-400000.0625,-400000.0625,-400000.0625,-400000.0625,-400000.0625,-400000.0625
18.654718160629272,-400000.0625,-400000.0625,-400000.0625,-400000.0625,-400000.0625,-400000.0625,-400000.0625,-400000.0625
18.654724597930908,-400000.0625,-400000.0625,-400000.0625,-400000.0625,-400000.0625,-400000.0625,-400000.0625,-400000.0625
18.654728412628174,-400000.0625,-400000.0625,-400000.0625,-400000.0625,-400000.0625,-400000.0625,-400000.0625,-400000.0625
18.65473222732544,-400000.0625,-400000.0625,-400000.0625,-400000.0625,-400000.0625,-400000.0625,-400000.0625,-400000.0625
18.654736280441284,-400000.0625,-400000.0625,-400000.0625,-400000.0625,-400000.0625,-400000.0625,-400000.0625,-400000.0625
18.65473985671997,-400000.0625,-400000.0625,-400000.0625,-400000.0625,-400000.0625,-400000.0625,-400000.0625,-400000.0625
18.654743432998657,-400000.0625,-400000.0625,-400000.0625,-400000.0625,-400000.0625,-400000.0625,-400000.0625,-400000.0625
18.654747009277344,-400000.0625,-400000.0625,-400000.0625,-400000.0625,-400000.0625,-400000.0625,-400000.0625,-400000.0625
18.65475058555603,-400000.0625,-400000.0625,-400000.0625,-400000.0625,-400000.0625,-400000.0625,-400000.0625,-400000.0625
18.65475559234619,-400000.0625,-400000.0625,-400000.0625,-400000.0625,-400000.0625,-400000.0625,-400000.0625,-400000.0625
18.654765129089355,-400000.0625,-400000.0625,-400000.0625,-400000.0625,-400000.0625,-400000.0625,-400000.0625,-400000.0625
18.65476942062378,-400000.0625,-400000.0625,-400000.0625,-400000.0625,-400000.0625,-400000.0625,-400000.0625,-400000.0625
18.654773235321045,-400000.0625,-400000.0625,-400000.0625,-400000.0625,-400000.0625,-400000.0625,-400000.0625,-400000.0625
18.654776573181152,-400000.0625,-400000.0625,-400000.0625,-400000.0625,-400000.0625,-400000.0625,-400000.0625,-400000.0625
18.722679138183594,-400000.0625,-400000.0625,-400000.0625,-400000.0625,-400000.0625,-400000.0625,-400000.0625,-400000.0625
18.732438802719116,-400000.0625,-400000.0625,-400000.0625,-400000.0625,-400000.0625,-400000.0625,-400000.0625,-400000.0625
18.736805200576782,-400000.0625,-400000.0625,-400000.0625,-400000.0625,-400000.0625,-400000.0625,-400000.0625,-400000.0625
18.736812591552734,-400000.0625,-400000.0625,-400000.0625,-400000.0625,-400000.0625,-400000.0625,-400000.0625,-400000.0625
18.73681664466858,-400000.0625,-400000.0625,-400000.0625,-400000.0625,-400000.0625,-400000.0625,-400000.0625,-400000.0625
18.736820220947266,-400000.0625,-400000.0625,-400000.0625,-400000.0625,-400000.0625,-400000.0625,-400000.0625,-400000.0625
18.736823558807373,-400000.0625,-400000.0625,-400000.0625,-400000.0625,-400000.0625,-400000.0625,-400000.0625,-400000.0625
18.73682689666748,-400000.0625,-400000.0625,-400000.0625,-400000.0625,-400000.0625,-400000.0625,-400000.0625,-400000.0625
18.736830472946167,-400000.0625,-400000.0625,-400000.0625,-400000.0625,-400000.0625,-400000.0625,-400000.0625,-400000.0625
18.736833810806274,-400000.0625,-400000.0625,-400000.0625,-400000.0625,-400000.0625,-400000.0625,-400000.0625,-400000.0625
18.736841440200806,-400000.0625,-400000.0625,-400000.0625,-400000.0625,-400000.0625,-400000.0625,-400000.0625,-400000.0625
18.73684549331665,-400000.0625,-400000.0625,-400000.0625,-400000.0625,-400000.0625,-400000.0625,-400000.0625,-400000.0625
18.736849069595337,-400000.0625,-400000.0625,-400000.0625,-400000.0625,-400000.0625,-400000.0625,-400000.0625,-400000.0625
18.736852884292603,-400000.0625,-400000.0625,-400000.0625,-400000.0625,-400000.0625,-400000.0625,-400000.0625,-400000.0625
18.73685646057129,-400000.0625,-400000.0625,-400000.0625,-400000.0625,-400000.0625,-400000.0625,-400000.0625,-400000.0625
18.736859798431396,-400000.0625,-400000.0625,-400000.0625,-400000.0625,-400000.0625,-400000.0625,-400000.0625,-400000.0625
18.78945255279541,-400000.0625,-400000.0625,-400000.0625,-400000.0625,-400000.0625,-400000.0625,-400000.0625,-400000.0625
18.79480743408203,-400000.0625,-400000.0625,-400000.0625,-400000.0625,-400000.0625,-400000.0625,-400000.0625,-400000.0625
18.79959774017334,-400000.0625,-400000.0625,-400000.0625,-400000.0625,-400000.0625,-400000.0625,-400000.0625,-400000.0625
18.79960584640503,-400000.0625,-400000.0625,-400000.0625,-400000.0625,-400000.0625,-400000.0625,-400000.0625,-400000.0625
18.799610137939453,-400000.0625,-400000.0625,-400000.0625,-400000.0625,-400000.0625,-400000.0625,-400000.0625,-400000.0625
18.79961395263672,-400000.0625,-400000.0625,-400000.0625,-400000.0625,-400000.0625,-400000.0625,-400000.0625,-400000.0625
18.799617528915405,-400000.0625,-400000.0625,-400000.0625,-400000.0625,-400000.0625,-400000.0625,-400000.0625,-400000.0625
18.79962134361267,-400000.0625,-400000.0625,-400000.0625,-400000.0625,-400000.0625,-400000.0625,-400000.0625,-400000.0625
18.799631118774414,-400000.0625,-400000.0625,-400000.0625,-400000.0625,-400000.0625,-400000.0625,-400000.0625,-400000.0625
18.799636602401733,-400000.0625,-400000.0625,-400000.0625,-400000.0625,-400000.0625,-400000.0625,-400000.0625,-400000.0625
18.79964017868042,-400000.0625,-400000.0625,-400000.0625,-400000.0625,-400000.0625,-400000.0625,-400000.0625,-400000.0625
18.799643754959106,-400000.0625,-400000.0625,-400000.0625,-400000.0625,-400000.0625,-400000.0625,-400000.0625,-400000.0625
18.799647331237793,-400000.0625,-400000.0625,-400000.0625,-400000.0625,-400000.0625,-400000.0625,-400000.0625,-400000.0625
18.79965090751648,-400000.0625,-400000.0625,-400000.0625,-400000.0625,-400000.0625,-400000.0625,-400000.0625,-400000.0625
18.799654245376587,-400000.0625,-400000.0625,-400000.0625,-400000.0625,-400000.0625,-400000.0625,-400000.0625,-400000.0625
18.799657821655273,-400000.0625,-400000.0625,-400000.0625,-400000.0625,-400000.0625,-400000.0625,-400000.0625,-400000.0625
18.88967204093933,-400000.0625,-400000.0625,-400000.0625,-400000.0625,-400000.0625,-400000.0625,-400000.0625,-400000.0625
18.89912247657776,-400000.0625,-400000.0625,-400000.0625,-400000.0625,-400000.0625,-400000.0625,-400000.0625,-400000.0625
18.903337001800537,-400000.0625,-400000.0625,-400000.0625,-400000.0625,-400000.0625,-400000.0625,-400000.0625,-400000.0625
18.90334415435791,-400000.0625,-400000.0625,-400000.0625,-400000.0625,-400000.0625,-400000.0625,-400000.0625,-400000.0625
18.903347969055176,-400000.0625,-400000.0625,-400000.0625,-400000.0625,-400000.0625,-400000.0625,-400000.0625,-400000.0625
18.903351545333862,-400000.0625,-400000.0625,-400000.0625,-400000.0625,-400000.0625,-400000.0625,-400000.0625,-400000.0625
18.90335488319397,-400000.0625,-400000.0625,-400000.0625,-400000.0625,-400000.0625,-400000.0625,-400000.0625,-400000.0625
18.903361797332764,-400000.0625,-400000.0625,-400000.0625,-400000.0625,-400000.0625,-400000.0625,-400000.0625,-400000.0625
18.90336513519287,-400000.0625,-400000.0625,-400000.0625,-400000.0625,-400000.0625,-400000.0625,-400000.0625,-400000.0625
18.9033682346344,-400000.0625,-400000.0625,-400000.0625,-400000.0625,-400000.0625,-400000.0625,-400000.0625,-400000.0625
18.90337109565735,-400000.0625,-400000.0625,-400000.0625,-400000.0625,-400000.0625,-400000.0625,-400000.0625,-400000.0625
18.903374195098877,-400000.0625,-400000.0625,-400000.0625,-400000.0625,-400000.0625,-400000.0625,-400000.0625,-400000.0625
18.903377294540405,-400000.0625,-400000.0625,-400000.0625,-400000.0625,-400000.0625,-400000.0625,-400000.0625,-400000.0625
18.903380393981934,-400000.0625,-400000.0625,-400000.0625,-400000.0625,-400000.0625,-400000.0625,-400000.0625,-400000.0625
18.903383493423462,-400000.0625,-400000.0625,-400000.0625,-400000.0625,-400000.0625,-400000.0625,-400000.0625,-400000.0625
18.90338659286499,-400000.0625,-400000.0625,-400000.0625,-400000.0625,-400000.0625,-400000.0625,-400000.0625,-400000.0625
18.90660071372986,-400000.0625,-400000.0625,-400000.0625,-400000.0625,-400000.0625,-400000.0625,-400000.0625,-400000.0625
18.91138982772827,-400000.0625,-400000.0625,-400000.0625,-400000.0625,-400000.0625,-400000.0625,-400000.0625,-400000.0625
18.91139793395996,-400000.0625,-400000.0625,-400000.0625,-400000.0625,-400000.0625,-400000.0625,-400000.0625,-400000.0625
18.911402225494385,-400000.0625,-400000.0625,-400000.0625,-400000.0625,-400000.0625,-400000.0625,-400000.0625,-400000.0625
18.91140604019165,-400000.0625,-400000.0625,-400000.0625,-400000.0625,-400000.0625,-400000.0625,-400000.0625,-400000.0625
18.91141366958618,-400000.0625,-400000.0625,-400000.0625,-400000.0625,-400000.0625,-400000.0625,-400000.0625,-400000.0625
18.911418199539185,-400000.0625,-400000.0625,-400000.0625,-400000.0625,-400000.0625,-400000.0625,-400000.0625,-400000.0625
18.91142225265503,-400000.0625,-400000.0625,-400000.0625,-400000.0625,-400000.0625,-400000.0625,-400000.0625,-400000.0625
18.911426067352295,-400000.0625,-400000.0625,-400000.0625,-400000.0625,-400000.0625,-400000.0625,-400000.0625,-400000.0625
18.911429405212402,-400000.0625,-400000.0625,-400000.0625,-400000.0625,-400000.0625,-400000.0625,-400000.0625,-400000.0625
18.91143298149109,-400000.0625,-400000.0625,-400000.0625,-400000.0625,-400000.0625,-400000.0625,-400000.0625,-400000.0625
18.911436557769775,-400000.0625,-400000.0625,-400000.0625,-400000.0625,-400000.0625,-400000.0625,-400000.0625,-400000.0625
18.911439895629883,-400000.0625,-400000.0625,-400000.0625,-400000.0625,-400000.0625,-400000.0625,-400000.0625,-400000.0625
18.91144347190857,-400000.0625,-400000.0625,-400000.0625,-400000.0625,-400000.0625,-400000.0625,-400000.0625,-400000.0625
18.911447048187256,-400000.0625,-400000.0625,-400000.0625,-400000.0625,-400000.0625,-400000.0625,-400000.0625,-400000.0625
18.911450624465942,-400000.0625,-400000.0625,-400000.0625,-400000.0625,-400000.0625,-400000.0625,-400000.0625,-400000.0625
18.969257831573486,-400000.0625,-400000.0625,-400000.0625,-400000.0625,-400000.0625,-400000.0625,-400000.0625,-400000.0625
18.97415566444397,-400000.0625,-400000.0625,-400000.0625,-400000.0625,-400000.0625,-400000.0625,-400000.0625,-400000.0625
18.974164962768555,-400000.0625,-400000.0625,-400000.0625,-400000.0625,-400000.0625,-400000.0625,-400000.0625,-400000.0625
18.97416925430298,-400000.0625,-400000.0625,-400000.0625,-400000.0625,-400000.0625,-400000.0625,-400000.0625,-400000.0625
18.97417688369751,-400000.0625,-400000.0625,-400000.0625,-400000.0625,-400000.0625,-400000.0625,-400000.0625,-400000.0625
18.974180221557617,-400000.0625,-400000.0625,-400000.0625,-400000.0625,-400000.0625,-400000.0625,-400000.0625,-400000.0625
18.974183797836304,-400000.0625,-400000.0625,-400000.0625,-400000.0625,-400000.0625,-400000.0625,-400000.0625,-400000.0625
18.97418737411499,-400000.0625,-400000.0625,-400000.0625,-400000.0625,-400000.0625,-400000.0625,-400000.0625,-400000.0625
18.974190950393677,-400000.0625,-400000.0625,-400000.0625,-400000.0625,-400000.0625,-400000.0625,-400000.0625,-400000.0625
18.974194526672363,-400000.0625,-400000.0625,-400000.0625,-400000.0625,-400000.0625,-400000.0625,-400000.0625,-400000.0625
18.97419786453247,-400000.0625,-400000.0625,-400000.0625,-400000.0625,-400000.0625,-400000.0625,-400000.0625,-400000.0625
18.974201202392578,-400000.0625,-400000.0625,-400000.0625,-400000.0625,-400000.0625,-400000.0625,-400000.0625,-400000.0625
18.974204540252686,-400000.0625,-400000.0625,-400000.0625,-400000.0625,-400000.0625,-400000.0625,-400000.0625,-400000.0625
18.974207878112793,-400000.0625,-400000.0625,-400000.0625,-400000.0625,-400000.0625,-400000.0625,-400000.0625,-400000.0625
18.97421145439148,-400000.0625,-400000.0625,-400000.0625,-400000.0625,-400000.0625,-400000.0625,-400000.0625,-400000.0625
18.974214792251587,-400000.0625,-400000.0625,-400000.0625,-400000.0625,-400000.0625,-400000.0625,-400000.0625,-400000.0625
19.056148767471313,-400000.0625,-400000.0625,-400000.0625,-400000.0625,-400000.0625,-400000.0625,-400000.0625,-400000.0625
19.064934253692627,-400000.0625,-400000.0625,-400000.0625,-400000.0625,-400000.0625,-400000.0625,-400000.0625,-400000.0625
19.0692937374115,-400000.0625,-400000.0625,-400000.0625,-400000.0625,-400000.0625,-400000.0625,-400000.0625,-400000.0625
19.069300651550293,-400000.0625,-400000.0625,-400000.0625,-400000.0625,-400000.0625,-400000.0625,-400000.0625,-400000.0625
19.06930446624756,-400000.0625,-400000.0625,-400000.0625,-400000.0625,-400000.0625,-400000.0625,-400000.0625,-400000.0625
19.069308042526245,-400000.0625,-400000.0625,-400000.0625,-400000.0625,-400000.0625,-400000.0625,-400000.0625,-400000.0625
19.069311380386353,-400000.0625,-400000.0625,-400000.0625,-400000.0625,-400000.0625,-400000.0625,-400000.0625,-400000.0625
19.06931471824646,-400000.0625,-400000.0625,-400000.0625,-400000.0625,-400000.0625,-400000.0625,-400000.0625,-400000.0625
19.06931781768799,-400000.0625,-400000.0625,-400000.0625,-400000.0625,-400000.0625,-400000.0625,-400000.0625,-400000.0625
19.069320917129517,-400000.0625,-400000.0625,-400000.0625,-400000.0625,-400000.0625,-400000.0625,-400000.0625,-400000.0625
19.069324254989624,-400000.0625,-400000.0625,-400000.0625,-400000.0625,-400000.0625,-400000.0625,-400000.0625,-400000.0625
19.069327354431152,-400000.0625,-400000.0625,-400000.0625,-400000.0625,-400000.0625,-400000.0625,-400000.0625,-400000.0625
19.06933069229126,-400000.0625,-400000.0625,-400000.0625,-400000.0625,-400000.0625,-400000.0625,-400000.0625,-400000.0625
19.069333791732788,-400000.0625,-400000.0625,-400000.0625,-400000.0625,-400000.0625,-400000.0625,-400000.0625,-400000.0625
19.069337129592896,-400000.0625,-400000.0625,-400000.0625,-400000.0625,-400000.0625,-400000.0625,-400000.0625,-400000.0625
19.06934356689453,-400000.0625,-400000.0625,-400000.0625,-400000.0625,-400000.0625,-400000.0625,-400000.0625,-400000.0625
19.099364042282104,-400000.0625,-400000.0625,-400000.0625,-400000.0625,-400000.0625,-400000.0625,-400000.0625,-400000.0625
19.10457944869995,-400000.0625,-400000.0625,-400000.0625,-400000.0625,-400000.0625,-400000.0625,-400000.0625,-400000.0625
19.108914613723755,-400000.0625,-400000.0625,-400000.0625,-400000.0625,-400000.0625,-400000.0625,-400000.0625,-400000.0625
19.108922719955444,-400000.0625,-400000.0625,-400000.0625,-400000.0625,-400000.0625,-400000.0625,-400000.0625,-400000.0625
19.108927011489868,-400000.0625,-400000.0625,-400000.0625,-400000.0625,-400000.0625,-400000.0625,-400000.0625,-400000.0625
19.108930826187134,-400000.0625,-400000.0625,-400000.0625,-400000.0625,-400000.0625,-400000.0625,-400000.0625,-400000.0625
19.10893440246582,-400000.0625,-400000.0625,-400000.0625,-400000.0625,-400000.0625,-400000.0625,-400000.0625,-400000.0625
19.108937740325928,-400000.0625,-400000.0625,-400000.0625,-400000.0625,-400000.0625,-400000.0625,-400000.0625,-400000.0625
19.108941078186035,-400000.0625,-400000.0625,-400000.0625,-400000.0625,-400000.0625,-400000.0625,-400000.0625,-400000.0625
19.10894465446472,-400000.0625,-400000.0625,-400000.0625,-400000.0625,-400000.0625,-400000.0625,-400000.0625,-400000.0625
19.10894799232483,-400000.0625,-400000.0625,-400000.0625,-400000.0625,-400000.0625,-400000.0625,-400000.0625,-400000.0625
19.108951568603516,-400000.0625,-400000.0625,-400000.0625,-400000.0625,-400000.0625,-400000.0625,-400000.0625,-400000.0625
19.108954906463623,-400000.0625,-400000.0625,-400000.0625,-400000.0625,-400000.0625,-400000.0625,-400000.0625,-400000.0625
19.10896635055542,-400000.0625,-400000.0625,-400000.0625,-400000.0625,-400000.0625,-400000.0625,-400000.0625,-400000.0625
19.108970165252686,-400000.0625,-400000.0625,-400000.0625,-400000.0625,-400000.0625,-400000.0625,-400000.0625,-400000.0625
19.10897397994995,-400000.0625,-400000.0625,-400000.0625,-400000.0625,-400000.0625,-400000.0625,-400000.0625,-400000.0625
19.15645742416382,-400000.0625,-400000.0625,-400000.0625,-400000.0625,-400000.0625,-400000.0625,-400000.0625,-400000.0625
19.165360689163208,-400000.0625,-400000.0625,-400000.0625,-400000.0625,-400000.0625,-400000.0625,-400000.0625,-400000.0625
19.16962218284607,-400000.0625,-400000.0625,-400000.0625,-400000.0625,-400000.0625,-400000.0625,-400000.0625,-400000.0625
19.169631719589233,-400000.0625,-400000.0625,-400000.0625,-400000.0625,-400000.0625,-400000.0625,-400000.0625,-400000.0625
19.169636011123657,-400000.0625,-400000.0625,-400000.0625,-400000.0625,-400000.0625,-400000.0625,-400000.0625,-400000.0625
19.169639825820923,-400000.0625,-400000.0625,-400000.0625,-400000.0625,-400000.0625,-400000.0625,-400000.0625,-400000.0625
19.16964554786682,-400000.0625,-400000.0625,-400000.0625,-400000.0625,-400000.0625,-400000.0625,-400000.0625,-400000.0625
19.169657707214355,-400000.0625,-400000.0625,-400000.0625,-400000.0625,-400000.0625,-400000.0625,-400000.0625,-400000.0625
19.169661045074463,-400000.0625,-400000.0625,-400000.0625,-400000.0625,-400000.0625,-400000.0625,-400000.0625,-400000.0625
19.16966462135315,-400000.0625,-400000.0625,-400000.0625,-400000.0625,-400000.0625,-400000.0625,-400000.0625,-400000.0625
19.169668197631836,-400000.0625,-400000.0625,-400000.0625,-400000.0625,-400000.0625,-400000.0625,-400000.0625,-400000.0625
19.169672966003418,-400000.0625,-400000.0625,-400000.0625,-400000.0625,-400000.0625,-400000.0625,-400000.0625,-400000.0625
19.169676542282104,-400000.0625,-400000.0625,-400000.0625,-400000.0625,-400000.0625,-400000.0625,-400000.0625,-400000.0625
19.169682264328003,-400000.0625,-400000.0625,-400000.0625,-400000.0625,-400000.0625,-400000.0625,-400000.0625,-400000.0625
19.16968560218811,-400000.0625,-400000.0625,-400000.0625,-400000.0625,-400000.0625,-400000.0625,-400000.0625,-400000.0625
19.169689416885376,-400000.0625,-400000.0625,-400000.0625,-400000.0625,-400000.0625,-400000.0625,-400000.0625,-400000.0625
19.261732578277588,-400000.0625,-400000.0625,-400000.0625,-400000.0625,-400000.0625,-400000.0625,-400000.0625,-400000.0625
19.270443201065063,-400000.0625,-400000.0625,-400000.0625,-400000.0625,-400000.0625,-400000.0625,-400000.0625,-400000.0625
19.274842739105225,-400000.0625,-400000.0625,-400000.0625,-400000.0625,-400000.0625,-400000.0625,-400000.0625,-400000.0625
19.27485203742981,-400000.0625,-400000.0625,-400000.0625,-400000.0625,-400000.0625,-400000.0625,-400000.0625,-400000.0625
19.274855852127075,-400000.0625,-400000.0625,-400000.0625,-400000.0625,-400000.0625,-400000.0625,-400000.0625,-400000.0625
19.27485966682434,-400000.0625,-400000.0625,-400000.0625,-400000.0625,-400000.0625,-400000.0625,-400000.0625,-400000.0625
19.274863243103027,-400000.0625,-400000.0625,-400000.0625,-400000.0625,-400000.0625,-400000.0625,-400000.0625,-400000.0625
19.274866819381714,-400000.0625,-400000.0625,-400000.0625,-400000.0625,-400000.0625,-400000.0625,-400000.0625,-400000.0625
19.27487015724182,-400000.0625,-400000.0625,-400000.0625,-400000.0625,-400000.0625,-400000.0625,-400000.0625,-400000.0625
19.274873733520508,-400000.0625,-400000.0625,-400000.0625,-400000.0625,-400000.0625,-400000.0625,-400000.0625,-400000.0625
19.274882555007935,-400000.0625,-400000.0625,-400000.0625,-400000.0625,-400000.0625,-400000.0625,-400000.0625,-400000.0625
19.27488613128662,-400000.0625,-400000.0625,-400000.0625,-400000.0625,-400000.0625,-400000.0625,-400000.0625,-400000.0625
19.27488946914673,-400000.0625,-400000.0625,-400000.0625,-400000.0625,-400000.0625,-400000.0625,-400000.0625,-400000.0625
19.274893045425415,-400000.0625,-400000.0625,-400000.0625,-400000.0625,-400000.0625,-400000.0625,-400000.0625,-400000.0625
19.274896383285522,-400000.0625,-400000.0625,-400000.0625,-400000.0625,-400000.0625,-400000.0625,-400000.0625,-400000.0625
19.27489995956421,-400000.0625,-400000.0625,-400000.0625,-400000.0625,-400000.0625,-400000.0625,-400000.0625,-400000.0625
19.28809404373169,-400000.0625,-400000.0625,-400000.0625,-400000.0625,-400000.0625,-400000.0625,-400000.0625,-400000.0625
19.292791604995728,-400000.0625,-400000.0625,-400000.0625,-400000.0625,-400000.0625,-400000.0625,-400000.0625,-400000.0625
19.292800903320312,-400000.0625,-400000.0625,-400000.0625,-400000.0625,-400000.0625,-400000.0625,-400000.0625,-400000.0625
19.292805194854736,-400000.0625,-400000.0625,-400000.0625,-400000.0625,-400000.0625,-400000.0625,-400000.0625,-400000.0625
19.292809009552002,-400000.0625,-400000.0625,-400000.0625,-400000.0625,-400000.0625,-400000.0625,-400000.0625,-400000.0625
19.29281258583069,-400000.0625,-400000.0625,-400000.0625,-400000.0625,-400000.0625,-400000.0625,-400000.0625,-400000.0625
19.292816162109375,-400000.0625,-400000.0625,-400000.0625,-400000.0625,-400000.0625,-400000.0625,-400000.0625,-400000.0625
19.29281973838806,-400000.0625,-400000.0625,-400000.0625,-400000.0625,-400000.0625,-400000.0625,-400000.0625,-400000.0625
19.29282784461975,-400000.0625,-400000.0625,-400000.0625,-400000.0625,-400000.0625,-400000.0625,-400000.0625,-400000.0625
19.292831659317017,-400000.0625,-400000.0625,-400000.0625,-400000.0625,-400000.0625,-400000.0625,-400000.0625,-400000.0625
19.292835235595703,-400000.0625,-400000.0625,-400000.0625,-400000.0625,-400000.0625,-400000.0625,-400000.0625,-400000.0625
19.29283857345581,-400000.0625,-400000.0625,-400000.0625,-400000.0625,-400000.0625,-400000.0625,-400000.0625,-400000.0625
19.292842149734497,-400000.0625,-400000.0625,-400000.0625,-400000.0625,-400000.0625,-400000.0625,-400000.0625,-400000.0625
19.292845487594604,-400000.0625,-400000.0625,-400000.0625,-400000.0625,-400000.0625,-400000.0625,-400000.0625,-400000.0625
19.29284906387329,-400000.0625,-400000.0625,-400000.0625,-400000.0625,-400000.0625,-400000.0625,-400000.0625,-400000.0625
19.2928524017334,-400000.0625,-400000.0625,-400000.0625,-400000.0625,-400000.0625,-400000.0625,-400000.0625,-400000.0625
19.356741666793823,-400000.0625,-400000.0625,-400000.0625,-400000.0625,-400000.0625,-400000.0625,-400000.0625,-400000.0625
19.361746549606323,-400000.0625,-400000.0625,-400000.0625,-400000.0625,-400000.0625,-400000.0625,-400000.0625,-400000.0625
19.365697383880615,-400000.0625,-400000.0625,-400000.0625,-400000.0625,-400000.0625,-400000.0625,-400000.0625,-400000.0625
19.36990976333618,-400000.0625,-400000.0625,-400000.0625,-400000.0625,-400000.0625,-400000.0625,-400000.0625,-400000.0625
19.369917631149292,-400000.0625,-400000.0625,-400000.0625,-400000.0625,-400000.0625,-400000.0625,-400000.0625,-400000.0625
19.369921922683716,-400000.0625,-400000.0625,-400000.0625,-400000.0625,-400000.0625,-400000.0625,-400000.0625,-400000.0625
19.36993408203125,-400000.0625,-400000.0625,-400000.0625,-400000.0625,-400000.0625,-400000.0625,-400000.0625,-400000.0625
19.369937896728516,-400000.0625,-400000.0625,-400000.0625,-400000.0625,-400000.0625,-400000.0625,-400000.0625,-400000.0625
19.369941473007202,-400000.0625,-400000.0625,-400000.0625,-400000.0625,-400000.0625,-400000.0625,-400000.0625,-400000.0625
19.36994504928589,-400000.0625,-400000.0625,-400000.0625,-400000.0625,-400000.0625,-400000.0625,-400000.0625,-400000.0625
19.369948863983154,-400000.0625,-400000.0625,-400000.0625,-400000.0625,-400000.0625,-400000.0625,-400000.0625,-400000.0625
19.369953632354736,-400000.0625,-400000.0625,-400000.0625,-400000.0625,-400000.0625,-400000.0625,-400000.0625,-400000.0625
19.369957208633423,-400000.0625,-400000.0625,-400000.0625,-400000.0625,-400000.0625,-400000.0625,-400000.0625,-400000.0625
19.369961261749268,-400000.0625,-400000.0625,-400000.0625,-400000.0625,-400000.0625,-400000.0625,-400000.0625,-400000.0625
19.369965076446533,-400000.0625,-400000.0625,-400000.0625,-400000.0625,-400000.0625,-400000.0625,-400000.0625,-400000.0625
19.36996865272522,-400000.0625,-400000.0625,-400000.0625,-400000.0625,-400000.0625,-400000.0625,-400000.0625,-400000.0625
19.43971562385559,-400000.0625,-400000.0625,-400000.0625,-400000.0625,-400000.0625,-400000.0625,-400000.0625,-400000.0625
19.444538831710815,-400000.0625,-400000.0625,-400000.0625,-400000.0625,-400000.0625,-400000.0625,-400000.0625,-400000.0625
19.444546699523926,-400000.0625,-400000.0625,-400000.0625,-400000.0625,-400000.0625,-400000.0625,-400000.0625,-400000.0625
19.444551706314087,-400000.0625,-400000.0625,-400000.0625,-400000.0625,-400000.0625,-400000.0625,-400000.0625,-400000.0625
19.444560050964355,-400000.0625,-400000.0625,-400000.0625,-400000.0625,-400000.0625,-400000.0625,-400000.0625,-400000.0625
19.44456386566162,-400000.0625,-400000.0625,-400000.0625,-400000.0625,-400000.0625,-400000.0625,-400000.0625,-400000.0625
19.444568395614624,-400000.0625,-400000.0625,-400000.0625,-400000.0625,-400000.0625,-400000.0625,-400000.0625,-400000.0625
19.44457221031189,-400000.0625,-400000.0625,-400000.0625,-400000.0625,-400000.0625,-400000.0625,-400000.0625,-400000.0625
19.444575309753418,-400000.0625,-400000.0625,-400000.0625,-400000.0625,-400000.0625,-400000.0625,-400000.0625,-400000.0625
19.444579362869263,-400000.0625,-400000.0625,-400000.0625,-400000.0625,-400000.0625,-400000.0625,-400000.0625,-400000.0625
19.44458270072937,-400000.0625,-400000.0625,-400000.0625,-400000.0625,-400000.0625,-400000.0625,-400000.0625,-400000.0625
19.444586277008057,-400000.0625,-400000.0625,-400000.0625,-400000.0625,-400000.0625,-400000.0625,-400000.0625,-400000.0625
19.444589614868164,-400000.0625,-400000.0625,-400000.0625,-400000.0625,-400000.0625,-400000.0625,-400000.0625,-400000.0625
19.444592714309692,-400000.0625,-400000.0625,-400000.0625,-400000.0625,-400000.0625,-400000.0625,-400000.0625,-400000.0625
19.4445960521698,-400000.0625,-400000.0625,-400000.0625,-400000.0625,-400000.0625,-400000.0625,-400000.0625,-400000.0625
19.444600582122803,-400000.0625,-400000.0625,-400000.0625,-400000.0625,-400000.0625,-400000.0625,-400000.0625,-400000.0625
19.4891300201416,-400000.0625,-400000.0625,-400000.0625,-400000.0625,-400000.0625,-400000.0625,-400000.0625,-400000.0625
19.498116493225098,-400000.0625,-400000.0625,-400000.0625,-400000.0625,-400000.0625,-400000.0625,-400000.0625,-400000.0625
19.50239586830139,-400000.0625,-400000.0625,-400000.0625,-400000.0625,-400000.0625,-400000.0625,-400000.0625,-400000.0625
19.50240445137024,-400000.0625,-400000.0625,-400000.0625,-400000.0625,-400000.0625,-400000.0625,-400000.0625,-400000.0625
19.502408981323242,-400000.0625,-400000.0625,-400000.0625,-400000.0625,-400000.0625,-400000.0625,-400000.0625,-400000.0625
19.502412796020508,-400000.0625,-400000.0625,-400000.0625,-400000.0625,-400000.0625,-400000.0625,-400000.0625,-400000.0625
19.502416372299194,-400000.0625,-400000.0625,-400000.0625,-400000.0625,-400000.0625,-400000.0625,-400000.0625,-400000.0625
19.50241994857788,-400000.0625,-400000.0625,-400000.0625,-400000.0625,-400000.0625,-400000.0625,-400000.0625,-400000.0625
19.50242328643799,-400000.0625,-400000.0625,-400000.0625,-400000.0625,-400000.0625,-400000.0625,-400000.0625,-400000.0625
19.502426862716675,-400000.0625,-400000.0625,-400000.0625,-400000.0625,-400000.0625,-400000.0625,-400000.0625,-400000.0625
19.50243043899536,-400000.0625,-400000.0625,-400000.0625,-400000.0625,-400000.0625,-400000.0625,-400000.0625,-400000.0625
19.502434015274048,-400000.0625,-400000.0625,-400000.0625,-400000.0625,-400000.0625,-400000.0625,-400000.0625,-400000.0625
19.502437353134155,-400000.0625,-400000.0625,-400000.0625,-400000.0625,-400000.0625,-400000.0625,-400000.0625,-400000.0625
19.502440929412842,-400000.0625,-400000.0625,-400000.0625,-400000.0625,-400000.0625,-400000.0625,-400000.0625,-400000.0625
19.50244426727295,-400000.0625,-400000.0625,-400000.0625,-400000.0625,-400000.0625,-400000.0625,-400000.0625,-400000.0625
19.502447843551636,-400000.0625,-400000.0625,-400000.0625,-400000.0625,-400000.0625,-400000.0625,-400000.0625,-400000.0625
19.54788613319397,-400000.0625,-400000.0625,-400000.0625,-400000.0625,-400000.0625,-400000.0625,-400000.0625,-400000.0625
19.55282497406006,-400000.0625,-400000.0625,-400000.0625,-400000.0625,-400000.0625,-400000.0625,-400000.0625,-400000.0625
19.552834033966064,-400000.0625,-400000.0625,-400000.0625,-400000.0625,-400000.0625,-400000.0625,-400000.0625,-400000.0625
19.55283808708191,-400000.0625,-400000.0625,-400000.0625,-400000.0625,-400000.0625,-400000.0625,-400000.0625,-400000.0625
19.552841901779175,-400000.0625,-400000.0625,-400000.0625,-400000.0625,-400000.0625,-400000.0625,-400000.0625,-400000.0625
19.552845239639282,-400000.0625,-400000.0625,-400000.0625,-400000.0625,-400000.0625,-400000.0625,-400000.0625,-400000.0625
19.55284857749939,-400000.0625,-400000.0625,-400000.0625,-400000.0625,-400000.0625,-400000.0625,-400000.0625,-400000.0625
19.552851915359497,-400000.0625,-400000.0625,-400000.0625,-400000.0625,-400000.0625,-400000.0625,-400000.0625,-400000.0625
19.552855491638184,-400000.0625,-400000.0625,-400000.0625,-400000.0625,-400000.0625,-400000.0625,-400000.0625,-400000.0625
19.55285882949829,-400000.0625,-400000.0625,-400000.0625,-400000.0625,-400000.0625,-400000.0625,-400000.0625,-400000.0625
19.5528621673584,-400000.0625,-400000.0625,-400000.0625,-400000.0625,-400000.0625,-400000.0625,-400000.0625,-400000.0625
19.552865743637085,-400000.0625,-400000.0625,-400000.0625,-400000.0625,-400000.0625,-400000.0625,-400000.0625,-400000.0625
19.55286931991577,-400000.0625,-400000.0625,-400000.0625,-400000.0625,-400000.0625,-400000.0625,-400000.0625,-400000.0625
19.552876949310303,-400000.0625,-400000.0625,-400000.0625,-400000.0625,-400000.0625,-400000.0625,-400000.0625,-400000.0625
19.55288052558899,-400000.0625,-400000.0625,-400000.0625,-400000.0625,-400000.0625,-400000.0625,-400000.0625,-400000.0625
19.55288553237915,-400000.0625,-400000.0625,-400000.0625,-400000.0625,-400000.0625,-400000.0625,-400000.0625,-400000.0625
19.622573614120483,-400000.0625,-400000.0625,-400000.0625,-400000.0625,-400000.0625,-400000.0625,-400000.0625,-400000.0625
19.63160490989685,-400000.0625,-400000.0625,-400000.0625,-400000.0625,-400000.0625,-400000.0625,-400000.0625,-400000.0625
19.635994911193848,-400000.0625,-400000.0625,-400000.0625,-400000.0625,-400000.0625,-400000.0625,-400000.0625,-400000.0625
19.63600206375122,-400000.0625,-400000.0625,-400000.0625,-400000.0625,-400000.0625,-400000.0625,-400000.0625,-400000.0625
19.636005878448486,-400000.0625,-400000.0625,-400000.0625,-400000.0625,-400000.0625,-400000.0625,-400000.0625,-400000.0625
19.63600993156433,-400000.0625,-400000.0625,-400000.0625,-400000.0625,-400000.0625,-400000.0625,-400000.0625,-400000.0625
19.636013507843018,-400000.0625,-400000.0625,-400000.0625,-400000.0625,-400000.0625,-400000.0625,-400000.0625,-400000.0625
19.636016845703125,-400000.0625,-400000.0625,-400000.0625,-400000.0625,-400000.0625,-400000.0625,-400000.0625,-400000.0625
19.63602042198181,-400000.0625,-400000.0625,-400000.0625,-400000.0625,-400000.0625,-400000.0625,-400000.0625,-400000.0625
19.636023998260498,-400000.0625,-400000.0625,-400000.0625,-400000.0625,-400000.0625,-400000.0625,-400000.0625,-400000.0625
19.636027336120605,-400000.0625,-400000.0625,-400000.0625,-400000.0625,-400000.0625,-400000.0625,-400000.0625,-400000.0625
19.636030912399292,-400000.0625,-400000.0625,-400000.0625,-400000.0625,-400000.0625,-400000.0625,-400000.0625,-400000.0625
19.63603448867798,-400000.0625,-400000.0625,-400000.0625,-400000.0625,-400000.0625,-400000.0625,-400000.0625,-400000.0625
19.636043310165405,-400000.0625,-400000.0625,-400000.0625,-400000.0625,-400000.0625,-400000.0625,-400000.0625,-400000.0625
19.636046886444092,-400000.0625,-400000.0625,-400000.0625,-400000.0625,-400000.0625,-400000.0625,-400000.0625,-400000.0625
19.63605046272278,-400000.0625,-400000.0625,-400000.0625,-400000.0625,-400000.0625,-400000.0625,-400000.0625,-400000.0625
19.672802925109863,-400000.0625,-400000.0625,-400000.0625,-400000.0625,-400000.0625,-400000.0625,-400000.0625,-400000.0625
19.678147792816162,-400000.0625,-400000.0625,-400000.0625,-400000.0625,-400000.0625,-400000.0625,-400000.0625,-400000.0625
19.682379007339478,-400000.0625,-400000.0625,-400000.0625,-400000.0625,-400000.0625,-400000.0625,-400000.0625,-400000.0625
19.682387113571167,-400000.0625,-400000.0625,-400000.0625,-400000.0625,-400000.0625,-400000.0625,-400000.0625,-400000.0625
19.68239116668701,-400000.0625,-400000.0625,-400000.0625,-400000.0625,-400000.0625,-400000.0625,-400000.0625,-400000.0625
19.682394981384277,-400000.0625,-400000.0625,-400000.0625,-400000.0625,-400000.0625,-400000.0625,-400000.0625,-400000.0625
19.68240213394165,-400000.0625,-400000.0625,-400000.0625,-400000.0625,-400000.0625,-400000.0625,-400000.0625,-400000.0625
19.682405710220337,-400000.0625,-400000.0625,-400000.0625,-400000.0625,-400000.0625,-400000.0625,-400000.0625,-400000.0625
19.682409048080444,-400000.0625,-400000.0625,-400000.0625,-400000.0625,-400000.0625,-400000.0625,-400000.0625,-400000.0625
19.68241262435913,-400000.0625,-400000.0625,-400000.0625,-400000.0625,-400000.0625,-400000.0625,-400000.0625,-400000.0625
19.68241596221924,-400000.0625,-400000.0625,-400000.0625,-400000.0625,-400000.0625,-400000.0625,-400000.0625,-400000.0625
19.68242621421814,-400000.0625,-400000.0625,-400000.0625,-400000.0625,-400000.0625,-400000.0625,-400000.0625,-400000.0625
19.682430028915405,-400000.0625,-400000.0625,-400000.0625,-400000.0625,-400000.0625,-400000.0625,-400000.0625,-400000.0625
19.68243384361267,-400000.0625,-400000.0625,-400000.0625,-400000.0625,-400000.0625,-400000.0625,-400000.0625,-400000.0625
19.682437658309937,-400000.0625,-400000.0625,-400000.0625,-400000.0625,-400000.0625,-400000.0625,-400000.0625,-400000.0625
19.682441234588623,-400000.0625,-400000.0625,-400000.0625,-400000.0625,-400000.0625,-400000.0625,-400000.0625,-400000.0625
19.744203090667725,-400000.0625,-400000.0625,-400000.0625,-400000.0625,-400000.0625,-400000.0625,-400000.0625,-400000.0625
19.753319025039673,-400000.0625,-400000.0625,-400000.0625,-400000.0625,-400000.0625,-400000.0625,-400000.0625,-400000.0625
19.758137702941895,-400000.0625,-400000.0625,-400000.0625,-400000.0625,-400000.0625,-400000.0625,-400000.0625,-400000.0625
19.75814700126648,-400000.0625,-400000.0625,-400000.0625,-400000.0625,-400000.0625,-400000.0625,-400000.0625,-400000.0625
19.758151531219482,-400000.0625,-400000.0625,-400000.0625,-400000.0625,-400000.0625,-400000.0625,-400000.0625,-400000.0625
19.75815510749817,-400000.0625,-400000.0625,-400000.0625,-400000.0625,-400000.0625,-400000.0625,-400000.0625,-400000.0625
19.758158683776855,-400000.0625,-400000.0625,-400000.0625,-400000.0625,-400000.0625,-400000.0625,-400000.0625,-400000.0625
19.758162021636963,-400000.0625,-400000.0625,-400000.0625,-400000.0625,-400000.0625,-400000.0625,-400000.0625,-400000.0625
19.75816535949707,-400000.0625,-400000.0625,-400000.0625,-400000.0625,-400000.0625,-400000.0625,-400000.0625,-400000.0625
19.75817847251892,-400000.0625,-400000.0625,-400000.0625,-400000.0625,-400000.0625,-400000.0625,-400000.0625,-400000.0625
19.758182048797607,-400000.0625,-400000.0625,-400000.0625,-400000.0625,-400000.0625,-400000.0625,-400000.0625,-400000.0625
19.758185625076294,-400000.0625,-400000.0625,-400000.0625,-400000.0625,-400000.0625,-400000.0625,-400000.0625,-400000.0625
19.75818920135498,-400000.0625,-400000.0625,-400000.0625,-400000.0625,-400000.0625,-400000.0625,-400000.0625,-400000.0625
19.758192777633667,-400000.0625,-400000.0625,-400000.0625,-400000.0625,-400000.0625,-400000.0625,-400000.0625,-400000.0625
19.758196115493774,-400000.0625,-400000.0625,-400000.0625,-400000.0625,-400000.0625,-400000.0625,-400000.0625,-400000.0625
19.758199453353882,-400000.0625,-400000.0625,-400000.0625,-400000.0625,-400000.0625,-400000.0625,-400000.0625,-400000.0625
19.803059101104736,-400000.0625,-400000.0625,-400000.0625,-400000.0625,-400000.0625,-400000.0625,-400000.0625,-400000.0625
19.808153867721558,-400000.0625,-400000.0625,-400000.0625,-400000.0625,-400000.0625,-400000.0625,-400000.0625,-400000.0625
19.812540769577026,-400000.0625,-400000.0625,-400000.0625,-400000.0625,-400000.0625,-400000.0625,-400000.0625,-400000.0625
19.812548637390137,-400000.0625,-400000.0625,-400000.0625,-400000.0625,-400000.0625,-400000.0625,-400000.0625,-400000.0625
19.812552452087402,-400000.0625,-400000.0625,-400000.0625,-400000.0625,-400000.0625,-400000.0625,-400000.0625,-400000.0625
19.81255578994751,-400000.0625,-400000.0625,-400000.0625,-400000.0625,-400000.0625,-400000.0625,-400000.0625,-400000.0625
19.812558889389038,-400000.0625,-400000.0625,-400000.0625,-400000.0625,-400000.0625,-400000.0625,-400000.0625,-400000.0625
19.812570333480835,-400000.0625,-400000.0625,-400000.0625,-400000.0625,-400000.0625,-400000.0625,-400000.0625,-400000.0625
19.812573671340942,-400000.0625,-400000.0625,-400000.0625,-400000.0625,-400000.0625,-400000.0625,-400000.0625,-400000.0625
19.81257677078247,-400000.0625,-400000.0625,-400000.0625,-400000.0625,-400000.0625,-400000.0625,-400000.0625,-400000.0625
19.812579870224,-400000.0625,-400000.0625,-400000.0625,-400000.0625,-400000.0625,-400000.0625,-400000.0625,-400000.0625
19.81258249282837,-400000.0625,-400000.0625,-400000.0625,-400000.0625,-400000.0625,-400000.0625,-400000.0625,-400000.0625
19.812585592269897,-400000.0625,-400000.0625,-400000.0625,-400000.0625,-400000.0625,-400000.0625,-400000.0625,-400000.0625
19.812588691711426,-400000.0625,-400000.0625,-400000.0625,-400000.0625,-400000.0625,-400000.0625,-400000.0625,-400000.0625
19.812591791152954,-400000.0625,-400000.0625,-400000.0625,-400000.0625,-400000.0625,-400000.0625,-400000.0625,-400000.0625
19.812594652175903,-400000.0625,-400000.0625,-400000.0625,-400000.0625,-400000.0625,-400000.0625,-400000.0625,-400000.0625
19.861701726913452,-400000.0625,-400000.0625,-400000.0625,-400000.0625,-400000.0625,-400000.0625,-400000.0625,-400000.0625
19.87076497077942,-400000.0625,-400000.0625,-400000.0625,-400000.0625,-400000.0625,-400000.0625,-400000.0625,-400000.0625
19.875152587890625,-400000.0625,-400000.0625,-400000.0625,-400000.0625,-400000.0625,-400000.0625,-400000.0625,-400000.0625
19.87516212463379,-400000.0625,-400000.0625,-400000.0625,-400000.0625,-400000.0625,-400000.0625,-400000.0625,-400000.0625
19.875166416168213,-400000.0625,-400000.0625,-400000.0625,-400000.0625,-400000.0625,-400000.0625,-400000.0625,-400000.0625
19.87517762184143,-400000.0625,-400000.0625,-400000.0625,-400000.0625,-400000.0625,-400000.0625,-400000.0625,-400000.0625
19.875181198120117,-400000.0625,-400000.0625,-400000.0625,-400000.0625,-400000.0625,-400000.0625,-400000.0625,-400000.0625
19.875184774398804,-400000.0625,-400000.0625,-400000.0625,-400000.0625,-400000.0625,-400000.0625,-400000.0625,-400000.0625
19.87518835067749,-400000.0625,-400000.0625,-400000.0625,-400000.0625,-400000.0625,-400000.0625,-400000.0625,-400000.0625
19.875191926956177,-400000.0625,-400000.0625,-400000.0625,-400000.0625,-400000.0625,-400000.0625,-400000.0625,-400000.0625
19.875195264816284,-400000.0625,-400000.0625,-400000.0625,-400000.0625,-400000.0625,-400000.0625,-400000.0625,-400000.0625
19.87519884109497,-400000.0625,-400000.0625,-400000.0625,-400000.0625,-400000.0625,-400000.0625,-400000.0625,-400000.0625
19.875202178955078,-400000.0625,-400000.0625,-400000.0625,-400000.0625,-400000.0625,-400000.0625,-400000.0625,-400000.0625
19.875205516815186,-400000.0625,-400000.0625,-400000.0625,-400000.0625,-400000.0625,-400000.0625,-400000.0625,-400000.0625
19.875209093093872,-400000.0625,-400000.0625,-400000.0625,-400000.0625,-400000.0625,-400000.0625,-400000.0625,-400000.0625
19.87521266937256,-400000.0625,-400000.0625,-400000.0625,-400000.0625,-400000.0625,-400000.0625,-400000.0625,-400000.0625
19.96153712272644,-400000.0625,-400000.0625,-400000.0625,-400000.0625,-400000.0625,-400000.0625,-400000.0625,-400000.0625
19.966678380966187,-400000.0625,-400000.0625,-400000.0625,-400000.0625,-400000.0625,-400000.0625,-400000.0625,-400000.0625
19.975046396255493,-400000.0625,-400000.0625,-400000.0625,-400000.0625,-400000.0625,-400000.0625,-400000.0625,-400000.0625
19.98025608062744,-400000.0625,-400000.0625,-400000.0625,-400000.0625,-400000.0625,-400000.0625,-400000.0625,-400000.0625
19.984558582305908,-400000.0625,-400000.0625,-400000.0625,-400000.0625,-400000.0625,-400000.0625,-400000.0625,-400000.0625
19.98456621170044,-400000.0625,-400000.0625,-400000.0625,-400000.0625,-400000.0625,-400000.0625,-400000.0625,-400000.0625
19.98457169532776,-400000.0625,-400000.0625,-400000.0625,-400000.0625,-400000.0625,-400000.0625,-400000.0625,-400000.0625
19.984574794769287,-400000.0625,-400000.0625,-400000.0625,-400000.0625,-400000.0625,-400000.0625,-400000.0625,-400000.0625
19.984578132629395,-400000.0625,-400000.0625,-400000.0625,-400000.0625,-400000.0625,-400000.0625,-400000.0625,-400000.0625
19.984581232070923,-400000.0625,-400000.0625,-400000.0625,-400000.0625,-400000.0625,-400000.0625,-400000.0625,-400000.0625
19.98458433151245,-400000.0625,-400000.0625,-400000.0625,-400000.0625,-400000.0625,-400000.0625,-400000.0625,-400000.0625
19.98458743095398,-400000.0625,-400000.0625,-400000.0625,-400000.0625,-400000.0625,-400000.0625,-400000.0625,-400000.0625
19.98459029197693,-400000.0625,-400000.0625,-400000.0625,-400000.0625,-400000.0625,-400000.0625,-400000.0625,-400000.0625
19.984593391418457,-400000.0625,-400000.0625,-400000.0625,-400000.0625,-400000.0625,-400000.0625,-400000.0625,-400000.0625
19.984596490859985,-400000.0625,-400000.0625,-400000.0625,-400000.0625,-400000.0625,-400000.0625,-400000.0625,-400000.0625
19.984599590301514,-400000.0625,-400000.0625,-400000.0625,-400000.0625,-400000.0625,-400000.0625,-400000.0625,-400000.0625
20.006014823913574,-400000.0625,-400000.0625,-400000.0625,-400000.0625,-400000.0625,-400000.0625,-400000.0625,-400000.0625
20.011090517044067,-400000.0625,-400000.0625,-400000.0625,-400000.0625,-400000.0625,-400000.0625,-400000.0625,-400000.0625
20.015143394470215,-400000.0625,-400000.0625,-400000.0625,-400000.0625,-400000.0625,-400000.0625,-400000.0625,-400000.0625
20.015150547027588,-400000.0625,-400000.0625,-400000.0625,-400000.0625,-400000.0625,-400000.0625,-400000.0625,-400000.0625
20.015154361724854,-400000.0625,-400000.0625,-400000.0625,-400000.0625,-400000.0625,-400000.0625,-400000.0625,-400000.0625
20.01515769958496,-400000.0625,-400000.0625,-400000.0625,-400000.0625,-400000.0625,-400000.0625,-400000.0625,-400000.0625
20.01516103744507,-400000.0625,-400000.0625,-400000.0625,-400000.0625,-400000.0625,-400000.0625,-400000.0625,-400000.0625
20.015163898468018,-400000.0625,-400000.0625,-400000.0625,-400000.0625,-400000.0625,-400000.0625,-400000.0625,-400000.0625
20.015167236328125,-400000.0625,-400000.0625,-400000.0625,-400000.0625,-400000.0625,-400000.0625,-400000.0625,-400000.0625
20.015170574188232,-400000.0625,-400000.0625,-400000.0625,-400000.0625,-400000.0625,-400000.0625,-400000.0625,-400000.0625
20.01517367362976,-400000.0625,-400000.0625,-400000.0625,-400000.0625,-400000.0625,-400000.0625,-400000.0625,-400000.0625
20.01517653465271,-400000.0625,-400000.0625,-400000.0625,-400000.0625,-400000.0625,-400000.0625,-400000.0625,-400000.0625
20.015179872512817,-400000.0625,-400000.0625,-400000.0625,-400000.0625,-400000.0625,-400000.0625,-400000.0625,-400000.0625
20.015183210372925,-400000.0625,-400000.0625,-400000.0625,-400000.0625,-400000.0625,-400000.0625,-400000.0625,-400000.0625
20.015186548233032,-400000.0625,-400000.0625,-400000.0625,-400000.0625,-400000.0625,-400000.0625,-400000.0625,-400000.0625
20.01519012451172,-400000.0625,-400000.0625,-400000.0625,-400000.0625,-400000.0625,-400000.0625,-400000.0625,-400000.0625
20.07334017753601,-400000.0625,-400000.0625,-400000.0625,-400000.0625,-400000.0625,-400000.0625,-400000.0625,-400000.0625
20.08203148841858,-400000.0625,-400000.0625,-400000.0625,-400000.0625,-400000.0625,-400000.0625,-400000.0625,-400000.0625
20.086141347885132,-400000.0625,-400000.0625,-400000.0625,-400000.0625,-400000.0625,-400000.0625,-400000.0625,-400000.0625
20.086150646209717,-400000.0625,-400000.0625,-400000.0625,-400000.0625,-400000.0625,-400000.0625,-400000.0625,-400000.0625
20.08615469932556,-400000.0625,-400000.0625,-400000.0625,-400000.0625,-400000.0625,-400000.0625,-400000.0625,-400000.0625
20.086158514022827,-400000.0625,-400000.0625,-400000.0625,-400000.0625,-400000.0625,-400000.0625,-400000.0625,-400000.0625
20.086162090301514,-400000.0625,-400000.0625,-400000.0625,-400000.0625,-400000.0625,-400000.0625,-400000.0625,-400000.0625
20.08616590499878,-400000.0625,-400000.0625,-400000.0625,-400000.0625,-400000.0625,-400000.0625,-400000.0625,-400000.0625
20.086169481277466,-400000.0625,-400000.0625,-400000.0625,-400000.0625,-400000.0625,-400000.0625,-400000.0625,-400000.0625
20.086173057556152,-400000.0625,-400000.0625,-400000.0625,-400000.0625,-400000.0625,-400000.0625,-400000.0625,-400000.0625
20.08617639541626,-400000.0625,-400000.0625,-400000.0625,-400000.0625,-400000.0625,-400000.0625,-400000.0625,-400000.0625
20.086179733276367,-400000.0625,-400000.0625,-400000.0625,-400000.0625,-400000.0625,-400000.0625,-400000.0625,-400000.0625
20.086183309555054,-400000.0625,-400000.0625,-400000.0625,-400000.0625,-400000.0625,-400000.0625,-400000.0625,-400000.0625
20.08618688583374,-400000.0625,-400000.0625,-400000.0625,-400000.0625,-400000.0625,-400000.0625,-400000.0625,-400000.0625
20.086198091506958,-400000.0625,-400000.0625,-400000.0625,-400000.0625,-400000.0625,-400000.0625,-400000.0625,-400000.0625
20.086202144622803,-400000.0625,-400000.0625,-400000.0625,-400000.0625,-400000.0625,-400000.0625,-400000.0625,-400000.0625
20.12072253227234,-400000.0625,-400000.0625,-400000.0625,-400000.0625,-400000.0625,-400000.0625,-400000.0625,-400000.0625
20.125351905822754,-400000.0625,-400000.0625,-400000.0625,-400000.0625,-400000.0625,-400000.0625,-400000.0625,-400000.0625
20.1253604888916,-400000.0625,-400000.0625,-400000.0625,-400000.0625,-400000.0625,-400000.0625,-400000.0625,-400000.0625
20.125364065170288,-400000.0625,-400000.0625,-400000.0625,-400000.0625,-400000.0625,-400000.0625,-400000.0625,-400000.0625
20.125367403030396,-400000.0625,-400000.0625,-400000.0625,-400000.0625,-400000.0625,-400000.0625,-400000.0625,-400000.0625
20.125370740890503,-400000.0625,-400000.0625,-400000.0625,-400000.0625,-400000.0625,-400000.0625,-400000.0625,-400000.0625
20.12537384033203,-400000.0625,-400000.0625,-400000.0625,-400000.0625,-400000.0625,-400000.0625,-400000.0625,-400000.0625
20.12537717819214,-400000.0625,-400000.0625,-400000.0625,-400000.0625,-400000.0625,-400000.0625,-400000.0625,-400000.0625
20.125380039215088,-400000.0625,-400000.0625,-400000.0625,-400000.0625,-400000.0625,-400000.0625,-400000.0625,-400000.0625
20.125383377075195,-400000.0625,-400000.0625,-400000.0625,-400000.0625,-400000.0625,-400000.0625,-400000.0625,-400000.0625
20.125386476516724,-400000.0625,-400000.0625,-400000.0625,-400000.0625,-400000.0625,-400000.0625,-400000.0625,-400000.0625
20.12538981437683,-400000.0625,-400000.0625,-400000.0625,-400000.0625,-400000.0625,-400000.0625,-400000.0625,-400000.0625
20.125397443771362,-400000.0625,-400000.0625,-400000.0625,-400000.0625,-400000.0625,-400000.0625,-400000.0625,-400000.0625
20.12554907798767,-400000.0625,-400000.0625,-400000.0625,-400000.0625,-400000.0625,-400000.0625,-400000.0625,-400000.0625
20.12555241584778,-400000.0625,-400000.0625,-400000.0625,-400000.0625,-400000.0625,-400000.0625,-400000.0625,-400000.0625
20.125555276870728,-400000.0625,-400000.0625,-400000.0625,-400000.0625,-400000.0625,-400000.0625,-400000.0625,-400000.0625
20.195345640182495,-400000.0625,-400000.0625,-400000.0625,-400000.0625,-400000.0625,-400000.0625,-400000.0625,-400000.0625
20.20421862602234,-400000.0625,-400000.0625,-400000.0625,-400000.0625,-400000.0625,-400000.0625,-400000.0625,-400000.0625
20.209235429763794,-400000.0625,-400000.0625,-400000.0625,-400000.0625,-400000.0625,-400000.0625,-400000.0625,-400000.0625
20.213728189468384,-400000.0625,-400000.0625,-400000.0625,-400000.0625,-400000.0625,-400000.0625,-400000.0625,-400000.0625
20.213736295700073,-400000.0625,-400000.0625,-400000.0625,-400000.0625,-400000.0625,-400000.0625,-400000.0625,-400000.0625
20.213740825653076,-400000.0625,-400000.0625,-400000.0625,-400000.0625,-400000.0625,-400000.0625,-400000.0625,-400000.0625
20.213746070861816,-400000.0625,-400000.0625,-400000.0625,-400000.0625,-400000.0625,-400000.0625,-400000.0625,-400000.0625
20.21375870704651,-400000.0625,-400000.0625,-400000.0625,-400000.0625,-400000.0625,-400000.0625,-400000.0625,-400000.0625
20.21376371383667,-400000.0625,-400000.0625,-400000.0625,-400000.0625,-400000.0625,-400000.0625,-400000.0625,-400000.0625
20.213767528533936,-400000.0625,-400000.0625,-400000.0625,-400000.0625,-400000.0625,-400000.0625,-400000.0625,-400000.0625
20.213771104812622,-400000.0625,-400000.0625,-400000.0625,-400000.0625,-400000.0625,-400000.0625,-400000.0625,-400000.0625
20.213774919509888,-400000.0625,-400000.0625,-400000.0625,-400000.0625,-400000.0625,-400000.0625,-400000.0625,-400000.0625
20.213778734207153,-400000.0625,-400000.0625,-400000.0625,-400000.0625,-400000.0625,-400000.0625,-400000.0625,-400000.0625
20.21378254890442,-400000.0625,-400000.0625,-400000.0625,-400000.0625,-400000.0625,-400000.0625,-400000.0625,-400000.0625
20.213785886764526,-400000.0625,-400000.0625,-400000.0625,-400000.0625,-400000.0625,-400000.0625,-400000.0625,-400000.0625
20.213789463043213,-400000.0625,-400000.0625,-400000.0625,-400000.0625,-400000.0625,-400000.0625,-400000.0625,-400000.0625
20.257028102874756,-400000.0625,-400000.0625,-400000.0625,-400000.0625,-400000.0625,-400000.0625,-400000.0625,-400000.0625
20.262239933013916,-400000.0625,-400000.0625,-400000.0625,-400000.0625,-400000.0625,-400000.0625,-400000.0625,-400000.0625
20.26668930053711,-400000.0625,-400000.0625,-400000.0625,-400000.0625,-400000.0625,-400000.0625,-400000.0625,-400000.0625
20.266697883605957,-400000.0625,-400000.0625,-400000.0625,-400000.0625,-400000.0625,-400000.0625,-400000.0625,-400000.0625
20.2667019367218,-400000.0625,-400000.0625,-400000.0625,-400000.0625,-400000.0625,-400000.0625,-400000.0625,-400000.0625
20.26670551300049,-400000.0625,-400000.0625,-400000.0625,-400000.0625,-400000.0625,-400000.0625,-400000.0625,-400000.0625
20.266709089279175,-400000.0625,-400000.0625,-400000.0625,-400000.0625,-400000.0625,-400000.0625,-400000.0625,-400000.0625
20.26671266555786,-400000.0625,-400000.0625,-400000.0625,-400000.0625,-400000.0625,-400000.0625,-400000.0625,-400000.0625
20.266716241836548,-400000.0625,-400000.0625,-400000.0625,-400000.0625,-400000.0625,-400000.0625,-400000.0625,-400000.0625
20.266719818115234,-400000.0625,-400000.0625,-400000.0625,-400000.0625,-400000.0625,-400000.0625,-400000.0625,-400000.0625
20.2667236328125,-400000.0625,-400000.0625,-400000.0625,-400000.0625,-400000.0625,-400000.0625,-400000.0625,-400000.0625
20.266727447509766,-400000.0625,-400000.0625,-400000.0625,-400000.0625,-400000.0625,-400000.0625,-400000.0625,-400000.0625
20.266731023788452,-400000.0625,-400000.0625,-400000.0625,-400000.0625,-400000.0625,-400000.0625,-400000.0625,-400000.0625
20.26673460006714,-400000.0625,-400000.0625,-400000.0625,-400000.0625,-400000.0625,-400000.0625,-400000.0625,-400000.0625
20.266738414764404,-400000.0625,-400000.0625,-400000.0625,-400000.0625,-400000.0625,-400000.0625,-400000.0625,-400000.0625
20.26674199104309,-400000.0625,-400000.0625,-400000.0625,-400000.0625,-400000.0625,-400000.0625,-400000.0625,-400000.0625
20.35606837272644,-400000.0625,-400000.0625,-400000.0625,-400000.0625,-400000.0625,-400000.0625,-400000.0625,-400000.0625
20.365074157714844,-400000.0625,-400000.0625,-400000.0625,-400000.0625,-400000.0625,-400000.0625,-400000.0625,-400000.0625
20.36951494216919,-400000.0625,-400000.0625,-400000.0625,-400000.0625,-400000.0625,-400000.0625,-400000.0625,-400000.0625
20.36952519416809,-400000.0625,-400000.0625,-400000.0625,-400000.0625,-400000.0625,-400000.0625,-400000.0625,-400000.0625
20.369529485702515,-400000.0625,-400000.0625,-400000.0625,-400000.0625,-400000.0625,-400000.0625,-400000.0625,-400000.0625
20.3695330619812,-400000.0625,-400000.0625,-400000.0625,-400000.0625,-400000.0625,-400000.0625,-400000.0625,-400000.0625
20.369536638259888,-400000.0625,-400000.0625,-400000.0625,-400000.0625,-400000.0625,-400000.0625,-400000.0625,-400000.0625
20.369540214538574,-400000.0625,-400000.0625,-400000.0625,-400000.0625,-400000.0625,-400000.0625,-400000.0625,-400000.0625
20.369544982910156,-400000.0625,-400000.0625,-400000.0625,-400000.0625,-400000.0625,-400000.0625,-400000.0625,-400000.0625
20.369548559188843,-400000.0625,-400000.0625,-400000.0625,-400000.0625,-400000.0625,-400000.0625,-400000.0625,-400000.0625
20.36955213546753,-400000.0625,-400000.0625,-400000.0625,-400000.0625,-400000.0625,-400000.0625,-400000.0625,-400000.0625
20.369555473327637,-400000.0625,-400000.0625,-400000.0625,-400000.0625,-400000.0625,-400000.0625,-400000.0625,-400000.0625
20.369558811187744,-400000.0625,-400000.0625,-400000.0625,-400000.0625,-400000.0625,-400000.0625,-400000.0625,-400000.0625
20.369563341140747,-400000.0625,-400000.0625,-400000.0625,-400000.0625,-400000.0625,-400000.0625,-400000.0625,-400000.0625
20.369566440582275,-400000.0625,-400000.0625,-400000.0625,-400000.0625,-400000.0625,-400000.0625,-400000.0625,-400000.0625
20.369570016860962,-400000.0625,-400000.0625,-400000.0625,-400000.0625,-400000.0625,-400000.0625,-400000.0625,-400000.0625
20.389233350753784,-400000.0625,-400000.0625,-400000.0625,-400000.0625,-400000.0625,-400000.0625,-400000.0625,-400000.0625
20.393983602523804,-400000.0625,-400000.0625,-400000.0625,-400000.0625,-400000.0625,-400000.0625,-400000.0625,-400000.0625
20.39399290084839,-400000.0625,-400000.0625,-400000.0625,-400000.0625,-400000.0625,-400000.0625,-400000.0625,-400000.0625
20.393996715545654,-400000.0625,-400000.0625,-400000.0625,-400000.0625,-400000.0625,-400000.0625,-400000.0625,-400000.0625
20.39400053024292,-400000.0625,-400000.0625,-400000.0625,-400000.0625,-400000.0625,-400000.0625,-400000.0625,-400000.0625
20.394003868103027,-400000.0625,-400000.0625,-400000.0625,-400000.0625,-400000.0625,-400000.0625,-400000.0625,-400000.0625
20.394007444381714,-400000.0625,-400000.0625,-400000.0625,-400000.0625,-400000.0625,-400000.0625,-400000.0625,-400000.0625
20.39401078224182,-400000.0625,-400000.0625,-400000.0625,-400000.0625,-400000.0625,-400000.0625,-400000.0625,-400000.0625
20.394014358520508,-400000.0625,-400000.0625,-400000.0625,-400000.0625,-400000.0625,-400000.0625,-400000.0625,-400000.0625
20.394023656845093,-400000.0625,-400000.0625,-400000.0625,-400000.0625,-400000.0625,-400000.0625,-400000.0625,-400000.0625
20.39402747154236,-400000.0625,-400000.0625,-400000.0625,-400000.0625,-400000.0625,-400000.0625,-400000.0625,-400000.0625
20.394031286239624,-400000.0625,-400000.0625,-400000.0625,-400000.0625,-400000.0625,-400000.0625,-400000.0625,-400000.0625
20.39403486251831,-400000.0625,-400000.0625,-400000.0625,-400000.0625,-400000.0625,-400000.0625,-400000.0625,-400000.0625
20.394038438796997,-400000.0625,-400000.0625,-400000.0625,-400000.0625,-400000.0625,-400000.0625,-400000.0625,-400000.0625
20.394042015075684,-400000.0625,-400000.0625,-400000.0625,-400000.0625,-400000.0625,-400000.0625,-400000.0625,-400000.0625
20.39404559135437,-400000.0625,-400000.0625,-400000.0625,-400000.0625,-400000.0625,-400000.0625,-400000.0625,-400000.0625
20.440297603607178,-400000.0625,-400000.0625,-400000.0625,-400000.0625,-400000.0625,-400000.0625,-400000.0625,-400000.0625
20.445440530776978,-400000.0625,-400000.0625,-400000.0625,-400000.0625,-400000.0625,-400000.0625,-400000.0625,-400000.0625
20.44974970817566,-400000.0625,-400000.0625,-400000.0625,-400000.0625,-400000.0625,-400000.0625,-400000.0625,-400000.0625
20.44975781440735,-400000.0625,-400000.0625,-400000.0625,-400000.0625,-400000.0625,-400000.0625,-400000.0625,-400000.0625
20.44976234436035,-400000.0625,-400000.0625,-400000.0625,-400000.0625,-400000.0625,-400000.0625,-400000.0625,-400000.0625
20.449766397476196,-400000.0625,-400000.0625,-400000.0625,-400000.0625,-400000.0625,-400000.0625,-400000.0625,-400000.0625
20.449770212173462,-400000.0625,-400000.0625,-400000.0625,-400000.0625,-400000.0625,-400000.0625,-400000.0625,-400000.0625
20.44977378845215,-400000.0625,-400000.0625,-400000.0625,-400000.0625,-400000.0625,-400000.0625,-400000.0625,-400000.0625
20.449777364730835,-400000.0625,-400000.0625,-400000.0625,-400000.0625,-400000.0625,-400000.0625,-400000.0625,-400000.0625
20.44978094100952,-400000.0625,-400000.0625,-400000.0625,-400000.0625,-400000.0625,-400000.0625,-400000.0625,-400000.0625
20.449784517288208,-400000.0625,-400000.0625,-400000.0625,-400000.0625,-400000.0625,-400000.0625,-400000.0625,-400000.0625
20.449788093566895,-400000.0625,-400000.0625,-400000.0625,-400000.0625,-400000.0625,-400000.0625,-400000.0625,-400000.0625
20.44979166984558,-400000.0625,-400000.0625,-400000.0625,-400000.0625,-400000.0625,-400000.0625,-400000.0625,-400000.0625
20.449795484542847,-400000.0625,-400000.0625,-400000.0625,-400000.0625,-400000.0625,-400000.0625,-400000.0625,-400000.0625
20.449799060821533,-400000.0625,-400000.0625,-400000.0625,-400000.0625,-400000.0625,-400000.0625,-400000.0625,-400000.0625
20.44980263710022,-400000.0625,-400000.0625,-400000.0625,-400000.0625,-400000.0625,-400000.0625,-400000.0625,-400000.0625
20.503031015396118,-400000.0625,-400000.0625,-400000.0625,-400000.0625,-400000.0625,-400000.0625,-400000.0625,-400000.0625
20.512354612350464,-400000.0625,-400000.0625,-400000.0625,-400000.0625,-400000.0625,-400000.0625,-400000.0625,-400000.0625
20.51690435409546,-400000.0625,-400000.0625,-400000.0625,-400000.0625,-400000.0625,-400000.0625,-400000.0625,-400000.0625
20.516912937164307,-400000.0625,-400000.0625,-400000.0625,-400000.0625,-400000.0625,-400000.0625,-400000.0625,-400000.0625
20.51691722869873,-400000.0625,-400000.0625,-400000.0625,-400000.0625,-400000.0625,-400000.0625,-400000.0625,-400000.0625
20.516921043395996,-400000.0625,-400000.0625,-400000.0625,-400000.0625,-400000.0625,-400000.0625,-400000.0625,-400000.0625
20.51692485809326,-400000.0625,-400000.0625,-400000.0625,-400000.0625,-400000.0625,-400000.0625,-400000.0625,-400000.0625
20.51692843437195,-400000.0625,-400000.0625,-400000.0625,-400000.0625,-400000.0625,-400000.0625,-400000.0625,-400000.0625
20.516932249069214,-400000.0625,-400000.0625,-400000.0625,-400000.0625,-400000.0625,-400000.0625,-400000.0625,-400000.0625
20.51693606376648,-400000.0625,-400000.0625,-400000.0625,-400000.0625,-400000.0625,-400000.0625,-400000.0625,-400000.0625
20.516939640045166,-400000.0625,-400000.0625,-400000.0625,-400000.0625,-400000.0625,-400000.0625,-400000.0625,-400000.0625
20.51694345474243,-400000.0625,-400000.0625,-400000.0625,-400000.0625,-400000.0625,-400000.0625,-400000.0625,-400000.0625
20.516947031021118,-400000.0625,-400000.0625,-400000.0625,-400000.0625,-400000.0625,-400000.0625,-400000.0625,-400000.0625
20.516951084136963,-400000.0625,-400000.0625,-400000.0625,-400000.0625,-400000.0625,-400000.0625,-400000.0625,-400000.0625
20.51695418357849,-400000.0625,-400000.0625,-400000.0625,-400000.0625,-400000.0625,-400000.0625,-400000.0625,-400000.0625
20.516958236694336,-400000.0625,-400000.0625,-400000.0625,-400000.0625,-400000.0625,-400000.0625,-400000.0625,-400000.0625
20.572941064834595,-400000.0625,-400000.0625,-400000.0625,-400000.0625,-400000.0625,-400000.0625,-400000.0625,-400000.0625
20.57779574394226,-400000.0625,-400000.0625,-400000.0625,-400000.0625,-400000.0625,-400000.0625,-400000.0625,-400000.0625
20.577805757522583,-400000.0625,-400000.0625,-400000.0625,-400000.0625,-400000.0625,-400000.0625,-400000.0625,-400000.0625
20.57780957221985,-400000.0625,-400000.0625,-400000.0625,-400000.0625,-400000.0625,-400000.0625,-400000.0625,-400000.0625
20.577813625335693,-400000.0625,-400000.0625,-400000.0625,-400000.0625,-400000.0625,-400000.0625,-400000.0625,-400000.0625
20.57781720161438,-400000.0625,-400000.0625,-400000.0625,-400000.0625,-400000.0625,-400000.0625,-400000.0625,-400000.0625
20.577821016311646,-400000.0625,-400000.0625,-400000.0625,-400000.0625,-400000.0625,-400000.0625,-400000.0625,-400000.0625
20.577824592590332,-400000.0625,-400000.0625,-400000.0625,-400000.0625,-400000.0625,-400000.0625,-400000.0625,-400000.0625
20.577829360961914,-400000.0625,-400000.0625,-400000.0625,-400000.0625,-400000.0625,-400000.0625,-400000.0625,-400000.0625
20.57783269882202,-400000.0625,-400000.0625,-400000.0625,-400000.0625,-400000.0625,-400000.0625,-400000.0625,-400000.0625
20.577836751937866,-400000.0625,-400000.0625,-400000.0625,-400000.0625,-400000.0625,-400000.0625,-400000.0625,-400000.0625
20.577840566635132,-400000.0625,-400000.0625,-400000.0625,-400000.0625,-400000.0625,-400000.0625,-400000.0625,-400000.0625
20.577849864959717,-400000.0625,-400000.0625,-400000.0625,-400000.0625,-400000.0625,-400000.0625,-400000.0625,-400000.0625
20.577853679656982,-400000.0625,-400000.0625,-400000.0625,-400000.0625,-400000.0625,-400000.0625,-400000.0625,-400000.0625
20.577857494354248,-400000.0625,-400000.0625,-400000.0625,-400000.0625,-400000.0625,-400000.0625,-400000.0625,-400000.0625
20.577861547470093,-400000.0625,-400000.0625,-400000.0625,-400000.0625,-400000.0625,-400000.0625,-400000.0625,-400000.0625
20.656715869903564,-400000.0625,-400000.0625,-400000.0625,-400000.0625,-400000.0625,-400000.0625,-400000.0625,-400000.0625
20.665449380874634,-400000.0625,-400000.0625,-400000.0625,-400000.0625,-400000.0625,-400000.0625,-400000.0625,-400000.0625
20.6694598197937,-400000.0625,-400000.0625,-400000.0625,-400000.0625,-400000.0625,-400000.0625,-400000.0625,-400000.0625
20.66946792602539,-400000.0625,-400000.0625,-400000.0625,-400000.0625,-400000.0625,-400000.0625,-400000.0625,-400000.0625
20.669471740722656,-400000.0625,-400000.0625,-400000.0625,-400000.0625,-400000.0625,-400000.0625,-400000.0625,-400000.0625
20.6694757938385,-400000.0625,-400000.0625,-400000.0625,-400000.0625,-400000.0625,-400000.0625,-400000.0625,-400000.0625
20.66947913169861,-400000.0625,-400000.0625,-400000.0625,-400000.0625,-400000.0625,-400000.0625,-400000.0625,-400000.0625
20.669482707977295,-400000.0625,-400000.0625,-400000.0625,-400000.0625,-400000.0625,-400000.0625,-400000.0625,-400000.0625
20.66948652267456,-400000.0625,-400000.0625,-400000.0625,-400000.0625,-400000.0625,-400000.0625,-400000.0625,-400000.0625
20.669489860534668,-400000.0625,-400000.0625,-400000.0625,-400000.0625,-400000.0625,-400000.0625,-400000.0625,-400000.0625
20.669493198394775,-400000.0625,-400000.0625,-400000.0625,-400000.0625,-400000.0625,-400000.0625,-400000.0625,-400000.0625
20.669496536254883,-400000.0625,-400000.0625,-400000.0625,-400000.0625,-400000.0625,-400000.0625,-400000.0625,-400000.0625
20.66950011253357,-400000.0625,-400000.0625,-400000.0625,-400000.0625,-400000.0625,-400000.0625,-400000.0625,-400000.0625
20.669503450393677,-400000.0625,-400000.0625,-400000.0625,-400000.0625,-400000.0625,-400000.0625,-400000.0625,-400000.0625
20.669507026672363,-400000.0625,-400000.0625,-400000.0625,-400000.0625,-400000.0625,-400000.0625,-400000.0625,-400000.0625
20.66951060295105,-400000.0625,-400000.0625,-400000.0625,-400000.0625,-400000.0625,-400000.0625,-400000.0625,-400000.0625
20.726654052734375,-400000.0625,-400000.0625,-400000.0625,-400000.0625,-400000.0625,-400000.0625,-400000.0625,-400000.0625
20.77319049835205,-400000.0625,-400000.0625,-400000.0625,-400000.0625,-400000.0625,-400000.0625,-400000.0625,-400000.0625
20.840352773666382,-400000.0625,-400000.0625,-400000.0625,-400000.0625,-400000.0625,-400000.0625,-400000.0625,-400000.0625
20.95160722732544,-400000.0625,-400000.0625,-400000.0625,-400000.0625,-400000.0625,-400000.0625,-400000.0625,-400000.0625
21.041105031967163,-400000.0625,-400000.0625,-400000.0625,-400000.0625,-400000.0625,-400000.0625,-400000.0625,-400000.0625
21.089144706726074,-400000.0625,-400000.0625,-400000.0625,-400000.0625,-400000.0625,-400000.0625,-400000.0625,-400000.0625
21.156572580337524,-400000.0625,-400000.0625,-400000.0625,-400000.0625,-400000.0625,-400000.0625,-400000.0625,-400000.0625
21.272774934768677,-400000.0625,-400000.0625,-400000.0625,-400000.0625,-400000.0625,-400000.0625,-400000.0625,-400000.0625
21.35722589492798,-400000.0625,-400000.0625,-400000.0625,-400000.0625,-400000.0625,-400000.0625,-400000.0625,-400000.0625
21.40317463874817,-400000.0625,-400000.0625,-400000.0625,-400000.0625,-400000.0625,-400000.0625,-400000.0625,-400000.0625
21.541855335235596,-400000.0625,-400000.0625,-400000.0625,-400000.0625,-400000.0625,-400000.0625,-400000.0625,-400000.0625
21.593994140625,-400000.0625,-400000.0625,-400000.0625,-400000.0625,-400000.0625,-400000.0625,-400000.0625,-400000.0625
21.8236026763916,-400000.0625,-400000.0625,-400000.0625,-400000.0625,-400000.0625,-400000.0625,-400000.0625,-400000.0625
21.854371070861816,-400000.0625,-400000.0625,-400000.0625,-400000.0625,-400000.0625,-400000.0625,-400000.0625,-400000.0625
21.912925481796265,-400000.0625,-400000.0625,-400000.0625,-400000.0625,-400000.0625,-400000.0625,-400000.0625,-400000.0625
21.99040150642395,-400000.0625,-400000.0625,-400000.0625,-400000.0625,-400000.0625,-400000.0625,-400000.0625,-400000.0625
22.043793201446533,-400000.0625,-400000.0625,-400000.0625,-400000.0625,-400000.0625,-400000.0625,-400000.0625,-400000.0625
22.35932731628418,-400000.0625,-400000.0625,-400000.0625,-400000.0625,-400000.0625,-400000.0625,-400000.0625,-400000.0625
22.424166440963745,-400000.0625,-400000.0625,-400000.0625,-400000.0625,-400000.0625,-400000.0625,-400000.0625,-400000.0625
22.805597066879272,-400000.0625,-400000.0625,-400000.0625,-400000.0625,-400000.0625,-400000.0625,-400000.0625,-400000.0625
22.9341778755188,-400000.0625,-400000.0625,-400000.0625,-400000.0625,-400000.0625,-400000.0625,-400000.0625,-400000.0625
23.006683111190796,-400000.0625,-400000.0625,-400000.0625,-400000.0625,-400000.0625,-400000.0625,-400000.0625,-400000.0625
23.073490858078003,-400000.0625,-400000.0625,-400000.0625,-400000.0625,-400000.0625,-400000.0625,-400000.0625,-400000.0625
23.141658067703247,-400000.0625,-400000.0625,-400000.0625,-400000.0625,-400000.0625,-400000.0625,-400000.0625,-400000.0625
23.30728793144226,-400000.0625,-400000.0625,-400000.0625,-400000.0625,-400000.0625,-400000.0625,-400000.0625,-400000.0625
23.30918049812317,-400000.0625,-400000.0625,-400000.0625,-400000.0625,-400000.0625,-400000.0625,-400000.0625,-400000.0625
23.30919098854065,-400000.0625,-400000.0625,-400000.0625,-400000.0625,-400000.0625,-400000.0625,-400000.0625,-400000.0625
23.309195518493652,-400000.0625,-400000.0625,-400000.0625,-400000.0625,-400000.0625,-400000.0625,-400000.0625,-400000.0625
23.309199571609497,-400000.0625,-400000.0625,-400000.0625,-400000.0625,-400000.0625,-400000.0625,-400000.0625,-400000.0625
23.309203147888184,-400000.0625,-400000.0625,-400000.0625,-400000.0625,-400000.0625,-400000.0625,-400000.0625,-400000.0625
23.30920696258545,-400000.0625,-400000.0625,-400000.0625,-400000.0625,-400000.0625,-400000.0625,-400000.0625,-400000.0625
23.309210538864136,-400000.0625,-400000.0625,-400000.0625,-400000.0625,-400000.0625,-400000.0625,-400000.0625,-400000.0625
23.309214115142822,-400000.0625,-400000.0625,-400000.0625,-400000.0625,-400000.0625,-400000.0625,-400000.0625,-400000.0625
23.30921769142151,-400000.0625,-400000.0625,-400000.0625,-400000.0625,-400000.0625,-400000.0625,-400000.0625,-400000.0625
23.309221267700195,-400000.0625,-400000.0625,-400000.0625,-400000.0625,-400000.0625,-400000.0625,-400000.0625,-400000.0625
23.30922508239746,-400000.0625,-400000.0625,-400000.0625,-400000.0625,-400000.0625,-400000.0625,-400000.0625,-400000.0625
23.309228658676147,-400000.0625,-400000.0625,-400000.0625,-400000.0625,-400000.0625,-400000.0625,-400000.0625,-400000.0625
23.309232234954834,-400000.0625,-400000.0625,-400000.0625,-400000.0625,-400000.0625,-400000.0625,-400000.0625,-400000.0625
23.30923581123352,-400000.0625,-400000.0625,-400000.0625,-400000.0625,-400000.0625,-400000.0625,-400000.0625,-400000.0625
23.309239149093628,-400000.0625,-400000.0625,-400000.0625,-400000.0625,-400000.0625,-400000.0625,-400000.0625,-400000.0625
23.322826862335205,-400000.0625,-400000.0625,-400000.0625,-400000.0625,-400000.0625,-400000.0625,-400000.0625,-400000.0625
23.322896242141724,-400000.0625,-400000.0625,-400000.0625,-400000.0625,-400000.0625,-400000.0625,-400000.0625,-400000.0625
23.322901725769043,-400000.0625,-400000.0625,-400000.0625,-400000.0625,-400000.0625,-400000.0625,-400000.0625,-400000.0625
23.32290530204773,-400000.0625,-400000.0625,-400000.0625,-400000.0625,-400000.0625,-400000.0625,-400000.0625,-400000.0625
23.322908878326416,-400000.0625,-400000.0625,-400000.0625,-400000.0625,-400000.0625,-400000.0625,-400000.0625,-400000.0625
23.322912454605103,-400000.0625,-400000.0625,-400000.0625,-400000.0625,-400000.0625,-400000.0625,-400000.0625,-400000.0625
23.32291603088379,-400000.0625,-400000.0625,-400000.0625,-400000.0625,-400000.0625,-400000.0625,-400000.0625,-400000.0625
23.322919607162476,-400000.0625,-400000.0625,-400000.0625,-400000.0625,-400000.0625,-400000.0625,-400000.0625,-400000.0625
23.322922945022583,-400000.0625,-400000.0625,-400000.0625,-400000.0625,-400000.0625,-400000.0625,-400000.0625,-400000.0625
23.32292652130127,-400000.0625,-400000.0625,-400000.0625,-400000.0625,-400000.0625,-400000.0625,-400000.0625,-400000.0625
23.322929859161377,-400000.0625,-400000.0625,-400000.0625,-400000.0625,-400000.0625,-400000.0625,-400000.0625,-400000.0625
23.322933197021484,-400000.0625,-400000.0625,-400000.0625,-400000.0625,-400000.0625,-400000.0625,-400000.0625,-400000.0625
23.322936534881592,-400000.0625,-400000.0625,-400000.0625,-400000.0625,-400000.0625,-400000.0625,-400000.0625,-400000.0625
23.3229398727417,-400000.0625,-400000.0625,-400000.0625,-400000.0625,-400000.0625,-400000.0625,-400000.0625,-400000.0625
23.32294487953186,-400000.0625,-400000.0625,-400000.0625,-400000.0625,-400000.0625,-400000.0625,-400000.0625,-400000.0625
23.322948455810547,-400000.0625,-400000.0625,-400000.0625,-400000.0625,-400000.0625,-400000.0625,-400000.0625,-400000.0625
23.390337228775024,-400000.0625,-400000.0625,-400000.0625,-400000.0625,-400000.0625,-400000.0625,-400000.0625,-400000.0625
23.394999027252197,-400000.0625,-400000.0625,-400000.0625,-400000.0625,-400000.0625,-400000.0625,-400000.0625,-400000.0625
23.395006895065308,-400000.0625,-400000.0625,-400000.0625,-400000.0625,-400000.0625,-400000.0625,-400000.0625,-400000.0625
23.39501118659973,-400000.0625,-400000.0625,-400000.0625,-400000.0625,-400000.0625,-400000.0625,-400000.0625,-400000.0625
23.395014762878418,-400000.0625,-400000.0625,-400000.0625,-400000.0625,-400000.0625,-400000.0625,-400000.0625,-400000.0625
23.395018339157104,-400000.0625,-400000.0625,-400000.0625,-400000.0625,-400000.0625,-400000.0625,-400000.0625,-400000.0625
23.39502191543579,-400000.0625,-400000.0625,-400000.0625,-400000.0625,-400000.0625,-400000.0625,-400000.0625,-400000.0625
23.395025491714478,-400000.0625,-400000.0625,-400000.0625,-400000.0625,-400000.0625,-400000.0625,-400000.0625,-400000.0625
23.395028829574585,-400000.0625,-400000.0625,-400000.0625,-400000.0625,-400000.0625,-400000.0625,-400000.0625,-400000.0625
23.39503288269043,-400000.0625,-400000.0625,-400000.0625,-400000.0625,-400000.0625,-400000.0625,-400000.0625,-400000.0625
23.395035982131958,-400000.0625,-400000.0625,-400000.0625,-400000.0625,-400000.0625,-400000.0625,-400000.0625,-400000.0625
23.395039796829224,-400000.0625,-400000.0625,-400000.0625,-400000.0625,-400000.0625,-400000.0625,-400000.0625,-400000.0625
23.395050525665283,-400000.0625,-400000.0625,-400000.0625,-400000.0625,-400000.0625,-400000.0625,-400000.0625,-400000.0625
23.39505410194397,-400000.0625,-400000.0625,-400000.0625,-400000.0625,-400000.0625,-400000.0625,-400000.0625,-400000.0625
23.395057678222656,-400000.0625,-400000.0625,-400000.0625,-400000.0625,-400000.0625,-400000.0625,-400000.0625,-400000.0625
23.395061016082764,-400000.0625,-400000.0625,-400000.0625,-400000.0625,-400000.0625,-400000.0625,-400000.0625,-400000.0625
23.45607900619507,-400000.0625,-400000.0625,-400000.0625,-400000.0625,-400000.0625,-400000.0625,-400000.0625,-400000.0625
23.46455669403076,-400000.0625,-400000.0625,-400000.0625,-400000.0625,-400000.0625,-400000.0625,-400000.0625,-400000.0625
23.468804836273193,-400000.0625,-400000.0625,-400000.0625,-400000.0625,-400000.0625,-400000.0625,-400000.0625,-400000.0625
23.468811511993408,-400000.0625,-400000.0625,-400000.0625,-400000.0625,-400000.0625,-400000.0625,-400000.0625,-400000.0625
23.468815803527832,-400000.0625,-400000.0625,-400000.0625,-400000.0625,-400000.0625,-400000.0625,-400000.0625,-400000.0625
23.46881937980652,-400000.0625,-400000.0625,-400000.0625,-400000.0625,-400000.0625,-400000.0625,-400000.0625,-400000.0625
23.468823194503784,-400000.0625,-400000.0625,-400000.0625,-400000.0625,-400000.0625,-400000.0625,-400000.0625,-400000.0625
23.46882677078247,-400000.0625,-400000.0625,-400000.0625,-400000.0625,-400000.0625,-400000.0625,-400000.0625,-400000.0625
23.468830347061157,-400000.0625,-400000.0625,-400000.0625,-400000.0625,-400000.0625,-400000.0625,-400000.0625,-400000.0625
23.468833923339844,-400000.0625,-400000.0625,-400000.0625,-400000.0625,-400000.0625,-400000.0625,-400000.0625,-400000.0625
23.46883749961853,-400000.0625,-400000.0625,-400000.0625,-400000.0625,-400000.0625,-400000.0625,-400000.0625,-400000.0625
23.468849658966064,-400000.0625,-400000.0625,-400000.0625,-400000.0625,-400000.0625,-400000.0625,-400000.0625,-400000.0625
23.46885347366333,-400000.0625,-400000.0625,-400000.0625,-400000.0625,-400000.0625,-400000.0625,-400000.0625,-400000.0625
23.468857288360596,-400000.0625,-400000.0625,-400000.0625,-400000.0625,-400000.0625,-400000.0625,-400000.0625,-400000.0625
23.46886110305786,-400000.0625,-400000.0625,-400000.0625,-400000.0625,-400000.0625,-400000.0625,-400000.0625,-400000.0625
23.468864679336548,-400000.0625,-400000.0625,-400000.0625,-400000.0625,-400000.0625,-400000.0625,-400000.0625,-400000.0625
23.50900149345398,-400000.0625,-400000.0625,-400000.0625,-400000.0625,-400000.0625,-400000.0625,-400000.0625,-400000.0625
23.513280153274536,-400000.0625,-400000.0625,-400000.0625,-400000.0625,-400000.0625,-400000.0625,-400000.0625,-400000.0625
23.513287782669067,-400000.0625,-400000.0625,-400000.0625,-400000.0625,-400000.0625,-400000.0625,-400000.0625,-400000.0625
23.513291597366333,-400000.0625,-400000.0625,-400000.0625,-400000.0625,-400000.0625,-400000.0625,-400000.0625,-400000.0625
23.5132954120636,-400000.0625,-400000.0625,-400000.0625,-400000.0625,-400000.0625,-400000.0625,-400000.0625,-400000.0625
23.513298988342285,-400000.0625,-400000.0625,-400000.0625,-400000.0625,-400000.0625,-400000.0625,-400000.0625,-400000.0625
23.513302087783813,-400000.0625,-400000.0625,-400000.0625,-400000.0625,-400000.0625,-400000.0625,-400000.0625,-400000.0625
23.51330590248108,-400000.0625,-400000.0625,-400000.0625,-400000.0625,-400000.0625,-400000.0625,-400000.0625,-400000.0625
23.513309001922607,-400000.0625,-400000.0625,-400000.0625,-400000.0625,-400000.0625,-400000.0625,-400000.0625,-400000.0625
23.513319730758667,-400000.0625,-400000.0625,-400000.0625,-400000.0625,-400000.0625,-400000.0625,-400000.0625,-400000.0625
23.513323545455933,-400000.0625,-400000.0625,-400000.0625,-400000.0625,-400000.0625,-400000.0625,-400000.0625,-400000.0625
23.51332688331604,-400000.0625,-400000.0625,-400000.0625,-400000.0625,-400000.0625,-400000.0625,-400000.0625,-400000.0625
23.513330221176147,-400000.0625,-400000.0625,-400000.0625,-400000.0625,-400000.0625,-400000.0625,-400000.0625,-400000.0625
23.513333797454834,-400000.0625,-400000.0625,-400000.0625,-400000.0625,-400000.0625,-400000.0625,-400000.0625,-400000.0625
23.51333713531494,-400000.0625,-400000.0625,-400000.0625,-400000.0625,-400000.0625,-400000.0625,-400000.0625,-400000.0625
23.51334023475647,-400000.0625,-400000.0625,-400000.0625,-400000.0625,-400000.0625,-400000.0625,-400000.0625,-400000.0625
23.575420141220093,-400000.0625,-400000.0625,-400000.0625,-400000.0625,-400000.0625,-400000.0625,-400000.0625,-400000.0625
23.584041357040405,-400000.0625,-400000.0625,-400000.0625,-400000.0625,-400000.0625,-400000.0625,-400000.0625,-400000.0625
23.58838939666748,-400000.0625,-400000.0625,-400000.0625,-400000.0625,-400000.0625,-400000.0625,-400000.0625,-400000.0625
23.588396072387695,-400000.0625,-400000.0625,-400000.0625,-400000.0625,-400000.0625,-400000.0625,-400000.0625,-400000.0625
23.58839988708496,-400000.0625,-400000.0625,-400000.0625,-400000.0625,-400000.0625,-400000.0625,-400000.0625,-400000.0625
23.588403701782227,-400000.0625,-400000.0625,-400000.0625,-400000.0625,-400000.0625,-400000.0625,-400000.0625,-400000.0625
23.588407039642334,-400000.0625,-400000.0625,-400000.0625,-400000.0625,-400000.0625,-400000.0625,-400000.0625,-400000.0625
23.588417530059814,-400000.0625,-400000.0625,-400000.0625,-400000.0625,-400000.0625,-400000.0625,-400000.0625,-400000.0625
23.5884211063385,-400000.0625,-400000.0625,-400000.0625,-400000.0625,-400000.0625,-400000.0625,-400000.0625,-400000.0625
23.588424921035767,-400000.0625,-400000.0625,-400000.0625,-400000.0625,-400000.0625,-400000.0625,-400000.0625,-400000.0625
23.588428258895874,-400000.0625,-400000.0625,-400000.0625,-400000.0625,-400000.0625,-400000.0625,-400000.0625,-400000.0625
23.588433027267456,-400000.0625,-400000.0625,-400000.0625,-400000.0625,-400000.0625,-400000.0625,-400000.0625,-400000.0625
23.588436603546143,-400000.0625,-400000.0625,-400000.0625,-400000.0625,-400000.0625,-400000.0625,-400000.0625,-400000.0625
23.58844017982483,-400000.0625,-400000.0625,-400000.0625,-400000.0625,-400000.0625,-400000.0625,-400000.0625,-400000.0625
23.588443517684937,-400000.0625,-400000.0625,-400000.0625,-400000.0625,-400000.0625,-400000.0625,-400000.0625,-400000.0625
23.588447093963623,-400000.0625,-400000.0625,-400000.0625,-400000.0625,-400000.0625,-400000.0625,-400000.0625,-400000.0625
23.664160013198853,-400000.0625,-400000.0625,-400000.0625,-400000.0625,-400000.0625,-400000.0625,-400000.0625,-400000.0625
23.668879985809326,-400000.0625,-400000.0625,-400000.0625,-400000.0625,-400000.0625,-400000.0625,-400000.0625,-400000.0625
23.66888737678528,-400000.0625,-400000.0625,-400000.0625,-400000.0625,-400000.0625,-400000.0625,-400000.0625,-400000.0625
23.668891668319702,-400000.0625,-400000.0625,-400000.0625,-400000.0625,-400000.0625,-400000.0625,-400000.0625,-400000.0625
23.668895483016968,-400000.0625,-400000.0625,-400000.0625,-400000.0625,-400000.0625,-400000.0625,-400000.0625,-400000.0625
23.668904066085815,-400000.0625,-400000.0625,-400000.0625,-400000.0625,-400000.0625,-400000.0625,-400000.0625,-400000.0625
23.668907642364502,-400000.0625,-400000.0625,-400000.0625,-400000.0625,-400000.0625,-400000.0625,-400000.0625,-400000.0625
23.668912887573242,-400000.0625,-400000.0625,-400000.0625,-400000.0625,-400000.0625,-400000.0625,-400000.0625,-400000.0625
23.668916702270508,-400000.0625,-400000.0625,-400000.0625,-400000.0625,-400000.0625,-400000.0625,-400000.0625,-400000.0625
23.668920278549194,-400000.0625,-400000.0625,-400000.0625,-400000.0625,-400000.0625,-400000.0625,-400000.0625,-400000.0625
23.66892385482788,-400000.0625,-400000.0625,-400000.0625,-400000.0625,-400000.0625,-400000.0625,-400000.0625,-400000.0625
23.668927431106567,-400000.0625,-400000.0625,-400000.0625,-400000.0625,-400000.0625,-400000.0625,-400000.0625,-400000.0625
23.668931007385254,-400000.0625,-400000.0625,-400000.0625,-400000.0625,-400000.0625,-400000.0625,-400000.0625,-400000.0625
23.668935537338257,-400000.0625,-400000.0625,-400000.0625,-400000.0625,-400000.0625,-400000.0625,-400000.0625,-400000.0625
23.66894030570984,-400000.0625,-400000.0625,-400000.0625,-400000.0625,-400000.0625,-400000.0625,-400000.0625,-400000.0625
23.668943881988525,-400000.0625,-400000.0625,-400000.0625,-400000.0625,-400000.0625,-400000.0625,-400000.0625,-400000.0625
23.706066608428955,-400000.0625,-400000.0625,-400000.0625,-400000.0625,-400000.0625,-400000.0625,-400000.0625,-400000.0625
23.716158390045166,-400000.0625,-400000.0625,-400000.0625,-400000.0625,-400000.0625,-400000.0625,-400000.0625,-400000.0625
23.719988584518433,-400000.0625,-400000.0625,-400000.0625,-400000.0625,-400000.0625,-400000.0625,-400000.0625,-400000.0625
23.719995975494385,-400000.0625,-400000.0625,-400000.0625,-400000.0625,-400000.0625,-400000.0625,-400000.0625,-400000.0625
23.720000743865967,-400000.0625,-400000.0625,-400000.0625,-400000.0625,-400000.0625,-400000.0625,-400000.0625,-400000.0625
23.720004320144653,-400000.0625,-400000.0625,-400000.0625,-400000.0625,-400000.0625,-400000.0625,-400000.0625,-400000.0625
23.72000813484192,-400000.0625,-400000.0625,-400000.0625,-400000.0625,-400000.0625,-400000.0625,-400000.0625,-400000.0625
23.720012187957764,-400000.0625,-400000.0625,-400000.0625,-400000.0625,-400000.0625,-400000.0625,-400000.0625,-400000.0625
23.72001576423645,-400000.0625,-400000.0625,-400000.0625,-400000.0625,-400000.0625,-400000.0625,-400000.0625,-400000.0625
23.720019340515137,-400000.0625,-400000.0625,-400000.0625,-400000.0625,-400000.0625,-400000.0625,-400000.0625,-400000.0625
23.720022916793823,-400000.0625,-400000.0625,-400000.0625,-400000.0625,-400000.0625,-400000.0625,-400000.0625,-400000.0625
23.72002673149109,-400000.0625,-400000.0625,-400000.0625,-400000.0625,-400000.0625,-400000.0625,-400000.0625,-400000.0625
23.720030307769775,-400000.0625,-400000.0625,-400000.0625,-400000.0625,-400000.0625,-400000.0625,-400000.0625,-400000.0625
23.720033884048462,-400000.0625,-400000.0625,-400000.0625,-400000.0625,-400000.0625,-400000.0625,-400000.0625,-400000.0625
23.72003746032715,-400000.0625,-400000.0625,-400000.0625,-400000.0625,-400000.0625,-400000.0625,-400000.0625,-400000.0625
23.720041036605835,-400000.0625,-400000.0625,-400000.0625,-400000.0625,-400000.0625,-400000.0625,-400000.0625,-400000.0625
23.84436273574829,-400000.0625,-400000.0625,-400000.0625,-400000.0625,-400000.0625,-400000.0625,-400000.0625,-400000.0625
23.90569019317627,-400000.0625,-400000.0625,-400000.0625,-400000.0625,-400000.0625,-400000.0625,-400000.0625,-400000.0625
24.02826952934265,-400000.0625,-400000.0625,-400000.0625,-400000.0625,-400000.0625,-400000.0625,-400000.0625,-400000.0625
24.14912438392639,-400000.0625,-400000.0625,-400000.0625,-400000.0625,-400000.0625,-400000.0625,-400000.0625,-400000.0625
24.222909450531006,-400000.0625,-400000.0625,-400000.0625,-400000.0625,-400000.0625,-400000.0625,-400000.0625,-400000.0625
24.289092540740967,-400000.0625,-400000.0625,-400000.0625,-400000.0625,-400000.0625,-400000.0625,-400000.0625,-400000.0625
24.341532707214355,-400000.0625,-400000.0625,-400000.0625,-400000.0625,-400000.0625,-400000.0625,-400000.0625,-400000.0625
24.40678572654724,-400000.0625,-400000.0625,-400000.0625,-400000.0625,-400000.0625,-400000.0625,-400000.0625,-400000.0625
24.47346544265747,-400000.0625,-400000.0625,-400000.0625,-400000.0625,-400000.0625,-400000.0625,-400000.0625,-400000.0625
24.547914028167725,-400000.0625,-400000.0625,-400000.0625,-400000.0625,-400000.0625,-400000.0625,-400000.0625,-400000.0625
24.6070716381073,-400000.0625,-400000.0625,-400000.0625,-400000.0625,-400000.0625,-400000.0625,-400000.0625,-400000.0625
24.760630130767822,-400000.0625,-400000.0625,-400000.0625,-400000.0625,-400000.0625,-400000.0625,-400000.0625,-400000.0625
24.792962074279785,-400000.0625,-400000.0625,-400000.0625,-400000.0625,-400000.0625,-400000.0625,-400000.0625,-400000.0625
24.91810917854309,-400000.0625,-400000.0625,-400000.0625,-400000.0625,-400000.0625,-400000.0625,-400000.0625,-400000.0625
25.045443534851074,-400000.0625,-400000.0625,-400000.0625,-400000.0625,-400000.0625,-400000.0625,-400000.0625,-400000.0625
25.189685344696045,-400000.0625,-400000.0625,-400000.0625,-400000.0625,-400000.0625,-400000.0625,-400000.0625,-400000.0625
25.240757942199707,-400000.0625,-400000.0625,-400000.0625,-400000.0625,-400000.0625,-400000.0625,-400000.0625,-400000.0625
25.30579662322998,-400000.0625,-400000.0625,-400000.0625,-400000.0625,-400000.0625,-400000.0625,-400000.0625,-400000.0625
25.441484212875366,-400000.0625,-400000.0625,-400000.0625,-400000.0625,-400000.0625,-400000.0625,-400000.0625,-400000.0625
25.50615358352661,-400000.0625,-400000.0625,-400000.0625,-400000.0625,-400000.0625,-400000.0625,-400000.0625,-400000.0625
25.621731996536255,-400000.0625,-400000.0625,-400000.0625,-400000.0625,-400000.0625,-400000.0625,-400000.0625,-400000.0625
25.69200849533081,-400000.0625,-400000.0625,-400000.0625,-400000.0625,-400000.0625,-400000.0625,-400000.0625,-400000.0625
25.750545501708984,-400000.0625,-400000.0625,-400000.0625,-400000.0625,-400000.0625,-400000.0625,-400000.0625,-400000.0625
25.760044813156128,-400000.0625,-400000.0625,-400000.0625,-400000.0625,-400000.0625,-400000.0625,-400000.0625,-400000.0625
25.76421070098877,-400000.0625,-400000.0625,-400000.0625,-400000.0625,-400000.0625,-400000.0625,-400000.0625,-400000.0625
25.764219045639038,-400000.0625,-400000.0625,-400000.0625,-400000.0625,-400000.0625,-400000.0625,-400000.0625,-400000.0625
25.764223337173462,-400000.0625,-400000.0625,-400000.0625,-400000.0625,-400000.0625,-400000.0625,-400000.0625,-400000.0625
25.76422691345215,-400000.0625,-400000.0625,-400000.0625,-400000.0625,-400000.0625,-400000.0625,-400000.0625,-400000.0625
25.764230489730835,-400000.0625,-400000.0625,-400000.0625,-400000.0625,-400000.0625,-400000.0625,-400000.0625,-400000.0625
25.764233827590942,-400000.0625,-400000.0625,-400000.0625,-400000.0625,-400000.0625,-400000.0625,-400000.0625,-400000.0625
25.76423740386963,-400000.0625,-400000.0625,-400000.0625,-400000.0625,-400000.0625,-400000.0625,-400000.0625,-400000.0625
25.764240980148315,-400000.0625,-400000.0625,-400000.0625,-400000.0625,-400000.0625,-400000.0625,-400000.0625,-400000.0625
25.76425266265869,-400000.0625,-400000.0625,-400000.0625,-400000.0625,-400000.0625,-400000.0625,-400000.0625,-400000.0625
25.764256477355957,-400000.0625,-400000.0625,-400000.0625,-400000.0625,-400000.0625,-400000.0625,-400000.0625,-400000.0625
25.764260053634644,-400000.0625,-400000.0625,-400000.0625,-400000.0625,-400000.0625,-400000.0625,-400000.0625,-400000.0625
25.76426386833191,-400000.0625,-400000.0625,-400000.0625,-400000.0625,-400000.0625,-400000.0625,-400000.0625,-400000.0625
25.764267444610596,-400000.0625,-400000.0625,-400000.0625,-400000.0625,-400000.0625,-400000.0625,-400000.0625,-400000.0625
25.7642719745636,-400000.0625,-400000.0625,-400000.0625,-400000.0625,-400000.0625,-400000.0625,-400000.0625,-400000.0625
25.86687445640564,-400000.0625,-400000.0625,-400000.0625,-400000.0625,-400000.0625,-400000.0625,-400000.0625,-400000.0625
25.877246618270874,-400000.0625,-400000.0625,-400000.0625,-400000.0625,-400000.0625,-400000.0625,-400000.0625,-400000.0625
25.881723642349243,-400000.0625,-400000.0625,-400000.0625,-400000.0625,-400000.0625,-400000.0625,-400000.0625,-400000.0625
25.88173222541809,-400000.0625,-400000.0625,-400000.0625,-400000.0625,-400000.0625,-400000.0625,-400000.0625,-400000.0625
25.881744623184204,-400000.0625,-400000.0625,-400000.0625,-400000.0625,-400000.0625,-400000.0625,-400000.0625,-400000.0625
25.88174867630005,-400000.0625,-400000.0625,-400000.0625,-400000.0625,-400000.0625,-400000.0625,-400000.0625,-400000.0625
25.881752252578735,-400000.0625,-400000.0625,-400000.0625,-400000.0625,-400000.0625,-400000.0625,-400000.0625,-400000.0625
25.881756067276,-400000.0625,-400000.0625,-400000.0625,-400000.0625,-400000.0625,-400000.0625,-400000.0625,-400000.0625
25.88175940513611,-400000.0625,-400000.0625,-400000.0625,-400000.0625,-400000.0625,-400000.0625,-400000.0625,-400000.0625
25.881763219833374,-400000.0625,-400000.0625,-400000.0625,-400000.0625,-400000.0625,-400000.0625,-400000.0625,-400000.0625
25.88176655769348,-400000.0625,-400000.0625,-400000.0625,-400000.0625,-400000.0625,-400000.0625,-400000.0625,-400000.0625
25.881770133972168,-400000.0625,-400000.0625,-400000.0625,-400000.0625,-400000.0625,-400000.0625,-400000.0625,-400000.0625
25.881773471832275,-400000.0625,-400000.0625,-400000.0625,-400000.0625,-400000.0625,-400000.0625,-400000.0625,-400000.0625
25.881776809692383,-400000.0625,-400000.0625,-400000.0625,-400000.0625,-400000.0625,-400000.0625,-400000.0625,-400000.0625
25.88178038597107,-400000.0625,-400000.0625,-400000.0625,-400000.0625,-400000.0625,-400000.0625,-400000.0625,-400000.0625
25.881783723831177,-400000.0625,-400000.0625,-400000.0625,-400000.0625,-400000.0625,-400000.0625,-400000.0625,-400000.0625
25.88305354118347,-400000.0625,-400000.0625,-400000.0625,-400000.0625,-400000.0625,-400000.0625,-400000.0625,-400000.0625
25.887556791305542,-400000.0625,-400000.0625,-400000.0625,-400000.0625,-400000.0625,-400000.0625,-400000.0625,-400000.0625
25.887563943862915,-400000.0625,-400000.0625,-400000.0625,-400000.0625,-400000.0625,-400000.0625,-400000.0625,-400000.0625
25.88756775856018,-400000.0625,-400000.0625,-400000.0625,-400000.0625,-400000.0625,-400000.0625,-400000.0625,-400000.0625
25.887571334838867,-400000.0625,-400000.0625,-400000.0625,-400000.0625,-400000.0625,-400000.0625,-400000.0625,-400000.0625
25.887574911117554,-400000.0625,-400000.0625,-400000.0625,-400000.0625,-400000.0625,-400000.0625,-400000.0625,-400000.0625
25.88757872581482,-400000.0625,-400000.0625,-400000.0625,-400000.0625,-400000.0625,-400000.0625,-400000.0625,-400000.0625
25.887582302093506,-400000.0625,-400000.0625,-400000.0625,-400000.0625,-400000.0625,-400000.0625,-400000.0625,-400000.0625
25.887585878372192,-400000.0625,-400000.0625,-400000.0625,-400000.0625,-400000.0625,-400000.0625,-400000.0625,-400000.0625
25.8875892162323,-400000.0625,-400000.0625,-400000.0625,-400000.0625,-400000.0625,-400000.0625,-400000.0625,-400000.0625
25.887592792510986,-400000.0625,-400000.0625,-400000.0625,-400000.0625,-400000.0625,-400000.0625,-400000.0625,-400000.0625
25.887596368789673,-400000.0625,-400000.0625,-400000.0625,-400000.0625,-400000.0625,-400000.0625,-400000.0625,-400000.0625
25.88759970664978,-400000.0625,-400000.0625,-400000.0625,-400000.0625,-400000.0625,-400000.0625,-400000.0625,-400000.0625
25.887603282928467,-400000.0625,-400000.0625,-400000.0625,-400000.0625,-400000.0625,-400000.0625,-400000.0625,-400000.0625
25.887606859207153,-400000.0625,-400000.0625,-400000.0625,-400000.0625,-400000.0625,-400000.0625,-400000.0625,-400000.0625
25.88761019706726,-400000.0625,-400000.0625,-400000.0625,-400000.0625,-400000.0625,-400000.0625,-400000.0625,-400000.0625
25.94925808906555,-400000.0625,-400000.0625,-400000.0625,-400000.0625,-400000.0625,-400000.0625,-400000.0625,-400000.0625
25.953720569610596,-400000.0625,-400000.0625,-400000.0625,-400000.0625,-400000.0625,-400000.0625,-400000.0625,-400000.0625
25.953728437423706,-400000.0625,-400000.0625,-400000.0625,-400000.0625,-400000.0625,-400000.0625,-400000.0625,-400000.0625
25.95373249053955,-400000.0625,-400000.0625,-400000.0625,-400000.0625,-400000.0625,-400000.0625,-400000.0625,-400000.0625
25.953736305236816,-400000.0625,-400000.0625,-400000.0625,-400000.0625,-400000.0625,-400000.0625,-400000.0625,-400000.0625
25.953739881515503,-400000.0625,-400000.0625,-400000.0625,-400000.0625,-400000.0625,-400000.0625,-400000.0625,-400000.0625
25.95374321937561,-400000.0625,-400000.0625,-400000.0625,-400000.0625,-400000.0625,-400000.0625,-400000.0625,-400000.0625
25.953746795654297,-400000.0625,-400000.0625,-400000.0625,-400000.0625,-400000.0625,-400000.0625,-400000.0625,-400000.0625
25.953750133514404,-400000.0625,-400000.0625,-400000.0625,-400000.0625,-400000.0625,-400000.0625,-400000.0625,-400000.0625
25.95375347137451,-400000.0625,-400000.0625,-400000.0625,-400000.0625,-400000.0625,-400000.0625,-400000.0625,-400000.0625
25.95375680923462,-400000.0625,-400000.0625,-400000.0625,-400000.0625,-400000.0625,-400000.0625,-400000.0625,-400000.0625
25.953760385513306,-400000.0625,-400000.0625,-400000.0625,-400000.0625,-400000.0625,-400000.0625,-400000.0625,-400000.0625
25.953763723373413,-400000.0625,-400000.0625,-400000.0625,-400000.0625,-400000.0625,-400000.0625,-400000.0625,-400000.0625
25.95377254486084,-400000.0625,-400000.0625,-400000.0625,-400000.0625,-400000.0625,-400000.0625,-400000.0625,-400000.0625
25.953776121139526,-400000.0625,-400000.0625,-400000.0625,-400000.0625,-400000.0625,-400000.0625,-400000.0625,-400000.0625
25.95378041267395,-400000.0625,-400000.0625,-400000.0625,-400000.0625,-400000.0625,-400000.0625,-400000.0625,-400000.0625
26.006807327270508,-400000.0625,-400000.0625,-400000.0625,-400000.0625,-400000.0625,-400000.0625,-400000.0625,-400000.0625
26.019309520721436,-400000.0625,-400000.0625,-400000.0625,-400000.0625,-400000.0625,-400000.0625,-400000.0625,-400000.0625
26.023540496826172,-400000.0625,-400000.0625,-400000.0625,-400000.0625,-400000.0625,-400000.0625,-400000.0625,-400000.0625
26.023549795150757,-400000.0625,-400000.0625,-400000.0625,-400000.0625,-400000.0625,-400000.0625,-400000.0625,-400000.0625
26.02355456352234,-400000.0625,-400000.0625,-400000.0625,-400000.0625,-400000.0625,-400000.0625,-400000.0625,-400000.0625
26.023559093475342,-400000.0625,-400000.0625,-400000.0625,-400000.0625,-400000.0625,-400000.0625,-400000.0625,-400000.0625
26.023562908172607,-400000.0625,-400000.0625,-400000.0625,-400000.0625,-400000.0625,-400000.0625,-400000.0625,-400000.0625
26.023566722869873,-400000.0625,-400000.0625,-400000.0625,-400000.0625,-400000.0625,-400000.0625,-400000.0625,-400000.0625
26.023570775985718,-400000.0625,-400000.0625,-400000.0625,-400000.0625,-400000.0625,-400000.0625,-400000.0625,-400000.0625
26.023574829101562,-400000.0625,-400000.0625,-400000.0625,-400000.0625,-400000.0625,-400000.0625,-400000.0625,-400000.0625
26.02357840538025,-400000.0625,-400000.0625,-400000.0625,-400000.0625,-400000.0625,-400000.0625,-400000.0625,-400000.0625
26.023581981658936,-400000.0625,-400000.0625,-400000.0625,-400000.0625,-400000.0625,-400000.0625,-400000.0625,-400000.0625
26.0235857963562,-400000.0625,-400000.0625,-400000.0625,-400000.0625,-400000.0625,-400000.0625,-400000.0625,-400000.0625
26.02359414100647,-400000.0625,-400000.0625,-400000.0625,-400000.0625,-400000.0625,-400000.0625,-400000.0625,-400000.0625
26.023598194122314,-400000.0625,-400000.0625,-400000.0625,-400000.0625,-400000.0625,-400000.0625,-400000.0625,-400000.0625
26.023603916168213,-400000.0625,-400000.0625,-400000.0625,-400000.0625,-400000.0625,-400000.0625,-400000.0625,-400000.0625
26.07053828239441,-400000.0625,-400000.0625,-400000.0625,-400000.0625,-400000.0625,-400000.0625,-400000.0625,-400000.0625
26.075307607650757,-400000.0625,-400000.0625,-400000.0625,-400000.0625,-400000.0625,-400000.0625,-400000.0625,-400000.0625
26.075316190719604,-400000.0625,-400000.0625,-400000.0625,-400000.0625,-400000.0625,-400000.0625,-400000.0625,-400000.0625
26.07532048225403,-400000.0625,-400000.0625,-400000.0625,-400000.0625,-400000.0625,-400000.0625,-400000.0625,-400000.0625
26.075324296951294,-400000.0625,-400000.0625,-400000.0625,-400000.0625,-400000.0625,-400000.0625,-400000.0625,-400000.0625
26.0753276348114,-400000.0625,-400000.0625,-400000.0625,-400000.0625,-400000.0625,-400000.0625,-400000.0625,-400000.0625
26.075331211090088,-400000.0625,-400000.0625,-400000.0625,-400000.0625,-400000.0625,-400000.0625,-400000.0625,-400000.0625
26.075334548950195,-400000.0625,-400000.0625,-400000.0625,-400000.0625,-400000.0625,-400000.0625,-400000.0625,-400000.0625
26.075338125228882,-400000.0625,-400000.0625,-400000.0625,-400000.0625,-400000.0625,-400000.0625,-400000.0625,-400000.0625
26.07534170150757,-400000.0625,-400000.0625,-400000.0625,-400000.0625,-400000.0625,-400000.0625,-400000.0625,-400000.0625
26.075345039367676,-400000.0625,-400000.0625,-400000.0625,-400000.0625,-400000.0625,-400000.0625,-400000.0625,-400000.0625
26.075355052947998,-400000.0625,-400000.0625,-400000.0625,-400000.0625,-400000.0625,-400000.0625,-400000.0625,-400000.0625
26.075358629226685,-400000.0625,-400000.0625,-400000.0625,-400000.0625,-400000.0625,-400000.0625,-400000.0625,-400000.0625
26.07536220550537,-400000.0625,-400000.0625,-400000.0625,-400000.0625,-400000.0625,-400000.0625,-400000.0625,-400000.0625
26.07536554336548,-400000.0625,-400000.0625,-400000.0625,-400000.0625,-400000.0625,-400000.0625,-400000.0625,-400000.0625
26.075368881225586,-400000.0625,-400000.0625,-400000.0625,-400000.0625,-400000.0625,-400000.0625,-400000.0625,-400000.0625
26.156465530395508,-400000.0625,-400000.0625,-400000.0625,-400000.0625,-400000.0625,-400000.0625,-400000.0625,-400000.0625
26.16738271713257,-400000.0625,-400000.0625,-400000.0625,-400000.0625,-400000.0625,-400000.0625,-400000.0625,-400000.0625
26.172040462493896,-400000.0625,-400000.0625,-400000.0625,-400000.0625,-400000.0625,-400000.0625,-400000.0625,-400000.0625
26.17204785346985,-400000.0625,-400000.0625,-400000.0625,-400000.0625,-400000.0625,-400000.0625,-400000.0625,-400000.0625
26.17205238342285,-400000.0625,-400000.0625,-400000.0625,-400000.0625,-400000.0625,-400000.0625,-400000.0625,-400000.0625
26.172056198120117,-400000.0625,-400000.0625,-400000.0625,-400000.0625,-400000.0625,-400000.0625,-400000.0625,-400000.0625
26.172077655792236,-400000.0625,-400000.0625,-400000.0625,-400000.0625,-400000.0625,-400000.0625,-400000.0625,-400000.0625
26.17208218574524,-400000.0625,-400000.0625,-400000.0625,-400000.0625,-400000.0625,-400000.0625,-400000.0625,-400000.0625
26.172085762023926,-400000.0625,-400000.0625,-400000.0625,-400000.0625,-400000.0625,-400000.0625,-400000.0625,-400000.0625
26.17209506034851,-400000.0625,-400000.0625,-400000.0625,-400000.0625,-400000.0625,-400000.0625,-400000.0625,-400000.0625
26.172098636627197,-400000.0625,-400000.0625,-400000.0625,-400000.0625,-400000.0625,-400000.0625,-400000.0625,-400000.0625
26.172102689743042,-400000.0625,-400000.0625,-400000.0625,-400000.0625,-400000.0625,-400000.0625,-400000.0625,-400000.0625
26.172106504440308,-400000.0625,-400000.0625,-400000.0625,-400000.0625,-400000.0625,-400000.0625,-400000.0625,-400000.0625
26.172110319137573,-400000.0625,-400000.0625,-400000.0625,-400000.0625,-400000.0625,-400000.0625,-400000.0625,-400000.0625
26.17211389541626,-400000.0625,-400000.0625,-400000.0625,-400000.0625,-400000.0625,-400000.0625,-400000.0625,-400000.0625
26.172117471694946,-400000.0625,-400000.0625,-400000.0625,-400000.0625,-400000.0625,-400000.0625,-400000.0625,-400000.0625
26.24030876159668,-400000.0625,-400000.0625,-400000.0625,-400000.0625,-400000.0625,-400000.0625,-400000.0625,-400000.0625
26.2458713054657,-400000.0625,-400000.0625,-400000.0625,-400000.0625,-400000.0625,-400000.0625,-400000.0625,-400000.0625
26.33991289138794,-400000.0625,-400000.0625,-400000.0625,-400000.0625,-400000.0625,-400000.0625,-400000.0625,-400000.0625
26.394336938858032,-400000.0625,-400000.0625,-400000.0625,-400000.0625,-400000.0625,-400000.0625,-400000.0625,-400000.0625
26.4680597782135,-400000.0625,-400000.0625,-400000.0625,-400000.0625,-400000.0625,-400000.0625,-400000.0625,-400000.0625
26.607028484344482,-400000.0625,-400000.0625,-400000.0625,-400000.0625,-400000.0625,-400000.0625,-400000.0625,-400000.0625
26.710431337356567,-400000.0625,-400000.0625,-400000.0625,-400000.0625,-400000.0625,-400000.0625,-400000.0625,-400000.0625
26.84132194519043,-400000.0625,-400000.0625,-400000.0625,-400000.0625,-400000.0625,-400000.0625,-400000.0625,-400000.0625
26.905948877334595,-400000.0625,-400000.0625,-400000.0625,-400000.0625,-400000.0625,-400000.0625,-400000.0625,-400000.0625
27.041712999343872,-400000.0625,-400000.0625,-400000.0625,-400000.0625,-400000.0625,-400000.0625,-400000.0625,-400000.0625
27.108086347579956,-400000.0625,-400000.0625,-400000.0625,-400000.0625,-400000.0625,-400000.0625,-400000.0625,-400000.0625
27.238362550735474,-400000.0625,-400000.0625,-400000.0625,-400000.0625,-400000.0625,-400000.0625,-400000.0625,-400000.0625
27.42313003540039,-400000.0625,-400000.0625,-400000.0625,-400000.0625,-400000.0625,-400000.0625,-400000.0625,-400000.0625
27.490507125854492,-400000.0625,-400000.0625,-400000.0625,-400000.0625,-400000.0625,-400000.0625,-400000.0625,-400000.0625
27.55634570121765,-400000.0625,-400000.0625,-400000.0625,-400000.0625,-400000.0625,-400000.0625,-400000.0625,-400000.0625
27.71306324005127,-400000.0625,-400000.0625,-400000.0625,-400000.0625,-400000.0625,-400000.0625,-400000.0625,-400000.0625
27.753050088882446,-400000.0625,-400000.0625,-400000.0625,-400000.0625,-400000.0625,-400000.0625,-400000.0625,-400000.0625
27.807716369628906,-400000.0625,-400000.0625,-400000.0625,-400000.0625,-400000.0625,-400000.0625,-400000.0625,-400000.0625
27.926647901535034,-400000.0625,-400000.0625,-400000.0625,-400000.0625,-400000.0625,-400000.0625,-400000.0625,-400000.0625
27.991796255111694,-400000.0625,-400000.0625,-400000.0625,-400000.0625,-400000.0625,-400000.0625,-400000.0625,-400000.0625
28.074748277664185,-400000.0625,-400000.0625,-400000.0625,-400000.0625,-400000.0625,-400000.0625,-400000.0625,-400000.0625
28.122916221618652,-400000.0625,-400000.0625,-400000.0625,-400000.0625,-400000.0625,-400000.0625,-400000.0625,-400000.0625
28.207024812698364,-400000.0625,-400000.0625,-400000.0625,-400000.0625,-400000.0625,-400000.0625,-400000.0625,-400000.0625
28.25047016143799,-400000.0625,-400000.0625,-400000.0625,-400000.0625,-400000.0625,-400000.0625,-400000.0625,-400000.0625
28.254993200302124,-400000.0625,-400000.0625,-400000.0625,-400000.0625,-400000.0625,-400000.0625,-400000.0625,-400000.0625
28.25500178337097,-400000.0625,-400000.0625,-400000.0625,-400000.0625,-400000.0625,-400000.0625,-400000.0625,-400000.0625
28.255005836486816,-400000.0625,-400000.0625,-400000.0625,-400000.0625,-400000.0625,-400000.0625,-400000.0625,-400000.0625
28.255009651184082,-400000.0625,-400000.0625,-400000.0625,-400000.0625,-400000.0625,-400000.0625,-400000.0625,-400000.0625
28.25501322746277,-400000.0625,-400000.0625,-400000.0625,-400000.0625,-400000.0625,-400000.0625,-400000.0625,-400000.0625
28.255016803741455,-400000.0625,-400000.0625,-400000.0625,-400000.0625,-400000.0625,-400000.0625,-400000.0625,-400000.0625
28.25502038002014,-400000.0625,-400000.0625,-400000.0625,-400000.0625,-400000.0625,-400000.0625,-400000.0625,-400000.0625
28.255023956298828,-400000.0625,-400000.0625,-400000.0625,-400000.0625,-400000.0625,-400000.0625,-400000.0625,-400000.0625
28.255027294158936,-400000.0625,-400000.0625,-400000.0625,-400000.0625,-400000.0625,-400000.0625,-400000.0625,-400000.0625
28.255030870437622,-400000.0625,-400000.0625,-400000.0625,-400000.0625,-400000.0625,-400000.0625,-400000.0625,-400000.0625
28.255034923553467,-400000.0625,-400000.0625,-400000.0625,-400000.0625,-400000.0625,-400000.0625,-400000.0625,-400000.0625
28.255038499832153,-400000.0625,-400000.0625,-400000.0625,-400000.0625,-400000.0625,-400000.0625,-400000.0625,-400000.0625
28.25504183769226,-400000.0625,-400000.0625,-400000.0625,-400000.0625,-400000.0625,-400000.0625,-400000.0625,-400000.0625
28.255045652389526,-400000.0625,-400000.0625,-400000.0625,-400000.0625,-400000.0625,-400000.0625,-400000.0625,-400000.0625
28.255049228668213,-400000.0625,-400000.0625,-400000.0625,-400000.0625,-400000.0625,-400000.0625,-400000.0625,-400000.0625
28.310307502746582,-400000.0625,-400000.0625,-400000.0625,-400000.0625,-400000.0625,-400000.0625,-400000.0625,-400000.0625
28.31864905357361,-400000.0625,-400000.0625,-400000.0625,-400000.0625,-400000.0625,-400000.0625,-400000.0625,-400000.0625
28.322630167007446,-400000.0625,-400000.0625,-400000.0625,-400000.0625,-400000.0625,-400000.0625,-400000.0625,-400000.0625
28.322637796401978,-400000.0625,-400000.0625,-400000.0625,-400000.0625,-400000.0625,-400000.0625,-400000.0625,-400000.0625
28.322641849517822,-400000.0625,-400000.0625,-400000.0625,-400000.0625,-400000.0625,-400000.0625,-400000.0625,-400000.0625
28.322645664215088,-400000.0625,-400000.0625,-400000.0625,-400000.0625,-400000.0625,-400000.0625,-400000.0625,-400000.0625
28.322649240493774,-400000.0625,-400000.0625,-400000.0625,-400000.0625,-400000.0625,-400000.0625,-400000.0625,-400000.0625
28.32265281677246,-400000.0625,-400000.0625,-400000.0625,-400000.0625,-400000.0625,-400000.0625,-400000.0625,-400000.0625
28.322656631469727,-400000.0625,-400000.0625,-400000.0625,-400000.0625,-400000.0625,-400000.0625,-400000.0625,-400000.0625
28.322660207748413,-400000.0625,-400000.0625,-400000.0625,-400000.0625,-400000.0625,-400000.0625,-400000.0625,-400000.0625
28.3226637840271,-400000.0625,-400000.0625,-400000.0625,-400000.0625,-400000.0625,-400000.0625,-400000.0625,-400000.0625
28.322667360305786,-400000.0625,-400000.0625,-400000.0625,-400000.0625,-400000.0625,-400000.0625,-400000.0625,-400000.0625
28.32267713546753,-400000.0625,-400000.0625,-400000.0625,-400000.0625,-400000.0625,-400000.0625,-400000.0625,-400000.0625
28.322680711746216,-400000.0625,-400000.0625,-400000.0625,-400000.0625,-400000.0625,-400000.0625,-400000.0625,-400000.0625
28.322684288024902,-400000.0625,-400000.0625,-400000.0625,-400000.0625,-400000.0625,-400000.0625,-400000.0625,-400000.0625
28.32268762588501,-400000.0625,-400000.0625,-400000.0625,-400000.0625,-400000.0625,-400000.0625,-400000.0625,-400000.0625
28.435383796691895,-400000.0625,-400000.0625,-400000.0625,-400000.0625,-400000.0625,-400000.0625,-400000.0625,-400000.0625
28.445608377456665,-400000.0625,-400000.0625,-400000.0625,-400000.0625,-400000.0625,-400000.0625,-400000.0625,-400000.0625
28.450915098190308,-400000.0625,-400000.0625,-400000.0625,-400000.0625,-400000.0625,-400000.0625,-400000.0625,-400000.0625
28.454928636550903,-400000.0625,-400000.0625,-400000.0625,-400000.0625,-400000.0625,-400000.0625,-400000.0625,-400000.0625
28.454935312271118,-400000.0625,-400000.0625,-400000.0625,-400000.0625,-400000.0625,-400000.0625,-400000.0625,-400000.0625
28.454939126968384,-400000.0625,-400000.0625,-400000.0625,-400000.0625,-400000.0625,-400000.0625,-400000.0625,-400000.0625
28.45494270324707,-400000.0625,-400000.0625,-400000.0625,-400000.0625,-400000.0625,-400000.0625,-400000.0625,-400000.0625
28.454946041107178,-400000.0625,-400000.0625,-400000.0625,-400000.0625,-400000.0625,-400000.0625,-400000.0625,-400000.0625
28.454949378967285,-400000.0625,-400000.0625,-400000.0625,-400000.0625,-400000.0625,-400000.0625,-400000.0625,-400000.0625
28.454952716827393,-400000.0625,-400000.0625,-400000.0625,-400000.0625,-400000.0625,-400000.0625,-400000.0625,-400000.0625
28.454956531524658,-400000.0625,-400000.0625,-400000.0625,-400000.0625,-400000.0625,-400000.0625,-400000.0625,-400000.0625
28.454959630966187,-400000.0625,-400000.0625,-400000.0625,-400000.0625,-400000.0625,-400000.0625,-400000.0625,-400000.0625
28.454965353012085,-400000.0625,-400000.0625,-400000.0625,-400000.0625,-400000.0625,-400000.0625,-400000.0625,-400000.0625
28.45496892929077,-400000.0625,-400000.0625,-400000.0625,-400000.0625,-400000.0625,-400000.0625,-400000.0625,-400000.0625
28.4549720287323,-400000.0625,-400000.0625,-400000.0625,-400000.0625,-400000.0625,-400000.0625,-400000.0625,-400000.0625
28.45497965812683,-400000.0625,-400000.0625,-400000.0625,-400000.0625,-400000.0625,-400000.0625,-400000.0625,-400000.0625
28.4576895236969,-400000.0625,-400000.0625,-400000.0625,-400000.0625,-400000.0625,-400000.0625,-400000.0625,-400000.0625
28.462368488311768,-400000.0625,-400000.0625,-400000.0625,-400000.0625,-400000.0625,-400000.0625,-400000.0625,-400000.0625
28.462377071380615,-400000.0625,-400000.0625,-400000.0625,-400000.0625,-400000.0625,-400000.0625,-400000.0625,-400000.0625
28.462467193603516,-400000.0625,-400000.0625,-400000.0625,-400000.0625,-400000.0625,-400000.0625,-400000.0625,-400000.0625
28.462484121322632,-400000.0625,-400000.0625,-400000.0625,-400000.0625,-400000.0625,-400000.0625,-400000.0625,-400000.0625
28.462493181228638,-400000.0625,-400000.0625,-400000.0625,-400000.0625,-400000.0625,-400000.0625,-400000.0625,-400000.0625
28.46250057220459,-400000.0625,-400000.0625,-400000.0625,-400000.0625,-400000.0625,-400000.0625,-400000.0625,-400000.0625
28.46250820159912,-400000.0625,-400000.0625,-400000.0625,-400000.0625,-400000.0625,-400000.0625,-400000.0625,-400000.0625
28.462515354156494,-400000.0625,-400000.0625,-400000.0625,-400000.0625,-400000.0625,-400000.0625,-400000.0625,-400000.0625
28.462522745132446,-400000.0625,-400000.0625,-400000.0625,-400000.0625,-400000.0625,-400000.0625,-400000.0625,-400000.0625
28.46252965927124,-400000.0625,-400000.0625,-400000.0625,-400000.0625,-400000.0625,-400000.0625,-400000.0625,-400000.0625
28.462536811828613,-400000.0625,-400000.0625,-400000.0625,-400000.0625,-400000.0625,-400000.0625,-400000.0625,-400000.0625
28.462543725967407,-400000.0625,-400000.0625,-400000.0625,-400000.0625,-400000.0625,-400000.0625,-400000.0625,-400000.0625
28.462557077407837,-400000.0625,-400000.0625,-400000.0625,-400000.0625,-400000.0625,-400000.0625,-400000.0625,-400000.0625
28.462564706802368,-400000.0625,-400000.0625,-400000.0625,-400000.0625,-400000.0625,-400000.0625,-400000.0625,-400000.0625
28.46257185935974,-400000.0625,-400000.0625,-400000.0625,-400000.0625,-400000.0625,-400000.0625,-400000.0625,-400000.0625
28.51034927368164,-400000.0625,-400000.0625,-400000.0625,-400000.0625,-400000.0625,-400000.0625,-400000.0625,-400000.0625
28.514925479888916,-400000.0625,-400000.0625,-400000.0625,-400000.0625,-400000.0625,-400000.0625,-400000.0625,-400000.0625
28.5149347782135,-400000.0625,-400000.0625,-400000.0625,-400000.0625,-400000.0625,-400000.0625,-400000.0625,-400000.0625
28.514938831329346,-400000.0625,-400000.0625,-400000.0625,-400000.0625,-400000.0625,-400000.0625,-400000.0625,-400000.0625
28.51494264602661,-400000.0625,-400000.0625,-400000.0625,-400000.0625,-400000.0625,-400000.0625,-400000.0625,-400000.0625
28.514946222305298,-400000.0625,-400000.0625,-400000.0625,-400000.0625,-400000.0625,-400000.0625,-400000.0625,-400000.0625
28.514950037002563,-400000.0625,-400000.0625,-400000.0625,-400000.0625,-400000.0625,-400000.0625,-400000.0625,-400000.0625
28.51495385169983,-400000.0625,-400000.0625,-400000.0625,-400000.0625,-400000.0625,-400000.0625,-400000.0625,-400000.0625
28.514957427978516,-400000.0625,-400000.0625,-400000.0625,-400000.0625,-400000.0625,-400000.0625,-400000.0625,-400000.0625
28.514961004257202,-400000.0625,-400000.0625,-400000.0625,-400000.0625,-400000.0625,-400000.0625,-400000.0625,-400000.0625
28.51496458053589,-400000.0625,-400000.0625,-400000.0625,-400000.0625,-400000.0625,-400000.0625,-400000.0625,-400000.0625
28.514973163604736,-400000.0625,-400000.0625,-400000.0625,-400000.0625,-400000.0625,-400000.0625,-400000.0625,-400000.0625
28.514976739883423,-400000.0625,-400000.0625,-400000.0625,-400000.0625,-400000.0625,-400000.0625,-400000.0625,-400000.0625
28.51498031616211,-400000.0625,-400000.0625,-400000.0625,-400000.0625,-400000.0625,-400000.0625,-400000.0625,-400000.0625
28.514983654022217,-400000.0625,-400000.0625,-400000.0625,-400000.0625,-400000.0625,-400000.0625,-400000.0625,-400000.0625
28.51498818397522,-400000.0625,-400000.0625,-400000.0625,-400000.0625,-400000.0625,-400000.0625,-400000.0625,-400000.0625
28.565473794937134,-400000.0625,-400000.0625,-400000.0625,-400000.0625,-400000.0625,-400000.0625,-400000.0625,-400000.0625
28.574498414993286,-400000.0625,-400000.0625,-400000.0625,-400000.0625,-400000.0625,-400000.0625,-400000.0625,-400000.0625
28.57950258255005,-400000.0625,-400000.0625,-400000.0625,-400000.0625,-400000.0625,-400000.0625,-400000.0625,-400000.0625
28.583749294281006,-400000.0625,-400000.0625,-400000.0625,-400000.0625,-400000.0625,-400000.0625,-400000.0625,-400000.0625
28.583757162094116,-400000.0625,-400000.0625,-400000.0625,-400000.0625,-400000.0625,-400000.0625,-400000.0625,-400000.0625
28.58376145362854,-400000.0625,-400000.0625,-400000.0625,-400000.0625,-400000.0625,-400000.0625,-400000.0625,-400000.0625
28.583765268325806,-400000.0625,-400000.0625,-400000.0625,-400000.0625,-400000.0625,-400000.0625,-400000.0625,-400000.0625
28.583768844604492,-400000.0625,-400000.0625,-400000.0625,-400000.0625,-400000.0625,-400000.0625,-400000.0625,-400000.0625
28.58377242088318,-400000.0625,-400000.0625,-400000.0625,-400000.0625,-400000.0625,-400000.0625,-400000.0625,-400000.0625
28.58378839492798,-400000.0625,-400000.0625,-400000.0625,-400000.0625,-400000.0625,-400000.0625,-400000.0625,-400000.0625
28.583792686462402,-400000.0625,-400000.0625,-400000.0625,-400000.0625,-400000.0625,-400000.0625,-400000.0625,-400000.0625
28.583796501159668,-400000.0625,-400000.0625,-400000.0625,-400000.0625,-400000.0625,-400000.0625,-400000.0625,-400000.0625
28.583800077438354,-400000.0625,-400000.0625,-400000.0625,-400000.0625,-400000.0625,-400000.0625,-400000.0625,-400000.0625
28.58380389213562,-400000.0625,-400000.0625,-400000.0625,-400000.0625,-400000.0625,-400000.0625,-400000.0625,-400000.0625
28.583807229995728,-400000.0625,-400000.0625,-400000.0625,-400000.0625,-400000.0625,-400000.0625,-400000.0625,-400000.0625
28.583810806274414,-400000.0625,-400000.0625,-400000.0625,-400000.0625,-400000.0625,-400000.0625,-400000.0625,-400000.0625
28.64287829399109,-400000.0625,-400000.0625,-400000.0625,-400000.0625,-400000.0625,-400000.0625,-400000.0625,-400000.0625
28.647606372833252,-400000.0625,-400000.0625,-400000.0625,-400000.0625,-400000.0625,-400000.0625,-400000.0625,-400000.0625
28.6476149559021,-400000.0625,-400000.0625,-400000.0625,-400000.0625,-400000.0625,-400000.0625,-400000.0625,-400000.0625
28.647621393203735,-400000.0625,-400000.0625,-400000.0625,-400000.0625,-400000.0625,-400000.0625,-400000.0625,-400000.0625
28.647624731063843,-400000.0625,-400000.0625,-400000.0625,-400000.0625,-400000.0625,-400000.0625,-400000.0625,-400000.0625
28.64762854576111,-400000.0625,-400000.0625,-400000.0625,-400000.0625,-400000.0625,-400000.0625,-400000.0625,-400000.0625
28.647631645202637,-400000.0625,-400000.0625,-400000.0625,-400000.0625,-400000.0625,-400000.0625,-400000.0625,-400000.0625
28.647634506225586,-400000.0625,-400000.0625,-400000.0625,-400000.0625,-400000.0625,-400000.0625,-400000.0625,-400000.0625
28.64763832092285,-400000.0625,-400000.0625,-400000.0625,-400000.0625,-400000.0625,-400000.0625,-400000.0625,-400000.0625
28.647641897201538,-400000.0625,-400000.0625,-400000.0625,-400000.0625,-400000.0625,-400000.0625,-400000.0625,-400000.0625
28.647646188735962,-400000.0625,-400000.0625,-400000.0625,-400000.0625,-400000.0625,-400000.0625,-400000.0625,-400000.0625
28.64764976501465,-400000.0625,-400000.0625,-400000.0625,-400000.0625,-400000.0625,-400000.0625,-400000.0625,-400000.0625
28.647653102874756,-400000.0625,-400000.0625,-400000.0625,-400000.0625,-400000.0625,-400000.0625,-400000.0625,-400000.0625
28.647656440734863,-400000.0625,-400000.0625,-400000.0625,-400000.0625,-400000.0625,-400000.0625,-400000.0625,-400000.0625
28.64765977859497,-400000.0625,-400000.0625,-400000.0625,-400000.0625,-400000.0625,-400000.0625,-400000.0625,-400000.0625
28.647663116455078,-400000.0625,-400000.0625,-400000.0625,-400000.0625,-400000.0625,-400000.0625,-400000.0625,-400000.0625
28.695415496826172,-400000.0625,-400000.0625,-400000.0625,-400000.0625,-400000.0625,-400000.0625,-400000.0625,-400000.0625
28.704174041748047,-400000.0625,-400000.0625,-400000.0625,-400000.0625,-400000.0625,-400000.0625,-400000.0625,-400000.0625
28.708895683288574,-400000.0625,-400000.0625,-400000.0625,-400000.0625,-400000.0625,-400000.0625,-400000.0625,-400000.0625
28.708904266357422,-400000.0625,-400000.0625,-400000.0625,-400000.0625,-400000.0625,-400000.0625,-400000.0625,-400000.0625
28.708909034729004,-400000.0625,-400000.0625,-400000.0625,-400000.0625,-400000.0625,-400000.0625,-400000.0625,-400000.0625
28.70891284942627,-400000.0625,-400000.0625,-400000.0625,-400000.0625,-400000.0625,-400000.0625,-400000.0625,-400000.0625
28.708916664123535,-400000.0625,-400000.0625,-400000.0625,-400000.0625,-400000.0625,-400000.0625,-400000.0625,-400000.0625
28.7089204788208,-400000.0625,-400000.0625,-400000.0625,-400000.0625,-400000.0625,-400000.0625,-400000.0625,-400000.0625
28.708924055099487,-400000.0625,-400000.0625,-400000.0625,-400000.0625,-400000.0625,-400000.0625,-400000.0625,-400000.0625
28.708927631378174,-400000.0625,-400000.0625,-400000.0625,-400000.0625,-400000.0625,-400000.0625,-400000.0625,-400000.0625
28.70893120765686,-400000.0625,-400000.0625,-400000.0625,-400000.0625,-400000.0625,-400000.0625,-400000.0625,-400000.0625
28.708934783935547,-400000.0625,-400000.0625,-400000.0625,-400000.0625,-400000.0625,-400000.0625,-400000.0625,-400000.0625
28.708938121795654,-400000.0625,-400000.0625,-400000.0625,-400000.0625,-400000.0625,-400000.0625,-400000.0625,-400000.0625
28.70894145965576,-400000.0625,-400000.0625,-400000.0625,-400000.0625,-400000.0625,-400000.0625,-400000.0625,-400000.0625
28.70894503593445,-400000.0625,-400000.0625,-400000.0625,-400000.0625,-400000.0625,-400000.0625,-400000.0625,-400000.0625
28.708948612213135,-400000.0625,-400000.0625,-400000.0625,-400000.0625,-400000.0625,-400000.0625,-400000.0625,-400000.0625
28.758049726486206,-400000.0625,-400000.0625,-400000.0625,-400000.0625,-400000.0625,-400000.0625,-400000.0625,-400000.0625
28.823814153671265,-400000.0625,-400000.0625,-400000.0625,-400000.0625,-400000.0625,-400000.0625,-400000.0625,-400000.0625
28.906611442565918,-400000.0625,-400000.0625,-400000.0625,-400000.0625,-400000.0625,-400000.0625,-400000.0625,-400000.0625
29.03044581413269,-400000.0625,-400000.0625,-400000.0625,-400000.0625,-400000.0625,-400000.0625,-400000.0625,-400000.0625
29.17318868637085,-400000.0625,-400000.0625,-400000.0625,-400000.0625,-400000.0625,-400000.0625,-400000.0625,-400000.0625
29.209142684936523,-400000.0625,-400000.0625,-400000.0625,-400000.0625,-400000.0625,-400000.0625,-400000.0625,-400000.0625
29.272605180740356,-400000.0625,-400000.0625,-400000.0625,-400000.0625,-400000.0625,-400000.0625,-400000.0625,-400000.0625
29.34469699859619,-400000.0625,-400000.0625,-400000.0625,-400000.0625,-400000.0625,-400000.0625,-400000.0625,-400000.0625
29.46577024459839,-400000.0625,-400000.0625,-400000.0625,-400000.0625,-400000.0625,-400000.0625,-400000.0625,-400000.0625
29.544045209884644,-400000.0625,-400000.0625,-400000.0625,-400000.0625,-400000.0625,-400000.0625,-400000.0625,-400000.0625
29.595281839370728,-400000.0625,-400000.0625,-400000.0625,-400000.0625,-400000.0625,-400000.0625,-400000.0625,-400000.0625
29.672395706176758,-400000.0625,-400000.0625,-400000.0625,-400000.0625,-400000.0625,-400000.0625,-400000.0625,-400000.0625
29.71795415878296,-400000.0625,-400000.0625,-400000.0625,-400000.0625,-400000.0625,-400000.0625,-400000.0625,-400000.0625
29.795408487319946,-400000.0625,-400000.0625,-400000.0625,-400000.0625,-400000.0625,-400000.0625,-400000.0625,-400000.0625
29.910395622253418,-400000.0625,-400000.0625,-400000.0625,-400000.0625,-400000.0625,-400000.0625,-400000.0625,-400000.0625
29.973830223083496,-400000.0625,-400000.0625,-400000.0625,-400000.0625,-400000.0625,-400000.0625,-400000.0625,-400000.0625
30.04044795036316,-400000.0625,-400000.0625,-400000.0625,-400000.0625,-400000.0625,-400000.0625,-400000.0625,-400000.0625
30.274049282073975,-400000.0625,-400000.0625,-400000.0625,-400000.0625,-400000.0625,-400000.0625,-400000.0625,-400000.0625
30.359179258346558,-400000.0625,-400000.0625,-400000.0625,-400000.0625,-400000.0625,-400000.0625,-400000.0625,-400000.0625
30.492040872573853,-400000.0625,-400000.0625,-400000.0625,-400000.0625,-400000.0625,-400000.0625,-400000.0625,-400000.0625
30.642887592315674,-400000.0625,-400000.0625,-400000.0625,-400000.0625,-400000.0625,-400000.0625,-400000.0625,-400000.0625
30.678849697113037,-400000.0625,-400000.0625,-400000.0625,-400000.0625,-400000.0625,-400000.0625,-400000.0625,-400000.0625
30.741910934448242,-400000.0625,-400000.0625,-400000.0625,-400000.0625,-400000.0625,-400000.0625,-400000.0625,-400000.0625
30.806652784347534,-400000.0625,-400000.0625,-400000.0625,-400000.0625,-400000.0625,-400000.0625,-400000.0625,-400000.0625
30.81508183479309,-400000.0625,-400000.0625,-400000.0625,-400000.0625,-400000.0625,-400000.0625,-400000.0625,-400000.0625
30.81893014907837,-400000.0625,-400000.0625,-400000.0625,-400000.0625,-400000.0625,-400000.0625,-400000.0625,-400000.0625
30.81893754005432,-400000.0625,-400000.0625,-400000.0625,-400000.0625,-400000.0625,-400000.0625,-400000.0625,-400000.0625
30.818941116333008,-400000.0625,-400000.0625,-400000.0625,-400000.0625,-400000.0625,-400000.0625,-400000.0625,-400000.0625
30.818944454193115,-400000.0625,-400000.0625,-400000.0625,-400000.0625,-400000.0625,-400000.0625,-400000.0625,-400000.0625
30.818947553634644,-400000.0625,-400000.0625,-400000.0625,-400000.0625,-400000.0625,-400000.0625,-400000.0625,-400000.0625
30.818950653076172,-400000.0625,-400000.0625,-400000.0625,-400000.0625,-400000.0625,-400000.0625,-400000.0625,-400000.0625
30.81895399093628,-400000.0625,-400000.0625,-400000.0625,-400000.0625,-400000.0625,-400000.0625,-400000.0625,-400000.0625
30.818957090377808,-400000.0625,-400000.0625,-400000.0625,-400000.0625,-400000.0625,-400000.0625,-400000.0625,-400000.0625
30.818960428237915,-400000.0625,-400000.0625,-400000.0625,-400000.0625,-400000.0625,-400000.0625,-400000.0625,-400000.0625
30.818963527679443,-400000.0625,-400000.0625,-400000.0625,-400000.0625,-400000.0625,-400000.0625,-400000.0625,-400000.0625
30.81896662712097,-400000.0625,-400000.0625,-400000.0625,-400000.0625,-400000.0625,-400000.0625,-400000.0625,-400000.0625
30.8189697265625,-400000.0625,-400000.0625,-400000.0625,-400000.0625,-400000.0625,-400000.0625,-400000.0625,-400000.0625
30.818973064422607,-400000.0625,-400000.0625,-400000.0625,-400000.0625,-400000.0625,-400000.0625,-400000.0625,-400000.0625
30.818976163864136,-400000.0625,-400000.0625,-400000.0625,-400000.0625,-400000.0625,-400000.0625,-400000.0625,-400000.0625
30.873076915740967,-400000.0625,-400000.0625,-400000.0625,-400000.0625,-400000.0625,-400000.0625,-400000.0625,-400000.0625
30.87870979309082,-400000.0625,-400000.0625,-400000.0625,-400000.0625,-400000.0625,-400000.0625,-400000.0625,-400000.0625
30.882925510406494,-400000.0625,-400000.0625,-400000.0625,-400000.0625,-400000.0625,-400000.0625,-400000.0625,-400000.0625
30.882933616638184,-400000.0625,-400000.0625,-400000.0625,-400000.0625,-400000.0625,-400000.0625,-400000.0625,-400000.0625
30.882937908172607,-400000.0625,-400000.0625,-400000.0625,-400000.0625,-400000.0625,-400000.0625,-400000.0625,-400000.0625
30.882941484451294,-400000.0625,-400000.0625,-400000.0625,-400000.0625,-400000.0625,-400000.0625,-400000.0625,-400000.0625
30.88294553756714,-400000.0625,-400000.0625,-400000.0625,-400000.0625,-400000.0625,-400000.0625,-400000.0625,-400000.0625
30.882949113845825,-400000.0625,-400000.0625,-400000.0625,-400000.0625,-400000.0625,-400000.0625,-400000.0625,-400000.0625
30.882952451705933,-400000.0625,-400000.0625,-400000.0625,-400000.0625,-400000.0625,-400000.0625,-400000.0625,-400000.0625
30.88295578956604,-400000.0625,-400000.0625,-400000.0625,-400000.0625,-400000.0625,-400000.0625,-400000.0625,-400000.0625
30.882959365844727,-400000.0625,-400000.0625,-400000.0625,-400000.0625,-400000.0625,-400000.0625,-400000.0625,-400000.0625
30.882962703704834,-400000.0625,-400000.0625,-400000.0625,-400000.0625,-400000.0625,-400000.0625,-400000.0625,-400000.0625
30.88296627998352,-400000.0625,-400000.0625,-400000.0625,-400000.0625,-400000.0625,-400000.0625,-400000.0625,-400000.0625
30.882969617843628,-400000.0625,-400000.0625,-400000.0625,-400000.0625,-400000.0625,-400000.0625,-400000.0625,-400000.0625
30.882973194122314,-400000.0625,-400000.0625,-400000.0625,-400000.0625,-400000.0625,-400000.0625,-400000.0625,-400000.0625
30.88297748565674,-400000.0625,-400000.0625,-400000.0625,-400000.0625,-400000.0625,-400000.0625,-400000.0625,-400000.0625
30.94780135154724,-400000.0625,-400000.0625,-400000.0625,-400000.0625,-400000.0625,-400000.0625,-400000.0625,-400000.0625
30.956393480300903,-400000.0625,-400000.0625,-400000.0625,-400000.0625,-400000.0625,-400000.0625,-400000.0625,-400000.0625
30.96262502670288,-400000.0625,-400000.0625,-400000.0625,-400000.0625,-400000.0625,-400000.0625,-400000.0625,-400000.0625
30.96695113182068,-400000.0625,-400000.0625,-400000.0625,-400000.0625,-400000.0625,-400000.0625,-400000.0625,-400000.0625
30.966959238052368,-400000.0625,-400000.0625,-400000.0625,-400000.0625,-400000.0625,-400000.0625,-400000.0625,-400000.0625
30.966963291168213,-400000.0625,-400000.0625,-400000.0625,-400000.0625,-400000.0625,-400000.0625,-400000.0625,-400000.0625
30.966967344284058,-400000.0625,-400000.0625,-400000.0625,-400000.0625,-400000.0625,-400000.0625,-400000.0625,-400000.0625
30.966970920562744,-400000.0625,-400000.0625,-400000.0625,-400000.0625,-400000.0625,-400000.0625,-400000.0625,-400000.0625
30.96697449684143,-400000.0625,-400000.0625,-400000.0625,-400000.0625,-400000.0625,-400000.0625,-400000.0625,-400000.0625
30.966978073120117,-400000.0625,-400000.0625,-400000.0625,-400000.0625,-400000.0625,-400000.0625,-400000.0625,-400000.0625
30.966981887817383,-400000.0625,-400000.0625,-400000.0625,-400000.0625,-400000.0625,-400000.0625,-400000.0625,-400000.0625
30.96698546409607,-400000.0625,-400000.0625,-400000.0625,-400000.0625,-400000.0625,-400000.0625,-400000.0625,-400000.0625
30.966988801956177,-400000.0625,-400000.0625,-400000.0625,-400000.0625,-400000.0625,-400000.0625,-400000.0625,-400000.0625
30.966992378234863,-400000.0625,-400000.0625,-400000.0625,-400000.0625,-400000.0625,-400000.0625,-400000.0625,-400000.0625
30.96699571609497,-400000.0625,-400000.0625,-400000.0625,-400000.0625,-400000.0625,-400000.0625,-400000.0625,-400000.0625
30.966999053955078,-400000.0625,-400000.0625,-400000.0625,-400000.0625,-400000.0625,-400000.0625,-400000.0625,-400000.0625
31.012357711791992,-400000.0625,-400000.0625,-400000.0625,-400000.0625,-400000.0625,-400000.0625,-400000.0625,-400000.0625
31.01694345474243,-400000.0625,-400000.0625,-400000.0625,-400000.0625,-400000.0625,-400000.0625,-400000.0625,-400000.0625
31.0169517993927,-400000.0625,-400000.0625,-400000.0625,-400000.0625,-400000.0625,-400000.0625,-400000.0625,-400000.0625
31.016956090927124,-400000.0625,-400000.0625,-400000.0625,-400000.0625,-400000.0625,-400000.0625,-400000.0625,-400000.0625
31.01695990562439,-400000.0625,-400000.0625,-400000.0625,-400000.0625,-400000.0625,-400000.0625,-400000.0625,-400000.0625
31.016963481903076,-400000.0625,-400000.0625,-400000.0625,-400000.0625,-400000.0625,-400000.0625,-400000.0625,-400000.0625
31.016967058181763,-400000.0625,-400000.0625,-400000.0625,-400000.0625,-400000.0625,-400000.0625,-400000.0625,-400000.0625
31.01697039604187,-400000.0625,-400000.0625,-400000.0625,-400000.0625,-400000.0625,-400000.0625,-400000.0625,-400000.0625
31.016973972320557,-400000.0625,-400000.0625,-400000.0625,-400000.0625,-400000.0625,-400000.0625,-400000.0625,-400000.0625
31.016977310180664,-400000.0625,-400000.0625,-400000.0625,-400000.0625,-400000.0625,-400000.0625,-400000.0625,-400000.0625
31.01699209213257,-400000.0625,-400000.0625,-400000.0625,-400000.0625,-400000.0625,-400000.0625,-400000.0625,-400000.0625
31.016995668411255,-400000.0625,-400000.0625,-400000.0625,-400000.0625,-400000.0625,-400000.0625,-400000.0625,-400000.0625
31.01699924468994,-400000.0625,-400000.0625,-400000.0625,-400000.0625,-400000.0625,-400000.0625,-400000.0625,-400000.0625
31.017003059387207,-400000.0625,-400000.0625,-400000.0625,-400000.0625,-400000.0625,-400000.0625,-400000.0625,-400000.0625
31.017006635665894,-400000.0625,-400000.0625,-400000.0625,-400000.0625,-400000.0625,-400000.0625,-400000.0625,-400000.0625
31.01701021194458,-400000.0625,-400000.0625,-400000.0625,-400000.0625,-400000.0625,-400000.0625,-400000.0625,-400000.0625
31.073594093322754,-400000.0625,-400000.0625,-400000.0625,-400000.0625,-400000.0625,-400000.0625,-400000.0625,-400000.0625
31.08258843421936,-400000.0625,-400000.0625,-400000.0625,-400000.0625,-400000.0625,-400000.0625,-400000.0625,-400000.0625
31.086434602737427,-400000.0625,-400000.0625,-400000.0625,-400000.0625,-400000.0625,-400000.0625,-400000.0625,-400000.0625
31.08644199371338,-400000.0625,-400000.0625,-400000.0625,-400000.0625,-400000.0625,-400000.0625,-400000.0625,-400000.0625
31.086446046829224,-400000.0625,-400000.0625,-400000.0625,-400000.0625,-400000.0625,-400000.0625,-400000.0625,-400000.0625
31.08645009994507,-400000.0625,-400000.0625,-400000.0625,-400000.0625,-400000.0625,-400000.0625,-400000.0625,-400000.0625
31.086453437805176,-400000.0625,-400000.0625,-400000.0625,-400000.0625,-400000.0625,-400000.0625,-400000.0625,-400000.0625
31.08645725250244,-400000.0625,-400000.0625,-400000.0625,-400000.0625,-400000.0625,-400000.0625,-400000.0625,-400000.0625
31.086461067199707,-400000.0625,-400000.0625,-400000.0625,-400000.0625,-400000.0625,-400000.0625,-400000.0625,-400000.0625
31.086464643478394,-400000.0625,-400000.0625,-400000.0625,-400000.0625,-400000.0625,-400000.0625,-400000.0625,-400000.0625
31.08646821975708,-400000.0625,-400000.0625,-400000.0625,-400000.0625,-400000.0625,-400000.0625,-400000.0625,-400000.0625
31.086471557617188,-400000.0625,-400000.0625,-400000.0625,-400000.0625,-400000.0625,-400000.0625,-400000.0625,-400000.0625
31.086475133895874,-400000.0625,-400000.0625,-400000.0625,-400000.0625,-400000.0625,-400000.0625,-400000.0625,-400000.0625
31.08647871017456,-400000.0625,-400000.0625,-400000.0625,-400000.0625,-400000.0625,-400000.0625,-400000.0625,-400000.0625
31.086482048034668,-400000.0625,-400000.0625,-400000.0625,-400000.0625,-400000.0625,-400000.0625,-400000.0625,-400000.0625
31.086485624313354,-400000.0625,-400000.0625,-400000.0625,-400000.0625,-400000.0625,-400000.0625,-400000.0625,-400000.0625
31.144189834594727,-400000.0625,-400000.0625,-400000.0625,-400000.0625,-400000.0625,-400000.0625,-400000.0625,-400000.0625
31.1488938331604,-400000.0625,-400000.0625,-400000.0625,-400000.0625,-400000.0625,-400000.0625,-400000.0625,-400000.0625
31.14890193939209,-400000.0625,-400000.0625,-400000.0625,-400000.0625,-400000.0625,-400000.0625,-400000.0625,-400000.0625
31.148906707763672,-400000.0625,-400000.0625,-400000.0625,-400000.0625,-400000.0625,-400000.0625,-400000.0625,-400000.0625
31.148910522460938,-400000.0625,-400000.0625,-400000.0625,-400000.0625,-400000.0625,-400000.0625,-400000.0625,-400000.0625
31.148914337158203,-400000.0625,-400000.0625,-400000.0625,-400000.0625,-400000.0625,-400000.0625,-400000.0625,-400000.0625
31.14891815185547,-400000.0625,-400000.0625,-400000.0625,-400000.0625,-400000.0625,-400000.0625,-400000.0625,-400000.0625
31.148921728134155,-400000.0625,-400000.0625,-400000.0625,-400000.0625,-400000.0625,-400000.0625,-400000.0625,-400000.0625
31.148925304412842,-400000.0625,-400000.0625,-400000.0625,-400000.0625,-400000.0625,-400000.0625,-400000.0625,-400000.0625
31.148929119110107,-400000.0625,-400000.0625,-400000.0625,-400000.0625,-400000.0625,-400000.0625,-400000.0625,-400000.0625
31.148932695388794,-400000.0625,-400000.0625,-400000.0625,-400000.0625,-400000.0625,-400000.0625,-400000.0625,-400000.0625
31.14893627166748,-400000.0625,-400000.0625,-400000.0625,-400000.0625,-400000.0625,-400000.0625,-400000.0625,-400000.0625
31.148939609527588,-400000.0625,-400000.0625,-400000.0625,-400000.0625,-400000.0625,-400000.0625,-400000.0625,-400000.0625
31.148943185806274,-400000.0625,-400000.0625,-400000.0625,-400000.0625,-400000.0625,-400000.0625,-400000.0625,-400000.0625
31.14894676208496,-400000.0625,-400000.0625,-400000.0625,-400000.0625,-400000.0625,-400000.0625,-400000.0625,-400000.0625
31.148950576782227,-400000.0625,-400000.0625,-400000.0625,-400000.0625,-400000.0625,-400000.0625,-400000.0625,-400000.0625
31.196661233901978,-400000.0625,-400000.0625,-400000.0625,-400000.0625,-400000.0625,-400000.0625,-400000.0625,-400000.0625
31.205450534820557,-400000.0625,-400000.0625,-400000.0625,-400000.0625,-400000.0625,-400000.0625,-400000.0625,-400000.0625
31.20981192588806,-400000.0625,-400000.0625,-400000.0625,-400000.0625,-400000.0625,-400000.0625,-400000.0625,-400000.0625
31.20982003211975,-400000.0625,-400000.0625,-400000.0625,-400000.0625,-400000.0625,-400000.0625,-400000.0625,-400000.0625
31.209824562072754,-400000.0625,-400000.0625,-400000.0625,-400000.0625,-400000.0625,-400000.0625,-400000.0625,-400000.0625
31.20982837677002,-400000.0625,-400000.0625,-400000.0625,-400000.0625,-400000.0625,-400000.0625,-400000.0625,-400000.0625
31.209831953048706,-400000.0625,-400000.0625,-400000.0625,-400000.0625,-400000.0625,-400000.0625,-400000.0625,-400000.0625
31.209835290908813,-400000.0625,-400000.0625,-400000.0625,-400000.0625,-400000.0625,-400000.0625,-400000.0625,-400000.0625
31.2098388671875,-400000.0625,-400000.0625,-400000.0625,-400000.0625,-400000.0625,-400000.0625,-400000.0625,-400000.0625
31.209842681884766,-400000.0625,-400000.0625,-400000.0625,-400000.0625,-400000.0625,-400000.0625,-400000.0625,-400000.0625
31.209846258163452,-400000.0625,-400000.0625,-400000.0625,-400000.0625,-400000.0625,-400000.0625,-400000.0625,-400000.0625
31.20984983444214,-400000.0625,-400000.0625,-400000.0625,-400000.0625,-400000.0625,-400000.0625,-400000.0625,-400000.0625
31.209853410720825,-400000.0625,-400000.0625,-400000.0625,-400000.0625,-400000.0625,-400000.0625,-400000.0625,-400000.0625
31.20985698699951,-400000.0625,-400000.0625,-400000.0625,-400000.0625,-400000.0625,-400000.0625,-400000.0625,-400000.0625
31.2098605632782,-400000.0625,-400000.0625,-400000.0625,-400000.0625,-400000.0625,-400000.0625,-400000.0625,-400000.0625
31.209864139556885,-400000.0625,-400000.0625,-400000.0625,-400000.0625,-400000.0625,-400000.0625,-400000.0625,-400000.0625
31.256378650665283,-400000.0625,-400000.0625,-400000.0625,-400000.0625,-400000.0625,-400000.0625,-400000.0625,-400000.0625
31.32032537460327,-400000.0625,-400000.0625,-400000.0625,-400000.0625,-400000.0625,-400000.0625,-400000.0625,-400000.0625
31.38180184364319,-400000.0625,-400000.0625,-400000.0625,-400000.0625,-400000.0625,-400000.0625,-400000.0625,-400000.0625
31.445460319519043,-400000.0625,-400000.0625,-400000.0625,-400000.0625,-400000.0625,-400000.0625,-400000.0625,-400000.0625
31.595308780670166,-400000.0625,-400000.0625,-400000.0625,-400000.0625,-400000.0625,-400000.0625,-400000.0625,-400000.0625
31.7728328704834,-400000.0625,-400000.0625,-400000.0625,-400000.0625,-400000.0625,-400000.0625,-400000.0625,-400000.0625
31.84028458595276,-400000.0625,-400000.0625,-400000.0625,-400000.0625,-400000.0625,-400000.0625,-400000.0625,-400000.0625
31.959251403808594,-400000.0625,-400000.0625,-400000.0625,-400000.0625,-400000.0625,-400000.0625,-400000.0625,-400000.0625
32.115421295166016,-400000.0625,-400000.0625,-400000.0625,-400000.0625,-400000.0625,-400000.0625,-400000.0625,-400000.0625
32.23979043960571,-400000.0625,-400000.0625,-400000.0625,-400000.0625,-400000.0625,-400000.0625,-400000.0625,-400000.0625
32.28811550140381,-400000.0625,-400000.0625,-400000.0625,-400000.0625,-400000.0625,-400000.0625,-400000.0625,-400000.0625
32.34659171104431,-400000.0625,-400000.0625,-400000.0625,-400000.0625,-400000.0625,-400000.0625,-400000.0625,-400000.0625
32.484233140945435,-400000.0625,-400000.0625,-400000.0625,-400000.0625,-400000.0625,-400000.0625,-400000.0625,-400000.0625
32.67303442955017,-400000.0625,-400000.0625,-400000.0625,-400000.0625,-400000.0625,-400000.0625,-400000.0625,-400000.0625
32.7398579120636,-400000.0625,-400000.0625,-400000.0625,-400000.0625,-400000.0625,-400000.0625,-400000.0625,-400000.0625
32.79213571548462,-400000.0625,-400000.0625,-400000.0625,-400000.0625,-400000.0625,-400000.0625,-400000.0625,-400000.0625
32.87540006637573,-400000.0625,-400000.0625,-400000.0625,-400000.0625,-400000.0625,-400000.0625,-400000.0625,-400000.0625
32.92277646064758,-400000.0625,-400000.0625,-400000.0625,-400000.0625,-400000.0625,-400000.0625,-400000.0625,-400000.0625
32.98982262611389,-400000.0625,-400000.0625,-400000.0625,-400000.0625,-400000.0625,-400000.0625,-400000.0625,-400000.0625
33.306276082992554,-400000.0625,-400000.0625,-400000.0625,-400000.0625,-400000.0625,-400000.0625,-400000.0625,-400000.0625
33.31559491157532,-400000.0625,-400000.0625,-400000.0625,-400000.0625,-400000.0625,-400000.0625,-400000.0625,-400000.0625
33.319613456726074,-400000.0625,-400000.0625,-400000.0625,-400000.0625,-400000.0625,-400000.0625,-400000.0625,-400000.0625
33.31962037086487,-400000.0625,-400000.0625,-400000.0625,-400000.0625,-400000.0625,-400000.0625,-400000.0625,-400000.0625
33.31962442398071,-400000.0625,-400000.0625,-400000.0625,-400000.0625,-400000.0625,-400000.0625,-400000.0625,-400000.0625
33.3196280002594,-400000.0625,-400000.0625,-400000.0625,-400000.0625,-400000.0625,-400000.0625,-400000.0625,-400000.0625
33.319631814956665,-400000.0625,-400000.0625,-400000.0625,-400000.0625,-400000.0625,-400000.0625,-400000.0625,-400000.0625
33.31963539123535,-400000.0625,-400000.0625,-400000.0625,-400000.0625,-400000.0625,-400000.0625,-400000.0625,-400000.0625
33.31963872909546,-400000.0625,-400000.0625,-400000.0625,-400000.0625,-400000.0625,-400000.0625,-400000.0625,-400000.0625
33.319642305374146,-400000.0625,-400000.0625,-400000.0625,-400000.0625,-400000.0625,-400000.0625,-400000.0625,-400000.0625
33.31964612007141,-400000.0625,-400000.0625,-400000.0625,-400000.0625,-400000.0625,-400000.0625,-400000.0625,-400000.0625
33.31964993476868,-400000.0625,-400000.0625,-400000.0625,-400000.0625,-400000.0625,-400000.0625,-400000.0625,-400000.0625
33.31965351104736,-400000.0625,-400000.0625,-400000.0625,-400000.0625,-400000.0625,-400000.0625,-400000.0625,-400000.0625
33.31965708732605,-400000.0625,-400000.0625,-400000.0625,-400000.0625,-400000.0625,-400000.0625,-400000.0625,-400000.0625
33.31966042518616,-400000.0625,-400000.0625,-400000.0625,-400000.0625,-400000.0625,-400000.0625,-400000.0625,-400000.0625
33.319664001464844,-400000.0625,-400000.0625,-400000.0625,-400000.0625,-400000.0625,-400000.0625,-400000.0625,-400000.0625
33.368154525756836,-400000.0625,-400000.0625,-400000.0625,-400000.0625,-400000.0625,-400000.0625,-400000.0625,-400000.0625
33.37363266944885,-400000.0625,-400000.0625,-400000.0625,-400000.0625,-400000.0625,-400000.0625,-400000.0625,-400000.0625
33.37848258018494,-400000.0625,-400000.0625,-400000.0625,-400000.0625,-400000.0625,-400000.0625,-400000.0625,-400000.0625
33.37849164009094,-400000.0625,-400000.0625,-400000.0625,-400000.0625,-400000.0625,-400000.0625,-400000.0625,-400000.0625
33.37849569320679,-400000.0625,-400000.0625,-400000.0625,-400000.0625,-400000.0625,-400000.0625,-400000.0625,-400000.0625
33.37849974632263,-400000.0625,-400000.0625,-400000.0625,-400000.0625,-400000.0625,-400000.0625,-400000.0625,-400000.0625
33.3785035610199,-400000.0625,-400000.0625,-400000.0625,-400000.0625,-400000.0625,-400000.0625,-400000.0625,-400000.0625
33.378507137298584,-400000.0625,-400000.0625,-400000.0625,-400000.0625,-400000.0625,-400000.0625,-400000.0625,-400000.0625
33.37851071357727,-400000.0625,-400000.0625,-400000.0625,-400000.0625,-400000.0625,-400000.0625,-400000.0625,-400000.0625
33.37851428985596,-400000.0625,-400000.0625,-400000.0625,-400000.0625,-400000.0625,-400000.0625,-400000.0625,-400000.0625
33.378517866134644,-400000.0625,-400000.0625,-400000.0625,-400000.0625,-400000.0625,-400000.0625,-400000.0625,-400000.0625
33.37852168083191,-400000.0625,-400000.0625,-400000.0625,-400000.0625,-400000.0625,-400000.0625,-400000.0625,-400000.0625
33.378525257110596,-400000.0625,-400000.0625,-400000.0625,-400000.0625,-400000.0625,-400000.0625,-400000.0625,-400000.0625
33.3785285949707,-400000.0625,-400000.0625,-400000.0625,-400000.0625,-400000.0625,-400000.0625,-400000.0625,-400000.0625
33.37853217124939,-400000.0625,-400000.0625,-400000.0625,-400000.0625,-400000.0625,-400000.0625,-400000.0625,-400000.0625
33.3785355091095,-400000.0625,-400000.0625,-400000.0625,-400000.0625,-400000.0625,-400000.0625,-400000.0625,-400000.0625
33.44519567489624,-400000.0625,-400000.0625,-400000.0625,-400000.0625,-400000.0625,-400000.0625,-400000.0625,-400000.0625
33.45373845100403,-400000.0625,-400000.0625,-400000.0625,-400000.0625,-400000.0625,-400000.0625,-400000.0625,-400000.0625
33.45799469947815,-400000.0625,-400000.0625,-400000.0625,-400000.0625,-400000.0625,-400000.0625,-400000.0625,-400000.0625
33.458003997802734,-400000.0625,-400000.0625,-400000.0625,-400000.0625,-400000.0625,-400000.0625,-400000.0625,-400000.0625
33.45800828933716,-400000.0625,-400000.0625,-400000.0625,-400000.0625,-400000.0625,-400000.0625,-400000.0625,-400000.0625
33.458012104034424,-400000.0625,-400000.0625,-400000.0625,-400000.0625,-400000.0625,-400000.0625,-400000.0625,-400000.0625
33.45801591873169,-400000.0625,-400000.0625,-400000.0625,-400000.0625,-400000.0625,-400000.0625,-400000.0625,-400000.0625
33.458019495010376,-400000.0625,-400000.0625,-400000.0625,-400000.0625,-400000.0625,-400000.0625,-400000.0625,-400000.0625
33.45802283287048,-400000.0625,-400000.0625,-400000.0625,-400000.0625,-400000.0625,-400000.0625,-400000.0625,-400000.0625
33.45802640914917,-400000.0625,-400000.0625,-400000.0625,-400000.0625,-400000.0625,-400000.0625,-400000.0625,-400000.0625
33.458029985427856,-400000.0625,-400000.0625,-400000.0625,-400000.0625,-400000.0625,-400000.0625,-400000.0625,-400000.0625
33.45803356170654,-400000.0625,-400000.0625,-400000.0625,-400000.0625,-400000.0625,-400000.0625,-400000.0625,-400000.0625
33.45803761482239,-400000.0625,-400000.0625,-400000.0625,-400000.0625,-400000.0625,-400000.0625,-400000.0625,-400000.0625
33.458041191101074,-400000.0625,-400000.0625,-400000.0625,-400000.0625,-400000.0625,-400000.0625,-400000.0625,-400000.0625
33.45804500579834,-400000.0625,-400000.0625,-400000.0625,-400000.0625,-400000.0625,-400000.0625,-400000.0625,-400000.0625
33.45804834365845,-400000.0625,-400000.0625,-400000.0625,-400000.0625,-400000.0625,-400000.0625,-400000.0625,-400000.0625
33.506057262420654,-400000.0625,-400000.0625,-400000.0625,-400000.0625,-400000.0625,-400000.0625,-400000.0625,-400000.0625
33.51144790649414,-400000.0625,-400000.0625,-400000.0625,-400000.0625,-400000.0625,-400000.0625,-400000.0625,-400000.0625
33.51593327522278,-400000.0625,-400000.0625,-400000.0625,-400000.0625,-400000.0625,-400000.0625,-400000.0625,-400000.0625
33.51594281196594,-400000.0625,-400000.0625,-400000.0625,-400000.0625,-400000.0625,-400000.0625,-400000.0625,-400000.0625
33.515947103500366,-400000.0625,-400000.0625,-400000.0625,-400000.0625,-400000.0625,-400000.0625,-400000.0625,-400000.0625
33.51595139503479,-400000.0625,-400000.0625,-400000.0625,-400000.0625,-400000.0625,-400000.0625,-400000.0625,-400000.0625
33.51595497131348,-400000.0625,-400000.0625,-400000.0625,-400000.0625,-400000.0625,-400000.0625,-400000.0625,-400000.0625
33.515958309173584,-400000.0625,-400000.0625,-400000.0625,-400000.0625,-400000.0625,-400000.0625,-400000.0625,-400000.0625
33.51596188545227,-400000.0625,-400000.0625,-400000.0625,-400000.0625,-400000.0625,-400000.0625,-400000.0625,-400000.0625
33.51596546173096,-400000.0625,-400000.0625,-400000.0625,-400000.0625,-400000.0625,-400000.0625,-400000.0625,-400000.0625
33.515969038009644,-400000.0625,-400000.0625,-400000.0625,-400000.0625,-400000.0625,-400000.0625,-400000.0625,-400000.0625
33.51597261428833,-400000.0625,-400000.0625,-400000.0625,-400000.0625,-400000.0625,-400000.0625,-400000.0625,-400000.0625
33.51597619056702,-400000.0625,-400000.0625,-400000.0625,-400000.0625,-400000.0625,-400000.0625,-400000.0625,-400000.0625
33.515979528427124,-400000.0625,-400000.0625,-400000.0625,-400000.0625,-400000.0625,-400000.0625,-400000.0625,-400000.0625
33.51598310470581,-400000.0625,-400000.0625,-400000.0625,-400000.0625,-400000.0625,-400000.0625,-400000.0625,-400000.0625
33.5159866809845,-400000.0625,-400000.0625,-400000.0625,-400000.0625,-400000.0625,-400000.0625,-400000.0625,-400000.0625
33.58999443054199,-400000.0625,-400000.0625,-400000.0625,-400000.0625,-400000.0625,-400000.0625,-400000.0625,-400000.0625
33.60000705718994,-400000.0625,-400000.0625,-400000.0625,-400000.0625,-400000.0625,-400000.0625,-400000.0625,-400000.0625
33.604326009750366,-400000.0625,-400000.0625,-400000.0625,-400000.0625,-400000.0625,-400000.0625,-400000.0625,-400000.0625
33.604332447052,-400000.0625,-400000.0625,-400000.0625,-400000.0625,-400000.0625,-400000.0625,-400000.0625,-400000.0625
33.60433626174927,-400000.0625,-400000.0625,-400000.0625,-400000.0625,-400000.0625,-400000.0625,-400000.0625,-400000.0625
33.604339838027954,-400000.0625,-400000.0625,-400000.0625,-400000.0625,-400000.0625,-400000.0625,-400000.0625,-400000.0625
33.60434317588806,-400000.0625,-400000.0625,-400000.0625,-400000.0625,-400000.0625,-400000.0625,-400000.0625,-400000.0625
33.6043484210968,-400000.0625,-400000.0625,-400000.0625,-400000.0625,-400000.0625,-400000.0625,-400000.0625,-400000.0625
33.60435724258423,-400000.0625,-400000.0625,-400000.0625,-400000.0625,-400000.0625,-400000.0625,-400000.0625,-400000.0625
33.604360580444336,-400000.0625,-400000.0625,-400000.0625,-400000.0625,-400000.0625,-400000.0625,-400000.0625,-400000.0625
33.60436391830444,-400000.0625,-400000.0625,-400000.0625,-400000.0625,-400000.0625,-400000.0625,-400000.0625,-400000.0625
33.60436749458313,-400000.0625,-400000.0625,-400000.0625,-400000.0625,-400000.0625,-400000.0625,-400000.0625,-400000.0625
33.604371070861816,-400000.0625,-400000.0625,-400000.0625,-400000.0625,-400000.0625,-400000.0625,-400000.0625,-400000.0625
33.6043746471405,-400000.0625,-400000.0625,-400000.0625,-400000.0625,-400000.0625,-400000.0625,-400000.0625,-400000.0625
33.60437798500061,-400000.0625,-400000.0625,-400000.0625,-400000.0625,-400000.0625,-400000.0625,-400000.0625,-400000.0625
33.60438132286072,-400000.0625,-400000.0625,-400000.0625,-400000.0625,-400000.0625,-400000.0625,-400000.0625,-400000.0625
33.6379599571228,-400000.0625,-400000.0625,-400000.0625,-400000.0625,-400000.0625,-400000.0625,-400000.0625,-400000.0625
33.642953634262085,-400000.0625,-400000.0625,-400000.0625,-400000.0625,-400000.0625,-400000.0625,-400000.0625,-400000.0625
33.64296245574951,-400000.0625,-400000.0625,-400000.0625,-400000.0625,-400000.0625,-400000.0625,-400000.0625,-400000.0625
33.642966747283936,-400000.0625,-400000.0625,-400000.0625,-400000.0625,-400000.0625,-400000.0625,-400000.0625,-400000.0625
33.64297080039978,-400000.0625,-400000.0625,-400000.0625,-400000.0625,-400000.0625,-400000.0625,-400000.0625,-400000.0625
33.64754295349121,-400000.0625,-400000.0625,-400000.0625,-400000.0625,-400000.0625,-400000.0625,-400000.0625,-400000.0625
33.64755201339722,-400000.0625,-400000.0625,-400000.0625,-400000.0625,-400000.0625,-400000.0625,-400000.0625,-400000.0625
33.64755630493164,-400000.0625,-400000.0625,-400000.0625,-400000.0625,-400000.0625,-400000.0625,-400000.0625,-400000.0625
33.647560119628906,-400000.0625,-400000.0625,-400000.0625,-400000.0625,-400000.0625,-400000.0625,-400000.0625,-400000.0625
33.64756369590759,-400000.0625,-400000.0625,-400000.0625,-400000.0625,-400000.0625,-400000.0625,-400000.0625,-400000.0625
33.64756727218628,-400000.0625,-400000.0625,-400000.0625,-400000.0625,-400000.0625,-400000.0625,-400000.0625,-400000.0625
33.647570848464966,-400000.0625,-400000.0625,-400000.0625,-400000.0625,-400000.0625,-400000.0625,-400000.0625,-400000.0625
33.64757442474365,-400000.0625,-400000.0625,-400000.0625,-400000.0625,-400000.0625,-400000.0625,-400000.0625,-400000.0625
33.64757776260376,-400000.0625,-400000.0625,-400000.0625,-400000.0625,-400000.0625,-400000.0625,-400000.0625,-400000.0625
33.647581338882446,-400000.0625,-400000.0625,-400000.0625,-400000.0625,-400000.0625,-400000.0625,-400000.0625,-400000.0625
33.647756576538086,-400000.0625,-400000.0625,-400000.0625,-400000.0625,-400000.0625,-400000.0625,-400000.0625,-400000.0625
33.69037222862244,-400000.0625,-400000.0625,-400000.0625,-400000.0625,-400000.0625,-400000.0625,-400000.0625,-400000.0625
33.69962739944458,-400000.0625,-400000.0625,-400000.0625,-400000.0625,-400000.0625,-400000.0625,-400000.0625,-400000.0625
33.70393443107605,-400000.0625,-400000.0625,-400000.0625,-400000.0625,-400000.0625,-400000.0625,-400000.0625,-400000.0625
33.703941106796265,-400000.0625,-400000.0625,-400000.0625,-400000.0625,-400000.0625,-400000.0625,-400000.0625,-400000.0625
33.70394492149353,-400000.0625,-400000.0625,-400000.0625,-400000.0625,-400000.0625,-400000.0625,-400000.0625,-400000.0625
33.703949213027954,-400000.0625,-400000.0625,-400000.0625,-400000.0625,-400000.0625,-400000.0625,-400000.0625,-400000.0625
33.70395302772522,-400000.0625,-400000.0625,-400000.0625,-400000.0625,-400000.0625,-400000.0625,-400000.0625,-400000.0625
33.703956842422485,-400000.0625,-400000.0625,-400000.0625,-400000.0625,-400000.0625,-400000.0625,-400000.0625,-400000.0625
33.70396947860718,-400000.0625,-400000.0625,-400000.0625,-400000.0625,-400000.0625,-400000.0625,-400000.0625,-400000.0625
33.70397329330444,-400000.0625,-400000.0625,-400000.0625,-400000.0625,-400000.0625,-400000.0625,-400000.0625,-400000.0625
33.70397686958313,-400000.0625,-400000.0625,-400000.0625,-400000.0625,-400000.0625,-400000.0625,-400000.0625,-400000.0625
33.703980684280396,-400000.0625,-400000.0625,-400000.0625,-400000.0625,-400000.0625,-400000.0625,-400000.0625,-400000.0625
33.70398449897766,-400000.0625,-400000.0625,-400000.0625,-400000.0625,-400000.0625,-400000.0625,-400000.0625,-400000.0625
33.70398783683777,-400000.0625,-400000.0625,-400000.0625,-400000.0625,-400000.0625,-400000.0625,-400000.0625,-400000.0625
33.703991413116455,-400000.0625,-400000.0625,-400000.0625,-400000.0625,-400000.0625,-400000.0625,-400000.0625,-400000.0625
33.70399498939514,-400000.0625,-400000.0625,-400000.0625,-400000.0625,-400000.0625,-400000.0625,-400000.0625,-400000.0625
33.756253480911255,-400000.0625,-400000.0625,-400000.0625,-400000.0625,-400000.0625,-400000.0625,-400000.0625,-400000.0625
33.82327699661255,-400000.0625,-400000.0625,-400000.0625,-400000.0625,-400000.0625,-400000.0625,-400000.0625,-400000.0625
33.89363884925842,-400000.0625,-400000.0625,-400000.0625,-400000.0625,-400000.0625,-400000.0625,-400000.0625,-400000.0625
33.9617280960083,-400000.0625,-400000.0625,-400000.0625,-400000.0625,-400000.0625,-400000.0625,-400000.0625,-400000.0625
34.007925033569336,-400000.0625,-400000.0625,-400000.0625,-400000.0625,-400000.0625,-400000.0625,-400000.0625,-400000.0625
34.072688579559326,-400000.0625,-400000.0625,-400000.0625,-400000.0625,-400000.0625,-400000.0625,-400000.0625,-400000.0625
34.15646529197693,-400000.0625,-400000.0625,-400000.0625,-400000.0625,-400000.0625,-400000.0625,-400000.0625,-400000.0625
34.20739197731018,-400000.0625,-400000.0625,-400000.0625,-400000.0625,-400000.0625,-400000.0625,-400000.0625,-400000.0625
34.26140236854553,-400000.0625,-400000.0625,-400000.0625,-400000.0625,-400000.0625,-400000.0625,-400000.0625,-400000.0625
34.45675992965698,-400000.0625,-400000.0625,-400000.0625,-400000.0625,-400000.0625,-400000.0625,-400000.0625,-400000.0625
34.5241641998291,-400000.0625,-400000.0625,-400000.0625,-400000.0625,-400000.0625,-400000.0625,-400000.0625,-400000.0625
34.59148669242859,-400000.0625,-400000.0625,-400000.0625,-400000.0625,-400000.0625,-400000.0625,-400000.0625,-400000.0625
34.69028949737549,-400000.0625,-400000.0625,-400000.0625,-400000.0625,-400000.0625,-400000.0625,-400000.0625,-400000.0625
34.71123456954956,-400000.0625,-400000.0625,-400000.0625,-400000.0625,-400000.0625,-400000.0625,-400000.0625,-400000.0625
34.78783583641052,-400000.0625,-400000.0625,-400000.0625,-400000.0625,-400000.0625,-400000.0625,-400000.0625,-400000.0625
34.84282112121582,-400000.0625,-400000.0625,-400000.0625,-400000.0625,-400000.0625,-400000.0625,-400000.0625,-400000.0625
34.97299122810364,-400000.0625,-400000.0625,-400000.0625,-400000.0625,-400000.0625,-400000.0625,-400000.0625,-400000.0625
35.05780386924744,-400000.0625,-400000.0625,-400000.0625,-400000.0625,-400000.0625,-400000.0625,-400000.0625,-400000.0625
35.12356495857239,-400000.0625,-400000.0625,-400000.0625,-400000.0625,-400000.0625,-400000.0625,-400000.0625,-400000.0625
35.15777015686035,-400000.0625,-400000.0625,-400000.0625,-400000.0625,-400000.0625,-400000.0625,-400000.0625,-400000.0625
35.290348291397095,-400000.0625,-400000.0625,-400000.0625,-400000.0625,-400000.0625,-400000.0625,-400000.0625,-400000.0625
35.455854415893555,-400000.0625,-400000.0625,-400000.0625,-400000.0625,-400000.0625,-400000.0625,-400000.0625,-400000.0625
35.48976182937622,-400000.0625,-400000.0625,-400000.0625,-400000.0625,-400000.0625,-400000.0625,-400000.0625,-400000.0625
35.541645526885986,-400000.0625,-400000.0625,-400000.0625,-400000.0625,-400000.0625,-400000.0625,-400000.0625,-400000.0625
35.60959434509277,-400000.0625,-400000.0625,-400000.0625,-400000.0625,-400000.0625,-400000.0625,-400000.0625,-400000.0625
35.69011688232422,-400000.0625,-400000.0625,-400000.0625,-400000.0625,-400000.0625,-400000.0625,-400000.0625,-400000.0625
35.806581020355225,-400000.0625,-400000.0625,-400000.0625,-400000.0625,-400000.0625,-400000.0625,-400000.0625,-400000.0625
35.81702446937561,-400000.0625,-400000.0625,-400000.0625,-400000.0625,-400000.0625,-400000.0625,-400000.0625,-400000.0625
35.82140326499939,-400000.0625,-400000.0625,-400000.0625,-400000.0625,-400000.0625,-400000.0625,-400000.0625,-400000.0625
35.821412324905396,-400000.0625,-400000.0625,-400000.0625,-400000.0625,-400000.0625,-400000.0625,-400000.0625,-400000.0625
35.82141613960266,-400000.0625,-400000.0625,-400000.0625,-400000.0625,-400000.0625,-400000.0625,-400000.0625,-400000.0625
35.821420431137085,-400000.0625,-400000.0625,-400000.0625,-400000.0625,-400000.0625,-400000.0625,-400000.0625,-400000.0625
35.82142448425293,-400000.0625,-400000.0625,-400000.0625,-400000.0625,-400000.0625,-400000.0625,-400000.0625,-400000.0625
35.82142782211304,-400000.0625,-400000.0625,-400000.0625,-400000.0625,-400000.0625,-400000.0625,-400000.0625,-400000.0625
35.821430921554565,-400000.0625,-400000.0625,-400000.0625,-400000.0625,-400000.0625,-400000.0625,-400000.0625,-400000.0625
35.82143425941467,-400000.0625,-400000.0625,-400000.0625,-400000.0625,-400000.0625,-400000.0625,-400000.0625,-400000.0625
35.8214373588562,-400000.0625,-400000.0625,-400000.0625,-400000.0625,-400000.0625,-400000.0625,-400000.0625,-400000.0625
35.82144093513489,-400000.0625,-400000.0625,-400000.0625,-400000.0625,-400000.0625,-400000.0625,-400000.0625,-400000.0625
35.821444272994995,-400000.0625,-400000.0625,-400000.0625,-400000.0625,-400000.0625,-400000.0625,-400000.0625,-400000.0625
35.82144784927368,-400000.0625,-400000.0625,-400000.0625,-400000.0625,-400000.0625,-400000.0625,-400000.0625,-400000.0625
35.82145094871521,-400000.0625,-400000.0625,-400000.0625,-400000.0625,-400000.0625,-400000.0625,-400000.0625,-400000.0625
35.82145428657532,-400000.0625,-400000.0625,-400000.0625,-400000.0625,-400000.0625,-400000.0625,-400000.0625,-400000.0625
35.865479707717896,-400000.0625,-400000.0625,-400000.0625,-400000.0625,-400000.0625,-400000.0625,-400000.0625,-400000.0625
35.87086796760559,-400000.0625,-400000.0625,-400000.0625,-400000.0625,-400000.0625,-400000.0625,-400000.0625,-400000.0625
35.875547647476196,-400000.0625,-400000.0625,-400000.0625,-400000.0625,-400000.0625,-400000.0625,-400000.0625,-400000.0625
35.87558960914612,-400000.0625,-400000.0625,-400000.0625,-400000.0625,-400000.0625,-400000.0625,-400000.0625,-400000.0625
35.87561058998108,-400000.0625,-400000.0625,-400000.0625,-400000.0625,-400000.0625,-400000.0625,-400000.0625,-400000.0625
35.87562084197998,-400000.0625,-400000.0625,-400000.0625,-400000.0625,-400000.0625,-400000.0625,-400000.0625,-400000.0625
35.87563753128052,-400000.0625,-400000.0625,-400000.0625,-400000.0625,-400000.0625,-400000.0625,-400000.0625,-400000.0625
35.8756422996521,-400000.0625,-400000.0625,-400000.0625,-400000.0625,-400000.0625,-400000.0625,-400000.0625,-400000.0625
35.87564730644226,-400000.0625,-400000.0625,-400000.0625,-400000.0625,-400000.0625,-400000.0625,-400000.0625,-400000.0625
35.875673055648804,-400000.0625,-400000.0625,-400000.0625,-400000.0625,-400000.0625,-400000.0625,-400000.0625,-400000.0625
35.875678062438965,-400000.0625,-400000.0625,-400000.0625,-400000.0625,-400000.0625,-400000.0625,-400000.0625,-400000.0625
35.87568187713623,-400000.0625,-400000.0625,-400000.0625,-400000.0625,-400000.0625,-400000.0625,-400000.0625,-400000.0625
35.87568521499634,-400000.0625,-400000.0625,-400000.0625,-400000.0625,-400000.0625,-400000.0625,-400000.0625,-400000.0625
35.87568926811218,-400000.0625,-400000.0625,-400000.0625,-400000.0625,-400000.0625,-400000.0625,-400000.0625,-400000.0625
35.87569284439087,-400000.0625,-400000.0625,-400000.0625,-400000.0625,-400000.0625,-400000.0625,-400000.0625,-400000.0625
35.875696420669556,-400000.0625,-400000.0625,-400000.0625,-400000.0625,-400000.0625,-400000.0625,-400000.0625,-400000.0625
35.941591024398804,-400000.0625,-400000.0625,-400000.0625,-400000.0625,-400000.0625,-400000.0625,-400000.0625,-400000.0625
35.95088195800781,-400000.0625,-400000.0625,-400000.0625,-400000.0625,-400000.0625,-400000.0625,-400000.0625,-400000.0625
35.95501399040222,-400000.0625,-400000.0625,-400000.0625,-400000.0625,-400000.0625,-400000.0625,-400000.0625,-400000.0625
35.955023765563965,-400000.0625,-400000.0625,-400000.0625,-400000.0625,-400000.0625,-400000.0625,-400000.0625,-400000.0625
35.955028772354126,-400000.0625,-400000.0625,-400000.0625,-400000.0625,-400000.0625,-400000.0625,-400000.0625,-400000.0625
35.95503282546997,-400000.0625,-400000.0625,-400000.0625,-400000.0625,-400000.0625,-400000.0625,-400000.0625,-400000.0625
35.955036640167236,-400000.0625,-400000.0625,-400000.0625,-400000.0625,-400000.0625,-400000.0625,-400000.0625,-400000.0625
35.95504021644592,-400000.0625,-400000.0625,-400000.0625,-400000.0625,-400000.0625,-400000.0625,-400000.0625,-400000.0625
35.95504379272461,-400000.0625,-400000.0625,-400000.0625,-400000.0625,-400000.0625,-400000.0625,-400000.0625,-400000.0625
35.955047607421875,-400000.0625,-400000.0625,-400000.0625,-400000.0625,-400000.0625,-400000.0625,-400000.0625,-400000.0625
35.95505118370056,-400000.0625,-400000.0625,-400000.0625,-400000.0625,-400000.0625,-400000.0625,-400000.0625,-400000.0625
35.95505475997925,-400000.0625,-400000.0625,-400000.0625,-400000.0625,-400000.0625,-400000.0625,-400000.0625,-400000.0625
35.955058097839355,-400000.0625,-400000.0625,-400000.0625,-400000.0625,-400000.0625,-400000.0625,-400000.0625,-400000.0625
35.95506167411804,-400000.0625,-400000.0625,-400000.0625,-400000.0625,-400000.0625,-400000.0625,-400000.0625,-400000.0625
35.95506501197815,-400000.0625,-400000.0625,-400000.0625,-400000.0625,-400000.0625,-400000.0625,-400000.0625,-400000.0625
35.955068826675415,-400000.0625,-400000.0625,-400000.0625,-400000.0625,-400000.0625,-400000.0625,-400000.0625,-400000.0625
35.99450635910034,-400000.0625,-400000.0625,-400000.0625,-400000.0625,-400000.0625,-400000.0625,-400000.0625,-400000.0625
35.99966216087341,-400000.0625,-400000.0625,-400000.0625,-400000.0625,-400000.0625,-400000.0625,-400000.0625,-400000.0625
36.00378894805908,-400000.0625,-400000.0625,-400000.0625,-400000.0625,-400000.0625,-400000.0625,-400000.0625,-400000.0625
36.003796100616455,-400000.0625,-400000.0625,-400000.0625,-400000.0625,-400000.0625,-400000.0625,-400000.0625,-400000.0625
36.00380039215088,-400000.0625,-400000.0625,-400000.0625,-400000.0625,-400000.0625,-400000.0625,-400000.0625,-400000.0625
36.003804445266724,-400000.0625,-400000.0625,-400000.0625,-400000.0625,-400000.0625,-400000.0625,-400000.0625,-400000.0625
36.00380802154541,-400000.0625,-400000.0625,-400000.0625,-400000.0625,-400000.0625,-400000.0625,-400000.0625,-400000.0625
36.0038115978241,-400000.0625,-400000.0625,-400000.0625,-400000.0625,-400000.0625,-400000.0625,-400000.0625,-400000.0625
36.00381565093994,-400000.0625,-400000.0625,-400000.0625,-400000.0625,-400000.0625,-400000.0625,-400000.0625,-400000.0625
36.00381922721863,-400000.0625,-400000.0625,-400000.0625,-400000.0625,-400000.0625,-400000.0625,-400000.0625,-400000.0625
36.003822565078735,-400000.0625,-400000.0625,-400000.0625,-400000.0625,-400000.0625,-400000.0625,-400000.0625,-400000.0625
36.00382614135742,-400000.0625,-400000.0625,-400000.0625,-400000.0625,-400000.0625,-400000.0625,-400000.0625,-400000.0625
36.00382971763611,-400000.0625,-400000.0625,-400000.0625,-400000.0625,-400000.0625,-400000.0625,-400000.0625,-400000.0625
36.003833055496216,-400000.0625,-400000.0625,-400000.0625,-400000.0625,-400000.0625,-400000.0625,-400000.0625,-400000.0625
36.0038366317749,-400000.0625,-400000.0625,-400000.0625,-400000.0625,-400000.0625,-400000.0625,-400000.0625,-400000.0625
36.00384020805359,-400000.0625,-400000.0625,-400000.0625,-400000.0625,-400000.0625,-400000.0625,-400000.0625,-400000.0625
36.07287383079529,-400000.0625,-400000.0625,-400000.0625,-400000.0625,-400000.0625,-400000.0625,-400000.0625,-400000.0625
36.081732749938965,-400000.0625,-400000.0625,-400000.0625,-400000.0625,-400000.0625,-400000.0625,-400000.0625,-400000.0625
36.08587908744812,-400000.0625,-400000.0625,-400000.0625,-400000.0625,-400000.0625,-400000.0625,-400000.0625,-400000.0625
36.08588695526123,-400000.0625,-400000.0625,-400000.0625,-400000.0625,-400000.0625,-400000.0625,-400000.0625,-400000.0625
36.085891246795654,-400000.0625,-400000.0625,-400000.0625,-400000.0625,-400000.0625,-400000.0625,-400000.0625,-400000.0625
36.08589506149292,-400000.0625,-400000.0625,-400000.0625,-400000.0625,-400000.0625,-400000.0625,-400000.0625,-400000.0625
36.085899114608765,-400000.0625,-400000.0625,-400000.0625,-400000.0625,-400000.0625,-400000.0625,-400000.0625,-400000.0625
36.08590269088745,-400000.0625,-400000.0625,-400000.0625,-400000.0625,-400000.0625,-400000.0625,-400000.0625,-400000.0625
36.08590626716614,-400000.0625,-400000.0625,-400000.0625,-400000.0625,-400000.0625,-400000.0625,-400000.0625,-400000.0625
36.08591032028198,-400000.0625,-400000.0625,-400000.0625,-400000.0625,-400000.0625,-400000.0625,-400000.0625,-400000.0625
36.08591389656067,-400000.0625,-400000.0625,-400000.0625,-400000.0625,-400000.0625,-400000.0625,-400000.0625,-400000.0625
36.085917472839355,-400000.0625,-400000.0625,-400000.0625,-400000.0625,-400000.0625,-400000.0625,-400000.0625,-400000.0625
36.08592104911804,-400000.0625,-400000.0625,-400000.0625,-400000.0625,-400000.0625,-400000.0625,-400000.0625,-400000.0625
36.08592438697815,-400000.0625,-400000.0625,-400000.0625,-400000.0625,-400000.0625,-400000.0625,-400000.0625,-400000.0625
36.085927963256836,-400000.0625,-400000.0625,-400000.0625,-400000.0625,-400000.0625,-400000.0625,-400000.0625,-400000.0625
36.0859317779541,-400000.0625,-400000.0625,-400000.0625,-400000.0625,-400000.0625,-400000.0625,-400000.0625,-400000.0625
36.16032576560974,-400000.0625,-400000.0625,-400000.0625,-400000.0625,-400000.0625,-400000.0625,-400000.0625,-400000.0625
36.165133237838745,-400000.0625,-400000.0625,-400000.0625,-400000.0625,-400000.0625,-400000.0625,-400000.0625,-400000.0625
36.16514205932617,-400000.0625,-400000.0625,-400000.0625,-400000.0625,-400000.0625,-400000.0625,-400000.0625,-400000.0625
36.165146350860596,-400000.0625,-400000.0625,-400000.0625,-400000.0625,-400000.0625,-400000.0625,-400000.0625,-400000.0625
36.16514992713928,-400000.0625,-400000.0625,-400000.0625,-400000.0625,-400000.0625,-400000.0625,-400000.0625,-400000.0625
36.16515374183655,-400000.0625,-400000.0625,-400000.0625,-400000.0625,-400000.0625,-400000.0625,-400000.0625,-400000.0625
36.165157079696655,-400000.0625,-400000.0625,-400000.0625,-400000.0625,-400000.0625,-400000.0625,-400000.0625,-400000.0625
36.16516065597534,-400000.0625,-400000.0625,-400000.0625,-400000.0625,-400000.0625,-400000.0625,-400000.0625,-400000.0625
36.16516399383545,-400000.0625,-400000.0625,-400000.0625,-400000.0625,-400000.0625,-400000.0625,-400000.0625,-400000.0625
36.16516733169556,-400000.0625,-400000.0625,-400000.0625,-400000.0625,-400000.0625,-400000.0625,-400000.0625,-400000.0625
36.16517090797424,-400000.0625,-400000.0625,-400000.0625,-400000.0625,-400000.0625,-400000.0625,-400000.0625,-400000.0625
36.16517448425293,-400000.0625,-400000.0625,-400000.0625,-400000.0625,-400000.0625,-400000.0625,-400000.0625,-400000.0625
36.16517782211304,-400000.0625,-400000.0625,-400000.0625,-400000.0625,-400000.0625,-400000.0625,-400000.0625,-400000.0625
36.165181398391724,-400000.0625,-400000.0625,-400000.0625,-400000.0625,-400000.0625,-400000.0625,-400000.0625,-400000.0625
36.16518473625183,-400000.0625,-400000.0625,-400000.0625,-400000.0625,-400000.0625,-400000.0625,-400000.0625,-400000.0625
36.16518807411194,-400000.0625,-400000.0625,-400000.0625,-400000.0625,-400000.0625,-400000.0625,-400000.0625,-400000.0625
36.19166707992554,-400000.0625,-400000.0625,-400000.0625,-400000.0625,-400000.0625,-400000.0625,-400000.0625,-400000.0625
36.20072603225708,-400000.0625,-400000.0625,-400000.0625,-400000.0625,-400000.0625,-400000.0625,-400000.0625,-400000.0625
36.204840421676636,-400000.0625,-400000.0625,-400000.0625,-400000.0625,-400000.0625,-400000.0625,-400000.0625,-400000.0625
36.20484757423401,-400000.0625,-400000.0625,-400000.0625,-400000.0625,-400000.0625,-400000.0625,-400000.0625,-400000.0625
36.20485186576843,-400000.0625,-400000.0625,-400000.0625,-400000.0625,-400000.0625,-400000.0625,-400000.0625,-400000.0625
36.20485544204712,-400000.0625,-400000.0625,-400000.0625,-400000.0625,-400000.0625,-400000.0625,-400000.0625,-400000.0625
36.204859256744385,-400000.0625,-400000.0625,-400000.0625,-400000.0625,-400000.0625,-400000.0625,-400000.0625,-400000.0625
36.20486283302307,-400000.0625,-400000.0625,-400000.0625,-400000.0625,-400000.0625,-400000.0625,-400000.0625,-400000.0625
36.20486640930176,-400000.0625,-400000.0625,-400000.0625,-400000.0625,-400000.0625,-400000.0625,-400000.0625,-400000.0625
36.204869985580444,-400000.0625,-400000.0625,-400000.0625,-400000.0625,-400000.0625,-400000.0625,-400000.0625,-400000.0625
36.20487356185913,-400000.0625,-400000.0625,-400000.0625,-400000.0625,-400000.0625,-400000.0625,-400000.0625,-400000.0625
36.204877614974976,-400000.0625,-400000.0625,-400000.0625,-400000.0625,-400000.0625,-400000.0625,-400000.0625,-400000.0625
36.20488119125366,-400000.0625,-400000.0625,-400000.0625,-400000.0625,-400000.0625,-400000.0625,-400000.0625,-400000.0625
36.20488500595093,-400000.0625,-400000.0625,-400000.0625,-400000.0625,-400000.0625,-400000.0625,-400000.0625,-400000.0625
36.204888582229614,-400000.0625,-400000.0625,-400000.0625,-400000.0625,-400000.0625,-400000.0625,-400000.0625,-400000.0625
36.2048921585083,-400000.0625,-400000.0625,-400000.0625,-400000.0625,-400000.0625,-400000.0625,-400000.0625,-400000.0625
36.25659489631653,-400000.0625,-400000.0625,-400000.0625,-400000.0625,-400000.0625,-400000.0625,-400000.0625,-400000.0625
36.261605978012085,-400000.0625,-400000.0625,-400000.0625,-400000.0625,-400000.0625,-400000.0625,-400000.0625,-400000.0625
36.26161575317383,-400000.0625,-400000.0625,-400000.0625,-400000.0625,-400000.0625,-400000.0625,-400000.0625,-400000.0625
36.309513092041016,-400000.0625,-400000.0625,-400000.0625,-400000.0625,-400000.0625,-400000.0625,-400000.0625,-400000.0625
36.44235587120056,-400000.0625,-400000.0625,-400000.0625,-400000.0625,-400000.0625,-400000.0625,-400000.0625,-400000.0625
36.52481174468994,-400000.0625,-400000.0625,-400000.0625,-400000.0625,-400000.0625,-400000.0625,-400000.0625,-400000.0625
36.569287061691284,-400000.0625,-400000.0625,-400000.0625,-400000.0625,-400000.0625,-400000.0625,-400000.0625,-400000.0625
36.644814252853394,-400000.0625,-400000.0625,-400000.0625,-400000.0625,-400000.0625,-400000.0625,-400000.0625,-400000.0625
36.84067153930664,-400000.0625,-400000.0625,-400000.0625,-400000.0625,-400000.0625,-400000.0625,-400000.0625,-400000.0625
36.893080711364746,-400000.0625,-400000.0625,-400000.0625,-400000.0625,-400000.0625,-400000.0625,-400000.0625,-400000.0625
36.95700430870056,-400000.0625,-400000.0625,-400000.0625,-400000.0625,-400000.0625,-400000.0625,-400000.0625,-400000.0625
37.0179967880249,-400000.0625,-400000.0625,-400000.0625,-400000.0625,-400000.0625,-400000.0625,-400000.0625,-400000.0625
37.09303689002991,-400000.0625,-400000.0625,-400000.0625,-400000.0625,-400000.0625,-400000.0625,-400000.0625,-400000.0625
37.20828151702881,-400000.0625,-400000.0625,-400000.0625,-400000.0625,-400000.0625,-400000.0625,-400000.0625,-400000.0625
37.35687565803528,-400000.0625,-400000.0625,-400000.0625,-400000.0625,-400000.0625,-400000.0625,-400000.0625,-400000.0625
37.46168065071106,-400000.0625,-400000.0625,-400000.0625,-400000.0625,-400000.0625,-400000.0625,-400000.0625,-400000.0625
37.53944754600525,-400000.0625,-400000.0625,-400000.0625,-400000.0625,-400000.0625,-400000.0625,-400000.0625,-400000.0625
37.622745513916016,-400000.0625,-400000.0625,-400000.0625,-400000.0625,-400000.0625,-400000.0625,-400000.0625,-400000.0625
37.72258758544922,-400000.0625,-400000.0625,-400000.0625,-400000.0625,-400000.0625,-400000.0625,-400000.0625,-400000.0625
37.856308460235596,-400000.0625,-400000.0625,-400000.0625,-400000.0625,-400000.0625,-400000.0625,-400000.0625,-400000.0625
37.91027760505676,-400000.0625,-400000.0625,-400000.0625,-400000.0625,-400000.0625,-400000.0625,-400000.0625,-400000.0625
38.17380404472351,-400000.0625,-400000.0625,-400000.0625,-400000.0625,-400000.0625,-400000.0625,-400000.0625,-400000.0625
38.25613975524902,-400000.0625,-400000.0625,-400000.0625,-400000.0625,-400000.0625,-400000.0625,-400000.0625,-400000.0625
38.306905031204224,-400000.0625,-400000.0625,-400000.0625,-400000.0625,-400000.0625,-400000.0625,-400000.0625,-400000.0625
38.315534353256226,-400000.0625,-400000.0625,-400000.0625,-400000.0625,-400000.0625,-400000.0625,-400000.0625,-400000.0625
38.31968402862549,-400000.0625,-400000.0625,-400000.0625,-400000.0625,-400000.0625,-400000.0625,-400000.0625,-400000.0625
38.31969118118286,-400000.0625,-400000.0625,-400000.0625,-400000.0625,-400000.0625,-400000.0625,-400000.0625,-400000.0625
38.319695234298706,-400000.0625,-400000.0625,-400000.0625,-400000.0625,-400000.0625,-400000.0625,-400000.0625,-400000.0625
38.31969904899597,-400000.0625,-400000.0625,-400000.0625,-400000.0625,-400000.0625,-400000.0625,-400000.0625,-400000.0625
38.31970262527466,-400000.0625,-400000.0625,-400000.0625,-400000.0625,-400000.0625,-400000.0625,-400000.0625,-400000.0625
38.319706201553345,-400000.0625,-400000.0625,-400000.0625,-400000.0625,-400000.0625,-400000.0625,-400000.0625,-400000.0625
38.31970977783203,-400000.0625,-400000.0625,-400000.0625,-400000.0625,-400000.0625,-400000.0625,-400000.0625,-400000.0625
38.319713830947876,-400000.0625,-400000.0625,-400000.0625,-400000.0625,-400000.0625,-400000.0625,-400000.0625,-400000.0625
38.31971716880798,-400000.0625,-400000.0625,-400000.0625,-400000.0625,-400000.0625,-400000.0625,-400000.0625,-400000.0625
38.31972098350525,-400000.0625,-400000.0625,-400000.0625,-400000.0625,-400000.0625,-400000.0625,-400000.0625,-400000.0625
38.319724321365356,-400000.0625,-400000.0625,-400000.0625,-400000.0625,-400000.0625,-400000.0625,-400000.0625,-400000.0625
38.31972813606262,-400000.0625,-400000.0625,-400000.0625,-400000.0625,-400000.0625,-400000.0625,-400000.0625,-400000.0625
38.31973171234131,-400000.0625,-400000.0625,-400000.0625,-400000.0625,-400000.0625,-400000.0625,-400000.0625,-400000.0625
38.319735288619995,-400000.0625,-400000.0625,-400000.0625,-400000.0625,-400000.0625,-400000.0625,-400000.0625,-400000.0625
38.364197969436646,-400000.0625,-400000.0625,-400000.0625,-400000.0625,-400000.0625,-400000.0625,-400000.0625,-400000.0625
38.369771242141724,-400000.0625,-400000.0625,-400000.0625,-400000.0625,-400000.0625,-400000.0625,-400000.0625,-400000.0625
38.37438154220581,-400000.0625,-400000.0625,-400000.0625,-400000.0625,-400000.0625,-400000.0625,-400000.0625,-400000.0625
38.37439560890198,-400000.0625,-400000.0625,-400000.0625,-400000.0625,-400000.0625,-400000.0625,-400000.0625,-400000.0625
38.37439966201782,-400000.0625,-400000.0625,-400000.0625,-400000.0625,-400000.0625,-400000.0625,-400000.0625,-400000.0625
38.37440323829651,-400000.0625,-400000.0625,-400000.0625,-400000.0625,-400000.0625,-400000.0625,-400000.0625,-400000.0625
38.374406576156616,-400000.0625,-400000.0625,-400000.0625,-400000.0625,-400000.0625,-400000.0625,-400000.0625,-400000.0625
38.37441039085388,-400000.0625,-400000.0625,-400000.0625,-400000.0625,-400000.0625,-400000.0625,-400000.0625,-400000.0625
38.37441396713257,-400000.0625,-400000.0625,-400000.0625,-400000.0625,-400000.0625,-400000.0625,-400000.0625,-400000.0625
38.374417304992676,-400000.0625,-400000.0625,-400000.0625,-400000.0625,-400000.0625,-400000.0625,-400000.0625,-400000.0625
38.37442064285278,-400000.0625,-400000.0625,-400000.0625,-400000.0625,-400000.0625,-400000.0625,-400000.0625,-400000.0625
38.37442398071289,-400000.0625,-400000.0625,-400000.0625,-400000.0625,-400000.0625,-400000.0625,-400000.0625,-400000.0625
38.37442755699158,-400000.0625,-400000.0625,-400000.0625,-400000.0625,-400000.0625,-400000.0625,-400000.0625,-400000.0625
38.374430894851685,-400000.0625,-400000.0625,-400000.0625,-400000.0625,-400000.0625,-400000.0625,-400000.0625,-400000.0625
38.37443423271179,-400000.0625,-400000.0625,-400000.0625,-400000.0625,-400000.0625,-400000.0625,-400000.0625,-400000.0625
38.3744375705719,-400000.0625,-400000.0625,-400000.0625,-400000.0625,-400000.0625,-400000.0625,-400000.0625,-400000.0625
38.4216673374176,-400000.0625,-400000.0625,-400000.0625,-400000.0625,-400000.0625,-400000.0625,-400000.0625,-400000.0625
38.431336879730225,-400000.0625,-400000.0625,-400000.0625,-400000.0625,-400000.0625,-400000.0625,-400000.0625,-400000.0625
38.43588852882385,-400000.0625,-400000.0625,-400000.0625,-400000.0625,-400000.0625,-400000.0625,-400000.0625,-400000.0625
38.43589782714844,-400000.0625,-400000.0625,-400000.0625,-400000.0625,-400000.0625,-400000.0625,-400000.0625,-400000.0625
38.43590307235718,-400000.0625,-400000.0625,-400000.0625,-400000.0625,-400000.0625,-400000.0625,-400000.0625,-400000.0625
38.43590760231018,-400000.0625,-400000.0625,-400000.0625,-400000.0625,-400000.0625,-400000.0625,-400000.0625,-400000.0625
38.435911417007446,-400000.0625,-400000.0625,-400000.0625,-400000.0625,-400000.0625,-400000.0625,-400000.0625,-400000.0625
38.43591499328613,-400000.0625,-400000.0625,-400000.0625,-400000.0625,-400000.0625,-400000.0625,-400000.0625,-400000.0625
38.4359188079834,-400000.0625,-400000.0625,-400000.0625,-400000.0625,-400000.0625,-400000.0625,-400000.0625,-400000.0625
38.435922384262085,-400000.0625,-400000.0625,-400000.0625,-400000.0625,-400000.0625,-400000.0625,-400000.0625,-400000.0625
38.43592572212219,-400000.0625,-400000.0625,-400000.0625,-400000.0625,-400000.0625,-400000.0625,-400000.0625,-400000.0625
38.43592929840088,-400000.0625,-400000.0625,-400000.0625,-400000.0625,-400000.0625,-400000.0625,-400000.0625,-400000.0625
38.435932636260986,-400000.0625,-400000.0625,-400000.0625,-400000.0625,-400000.0625,-400000.0625,-400000.0625,-400000.0625
38.435935974121094,-400000.0625,-400000.0625,-400000.0625,-400000.0625,-400000.0625,-400000.0625,-400000.0625,-400000.0625
38.43593955039978,-400000.0625,-400000.0625,-400000.0625,-400000.0625,-400000.0625,-400000.0625,-400000.0625,-400000.0625
38.43594288825989,-400000.0625,-400000.0625,-400000.0625,-400000.0625,-400000.0625,-400000.0625,-400000.0625,-400000.0625
38.49692916870117,-400000.0625,-400000.0625,-400000.0625,-400000.0625,-400000.0625,-400000.0625,-400000.0625,-400000.0625
38.5020272731781,-400000.0625,-400000.0625,-400000.0625,-400000.0625,-400000.0625,-400000.0625,-400000.0625,-400000.0625
38.506409645080566,-400000.0625,-400000.0625,-400000.0625,-400000.0625,-400000.0625,-400000.0625,-400000.0625,-400000.0625
38.50641751289368,-400000.0625,-400000.0625,-400000.0625,-400000.0625,-400000.0625,-400000.0625,-400000.0625,-400000.0625
38.50642204284668,-400000.0625,-400000.0625,-400000.0625,-400000.0625,-400000.0625,-400000.0625,-400000.0625,-400000.0625
38.506425857543945,-400000.0625,-400000.0625,-400000.0625,-400000.0625,-400000.0625,-400000.0625,-400000.0625,-400000.0625
38.50642943382263,-400000.0625,-400000.0625,-400000.0625,-400000.0625,-400000.0625,-400000.0625,-400000.0625,-400000.0625
38.50643301010132,-400000.0625,-400000.0625,-400000.0625,-400000.0625,-400000.0625,-400000.0625,-400000.0625,-400000.0625
38.506436586380005,-400000.0625,-400000.0625,-400000.0625,-400000.0625,-400000.0625,-400000.0625,-400000.0625,-400000.0625
38.50644016265869,-400000.0625,-400000.0625,-400000.0625,-400000.0625,-400000.0625,-400000.0625,-400000.0625,-400000.0625
38.5064435005188,-400000.0625,-400000.0625,-400000.0625,-400000.0625,-400000.0625,-400000.0625,-400000.0625,-400000.0625
38.506447076797485,-400000.0625,-400000.0625,-400000.0625,-400000.0625,-400000.0625,-400000.0625,-400000.0625,-400000.0625
38.50645065307617,-400000.0625,-400000.0625,-400000.0625,-400000.0625,-400000.0625,-400000.0625,-400000.0625,-400000.0625
38.50645399093628,-400000.0625,-400000.0625,-400000.0625,-400000.0625,-400000.0625,-400000.0625,-400000.0625,-400000.0625
38.506457567214966,-400000.0625,-400000.0625,-400000.0625,-400000.0625,-400000.0625,-400000.0625,-400000.0625,-400000.0625
38.50646185874939,-400000.0625,-400000.0625,-400000.0625,-400000.0625,-400000.0625,-400000.0625,-400000.0625,-400000.0625
38.55157709121704,-400000.0625,-400000.0625,-400000.0625,-400000.0625,-400000.0625,-400000.0625,-400000.0625,-400000.0625
38.5613489151001,-400000.0625,-400000.0625,-400000.0625,-400000.0625,-400000.0625,-400000.0625,-400000.0625,-400000.0625
38.56518292427063,-400000.0625,-400000.0625,-400000.0625,-400000.0625,-400000.0625,-400000.0625,-400000.0625,-400000.0625
38.565190076828,-400000.0625,-400000.0625,-400000.0625,-400000.0625,-400000.0625,-400000.0625,-400000.0625,-400000.0625
38.56519389152527,-400000.0625,-400000.0625,-400000.0625,-400000.0625,-400000.0625,-400000.0625,-400000.0625,-400000.0625
38.565197467803955,-400000.0625,-400000.0625,-400000.0625,-400000.0625,-400000.0625,-400000.0625,-400000.0625,-400000.0625
38.56520080566406,-400000.0625,-400000.0625,-400000.0625,-400000.0625,-400000.0625,-400000.0625,-400000.0625,-400000.0625
38.56520438194275,-400000.0625,-400000.0625,-400000.0625,-400000.0625,-400000.0625,-400000.0625,-400000.0625,-400000.0625
38.56520748138428,-400000.0625,-400000.0625,-400000.0625,-400000.0625,-400000.0625,-400000.0625,-400000.0625,-400000.0625
38.565210819244385,-400000.0625,-400000.0625,-400000.0625,-400000.0625,-400000.0625,-400000.0625,-400000.0625,-400000.0625
38.56521391868591,-400000.0625,-400000.0625,-400000.0625,-400000.0625,-400000.0625,-400000.0625,-400000.0625,-400000.0625
38.56521725654602,-400000.0625,-400000.0625,-400000.0625,-400000.0625,-400000.0625,-400000.0625,-400000.0625,-400000.0625
38.56522059440613,-400000.0625,-400000.0625,-400000.0625,-400000.0625,-400000.0625,-400000.0625,-400000.0625,-400000.0625
38.565223932266235,-400000.0625,-400000.0625,-400000.0625,-400000.0625,-400000.0625,-400000.0625,-400000.0625,-400000.0625
38.56522727012634,-400000.0625,-400000.0625,-400000.0625,-400000.0625,-400000.0625,-400000.0625,-400000.0625,-400000.0625
38.56523060798645,-400000.0625,-400000.0625,-400000.0625,-400000.0625,-400000.0625,-400000.0625,-400000.0625,-400000.0625
38.63999700546265,-400000.0625,-400000.0625,-400000.0625,-400000.0625,-400000.0625,-400000.0625,-400000.0625,-400000.0625
38.645209550857544,-400000.0625,-400000.0625,-400000.0625,-400000.0625,-400000.0625,-400000.0625,-400000.0625,-400000.0625
38.650428771972656,-400000.0625,-400000.0625,-400000.0625,-400000.0625,-400000.0625,-400000.0625,-400000.0625,-400000.0625
38.65428686141968,-400000.0625,-400000.0625,-400000.0625,-400000.0625,-400000.0625,-400000.0625,-400000.0625,-400000.0625
38.65829300880432,-400000.0625,-400000.0625,-400000.0625,-400000.0625,-400000.0625,-400000.0625,-400000.0625,-400000.0625
38.662723779678345,-400000.0625,-400000.0625,-400000.0625,-400000.0625,-400000.0625,-400000.0625,-400000.0625,-400000.0625
38.662731409072876,-400000.0625,-400000.0625,-400000.0625,-400000.0625,-400000.0625,-400000.0625,-400000.0625,-400000.0625
38.6627357006073,-400000.0625,-400000.0625,-400000.0625,-400000.0625,-400000.0625,-400000.0625,-400000.0625,-400000.0625
38.662739992141724,-400000.0625,-400000.0625,-400000.0625,-400000.0625,-400000.0625,-400000.0625,-400000.0625,-400000.0625
38.66274333000183,-400000.0625,-400000.0625,-400000.0625,-400000.0625,-400000.0625,-400000.0625,-400000.0625,-400000.0625
38.66274690628052,-400000.0625,-400000.0625,-400000.0625,-400000.0625,-400000.0625,-400000.0625,-400000.0625,-400000.0625
38.662750244140625,-400000.0625,-400000.0625,-400000.0625,-400000.0625,-400000.0625,-400000.0625,-400000.0625,-400000.0625
38.66275382041931,-400000.0625,-400000.0625,-400000.0625,-400000.0625,-400000.0625,-400000.0625,-400000.0625,-400000.0625
38.662757396698,-400000.0625,-400000.0625,-400000.0625,-400000.0625,-400000.0625,-400000.0625,-400000.0625,-400000.0625
38.662760972976685,-400000.0625,-400000.0625,-400000.0625,-400000.0625,-400000.0625,-400000.0625,-400000.0625,-400000.0625
38.66276431083679,-400000.0625,-400000.0625,-400000.0625,-400000.0625,-400000.0625,-400000.0625,-400000.0625,-400000.0625
38.72419548034668,-400000.0625,-400000.0625,-400000.0625,-400000.0625,-400000.0625,-400000.0625,-400000.0625,-400000.0625
38.73002600669861,-400000.0625,-400000.0625,-400000.0625,-400000.0625,-400000.0625,-400000.0625,-400000.0625,-400000.0625
38.73408794403076,-400000.0625,-400000.0625,-400000.0625,-400000.0625,-400000.0625,-400000.0625,-400000.0625,-400000.0625
38.734095096588135,-400000.0625,-400000.0625,-400000.0625,-400000.0625,-400000.0625,-400000.0625,-400000.0625,-400000.0625
38.7340989112854,-400000.0625,-400000.0625,-400000.0625,-400000.0625,-400000.0625,-400000.0625,-400000.0625,-400000.0625
38.73410224914551,-400000.0625,-400000.0625,-400000.0625,-400000.0625,-400000.0625,-400000.0625,-400000.0625,-400000.0625
38.734105348587036,-400000.0625,-400000.0625,-400000.0625,-400000.0625,-400000.0625,-400000.0625,-400000.0625,-400000.0625
38.734108686447144,-400000.0625,-400000.0625,-400000.0625,-400000.0625,-400000.0625,-400000.0625,-400000.0625,-400000.0625
38.73411202430725,-400000.0625,-400000.0625,-400000.0625,-400000.0625,-400000.0625,-400000.0625,-400000.0625,-400000.0625
38.73411512374878,-400000.0625,-400000.0625,-400000.0625,-400000.0625,-400000.0625,-400000.0625,-400000.0625,-400000.0625
38.73411774635315,-400000.0625,-400000.0625,-400000.0625,-400000.0625,-400000.0625,-400000.0625,-400000.0625,-400000.0625
38.734121322631836,-400000.0625,-400000.0625,-400000.0625,-400000.0625,-400000.0625,-400000.0625,-400000.0625,-400000.0625
38.734124422073364,-400000.0625,-400000.0625,-400000.0625,-400000.0625,-400000.0625,-400000.0625,-400000.0625,-400000.0625
38.73412775993347,-400000.0625,-400000.0625,-400000.0625,-400000.0625,-400000.0625,-400000.0625,-400000.0625,-400000.0625
38.73413109779358,-400000.0625,-400000.0625,-400000.0625,-400000.0625,-400000.0625,-400000.0625,-400000.0625,-400000.0625
38.734134674072266,-400000.0625,-400000.0625,-400000.0625,-400000.0625,-400000.0625,-400000.0625,-400000.0625,-400000.0625
38.745281457901,-400000.0625,-400000.0625,-400000.0625,-400000.0625,-400000.0625,-400000.0625,-400000.0625,-400000.0625
38.75032687187195,-400000.0625,-400000.0625,-400000.0625,-400000.0625,-400000.0625,-400000.0625,-400000.0625,-400000.0625
38.75446128845215,-400000.0625,-400000.0625,-400000.0625,-400000.0625,-400000.0625,-400000.0625,-400000.0625,-400000.0625
38.75855898857117,-400000.0625,-400000.0625,-400000.0625,-400000.0625,-400000.0625,-400000.0625,-400000.0625,-400000.0625
38.763667345047,-400000.0625,-400000.0625,-400000.0625,-400000.0625,-400000.0625,-400000.0625,-400000.0625,-400000.0625
38.805442333221436,-400000.0625,-400000.0625,-400000.0625,-400000.0625,-400000.0625,-400000.0625,-400000.0625,-400000.0625
38.94648194313049,-400000.0625,-400000.0625,-400000.0625,-400000.0625,-400000.0625,-400000.0625,-400000.0625,-400000.0625
39.106905698776245,-400000.0625,-400000.0625,-400000.0625,-400000.0625,-400000.0625,-400000.0625,-400000.0625,-400000.0625
39.13044810295105,-400000.0625,-400000.0625,-400000.0625,-400000.0625,-400000.0625,-400000.0625,-400000.0625,-400000.0625
39.19624972343445,-400000.0625,-400000.0625,-400000.0625,-400000.0625,-400000.0625,-400000.0625,-400000.0625,-400000.0625
39.27385449409485,-400000.0625,-400000.0625,-400000.0625,-400000.0625,-400000.0625,-400000.0625,-400000.0625,-400000.0625
39.393080949783325,-400000.0625,-400000.0625,-400000.0625,-400000.0625,-400000.0625,-400000.0625,-400000.0625,-400000.0625
39.47420287132263,-400000.0625,-400000.0625,-400000.0625,-400000.0625,-400000.0625,-400000.0625,-400000.0625,-400000.0625
39.589231729507446,-400000.0625,-400000.0625,-400000.0625,-400000.0625,-400000.0625,-400000.0625,-400000.0625,-400000.0625
39.64161252975464,-400000.0625,-400000.0625,-400000.0625,-400000.0625,-400000.0625,-400000.0625,-400000.0625,-400000.0625
39.835476875305176,-400000.0625,-400000.0625,-400000.0625,-400000.0625,-400000.0625,-400000.0625,-400000.0625,-400000.0625
39.906065940856934,-400000.0625,-400000.0625,-400000.0625,-400000.0625,-400000.0625,-400000.0625,-400000.0625,-400000.0625
39.95900511741638,-400000.0625,-400000.0625,-400000.0625,-400000.0625,-400000.0625,-400000.0625,-400000.0625,-400000.0625
40.09276723861694,-400000.0625,-400000.0625,-400000.0625,-400000.0625,-400000.0625,-400000.0625,-400000.0625,-400000.0625
40.22317910194397,-400000.0625,-400000.0625,-400000.0625,-400000.0625,-400000.0625,-400000.0625,-400000.0625,-400000.0625
40.29298496246338,-400000.0625,-400000.0625,-400000.0625,-400000.0625,-400000.0625,-400000.0625,-400000.0625,-400000.0625
40.34597063064575,-400000.0625,-400000.0625,-400000.0625,-400000.0625,-400000.0625,-400000.0625,-400000.0625,-400000.0625
40.469297885894775,-400000.0625,-400000.0625,-400000.0625,-400000.0625,-400000.0625,-400000.0625,-400000.0625,-400000.0625
40.59286117553711,-400000.0625,-400000.0625,-400000.0625,-400000.0625,-400000.0625,-400000.0625,-400000.0625,-400000.0625
40.662726640701294,-400000.0625,-400000.0625,-400000.0625,-400000.0625,-400000.0625,-400000.0625,-400000.0625,-400000.0625
40.7378089427948,-400000.0625,-400000.0625,-400000.0625,-400000.0625,-400000.0625,-400000.0625,-400000.0625,-400000.0625
40.79116606712341,-400000.0625,-400000.0625,-400000.0625,-400000.0625,-400000.0625,-400000.0625,-400000.0625,-400000.0625
40.79661273956299,-400000.0625,-400000.0625,-400000.0625,-400000.0625,-400000.0625,-400000.0625,-400000.0625,-400000.0625
40.80124235153198,-400000.0625,-400000.0625,-400000.0625,-400000.0625,-400000.0625,-400000.0625,-400000.0625,-400000.0625
40.80125141143799,-400000.0625,-400000.0625,-400000.0625,-400000.0625,-400000.0625,-400000.0625,-400000.0625,-400000.0625
40.80125570297241,-400000.0625,-400000.0625,-400000.0625,-400000.0625,-400000.0625,-400000.0625,-400000.0625,-400000.0625
40.80125951766968,-400000.0625,-400000.0625,-400000.0625,-400000.0625,-400000.0625,-400000.0625,-400000.0625,-400000.0625
40.80126333236694,-400000.0625,-400000.0625,-400000.0625,-400000.0625,-400000.0625,-400000.0625,-400000.0625,-400000.0625
40.80126690864563,-400000.0625,-400000.0625,-400000.0625,-400000.0625,-400000.0625,-400000.0625,-400000.0625,-400000.0625
40.801270484924316,-400000.0625,-400000.0625,-400000.0625,-400000.0625,-400000.0625,-400000.0625,-400000.0625,-400000.0625
40.801274061203,-400000.0625,-400000.0625,-400000.0625,-400000.0625,-400000.0625,-400000.0625,-400000.0625,-400000.0625
40.80127763748169,-400000.0625,-400000.0625,-400000.0625,-400000.0625,-400000.0625,-400000.0625,-400000.0625,-400000.0625
40.801281452178955,-400000.0625,-400000.0625,-400000.0625,-400000.0625,-400000.0625,-400000.0625,-400000.0625,-400000.0625
40.80128526687622,-400000.0625,-400000.0625,-400000.0625,-400000.0625,-400000.0625,-400000.0625,-400000.0625,-400000.0625
40.801289558410645,-400000.0625,-400000.0625,-400000.0625,-400000.0625,-400000.0625,-400000.0625,-400000.0625,-400000.0625
40.80129265785217,-400000.0625,-400000.0625,-400000.0625,-400000.0625,-400000.0625,-400000.0625,-400000.0625,-400000.0625
40.8012957572937,-400000.0625,-400000.0625,-400000.0625,-400000.0625,-400000.0625,-400000.0625,-400000.0625,-400000.0625
40.852842569351196,-400000.0625,-400000.0625,-400000.0625,-400000.0625,-400000.0625,-400000.0625,-400000.0625,-400000.0625
40.862645626068115,-400000.0625,-400000.0625,-400000.0625,-400000.0625,-400000.0625,-400000.0625,-400000.0625,-400000.0625
40.86765146255493,-400000.0625,-400000.0625,-400000.0625,-400000.0625,-400000.0625,-400000.0625,-400000.0625,-400000.0625
40.87160897254944,-400000.0625,-400000.0625,-400000.0625,-400000.0625,-400000.0625,-400000.0625,-400000.0625,-400000.0625
40.87161564826965,-400000.0625,-400000.0625,-400000.0625,-400000.0625,-400000.0625,-400000.0625,-400000.0625,-400000.0625
40.87161946296692,-400000.0625,-400000.0625,-400000.0625,-400000.0625,-400000.0625,-400000.0625,-400000.0625,-400000.0625
40.871623039245605,-400000.0625,-400000.0625,-400000.0625,-400000.0625,-400000.0625,-400000.0625,-400000.0625,-400000.0625
40.871626138687134,-400000.0625,-400000.0625,-400000.0625,-400000.0625,-400000.0625,-400000.0625,-400000.0625,-400000.0625
40.87162923812866,-400000.0625,-400000.0625,-400000.0625,-400000.0625,-400000.0625,-400000.0625,-400000.0625,-400000.0625
40.87163233757019,-400000.0625,-400000.0625,-400000.0625,-400000.0625,-400000.0625,-400000.0625,-400000.0625,-400000.0625
40.87163543701172,-400000.0625,-400000.0625,-400000.0625,-400000.0625,-400000.0625,-400000.0625,-400000.0625,-400000.0625
40.871638774871826,-400000.0625,-400000.0625,-400000.0625,-400000.0625,-400000.0625,-400000.0625,-400000.0625,-400000.0625
40.871641874313354,-400000.0625,-400000.0625,-400000.0625,-400000.0625,-400000.0625,-400000.0625,-400000.0625,-400000.0625
40.87164497375488,-400000.0625,-400000.0625,-400000.0625,-400000.0625,-400000.0625,-400000.0625,-400000.0625,-400000.0625
40.87164759635925,-400000.0625,-400000.0625,-400000.0625,-400000.0625,-400000.0625,-400000.0625,-400000.0625,-400000.0625
40.87165093421936,-400000.0625,-400000.0625,-400000.0625,-400000.0625,-400000.0625,-400000.0625,-400000.0625,-400000.0625
40.939861536026,-400000.0625,-400000.0625,-400000.0625,-400000.0625,-400000.0625,-400000.0625,-400000.0625,-400000.0625
40.94497799873352,-400000.0625,-400000.0625,-400000.0625,-400000.0625,-400000.0625,-400000.0625,-400000.0625,-400000.0625
40.94984269142151,-400000.0625,-400000.0625,-400000.0625,-400000.0625,-400000.0625,-400000.0625,-400000.0625,-400000.0625
40.949851274490356,-400000.0625,-400000.0625,-400000.0625,-400000.0625,-400000.0625,-400000.0625,-400000.0625,-400000.0625
40.94985556602478,-400000.0625,-400000.0625,-400000.0625,-400000.0625,-400000.0625,-400000.0625,-400000.0625,-400000.0625
40.94986009597778,-400000.0625,-400000.0625,-400000.0625,-400000.0625,-400000.0625,-400000.0625,-400000.0625,-400000.0625
40.94986391067505,-400000.0625,-400000.0625,-400000.0625,-400000.0625,-400000.0625,-400000.0625,-400000.0625,-400000.0625
40.949871301651,-400000.0625,-400000.0625,-400000.0625,-400000.0625,-400000.0625,-400000.0625,-400000.0625,-400000.0625
40.94987487792969,-400000.0625,-400000.0625,-400000.0625,-400000.0625,-400000.0625,-400000.0625,-400000.0625,-400000.0625
40.94987869262695,-400000.0625,-400000.0625,-400000.0625,-400000.0625,-400000.0625,-400000.0625,-400000.0625,-400000.0625
40.94988203048706,-400000.0625,-400000.0625,-400000.0625,-400000.0625,-400000.0625,-400000.0625,-400000.0625,-400000.0625
40.94988536834717,-400000.0625,-400000.0625,-400000.0625,-400000.0625,-400000.0625,-400000.0625,-400000.0625,-400000.0625
40.949891328811646,-400000.0625,-400000.0625,-400000.0625,-400000.0625,-400000.0625,-400000.0625,-400000.0625,-400000.0625
40.94989633560181,-400000.0625,-400000.0625,-400000.0625,-400000.0625,-400000.0625,-400000.0625,-400000.0625,-400000.0625
40.949901819229126,-400000.0625,-400000.0625,-400000.0625,-400000.0625,-400000.0625,-400000.0625,-400000.0625,-400000.0625
40.94990587234497,-400000.0625,-400000.0625,-400000.0625,-400000.0625,-400000.0625,-400000.0625,-400000.0625,-400000.0625
40.991116762161255,-400000.0625,-400000.0625,-400000.0625,-400000.0625,-400000.0625,-400000.0625,-400000.0625,-400000.0625
41.00101399421692,-400000.0625,-400000.0625,-400000.0625,-400000.0625,-400000.0625,-400000.0625,-400000.0625,-400000.0625
41.005388498306274,-400000.0625,-400000.0625,-400000.0625,-400000.0625,-400000.0625,-400000.0625,-400000.0625,-400000.0625
41.00539565086365,-400000.0625,-400000.0625,-400000.0625,-400000.0625,-400000.0625,-400000.0625,-400000.0625,-400000.0625
41.00539994239807,-400000.0625,-400000.0625,-400000.0625,-400000.0625,-400000.0625,-400000.0625,-400000.0625,-400000.0625
41.005404233932495,-400000.0625,-400000.0625,-400000.0625,-400000.0625,-400000.0625,-400000.0625,-400000.0625,-400000.0625
41.00540804862976,-400000.0625,-400000.0625,-400000.0625,-400000.0625,-400000.0625,-400000.0625,-400000.0625,-400000.0625
41.00541114807129,-400000.0625,-400000.0625,-400000.0625,-400000.0625,-400000.0625,-400000.0625,-400000.0625,-400000.0625
41.00541591644287,-400000.0625,-400000.0625,-400000.0625,-400000.0625,-400000.0625,-400000.0625,-400000.0625,-400000.0625
41.00541925430298,-400000.0625,-400000.0625,-400000.0625,-400000.0625,-400000.0625,-400000.0625,-400000.0625,-400000.0625
41.005422592163086,-400000.0625,-400000.0625,-400000.0625,-400000.0625,-400000.0625,-400000.0625,-400000.0625,-400000.0625
41.00542616844177,-400000.0625,-400000.0625,-400000.0625,-400000.0625,-400000.0625,-400000.0625,-400000.0625,-400000.0625
41.0054292678833,-400000.0625,-400000.0625,-400000.0625,-400000.0625,-400000.0625,-400000.0625,-400000.0625,-400000.0625
41.00543284416199,-400000.0625,-400000.0625,-400000.0625,-400000.0625,-400000.0625,-400000.0625,-400000.0625,-400000.0625
41.005436182022095,-400000.0625,-400000.0625,-400000.0625,-400000.0625,-400000.0625,-400000.0625,-400000.0625,-400000.0625
41.0054395198822,-400000.0625,-400000.0625,-400000.0625,-400000.0625,-400000.0625,-400000.0625,-400000.0625,-400000.0625
41.05063843727112,-400000.0625,-400000.0625,-400000.0625,-400000.0625,-400000.0625,-400000.0625,-400000.0625,-400000.0625
41.05590200424194,-400000.0625,-400000.0625,-400000.0625,-400000.0625,-400000.0625,-400000.0625,-400000.0625,-400000.0625
41.06099224090576,-400000.0625,-400000.0625,-400000.0625,-400000.0625,-400000.0625,-400000.0625,-400000.0625,-400000.0625
41.06535005569458,-400000.0625,-400000.0625,-400000.0625,-400000.0625,-400000.0625,-400000.0625,-400000.0625,-400000.0625
41.06535792350769,-400000.0625,-400000.0625,-400000.0625,-400000.0625,-400000.0625,-400000.0625,-400000.0625,-400000.0625
41.06536245346069,-400000.0625,-400000.0625,-400000.0625,-400000.0625,-400000.0625,-400000.0625,-400000.0625,-400000.0625
41.06536626815796,-400000.0625,-400000.0625,-400000.0625,-400000.0625,-400000.0625,-400000.0625,-400000.0625,-400000.0625
41.065369606018066,-400000.0625,-400000.0625,-400000.0625,-400000.0625,-400000.0625,-400000.0625,-400000.0625,-400000.0625
41.06537318229675,-400000.0625,-400000.0625,-400000.0625,-400000.0625,-400000.0625,-400000.0625,-400000.0625,-400000.0625
41.06537652015686,-400000.0625,-400000.0625,-400000.0625,-400000.0625,-400000.0625,-400000.0625,-400000.0625,-400000.0625
41.06537985801697,-400000.0625,-400000.0625,-400000.0625,-400000.0625,-400000.0625,-400000.0625,-400000.0625,-400000.0625
41.065383195877075,-400000.0625,-400000.0625,-400000.0625,-400000.0625,-400000.0625,-400000.0625,-400000.0625,-400000.0625
41.06538677215576,-400000.0625,-400000.0625,-400000.0625,-400000.0625,-400000.0625,-400000.0625,-400000.0625,-400000.0625
41.06539011001587,-400000.0625,-400000.0625,-400000.0625,-400000.0625,-400000.0625,-400000.0625,-400000.0625,-400000.0625
41.06539344787598,-400000.0625,-400000.0625,-400000.0625,-400000.0625,-400000.0625,-400000.0625,-400000.0625,-400000.0625
41.065396785736084,-400000.0625,-400000.0625,-400000.0625,-400000.0625,-400000.0625,-400000.0625,-400000.0625,-400000.0625
41.109658002853394,-400000.0625,-400000.0625,-400000.0625,-400000.0625,-400000.0625,-400000.0625,-400000.0625,-400000.0625
41.11874461174011,-400000.0625,-400000.0625,-400000.0625,-400000.0625,-400000.0625,-400000.0625,-400000.0625,-400000.0625
41.12331676483154,-400000.0625,-400000.0625,-400000.0625,-400000.0625,-400000.0625,-400000.0625,-400000.0625,-400000.0625
41.12332510948181,-400000.0625,-400000.0625,-400000.0625,-400000.0625,-400000.0625,-400000.0625,-400000.0625,-400000.0625
41.12332892417908,-400000.0625,-400000.0625,-400000.0625,-400000.0625,-400000.0625,-400000.0625,-400000.0625,-400000.0625
41.12333273887634,-400000.0625,-400000.0625,-400000.0625,-400000.0625,-400000.0625,-400000.0625,-400000.0625,-400000.0625
41.12333631515503,-400000.0625,-400000.0625,-400000.0625,-400000.0625,-400000.0625,-400000.0625,-400000.0625,-400000.0625
41.12333965301514,-400000.0625,-400000.0625,-400000.0625,-400000.0625,-400000.0625,-400000.0625,-400000.0625,-400000.0625
41.12334322929382,-400000.0625,-400000.0625,-400000.0625,-400000.0625,-400000.0625,-400000.0625,-400000.0625,-400000.0625
41.12334680557251,-400000.0625,-400000.0625,-400000.0625,-400000.0625,-400000.0625,-400000.0625,-400000.0625,-400000.0625
41.123350381851196,-400000.0625,-400000.0625,-400000.0625,-400000.0625,-400000.0625,-400000.0625,-400000.0625,-400000.0625
41.12335395812988,-400000.0625,-400000.0625,-400000.0625,-400000.0625,-400000.0625,-400000.0625,-400000.0625,-400000.0625
41.12335777282715,-400000.0625,-400000.0625,-400000.0625,-400000.0625,-400000.0625,-400000.0625,-400000.0625,-400000.0625
41.123361587524414,-400000.0625,-400000.0625,-400000.0625,-400000.0625,-400000.0625,-400000.0625,-400000.0625,-400000.0625
41.1233651638031,-400000.0625,-400000.0625,-400000.0625,-400000.0625,-400000.0625,-400000.0625,-400000.0625,-400000.0625
41.12336874008179,-400000.0625,-400000.0625,-400000.0625,-400000.0625,-400000.0625,-400000.0625,-400000.0625,-400000.0625
41.19055461883545,-400000.0625,-400000.0625,-400000.0625,-400000.0625,-400000.0625,-400000.0625,-400000.0625,-400000.0625
41.196717500686646,-400000.0625,-400000.0625,-400000.0625,-400000.0625,-400000.0625,-400000.0625,-400000.0625,-400000.0625
41.20100259780884,-400000.0625,-400000.0625,-400000.0625,-400000.0625,-400000.0625,-400000.0625,-400000.0625,-400000.0625
41.20100927352905,-400000.0625,-400000.0625,-400000.0625,-400000.0625,-400000.0625,-400000.0625,-400000.0625,-400000.0625
41.20101284980774,-400000.0625,-400000.0625,-400000.0625,-400000.0625,-400000.0625,-400000.0625,-400000.0625,-400000.0625
41.201016664505005,-400000.0625,-400000.0625,-400000.0625,-400000.0625,-400000.0625,-400000.0625,-400000.0625,-400000.0625
41.20102000236511,-400000.0625,-400000.0625,-400000.0625,-400000.0625,-400000.0625,-400000.0625,-400000.0625,-400000.0625
41.20102334022522,-400000.0625,-400000.0625,-400000.0625,-400000.0625,-400000.0625,-400000.0625,-400000.0625,-400000.0625
41.20102643966675,-400000.0625,-400000.0625,-400000.0625,-400000.0625,-400000.0625,-400000.0625,-400000.0625,-400000.0625
41.201029777526855,-400000.0625,-400000.0625,-400000.0625,-400000.0625,-400000.0625,-400000.0625,-400000.0625,-400000.0625
41.20103311538696,-400000.0625,-400000.0625,-400000.0625,-400000.0625,-400000.0625,-400000.0625,-400000.0625,-400000.0625
41.20103621482849,-400000.0625,-400000.0625,-400000.0625,-400000.0625,-400000.0625,-400000.0625,-400000.0625,-400000.0625
41.2010395526886,-400000.0625,-400000.0625,-400000.0625,-400000.0625,-400000.0625,-400000.0625,-400000.0625,-400000.0625
41.20104265213013,-400000.0625,-400000.0625,-400000.0625,-400000.0625,-400000.0625,-400000.0625,-400000.0625,-400000.0625
41.201045751571655,-400000.0625,-400000.0625,-400000.0625,-400000.0625,-400000.0625,-400000.0625,-400000.0625,-400000.0625
41.201048851013184,-400000.0625,-400000.0625,-400000.0625,-400000.0625,-400000.0625,-400000.0625,-400000.0625,-400000.0625
41.23925518989563,-400000.0625,-400000.0625,-400000.0625,-400000.0625,-400000.0625,-400000.0625,-400000.0625,-400000.0625
41.24871110916138,-400000.0625,-400000.0625,-400000.0625,-400000.0625,-400000.0625,-400000.0625,-400000.0625,-400000.0625
41.25302004814148,-400000.0625,-400000.0625,-400000.0625,-400000.0625,-400000.0625,-400000.0625,-400000.0625,-400000.0625
41.25302839279175,-400000.0625,-400000.0625,-400000.0625,-400000.0625,-400000.0625,-400000.0625,-400000.0625,-400000.0625
41.25303339958191,-400000.0625,-400000.0625,-400000.0625,-400000.0625,-400000.0625,-400000.0625,-400000.0625,-400000.0625
41.25303816795349,-400000.0625,-400000.0625,-400000.0625,-400000.0625,-400000.0625,-400000.0625,-400000.0625,-400000.0625
41.253042697906494,-400000.0625,-400000.0625,-400000.0625,-400000.0625,-400000.0625,-400000.0625,-400000.0625,-400000.0625
41.25304627418518,-400000.0625,-400000.0625,-400000.0625,-400000.0625,-400000.0625,-400000.0625,-400000.0625,-400000.0625
41.25305199623108,-400000.0625,-400000.0625,-400000.0625,-400000.0625,-400000.0625,-400000.0625,-400000.0625,-400000.0625
41.2530562877655,-400000.0625,-400000.0625,-400000.0625,-400000.0625,-400000.0625,-400000.0625,-400000.0625,-400000.0625
41.25306034088135,-400000.0625,-400000.0625,-400000.0625,-400000.0625,-400000.0625,-400000.0625,-400000.0625,-400000.0625
41.253063917160034,-400000.0625,-400000.0625,-400000.0625,-400000.0625,-400000.0625,-400000.0625,-400000.0625,-400000.0625
41.2530677318573,-400000.0625,-400000.0625,-400000.0625,-400000.0625,-400000.0625,-400000.0625,-400000.0625,-400000.0625
41.253071308135986,-400000.0625,-400000.0625,-400000.0625,-400000.0625,-400000.0625,-400000.0625,-400000.0625,-400000.0625
41.25307488441467,-400000.0625,-400000.0625,-400000.0625,-400000.0625,-400000.0625,-400000.0625,-400000.0625,-400000.0625
41.25307846069336,-400000.0625,-400000.0625,-400000.0625,-400000.0625,-400000.0625,-400000.0625,-400000.0625,-400000.0625
41.308069467544556,-400000.0625,-400000.0625,-400000.0625,-400000.0625,-400000.0625,-400000.0625,-400000.0625,-400000.0625
41.440502405166626,-400000.0625,-400000.0625,-400000.0625,-400000.0625,-400000.0625,-400000.0625,-400000.0625,-400000.0625
41.56037759780884,-400000.0625,-400000.0625,-400000.0625,-400000.0625,-400000.0625,-400000.0625,-400000.0625,-400000.0625
41.673715353012085,-400000.0625,-400000.0625,-400000.0625,-400000.0625,-400000.0625,-400000.0625,-400000.0625,-400000.0625
42.072651863098145,-400000.0625,-400000.0625,-400000.0625,-400000.0625,-400000.0625,-400000.0625,-400000.0625,-400000.0625
42.15602970123291,-400000.0625,-400000.0625,-400000.0625,-400000.0625,-400000.0625,-400000.0625,-400000.0625,-400000.0625
42.339221715927124,-400000.0625,-400000.0625,-400000.0625,-400000.0625,-400000.0625,-400000.0625,-400000.0625,-400000.0625
42.4059898853302,-400000.0625,-400000.0625,-400000.0625,-400000.0625,-400000.0625,-400000.0625,-400000.0625,-400000.0625
42.47506499290466,-400000.0625,-400000.0625,-400000.0625,-400000.0625,-400000.0625,-400000.0625,-400000.0625,-400000.0625
42.52396035194397,-400000.0625,-400000.0625,-400000.0625,-400000.0625,-400000.0625,-400000.0625,-400000.0625,-400000.0625
42.71054196357727,-400000.0625,-400000.0625,-400000.0625,-400000.0625,-400000.0625,-400000.0625,-400000.0625,-400000.0625
42.77757143974304,-400000.0625,-400000.0625,-400000.0625,-400000.0625,-400000.0625,-400000.0625,-400000.0625,-400000.0625
42.90605044364929,-400000.0625,-400000.0625,-400000.0625,-400000.0625,-400000.0625,-400000.0625,-400000.0625,-400000.0625
43.040160179138184,-400000.0625,-400000.0625,-400000.0625,-400000.0625,-400000.0625,-400000.0625,-400000.0625,-400000.0625
43.123016357421875,-400000.0625,-400000.0625,-400000.0625,-400000.0625,-400000.0625,-400000.0625,-400000.0625,-400000.0625
43.222726583480835,-400000.0625,-400000.0625,-400000.0625,-400000.0625,-400000.0625,-400000.0625,-400000.0625,-400000.0625
43.297558546066284,-400000.0625,-400000.0625,-400000.0625,-400000.0625,-400000.0625,-400000.0625,-400000.0625,-400000.0625
43.30251479148865,-400000.0625,-400000.0625,-400000.0625,-400000.0625,-400000.0625,-400000.0625,-400000.0625,-400000.0625
43.30252289772034,-400000.0625,-400000.0625,-400000.0625,-400000.0625,-400000.0625,-400000.0625,-400000.0625,-400000.0625
43.30252695083618,-400000.0625,-400000.0625,-400000.0625,-400000.0625,-400000.0625,-400000.0625,-400000.0625,-400000.0625
43.302531003952026,-400000.0625,-400000.0625,-400000.0625,-400000.0625,-400000.0625,-400000.0625,-400000.0625,-400000.0625
43.30253458023071,-400000.0625,-400000.0625,-400000.0625,-400000.0625,-400000.0625,-400000.0625,-400000.0625,-400000.0625
43.30253839492798,-400000.0625,-400000.0625,-400000.0625,-400000.0625,-400000.0625,-400000.0625,-400000.0625,-400000.0625
43.302541732788086,-400000.0625,-400000.0625,-400000.0625,-400000.0625,-400000.0625,-400000.0625,-400000.0625,-400000.0625
43.30254554748535,-400000.0625,-400000.0625,-400000.0625,-400000.0625,-400000.0625,-400000.0625,-400000.0625,-400000.0625
43.30254912376404,-400000.0625,-400000.0625,-400000.0625,-400000.0625,-400000.0625,-400000.0625,-400000.0625,-400000.0625
43.302552938461304,-400000.0625,-400000.0625,-400000.0625,-400000.0625,-400000.0625,-400000.0625,-400000.0625,-400000.0625
43.30255651473999,-400000.0625,-400000.0625,-400000.0625,-400000.0625,-400000.0625,-400000.0625,-400000.0625,-400000.0625
43.30256009101868,-400000.0625,-400000.0625,-400000.0625,-400000.0625,-400000.0625,-400000.0625,-400000.0625,-400000.0625
43.30256366729736,-400000.0625,-400000.0625,-400000.0625,-400000.0625,-400000.0625,-400000.0625,-400000.0625,-400000.0625
43.30256772041321,-400000.0625,-400000.0625,-400000.0625,-400000.0625,-400000.0625,-400000.0625,-400000.0625,-400000.0625
43.302571296691895,-400000.0625,-400000.0625,-400000.0625,-400000.0625,-400000.0625,-400000.0625,-400000.0625,-400000.0625
43.356191873550415,-400000.0625,-400000.0625,-400000.0625,-400000.0625,-400000.0625,-400000.0625,-400000.0625,-400000.0625
43.365817070007324,-400000.0625,-400000.0625,-400000.0625,-400000.0625,-400000.0625,-400000.0625,-400000.0625,-400000.0625
43.37047791481018,-400000.0625,-400000.0625,-400000.0625,-400000.0625,-400000.0625,-400000.0625,-400000.0625,-400000.0625
43.37048625946045,-400000.0625,-400000.0625,-400000.0625,-400000.0625,-400000.0625,-400000.0625,-400000.0625,-400000.0625
43.37049078941345,-400000.0625,-400000.0625,-400000.0625,-400000.0625,-400000.0625,-400000.0625,-400000.0625,-400000.0625
43.3704948425293,-400000.0625,-400000.0625,-400000.0625,-400000.0625,-400000.0625,-400000.0625,-400000.0625,-400000.0625
43.37049841880798,-400000.0625,-400000.0625,-400000.0625,-400000.0625,-400000.0625,-400000.0625,-400000.0625,-400000.0625
43.37050223350525,-400000.0625,-400000.0625,-400000.0625,-400000.0625,-400000.0625,-400000.0625,-400000.0625,-400000.0625
43.370506286621094,-400000.0625,-400000.0625,-400000.0625,-400000.0625,-400000.0625,-400000.0625,-400000.0625,-400000.0625
43.37051010131836,-400000.0625,-400000.0625,-400000.0625,-400000.0625,-400000.0625,-400000.0625,-400000.0625,-400000.0625
43.370513677597046,-400000.0625,-400000.0625,-400000.0625,-400000.0625,-400000.0625,-400000.0625,-400000.0625,-400000.0625
43.37051725387573,-400000.0625,-400000.0625,-400000.0625,-400000.0625,-400000.0625,-400000.0625,-400000.0625,-400000.0625
43.37052059173584,-400000.0625,-400000.0625,-400000.0625,-400000.0625,-400000.0625,-400000.0625,-400000.0625,-400000.0625
43.37055492401123,-400000.0625,-400000.0625,-400000.0625,-400000.0625,-400000.0625,-400000.0625,-400000.0625,-400000.0625
43.370558977127075,-400000.0625,-400000.0625,-400000.0625,-400000.0625,-400000.0625,-400000.0625,-400000.0625,-400000.0625
43.37056255340576,-400000.0625,-400000.0625,-400000.0625,-400000.0625,-400000.0625,-400000.0625,-400000.0625,-400000.0625
43.416504859924316,-400000.0625,-400000.0625,-400000.0625,-400000.0625,-400000.0625,-400000.0625,-400000.0625,-400000.0625
43.421690702438354,-400000.0625,-400000.0625,-400000.0625,-400000.0625,-400000.0625,-400000.0625,-400000.0625,-400000.0625
43.427501916885376,-400000.0625,-400000.0625,-400000.0625,-400000.0625,-400000.0625,-400000.0625,-400000.0625,-400000.0625
43.432026863098145,-400000.0625,-400000.0625,-400000.0625,-400000.0625,-400000.0625,-400000.0625,-400000.0625,-400000.0625
43.43203568458557,-400000.0625,-400000.0625,-400000.0625,-400000.0625,-400000.0625,-400000.0625,-400000.0625,-400000.0625
43.432040214538574,-400000.0625,-400000.0625,-400000.0625,-400000.0625,-400000.0625,-400000.0625,-400000.0625,-400000.0625
43.43204379081726,-400000.0625,-400000.0625,-400000.0625,-400000.0625,-400000.0625,-400000.0625,-400000.0625,-400000.0625
43.43204712867737,-400000.0625,-400000.0625,-400000.0625,-400000.0625,-400000.0625,-400000.0625,-400000.0625,-400000.0625
43.43205189704895,-400000.0625,-400000.0625,-400000.0625,-400000.0625,-400000.0625,-400000.0625,-400000.0625,-400000.0625
43.43205499649048,-400000.0625,-400000.0625,-400000.0625,-400000.0625,-400000.0625,-400000.0625,-400000.0625,-400000.0625
43.432058334350586,-400000.0625,-400000.0625,-400000.0625,-400000.0625,-400000.0625,-400000.0625,-400000.0625,-400000.0625
43.432061433792114,-400000.0625,-400000.0625,-400000.0625,-400000.0625,-400000.0625,-400000.0625,-400000.0625,-400000.0625
43.43206477165222,-400000.0625,-400000.0625,-400000.0625,-400000.0625,-400000.0625,-400000.0625,-400000.0625,-400000.0625
43.43206787109375,-400000.0625,-400000.0625,-400000.0625,-400000.0625,-400000.0625,-400000.0625,-400000.0625,-400000.0625
43.43207120895386,-400000.0625,-400000.0625,-400000.0625,-400000.0625,-400000.0625,-400000.0625,-400000.0625,-400000.0625
43.432074785232544,-400000.0625,-400000.0625,-400000.0625,-400000.0625,-400000.0625,-400000.0625,-400000.0625,-400000.0625
43.50599908828735,-400000.0625,-400000.0625,-400000.0625,-400000.0625,-400000.0625,-400000.0625,-400000.0625,-400000.0625
43.51512575149536,-400000.0625,-400000.0625,-400000.0625,-400000.0625,-400000.0625,-400000.0625,-400000.0625,-400000.0625
43.51986026763916,-400000.0625,-400000.0625,-400000.0625,-400000.0625,-400000.0625,-400000.0625,-400000.0625,-400000.0625
43.519867181777954,-400000.0625,-400000.0625,-400000.0625,-400000.0625,-400000.0625,-400000.0625,-400000.0625,-400000.0625
43.51987075805664,-400000.0625,-400000.0625,-400000.0625,-400000.0625,-400000.0625,-400000.0625,-400000.0625,-400000.0625
43.51987433433533,-400000.0625,-400000.0625,-400000.0625,-400000.0625,-400000.0625,-400000.0625,-400000.0625,-400000.0625
43.519877195358276,-400000.0625,-400000.0625,-400000.0625,-400000.0625,-400000.0625,-400000.0625,-400000.0625,-400000.0625
43.519880533218384,-400000.0625,-400000.0625,-400000.0625,-400000.0625,-400000.0625,-400000.0625,-400000.0625,-400000.0625
43.51988363265991,-400000.0625,-400000.0625,-400000.0625,-400000.0625,-400000.0625,-400000.0625,-400000.0625,-400000.0625
43.51988673210144,-400000.0625,-400000.0625,-400000.0625,-400000.0625,-400000.0625,-400000.0625,-400000.0625,-400000.0625
43.51988983154297,-400000.0625,-400000.0625,-400000.0625,-400000.0625,-400000.0625,-400000.0625,-400000.0625,-400000.0625
43.519893169403076,-400000.0625,-400000.0625,-400000.0625,-400000.0625,-400000.0625,-400000.0625,-400000.0625,-400000.0625
43.519896268844604,-400000.0625,-400000.0625,-400000.0625,-400000.0625,-400000.0625,-400000.0625,-400000.0625,-400000.0625
43.51989936828613,-400000.0625,-400000.0625,-400000.0625,-400000.0625,-400000.0625,-400000.0625,-400000.0625,-400000.0625
43.51990270614624,-400000.0625,-400000.0625,-400000.0625,-400000.0625,-400000.0625,-400000.0625,-400000.0625,-400000.0625
43.51990580558777,-400000.0625,-400000.0625,-400000.0625,-400000.0625,-400000.0625,-400000.0625,-400000.0625,-400000.0625
43.54180073738098,-400000.0625,-400000.0625,-400000.0625,-400000.0625,-400000.0625,-400000.0625,-400000.0625,-400000.0625
43.54730296134949,-400000.0625,-400000.0625,-400000.0625,-400000.0625,-400000.0625,-400000.0625,-400000.0625,-400000.0625
43.55177402496338,-400000.0625,-400000.0625,-400000.0625,-400000.0625,-400000.0625,-400000.0625,-400000.0625,-400000.0625
43.551783084869385,-400000.0625,-400000.0625,-400000.0625,-400000.0625,-400000.0625,-400000.0625,-400000.0625,-400000.0625
43.55178713798523,-400000.0625,-400000.0625,-400000.0625,-400000.0625,-400000.0625,-400000.0625,-400000.0625,-400000.0625
43.55179166793823,-400000.0625,-400000.0625,-400000.0625,-400000.0625,-400000.0625,-400000.0625,-400000.0625,-400000.0625
43.55179524421692,-400000.0625,-400000.0625,-400000.0625,-400000.0625,-400000.0625,-400000.0625,-400000.0625,-400000.0625
43.551799058914185,-400000.0625,-400000.0625,-400000.0625,-400000.0625,-400000.0625,-400000.0625,-400000.0625,-400000.0625
43.55180239677429,-400000.0625,-400000.0625,-400000.0625,-400000.0625,-400000.0625,-400000.0625,-400000.0625,-400000.0625
43.55180597305298,-400000.0625,-400000.0625,-400000.0625,-400000.0625,-400000.0625,-400000.0625,-400000.0625,-400000.0625
43.551809549331665,-400000.0625,-400000.0625,-400000.0625,-400000.0625,-400000.0625,-400000.0625,-400000.0625,-400000.0625
43.55181312561035,-400000.0625,-400000.0625,-400000.0625,-400000.0625,-400000.0625,-400000.0625,-400000.0625,-400000.0625
43.55181646347046,-400000.0625,-400000.0625,-400000.0625,-400000.0625,-400000.0625,-400000.0625,-400000.0625,-400000.0625
43.551820039749146,-400000.0625,-400000.0625,-400000.0625,-400000.0625,-400000.0625,-400000.0625,-400000.0625,-400000.0625
43.55182361602783,-400000.0625,-400000.0625,-400000.0625,-400000.0625,-400000.0625,-400000.0625,-400000.0625,-400000.0625
43.55182719230652,-400000.0625,-400000.0625,-400000.0625,-400000.0625,-400000.0625,-400000.0625,-400000.0625,-400000.0625
43.60541844367981,-400000.0625,-400000.0625,-400000.0625,-400000.0625,-400000.0625,-400000.0625,-400000.0625,-400000.0625
43.61102843284607,-400000.0625,-400000.0625,-400000.0625,-400000.0625,-400000.0625,-400000.0625,-400000.0625,-400000.0625
43.61881351470947,-400000.0625,-400000.0625,-400000.0625,-400000.0625,-400000.0625,-400000.0625,-400000.0625,-400000.0625
43.622931480407715,-400000.0625,-400000.0625,-400000.0625,-400000.0625,-400000.0625,-400000.0625,-400000.0625,-400000.0625
43.62293839454651,-400000.0625,-400000.0625,-400000.0625,-400000.0625,-400000.0625,-400000.0625,-400000.0625,-400000.0625
43.62294244766235,-400000.0625,-400000.0625,-400000.0625,-400000.0625,-400000.0625,-400000.0625,-400000.0625,-400000.0625
43.62294578552246,-400000.0625,-400000.0625,-400000.0625,-400000.0625,-400000.0625,-400000.0625,-400000.0625,-400000.0625
43.62294912338257,-400000.0625,-400000.0625,-400000.0625,-400000.0625,-400000.0625,-400000.0625,-400000.0625,-400000.0625
43.622952461242676,-400000.0625,-400000.0625,-400000.0625,-400000.0625,-400000.0625,-400000.0625,-400000.0625,-400000.0625
43.62295579910278,-400000.0625,-400000.0625,-400000.0625,-400000.0625,-400000.0625,-400000.0625,-400000.0625,-400000.0625
43.62295937538147,-400000.0625,-400000.0625,-400000.0625,-400000.0625,-400000.0625,-400000.0625,-400000.0625,-400000.0625
43.622962951660156,-400000.0625,-400000.0625,-400000.0625,-400000.0625,-400000.0625,-400000.0625,-400000.0625,-400000.0625
43.62296652793884,-400000.0625,-400000.0625,-400000.0625,-400000.0625,-400000.0625,-400000.0625,-400000.0625,-400000.0625
43.62297010421753,-400000.0625,-400000.0625,-400000.0625,-400000.0625,-400000.0625,-400000.0625,-400000.0625,-400000.0625
43.62297344207764,-400000.0625,-400000.0625,-400000.0625,-400000.0625,-400000.0625,-400000.0625,-400000.0625,-400000.0625
43.62297749519348,-400000.0625,-400000.0625,-400000.0625,-400000.0625,-400000.0625,-400000.0625,-400000.0625,-400000.0625
43.6717050075531,-400000.0625,-400000.0625,-400000.0625,-400000.0625,-400000.0625,-400000.0625,-400000.0625,-400000.0625
43.67712998390198,-400000.0625,-400000.0625,-400000.0625,-400000.0625,-400000.0625,-400000.0625,-400000.0625,-400000.0625
43.68184041976929,-400000.0625,-400000.0625,-400000.0625,-400000.0625,-400000.0625,-400000.0625,-400000.0625,-400000.0625
43.68184685707092,-400000.0625,-400000.0625,-400000.0625,-400000.0625,-400000.0625,-400000.0625,-400000.0625,-400000.0625
43.68185067176819,-400000.0625,-400000.0625,-400000.0625,-400000.0625,-400000.0625,-400000.0625,-400000.0625,-400000.0625
43.68185472488403,-400000.0625,-400000.0625,-400000.0625,-400000.0625,-400000.0625,-400000.0625,-400000.0625,-400000.0625
43.68185806274414,-400000.0625,-400000.0625,-400000.0625,-400000.0625,-400000.0625,-400000.0625,-400000.0625,-400000.0625
43.68186068534851,-400000.0625,-400000.0625,-400000.0625,-400000.0625,-400000.0625,-400000.0625,-400000.0625,-400000.0625
43.68186545372009,-400000.0625,-400000.0625,-400000.0625,-400000.0625,-400000.0625,-400000.0625,-400000.0625,-400000.0625
43.68186831474304,-400000.0625,-400000.0625,-400000.0625,-400000.0625,-400000.0625,-400000.0625,-400000.0625,-400000.0625
43.68187236785889,-400000.0625,-400000.0625,-400000.0625,-400000.0625,-400000.0625,-400000.0625,-400000.0625,-400000.0625
43.68187594413757,-400000.0625,-400000.0625,-400000.0625,-400000.0625,-400000.0625,-400000.0625,-400000.0625,-400000.0625
43.68187952041626,-400000.0625,-400000.0625,-400000.0625,-400000.0625,-400000.0625,-400000.0625,-400000.0625,-400000.0625
43.68188261985779,-400000.0625,-400000.0625,-400000.0625,-400000.0625,-400000.0625,-400000.0625,-400000.0625,-400000.0625
43.681885719299316,-400000.0625,-400000.0625,-400000.0625,-400000.0625,-400000.0625,-400000.0625,-400000.0625,-400000.0625
43.68188977241516,-400000.0625,-400000.0625,-400000.0625,-400000.0625,-400000.0625,-400000.0625,-400000.0625,-400000.0625
43.746392250061035,-400000.0625,-400000.0625,-400000.0625,-400000.0625,-400000.0625,-400000.0625,-400000.0625,-400000.0625
43.75534439086914,-400000.0625,-400000.0625,-400000.0625,-400000.0625,-400000.0625,-400000.0625,-400000.0625,-400000.0625
43.76069498062134,-400000.0625,-400000.0625,-400000.0625,-400000.0625,-400000.0625,-400000.0625,-400000.0625,-400000.0625
43.76509976387024,-400000.0625,-400000.0625,-400000.0625,-400000.0625,-400000.0625,-400000.0625,-400000.0625,-400000.0625
43.7651093006134,-400000.0625,-400000.0625,-400000.0625,-400000.0625,-400000.0625,-400000.0625,-400000.0625,-400000.0625
43.765114068984985,-400000.0625,-400000.0625,-400000.0625,-400000.0625,-400000.0625,-400000.0625,-400000.0625,-400000.0625
43.76511836051941,-400000.0625,-400000.0625,-400000.0625,-400000.0625,-400000.0625,-400000.0625,-400000.0625,-400000.0625
43.76512289047241,-400000.0625,-400000.0625,-400000.0625,-400000.0625,-400000.0625,-400000.0625,-400000.0625,-400000.0625
43.765127182006836,-400000.0625,-400000.0625,-400000.0625,-400000.0625,-400000.0625,-400000.0625,-400000.0625,-400000.0625
43.7651309967041,-400000.0625,-400000.0625,-400000.0625,-400000.0625,-400000.0625,-400000.0625,-400000.0625,-400000.0625
43.76513481140137,-400000.0625,-400000.0625,-400000.0625,-400000.0625,-400000.0625,-400000.0625,-400000.0625,-400000.0625
43.76513886451721,-400000.0625,-400000.0625,-400000.0625,-400000.0625,-400000.0625,-400000.0625,-400000.0625,-400000.0625
43.76514267921448,-400000.0625,-400000.0625,-400000.0625,-400000.0625,-400000.0625,-400000.0625,-400000.0625,-400000.0625
43.76514673233032,-400000.0625,-400000.0625,-400000.0625,-400000.0625,-400000.0625,-400000.0625,-400000.0625,-400000.0625
43.76515054702759,-400000.0625,-400000.0625,-400000.0625,-400000.0625,-400000.0625,-400000.0625,-400000.0625,-400000.0625
43.76515460014343,-400000.0625,-400000.0625,-400000.0625,-400000.0625,-400000.0625,-400000.0625,-400000.0625,-400000.0625
43.807079553604126,-400000.0625,-400000.0625,-400000.0625,-400000.0625,-400000.0625,-400000.0625,-400000.0625,-400000.0625
43.874022245407104,-400000.0625,-400000.0625,-400000.0625,-400000.0625,-400000.0625,-400000.0625,-400000.0625,-400000.0625
43.99687337875366,-400000.0625,-400000.0625,-400000.0625,-400000.0625,-400000.0625,-400000.0625,-400000.0625,-400000.0625
44.05671238899231,-400000.0625,-400000.0625,-400000.0625,-400000.0625,-400000.0625,-400000.0625,-400000.0625,-400000.0625
44.122819662094116,-400000.0625,-400000.0625,-400000.0625,-400000.0625,-400000.0625,-400000.0625,-400000.0625,-400000.0625
44.256247997283936,-400000.0625,-400000.0625,-400000.0625,-400000.0625,-400000.0625,-400000.0625,-400000.0625,-400000.0625
44.31097340583801,-400000.0625,-400000.0625,-400000.0625,-400000.0625,-400000.0625,-400000.0625,-400000.0625,-400000.0625
44.39282298088074,-400000.0625,-400000.0625,-400000.0625,-400000.0625,-400000.0625,-400000.0625,-400000.0625,-400000.0625
44.446478605270386,-400000.0625,-400000.0625,-400000.0625,-400000.0625,-400000.0625,-400000.0625,-400000.0625,-400000.0625
44.64033770561218,-400000.0625,-400000.0625,-400000.0625,-400000.0625,-400000.0625,-400000.0625,-400000.0625,-400000.0625
44.69290590286255,-400000.0625,-400000.0625,-400000.0625,-400000.0625,-400000.0625,-400000.0625,-400000.0625,-400000.0625
44.75648307800293,-400000.0625,-400000.0625,-400000.0625,-400000.0625,-400000.0625,-400000.0625,-400000.0625,-400000.0625
44.821370124816895,-400000.0625,-400000.0625,-400000.0625,-400000.0625,-400000.0625,-400000.0625,-400000.0625,-400000.0625
44.90612268447876,-400000.0625,-400000.0625,-400000.0625,-400000.0625,-400000.0625,-400000.0625,-400000.0625,-400000.0625
44.989691495895386,-400000.0625,-400000.0625,-400000.0625,-400000.0625,-400000.0625,-400000.0625,-400000.0625,-400000.0625
45.03934454917908,-400000.0625,-400000.0625,-400000.0625,-400000.0625,-400000.0625,-400000.0625,-400000.0625,-400000.0625
45.08792591094971,-400000.0625,-400000.0625,-400000.0625,-400000.0625,-400000.0625,-400000.0625,-400000.0625,-400000.0625
45.14525103569031,-400000.0625,-400000.0625,-400000.0625,-400000.0625,-400000.0625,-400000.0625,-400000.0625,-400000.0625
45.20585489273071,-400000.0625,-400000.0625,-400000.0625,-400000.0625,-400000.0625,-400000.0625,-400000.0625,-400000.0625
45.27324032783508,-400000.0625,-400000.0625,-400000.0625,-400000.0625,-400000.0625,-400000.0625,-400000.0625,-400000.0625
45.34184551239014,-400000.0625,-400000.0625,-400000.0625,-400000.0625,-400000.0625,-400000.0625,-400000.0625,-400000.0625
45.40621852874756,-400000.0625,-400000.0625,-400000.0625,-400000.0625,-400000.0625,-400000.0625,-400000.0625,-400000.0625
45.47312879562378,-400000.0625,-400000.0625,-400000.0625,-400000.0625,-400000.0625,-400000.0625,-400000.0625,-400000.0625
45.53950595855713,-400000.0625,-400000.0625,-400000.0625,-400000.0625,-400000.0625,-400000.0625,-400000.0625,-400000.0625
45.591601610183716,-400000.0625,-400000.0625,-400000.0625,-400000.0625,-400000.0625,-400000.0625,-400000.0625,-400000.0625
45.73449158668518,-400000.0625,-400000.0625,-400000.0625,-400000.0625,-400000.0625,-400000.0625,-400000.0625,-400000.0625
45.79155683517456,-400000.0625,-400000.0625,-400000.0625,-400000.0625,-400000.0625,-400000.0625,-400000.0625,-400000.0625
45.79708671569824,-400000.0625,-400000.0625,-400000.0625,-400000.0625,-400000.0625,-400000.0625,-400000.0625,-400000.0625
45.801753997802734,-400000.0625,-400000.0625,-400000.0625,-400000.0625,-400000.0625,-400000.0625,-400000.0625,-400000.0625
45.801769971847534,-400000.0625,-400000.0625,-400000.0625,-400000.0625,-400000.0625,-400000.0625,-400000.0625,-400000.0625
45.801774740219116,-400000.0625,-400000.0625,-400000.0625,-400000.0625,-400000.0625,-400000.0625,-400000.0625,-400000.0625
45.80177879333496,-400000.0625,-400000.0625,-400000.0625,-400000.0625,-400000.0625,-400000.0625,-400000.0625,-400000.0625
45.80178260803223,-400000.0625,-400000.0625,-400000.0625,-400000.0625,-400000.0625,-400000.0625,-400000.0625,-400000.0625
45.80178713798523,-400000.0625,-400000.0625,-400000.0625,-400000.0625,-400000.0625,-400000.0625,-400000.0625,-400000.0625
45.801790714263916,-400000.0625,-400000.0625,-400000.0625,-400000.0625,-400000.0625,-400000.0625,-400000.0625,-400000.0625
45.80179452896118,-400000.0625,-400000.0625,-400000.0625,-400000.0625,-400000.0625,-400000.0625,-400000.0625,-400000.0625
45.80179834365845,-400000.0625,-400000.0625,-400000.0625,-400000.0625,-400000.0625,-400000.0625,-400000.0625,-400000.0625
45.80180311203003,-400000.0625,-400000.0625,-400000.0625,-400000.0625,-400000.0625,-400000.0625,-400000.0625,-400000.0625
45.80180644989014,-400000.0625,-400000.0625,-400000.0625,-400000.0625,-400000.0625,-400000.0625,-400000.0625,-400000.0625
45.80181002616882,-400000.0625,-400000.0625,-400000.0625,-400000.0625,-400000.0625,-400000.0625,-400000.0625,-400000.0625
45.80181360244751,-400000.0625,-400000.0625,-400000.0625,-400000.0625,-400000.0625,-400000.0625,-400000.0625,-400000.0625
45.801817417144775,-400000.0625,-400000.0625,-400000.0625,-400000.0625,-400000.0625,-400000.0625,-400000.0625,-400000.0625
45.84793448448181,-400000.0625,-400000.0625,-400000.0625,-400000.0625,-400000.0625,-400000.0625,-400000.0625,-400000.0625
45.85680913925171,-400000.0625,-400000.0625,-400000.0625,-400000.0625,-400000.0625,-400000.0625,-400000.0625,-400000.0625
45.861387729644775,-400000.0625,-400000.0625,-400000.0625,-400000.0625,-400000.0625,-400000.0625,-400000.0625,-400000.0625
45.86139750480652,-400000.0625,-400000.0625,-400000.0625,-400000.0625,-400000.0625,-400000.0625,-400000.0625,-400000.0625
45.86140155792236,-400000.0625,-400000.0625,-400000.0625,-400000.0625,-400000.0625,-400000.0625,-400000.0625,-400000.0625
45.86140537261963,-400000.0625,-400000.0625,-400000.0625,-400000.0625,-400000.0625,-400000.0625,-400000.0625,-400000.0625
45.861409187316895,-400000.0625,-400000.0625,-400000.0625,-400000.0625,-400000.0625,-400000.0625,-400000.0625,-400000.0625
45.86141276359558,-400000.0625,-400000.0625,-400000.0625,-400000.0625,-400000.0625,-400000.0625,-400000.0625,-400000.0625
45.86141633987427,-400000.0625,-400000.0625,-400000.0625,-400000.0625,-400000.0625,-400000.0625,-400000.0625,-400000.0625
45.861419916152954,-400000.0625,-400000.0625,-400000.0625,-400000.0625,-400000.0625,-400000.0625,-400000.0625,-400000.0625
45.86142349243164,-400000.0625,-400000.0625,-400000.0625,-400000.0625,-400000.0625,-400000.0625,-400000.0625,-400000.0625
45.86142683029175,-400000.0625,-400000.0625,-400000.0625,-400000.0625,-400000.0625,-400000.0625,-400000.0625,-400000.0625
45.861430406570435,-400000.0625,-400000.0625,-400000.0625,-400000.0625,-400000.0625,-400000.0625,-400000.0625,-400000.0625
45.8614387512207,-400000.0625,-400000.0625,-400000.0625,-400000.0625,-400000.0625,-400000.0625,-400000.0625,-400000.0625
45.861443281173706,-400000.0625,-400000.0625,-400000.0625,-400000.0625,-400000.0625,-400000.0625,-400000.0625,-400000.0625
45.861446380615234,-400000.0625,-400000.0625,-400000.0625,-400000.0625,-400000.0625,-400000.0625,-400000.0625,-400000.0625
45.90968894958496,-400000.0625,-400000.0625,-400000.0625,-400000.0625,-400000.0625,-400000.0625,-400000.0625,-400000.0625
45.91487145423889,-400000.0625,-400000.0625,-400000.0625,-400000.0625,-400000.0625,-400000.0625,-400000.0625,-400000.0625
45.91967439651489,-400000.0625,-400000.0625,-400000.0625,-400000.0625,-400000.0625,-400000.0625,-400000.0625,-400000.0625
45.91968321800232,-400000.0625,-400000.0625,-400000.0625,-400000.0625,-400000.0625,-400000.0625,-400000.0625,-400000.0625
45.919687032699585,-400000.0625,-400000.0625,-400000.0625,-400000.0625,-400000.0625,-400000.0625,-400000.0625,-400000.0625
45.91969108581543,-400000.0625,-400000.0625,-400000.0625,-400000.0625,-400000.0625,-400000.0625,-400000.0625,-400000.0625
45.919695138931274,-400000.0625,-400000.0625,-400000.0625,-400000.0625,-400000.0625,-400000.0625,-400000.0625,-400000.0625
45.91969871520996,-400000.0625,-400000.0625,-400000.0625,-400000.0625,-400000.0625,-400000.0625,-400000.0625,-400000.0625
45.91970252990723,-400000.0625,-400000.0625,-400000.0625,-400000.0625,-400000.0625,-400000.0625,-400000.0625,-400000.0625
45.91970610618591,-400000.0625,-400000.0625,-400000.0625,-400000.0625,-400000.0625,-400000.0625,-400000.0625,-400000.0625
45.91970944404602,-400000.0625,-400000.0625,-400000.0625,-400000.0625,-400000.0625,-400000.0625,-400000.0625,-400000.0625
45.91971302032471,-400000.0625,-400000.0625,-400000.0625,-400000.0625,-400000.0625,-400000.0625,-400000.0625,-400000.0625
45.919716596603394,-400000.0625,-400000.0625,-400000.0625,-400000.0625,-400000.0625,-400000.0625,-400000.0625,-400000.0625
45.9197199344635,-400000.0625,-400000.0625,-400000.0625,-400000.0625,-400000.0625,-400000.0625,-400000.0625,-400000.0625
45.91972351074219,-400000.0625,-400000.0625,-400000.0625,-400000.0625,-400000.0625,-400000.0625,-400000.0625,-400000.0625
45.919727087020874,-400000.0625,-400000.0625,-400000.0625,-400000.0625,-400000.0625,-400000.0625,-400000.0625,-400000.0625
45.99010419845581,-400000.0625,-400000.0625,-400000.0625,-400000.0625,-400000.0625,-400000.0625,-400000.0625,-400000.0625
46.00030255317688,-400000.0625,-400000.0625,-400000.0625,-400000.0625,-400000.0625,-400000.0625,-400000.0625,-400000.0625
46.005343437194824,-400000.0625,-400000.0625,-400000.0625,-400000.0625,-400000.0625,-400000.0625,-400000.0625,-400000.0625
46.01077628135681,-400000.0625,-400000.0625,-400000.0625,-400000.0625,-400000.0625,-400000.0625,-400000.0625,-400000.0625
46.015066385269165,-400000.0625,-400000.0625,-400000.0625,-400000.0625,-400000.0625,-400000.0625,-400000.0625,-400000.0625
46.01507496833801,-400000.0625,-400000.0625,-400000.0625,-400000.0625,-400000.0625,-400000.0625,-400000.0625,-400000.0625
46.015079498291016,-400000.0625,-400000.0625,-400000.0625,-400000.0625,-400000.0625,-400000.0625,-400000.0625,-400000.0625
46.01508378982544,-400000.0625,-400000.0625,-400000.0625,-400000.0625,-400000.0625,-400000.0625,-400000.0625,-400000.0625
46.015087604522705,-400000.0625,-400000.0625,-400000.0625,-400000.0625,-400000.0625,-400000.0625,-400000.0625,-400000.0625
46.01509189605713,-400000.0625,-400000.0625,-400000.0625,-400000.0625,-400000.0625,-400000.0625,-400000.0625,-400000.0625
46.015095710754395,-400000.0625,-400000.0625,-400000.0625,-400000.0625,-400000.0625,-400000.0625,-400000.0625,-400000.0625
46.01510000228882,-400000.0625,-400000.0625,-400000.0625,-400000.0625,-400000.0625,-400000.0625,-400000.0625,-400000.0625
46.015103578567505,-400000.0625,-400000.0625,-400000.0625,-400000.0625,-400000.0625,-400000.0625,-400000.0625,-400000.0625
46.01510763168335,-400000.0625,-400000.0625,-400000.0625,-400000.0625,-400000.0625,-400000.0625,-400000.0625,-400000.0625
46.015111684799194,-400000.0625,-400000.0625,-400000.0625,-400000.0625,-400000.0625,-400000.0625,-400000.0625,-400000.0625
46.01511526107788,-400000.0625,-400000.0625,-400000.0625,-400000.0625,-400000.0625,-400000.0625,-400000.0625,-400000.0625
46.07666039466858,-400000.0625,-400000.0625,-400000.0625,-400000.0625,-400000.0625,-400000.0625,-400000.0625,-400000.0625
46.08186149597168,-400000.0625,-400000.0625,-400000.0625,-400000.0625,-400000.0625,-400000.0625,-400000.0625,-400000.0625
46.0861554145813,-400000.0625,-400000.0625,-400000.0625,-400000.0625,-400000.0625,-400000.0625,-400000.0625,-400000.0625
46.086162090301514,-400000.0625,-400000.0625,-400000.0625,-400000.0625,-400000.0625,-400000.0625,-400000.0625,-400000.0625
46.08616614341736,-400000.0625,-400000.0625,-400000.0625,-400000.0625,-400000.0625,-400000.0625,-400000.0625,-400000.0625
46.086169958114624,-400000.0625,-400000.0625,-400000.0625,-400000.0625,-400000.0625,-400000.0625,-400000.0625,-400000.0625
46.08624839782715,-400000.0625,-400000.0625,-400000.0625,-400000.0625,-400000.0625,-400000.0625,-400000.0625,-400000.0625
46.08625316619873,-400000.0625,-400000.0625,-400000.0625,-400000.0625,-400000.0625,-400000.0625,-400000.0625,-400000.0625
46.086256980895996,-400000.0625,-400000.0625,-400000.0625,-400000.0625,-400000.0625,-400000.0625,-400000.0625,-400000.0625
46.08626055717468,-400000.0625,-400000.0625,-400000.0625,-400000.0625,-400000.0625,-400000.0625,-400000.0625,-400000.0625
46.08626437187195,-400000.0625,-400000.0625,-400000.0625,-400000.0625,-400000.0625,-400000.0625,-400000.0625,-400000.0625
46.08626866340637,-400000.0625,-400000.0625,-400000.0625,-400000.0625,-400000.0625,-400000.0625,-400000.0625,-400000.0625
46.08627247810364,-400000.0625,-400000.0625,-400000.0625,-400000.0625,-400000.0625,-400000.0625,-400000.0625,-400000.0625
46.086276054382324,-400000.0625,-400000.0625,-400000.0625,-400000.0625,-400000.0625,-400000.0625,-400000.0625,-400000.0625
46.08627963066101,-400000.0625,-400000.0625,-400000.0625,-400000.0625,-400000.0625,-400000.0625,-400000.0625,-400000.0625
46.0862832069397,-400000.0625,-400000.0625,-400000.0625,-400000.0625,-400000.0625,-400000.0625,-400000.0625,-400000.0625
46.104270935058594,-400000.0625,-400000.0625,-400000.0625,-400000.0625,-400000.0625,-400000.0625,-400000.0625,-400000.0625
46.11399245262146,-400000.0625,-400000.0625,-400000.0625,-400000.0625,-400000.0625,-400000.0625,-400000.0625,-400000.0625
46.11879110336304,-400000.0625,-400000.0625,-400000.0625,-400000.0625,-400000.0625,-400000.0625,-400000.0625,-400000.0625
46.11879920959473,-400000.0625,-400000.0625,-400000.0625,-400000.0625,-400000.0625,-400000.0625,-400000.0625,-400000.0625
46.11880350112915,-400000.0625,-400000.0625,-400000.0625,-400000.0625,-400000.0625,-400000.0625,-400000.0625,-400000.0625
46.118807315826416,-400000.0625,-400000.0625,-400000.0625,-400000.0625,-400000.0625,-400000.0625,-400000.0625,-400000.0625
46.11881113052368,-400000.0625,-400000.0625,-400000.0625,-400000.0625,-400000.0625,-400000.0625,-400000.0625,-400000.0625
46.11881470680237,-400000.0625,-400000.0625,-400000.0625,-400000.0625,-400000.0625,-400000.0625,-400000.0625,-400000.0625
46.118818521499634,-400000.0625,-400000.0625,-400000.0625,-400000.0625,-400000.0625,-400000.0625,-400000.0625,-400000.0625
46.11882209777832,-400000.0625,-400000.0625,-400000.0625,-400000.0625,-400000.0625,-400000.0625,-400000.0625,-400000.0625
46.118825912475586,-400000.0625,-400000.0625,-400000.0625,-400000.0625,-400000.0625,-400000.0625,-400000.0625,-400000.0625
46.11882925033569,-400000.0625,-400000.0625,-400000.0625,-400000.0625,-400000.0625,-400000.0625,-400000.0625,-400000.0625
46.11883306503296,-400000.0625,-400000.0625,-400000.0625,-400000.0625,-400000.0625,-400000.0625,-400000.0625,-400000.0625
46.118836641311646,-400000.0625,-400000.0625,-400000.0625,-400000.0625,-400000.0625,-400000.0625,-400000.0625,-400000.0625
46.11883997917175,-400000.0625,-400000.0625,-400000.0625,-400000.0625,-400000.0625,-400000.0625,-400000.0625,-400000.0625
46.11884355545044,-400000.0625,-400000.0625,-400000.0625,-400000.0625,-400000.0625,-400000.0625,-400000.0625,-400000.0625
46.17363476753235,-400000.0625,-400000.0625,-400000.0625,-400000.0625,-400000.0625,-400000.0625,-400000.0625,-400000.0625
46.179025173187256,-400000.0625,-400000.0625,-400000.0625,-400000.0625,-400000.0625,-400000.0625,-400000.0625,-400000.0625
46.18375015258789,-400000.0625,-400000.0625,-400000.0625,-400000.0625,-400000.0625,-400000.0625,-400000.0625,-400000.0625
46.183759450912476,-400000.0625,-400000.0625,-400000.0625,-400000.0625,-400000.0625,-400000.0625,-400000.0625,-400000.0625
46.18376398086548,-400000.0625,-400000.0625,-400000.0625,-400000.0625,-400000.0625,-400000.0625,-400000.0625,-400000.0625
46.183767795562744,-400000.0625,-400000.0625,-400000.0625,-400000.0625,-400000.0625,-400000.0625,-400000.0625,-400000.0625
46.18377161026001,-400000.0625,-400000.0625,-400000.0625,-400000.0625,-400000.0625,-400000.0625,-400000.0625,-400000.0625
46.183775424957275,-400000.0625,-400000.0625,-400000.0625,-400000.0625,-400000.0625,-400000.0625,-400000.0625,-400000.0625
46.18377923965454,-400000.0625,-400000.0625,-400000.0625,-400000.0625,-400000.0625,-400000.0625,-400000.0625,-400000.0625
46.18378281593323,-400000.0625,-400000.0625,-400000.0625,-400000.0625,-400000.0625,-400000.0625,-400000.0625,-400000.0625
46.18378686904907,-400000.0625,-400000.0625,-400000.0625,-400000.0625,-400000.0625,-400000.0625,-400000.0625,-400000.0625
46.18379068374634,-400000.0625,-400000.0625,-400000.0625,-400000.0625,-400000.0625,-400000.0625,-400000.0625,-400000.0625
46.18379497528076,-400000.0625,-400000.0625,-400000.0625,-400000.0625,-400000.0625,-400000.0625,-400000.0625,-400000.0625
46.18379878997803,-400000.0625,-400000.0625,-400000.0625,-400000.0625,-400000.0625,-400000.0625,-400000.0625,-400000.0625
46.18380284309387,-400000.0625,-400000.0625,-400000.0625,-400000.0625,-400000.0625,-400000.0625,-400000.0625,-400000.0625
46.18380689620972,-400000.0625,-400000.0625,-400000.0625,-400000.0625,-400000.0625,-400000.0625,-400000.0625,-400000.0625
46.24302411079407,-400000.0625,-400000.0625,-400000.0625,-400000.0625,-400000.0625,-400000.0625,-400000.0625,-400000.0625
46.252416372299194,-400000.0625,-400000.0625,-400000.0625,-400000.0625,-400000.0625,-400000.0625,-400000.0625,-400000.0625
46.25680994987488,-400000.0625,-400000.0625,-400000.0625,-400000.0625,-400000.0625,-400000.0625,-400000.0625,-400000.0625
46.25686573982239,-400000.0625,-400000.0625,-400000.0625,-400000.0625,-400000.0625,-400000.0625,-400000.0625,-400000.0625
46.25687098503113,-400000.0625,-400000.0625,-400000.0625,-400000.0625,-400000.0625,-400000.0625,-400000.0625,-400000.0625
46.25687575340271,-400000.0625,-400000.0625,-400000.0625,-400000.0625,-400000.0625,-400000.0625,-400000.0625,-400000.0625
46.256879806518555,-400000.0625,-400000.0625,-400000.0625,-400000.0625,-400000.0625,-400000.0625,-400000.0625,-400000.0625
46.25688457489014,-400000.0625,-400000.0625,-400000.0625,-400000.0625,-400000.0625,-400000.0625,-400000.0625,-400000.0625
46.25688910484314,-400000.0625,-400000.0625,-400000.0625,-400000.0625,-400000.0625,-400000.0625,-400000.0625,-400000.0625
46.25689339637756,-400000.0625,-400000.0625,-400000.0625,-400000.0625,-400000.0625,-400000.0625,-400000.0625,-400000.0625
46.256898164749146,-400000.0625,-400000.0625,-400000.0625,-400000.0625,-400000.0625,-400000.0625,-400000.0625,-400000.0625
46.25690317153931,-400000.0625,-400000.0625,-400000.0625,-400000.0625,-400000.0625,-400000.0625,-400000.0625,-400000.0625
46.25690722465515,-400000.0625,-400000.0625,-400000.0625,-400000.0625,-400000.0625,-400000.0625,-400000.0625,-400000.0625
46.25691080093384,-400000.0625,-400000.0625,-400000.0625,-400000.0625,-400000.0625,-400000.0625,-400000.0625,-400000.0625
46.25691509246826,-400000.0625,-400000.0625,-400000.0625,-400000.0625,-400000.0625,-400000.0625,-400000.0625,-400000.0625
46.25691890716553,-400000.0625,-400000.0625,-400000.0625,-400000.0625,-400000.0625,-400000.0625,-400000.0625,-400000.0625
46.31159996986389,-400000.0625,-400000.0625,-400000.0625,-400000.0625,-400000.0625,-400000.0625,-400000.0625,-400000.0625
46.34051561355591,-400000.0625,-400000.0625,-400000.0625,-400000.0625,-400000.0625,-400000.0625,-400000.0625,-400000.0625
46.34770917892456,-400000.0625,-400000.0625,-400000.0625,-400000.0625,-400000.0625,-400000.0625,-400000.0625,-400000.0625
46.35712647438049,-400000.0625,-400000.0625,-400000.0625,-400000.0625,-400000.0625,-400000.0625,-400000.0625,-400000.0625
46.362972259521484,-400000.0625,-400000.0625,-400000.0625,-400000.0625,-400000.0625,-400000.0625,-400000.0625,-400000.0625
46.37180519104004,-400000.0625,-400000.0625,-400000.0625,-400000.0625,-400000.0625,-400000.0625,-400000.0625,-400000.0625
46.37876343727112,-400000.0625,-400000.0625,-400000.0625,-400000.0625,-400000.0625,-400000.0625,-400000.0625,-400000.0625
46.39634585380554,-400000.0625,-400000.0625,-400000.0625,-400000.0625,-400000.0625,-400000.0625,-400000.0625,-400000.0625
46.40141177177429,-400000.0625,-400000.0625,-400000.0625,-400000.0625,-400000.0625,-400000.0625,-400000.0625,-400000.0625
46.406742811203,-400000.0625,-400000.0625,-400000.0625,-400000.0625,-400000.0625,-400000.0625,-400000.0625,-400000.0625
46.42516493797302,-400000.0625,-400000.0625,-400000.0625,-400000.0625,-400000.0625,-400000.0625,-400000.0625,-400000.0625
46.44369649887085,-400000.0625,-400000.0625,-400000.0625,-400000.0625,-400000.0625,-400000.0625,-400000.0625,-400000.0625
46.45120882987976,-400000.0625,-400000.0625,-400000.0625,-400000.0625,-400000.0625,-400000.0625,-400000.0625,-400000.0625
46.465999126434326,-400000.0625,-400000.0625,-400000.0625,-400000.0625,-400000.0625,-400000.0625,-400000.0625,-400000.0625
46.47501611709595,-400000.0625,-400000.0625,-400000.0625,-400000.0625,-400000.0625,-400000.0625,-400000.0625,-400000.0625
46.48501181602478,-400000.0625,-400000.0625,-400000.0625,-400000.0625,-400000.0625,-400000.0625,-400000.0625,-400000.0625
46.49428701400757,-400000.0625,-400000.0625,-400000.0625,-400000.0625,-400000.0625,-400000.0625,-400000.0625,-400000.0625
46.502296924591064,-400000.0625,-400000.0625,-400000.0625,-400000.0625,-400000.0625,-400000.0625,-400000.0625,-400000.0625
46.50912523269653,-400000.0625,-400000.0625,-400000.0625,-400000.0625,-400000.0625,-400000.0625,-400000.0625,-400000.0625
46.517789363861084,-400000.0625,-400000.0625,-400000.0625,-400000.0625,-400000.0625,-400000.0625,-400000.0625,-400000.0625
46.5258469581604,-400000.0625,-400000.0625,-400000.0625,-400000.0625,-400000.0625,-400000.0625,-400000.0625,-400000.0625
46.53249144554138,-400000.0625,-400000.0625,-400000.0625,-400000.0625,-400000.0625,-400000.0625,-400000.0625,-400000.0625
46.537644386291504,-400000.0625,-400000.0625,-400000.0625,-400000.0625,-400000.0625,-400000.0625,-400000.0625,-400000.0625
46.5436487197876,-400000.0625,-400000.0625,-400000.0625,-400000.0625,-400000.0625,-400000.0625,-400000.0625,-400000.0625
46.550105571746826,-400000.0625,-400000.0625,-400000.0625,-400000.0625,-400000.0625,-400000.0625,-400000.0625,-400000.0625
46.55471229553223,-400000.0625,-400000.0625,-400000.0625,-400000.0625,-400000.0625,-400000.0625,-400000.0625,-400000.0625
46.55961871147156,-400000.0625,-400000.0625,-400000.0625,-400000.0625,-400000.0625,-400000.0625,-400000.0625,-400000.0625
46.56424140930176,-400000.0625,-400000.0625,-400000.0625,-400000.0625,-400000.0625,-400000.0625,-400000.0625,-400000.0625
46.56425070762634,-400000.0625,-400000.0625,-400000.0625,-400000.0625,-400000.0625,-400000.0625,-400000.0625,-400000.0625
46.564255475997925,-400000.0625,-400000.0625,-400000.0625,-400000.0625,-400000.0625,-400000.0625,-400000.0625,-400000.0625
46.56425976753235,-400000.0625,-400000.0625,-400000.0625,-400000.0625,-400000.0625,-400000.0625,-400000.0625,-400000.0625
46.56426382064819,-400000.0625,-400000.0625,-400000.0625,-400000.0625,-400000.0625,-400000.0625,-400000.0625,-400000.0625
46.56426763534546,-400000.0625,-400000.0625,-400000.0625,-400000.0625,-400000.0625,-400000.0625,-400000.0625,-400000.0625
46.564271450042725,-400000.0625,-400000.0625,-400000.0625,-400000.0625,-400000.0625,-400000.0625,-400000.0625,-400000.0625
46.56427550315857,-400000.0625,-400000.0625,-400000.0625,-400000.0625,-400000.0625,-400000.0625,-400000.0625,-400000.0625
46.564279317855835,-400000.0625,-400000.0625,-400000.0625,-400000.0625,-400000.0625,-400000.0625,-400000.0625,-400000.0625
46.5642876625061,-400000.0625,-400000.0625,-400000.0625,-400000.0625,-400000.0625,-400000.0625,-400000.0625,-400000.0625
46.56429147720337,-400000.0625,-400000.0625,-400000.0625,-400000.0625,-400000.0625,-400000.0625,-400000.0625,-400000.0625
46.564295530319214,-400000.0625,-400000.0625,-400000.0625,-400000.0625,-400000.0625,-400000.0625,-400000.0625,-400000.0625
46.5642991065979,-400000.0625,-400000.0625,-400000.0625,-400000.0625,-400000.0625,-400000.0625,-400000.0625,-400000.0625
46.564303398132324,-400000.0625,-400000.0625,-400000.0625,-400000.0625,-400000.0625,-400000.0625,-400000.0625,-400000.0625
46.564308643341064,-400000.0625,-400000.0625,-400000.0625,-400000.0625,-400000.0625,-400000.0625,-400000.0625,-400000.0625
46.56431245803833,-400000.0625,-400000.0625,-400000.0625,-400000.0625,-400000.0625,-400000.0625,-400000.0625,-400000.0625
46.564316511154175,-400000.0625,-400000.0625,-400000.0625,-400000.0625,-400000.0625,-400000.0625,-400000.0625,-400000.0625
46.56432056427002,-400000.0625,-400000.0625,-400000.0625,-400000.0625,-400000.0625,-400000.0625,-400000.0625,-400000.0625
46.564324378967285,-400000.0625,-400000.0625,-400000.0625,-400000.0625,-400000.0625,-400000.0625,-400000.0625,-400000.0625
46.56432795524597,-400000.0625,-400000.0625,-400000.0625,-400000.0625,-400000.0625,-400000.0625,-400000.0625,-400000.0625
46.56433176994324,-400000.0625,-400000.0625,-400000.0625,-400000.0625,-400000.0625,-400000.0625,-400000.0625,-400000.0625
46.5643355846405,-400000.0625,-400000.0625,-400000.0625,-400000.0625,-400000.0625,-400000.0625,-400000.0625,-400000.0625
46.56433939933777,-400000.0625,-400000.0625,-400000.0625,-400000.0625,-400000.0625,-400000.0625,-400000.0625,-400000.0625
46.564342975616455,-400000.0625,-400000.0625,-400000.0625,-400000.0625,-400000.0625,-400000.0625,-400000.0625,-400000.0625
46.56434655189514,-400000.0625,-400000.0625,-400000.0625,-400000.0625,-400000.0625,-400000.0625,-400000.0625,-400000.0625
46.56435012817383,-400000.0625,-400000.0625,-400000.0625,-400000.0625,-400000.0625,-400000.0625,-400000.0625,-400000.0625
46.564353704452515,-400000.0625,-400000.0625,-400000.0625,-400000.0625,-400000.0625,-400000.0625,-400000.0625,-400000.0625
46.56435751914978,-400000.0625,-400000.0625,-400000.0625,-400000.0625,-400000.0625,-400000.0625,-400000.0625,-400000.0625
46.56436228752136,-400000.0625,-400000.0625,-400000.0625,-400000.0625,-400000.0625,-400000.0625,-400000.0625,-400000.0625
46.56436610221863,-400000.0625,-400000.0625,-400000.0625,-400000.0625,-400000.0625,-400000.0625,-400000.0625,-400000.0625
46.56437015533447,-400000.0625,-400000.0625,-400000.0625,-400000.0625,-400000.0625,-400000.0625,-400000.0625,-400000.0625
46.56437397003174,-400000.0625,-400000.0625,-400000.0625,-400000.0625,-400000.0625,-400000.0625,-400000.0625,-400000.0625
46.564377546310425,-400000.0625,-400000.0625,-400000.0625,-400000.0625,-400000.0625,-400000.0625,-400000.0625,-400000.0625
46.56438136100769,-400000.0625,-400000.0625,-400000.0625,-400000.0625,-400000.0625,-400000.0625,-400000.0625,-400000.0625
46.56438493728638,-400000.0625,-400000.0625,-400000.0625,-400000.0625,-400000.0625,-400000.0625,-400000.0625,-400000.0625
46.56438899040222,-400000.0625,-400000.0625,-400000.0625,-400000.0625,-400000.0625,-400000.0625,-400000.0625,-400000.0625
46.56439280509949,-400000.0625,-400000.0625,-400000.0625,-400000.0625,-400000.0625,-400000.0625,-400000.0625,-400000.0625
46.564396142959595,-400000.0625,-400000.0625,-400000.0625,-400000.0625,-400000.0625,-400000.0625,-400000.0625,-400000.0625
46.56439995765686,-400000.0625,-400000.0625,-400000.0625,-400000.0625,-400000.0625,-400000.0625,-400000.0625,-400000.0625
46.56440353393555,-400000.0625,-400000.0625,-400000.0625,-400000.0625,-400000.0625,-400000.0625,-400000.0625,-400000.0625
46.56440734863281,-400000.0625,-400000.0625,-400000.0625,-400000.0625,-400000.0625,-400000.0625,-400000.0625,-400000.0625
46.5644109249115,-400000.0625,-400000.0625,-400000.0625,-400000.0625,-400000.0625,-400000.0625,-400000.0625,-400000.0625
46.5644154548645,-400000.0625,-400000.0625,-400000.0625,-400000.0625,-400000.0625,-400000.0625,-400000.0625,-400000.0625
46.56441926956177,-400000.0625,-400000.0625,-400000.0625,-400000.0625,-400000.0625,-400000.0625,-400000.0625,-400000.0625
46.56442308425903,-400000.0625,-400000.0625,-400000.0625,-400000.0625,-400000.0625,-400000.0625,-400000.0625,-400000.0625
46.56442666053772,-400000.0625,-400000.0625,-400000.0625,-400000.0625,-400000.0625,-400000.0625,-400000.0625,-400000.0625
46.564430236816406,-400000.0625,-400000.0625,-400000.0625,-400000.0625,-400000.0625,-400000.0625,-400000.0625,-400000.0625
46.56443428993225,-400000.0625,-400000.0625,-400000.0625,-400000.0625,-400000.0625,-400000.0625,-400000.0625,-400000.0625
46.564438819885254,-400000.0625,-400000.0625,-400000.0625,-400000.0625,-400000.0625,-400000.0625,-400000.0625,-400000.0625
46.56444239616394,-400000.0625,-400000.0625,-400000.0625,-400000.0625,-400000.0625,-400000.0625,-400000.0625,-400000.0625
46.56444597244263,-400000.0625,-400000.0625,-400000.0625,-400000.0625,-400000.0625,-400000.0625,-400000.0625,-400000.0625
46.56444978713989,-400000.0625,-400000.0625,-400000.0625,-400000.0625,-400000.0625,-400000.0625,-400000.0625,-400000.0625
46.56445336341858,-400000.0625,-400000.0625,-400000.0625,-400000.0625,-400000.0625,-400000.0625,-400000.0625,-400000.0625
46.61335873603821,-400000.0625,-400000.0625,-400000.0625,-400000.0625,-400000.0625,-400000.0625,-400000.0625,-400000.0625
46.61885046958923,-400000.0625,-400000.0625,-400000.0625,-400000.0625,-400000.0625,-400000.0625,-400000.0625,-400000.0625
46.6233389377594,-400000.0625,-400000.0625,-400000.0625,-400000.0625,-400000.0625,-400000.0625,-400000.0625,-400000.0625
46.62334609031677,-400000.0625,-400000.0625,-400000.0625,-400000.0625,-400000.0625,-400000.0625,-400000.0625,-400000.0625
46.62334990501404,-400000.0625,-400000.0625,-400000.0625,-400000.0625,-400000.0625,-400000.0625,-400000.0625,-400000.0625
46.62335395812988,-400000.0625,-400000.0625,-400000.0625,-400000.0625,-400000.0625,-400000.0625,-400000.0625,-400000.0625
46.62335753440857,-400000.0625,-400000.0625,-400000.0625,-400000.0625,-400000.0625,-400000.0625,-400000.0625,-400000.0625
46.623361587524414,-400000.0625,-400000.0625,-400000.0625,-400000.0625,-400000.0625,-400000.0625,-400000.0625,-400000.0625
46.623369216918945,-400000.0625,-400000.0625,-400000.0625,-400000.0625,-400000.0625,-400000.0625,-400000.0625,-400000.0625
46.62337327003479,-400000.0625,-400000.0625,-400000.0625,-400000.0625,-400000.0625,-400000.0625,-400000.0625,-400000.0625
46.623377084732056,-400000.0625,-400000.0625,-400000.0625,-400000.0625,-400000.0625,-400000.0625,-400000.0625,-400000.0625
46.62338089942932,-400000.0625,-400000.0625,-400000.0625,-400000.0625,-400000.0625,-400000.0625,-400000.0625,-400000.0625
46.62338447570801,-400000.0625,-400000.0625,-400000.0625,-400000.0625,-400000.0625,-400000.0625,-400000.0625,-400000.0625
46.623388051986694,-400000.0625,-400000.0625,-400000.0625,-400000.0625,-400000.0625,-400000.0625,-400000.0625,-400000.0625
46.62339186668396,-400000.0625,-400000.0625,-400000.0625,-400000.0625,-400000.0625,-400000.0625,-400000.0625,-400000.0625
46.62339544296265,-400000.0625,-400000.0625,-400000.0625,-400000.0625,-400000.0625,-400000.0625,-400000.0625,-400000.0625
46.687833070755005,-400000.0625,-400000.0625,-400000.0625,-400000.0625,-400000.0625,-400000.0625,-400000.0625,-400000.0625
46.698121309280396,-400000.0625,-400000.0625,-400000.0625,-400000.0625,-400000.0625,-400000.0625,-400000.0625,-400000.0625
46.70270395278931,-400000.0625,-400000.0625,-400000.0625,-400000.0625,-400000.0625,-400000.0625,-400000.0625,-400000.0625
46.70271325111389,-400000.0625,-400000.0625,-400000.0625,-400000.0625,-400000.0625,-400000.0625,-400000.0625,-400000.0625
46.702717781066895,-400000.0625,-400000.0625,-400000.0625,-400000.0625,-400000.0625,-400000.0625,-400000.0625,-400000.0625
46.70272183418274,-400000.0625,-400000.0625,-400000.0625,-400000.0625,-400000.0625,-400000.0625,-400000.0625,-400000.0625
46.702725648880005,-400000.0625,-400000.0625,-400000.0625,-400000.0625,-400000.0625,-400000.0625,-400000.0625,-400000.0625
46.70272922515869,-400000.0625,-400000.0625,-400000.0625,-400000.0625,-400000.0625,-400000.0625,-400000.0625,-400000.0625
46.70273303985596,-400000.0625,-400000.0625,-400000.0625,-400000.0625,-400000.0625,-400000.0625,-400000.0625,-400000.0625
46.702736616134644,-400000.0625,-400000.0625,-400000.0625,-400000.0625,-400000.0625,-400000.0625,-400000.0625,-400000.0625
46.70274043083191,-400000.0625,-400000.0625,-400000.0625,-400000.0625,-400000.0625,-400000.0625,-400000.0625,-400000.0625
46.70274376869202,-400000.0625,-400000.0625,-400000.0625,-400000.0625,-400000.0625,-400000.0625,-400000.0625,-400000.0625
46.70274758338928,-400000.0625,-400000.0625,-400000.0625,-400000.0625,-400000.0625,-400000.0625,-400000.0625,-400000.0625
46.70275092124939,-400000.0625,-400000.0625,-400000.0625,-400000.0625,-400000.0625,-400000.0625,-400000.0625,-400000.0625
46.702754497528076,-400000.0625,-400000.0625,-400000.0625,-400000.0625,-400000.0625,-400000.0625,-400000.0625,-400000.0625
46.70275855064392,-400000.0625,-400000.0625,-400000.0625,-400000.0625,-400000.0625,-400000.0625,-400000.0625,-400000.0625
