time,ch1,ch2,ch3,ch4,ch5,ch6,ch7,ch8
105.1118757724762,-400000.0625,-400000.0625,-400000.0625,-400000.0625,-400000.0625,-400000.0625,-400000.0625,-400000.0625
105.12174940109253,-400000.0625,-400000.0625,-400000.0625,-400000.0625,-400000.0625,-400000.0625,-400000.0625,-400000.0625
105.12632942199707,-400000.0625,-400000.0625,-400000.0625,-400000.0625,-400000.0625,-400000.0625,-400000.0625,-400000.0625
105.12634086608887,-400000.0625,-400000.0625,-400000.0625,-400000.0625,-400000.0625,-400000.0625,-400000.0625,-400000.0625
105.12634539604187,-400000.0625,-400000.0625,-400000.0625,-400000.0625,-400000.0625,-400000.0625,-400000.0625,-400000.0625
105.12634992599487,-400000.0625,-400000.0625,-400000.0625,-400000.0625,-400000.0625,-400000.0625,-400000.0625,-400000.0625
105.1263542175293,-400000.0625,-400000.0625,-400000.0625,-400000.0625,-400000.0625,-400000.0625,-400000.0625,-400000.0625
105.12635779380798,-400000.0625,-400000.0625,-400000.0625,-400000.0625,-400000.0625,-400000.0625,-400000.0625,-400000.0625
105.12636137008667,-400000.0625,-400000.0625,-400000.0625,-400000.0625,-400000.0625,-400000.0625,-400000.0625,-400000.0625
105.1263656616211,-400000.0625,-400000.0625,-400000.0625,-400000.0625,-400000.0625,-400000.0625,-400000.0625,-400000.0625
105.12636995315552,-400000.0625,-400000.0625,-400000.0625,-400000.0625,-400000.0625,-400000.0625,-400000.0625,-400000.0625
105.1263735294342,-400000.0625,-400000.0625,-400000.0625,-400000.0625,-400000.0625,-400000.0625,-400000.0625,-400000.0625
105.12637734413147,-400000.0625,-400000.0625,-400000.0625,-400000.0625,-400000.0625,-400000.0625,-400000.0625,-400000.0625
105.12638092041016,-400000.0625,-400000.0625,-400000.0625,-400000.0625,-400000.0625,-400000.0625,-400000.0625,-400000.0625
105.12638473510742,-400000.0625,-400000.0625,-400000.0625,-400000.0625,-400000.0625,-400000.0625,-400000.0625,-400000.0625
105.12638902664185,-400000.0625,-400000.0625,-400000.0625,-400000.0625,-400000.0625,-400000.0625,-400000.0625,-400000.0625
105.12639307975769,-400000.0625,-400000.0625,-400000.0625,-400000.0625,-400000.0625,-400000.0625,-400000.0625,-400000.0625
105.1263976097107,-400000.0625,-400000.0625,-400000.0625,-400000.0625,-400000.0625,-400000.0625,-400000.0625,-400000.0625
105.12640190124512,-400000.0625,-400000.0625,-400000.0625,-400000.0625,-400000.0625,-400000.0625,-400000.0625,-400000.0625
105.12640643119812,-400000.0625,-400000.0625,-400000.0625,-400000.0625,-400000.0625,-400000.0625,-400000.0625,-400000.0625
105.12641048431396,-400000.0625,-400000.0625,-400000.0625,-400000.0625,-400000.0625,-400000.0625,-400000.0625,-400000.0625
105.12641406059265,-400000.0625,-400000.0625,-400000.0625,-400000.0625,-400000.0625,-400000.0625,-400000.0625,-400000.0625
105.12641835212708,-400000.0625,-400000.0625,-400000.0625,-400000.0625,-400000.0625,-400000.0625,-400000.0625,-400000.0625
105.12642216682434,-400000.0625,-400000.0625,-400000.0625,-400000.0625,-400000.0625,-400000.0625,-400000.0625,-400000.0625
105.12642550468445,-400000.0625,-400000.0625,-400000.0625,-400000.0625,-400000.0625,-400000.0625,-400000.0625,-400000.0625
105.12642931938171,-400000.0625,-400000.0625,-400000.0625,-400000.0625,-400000.0625,-400000.0625,-400000.0625,-400000.0625
105.12643337249756,-400000.0625,-400000.0625,-400000.0625,-400000.0625,-400000.0625,-400000.0625,-400000.0625,-400000.0625
105.12643766403198,-400000.0625,-400000.0625,-400000.0625,-400000.0625,-400000.0625,-400000.0625,-400000.0625,-400000.0625
105.12644124031067,-400000.0625,-400000.0625,-400000.0625,-400000.0625,-400000.0625,-400000.0625,-400000.0625,-400000.0625
105.12644529342651,-400000.0625,-400000.0625,-400000.0625,-400000.0625,-400000.0625,-400000.0625,-400000.0625,-400000.0625
105.12644958496094,-400000.0625,-400000.0625,-400000.0625,-400000.0625,-400000.0625,-400000.0625,-400000.0625,-400000.0625
105.12645363807678,-400000.0625,-400000.0625,-400000.0625,-400000.0625,-400000.0625,-400000.0625,-400000.0625,-400000.0625
105.12645769119263,-400000.0625,-400000.0625,-400000.0625,-400000.0625,-400000.0625,-400000.0625,-400000.0625,-400000.0625
105.12646174430847,-400000.0625,-400000.0625,-400000.0625,-400000.0625,-400000.0625,-400000.0625,-400000.0625,-400000.0625
105.12646579742432,-400000.0625,-400000.0625,-400000.0625,-400000.0625,-400000.0625,-400000.0625,-400000.0625,-400000.0625
105.12646961212158,-400000.0625,-400000.0625,-400000.0625,-400000.0625,-400000.0625,-400000.0625,-400000.0625,-400000.0625
105.12647342681885,-400000.0625,-400000.0625,-400000.0625,-400000.0625,-400000.0625,-400000.0625,-400000.0625,-400000.0625
105.12647747993469,-400000.0625,-400000.0625,-400000.0625,-400000.0625,-400000.0625,-400000.0625,-400000.0625,-400000.0625
105.12648105621338,-400000.0625,-400000.0625,-400000.0625,-400000.0625,-400000.0625,-400000.0625,-400000.0625,-400000.0625
105.12648463249207,-400000.0625,-400000.0625,-400000.0625,-400000.0625,-400000.0625,-400000.0625,-400000.0625,-400000.0625
105.12648820877075,-400000.0625,-400000.0625,-400000.0625,-400000.0625,-400000.0625,-400000.0625,-400000.0625,-400000.0625
105.12649250030518,-400000.0625,-400000.0625,-400000.0625,-400000.0625,-400000.0625,-400000.0625,-400000.0625,-400000.0625
105.1264967918396,-400000.0625,-400000.0625,-400000.0625,-400000.0625,-400000.0625,-400000.0625,-400000.0625,-400000.0625
105.12650084495544,-400000.0625,-400000.0625,-400000.0625,-400000.0625,-400000.0625,-400000.0625,-400000.0625,-400000.0625
105.12650442123413,-400000.0625,-400000.0625,-400000.0625,-400000.0625,-400000.0625,-400000.0625,-400000.0625,-400000.0625
105.12650847434998,-400000.0625,-400000.0625,-400000.0625,-400000.0625,-400000.0625,-400000.0625,-400000.0625,-400000.0625
105.12651228904724,-400000.0625,-400000.0625,-400000.0625,-400000.0625,-400000.0625,-400000.0625,-400000.0625,-400000.0625
105.12651562690735,-400000.0625,-400000.0625,-400000.0625,-400000.0625,-400000.0625,-400000.0625,-400000.0625,-400000.0625
105.12651896476746,-400000.0625,-400000.0625,-400000.0625,-400000.0625,-400000.0625,-400000.0625,-400000.0625,-400000.0625
105.1265230178833,-400000.0625,-400000.0625,-400000.0625,-400000.0625,-400000.0625,-400000.0625,-400000.0625,-400000.0625
105.15071177482605,-400000.0625,-400000.0625,-400000.0625,-400000.0625,-400000.0625,-400000.0625,-400000.0625,-400000.0625
105.15619325637817,-400000.0625,-400000.0625,-400000.0625,-400000.0625,-400000.0625,-400000.0625,-400000.0625,-400000.0625
105.16133379936218,-400000.0625,-400000.0625,-400000.0625,-400000.0625,-400000.0625,-400000.0625,-400000.0625,-400000.0625
105.16704082489014,-400000.0625,-400000.0625,-400000.0625,-400000.0625,-400000.0625,-400000.0625,-400000.0625,-400000.0625
105.17182540893555,-400000.0625,-400000.0625,-400000.0625,-400000.0625,-400000.0625,-400000.0625,-400000.0625,-400000.0625
105.17183566093445,-400000.0625,-400000.0625,-400000.0625,-400000.0625,-400000.0625,-400000.0625,-400000.0625,-400000.0625
105.1718397140503,-400000.0625,-400000.0625,-400000.0625,-400000.0625,-400000.0625,-400000.0625,-400000.0625,-400000.0625
105.1718442440033,-400000.0625,-400000.0625,-400000.0625,-400000.0625,-400000.0625,-400000.0625,-400000.0625,-400000.0625
105.17184829711914,-400000.0625,-400000.0625,-400000.0625,-400000.0625,-400000.0625,-400000.0625,-400000.0625,-400000.0625
105.1718521118164,-400000.0625,-400000.0625,-400000.0625,-400000.0625,-400000.0625,-400000.0625,-400000.0625,-400000.0625
105.17185592651367,-400000.0625,-400000.0625,-400000.0625,-400000.0625,-400000.0625,-400000.0625,-400000.0625,-400000.0625
105.17185974121094,-400000.0625,-400000.0625,-400000.0625,-400000.0625,-400000.0625,-400000.0625,-400000.0625,-400000.0625
105.17186331748962,-400000.0625,-400000.0625,-400000.0625,-400000.0625,-400000.0625,-400000.0625,-400000.0625,-400000.0625
105.17186689376831,-400000.0625,-400000.0625,-400000.0625,-400000.0625,-400000.0625,-400000.0625,-400000.0625,-400000.0625
105.171870470047,-400000.0625,-400000.0625,-400000.0625,-400000.0625,-400000.0625,-400000.0625,-400000.0625,-400000.0625
105.171875,-400000.0625,-400000.0625,-400000.0625,-400000.0625,-400000.0625,-400000.0625,-400000.0625,-400000.0625
105.24780631065369,-400000.0625,-400000.0625,-400000.0625,-400000.0625,-400000.0625,-400000.0625,-400000.0625,-400000.0625
105.25682783126831,-400000.0625,-400000.0625,-400000.0625,-400000.0625,-400000.0625,-400000.0625,-400000.0625,-400000.0625
105.26607346534729,-400000.0625,-400000.0625,-400000.0625,-400000.0625,-400000.0625,-400000.0625,-400000.0625,-400000.0625
105.27351808547974,-400000.0625,-400000.0625,-400000.0625,-400000.0625,-400000.0625,-400000.0625,-400000.0625,-400000.0625
105.27950859069824,-400000.0625,-400000.0625,-400000.0625,-400000.0625,-400000.0625,-400000.0625,-400000.0625,-400000.0625
105.28490877151489,-400000.0625,-400000.0625,-400000.0625,-400000.0625,-400000.0625,-400000.0625,-400000.0625,-400000.0625
105.28914713859558,-400000.0625,-400000.0625,-400000.0625,-400000.0625,-400000.0625,-400000.0625,-400000.0625,-400000.0625
105.28915524482727,-400000.0625,-400000.0625,-400000.0625,-400000.0625,-400000.0625,-400000.0625,-400000.0625,-400000.0625
105.28915929794312,-400000.0625,-400000.0625,-400000.0625,-400000.0625,-400000.0625,-400000.0625,-400000.0625,-400000.0625
105.28916311264038,-400000.0625,-400000.0625,-400000.0625,-400000.0625,-400000.0625,-400000.0625,-400000.0625,-400000.0625
105.28916692733765,-400000.0625,-400000.0625,-400000.0625,-400000.0625,-400000.0625,-400000.0625,-400000.0625,-400000.0625
105.28917169570923,-400000.0625,-400000.0625,-400000.0625,-400000.0625,-400000.0625,-400000.0625,-400000.0625,-400000.0625
105.28917527198792,-400000.0625,-400000.0625,-400000.0625,-400000.0625,-400000.0625,-400000.0625,-400000.0625,-400000.0625
105.2891788482666,-400000.0625,-400000.0625,-400000.0625,-400000.0625,-400000.0625,-400000.0625,-400000.0625,-400000.0625
105.28918242454529,-400000.0625,-400000.0625,-400000.0625,-400000.0625,-400000.0625,-400000.0625,-400000.0625,-400000.0625
105.28918647766113,-400000.0625,-400000.0625,-400000.0625,-400000.0625,-400000.0625,-400000.0625,-400000.0625,-400000.0625
105.28919005393982,-400000.0625,-400000.0625,-400000.0625,-400000.0625,-400000.0625,-400000.0625,-400000.0625,-400000.0625
105.28919410705566,-400000.0625,-400000.0625,-400000.0625,-400000.0625,-400000.0625,-400000.0625,-400000.0625,-400000.0625
105.28919768333435,-400000.0625,-400000.0625,-400000.0625,-400000.0625,-400000.0625,-400000.0625,-400000.0625,-400000.0625
105.28920125961304,-400000.0625,-400000.0625,-400000.0625,-400000.0625,-400000.0625,-400000.0625,-400000.0625,-400000.0625
105.28920483589172,-400000.0625,-400000.0625,-400000.0625,-400000.0625,-400000.0625,-400000.0625,-400000.0625,-400000.0625
105.28920865058899,-400000.0625,-400000.0625,-400000.0625,-400000.0625,-400000.0625,-400000.0625,-400000.0625,-400000.0625
105.28921222686768,-400000.0625,-400000.0625,-400000.0625,-400000.0625,-400000.0625,-400000.0625,-400000.0625,-400000.0625
105.28921580314636,-400000.0625,-400000.0625,-400000.0625,-400000.0625,-400000.0625,-400000.0625,-400000.0625,-400000.0625
105.28921914100647,-400000.0625,-400000.0625,-400000.0625,-400000.0625,-400000.0625,-400000.0625,-400000.0625,-400000.0625
105.28922271728516,-400000.0625,-400000.0625,-400000.0625,-400000.0625,-400000.0625,-400000.0625,-400000.0625,-400000.0625
105.28922629356384,-400000.0625,-400000.0625,-400000.0625,-400000.0625,-400000.0625,-400000.0625,-400000.0625,-400000.0625
105.28923058509827,-400000.0625,-400000.0625,-400000.0625,-400000.0625,-400000.0625,-400000.0625,-400000.0625,-400000.0625
105.28923416137695,-400000.0625,-400000.0625,-400000.0625,-400000.0625,-400000.0625,-400000.0625,-400000.0625,-400000.0625
105.28923749923706,-400000.0625,-400000.0625,-400000.0625,-400000.0625,-400000.0625,-400000.0625,-400000.0625,-400000.0625
105.28924107551575,-400000.0625,-400000.0625,-400000.0625,-400000.0625,-400000.0625,-400000.0625,-400000.0625,-400000.0625
105.28924465179443,-400000.0625,-400000.0625,-400000.0625,-400000.0625,-400000.0625,-400000.0625,-400000.0625,-400000.0625
105.34811353683472,-400000.0625,-400000.0625,-400000.0625,-400000.0625,-400000.0625,-400000.0625,-400000.0625,-400000.0625
105.35701870918274,-400000.0625,-400000.0625,-400000.0625,-400000.0625,-400000.0625,-400000.0625,-400000.0625,-400000.0625
105.36142539978027,-400000.0625,-400000.0625,-400000.0625,-400000.0625,-400000.0625,-400000.0625,-400000.0625,-400000.0625
105.36143445968628,-400000.0625,-400000.0625,-400000.0625,-400000.0625,-400000.0625,-400000.0625,-400000.0625,-400000.0625
105.36143851280212,-400000.0625,-400000.0625,-400000.0625,-400000.0625,-400000.0625,-400000.0625,-400000.0625,-400000.0625
105.36144256591797,-400000.0625,-400000.0625,-400000.0625,-400000.0625,-400000.0625,-400000.0625,-400000.0625,-400000.0625
105.36144614219666,-400000.0625,-400000.0625,-400000.0625,-400000.0625,-400000.0625,-400000.0625,-400000.0625,-400000.0625
105.36144995689392,-400000.0625,-400000.0625,-400000.0625,-400000.0625,-400000.0625,-400000.0625,-400000.0625,-400000.0625
105.36145329475403,-400000.0625,-400000.0625,-400000.0625,-400000.0625,-400000.0625,-400000.0625,-400000.0625,-400000.0625
105.36145687103271,-400000.0625,-400000.0625,-400000.0625,-400000.0625,-400000.0625,-400000.0625,-400000.0625,-400000.0625
105.3614604473114,-400000.0625,-400000.0625,-400000.0625,-400000.0625,-400000.0625,-400000.0625,-400000.0625,-400000.0625
105.36146569252014,-400000.0625,-400000.0625,-400000.0625,-400000.0625,-400000.0625,-400000.0625,-400000.0625,-400000.0625
105.36146926879883,-400000.0625,-400000.0625,-400000.0625,-400000.0625,-400000.0625,-400000.0625,-400000.0625,-400000.0625
105.36147284507751,-400000.0625,-400000.0625,-400000.0625,-400000.0625,-400000.0625,-400000.0625,-400000.0625,-400000.0625
105.36148929595947,-400000.0625,-400000.0625,-400000.0625,-400000.0625,-400000.0625,-400000.0625,-400000.0625,-400000.0625
105.36149311065674,-400000.0625,-400000.0625,-400000.0625,-400000.0625,-400000.0625,-400000.0625,-400000.0625,-400000.0625
105.4019136428833,-400000.0625,-400000.0625,-400000.0625,-400000.0625,-400000.0625,-400000.0625,-400000.0625,-400000.0625
105.4084038734436,-400000.0625,-400000.0625,-400000.0625,-400000.0625,-400000.0625,-400000.0625,-400000.0625,-400000.0625
105.41367769241333,-400000.0625,-400000.0625,-400000.0625,-400000.0625,-400000.0625,-400000.0625,-400000.0625,-400000.0625
105.42060661315918,-400000.0625,-400000.0625,-400000.0625,-400000.0625,-400000.0625,-400000.0625,-400000.0625,-400000.0625
105.4249620437622,-400000.0625,-400000.0625,-400000.0625,-400000.0625,-400000.0625,-400000.0625,-400000.0625,-400000.0625
105.42497229576111,-400000.0625,-400000.0625,-400000.0625,-400000.0625,-400000.0625,-400000.0625,-400000.0625,-400000.0625
105.42497634887695,-400000.0625,-400000.0625,-400000.0625,-400000.0625,-400000.0625,-400000.0625,-400000.0625,-400000.0625
105.42497992515564,-400000.0625,-400000.0625,-400000.0625,-400000.0625,-400000.0625,-400000.0625,-400000.0625,-400000.0625
105.42498445510864,-400000.0625,-400000.0625,-400000.0625,-400000.0625,-400000.0625,-400000.0625,-400000.0625,-400000.0625
105.42498826980591,-400000.0625,-400000.0625,-400000.0625,-400000.0625,-400000.0625,-400000.0625,-400000.0625,-400000.0625
105.4249918460846,-400000.0625,-400000.0625,-400000.0625,-400000.0625,-400000.0625,-400000.0625,-400000.0625,-400000.0625
105.42499566078186,-400000.0625,-400000.0625,-400000.0625,-400000.0625,-400000.0625,-400000.0625,-400000.0625,-400000.0625
105.42499947547913,-400000.0625,-400000.0625,-400000.0625,-400000.0625,-400000.0625,-400000.0625,-400000.0625,-400000.0625
105.42500329017639,-400000.0625,-400000.0625,-400000.0625,-400000.0625,-400000.0625,-400000.0625,-400000.0625,-400000.0625
105.42500710487366,-400000.0625,-400000.0625,-400000.0625,-400000.0625,-400000.0625,-400000.0625,-400000.0625,-400000.0625
105.42501211166382,-400000.0625,-400000.0625,-400000.0625,-400000.0625,-400000.0625,-400000.0625,-400000.0625,-400000.0625
105.46569037437439,-400000.0625,-400000.0625,-400000.0625,-400000.0625,-400000.0625,-400000.0625,-400000.0625,-400000.0625
105.47443866729736,-400000.0625,-400000.0625,-400000.0625,-400000.0625,-400000.0625,-400000.0625,-400000.0625,-400000.0625
105.47889542579651,-400000.0625,-400000.0625,-400000.0625,-400000.0625,-400000.0625,-400000.0625,-400000.0625,-400000.0625
105.47890567779541,-400000.0625,-400000.0625,-400000.0625,-400000.0625,-400000.0625,-400000.0625,-400000.0625,-400000.0625
105.47890973091125,-400000.0625,-400000.0625,-400000.0625,-400000.0625,-400000.0625,-400000.0625,-400000.0625,-400000.0625
105.47891354560852,-400000.0625,-400000.0625,-400000.0625,-400000.0625,-400000.0625,-400000.0625,-400000.0625,-400000.0625
105.47891759872437,-400000.0625,-400000.0625,-400000.0625,-400000.0625,-400000.0625,-400000.0625,-400000.0625,-400000.0625
105.47892093658447,-400000.0625,-400000.0625,-400000.0625,-400000.0625,-400000.0625,-400000.0625,-400000.0625,-400000.0625
105.47892451286316,-400000.0625,-400000.0625,-400000.0625,-400000.0625,-400000.0625,-400000.0625,-400000.0625,-400000.0625
105.47892904281616,-400000.0625,-400000.0625,-400000.0625,-400000.0625,-400000.0625,-400000.0625,-400000.0625,-400000.0625
105.47893261909485,-400000.0625,-400000.0625,-400000.0625,-400000.0625,-400000.0625,-400000.0625,-400000.0625,-400000.0625
105.47893643379211,-400000.0625,-400000.0625,-400000.0625,-400000.0625,-400000.0625,-400000.0625,-400000.0625,-400000.0625
105.47893977165222,-400000.0625,-400000.0625,-400000.0625,-400000.0625,-400000.0625,-400000.0625,-400000.0625,-400000.0625
105.47894334793091,-400000.0625,-400000.0625,-400000.0625,-400000.0625,-400000.0625,-400000.0625,-400000.0625,-400000.0625
105.47894668579102,-400000.0625,-400000.0625,-400000.0625,-400000.0625,-400000.0625,-400000.0625,-400000.0625,-400000.0625
105.47895002365112,-400000.0625,-400000.0625,-400000.0625,-400000.0625,-400000.0625,-400000.0625,-400000.0625,-400000.0625
105.58677005767822,-400000.0625,-400000.0625,-400000.0625,-400000.0625,-400000.0625,-400000.0625,-400000.0625,-400000.0625
105.5958137512207,-400000.0625,-400000.0625,-400000.0625,-400000.0625,-400000.0625,-400000.0625,-400000.0625,-400000.0625
105.60131621360779,-400000.0625,-400000.0625,-400000.0625,-400000.0625,-400000.0625,-400000.0625,-400000.0625,-400000.0625
105.60581016540527,-400000.0625,-400000.0625,-400000.0625,-400000.0625,-400000.0625,-400000.0625,-400000.0625,-400000.0625
105.60581994056702,-400000.0625,-400000.0625,-400000.0625,-400000.0625,-400000.0625,-400000.0625,-400000.0625,-400000.0625
105.60582494735718,-400000.0625,-400000.0625,-400000.0625,-400000.0625,-400000.0625,-400000.0625,-400000.0625,-400000.0625
105.60582852363586,-400000.0625,-400000.0625,-400000.0625,-400000.0625,-400000.0625,-400000.0625,-400000.0625,-400000.0625
105.60583233833313,-400000.0625,-400000.0625,-400000.0625,-400000.0625,-400000.0625,-400000.0625,-400000.0625,-400000.0625
105.6058361530304,-400000.0625,-400000.0625,-400000.0625,-400000.0625,-400000.0625,-400000.0625,-400000.0625,-400000.0625
105.60583972930908,-400000.0625,-400000.0625,-400000.0625,-400000.0625,-400000.0625,-400000.0625,-400000.0625,-400000.0625
105.60584354400635,-400000.0625,-400000.0625,-400000.0625,-400000.0625,-400000.0625,-400000.0625,-400000.0625,-400000.0625
105.60584712028503,-400000.0625,-400000.0625,-400000.0625,-400000.0625,-400000.0625,-400000.0625,-400000.0625,-400000.0625
105.60585045814514,-400000.0625,-400000.0625,-400000.0625,-400000.0625,-400000.0625,-400000.0625,-400000.0625,-400000.0625
105.60585403442383,-400000.0625,-400000.0625,-400000.0625,-400000.0625,-400000.0625,-400000.0625,-400000.0625,-400000.0625
105.60585761070251,-400000.0625,-400000.0625,-400000.0625,-400000.0625,-400000.0625,-400000.0625,-400000.0625,-400000.0625
105.60586094856262,-400000.0625,-400000.0625,-400000.0625,-400000.0625,-400000.0625,-400000.0625,-400000.0625,-400000.0625
105.64320540428162,-400000.0625,-400000.0625,-400000.0625,-400000.0625,-400000.0625,-400000.0625,-400000.0625,-400000.0625
105.64915251731873,-400000.0625,-400000.0625,-400000.0625,-400000.0625,-400000.0625,-400000.0625,-400000.0625,-400000.0625
105.65388560295105,-400000.0625,-400000.0625,-400000.0625,-400000.0625,-400000.0625,-400000.0625,-400000.0625,-400000.0625
105.65389513969421,-400000.0625,-400000.0625,-400000.0625,-400000.0625,-400000.0625,-400000.0625,-400000.0625,-400000.0625
105.65389943122864,-400000.0625,-400000.0625,-400000.0625,-400000.0625,-400000.0625,-400000.0625,-400000.0625,-400000.0625
105.6539032459259,-400000.0625,-400000.0625,-400000.0625,-400000.0625,-400000.0625,-400000.0625,-400000.0625,-400000.0625
105.65390682220459,-400000.0625,-400000.0625,-400000.0625,-400000.0625,-400000.0625,-400000.0625,-400000.0625,-400000.0625
105.65391063690186,-400000.0625,-400000.0625,-400000.0625,-400000.0625,-400000.0625,-400000.0625,-400000.0625,-400000.0625
105.65391445159912,-400000.0625,-400000.0625,-400000.0625,-400000.0625,-400000.0625,-400000.0625,-400000.0625,-400000.0625
105.65391802787781,-400000.0625,-400000.0625,-400000.0625,-400000.0625,-400000.0625,-400000.0625,-400000.0625,-400000.0625
105.65392184257507,-400000.0625,-400000.0625,-400000.0625,-400000.0625,-400000.0625,-400000.0625,-400000.0625,-400000.0625
105.65392732620239,-400000.0625,-400000.0625,-400000.0625,-400000.0625,-400000.0625,-400000.0625,-400000.0625,-400000.0625
105.65393090248108,-400000.0625,-400000.0625,-400000.0625,-400000.0625,-400000.0625,-400000.0625,-400000.0625,-400000.0625
105.65393424034119,-400000.0625,-400000.0625,-400000.0625,-400000.0625,-400000.0625,-400000.0625,-400000.0625,-400000.0625
105.65393781661987,-400000.0625,-400000.0625,-400000.0625,-400000.0625,-400000.0625,-400000.0625,-400000.0625,-400000.0625
105.65394139289856,-400000.0625,-400000.0625,-400000.0625,-400000.0625,-400000.0625,-400000.0625,-400000.0625,-400000.0625
105.6582043170929,-400000.0625,-400000.0625,-400000.0625,-400000.0625,-400000.0625,-400000.0625,-400000.0625,-400000.0625
105.66406011581421,-400000.0625,-400000.0625,-400000.0625,-400000.0625,-400000.0625,-400000.0625,-400000.0625,-400000.0625
105.66863322257996,-400000.0625,-400000.0625,-400000.0625,-400000.0625,-400000.0625,-400000.0625,-400000.0625,-400000.0625
105.6686429977417,-400000.0625,-400000.0625,-400000.0625,-400000.0625,-400000.0625,-400000.0625,-400000.0625,-400000.0625
105.6686475276947,-400000.0625,-400000.0625,-400000.0625,-400000.0625,-400000.0625,-400000.0625,-400000.0625,-400000.0625
105.66865134239197,-400000.0625,-400000.0625,-400000.0625,-400000.0625,-400000.0625,-400000.0625,-400000.0625,-400000.0625
105.66865539550781,-400000.0625,-400000.0625,-400000.0625,-400000.0625,-400000.0625,-400000.0625,-400000.0625,-400000.0625
105.66865944862366,-400000.0625,-400000.0625,-400000.0625,-400000.0625,-400000.0625,-400000.0625,-400000.0625,-400000.0625
105.66866302490234,-400000.0625,-400000.0625,-400000.0625,-400000.0625,-400000.0625,-400000.0625,-400000.0625,-400000.0625
105.66866660118103,-400000.0625,-400000.0625,-400000.0625,-400000.0625,-400000.0625,-400000.0625,-400000.0625,-400000.0625
105.66867065429688,-400000.0625,-400000.0625,-400000.0625,-400000.0625,-400000.0625,-400000.0625,-400000.0625,-400000.0625
105.66867423057556,-400000.0625,-400000.0625,-400000.0625,-400000.0625,-400000.0625,-400000.0625,-400000.0625,-400000.0625
105.6686782836914,-400000.0625,-400000.0625,-400000.0625,-400000.0625,-400000.0625,-400000.0625,-400000.0625,-400000.0625
105.66868209838867,-400000.0625,-400000.0625,-400000.0625,-400000.0625,-400000.0625,-400000.0625,-400000.0625,-400000.0625
105.66868567466736,-400000.0625,-400000.0625,-400000.0625,-400000.0625,-400000.0625,-400000.0625,-400000.0625,-400000.0625
105.66868925094604,-400000.0625,-400000.0625,-400000.0625,-400000.0625,-400000.0625,-400000.0625,-400000.0625,-400000.0625
105.74439835548401,-400000.0625,-400000.0625,-400000.0625,-400000.0625,-400000.0625,-400000.0625,-400000.0625,-400000.0625
105.75416970252991,-400000.0625,-400000.0625,-400000.0625,-400000.0625,-400000.0625,-400000.0625,-400000.0625,-400000.0625
105.75997877120972,-400000.0625,-400000.0625,-400000.0625,-400000.0625,-400000.0625,-400000.0625,-400000.0625,-400000.0625
105.76498484611511,-400000.0625,-400000.0625,-400000.0625,-400000.0625,-400000.0625,-400000.0625,-400000.0625,-400000.0625
105.76956367492676,-400000.0625,-400000.0625,-400000.0625,-400000.0625,-400000.0625,-400000.0625,-400000.0625,-400000.0625
105.7695734500885,-400000.0625,-400000.0625,-400000.0625,-400000.0625,-400000.0625,-400000.0625,-400000.0625,-400000.0625
105.76957678794861,-400000.0625,-400000.0625,-400000.0625,-400000.0625,-400000.0625,-400000.0625,-400000.0625,-400000.0625
105.76958155632019,-400000.0625,-400000.0625,-400000.0625,-400000.0625,-400000.0625,-400000.0625,-400000.0625,-400000.0625
105.76958465576172,-400000.0625,-400000.0625,-400000.0625,-400000.0625,-400000.0625,-400000.0625,-400000.0625,-400000.0625
105.76958775520325,-400000.0625,-400000.0625,-400000.0625,-400000.0625,-400000.0625,-400000.0625,-400000.0625,-400000.0625
105.76959085464478,-400000.0625,-400000.0625,-400000.0625,-400000.0625,-400000.0625,-400000.0625,-400000.0625,-400000.0625
105.7695939540863,-400000.0625,-400000.0625,-400000.0625,-400000.0625,-400000.0625,-400000.0625,-400000.0625,-400000.0625
105.76959705352783,-400000.0625,-400000.0625,-400000.0625,-400000.0625,-400000.0625,-400000.0625,-400000.0625,-400000.0625
105.76960039138794,-400000.0625,-400000.0625,-400000.0625,-400000.0625,-400000.0625,-400000.0625,-400000.0625,-400000.0625
105.76960325241089,-400000.0625,-400000.0625,-400000.0625,-400000.0625,-400000.0625,-400000.0625,-400000.0625,-400000.0625
105.769606590271,-400000.0625,-400000.0625,-400000.0625,-400000.0625,-400000.0625,-400000.0625,-400000.0625,-400000.0625
105.79930424690247,-400000.0625,-400000.0625,-400000.0625,-400000.0625,-400000.0625,-400000.0625,-400000.0625,-400000.0625
105.80414700508118,-400000.0625,-400000.0625,-400000.0625,-400000.0625,-400000.0625,-400000.0625,-400000.0625,-400000.0625
105.8041558265686,-400000.0625,-400000.0625,-400000.0625,-400000.0625,-400000.0625,-400000.0625,-400000.0625,-400000.0625
105.80416011810303,-400000.0625,-400000.0625,-400000.0625,-400000.0625,-400000.0625,-400000.0625,-400000.0625,-400000.0625
105.8041639328003,-400000.0625,-400000.0625,-400000.0625,-400000.0625,-400000.0625,-400000.0625,-400000.0625,-400000.0625
105.8041684627533,-400000.0625,-400000.0625,-400000.0625,-400000.0625,-400000.0625,-400000.0625,-400000.0625,-400000.0625
105.80417203903198,-400000.0625,-400000.0625,-400000.0625,-400000.0625,-400000.0625,-400000.0625,-400000.0625,-400000.0625
105.80417561531067,-400000.0625,-400000.0625,-400000.0625,-400000.0625,-400000.0625,-400000.0625,-400000.0625,-400000.0625
105.80417943000793,-400000.0625,-400000.0625,-400000.0625,-400000.0625,-400000.0625,-400000.0625,-400000.0625,-400000.0625
105.80418276786804,-400000.0625,-400000.0625,-400000.0625,-400000.0625,-400000.0625,-400000.0625,-400000.0625,-400000.0625
105.80418658256531,-400000.0625,-400000.0625,-400000.0625,-400000.0625,-400000.0625,-400000.0625,-400000.0625,-400000.0625
105.80419039726257,-400000.0625,-400000.0625,-400000.0625,-400000.0625,-400000.0625,-400000.0625,-400000.0625,-400000.0625
105.80419397354126,-400000.0625,-400000.0625,-400000.0625,-400000.0625,-400000.0625,-400000.0625,-400000.0625,-400000.0625
105.80419754981995,-400000.0625,-400000.0625,-400000.0625,-400000.0625,-400000.0625,-400000.0625,-400000.0625,-400000.0625
105.80420112609863,-400000.0625,-400000.0625,-400000.0625,-400000.0625,-400000.0625,-400000.0625,-400000.0625,-400000.0625
105.8042049407959,-400000.0625,-400000.0625,-400000.0625,-400000.0625,-400000.0625,-400000.0625,-400000.0625,-400000.0625
105.85987377166748,-400000.0625,-400000.0625,-400000.0625,-400000.0625,-400000.0625,-400000.0625,-400000.0625,-400000.0625
105.8694200515747,-400000.0625,-400000.0625,-400000.0625,-400000.0625,-400000.0625,-400000.0625,-400000.0625,-400000.0625
105.87384057044983,-400000.0625,-400000.0625,-400000.0625,-400000.0625,-400000.0625,-400000.0625,-400000.0625,-400000.0625
105.87384963035583,-400000.0625,-400000.0625,-400000.0625,-400000.0625,-400000.0625,-400000.0625,-400000.0625,-400000.0625
105.8738534450531,-400000.0625,-400000.0625,-400000.0625,-400000.0625,-400000.0625,-400000.0625,-400000.0625,-400000.0625
105.87385702133179,-400000.0625,-400000.0625,-400000.0625,-400000.0625,-400000.0625,-400000.0625,-400000.0625,-400000.0625
105.87386059761047,-400000.0625,-400000.0625,-400000.0625,-400000.0625,-400000.0625,-400000.0625,-400000.0625,-400000.0625
105.87386536598206,-400000.0625,-400000.0625,-400000.0625,-400000.0625,-400000.0625,-400000.0625,-400000.0625,-400000.0625
105.87386918067932,-400000.0625,-400000.0625,-400000.0625,-400000.0625,-400000.0625,-400000.0625,-400000.0625,-400000.0625
105.87387251853943,-400000.0625,-400000.0625,-400000.0625,-400000.0625,-400000.0625,-400000.0625,-400000.0625,-400000.0625
105.87387609481812,-400000.0625,-400000.0625,-400000.0625,-400000.0625,-400000.0625,-400000.0625,-400000.0625,-400000.0625
105.8738796710968,-400000.0625,-400000.0625,-400000.0625,-400000.0625,-400000.0625,-400000.0625,-400000.0625,-400000.0625
105.87388348579407,-400000.0625,-400000.0625,-400000.0625,-400000.0625,-400000.0625,-400000.0625,-400000.0625,-400000.0625
105.87388920783997,-400000.0625,-400000.0625,-400000.0625,-400000.0625,-400000.0625,-400000.0625,-400000.0625,-400000.0625
105.8738944530487,-400000.0625,-400000.0625,-400000.0625,-400000.0625,-400000.0625,-400000.0625,-400000.0625,-400000.0625
105.87389922142029,-400000.0625,-400000.0625,-400000.0625,-400000.0625,-400000.0625,-400000.0625,-400000.0625,-400000.0625
105.97641849517822,-400000.0625,-400000.0625,-400000.0625,-400000.0625,-400000.0625,-400000.0625,-400000.0625,-400000.0625
105.98662328720093,-400000.0625,-400000.0625,-400000.0625,-400000.0625,-400000.0625,-400000.0625,-400000.0625,-400000.0625
105.99102449417114,-400000.0625,-400000.0625,-400000.0625,-400000.0625,-400000.0625,-400000.0625,-400000.0625,-400000.0625
105.99103307723999,-400000.0625,-400000.0625,-400000.0625,-400000.0625,-400000.0625,-400000.0625,-400000.0625,-400000.0625
105.991037607193,-400000.0625,-400000.0625,-400000.0625,-400000.0625,-400000.0625,-400000.0625,-400000.0625,-400000.0625
105.99104142189026,-400000.0625,-400000.0625,-400000.0625,-400000.0625,-400000.0625,-400000.0625,-400000.0625,-400000.0625
105.99104499816895,-400000.0625,-400000.0625,-400000.0625,-400000.0625,-400000.0625,-400000.0625,-400000.0625,-400000.0625
105.99104857444763,-400000.0625,-400000.0625,-400000.0625,-400000.0625,-400000.0625,-400000.0625,-400000.0625,-400000.0625
105.9910523891449,-400000.0625,-400000.0625,-400000.0625,-400000.0625,-400000.0625,-400000.0625,-400000.0625,-400000.0625
105.99105596542358,-400000.0625,-400000.0625,-400000.0625,-400000.0625,-400000.0625,-400000.0625,-400000.0625,-400000.0625
105.99105954170227,-400000.0625,-400000.0625,-400000.0625,-400000.0625,-400000.0625,-400000.0625,-400000.0625,-400000.0625
105.99106311798096,-400000.0625,-400000.0625,-400000.0625,-400000.0625,-400000.0625,-400000.0625,-400000.0625,-400000.0625
105.99106669425964,-400000.0625,-400000.0625,-400000.0625,-400000.0625,-400000.0625,-400000.0625,-400000.0625,-400000.0625
105.99107003211975,-400000.0625,-400000.0625,-400000.0625,-400000.0625,-400000.0625,-400000.0625,-400000.0625,-400000.0625
105.99107360839844,-400000.0625,-400000.0625,-400000.0625,-400000.0625,-400000.0625,-400000.0625,-400000.0625,-400000.0625
105.99107718467712,-400000.0625,-400000.0625,-400000.0625,-400000.0625,-400000.0625,-400000.0625,-400000.0625,-400000.0625
105.99108076095581,-400000.0625,-400000.0625,-400000.0625,-400000.0625,-400000.0625,-400000.0625,-400000.0625,-400000.0625
105.9910843372345,-400000.0625,-400000.0625,-400000.0625,-400000.0625,-400000.0625,-400000.0625,-400000.0625,-400000.0625
105.99108791351318,-400000.0625,-400000.0625,-400000.0625,-400000.0625,-400000.0625,-400000.0625,-400000.0625,-400000.0625
105.99109148979187,-400000.0625,-400000.0625,-400000.0625,-400000.0625,-400000.0625,-400000.0625,-400000.0625,-400000.0625
105.99109506607056,-400000.0625,-400000.0625,-400000.0625,-400000.0625,-400000.0625,-400000.0625,-400000.0625,-400000.0625
105.99109864234924,-400000.0625,-400000.0625,-400000.0625,-400000.0625,-400000.0625,-400000.0625,-400000.0625,-400000.0625
105.99110221862793,-400000.0625,-400000.0625,-400000.0625,-400000.0625,-400000.0625,-400000.0625,-400000.0625,-400000.0625
105.99110579490662,-400000.0625,-400000.0625,-400000.0625,-400000.0625,-400000.0625,-400000.0625,-400000.0625,-400000.0625
105.99110913276672,-400000.0625,-400000.0625,-400000.0625,-400000.0625,-400000.0625,-400000.0625,-400000.0625,-400000.0625
105.99111270904541,-400000.0625,-400000.0625,-400000.0625,-400000.0625,-400000.0625,-400000.0625,-400000.0625,-400000.0625
105.99111652374268,-400000.0625,-400000.0625,-400000.0625,-400000.0625,-400000.0625,-400000.0625,-400000.0625,-400000.0625
105.99112129211426,-400000.0625,-400000.0625,-400000.0625,-400000.0625,-400000.0625,-400000.0625,-400000.0625,-400000.0625
105.99112582206726,-400000.0625,-400000.0625,-400000.0625,-400000.0625,-400000.0625,-400000.0625,-400000.0625,-400000.0625
105.9911298751831,-400000.0625,-400000.0625,-400000.0625,-400000.0625,-400000.0625,-400000.0625,-400000.0625,-400000.0625
105.99113464355469,-400000.0625,-400000.0625,-400000.0625,-400000.0625,-400000.0625,-400000.0625,-400000.0625,-400000.0625
105.99113869667053,-400000.0625,-400000.0625,-400000.0625,-400000.0625,-400000.0625,-400000.0625,-400000.0625,-400000.0625
106.04571485519409,-400000.0625,-400000.0625,-400000.0625,-400000.0625,-400000.0625,-400000.0625,-400000.0625,-400000.0625
106.0515923500061,-400000.0625,-400000.0625,-400000.0625,-400000.0625,-400000.0625,-400000.0625,-400000.0625,-400000.0625
106.05608320236206,-400000.0625,-400000.0625,-400000.0625,-400000.0625,-400000.0625,-400000.0625,-400000.0625,-400000.0625
106.05609393119812,-400000.0625,-400000.0625,-400000.0625,-400000.0625,-400000.0625,-400000.0625,-400000.0625,-400000.0625
106.0560986995697,-400000.0625,-400000.0625,-400000.0625,-400000.0625,-400000.0625,-400000.0625,-400000.0625,-400000.0625
106.05610370635986,-400000.0625,-400000.0625,-400000.0625,-400000.0625,-400000.0625,-400000.0625,-400000.0625,-400000.0625
106.05610799789429,-400000.0625,-400000.0625,-400000.0625,-400000.0625,-400000.0625,-400000.0625,-400000.0625,-400000.0625
106.05611252784729,-400000.0625,-400000.0625,-400000.0625,-400000.0625,-400000.0625,-400000.0625,-400000.0625,-400000.0625
106.05611658096313,-400000.0625,-400000.0625,-400000.0625,-400000.0625,-400000.0625,-400000.0625,-400000.0625,-400000.0625
106.0561203956604,-400000.0625,-400000.0625,-400000.0625,-400000.0625,-400000.0625,-400000.0625,-400000.0625,-400000.0625
106.05612421035767,-400000.0625,-400000.0625,-400000.0625,-400000.0625,-400000.0625,-400000.0625,-400000.0625,-400000.0625
106.05612802505493,-400000.0625,-400000.0625,-400000.0625,-400000.0625,-400000.0625,-400000.0625,-400000.0625,-400000.0625
106.05613160133362,-400000.0625,-400000.0625,-400000.0625,-400000.0625,-400000.0625,-400000.0625,-400000.0625,-400000.0625
106.0561351776123,-400000.0625,-400000.0625,-400000.0625,-400000.0625,-400000.0625,-400000.0625,-400000.0625,-400000.0625
106.05613875389099,-400000.0625,-400000.0625,-400000.0625,-400000.0625,-400000.0625,-400000.0625,-400000.0625,-400000.0625
106.05614256858826,-400000.0625,-400000.0625,-400000.0625,-400000.0625,-400000.0625,-400000.0625,-400000.0625,-400000.0625
106.10809230804443,-400000.0625,-400000.0625,-400000.0625,-400000.0625,-400000.0625,-400000.0625,-400000.0625,-400000.0625
106.1180579662323,-400000.0625,-400000.0625,-400000.0625,-400000.0625,-400000.0625,-400000.0625,-400000.0625,-400000.0625
106.1219687461853,-400000.0625,-400000.0625,-400000.0625,-400000.0625,-400000.0625,-400000.0625,-400000.0625,-400000.0625
106.12197756767273,-400000.0625,-400000.0625,-400000.0625,-400000.0625,-400000.0625,-400000.0625,-400000.0625,-400000.0625
106.12198209762573,-400000.0625,-400000.0625,-400000.0625,-400000.0625,-400000.0625,-400000.0625,-400000.0625,-400000.0625
106.12198615074158,-400000.0625,-400000.0625,-400000.0625,-400000.0625,-400000.0625,-400000.0625,-400000.0625,-400000.0625
106.12199020385742,-400000.0625,-400000.0625,-400000.0625,-400000.0625,-400000.0625,-400000.0625,-400000.0625,-400000.0625
106.12199401855469,-400000.0625,-400000.0625,-400000.0625,-400000.0625,-400000.0625,-400000.0625,-400000.0625,-400000.0625
106.12199783325195,-400000.0625,-400000.0625,-400000.0625,-400000.0625,-400000.0625,-400000.0625,-400000.0625,-400000.0625
106.12200164794922,-400000.0625,-400000.0625,-400000.0625,-400000.0625,-400000.0625,-400000.0625,-400000.0625,-400000.0625
106.12200593948364,-400000.0625,-400000.0625,-400000.0625,-400000.0625,-400000.0625,-400000.0625,-400000.0625,-400000.0625
106.12200999259949,-400000.0625,-400000.0625,-400000.0625,-400000.0625,-400000.0625,-400000.0625,-400000.0625,-400000.0625
106.12201356887817,-400000.0625,-400000.0625,-400000.0625,-400000.0625,-400000.0625,-400000.0625,-400000.0625,-400000.0625
106.12201714515686,-400000.0625,-400000.0625,-400000.0625,-400000.0625,-400000.0625,-400000.0625,-400000.0625,-400000.0625
106.12202072143555,-400000.0625,-400000.0625,-400000.0625,-400000.0625,-400000.0625,-400000.0625,-400000.0625,-400000.0625
106.12202429771423,-400000.0625,-400000.0625,-400000.0625,-400000.0625,-400000.0625,-400000.0625,-400000.0625,-400000.0625
106.17720055580139,-400000.0625,-400000.0625,-400000.0625,-400000.0625,-400000.0625,-400000.0625,-400000.0625,-400000.0625
106.18284320831299,-400000.0625,-400000.0625,-400000.0625,-400000.0625,-400000.0625,-400000.0625,-400000.0625,-400000.0625
106.18808674812317,-400000.0625,-400000.0625,-400000.0625,-400000.0625,-400000.0625,-400000.0625,-400000.0625,-400000.0625
106.19243502616882,-400000.0625,-400000.0625,-400000.0625,-400000.0625,-400000.0625,-400000.0625,-400000.0625,-400000.0625
106.19244480133057,-400000.0625,-400000.0625,-400000.0625,-400000.0625,-400000.0625,-400000.0625,-400000.0625,-400000.0625
106.19244933128357,-400000.0625,-400000.0625,-400000.0625,-400000.0625,-400000.0625,-400000.0625,-400000.0625,-400000.0625
106.19245338439941,-400000.0625,-400000.0625,-400000.0625,-400000.0625,-400000.0625,-400000.0625,-400000.0625,-400000.0625
106.1924569606781,-400000.0625,-400000.0625,-400000.0625,-400000.0625,-400000.0625,-400000.0625,-400000.0625,-400000.0625
106.19246077537537,-400000.0625,-400000.0625,-400000.0625,-400000.0625,-400000.0625,-400000.0625,-400000.0625,-400000.0625
106.19246482849121,-400000.0625,-400000.0625,-400000.0625,-400000.0625,-400000.0625,-400000.0625,-400000.0625,-400000.0625
106.19246888160706,-400000.0625,-400000.0625,-400000.0625,-400000.0625,-400000.0625,-400000.0625,-400000.0625,-400000.0625
106.19247269630432,-400000.0625,-400000.0625,-400000.0625,-400000.0625,-400000.0625,-400000.0625,-400000.0625,-400000.0625
106.19247722625732,-400000.0625,-400000.0625,-400000.0625,-400000.0625,-400000.0625,-400000.0625,-400000.0625,-400000.0625
106.19248151779175,-400000.0625,-400000.0625,-400000.0625,-400000.0625,-400000.0625,-400000.0625,-400000.0625,-400000.0625
106.19248533248901,-400000.0625,-400000.0625,-400000.0625,-400000.0625,-400000.0625,-400000.0625,-400000.0625,-400000.0625
106.19248986244202,-400000.0625,-400000.0625,-400000.0625,-400000.0625,-400000.0625,-400000.0625,-400000.0625,-400000.0625
106.25328850746155,-400000.0625,-400000.0625,-400000.0625,-400000.0625,-400000.0625,-400000.0625,-400000.0625,-400000.0625
106.26252341270447,-400000.0625,-400000.0625,-400000.0625,-400000.0625,-400000.0625,-400000.0625,-400000.0625,-400000.0625
106.26704359054565,-400000.0625,-400000.0625,-400000.0625,-400000.0625,-400000.0625,-400000.0625,-400000.0625,-400000.0625
106.26705384254456,-400000.0625,-400000.0625,-400000.0625,-400000.0625,-400000.0625,-400000.0625,-400000.0625,-400000.0625
106.26705861091614,-400000.0625,-400000.0625,-400000.0625,-400000.0625,-400000.0625,-400000.0625,-400000.0625,-400000.0625
106.26706266403198,-400000.0625,-400000.0625,-400000.0625,-400000.0625,-400000.0625,-400000.0625,-400000.0625,-400000.0625
106.26706671714783,-400000.0625,-400000.0625,-400000.0625,-400000.0625,-400000.0625,-400000.0625,-400000.0625,-400000.0625
106.26707053184509,-400000.0625,-400000.0625,-400000.0625,-400000.0625,-400000.0625,-400000.0625,-400000.0625,-400000.0625
106.26707410812378,-400000.0625,-400000.0625,-400000.0625,-400000.0625,-400000.0625,-400000.0625,-400000.0625,-400000.0625
106.26707792282104,-400000.0625,-400000.0625,-400000.0625,-400000.0625,-400000.0625,-400000.0625,-400000.0625,-400000.0625
106.26708173751831,-400000.0625,-400000.0625,-400000.0625,-400000.0625,-400000.0625,-400000.0625,-400000.0625,-400000.0625
106.26708555221558,-400000.0625,-400000.0625,-400000.0625,-400000.0625,-400000.0625,-400000.0625,-400000.0625,-400000.0625
106.26708912849426,-400000.0625,-400000.0625,-400000.0625,-400000.0625,-400000.0625,-400000.0625,-400000.0625,-400000.0625
106.26709270477295,-400000.0625,-400000.0625,-400000.0625,-400000.0625,-400000.0625,-400000.0625,-400000.0625,-400000.0625
106.26709699630737,-400000.0625,-400000.0625,-400000.0625,-400000.0625,-400000.0625,-400000.0625,-400000.0625,-400000.0625
106.26710104942322,-400000.0625,-400000.0625,-400000.0625,-400000.0625,-400000.0625,-400000.0625,-400000.0625,-400000.0625
106.33688402175903,-400000.0625,-400000.0625,-400000.0625,-400000.0625,-400000.0625,-400000.0625,-400000.0625,-400000.0625
106.34172987937927,-400000.0625,-400000.0625,-400000.0625,-400000.0625,-400000.0625,-400000.0625,-400000.0625,-400000.0625
106.34173822402954,-400000.0625,-400000.0625,-400000.0625,-400000.0625,-400000.0625,-400000.0625,-400000.0625,-400000.0625
106.34174299240112,-400000.0625,-400000.0625,-400000.0625,-400000.0625,-400000.0625,-400000.0625,-400000.0625,-400000.0625
106.34174704551697,-400000.0625,-400000.0625,-400000.0625,-400000.0625,-400000.0625,-400000.0625,-400000.0625,-400000.0625
106.34175157546997,-400000.0625,-400000.0625,-400000.0625,-400000.0625,-400000.0625,-400000.0625,-400000.0625,-400000.0625
106.34175562858582,-400000.0625,-400000.0625,-400000.0625,-400000.0625,-400000.0625,-400000.0625,-400000.0625,-400000.0625
106.34175944328308,-400000.0625,-400000.0625,-400000.0625,-400000.0625,-400000.0625,-400000.0625,-400000.0625,-400000.0625
106.3417637348175,-400000.0625,-400000.0625,-400000.0625,-400000.0625,-400000.0625,-400000.0625,-400000.0625,-400000.0625
106.34176754951477,-400000.0625,-400000.0625,-400000.0625,-400000.0625,-400000.0625,-400000.0625,-400000.0625,-400000.0625
106.34177136421204,-400000.0625,-400000.0625,-400000.0625,-400000.0625,-400000.0625,-400000.0625,-400000.0625,-400000.0625
106.34177541732788,-400000.0625,-400000.0625,-400000.0625,-400000.0625,-400000.0625,-400000.0625,-400000.0625,-400000.0625
106.34177923202515,-400000.0625,-400000.0625,-400000.0625,-400000.0625,-400000.0625,-400000.0625,-400000.0625,-400000.0625
106.34178280830383,-400000.0625,-400000.0625,-400000.0625,-400000.0625,-400000.0625,-400000.0625,-400000.0625,-400000.0625
106.34178686141968,-400000.0625,-400000.0625,-400000.0625,-400000.0625,-400000.0625,-400000.0625,-400000.0625,-400000.0625
106.34179210662842,-400000.0625,-400000.0625,-400000.0625,-400000.0625,-400000.0625,-400000.0625,-400000.0625,-400000.0625
106.36320900917053,-400000.0625,-400000.0625,-400000.0625,-400000.0625,-400000.0625,-400000.0625,-400000.0625,-400000.0625
106.37304902076721,-400000.0625,-400000.0625,-400000.0625,-400000.0625,-400000.0625,-400000.0625,-400000.0625,-400000.0625
106.37779355049133,-400000.0625,-400000.0625,-400000.0625,-400000.0625,-400000.0625,-400000.0625,-400000.0625,-400000.0625
106.37780451774597,-400000.0625,-400000.0625,-400000.0625,-400000.0625,-400000.0625,-400000.0625,-400000.0625,-400000.0625
106.37780904769897,-400000.0625,-400000.0625,-400000.0625,-400000.0625,-400000.0625,-400000.0625,-400000.0625,-400000.0625
106.37781262397766,-400000.0625,-400000.0625,-400000.0625,-400000.0625,-400000.0625,-400000.0625,-400000.0625,-400000.0625
106.37781596183777,-400000.0625,-400000.0625,-400000.0625,-400000.0625,-400000.0625,-400000.0625,-400000.0625,-400000.0625
106.37781953811646,-400000.0625,-400000.0625,-400000.0625,-400000.0625,-400000.0625,-400000.0625,-400000.0625,-400000.0625
106.37782311439514,-400000.0625,-400000.0625,-400000.0625,-400000.0625,-400000.0625,-400000.0625,-400000.0625,-400000.0625
106.37782645225525,-400000.0625,-400000.0625,-400000.0625,-400000.0625,-400000.0625,-400000.0625,-400000.0625,-400000.0625
106.37783002853394,-400000.0625,-400000.0625,-400000.0625,-400000.0625,-400000.0625,-400000.0625,-400000.0625,-400000.0625
106.37783360481262,-400000.0625,-400000.0625,-400000.0625,-400000.0625,-400000.0625,-400000.0625,-400000.0625,-400000.0625
106.37783789634705,-400000.0625,-400000.0625,-400000.0625,-400000.0625,-400000.0625,-400000.0625,-400000.0625,-400000.0625
106.37784194946289,-400000.0625,-400000.0625,-400000.0625,-400000.0625,-400000.0625,-400000.0625,-400000.0625,-400000.0625
106.37784576416016,-400000.0625,-400000.0625,-400000.0625,-400000.0625,-400000.0625,-400000.0625,-400000.0625,-400000.0625
106.377849817276,-400000.0625,-400000.0625,-400000.0625,-400000.0625,-400000.0625,-400000.0625,-400000.0625,-400000.0625
106.42804288864136,-400000.0625,-400000.0625,-400000.0625,-400000.0625,-400000.0625,-400000.0625,-400000.0625,-400000.0625
106.43300461769104,-400000.0625,-400000.0625,-400000.0625,-400000.0625,-400000.0625,-400000.0625,-400000.0625,-400000.0625
106.43301439285278,-400000.0625,-400000.0625,-400000.0625,-400000.0625,-400000.0625,-400000.0625,-400000.0625,-400000.0625
106.43301916122437,-400000.0625,-400000.0625,-400000.0625,-400000.0625,-400000.0625,-400000.0625,-400000.0625,-400000.0625
106.43302297592163,-400000.0625,-400000.0625,-400000.0625,-400000.0625,-400000.0625,-400000.0625,-400000.0625,-400000.0625
106.43302655220032,-400000.0625,-400000.0625,-400000.0625,-400000.0625,-400000.0625,-400000.0625,-400000.0625,-400000.0625
106.433030128479,-400000.0625,-400000.0625,-400000.0625,-400000.0625,-400000.0625,-400000.0625,-400000.0625,-400000.0625
106.43303370475769,-400000.0625,-400000.0625,-400000.0625,-400000.0625,-400000.0625,-400000.0625,-400000.0625,-400000.0625
106.43303775787354,-400000.0625,-400000.0625,-400000.0625,-400000.0625,-400000.0625,-400000.0625,-400000.0625,-400000.0625
106.4330415725708,-400000.0625,-400000.0625,-400000.0625,-400000.0625,-400000.0625,-400000.0625,-400000.0625,-400000.0625
106.43304514884949,-400000.0625,-400000.0625,-400000.0625,-400000.0625,-400000.0625,-400000.0625,-400000.0625,-400000.0625
106.43304896354675,-400000.0625,-400000.0625,-400000.0625,-400000.0625,-400000.0625,-400000.0625,-400000.0625,-400000.0625
106.43305277824402,-400000.0625,-400000.0625,-400000.0625,-400000.0625,-400000.0625,-400000.0625,-400000.0625,-400000.0625
106.4330563545227,-400000.0625,-400000.0625,-400000.0625,-400000.0625,-400000.0625,-400000.0625,-400000.0625,-400000.0625
106.43746948242188,-400000.0625,-400000.0625,-400000.0625,-400000.0625,-400000.0625,-400000.0625,-400000.0625,-400000.0625
106.43747878074646,-400000.0625,-400000.0625,-400000.0625,-400000.0625,-400000.0625,-400000.0625,-400000.0625,-400000.0625
106.50981903076172,-400000.0625,-400000.0625,-400000.0625,-400000.0625,-400000.0625,-400000.0625,-400000.0625,-400000.0625
106.51982283592224,-400000.0625,-400000.0625,-400000.0625,-400000.0625,-400000.0625,-400000.0625,-400000.0625,-400000.0625
106.52387499809265,-400000.0625,-400000.0625,-400000.0625,-400000.0625,-400000.0625,-400000.0625,-400000.0625,-400000.0625
106.52388262748718,-400000.0625,-400000.0625,-400000.0625,-400000.0625,-400000.0625,-400000.0625,-400000.0625,-400000.0625
106.5238869190216,-400000.0625,-400000.0625,-400000.0625,-400000.0625,-400000.0625,-400000.0625,-400000.0625,-400000.0625
106.5238904953003,-400000.0625,-400000.0625,-400000.0625,-400000.0625,-400000.0625,-400000.0625,-400000.0625,-400000.0625
106.52389430999756,-400000.0625,-400000.0625,-400000.0625,-400000.0625,-400000.0625,-400000.0625,-400000.0625,-400000.0625
106.52389788627625,-400000.0625,-400000.0625,-400000.0625,-400000.0625,-400000.0625,-400000.0625,-400000.0625,-400000.0625
106.52390122413635,-400000.0625,-400000.0625,-400000.0625,-400000.0625,-400000.0625,-400000.0625,-400000.0625,-400000.0625
106.52390480041504,-400000.0625,-400000.0625,-400000.0625,-400000.0625,-400000.0625,-400000.0625,-400000.0625,-400000.0625
106.52390885353088,-400000.0625,-400000.0625,-400000.0625,-400000.0625,-400000.0625,-400000.0625,-400000.0625,-400000.0625
106.52391338348389,-400000.0625,-400000.0625,-400000.0625,-400000.0625,-400000.0625,-400000.0625,-400000.0625,-400000.0625
106.52391719818115,-400000.0625,-400000.0625,-400000.0625,-400000.0625,-400000.0625,-400000.0625,-400000.0625,-400000.0625
106.52392101287842,-400000.0625,-400000.0625,-400000.0625,-400000.0625,-400000.0625,-400000.0625,-400000.0625,-400000.0625
106.52392482757568,-400000.0625,-400000.0625,-400000.0625,-400000.0625,-400000.0625,-400000.0625,-400000.0625,-400000.0625
106.52392959594727,-400000.0625,-400000.0625,-400000.0625,-400000.0625,-400000.0625,-400000.0625,-400000.0625,-400000.0625
106.57626795768738,-400000.0625,-400000.0625,-400000.0625,-400000.0625,-400000.0625,-400000.0625,-400000.0625,-400000.0625
106.58180689811707,-400000.0625,-400000.0625,-400000.0625,-400000.0625,-400000.0625,-400000.0625,-400000.0625,-400000.0625
106.58818459510803,-400000.0625,-400000.0625,-400000.0625,-400000.0625,-400000.0625,-400000.0625,-400000.0625,-400000.0625
106.5944333076477,-400000.0625,-400000.0625,-400000.0625,-400000.0625,-400000.0625,-400000.0625,-400000.0625,-400000.0625
106.60169172286987,-400000.0625,-400000.0625,-400000.0625,-400000.0625,-400000.0625,-400000.0625,-400000.0625,-400000.0625
106.6062912940979,-400000.0625,-400000.0625,-400000.0625,-400000.0625,-400000.0625,-400000.0625,-400000.0625,-400000.0625
106.60630178451538,-400000.0625,-400000.0625,-400000.0625,-400000.0625,-400000.0625,-400000.0625,-400000.0625,-400000.0625
106.6063060760498,-400000.0625,-400000.0625,-400000.0625,-400000.0625,-400000.0625,-400000.0625,-400000.0625,-400000.0625
106.60631084442139,-400000.0625,-400000.0625,-400000.0625,-400000.0625,-400000.0625,-400000.0625,-400000.0625,-400000.0625
106.60631465911865,-400000.0625,-400000.0625,-400000.0625,-400000.0625,-400000.0625,-400000.0625,-400000.0625,-400000.0625
106.60631847381592,-400000.0625,-400000.0625,-400000.0625,-400000.0625,-400000.0625,-400000.0625,-400000.0625,-400000.0625
106.60632586479187,-400000.0625,-400000.0625,-400000.0625,-400000.0625,-400000.0625,-400000.0625,-400000.0625,-400000.0625
106.60632991790771,-400000.0625,-400000.0625,-400000.0625,-400000.0625,-400000.0625,-400000.0625,-400000.0625,-400000.0625
106.60633373260498,-400000.0625,-400000.0625,-400000.0625,-400000.0625,-400000.0625,-400000.0625,-400000.0625,-400000.0625
106.60633730888367,-400000.0625,-400000.0625,-400000.0625,-400000.0625,-400000.0625,-400000.0625,-400000.0625,-400000.0625
106.60634136199951,-400000.0625,-400000.0625,-400000.0625,-400000.0625,-400000.0625,-400000.0625,-400000.0625,-400000.0625
106.62616062164307,-400000.0625,-400000.0625,-400000.0625,-400000.0625,-400000.0625,-400000.0625,-400000.0625,-400000.0625
106.63579773902893,-400000.0625,-400000.0625,-400000.0625,-400000.0625,-400000.0625,-400000.0625,-400000.0625,-400000.0625
106.64079928398132,-400000.0625,-400000.0625,-400000.0625,-400000.0625,-400000.0625,-400000.0625,-400000.0625,-400000.0625
106.64523935317993,-400000.0625,-400000.0625,-400000.0625,-400000.0625,-400000.0625,-400000.0625,-400000.0625,-400000.0625
106.64525032043457,-400000.0625,-400000.0625,-400000.0625,-400000.0625,-400000.0625,-400000.0625,-400000.0625,-400000.0625
106.64525580406189,-400000.0625,-400000.0625,-400000.0625,-400000.0625,-400000.0625,-400000.0625,-400000.0625,-400000.0625
106.64526057243347,-400000.0625,-400000.0625,-400000.0625,-400000.0625,-400000.0625,-400000.0625,-400000.0625,-400000.0625
106.6452648639679,-400000.0625,-400000.0625,-400000.0625,-400000.0625,-400000.0625,-400000.0625,-400000.0625,-400000.0625
106.6452693939209,-400000.0625,-400000.0625,-400000.0625,-400000.0625,-400000.0625,-400000.0625,-400000.0625,-400000.0625
106.6452739238739,-400000.0625,-400000.0625,-400000.0625,-400000.0625,-400000.0625,-400000.0625,-400000.0625,-400000.0625
106.64527821540833,-400000.0625,-400000.0625,-400000.0625,-400000.0625,-400000.0625,-400000.0625,-400000.0625,-400000.0625
106.64528203010559,-400000.0625,-400000.0625,-400000.0625,-400000.0625,-400000.0625,-400000.0625,-400000.0625,-400000.0625
106.64528632164001,-400000.0625,-400000.0625,-400000.0625,-400000.0625,-400000.0625,-400000.0625,-400000.0625,-400000.0625
106.64529013633728,-400000.0625,-400000.0625,-400000.0625,-400000.0625,-400000.0625,-400000.0625,-400000.0625,-400000.0625
106.64529418945312,-400000.0625,-400000.0625,-400000.0625,-400000.0625,-400000.0625,-400000.0625,-400000.0625,-400000.0625
106.64529848098755,-400000.0625,-400000.0625,-400000.0625,-400000.0625,-400000.0625,-400000.0625,-400000.0625,-400000.0625
106.72615575790405,-400000.0625,-400000.0625,-400000.0625,-400000.0625,-400000.0625,-400000.0625,-400000.0625,-400000.0625
106.73184490203857,-400000.0625,-400000.0625,-400000.0625,-400000.0625,-400000.0625,-400000.0625,-400000.0625,-400000.0625
106.74111104011536,-400000.0625,-400000.0625,-400000.0625,-400000.0625,-400000.0625,-400000.0625,-400000.0625,-400000.0625
106.74557781219482,-400000.0625,-400000.0625,-400000.0625,-400000.0625,-400000.0625,-400000.0625,-400000.0625,-400000.0625
106.74558782577515,-400000.0625,-400000.0625,-400000.0625,-400000.0625,-400000.0625,-400000.0625,-400000.0625,-400000.0625
106.74559211730957,-400000.0625,-400000.0625,-400000.0625,-400000.0625,-400000.0625,-400000.0625,-400000.0625,-400000.0625
106.74559593200684,-400000.0625,-400000.0625,-400000.0625,-400000.0625,-400000.0625,-400000.0625,-400000.0625,-400000.0625
106.74559998512268,-400000.0625,-400000.0625,-400000.0625,-400000.0625,-400000.0625,-400000.0625,-400000.0625,-400000.0625
106.7456042766571,-400000.0625,-400000.0625,-400000.0625,-400000.0625,-400000.0625,-400000.0625,-400000.0625,-400000.0625
106.74560832977295,-400000.0625,-400000.0625,-400000.0625,-400000.0625,-400000.0625,-400000.0625,-400000.0625,-400000.0625
106.7456123828888,-400000.0625,-400000.0625,-400000.0625,-400000.0625,-400000.0625,-400000.0625,-400000.0625,-400000.0625
106.7456169128418,-400000.0625,-400000.0625,-400000.0625,-400000.0625,-400000.0625,-400000.0625,-400000.0625,-400000.0625
106.74562120437622,-400000.0625,-400000.0625,-400000.0625,-400000.0625,-400000.0625,-400000.0625,-400000.0625,-400000.0625
106.7456259727478,-400000.0625,-400000.0625,-400000.0625,-400000.0625,-400000.0625,-400000.0625,-400000.0625,-400000.0625
106.74563002586365,-400000.0625,-400000.0625,-400000.0625,-400000.0625,-400000.0625,-400000.0625,-400000.0625,-400000.0625
106.74563407897949,-400000.0625,-400000.0625,-400000.0625,-400000.0625,-400000.0625,-400000.0625,-400000.0625,-400000.0625
106.74822902679443,-400000.0625,-400000.0625,-400000.0625,-400000.0625,-400000.0625,-400000.0625,-400000.0625,-400000.0625
106.75282096862793,-400000.0625,-400000.0625,-400000.0625,-400000.0625,-400000.0625,-400000.0625,-400000.0625,-400000.0625
106.75282979011536,-400000.0625,-400000.0625,-400000.0625,-400000.0625,-400000.0625,-400000.0625,-400000.0625,-400000.0625
106.75283408164978,-400000.0625,-400000.0625,-400000.0625,-400000.0625,-400000.0625,-400000.0625,-400000.0625,-400000.0625
106.75283813476562,-400000.0625,-400000.0625,-400000.0625,-400000.0625,-400000.0625,-400000.0625,-400000.0625,-400000.0625
106.75284171104431,-400000.0625,-400000.0625,-400000.0625,-400000.0625,-400000.0625,-400000.0625,-400000.0625,-400000.0625
106.75284600257874,-400000.0625,-400000.0625,-400000.0625,-400000.0625,-400000.0625,-400000.0625,-400000.0625,-400000.0625
106.7528510093689,-400000.0625,-400000.0625,-400000.0625,-400000.0625,-400000.0625,-400000.0625,-400000.0625,-400000.0625
106.75285458564758,-400000.0625,-400000.0625,-400000.0625,-400000.0625,-400000.0625,-400000.0625,-400000.0625,-400000.0625
106.75285768508911,-400000.0625,-400000.0625,-400000.0625,-400000.0625,-400000.0625,-400000.0625,-400000.0625,-400000.0625
106.75286102294922,-400000.0625,-400000.0625,-400000.0625,-400000.0625,-400000.0625,-400000.0625,-400000.0625,-400000.0625
106.75286412239075,-400000.0625,-400000.0625,-400000.0625,-400000.0625,-400000.0625,-400000.0625,-400000.0625,-400000.0625
106.75286769866943,-400000.0625,-400000.0625,-400000.0625,-400000.0625,-400000.0625,-400000.0625,-400000.0625,-400000.0625
106.75287127494812,-400000.0625,-400000.0625,-400000.0625,-400000.0625,-400000.0625,-400000.0625,-400000.0625,-400000.0625
106.7528748512268,-400000.0625,-400000.0625,-400000.0625,-400000.0625,-400000.0625,-400000.0625,-400000.0625,-400000.0625
106.75287890434265,-400000.0625,-400000.0625,-400000.0625,-400000.0625,-400000.0625,-400000.0625,-400000.0625,-400000.0625
106.80950975418091,-400000.0625,-400000.0625,-400000.0625,-400000.0625,-400000.0625,-400000.0625,-400000.0625,-400000.0625
106.8158073425293,-400000.0625,-400000.0625,-400000.0625,-400000.0625,-400000.0625,-400000.0625,-400000.0625,-400000.0625
106.82061338424683,-400000.0625,-400000.0625,-400000.0625,-400000.0625,-400000.0625,-400000.0625,-400000.0625,-400000.0625
106.8206238746643,-400000.0625,-400000.0625,-400000.0625,-400000.0625,-400000.0625,-400000.0625,-400000.0625,-400000.0625
106.82062888145447,-400000.0625,-400000.0625,-400000.0625,-400000.0625,-400000.0625,-400000.0625,-400000.0625,-400000.0625
106.82063388824463,-400000.0625,-400000.0625,-400000.0625,-400000.0625,-400000.0625,-400000.0625,-400000.0625,-400000.0625
106.82063841819763,-400000.0625,-400000.0625,-400000.0625,-400000.0625,-400000.0625,-400000.0625,-400000.0625,-400000.0625
106.82064247131348,-400000.0625,-400000.0625,-400000.0625,-400000.0625,-400000.0625,-400000.0625,-400000.0625,-400000.0625
106.8206467628479,-400000.0625,-400000.0625,-400000.0625,-400000.0625,-400000.0625,-400000.0625,-400000.0625,-400000.0625
106.82065105438232,-400000.0625,-400000.0625,-400000.0625,-400000.0625,-400000.0625,-400000.0625,-400000.0625,-400000.0625
106.82065534591675,-400000.0625,-400000.0625,-400000.0625,-400000.0625,-400000.0625,-400000.0625,-400000.0625,-400000.0625
106.82065892219543,-400000.0625,-400000.0625,-400000.0625,-400000.0625,-400000.0625,-400000.0625,-400000.0625,-400000.0625
106.82066321372986,-400000.0625,-400000.0625,-400000.0625,-400000.0625,-400000.0625,-400000.0625,-400000.0625,-400000.0625
106.82066702842712,-400000.0625,-400000.0625,-400000.0625,-400000.0625,-400000.0625,-400000.0625,-400000.0625,-400000.0625
106.82067084312439,-400000.0625,-400000.0625,-400000.0625,-400000.0625,-400000.0625,-400000.0625,-400000.0625,-400000.0625
106.82067465782166,-400000.0625,-400000.0625,-400000.0625,-400000.0625,-400000.0625,-400000.0625,-400000.0625,-400000.0625
106.87429976463318,-400000.0625,-400000.0625,-400000.0625,-400000.0625,-400000.0625,-400000.0625,-400000.0625,-400000.0625
106.88362574577332,-400000.0625,-400000.0625,-400000.0625,-400000.0625,-400000.0625,-400000.0625,-400000.0625,-400000.0625
106.88875007629395,-400000.0625,-400000.0625,-400000.0625,-400000.0625,-400000.0625,-400000.0625,-400000.0625,-400000.0625
106.89307236671448,-400000.0625,-400000.0625,-400000.0625,-400000.0625,-400000.0625,-400000.0625,-400000.0625,-400000.0625
106.89308261871338,-400000.0625,-400000.0625,-400000.0625,-400000.0625,-400000.0625,-400000.0625,-400000.0625,-400000.0625
106.89308714866638,-400000.0625,-400000.0625,-400000.0625,-400000.0625,-400000.0625,-400000.0625,-400000.0625,-400000.0625
106.89309120178223,-400000.0625,-400000.0625,-400000.0625,-400000.0625,-400000.0625,-400000.0625,-400000.0625,-400000.0625
106.89309501647949,-400000.0625,-400000.0625,-400000.0625,-400000.0625,-400000.0625,-400000.0625,-400000.0625,-400000.0625
106.89309859275818,-400000.0625,-400000.0625,-400000.0625,-400000.0625,-400000.0625,-400000.0625,-400000.0625,-400000.0625
106.89310216903687,-400000.0625,-400000.0625,-400000.0625,-400000.0625,-400000.0625,-400000.0625,-400000.0625,-400000.0625
106.89310622215271,-400000.0625,-400000.0625,-400000.0625,-400000.0625,-400000.0625,-400000.0625,-400000.0625,-400000.0625
106.89311003684998,-400000.0625,-400000.0625,-400000.0625,-400000.0625,-400000.0625,-400000.0625,-400000.0625,-400000.0625
106.8931143283844,-400000.0625,-400000.0625,-400000.0625,-400000.0625,-400000.0625,-400000.0625,-400000.0625,-400000.0625
106.89311861991882,-400000.0625,-400000.0625,-400000.0625,-400000.0625,-400000.0625,-400000.0625,-400000.0625,-400000.0625
106.89312267303467,-400000.0625,-400000.0625,-400000.0625,-400000.0625,-400000.0625,-400000.0625,-400000.0625,-400000.0625
106.89312672615051,-400000.0625,-400000.0625,-400000.0625,-400000.0625,-400000.0625,-400000.0625,-400000.0625,-400000.0625
106.949533700943,-400000.0625,-400000.0625,-400000.0625,-400000.0625,-400000.0625,-400000.0625,-400000.0625,-400000.0625
106.9546103477478,-400000.0625,-400000.0625,-400000.0625,-400000.0625,-400000.0625,-400000.0625,-400000.0625,-400000.0625
106.95898008346558,-400000.0625,-400000.0625,-400000.0625,-400000.0625,-400000.0625,-400000.0625,-400000.0625,-400000.0625
106.95899033546448,-400000.0625,-400000.0625,-400000.0625,-400000.0625,-400000.0625,-400000.0625,-400000.0625,-400000.0625
106.95899486541748,-400000.0625,-400000.0625,-400000.0625,-400000.0625,-400000.0625,-400000.0625,-400000.0625,-400000.0625
106.95899891853333,-400000.0625,-400000.0625,-400000.0625,-400000.0625,-400000.0625,-400000.0625,-400000.0625,-400000.0625
106.95900273323059,-400000.0625,-400000.0625,-400000.0625,-400000.0625,-400000.0625,-400000.0625,-400000.0625,-400000.0625
106.95900654792786,-400000.0625,-400000.0625,-400000.0625,-400000.0625,-400000.0625,-400000.0625,-400000.0625,-400000.0625
106.95901012420654,-400000.0625,-400000.0625,-400000.0625,-400000.0625,-400000.0625,-400000.0625,-400000.0625,-400000.0625
106.95901370048523,-400000.0625,-400000.0625,-400000.0625,-400000.0625,-400000.0625,-400000.0625,-400000.0625,-400000.0625
106.9590175151825,-400000.0625,-400000.0625,-400000.0625,-400000.0625,-400000.0625,-400000.0625,-400000.0625,-400000.0625
106.95902109146118,-400000.0625,-400000.0625,-400000.0625,-400000.0625,-400000.0625,-400000.0625,-400000.0625,-400000.0625
106.95902514457703,-400000.0625,-400000.0625,-400000.0625,-400000.0625,-400000.0625,-400000.0625,-400000.0625,-400000.0625
106.95902895927429,-400000.0625,-400000.0625,-400000.0625,-400000.0625,-400000.0625,-400000.0625,-400000.0625,-400000.0625
106.9590322971344,-400000.0625,-400000.0625,-400000.0625,-400000.0625,-400000.0625,-400000.0625,-400000.0625,-400000.0625
106.95903635025024,-400000.0625,-400000.0625,-400000.0625,-400000.0625,-400000.0625,-400000.0625,-400000.0625,-400000.0625
107.0017397403717,-400000.0625,-400000.0625,-400000.0625,-400000.0625,-400000.0625,-400000.0625,-400000.0625,-400000.0625
107.01089477539062,-400000.0625,-400000.0625,-400000.0625,-400000.0625,-400000.0625,-400000.0625,-400000.0625,-400000.0625
107.01592969894409,-400000.0625,-400000.0625,-400000.0625,-400000.0625,-400000.0625,-400000.0625,-400000.0625,-400000.0625
107.02094292640686,-400000.0625,-400000.0625,-400000.0625,-400000.0625,-400000.0625,-400000.0625,-400000.0625,-400000.0625
107.0252799987793,-400000.0625,-400000.0625,-400000.0625,-400000.0625,-400000.0625,-400000.0625,-400000.0625,-400000.0625
107.02528882026672,-400000.0625,-400000.0625,-400000.0625,-400000.0625,-400000.0625,-400000.0625,-400000.0625,-400000.0625
107.02529287338257,-400000.0625,-400000.0625,-400000.0625,-400000.0625,-400000.0625,-400000.0625,-400000.0625,-400000.0625
107.02529835700989,-400000.0625,-400000.0625,-400000.0625,-400000.0625,-400000.0625,-400000.0625,-400000.0625,-400000.0625
107.02530193328857,-400000.0625,-400000.0625,-400000.0625,-400000.0625,-400000.0625,-400000.0625,-400000.0625,-400000.0625
107.02530550956726,-400000.0625,-400000.0625,-400000.0625,-400000.0625,-400000.0625,-400000.0625,-400000.0625,-400000.0625
107.02530884742737,-400000.0625,-400000.0625,-400000.0625,-400000.0625,-400000.0625,-400000.0625,-400000.0625,-400000.0625
107.02531242370605,-400000.0625,-400000.0625,-400000.0625,-400000.0625,-400000.0625,-400000.0625,-400000.0625,-400000.0625
107.02531623840332,-400000.0625,-400000.0625,-400000.0625,-400000.0625,-400000.0625,-400000.0625,-400000.0625,-400000.0625
107.025319814682,-400000.0625,-400000.0625,-400000.0625,-400000.0625,-400000.0625,-400000.0625,-400000.0625,-400000.0625
107.0253233909607,-400000.0625,-400000.0625,-400000.0625,-400000.0625,-400000.0625,-400000.0625,-400000.0625,-400000.0625
107.02532696723938,-400000.0625,-400000.0625,-400000.0625,-400000.0625,-400000.0625,-400000.0625,-400000.0625,-400000.0625
107.07941102981567,-400000.0625,-400000.0625,-400000.0625,-400000.0625,-400000.0625,-400000.0625,-400000.0625,-400000.0625
107.08464646339417,-400000.0625,-400000.0625,-400000.0625,-400000.0625,-400000.0625,-400000.0625,-400000.0625,-400000.0625
107.08962678909302,-400000.0625,-400000.0625,-400000.0625,-400000.0625,-400000.0625,-400000.0625,-400000.0625,-400000.0625
107.08963537216187,-400000.0625,-400000.0625,-400000.0625,-400000.0625,-400000.0625,-400000.0625,-400000.0625,-400000.0625
107.08963990211487,-400000.0625,-400000.0625,-400000.0625,-400000.0625,-400000.0625,-400000.0625,-400000.0625,-400000.0625
107.08964467048645,-400000.0625,-400000.0625,-400000.0625,-400000.0625,-400000.0625,-400000.0625,-400000.0625,-400000.0625
107.0896487236023,-400000.0625,-400000.0625,-400000.0625,-400000.0625,-400000.0625,-400000.0625,-400000.0625,-400000.0625
107.08965253829956,-400000.0625,-400000.0625,-400000.0625,-400000.0625,-400000.0625,-400000.0625,-400000.0625,-400000.0625
107.09436249732971,-400000.0625,-400000.0625,-400000.0625,-400000.0625,-400000.0625,-400000.0625,-400000.0625,-400000.0625
107.09437108039856,-400000.0625,-400000.0625,-400000.0625,-400000.0625,-400000.0625,-400000.0625,-400000.0625,-400000.0625
107.09437584877014,-400000.0625,-400000.0625,-400000.0625,-400000.0625,-400000.0625,-400000.0625,-400000.0625,-400000.0625
107.09437942504883,-400000.0625,-400000.0625,-400000.0625,-400000.0625,-400000.0625,-400000.0625,-400000.0625,-400000.0625
107.09438300132751,-400000.0625,-400000.0625,-400000.0625,-400000.0625,-400000.0625,-400000.0625,-400000.0625,-400000.0625
107.0943865776062,-400000.0625,-400000.0625,-400000.0625,-400000.0625,-400000.0625,-400000.0625,-400000.0625,-400000.0625
107.09439015388489,-400000.0625,-400000.0625,-400000.0625,-400000.0625,-400000.0625,-400000.0625,-400000.0625,-400000.0625
107.09439373016357,-400000.0625,-400000.0625,-400000.0625,-400000.0625,-400000.0625,-400000.0625,-400000.0625,-400000.0625
107.14478874206543,-400000.0625,-400000.0625,-400000.0625,-400000.0625,-400000.0625,-400000.0625,-400000.0625,-400000.0625
107.1557126045227,-400000.0625,-400000.0625,-400000.0625,-400000.0625,-400000.0625,-400000.0625,-400000.0625,-400000.0625
107.16078209877014,-400000.0625,-400000.0625,-400000.0625,-400000.0625,-400000.0625,-400000.0625,-400000.0625,-400000.0625
107.16687846183777,-400000.0625,-400000.0625,-400000.0625,-400000.0625,-400000.0625,-400000.0625,-400000.0625,-400000.0625
107.17093014717102,-400000.0625,-400000.0625,-400000.0625,-400000.0625,-400000.0625,-400000.0625,-400000.0625,-400000.0625
107.17093801498413,-400000.0625,-400000.0625,-400000.0625,-400000.0625,-400000.0625,-400000.0625,-400000.0625,-400000.0625
107.1709418296814,-400000.0625,-400000.0625,-400000.0625,-400000.0625,-400000.0625,-400000.0625,-400000.0625,-400000.0625
107.1709451675415,-400000.0625,-400000.0625,-400000.0625,-400000.0625,-400000.0625,-400000.0625,-400000.0625,-400000.0625
107.17094850540161,-400000.0625,-400000.0625,-400000.0625,-400000.0625,-400000.0625,-400000.0625,-400000.0625,-400000.0625
107.17095160484314,-400000.0625,-400000.0625,-400000.0625,-400000.0625,-400000.0625,-400000.0625,-400000.0625,-400000.0625
107.17095446586609,-400000.0625,-400000.0625,-400000.0625,-400000.0625,-400000.0625,-400000.0625,-400000.0625,-400000.0625
107.17095804214478,-400000.0625,-400000.0625,-400000.0625,-400000.0625,-400000.0625,-400000.0625,-400000.0625,-400000.0625
107.1709611415863,-400000.0625,-400000.0625,-400000.0625,-400000.0625,-400000.0625,-400000.0625,-400000.0625,-400000.0625
107.17096424102783,-400000.0625,-400000.0625,-400000.0625,-400000.0625,-400000.0625,-400000.0625,-400000.0625,-400000.0625
107.17096734046936,-400000.0625,-400000.0625,-400000.0625,-400000.0625,-400000.0625,-400000.0625,-400000.0625,-400000.0625
107.17097067832947,-400000.0625,-400000.0625,-400000.0625,-400000.0625,-400000.0625,-400000.0625,-400000.0625,-400000.0625
107.19686913490295,-400000.0625,-400000.0625,-400000.0625,-400000.0625,-400000.0625,-400000.0625,-400000.0625,-400000.0625
107.20213031768799,-400000.0625,-400000.0625,-400000.0625,-400000.0625,-400000.0625,-400000.0625,-400000.0625,-400000.0625
107.20659637451172,-400000.0625,-400000.0625,-400000.0625,-400000.0625,-400000.0625,-400000.0625,-400000.0625,-400000.0625
107.20660519599915,-400000.0625,-400000.0625,-400000.0625,-400000.0625,-400000.0625,-400000.0625,-400000.0625,-400000.0625
107.20660948753357,-400000.0625,-400000.0625,-400000.0625,-400000.0625,-400000.0625,-400000.0625,-400000.0625,-400000.0625
107.20661330223083,-400000.0625,-400000.0625,-400000.0625,-400000.0625,-400000.0625,-400000.0625,-400000.0625,-400000.0625
107.20661735534668,-400000.0625,-400000.0625,-400000.0625,-400000.0625,-400000.0625,-400000.0625,-400000.0625,-400000.0625
107.20662117004395,-400000.0625,-400000.0625,-400000.0625,-400000.0625,-400000.0625,-400000.0625,-400000.0625,-400000.0625
107.20662498474121,-400000.0625,-400000.0625,-400000.0625,-400000.0625,-400000.0625,-400000.0625,-400000.0625,-400000.0625
107.20662879943848,-400000.0625,-400000.0625,-400000.0625,-400000.0625,-400000.0625,-400000.0625,-400000.0625,-400000.0625
107.20663237571716,-400000.0625,-400000.0625,-400000.0625,-400000.0625,-400000.0625,-400000.0625,-400000.0625,-400000.0625
107.20663642883301,-400000.0625,-400000.0625,-400000.0625,-400000.0625,-400000.0625,-400000.0625,-400000.0625,-400000.0625
107.20664024353027,-400000.0625,-400000.0625,-400000.0625,-400000.0625,-400000.0625,-400000.0625,-400000.0625,-400000.0625
107.20664381980896,-400000.0625,-400000.0625,-400000.0625,-400000.0625,-400000.0625,-400000.0625,-400000.0625,-400000.0625
107.20664739608765,-400000.0625,-400000.0625,-400000.0625,-400000.0625,-400000.0625,-400000.0625,-400000.0625,-400000.0625
107.20665073394775,-400000.0625,-400000.0625,-400000.0625,-400000.0625,-400000.0625,-400000.0625,-400000.0625,-400000.0625
107.25809788703918,-400000.0625,-400000.0625,-400000.0625,-400000.0625,-400000.0625,-400000.0625,-400000.0625,-400000.0625
107.26796245574951,-400000.0625,-400000.0625,-400000.0625,-400000.0625,-400000.0625,-400000.0625,-400000.0625,-400000.0625
107.27178645133972,-400000.0625,-400000.0625,-400000.0625,-400000.0625,-400000.0625,-400000.0625,-400000.0625,-400000.0625
107.27179479598999,-400000.0625,-400000.0625,-400000.0625,-400000.0625,-400000.0625,-400000.0625,-400000.0625,-400000.0625
107.27179908752441,-400000.0625,-400000.0625,-400000.0625,-400000.0625,-400000.0625,-400000.0625,-400000.0625,-400000.0625
107.27180242538452,-400000.0625,-400000.0625,-400000.0625,-400000.0625,-400000.0625,-400000.0625,-400000.0625,-400000.0625
107.27180910110474,-400000.0625,-400000.0625,-400000.0625,-400000.0625,-400000.0625,-400000.0625,-400000.0625,-400000.0625
107.27181243896484,-400000.0625,-400000.0625,-400000.0625,-400000.0625,-400000.0625,-400000.0625,-400000.0625,-400000.0625
107.27181577682495,-400000.0625,-400000.0625,-400000.0625,-400000.0625,-400000.0625,-400000.0625,-400000.0625,-400000.0625
107.27181887626648,-400000.0625,-400000.0625,-400000.0625,-400000.0625,-400000.0625,-400000.0625,-400000.0625,-400000.0625
107.27182221412659,-400000.0625,-400000.0625,-400000.0625,-400000.0625,-400000.0625,-400000.0625,-400000.0625,-400000.0625
107.27182531356812,-400000.0625,-400000.0625,-400000.0625,-400000.0625,-400000.0625,-400000.0625,-400000.0625,-400000.0625
107.27182793617249,-400000.0625,-400000.0625,-400000.0625,-400000.0625,-400000.0625,-400000.0625,-400000.0625,-400000.0625
107.27183127403259,-400000.0625,-400000.0625,-400000.0625,-400000.0625,-400000.0625,-400000.0625,-400000.0625,-400000.0625
107.27183437347412,-400000.0625,-400000.0625,-400000.0625,-400000.0625,-400000.0625,-400000.0625,-400000.0625,-400000.0625
107.27183985710144,-400000.0625,-400000.0625,-400000.0625,-400000.0625,-400000.0625,-400000.0625,-400000.0625,-400000.0625
107.32314586639404,-400000.0625,-400000.0625,-400000.0625,-400000.0625,-400000.0625,-400000.0625,-400000.0625,-400000.0625
107.32836151123047,-400000.0625,-400000.0625,-400000.0625,-400000.0625,-400000.0625,-400000.0625,-400000.0625,-400000.0625
107.33335971832275,-400000.0625,-400000.0625,-400000.0625,-400000.0625,-400000.0625,-400000.0625,-400000.0625,-400000.0625
107.33337044715881,-400000.0625,-400000.0625,-400000.0625,-400000.0625,-400000.0625,-400000.0625,-400000.0625,-400000.0625
107.3384313583374,-400000.0625,-400000.0625,-400000.0625,-400000.0625,-400000.0625,-400000.0625,-400000.0625,-400000.0625
107.34292531013489,-400000.0625,-400000.0625,-400000.0625,-400000.0625,-400000.0625,-400000.0625,-400000.0625,-400000.0625
107.34293556213379,-400000.0625,-400000.0625,-400000.0625,-400000.0625,-400000.0625,-400000.0625,-400000.0625,-400000.0625
107.34293961524963,-400000.0625,-400000.0625,-400000.0625,-400000.0625,-400000.0625,-400000.0625,-400000.0625,-400000.0625
107.34294366836548,-400000.0625,-400000.0625,-400000.0625,-400000.0625,-400000.0625,-400000.0625,-400000.0625,-400000.0625
107.34294700622559,-400000.0625,-400000.0625,-400000.0625,-400000.0625,-400000.0625,-400000.0625,-400000.0625,-400000.0625
107.34295010566711,-400000.0625,-400000.0625,-400000.0625,-400000.0625,-400000.0625,-400000.0625,-400000.0625,-400000.0625
107.34295415878296,-400000.0625,-400000.0625,-400000.0625,-400000.0625,-400000.0625,-400000.0625,-400000.0625,-400000.0625
107.34295749664307,-400000.0625,-400000.0625,-400000.0625,-400000.0625,-400000.0625,-400000.0625,-400000.0625,-400000.0625
107.34296107292175,-400000.0625,-400000.0625,-400000.0625,-400000.0625,-400000.0625,-400000.0625,-400000.0625,-400000.0625
107.34296441078186,-400000.0625,-400000.0625,-400000.0625,-400000.0625,-400000.0625,-400000.0625,-400000.0625,-400000.0625
107.34296822547913,-400000.0625,-400000.0625,-400000.0625,-400000.0625,-400000.0625,-400000.0625,-400000.0625,-400000.0625
107.43692111968994,-400000.0625,-400000.0625,-400000.0625,-400000.0625,-400000.0625,-400000.0625,-400000.0625,-400000.0625
107.44616031646729,-400000.0625,-400000.0625,-400000.0625,-400000.0625,-400000.0625,-400000.0625,-400000.0625,-400000.0625
107.45148062705994,-400000.0625,-400000.0625,-400000.0625,-400000.0625,-400000.0625,-400000.0625,-400000.0625,-400000.0625
107.45570874214172,-400000.0625,-400000.0625,-400000.0625,-400000.0625,-400000.0625,-400000.0625,-400000.0625,-400000.0625
107.45571684837341,-400000.0625,-400000.0625,-400000.0625,-400000.0625,-400000.0625,-400000.0625,-400000.0625,-400000.0625
107.4557204246521,-400000.0625,-400000.0625,-400000.0625,-400000.0625,-400000.0625,-400000.0625,-400000.0625,-400000.0625
107.4557237625122,-400000.0625,-400000.0625,-400000.0625,-400000.0625,-400000.0625,-400000.0625,-400000.0625,-400000.0625
107.45572710037231,-400000.0625,-400000.0625,-400000.0625,-400000.0625,-400000.0625,-400000.0625,-400000.0625,-400000.0625
107.45573019981384,-400000.0625,-400000.0625,-400000.0625,-400000.0625,-400000.0625,-400000.0625,-400000.0625,-400000.0625
107.45573329925537,-400000.0625,-400000.0625,-400000.0625,-400000.0625,-400000.0625,-400000.0625,-400000.0625,-400000.0625
107.45573663711548,-400000.0625,-400000.0625,-400000.0625,-400000.0625,-400000.0625,-400000.0625,-400000.0625,-400000.0625
107.455739736557,-400000.0625,-400000.0625,-400000.0625,-400000.0625,-400000.0625,-400000.0625,-400000.0625,-400000.0625
107.45574283599854,-400000.0625,-400000.0625,-400000.0625,-400000.0625,-400000.0625,-400000.0625,-400000.0625,-400000.0625
107.45574593544006,-400000.0625,-400000.0625,-400000.0625,-400000.0625,-400000.0625,-400000.0625,-400000.0625,-400000.0625
107.45574903488159,-400000.0625,-400000.0625,-400000.0625,-400000.0625,-400000.0625,-400000.0625,-400000.0625,-400000.0625
107.4557523727417,-400000.0625,-400000.0625,-400000.0625,-400000.0625,-400000.0625,-400000.0625,-400000.0625,-400000.0625
107.47316002845764,-400000.0625,-400000.0625,-400000.0625,-400000.0625,-400000.0625,-400000.0625,-400000.0625,-400000.0625
107.48017001152039,-400000.0625,-400000.0625,-400000.0625,-400000.0625,-400000.0625,-400000.0625,-400000.0625,-400000.0625
107.48478579521179,-400000.0625,-400000.0625,-400000.0625,-400000.0625,-400000.0625,-400000.0625,-400000.0625,-400000.0625
107.48479509353638,-400000.0625,-400000.0625,-400000.0625,-400000.0625,-400000.0625,-400000.0625,-400000.0625,-400000.0625
107.4847993850708,-400000.0625,-400000.0625,-400000.0625,-400000.0625,-400000.0625,-400000.0625,-400000.0625,-400000.0625
107.48480272293091,-400000.0625,-400000.0625,-400000.0625,-400000.0625,-400000.0625,-400000.0625,-400000.0625,-400000.0625
107.48480606079102,-400000.0625,-400000.0625,-400000.0625,-400000.0625,-400000.0625,-400000.0625,-400000.0625,-400000.0625
107.48480892181396,-400000.0625,-400000.0625,-400000.0625,-400000.0625,-400000.0625,-400000.0625,-400000.0625,-400000.0625
107.4848120212555,-400000.0625,-400000.0625,-400000.0625,-400000.0625,-400000.0625,-400000.0625,-400000.0625,-400000.0625
107.48481488227844,-400000.0625,-400000.0625,-400000.0625,-400000.0625,-400000.0625,-400000.0625,-400000.0625,-400000.0625
107.48481822013855,-400000.0625,-400000.0625,-400000.0625,-400000.0625,-400000.0625,-400000.0625,-400000.0625,-400000.0625
107.48482131958008,-400000.0625,-400000.0625,-400000.0625,-400000.0625,-400000.0625,-400000.0625,-400000.0625,-400000.0625
107.48482465744019,-400000.0625,-400000.0625,-400000.0625,-400000.0625,-400000.0625,-400000.0625,-400000.0625,-400000.0625
107.48482775688171,-400000.0625,-400000.0625,-400000.0625,-400000.0625,-400000.0625,-400000.0625,-400000.0625,-400000.0625
107.4848313331604,-400000.0625,-400000.0625,-400000.0625,-400000.0625,-400000.0625,-400000.0625,-400000.0625,-400000.0625
107.48483490943909,-400000.0625,-400000.0625,-400000.0625,-400000.0625,-400000.0625,-400000.0625,-400000.0625,-400000.0625
107.51823544502258,-400000.0625,-400000.0625,-400000.0625,-400000.0625,-400000.0625,-400000.0625,-400000.0625,-400000.0625
107.52309060096741,-400000.0625,-400000.0625,-400000.0625,-400000.0625,-400000.0625,-400000.0625,-400000.0625,-400000.0625
107.52309942245483,-400000.0625,-400000.0625,-400000.0625,-400000.0625,-400000.0625,-400000.0625,-400000.0625,-400000.0625
107.52310419082642,-400000.0625,-400000.0625,-400000.0625,-400000.0625,-400000.0625,-400000.0625,-400000.0625,-400000.0625
107.52310800552368,-400000.0625,-400000.0625,-400000.0625,-400000.0625,-400000.0625,-400000.0625,-400000.0625,-400000.0625
107.52311158180237,-400000.0625,-400000.0625,-400000.0625,-400000.0625,-400000.0625,-400000.0625,-400000.0625,-400000.0625
107.52311515808105,-400000.0625,-400000.0625,-400000.0625,-400000.0625,-400000.0625,-400000.0625,-400000.0625,-400000.0625
107.52311873435974,-400000.0625,-400000.0625,-400000.0625,-400000.0625,-400000.0625,-400000.0625,-400000.0625,-400000.0625
107.52312231063843,-400000.0625,-400000.0625,-400000.0625,-400000.0625,-400000.0625,-400000.0625,-400000.0625,-400000.0625
107.52312588691711,-400000.0625,-400000.0625,-400000.0625,-400000.0625,-400000.0625,-400000.0625,-400000.0625,-400000.0625
107.52312970161438,-400000.0625,-400000.0625,-400000.0625,-400000.0625,-400000.0625,-400000.0625,-400000.0625,-400000.0625
107.52313685417175,-400000.0625,-400000.0625,-400000.0625,-400000.0625,-400000.0625,-400000.0625,-400000.0625,-400000.0625
107.5231420993805,-400000.0625,-400000.0625,-400000.0625,-400000.0625,-400000.0625,-400000.0625,-400000.0625,-400000.0625
107.52314615249634,-400000.0625,-400000.0625,-400000.0625,-400000.0625,-400000.0625,-400000.0625,-400000.0625,-400000.0625
107.5231499671936,-400000.0625,-400000.0625,-400000.0625,-400000.0625,-400000.0625,-400000.0625,-400000.0625,-400000.0625
107.52315330505371,-400000.0625,-400000.0625,-400000.0625,-400000.0625,-400000.0625,-400000.0625,-400000.0625,-400000.0625
107.5780668258667,-400000.0625,-400000.0625,-400000.0625,-400000.0625,-400000.0625,-400000.0625,-400000.0625,-400000.0625
107.58814001083374,-400000.0625,-400000.0625,-400000.0625,-400000.0625,-400000.0625,-400000.0625,-400000.0625,-400000.0625
107.59287357330322,-400000.0625,-400000.0625,-400000.0625,-400000.0625,-400000.0625,-400000.0625,-400000.0625,-400000.0625
107.5928840637207,-400000.0625,-400000.0625,-400000.0625,-400000.0625,-400000.0625,-400000.0625,-400000.0625,-400000.0625
107.59288835525513,-400000.0625,-400000.0625,-400000.0625,-400000.0625,-400000.0625,-400000.0625,-400000.0625,-400000.0625
107.59289336204529,-400000.0625,-400000.0625,-400000.0625,-400000.0625,-400000.0625,-400000.0625,-400000.0625,-400000.0625
107.59289741516113,-400000.0625,-400000.0625,-400000.0625,-400000.0625,-400000.0625,-400000.0625,-400000.0625,-400000.0625
107.59290099143982,-400000.0625,-400000.0625,-400000.0625,-400000.0625,-400000.0625,-400000.0625,-400000.0625,-400000.0625
107.5929045677185,-400000.0625,-400000.0625,-400000.0625,-400000.0625,-400000.0625,-400000.0625,-400000.0625,-400000.0625
107.59290838241577,-400000.0625,-400000.0625,-400000.0625,-400000.0625,-400000.0625,-400000.0625,-400000.0625,-400000.0625
107.59291291236877,-400000.0625,-400000.0625,-400000.0625,-400000.0625,-400000.0625,-400000.0625,-400000.0625,-400000.0625
107.5929160118103,-400000.0625,-400000.0625,-400000.0625,-400000.0625,-400000.0625,-400000.0625,-400000.0625,-400000.0625
107.59291911125183,-400000.0625,-400000.0625,-400000.0625,-400000.0625,-400000.0625,-400000.0625,-400000.0625,-400000.0625
107.59292197227478,-400000.0625,-400000.0625,-400000.0625,-400000.0625,-400000.0625,-400000.0625,-400000.0625,-400000.0625
107.59292531013489,-400000.0625,-400000.0625,-400000.0625,-400000.0625,-400000.0625,-400000.0625,-400000.0625,-400000.0625
107.59293055534363,-400000.0625,-400000.0625,-400000.0625,-400000.0625,-400000.0625,-400000.0625,-400000.0625,-400000.0625
107.65321636199951,-400000.0625,-400000.0625,-400000.0625,-400000.0625,-400000.0625,-400000.0625,-400000.0625,-400000.0625
107.65804171562195,-400000.0625,-400000.0625,-400000.0625,-400000.0625,-400000.0625,-400000.0625,-400000.0625,-400000.0625
107.65804982185364,-400000.0625,-400000.0625,-400000.0625,-400000.0625,-400000.0625,-400000.0625,-400000.0625,-400000.0625
107.65805387496948,-400000.0625,-400000.0625,-400000.0625,-400000.0625,-400000.0625,-400000.0625,-400000.0625,-400000.0625
107.65805768966675,-400000.0625,-400000.0625,-400000.0625,-400000.0625,-400000.0625,-400000.0625,-400000.0625,-400000.0625
107.65806126594543,-400000.0625,-400000.0625,-400000.0625,-400000.0625,-400000.0625,-400000.0625,-400000.0625,-400000.0625
107.6580650806427,-400000.0625,-400000.0625,-400000.0625,-400000.0625,-400000.0625,-400000.0625,-400000.0625,-400000.0625
107.65806818008423,-400000.0625,-400000.0625,-400000.0625,-400000.0625,-400000.0625,-400000.0625,-400000.0625,-400000.0625
107.6580719947815,-400000.0625,-400000.0625,-400000.0625,-400000.0625,-400000.0625,-400000.0625,-400000.0625,-400000.0625
107.65807557106018,-400000.0625,-400000.0625,-400000.0625,-400000.0625,-400000.0625,-400000.0625,-400000.0625,-400000.0625
107.65807890892029,-400000.0625,-400000.0625,-400000.0625,-400000.0625,-400000.0625,-400000.0625,-400000.0625,-400000.0625
107.65808200836182,-400000.0625,-400000.0625,-400000.0625,-400000.0625,-400000.0625,-400000.0625,-400000.0625,-400000.0625
107.65808582305908,-400000.0625,-400000.0625,-400000.0625,-400000.0625,-400000.0625,-400000.0625,-400000.0625,-400000.0625
107.65808892250061,-400000.0625,-400000.0625,-400000.0625,-400000.0625,-400000.0625,-400000.0625,-400000.0625,-400000.0625
107.6580924987793,-400000.0625,-400000.0625,-400000.0625,-400000.0625,-400000.0625,-400000.0625,-400000.0625,-400000.0625
107.65809631347656,-400000.0625,-400000.0625,-400000.0625,-400000.0625,-400000.0625,-400000.0625,-400000.0625,-400000.0625
107.7139778137207,-400000.0625,-400000.0625,-400000.0625,-400000.0625,-400000.0625,-400000.0625,-400000.0625,-400000.0625
107.72353506088257,-400000.0625,-400000.0625,-400000.0625,-400000.0625,-400000.0625,-400000.0625,-400000.0625,-400000.0625
107.72860264778137,-400000.0625,-400000.0625,-400000.0625,-400000.0625,-400000.0625,-400000.0625,-400000.0625,-400000.0625
107.7339437007904,-400000.0625,-400000.0625,-400000.0625,-400000.0625,-400000.0625,-400000.0625,-400000.0625,-400000.0625
107.73781394958496,-400000.0625,-400000.0625,-400000.0625,-400000.0625,-400000.0625,-400000.0625,-400000.0625,-400000.0625
107.73782181739807,-400000.0625,-400000.0625,-400000.0625,-400000.0625,-400000.0625,-400000.0625,-400000.0625,-400000.0625
107.73782587051392,-400000.0625,-400000.0625,-400000.0625,-400000.0625,-400000.0625,-400000.0625,-400000.0625,-400000.0625
107.73782920837402,-400000.0625,-400000.0625,-400000.0625,-400000.0625,-400000.0625,-400000.0625,-400000.0625,-400000.0625
107.73783254623413,-400000.0625,-400000.0625,-400000.0625,-400000.0625,-400000.0625,-400000.0625,-400000.0625,-400000.0625
107.73783564567566,-400000.0625,-400000.0625,-400000.0625,-400000.0625,-400000.0625,-400000.0625,-400000.0625,-400000.0625
107.73783874511719,-400000.0625,-400000.0625,-400000.0625,-400000.0625,-400000.0625,-400000.0625,-400000.0625,-400000.0625
107.73784232139587,-400000.0625,-400000.0625,-400000.0625,-400000.0625,-400000.0625,-400000.0625,-400000.0625,-400000.0625
107.7378454208374,-400000.0625,-400000.0625,-400000.0625,-400000.0625,-400000.0625,-400000.0625,-400000.0625,-400000.0625
107.73784875869751,-400000.0625,-400000.0625,-400000.0625,-400000.0625,-400000.0625,-400000.0625,-400000.0625,-400000.0625
107.73785161972046,-400000.0625,-400000.0625,-400000.0625,-400000.0625,-400000.0625,-400000.0625,-400000.0625,-400000.0625
107.73785495758057,-400000.0625,-400000.0625,-400000.0625,-400000.0625,-400000.0625,-400000.0625,-400000.0625,-400000.0625
107.8101692199707,-400000.0625,-400000.0625,-400000.0625,-400000.0625,-400000.0625,-400000.0625,-400000.0625,-400000.0625
107.81651186943054,-400000.0625,-400000.0625,-400000.0625,-400000.0625,-400000.0625,-400000.0625,-400000.0625,-400000.0625
107.82545304298401,-400000.0625,-400000.0625,-400000.0625,-400000.0625,-400000.0625,-400000.0625,-400000.0625,-400000.0625
107.83108282089233,-400000.0625,-400000.0625,-400000.0625,-400000.0625,-400000.0625,-400000.0625,-400000.0625,-400000.0625
107.8352918624878,-400000.0625,-400000.0625,-400000.0625,-400000.0625,-400000.0625,-400000.0625,-400000.0625,-400000.0625
107.8353009223938,-400000.0625,-400000.0625,-400000.0625,-400000.0625,-400000.0625,-400000.0625,-400000.0625,-400000.0625
107.83530497550964,-400000.0625,-400000.0625,-400000.0625,-400000.0625,-400000.0625,-400000.0625,-400000.0625,-400000.0625
107.83530879020691,-400000.0625,-400000.0625,-400000.0625,-400000.0625,-400000.0625,-400000.0625,-400000.0625,-400000.0625
107.83531212806702,-400000.0625,-400000.0625,-400000.0625,-400000.0625,-400000.0625,-400000.0625,-400000.0625,-400000.0625
107.8353157043457,-400000.0625,-400000.0625,-400000.0625,-400000.0625,-400000.0625,-400000.0625,-400000.0625,-400000.0625
107.83531904220581,-400000.0625,-400000.0625,-400000.0625,-400000.0625,-400000.0625,-400000.0625,-400000.0625,-400000.0625
107.83532238006592,-400000.0625,-400000.0625,-400000.0625,-400000.0625,-400000.0625,-400000.0625,-400000.0625,-400000.0625
107.83532571792603,-400000.0625,-400000.0625,-400000.0625,-400000.0625,-400000.0625,-400000.0625,-400000.0625,-400000.0625
107.83532929420471,-400000.0625,-400000.0625,-400000.0625,-400000.0625,-400000.0625,-400000.0625,-400000.0625,-400000.0625
107.8353328704834,-400000.0625,-400000.0625,-400000.0625,-400000.0625,-400000.0625,-400000.0625,-400000.0625,-400000.0625
107.8353362083435,-400000.0625,-400000.0625,-400000.0625,-400000.0625,-400000.0625,-400000.0625,-400000.0625,-400000.0625
107.84454345703125,-400000.0625,-400000.0625,-400000.0625,-400000.0625,-400000.0625,-400000.0625,-400000.0625,-400000.0625
107.85055804252625,-400000.0625,-400000.0625,-400000.0625,-400000.0625,-400000.0625,-400000.0625,-400000.0625,-400000.0625
107.85502433776855,-400000.0625,-400000.0625,-400000.0625,-400000.0625,-400000.0625,-400000.0625,-400000.0625,-400000.0625
107.85503363609314,-400000.0625,-400000.0625,-400000.0625,-400000.0625,-400000.0625,-400000.0625,-400000.0625,-400000.0625
107.85503792762756,-400000.0625,-400000.0625,-400000.0625,-400000.0625,-400000.0625,-400000.0625,-400000.0625,-400000.0625
107.85504269599915,-400000.0625,-400000.0625,-400000.0625,-400000.0625,-400000.0625,-400000.0625,-400000.0625,-400000.0625
107.85504627227783,-400000.0625,-400000.0625,-400000.0625,-400000.0625,-400000.0625,-400000.0625,-400000.0625,-400000.0625
107.8550500869751,-400000.0625,-400000.0625,-400000.0625,-400000.0625,-400000.0625,-400000.0625,-400000.0625,-400000.0625
107.85505366325378,-400000.0625,-400000.0625,-400000.0625,-400000.0625,-400000.0625,-400000.0625,-400000.0625,-400000.0625
107.85505723953247,-400000.0625,-400000.0625,-400000.0625,-400000.0625,-400000.0625,-400000.0625,-400000.0625,-400000.0625
107.85506105422974,-400000.0625,-400000.0625,-400000.0625,-400000.0625,-400000.0625,-400000.0625,-400000.0625,-400000.0625
107.85506463050842,-400000.0625,-400000.0625,-400000.0625,-400000.0625,-400000.0625,-400000.0625,-400000.0625,-400000.0625
107.85506820678711,-400000.0625,-400000.0625,-400000.0625,-400000.0625,-400000.0625,-400000.0625,-400000.0625,-400000.0625
107.85507225990295,-400000.0625,-400000.0625,-400000.0625,-400000.0625,-400000.0625,-400000.0625,-400000.0625,-400000.0625
107.85507559776306,-400000.0625,-400000.0625,-400000.0625,-400000.0625,-400000.0625,-400000.0625,-400000.0625,-400000.0625
107.85507941246033,-400000.0625,-400000.0625,-400000.0625,-400000.0625,-400000.0625,-400000.0625,-400000.0625,-400000.0625
107.90070152282715,-400000.0625,-400000.0625,-400000.0625,-400000.0625,-400000.0625,-400000.0625,-400000.0625,-400000.0625
107.90572428703308,-400000.0625,-400000.0625,-400000.0625,-400000.0625,-400000.0625,-400000.0625,-400000.0625,-400000.0625
107.9103012084961,-400000.0625,-400000.0625,-400000.0625,-400000.0625,-400000.0625,-400000.0625,-400000.0625,-400000.0625
107.91031837463379,-400000.0625,-400000.0625,-400000.0625,-400000.0625,-400000.0625,-400000.0625,-400000.0625,-400000.0625
107.910325050354,-400000.0625,-400000.0625,-400000.0625,-400000.0625,-400000.0625,-400000.0625,-400000.0625,-400000.0625
107.91033029556274,-400000.0625,-400000.0625,-400000.0625,-400000.0625,-400000.0625,-400000.0625,-400000.0625,-400000.0625
107.91033554077148,-400000.0625,-400000.0625,-400000.0625,-400000.0625,-400000.0625,-400000.0625,-400000.0625,-400000.0625
107.91034197807312,-400000.0625,-400000.0625,-400000.0625,-400000.0625,-400000.0625,-400000.0625,-400000.0625,-400000.0625
107.91034722328186,-400000.0625,-400000.0625,-400000.0625,-400000.0625,-400000.0625,-400000.0625,-400000.0625,-400000.0625
107.9103524684906,-400000.0625,-400000.0625,-400000.0625,-400000.0625,-400000.0625,-400000.0625,-400000.0625,-400000.0625
107.91035604476929,-400000.0625,-400000.0625,-400000.0625,-400000.0625,-400000.0625,-400000.0625,-400000.0625,-400000.0625
107.91036057472229,-400000.0625,-400000.0625,-400000.0625,-400000.0625,-400000.0625,-400000.0625,-400000.0625,-400000.0625
107.91036534309387,-400000.0625,-400000.0625,-400000.0625,-400000.0625,-400000.0625,-400000.0625,-400000.0625,-400000.0625
107.91036939620972,-400000.0625,-400000.0625,-400000.0625,-400000.0625,-400000.0625,-400000.0625,-400000.0625,-400000.0625
107.91037344932556,-400000.0625,-400000.0625,-400000.0625,-400000.0625,-400000.0625,-400000.0625,-400000.0625,-400000.0625
107.91037821769714,-400000.0625,-400000.0625,-400000.0625,-400000.0625,-400000.0625,-400000.0625,-400000.0625,-400000.0625
107.96310019493103,-400000.0625,-400000.0625,-400000.0625,-400000.0625,-400000.0625,-400000.0625,-400000.0625,-400000.0625
107.97265625,-400000.0625,-400000.0625,-400000.0625,-400000.0625,-400000.0625,-400000.0625,-400000.0625,-400000.0625
107.9772081375122,-400000.0625,-400000.0625,-400000.0625,-400000.0625,-400000.0625,-400000.0625,-400000.0625,-400000.0625
107.97721886634827,-400000.0625,-400000.0625,-400000.0625,-400000.0625,-400000.0625,-400000.0625,-400000.0625,-400000.0625
107.97722339630127,-400000.0625,-400000.0625,-400000.0625,-400000.0625,-400000.0625,-400000.0625,-400000.0625,-400000.0625
107.9772276878357,-400000.0625,-400000.0625,-400000.0625,-400000.0625,-400000.0625,-400000.0625,-400000.0625,-400000.0625
107.97723126411438,-400000.0625,-400000.0625,-400000.0625,-400000.0625,-400000.0625,-400000.0625,-400000.0625,-400000.0625
107.97723698616028,-400000.0625,-400000.0625,-400000.0625,-400000.0625,-400000.0625,-400000.0625,-400000.0625,-400000.0625
107.97724056243896,-400000.0625,-400000.0625,-400000.0625,-400000.0625,-400000.0625,-400000.0625,-400000.0625,-400000.0625
107.97724413871765,-400000.0625,-400000.0625,-400000.0625,-400000.0625,-400000.0625,-400000.0625,-400000.0625,-400000.0625
107.97724747657776,-400000.0625,-400000.0625,-400000.0625,-400000.0625,-400000.0625,-400000.0625,-400000.0625,-400000.0625
107.97725105285645,-400000.0625,-400000.0625,-400000.0625,-400000.0625,-400000.0625,-400000.0625,-400000.0625,-400000.0625
107.97725534439087,-400000.0625,-400000.0625,-400000.0625,-400000.0625,-400000.0625,-400000.0625,-400000.0625,-400000.0625
107.97725939750671,-400000.0625,-400000.0625,-400000.0625,-400000.0625,-400000.0625,-400000.0625,-400000.0625,-400000.0625
107.9772641658783,-400000.0625,-400000.0625,-400000.0625,-400000.0625,-400000.0625,-400000.0625,-400000.0625,-400000.0625
107.97726821899414,-400000.0625,-400000.0625,-400000.0625,-400000.0625,-400000.0625,-400000.0625,-400000.0625,-400000.0625
108.02954459190369,-400000.0625,-400000.0625,-400000.0625,-400000.0625,-400000.0625,-400000.0625,-400000.0625,-400000.0625
108.03534388542175,-400000.0625,-400000.0625,-400000.0625,-400000.0625,-400000.0625,-400000.0625,-400000.0625,-400000.0625
108.03989505767822,-400000.0625,-400000.0625,-400000.0625,-400000.0625,-400000.0625,-400000.0625,-400000.0625,-400000.0625
108.03990364074707,-400000.0625,-400000.0625,-400000.0625,-400000.0625,-400000.0625,-400000.0625,-400000.0625,-400000.0625
108.03990817070007,-400000.0625,-400000.0625,-400000.0625,-400000.0625,-400000.0625,-400000.0625,-400000.0625,-400000.0625
108.03991222381592,-400000.0625,-400000.0625,-400000.0625,-400000.0625,-400000.0625,-400000.0625,-400000.0625,-400000.0625
108.0399158000946,-400000.0625,-400000.0625,-400000.0625,-400000.0625,-400000.0625,-400000.0625,-400000.0625,-400000.0625
108.03991985321045,-400000.0625,-400000.0625,-400000.0625,-400000.0625,-400000.0625,-400000.0625,-400000.0625,-400000.0625
108.03992319107056,-400000.0625,-400000.0625,-400000.0625,-400000.0625,-400000.0625,-400000.0625,-400000.0625,-400000.0625
108.03992676734924,-400000.0625,-400000.0625,-400000.0625,-400000.0625,-400000.0625,-400000.0625,-400000.0625,-400000.0625
108.03993058204651,-400000.0625,-400000.0625,-400000.0625,-400000.0625,-400000.0625,-400000.0625,-400000.0625,-400000.0625
108.03993439674377,-400000.0625,-400000.0625,-400000.0625,-400000.0625,-400000.0625,-400000.0625,-400000.0625,-400000.0625
108.03993797302246,-400000.0625,-400000.0625,-400000.0625,-400000.0625,-400000.0625,-400000.0625,-400000.0625,-400000.0625
108.03994154930115,-400000.0625,-400000.0625,-400000.0625,-400000.0625,-400000.0625,-400000.0625,-400000.0625,-400000.0625
108.03994488716125,-400000.0625,-400000.0625,-400000.0625,-400000.0625,-400000.0625,-400000.0625,-400000.0625,-400000.0625
108.03994846343994,-400000.0625,-400000.0625,-400000.0625,-400000.0625,-400000.0625,-400000.0625,-400000.0625,-400000.0625
108.0906195640564,-400000.0625,-400000.0625,-400000.0625,-400000.0625,-400000.0625,-400000.0625,-400000.0625,-400000.0625
108.10047030448914,-400000.0625,-400000.0625,-400000.0625,-400000.0625,-400000.0625,-400000.0625,-400000.0625,-400000.0625
108.10482025146484,-400000.0625,-400000.0625,-400000.0625,-400000.0625,-400000.0625,-400000.0625,-400000.0625,-400000.0625
108.10483026504517,-400000.0625,-400000.0625,-400000.0625,-400000.0625,-400000.0625,-400000.0625,-400000.0625,-400000.0625
108.10483455657959,-400000.0625,-400000.0625,-400000.0625,-400000.0625,-400000.0625,-400000.0625,-400000.0625,-400000.0625
108.10483956336975,-400000.0625,-400000.0625,-400000.0625,-400000.0625,-400000.0625,-400000.0625,-400000.0625,-400000.0625
108.10484337806702,-400000.0625,-400000.0625,-400000.0625,-400000.0625,-400000.0625,-400000.0625,-400000.0625,-400000.0625
108.1048469543457,-400000.0625,-400000.0625,-400000.0625,-400000.0625,-400000.0625,-400000.0625,-400000.0625,-400000.0625
108.10485029220581,-400000.0625,-400000.0625,-400000.0625,-400000.0625,-400000.0625,-400000.0625,-400000.0625,-400000.0625
108.1048538684845,-400000.0625,-400000.0625,-400000.0625,-400000.0625,-400000.0625,-400000.0625,-400000.0625,-400000.0625
108.10485744476318,-400000.0625,-400000.0625,-400000.0625,-400000.0625,-400000.0625,-400000.0625,-400000.0625,-400000.0625
108.10486268997192,-400000.0625,-400000.0625,-400000.0625,-400000.0625,-400000.0625,-400000.0625,-400000.0625,-400000.0625
108.10486674308777,-400000.0625,-400000.0625,-400000.0625,-400000.0625,-400000.0625,-400000.0625,-400000.0625,-400000.0625
108.10487031936646,-400000.0625,-400000.0625,-400000.0625,-400000.0625,-400000.0625,-400000.0625,-400000.0625,-400000.0625
108.10487389564514,-400000.0625,-400000.0625,-400000.0625,-400000.0625,-400000.0625,-400000.0625,-400000.0625,-400000.0625
108.10487794876099,-400000.0625,-400000.0625,-400000.0625,-400000.0625,-400000.0625,-400000.0625,-400000.0625,-400000.0625
108.19946789741516,-400000.0625,-400000.0625,-400000.0625,-400000.0625,-400000.0625,-400000.0625,-400000.0625,-400000.0625
108.20783162117004,-400000.0625,-400000.0625,-400000.0625,-400000.0625,-400000.0625,-400000.0625,-400000.0625,-400000.0625
108.21274542808533,-400000.0625,-400000.0625,-400000.0625,-400000.0625,-400000.0625,-400000.0625,-400000.0625,-400000.0625
108.21275520324707,-400000.0625,-400000.0625,-400000.0625,-400000.0625,-400000.0625,-400000.0625,-400000.0625,-400000.0625
108.21275925636292,-400000.0625,-400000.0625,-400000.0625,-400000.0625,-400000.0625,-400000.0625,-400000.0625,-400000.0625
108.21276354789734,-400000.0625,-400000.0625,-400000.0625,-400000.0625,-400000.0625,-400000.0625,-400000.0625,-400000.0625
108.21276783943176,-400000.0625,-400000.0625,-400000.0625,-400000.0625,-400000.0625,-400000.0625,-400000.0625,-400000.0625
108.21277165412903,-400000.0625,-400000.0625,-400000.0625,-400000.0625,-400000.0625,-400000.0625,-400000.0625,-400000.0625
108.21277499198914,-400000.0625,-400000.0625,-400000.0625,-400000.0625,-400000.0625,-400000.0625,-400000.0625,-400000.0625
108.21277856826782,-400000.0625,-400000.0625,-400000.0625,-400000.0625,-400000.0625,-400000.0625,-400000.0625,-400000.0625
108.21278214454651,-400000.0625,-400000.0625,-400000.0625,-400000.0625,-400000.0625,-400000.0625,-400000.0625,-400000.0625
108.21278595924377,-400000.0625,-400000.0625,-400000.0625,-400000.0625,-400000.0625,-400000.0625,-400000.0625,-400000.0625
108.21278977394104,-400000.0625,-400000.0625,-400000.0625,-400000.0625,-400000.0625,-400000.0625,-400000.0625,-400000.0625
108.21279335021973,-400000.0625,-400000.0625,-400000.0625,-400000.0625,-400000.0625,-400000.0625,-400000.0625,-400000.0625
108.21279716491699,-400000.0625,-400000.0625,-400000.0625,-400000.0625,-400000.0625,-400000.0625,-400000.0625,-400000.0625
108.21280145645142,-400000.0625,-400000.0625,-400000.0625,-400000.0625,-400000.0625,-400000.0625,-400000.0625,-400000.0625
108.22059464454651,-400000.0625,-400000.0625,-400000.0625,-400000.0625,-400000.0625,-400000.0625,-400000.0625,-400000.0625
108.22564721107483,-400000.0625,-400000.0625,-400000.0625,-400000.0625,-400000.0625,-400000.0625,-400000.0625,-400000.0625
108.23091888427734,-400000.0625,-400000.0625,-400000.0625,-400000.0625,-400000.0625,-400000.0625,-400000.0625,-400000.0625
108.23480415344238,-400000.0625,-400000.0625,-400000.0625,-400000.0625,-400000.0625,-400000.0625,-400000.0625,-400000.0625
108.23481297492981,-400000.0625,-400000.0625,-400000.0625,-400000.0625,-400000.0625,-400000.0625,-400000.0625,-400000.0625
108.23481678962708,-400000.0625,-400000.0625,-400000.0625,-400000.0625,-400000.0625,-400000.0625,-400000.0625,-400000.0625
108.23482012748718,-400000.0625,-400000.0625,-400000.0625,-400000.0625,-400000.0625,-400000.0625,-400000.0625,-400000.0625
108.23482322692871,-400000.0625,-400000.0625,-400000.0625,-400000.0625,-400000.0625,-400000.0625,-400000.0625,-400000.0625
108.2348268032074,-400000.0625,-400000.0625,-400000.0625,-400000.0625,-400000.0625,-400000.0625,-400000.0625,-400000.0625
108.23482990264893,-400000.0625,-400000.0625,-400000.0625,-400000.0625,-400000.0625,-400000.0625,-400000.0625,-400000.0625
108.23483324050903,-400000.0625,-400000.0625,-400000.0625,-400000.0625,-400000.0625,-400000.0625,-400000.0625,-400000.0625
108.23483610153198,-400000.0625,-400000.0625,-400000.0625,-400000.0625,-400000.0625,-400000.0625,-400000.0625,-400000.0625
108.23483943939209,-400000.0625,-400000.0625,-400000.0625,-400000.0625,-400000.0625,-400000.0625,-400000.0625,-400000.0625
108.23484253883362,-400000.0625,-400000.0625,-400000.0625,-400000.0625,-400000.0625,-400000.0625,-400000.0625,-400000.0625
108.23484539985657,-400000.0625,-400000.0625,-400000.0625,-400000.0625,-400000.0625,-400000.0625,-400000.0625,-400000.0625
108.2348484992981,-400000.0625,-400000.0625,-400000.0625,-400000.0625,-400000.0625,-400000.0625,-400000.0625,-400000.0625
108.29935193061829,-400000.0625,-400000.0625,-400000.0625,-400000.0625,-400000.0625,-400000.0625,-400000.0625,-400000.0625
108.3052806854248,-400000.0625,-400000.0625,-400000.0625,-400000.0625,-400000.0625,-400000.0625,-400000.0625,-400000.0625
108.31460380554199,-400000.0625,-400000.0625,-400000.0625,-400000.0625,-400000.0625,-400000.0625,-400000.0625,-400000.0625
108.31960129737854,-400000.0625,-400000.0625,-400000.0625,-400000.0625,-400000.0625,-400000.0625,-400000.0625,-400000.0625
108.31961131095886,-400000.0625,-400000.0625,-400000.0625,-400000.0625,-400000.0625,-400000.0625,-400000.0625,-400000.0625
108.32391667366028,-400000.0625,-400000.0625,-400000.0625,-400000.0625,-400000.0625,-400000.0625,-400000.0625,-400000.0625
108.32392406463623,-400000.0625,-400000.0625,-400000.0625,-400000.0625,-400000.0625,-400000.0625,-400000.0625,-400000.0625
108.3239278793335,-400000.0625,-400000.0625,-400000.0625,-400000.0625,-400000.0625,-400000.0625,-400000.0625,-400000.0625
108.32393169403076,-400000.0625,-400000.0625,-400000.0625,-400000.0625,-400000.0625,-400000.0625,-400000.0625,-400000.0625
108.32393527030945,-400000.0625,-400000.0625,-400000.0625,-400000.0625,-400000.0625,-400000.0625,-400000.0625,-400000.0625
108.32393884658813,-400000.0625,-400000.0625,-400000.0625,-400000.0625,-400000.0625,-400000.0625,-400000.0625,-400000.0625
108.3239426612854,-400000.0625,-400000.0625,-400000.0625,-400000.0625,-400000.0625,-400000.0625,-400000.0625,-400000.0625
108.32394623756409,-400000.0625,-400000.0625,-400000.0625,-400000.0625,-400000.0625,-400000.0625,-400000.0625,-400000.0625
108.32394981384277,-400000.0625,-400000.0625,-400000.0625,-400000.0625,-400000.0625,-400000.0625,-400000.0625,-400000.0625
108.32395339012146,-400000.0625,-400000.0625,-400000.0625,-400000.0625,-400000.0625,-400000.0625,-400000.0625,-400000.0625
108.32395720481873,-400000.0625,-400000.0625,-400000.0625,-400000.0625,-400000.0625,-400000.0625,-400000.0625,-400000.0625
108.35890746116638,-400000.0625,-400000.0625,-400000.0625,-400000.0625,-400000.0625,-400000.0625,-400000.0625,-400000.0625
108.3645396232605,-400000.0625,-400000.0625,-400000.0625,-400000.0625,-400000.0625,-400000.0625,-400000.0625,-400000.0625
108.36931228637695,-400000.0625,-400000.0625,-400000.0625,-400000.0625,-400000.0625,-400000.0625,-400000.0625,-400000.0625
108.36932182312012,-400000.0625,-400000.0625,-400000.0625,-400000.0625,-400000.0625,-400000.0625,-400000.0625,-400000.0625
108.36932587623596,-400000.0625,-400000.0625,-400000.0625,-400000.0625,-400000.0625,-400000.0625,-400000.0625,-400000.0625
108.36932969093323,-400000.0625,-400000.0625,-400000.0625,-400000.0625,-400000.0625,-400000.0625,-400000.0625,-400000.0625
108.36933326721191,-400000.0625,-400000.0625,-400000.0625,-400000.0625,-400000.0625,-400000.0625,-400000.0625,-400000.0625
108.3693368434906,-400000.0625,-400000.0625,-400000.0625,-400000.0625,-400000.0625,-400000.0625,-400000.0625,-400000.0625
108.36934041976929,-400000.0625,-400000.0625,-400000.0625,-400000.0625,-400000.0625,-400000.0625,-400000.0625,-400000.0625
108.36934423446655,-400000.0625,-400000.0625,-400000.0625,-400000.0625,-400000.0625,-400000.0625,-400000.0625,-400000.0625
108.3693482875824,-400000.0625,-400000.0625,-400000.0625,-400000.0625,-400000.0625,-400000.0625,-400000.0625,-400000.0625
108.36935472488403,-400000.0625,-400000.0625,-400000.0625,-400000.0625,-400000.0625,-400000.0625,-400000.0625,-400000.0625
108.36935877799988,-400000.0625,-400000.0625,-400000.0625,-400000.0625,-400000.0625,-400000.0625,-400000.0625,-400000.0625
108.36936259269714,-400000.0625,-400000.0625,-400000.0625,-400000.0625,-400000.0625,-400000.0625,-400000.0625,-400000.0625
108.36936616897583,-400000.0625,-400000.0625,-400000.0625,-400000.0625,-400000.0625,-400000.0625,-400000.0625,-400000.0625
108.36937022209167,-400000.0625,-400000.0625,-400000.0625,-400000.0625,-400000.0625,-400000.0625,-400000.0625,-400000.0625
108.40945482254028,-400000.0625,-400000.0625,-400000.0625,-400000.0625,-400000.0625,-400000.0625,-400000.0625,-400000.0625
108.41896176338196,-400000.0625,-400000.0625,-400000.0625,-400000.0625,-400000.0625,-400000.0625,-400000.0625,-400000.0625
108.42284631729126,-400000.0625,-400000.0625,-400000.0625,-400000.0625,-400000.0625,-400000.0625,-400000.0625,-400000.0625
108.42285394668579,-400000.0625,-400000.0625,-400000.0625,-400000.0625,-400000.0625,-400000.0625,-400000.0625,-400000.0625
108.42285776138306,-400000.0625,-400000.0625,-400000.0625,-400000.0625,-400000.0625,-400000.0625,-400000.0625,-400000.0625
108.42286109924316,-400000.0625,-400000.0625,-400000.0625,-400000.0625,-400000.0625,-400000.0625,-400000.0625,-400000.0625
108.42286443710327,-400000.0625,-400000.0625,-400000.0625,-400000.0625,-400000.0625,-400000.0625,-400000.0625,-400000.0625
108.42286777496338,-400000.0625,-400000.0625,-400000.0625,-400000.0625,-400000.0625,-400000.0625,-400000.0625,-400000.0625
108.42287087440491,-400000.0625,-400000.0625,-400000.0625,-400000.0625,-400000.0625,-400000.0625,-400000.0625,-400000.0625
108.42287421226501,-400000.0625,-400000.0625,-400000.0625,-400000.0625,-400000.0625,-400000.0625,-400000.0625,-400000.0625
108.4228777885437,-400000.0625,-400000.0625,-400000.0625,-400000.0625,-400000.0625,-400000.0625,-400000.0625,-400000.0625
108.42288088798523,-400000.0625,-400000.0625,-400000.0625,-400000.0625,-400000.0625,-400000.0625,-400000.0625,-400000.0625
108.42288374900818,-400000.0625,-400000.0625,-400000.0625,-400000.0625,-400000.0625,-400000.0625,-400000.0625,-400000.0625
108.42288708686829,-400000.0625,-400000.0625,-400000.0625,-400000.0625,-400000.0625,-400000.0625,-400000.0625,-400000.0625
108.42288994789124,-400000.0625,-400000.0625,-400000.0625,-400000.0625,-400000.0625,-400000.0625,-400000.0625,-400000.0625
108.42289328575134,-400000.0625,-400000.0625,-400000.0625,-400000.0625,-400000.0625,-400000.0625,-400000.0625,-400000.0625
108.49685525894165,-400000.0625,-400000.0625,-400000.0625,-400000.0625,-400000.0625,-400000.0625,-400000.0625,-400000.0625
108.5021026134491,-400000.0625,-400000.0625,-400000.0625,-400000.0625,-400000.0625,-400000.0625,-400000.0625,-400000.0625
108.50654435157776,-400000.0625,-400000.0625,-400000.0625,-400000.0625,-400000.0625,-400000.0625,-400000.0625,-400000.0625
108.50655269622803,-400000.0625,-400000.0625,-400000.0625,-400000.0625,-400000.0625,-400000.0625,-400000.0625,-400000.0625
108.50655674934387,-400000.0625,-400000.0625,-400000.0625,-400000.0625,-400000.0625,-400000.0625,-400000.0625,-400000.0625
108.50656080245972,-400000.0625,-400000.0625,-400000.0625,-400000.0625,-400000.0625,-400000.0625,-400000.0625,-400000.0625
108.5065643787384,-400000.0625,-400000.0625,-400000.0625,-400000.0625,-400000.0625,-400000.0625,-400000.0625,-400000.0625
108.50656795501709,-400000.0625,-400000.0625,-400000.0625,-400000.0625,-400000.0625,-400000.0625,-400000.0625,-400000.0625
108.50657153129578,-400000.0625,-400000.0625,-400000.0625,-400000.0625,-400000.0625,-400000.0625,-400000.0625,-400000.0625
108.50657486915588,-400000.0625,-400000.0625,-400000.0625,-400000.0625,-400000.0625,-400000.0625,-400000.0625,-400000.0625
108.50657868385315,-400000.0625,-400000.0625,-400000.0625,-400000.0625,-400000.0625,-400000.0625,-400000.0625,-400000.0625
108.50658226013184,-400000.0625,-400000.0625,-400000.0625,-400000.0625,-400000.0625,-400000.0625,-400000.0625,-400000.0625
108.50658583641052,-400000.0625,-400000.0625,-400000.0625,-400000.0625,-400000.0625,-400000.0625,-400000.0625,-400000.0625
108.50658917427063,-400000.0625,-400000.0625,-400000.0625,-400000.0625,-400000.0625,-400000.0625,-400000.0625,-400000.0625
108.50659251213074,-400000.0625,-400000.0625,-400000.0625,-400000.0625,-400000.0625,-400000.0625,-400000.0625,-400000.0625
108.50659608840942,-400000.0625,-400000.0625,-400000.0625,-400000.0625,-400000.0625,-400000.0625,-400000.0625,-400000.0625
108.55062961578369,-400000.0625,-400000.0625,-400000.0625,-400000.0625,-400000.0625,-400000.0625,-400000.0625,-400000.0625
108.55987858772278,-400000.0625,-400000.0625,-400000.0625,-400000.0625,-400000.0625,-400000.0625,-400000.0625,-400000.0625
108.56488251686096,-400000.0625,-400000.0625,-400000.0625,-400000.0625,-400000.0625,-400000.0625,-400000.0625,-400000.0625
108.56991243362427,-400000.0625,-400000.0625,-400000.0625,-400000.0625,-400000.0625,-400000.0625,-400000.0625,-400000.0625
108.57416605949402,-400000.0625,-400000.0625,-400000.0625,-400000.0625,-400000.0625,-400000.0625,-400000.0625,-400000.0625
108.57417464256287,-400000.0625,-400000.0625,-400000.0625,-400000.0625,-400000.0625,-400000.0625,-400000.0625,-400000.0625
108.57417917251587,-400000.0625,-400000.0625,-400000.0625,-400000.0625,-400000.0625,-400000.0625,-400000.0625,-400000.0625
108.57418322563171,-400000.0625,-400000.0625,-400000.0625,-400000.0625,-400000.0625,-400000.0625,-400000.0625,-400000.0625
108.57418704032898,-400000.0625,-400000.0625,-400000.0625,-400000.0625,-400000.0625,-400000.0625,-400000.0625,-400000.0625
108.57419109344482,-400000.0625,-400000.0625,-400000.0625,-400000.0625,-400000.0625,-400000.0625,-400000.0625,-400000.0625
108.57419466972351,-400000.0625,-400000.0625,-400000.0625,-400000.0625,-400000.0625,-400000.0625,-400000.0625,-400000.0625
108.57419848442078,-400000.0625,-400000.0625,-400000.0625,-400000.0625,-400000.0625,-400000.0625,-400000.0625,-400000.0625
108.57420253753662,-400000.0625,-400000.0625,-400000.0625,-400000.0625,-400000.0625,-400000.0625,-400000.0625,-400000.0625
108.57420778274536,-400000.0625,-400000.0625,-400000.0625,-400000.0625,-400000.0625,-400000.0625,-400000.0625,-400000.0625
108.57421135902405,-400000.0625,-400000.0625,-400000.0625,-400000.0625,-400000.0625,-400000.0625,-400000.0625,-400000.0625
108.57421517372131,-400000.0625,-400000.0625,-400000.0625,-400000.0625,-400000.0625,-400000.0625,-400000.0625,-400000.0625
108.60941815376282,-400000.0625,-400000.0625,-400000.0625,-400000.0625,-400000.0625,-400000.0625,-400000.0625,-400000.0625
108.61517930030823,-400000.0625,-400000.0625,-400000.0625,-400000.0625,-400000.0625,-400000.0625,-400000.0625,-400000.0625
108.62015843391418,-400000.0625,-400000.0625,-400000.0625,-400000.0625,-400000.0625,-400000.0625,-400000.0625,-400000.0625
108.62016773223877,-400000.0625,-400000.0625,-400000.0625,-400000.0625,-400000.0625,-400000.0625,-400000.0625,-400000.0625
108.62017178535461,-400000.0625,-400000.0625,-400000.0625,-400000.0625,-400000.0625,-400000.0625,-400000.0625,-400000.0625
108.62017631530762,-400000.0625,-400000.0625,-400000.0625,-400000.0625,-400000.0625,-400000.0625,-400000.0625,-400000.0625
108.6201798915863,-400000.0625,-400000.0625,-400000.0625,-400000.0625,-400000.0625,-400000.0625,-400000.0625,-400000.0625
108.62018346786499,-400000.0625,-400000.0625,-400000.0625,-400000.0625,-400000.0625,-400000.0625,-400000.0625,-400000.0625
108.62018728256226,-400000.0625,-400000.0625,-400000.0625,-400000.0625,-400000.0625,-400000.0625,-400000.0625,-400000.0625
108.62445616722107,-400000.0625,-400000.0625,-400000.0625,-400000.0625,-400000.0625,-400000.0625,-400000.0625,-400000.0625
108.62446570396423,-400000.0625,-400000.0625,-400000.0625,-400000.0625,-400000.0625,-400000.0625,-400000.0625,-400000.0625
108.62446999549866,-400000.0625,-400000.0625,-400000.0625,-400000.0625,-400000.0625,-400000.0625,-400000.0625,-400000.0625
108.62447500228882,-400000.0625,-400000.0625,-400000.0625,-400000.0625,-400000.0625,-400000.0625,-400000.0625,-400000.0625
108.62447905540466,-400000.0625,-400000.0625,-400000.0625,-400000.0625,-400000.0625,-400000.0625,-400000.0625,-400000.0625
108.62448382377625,-400000.0625,-400000.0625,-400000.0625,-400000.0625,-400000.0625,-400000.0625,-400000.0625,-400000.0625
108.62448811531067,-400000.0625,-400000.0625,-400000.0625,-400000.0625,-400000.0625,-400000.0625,-400000.0625,-400000.0625
108.66686391830444,-400000.0625,-400000.0625,-400000.0625,-400000.0625,-400000.0625,-400000.0625,-400000.0625,-400000.0625
108.67572045326233,-400000.0625,-400000.0625,-400000.0625,-400000.0625,-400000.0625,-400000.0625,-400000.0625,-400000.0625
108.68094611167908,-400000.0625,-400000.0625,-400000.0625,-400000.0625,-400000.0625,-400000.0625,-400000.0625,-400000.0625
108.68549609184265,-400000.0625,-400000.0625,-400000.0625,-400000.0625,-400000.0625,-400000.0625,-400000.0625,-400000.0625
108.68550634384155,-400000.0625,-400000.0625,-400000.0625,-400000.0625,-400000.0625,-400000.0625,-400000.0625,-400000.0625
108.68551063537598,-400000.0625,-400000.0625,-400000.0625,-400000.0625,-400000.0625,-400000.0625,-400000.0625,-400000.0625
108.68551445007324,-400000.0625,-400000.0625,-400000.0625,-400000.0625,-400000.0625,-400000.0625,-400000.0625,-400000.0625
108.68551850318909,-400000.0625,-400000.0625,-400000.0625,-400000.0625,-400000.0625,-400000.0625,-400000.0625,-400000.0625
108.68552231788635,-400000.0625,-400000.0625,-400000.0625,-400000.0625,-400000.0625,-400000.0625,-400000.0625,-400000.0625
108.68552589416504,-400000.0625,-400000.0625,-400000.0625,-400000.0625,-400000.0625,-400000.0625,-400000.0625,-400000.0625
108.68552947044373,-400000.0625,-400000.0625,-400000.0625,-400000.0625,-400000.0625,-400000.0625,-400000.0625,-400000.0625
108.68553328514099,-400000.0625,-400000.0625,-400000.0625,-400000.0625,-400000.0625,-400000.0625,-400000.0625,-400000.0625
108.68553686141968,-400000.0625,-400000.0625,-400000.0625,-400000.0625,-400000.0625,-400000.0625,-400000.0625,-400000.0625
108.68554043769836,-400000.0625,-400000.0625,-400000.0625,-400000.0625,-400000.0625,-400000.0625,-400000.0625,-400000.0625
108.68554425239563,-400000.0625,-400000.0625,-400000.0625,-400000.0625,-400000.0625,-400000.0625,-400000.0625,-400000.0625
108.6855480670929,-400000.0625,-400000.0625,-400000.0625,-400000.0625,-400000.0625,-400000.0625,-400000.0625,-400000.0625
108.73304343223572,-400000.0625,-400000.0625,-400000.0625,-400000.0625,-400000.0625,-400000.0625,-400000.0625,-400000.0625
108.7380096912384,-400000.0625,-400000.0625,-400000.0625,-400000.0625,-400000.0625,-400000.0625,-400000.0625,-400000.0625
108.73801803588867,-400000.0625,-400000.0625,-400000.0625,-400000.0625,-400000.0625,-400000.0625,-400000.0625,-400000.0625
108.73802256584167,-400000.0625,-400000.0625,-400000.0625,-400000.0625,-400000.0625,-400000.0625,-400000.0625,-400000.0625
108.73802638053894,-400000.0625,-400000.0625,-400000.0625,-400000.0625,-400000.0625,-400000.0625,-400000.0625,-400000.0625
108.73802995681763,-400000.0625,-400000.0625,-400000.0625,-400000.0625,-400000.0625,-400000.0625,-400000.0625,-400000.0625
108.73803400993347,-400000.0625,-400000.0625,-400000.0625,-400000.0625,-400000.0625,-400000.0625,-400000.0625,-400000.0625
108.73803782463074,-400000.0625,-400000.0625,-400000.0625,-400000.0625,-400000.0625,-400000.0625,-400000.0625,-400000.0625
108.73804116249084,-400000.0625,-400000.0625,-400000.0625,-400000.0625,-400000.0625,-400000.0625,-400000.0625,-400000.0625
108.73804521560669,-400000.0625,-400000.0625,-400000.0625,-400000.0625,-400000.0625,-400000.0625,-400000.0625,-400000.0625
108.73804879188538,-400000.0625,-400000.0625,-400000.0625,-400000.0625,-400000.0625,-400000.0625,-400000.0625,-400000.0625
108.73805212974548,-400000.0625,-400000.0625,-400000.0625,-400000.0625,-400000.0625,-400000.0625,-400000.0625,-400000.0625
108.73805570602417,-400000.0625,-400000.0625,-400000.0625,-400000.0625,-400000.0625,-400000.0625,-400000.0625,-400000.0625
108.7424681186676,-400000.0625,-400000.0625,-400000.0625,-400000.0625,-400000.0625,-400000.0625,-400000.0625,-400000.0625
108.74247908592224,-400000.0625,-400000.0625,-400000.0625,-400000.0625,-400000.0625,-400000.0625,-400000.0625,-400000.0625
108.7424840927124,-400000.0625,-400000.0625,-400000.0625,-400000.0625,-400000.0625,-400000.0625,-400000.0625,-400000.0625
108.79690027236938,-400000.0625,-400000.0625,-400000.0625,-400000.0625,-400000.0625,-400000.0625,-400000.0625,-400000.0625
108.80627298355103,-400000.0625,-400000.0625,-400000.0625,-400000.0625,-400000.0625,-400000.0625,-400000.0625,-400000.0625
108.81109738349915,-400000.0625,-400000.0625,-400000.0625,-400000.0625,-400000.0625,-400000.0625,-400000.0625,-400000.0625
108.81111216545105,-400000.0625,-400000.0625,-400000.0625,-400000.0625,-400000.0625,-400000.0625,-400000.0625,-400000.0625
108.81111741065979,-400000.0625,-400000.0625,-400000.0625,-400000.0625,-400000.0625,-400000.0625,-400000.0625,-400000.0625
108.81112170219421,-400000.0625,-400000.0625,-400000.0625,-400000.0625,-400000.0625,-400000.0625,-400000.0625,-400000.0625
108.81112551689148,-400000.0625,-400000.0625,-400000.0625,-400000.0625,-400000.0625,-400000.0625,-400000.0625,-400000.0625
108.81112957000732,-400000.0625,-400000.0625,-400000.0625,-400000.0625,-400000.0625,-400000.0625,-400000.0625,-400000.0625
108.81113314628601,-400000.0625,-400000.0625,-400000.0625,-400000.0625,-400000.0625,-400000.0625,-400000.0625,-400000.0625
108.81113767623901,-400000.0625,-400000.0625,-400000.0625,-400000.0625,-400000.0625,-400000.0625,-400000.0625,-400000.0625
108.81114149093628,-400000.0625,-400000.0625,-400000.0625,-400000.0625,-400000.0625,-400000.0625,-400000.0625,-400000.0625
108.81114983558655,-400000.0625,-400000.0625,-400000.0625,-400000.0625,-400000.0625,-400000.0625,-400000.0625,-400000.0625
108.81115365028381,-400000.0625,-400000.0625,-400000.0625,-400000.0625,-400000.0625,-400000.0625,-400000.0625,-400000.0625
108.8111572265625,-400000.0625,-400000.0625,-400000.0625,-400000.0625,-400000.0625,-400000.0625,-400000.0625,-400000.0625
108.81116080284119,-400000.0625,-400000.0625,-400000.0625,-400000.0625,-400000.0625,-400000.0625,-400000.0625,-400000.0625
108.81116485595703,-400000.0625,-400000.0625,-400000.0625,-400000.0625,-400000.0625,-400000.0625,-400000.0625,-400000.0625
108.90872359275818,-400000.0625,-400000.0625,-400000.0625,-400000.0625,-400000.0625,-400000.0625,-400000.0625,-400000.0625
108.9198408126831,-400000.0625,-400000.0625,-400000.0625,-400000.0625,-400000.0625,-400000.0625,-400000.0625,-400000.0625
108.9240734577179,-400000.0625,-400000.0625,-400000.0625,-400000.0625,-400000.0625,-400000.0625,-400000.0625,-400000.0625
108.92408323287964,-400000.0625,-400000.0625,-400000.0625,-400000.0625,-400000.0625,-400000.0625,-400000.0625,-400000.0625
108.92408752441406,-400000.0625,-400000.0625,-400000.0625,-400000.0625,-400000.0625,-400000.0625,-400000.0625,-400000.0625
108.92409229278564,-400000.0625,-400000.0625,-400000.0625,-400000.0625,-400000.0625,-400000.0625,-400000.0625,-400000.0625
108.92409586906433,-400000.0625,-400000.0625,-400000.0625,-400000.0625,-400000.0625,-400000.0625,-400000.0625,-400000.0625
108.9240996837616,-400000.0625,-400000.0625,-400000.0625,-400000.0625,-400000.0625,-400000.0625,-400000.0625,-400000.0625
108.92410326004028,-400000.0625,-400000.0625,-400000.0625,-400000.0625,-400000.0625,-400000.0625,-400000.0625,-400000.0625
108.92410683631897,-400000.0625,-400000.0625,-400000.0625,-400000.0625,-400000.0625,-400000.0625,-400000.0625,-400000.0625
108.92411088943481,-400000.0625,-400000.0625,-400000.0625,-400000.0625,-400000.0625,-400000.0625,-400000.0625,-400000.0625
108.92411470413208,-400000.0625,-400000.0625,-400000.0625,-400000.0625,-400000.0625,-400000.0625,-400000.0625,-400000.0625
108.92411851882935,-400000.0625,-400000.0625,-400000.0625,-400000.0625,-400000.0625,-400000.0625,-400000.0625,-400000.0625
108.92412209510803,-400000.0625,-400000.0625,-400000.0625,-400000.0625,-400000.0625,-400000.0625,-400000.0625,-400000.0625
108.92412567138672,-400000.0625,-400000.0625,-400000.0625,-400000.0625,-400000.0625,-400000.0625,-400000.0625,-400000.0625
108.9241292476654,-400000.0625,-400000.0625,-400000.0625,-400000.0625,-400000.0625,-400000.0625,-400000.0625,-400000.0625
108.92554688453674,-400000.0625,-400000.0625,-400000.0625,-400000.0625,-400000.0625,-400000.0625,-400000.0625,-400000.0625
108.93212175369263,-400000.0625,-400000.0625,-400000.0625,-400000.0625,-400000.0625,-400000.0625,-400000.0625,-400000.0625
108.93722724914551,-400000.0625,-400000.0625,-400000.0625,-400000.0625,-400000.0625,-400000.0625,-400000.0625,-400000.0625
108.94137072563171,-400000.0625,-400000.0625,-400000.0625,-400000.0625,-400000.0625,-400000.0625,-400000.0625,-400000.0625
108.94138097763062,-400000.0625,-400000.0625,-400000.0625,-400000.0625,-400000.0625,-400000.0625,-400000.0625,-400000.0625
108.94138526916504,-400000.0625,-400000.0625,-400000.0625,-400000.0625,-400000.0625,-400000.0625,-400000.0625,-400000.0625
108.9413890838623,-400000.0625,-400000.0625,-400000.0625,-400000.0625,-400000.0625,-400000.0625,-400000.0625,-400000.0625
108.94139266014099,-400000.0625,-400000.0625,-400000.0625,-400000.0625,-400000.0625,-400000.0625,-400000.0625,-400000.0625
108.94139623641968,-400000.0625,-400000.0625,-400000.0625,-400000.0625,-400000.0625,-400000.0625,-400000.0625,-400000.0625
108.94139957427979,-400000.0625,-400000.0625,-400000.0625,-400000.0625,-400000.0625,-400000.0625,-400000.0625,-400000.0625
108.94140338897705,-400000.0625,-400000.0625,-400000.0625,-400000.0625,-400000.0625,-400000.0625,-400000.0625,-400000.0625
108.94140696525574,-400000.0625,-400000.0625,-400000.0625,-400000.0625,-400000.0625,-400000.0625,-400000.0625,-400000.0625
108.94141030311584,-400000.0625,-400000.0625,-400000.0625,-400000.0625,-400000.0625,-400000.0625,-400000.0625,-400000.0625
108.94141387939453,-400000.0625,-400000.0625,-400000.0625,-400000.0625,-400000.0625,-400000.0625,-400000.0625,-400000.0625
108.94141745567322,-400000.0625,-400000.0625,-400000.0625,-400000.0625,-400000.0625,-400000.0625,-400000.0625,-400000.0625
108.94142127037048,-400000.0625,-400000.0625,-400000.0625,-400000.0625,-400000.0625,-400000.0625,-400000.0625,-400000.0625
109.00897073745728,-400000.0625,-400000.0625,-400000.0625,-400000.0625,-400000.0625,-400000.0625,-400000.0625,-400000.0625
109.01962447166443,-400000.0625,-400000.0625,-400000.0625,-400000.0625,-400000.0625,-400000.0625,-400000.0625,-400000.0625
109.02362203598022,-400000.0625,-400000.0625,-400000.0625,-400000.0625,-400000.0625,-400000.0625,-400000.0625,-400000.0625
109.02363109588623,-400000.0625,-400000.0625,-400000.0625,-400000.0625,-400000.0625,-400000.0625,-400000.0625,-400000.0625
109.02363538742065,-400000.0625,-400000.0625,-400000.0625,-400000.0625,-400000.0625,-400000.0625,-400000.0625,-400000.0625
109.0236394405365,-400000.0625,-400000.0625,-400000.0625,-400000.0625,-400000.0625,-400000.0625,-400000.0625,-400000.0625
109.02364301681519,-400000.0625,-400000.0625,-400000.0625,-400000.0625,-400000.0625,-400000.0625,-400000.0625,-400000.0625
109.0236463546753,-400000.0625,-400000.0625,-400000.0625,-400000.0625,-400000.0625,-400000.0625,-400000.0625,-400000.0625
109.02364993095398,-400000.0625,-400000.0625,-400000.0625,-400000.0625,-400000.0625,-400000.0625,-400000.0625,-400000.0625
109.02365350723267,-400000.0625,-400000.0625,-400000.0625,-400000.0625,-400000.0625,-400000.0625,-400000.0625,-400000.0625
109.02365708351135,-400000.0625,-400000.0625,-400000.0625,-400000.0625,-400000.0625,-400000.0625,-400000.0625,-400000.0625
109.02366065979004,-400000.0625,-400000.0625,-400000.0625,-400000.0625,-400000.0625,-400000.0625,-400000.0625,-400000.0625
109.02366399765015,-400000.0625,-400000.0625,-400000.0625,-400000.0625,-400000.0625,-400000.0625,-400000.0625,-400000.0625
109.02366757392883,-400000.0625,-400000.0625,-400000.0625,-400000.0625,-400000.0625,-400000.0625,-400000.0625,-400000.0625
109.02367115020752,-400000.0625,-400000.0625,-400000.0625,-400000.0625,-400000.0625,-400000.0625,-400000.0625,-400000.0625
109.0236747264862,-400000.0625,-400000.0625,-400000.0625,-400000.0625,-400000.0625,-400000.0625,-400000.0625,-400000.0625
109.050705909729,-400000.0625,-400000.0625,-400000.0625,-400000.0625,-400000.0625,-400000.0625,-400000.0625,-400000.0625
109.05557441711426,-400000.0625,-400000.0625,-400000.0625,-400000.0625,-400000.0625,-400000.0625,-400000.0625,-400000.0625
109.0555830001831,-400000.0625,-400000.0625,-400000.0625,-400000.0625,-400000.0625,-400000.0625,-400000.0625,-400000.0625
109.05558729171753,-400000.0625,-400000.0625,-400000.0625,-400000.0625,-400000.0625,-400000.0625,-400000.0625,-400000.0625
109.05559158325195,-400000.0625,-400000.0625,-400000.0625,-400000.0625,-400000.0625,-400000.0625,-400000.0625,-400000.0625
109.05559515953064,-400000.0625,-400000.0625,-400000.0625,-400000.0625,-400000.0625,-400000.0625,-400000.0625,-400000.0625
109.0555989742279,-400000.0625,-400000.0625,-400000.0625,-400000.0625,-400000.0625,-400000.0625,-400000.0625,-400000.0625
109.05560231208801,-400000.0625,-400000.0625,-400000.0625,-400000.0625,-400000.0625,-400000.0625,-400000.0625,-400000.0625
109.0556058883667,-400000.0625,-400000.0625,-400000.0625,-400000.0625,-400000.0625,-400000.0625,-400000.0625,-400000.0625
109.05560970306396,-400000.0625,-400000.0625,-400000.0625,-400000.0625,-400000.0625,-400000.0625,-400000.0625,-400000.0625
109.05561327934265,-400000.0625,-400000.0625,-400000.0625,-400000.0625,-400000.0625,-400000.0625,-400000.0625,-400000.0625
109.05561685562134,-400000.0625,-400000.0625,-400000.0625,-400000.0625,-400000.0625,-400000.0625,-400000.0625,-400000.0625
109.05562043190002,-400000.0625,-400000.0625,-400000.0625,-400000.0625,-400000.0625,-400000.0625,-400000.0625,-400000.0625
109.05562424659729,-400000.0625,-400000.0625,-400000.0625,-400000.0625,-400000.0625,-400000.0625,-400000.0625,-400000.0625
109.05562782287598,-400000.0625,-400000.0625,-400000.0625,-400000.0625,-400000.0625,-400000.0625,-400000.0625,-400000.0625
109.05563163757324,-400000.0625,-400000.0625,-400000.0625,-400000.0625,-400000.0625,-400000.0625,-400000.0625,-400000.0625
109.11450910568237,-400000.0625,-400000.0625,-400000.0625,-400000.0625,-400000.0625,-400000.0625,-400000.0625,-400000.0625
109.12558078765869,-400000.0625,-400000.0625,-400000.0625,-400000.0625,-400000.0625,-400000.0625,-400000.0625,-400000.0625
109.13102889060974,-400000.0625,-400000.0625,-400000.0625,-400000.0625,-400000.0625,-400000.0625,-400000.0625,-400000.0625
109.13522243499756,-400000.0625,-400000.0625,-400000.0625,-400000.0625,-400000.0625,-400000.0625,-400000.0625,-400000.0625
109.13523197174072,-400000.0625,-400000.0625,-400000.0625,-400000.0625,-400000.0625,-400000.0625,-400000.0625,-400000.0625
109.13523697853088,-400000.0625,-400000.0625,-400000.0625,-400000.0625,-400000.0625,-400000.0625,-400000.0625,-400000.0625
109.13524079322815,-400000.0625,-400000.0625,-400000.0625,-400000.0625,-400000.0625,-400000.0625,-400000.0625,-400000.0625
109.13524460792542,-400000.0625,-400000.0625,-400000.0625,-400000.0625,-400000.0625,-400000.0625,-400000.0625,-400000.0625
109.13524794578552,-400000.0625,-400000.0625,-400000.0625,-400000.0625,-400000.0625,-400000.0625,-400000.0625,-400000.0625
109.13525152206421,-400000.0625,-400000.0625,-400000.0625,-400000.0625,-400000.0625,-400000.0625,-400000.0625,-400000.0625
109.1352550983429,-400000.0625,-400000.0625,-400000.0625,-400000.0625,-400000.0625,-400000.0625,-400000.0625,-400000.0625
109.135258436203,-400000.0625,-400000.0625,-400000.0625,-400000.0625,-400000.0625,-400000.0625,-400000.0625,-400000.0625
109.13526225090027,-400000.0625,-400000.0625,-400000.0625,-400000.0625,-400000.0625,-400000.0625,-400000.0625,-400000.0625
109.13526582717896,-400000.0625,-400000.0625,-400000.0625,-400000.0625,-400000.0625,-400000.0625,-400000.0625,-400000.0625
109.13526964187622,-400000.0625,-400000.0625,-400000.0625,-400000.0625,-400000.0625,-400000.0625,-400000.0625,-400000.0625
109.13527345657349,-400000.0625,-400000.0625,-400000.0625,-400000.0625,-400000.0625,-400000.0625,-400000.0625,-400000.0625
109.17933487892151,-400000.0625,-400000.0625,-400000.0625,-400000.0625,-400000.0625,-400000.0625,-400000.0625,-400000.0625
109.18505215644836,-400000.0625,-400000.0625,-400000.0625,-400000.0625,-400000.0625,-400000.0625,-400000.0625,-400000.0625
109.19002914428711,-400000.0625,-400000.0625,-400000.0625,-400000.0625,-400000.0625,-400000.0625,-400000.0625,-400000.0625
109.1900405883789,-400000.0625,-400000.0625,-400000.0625,-400000.0625,-400000.0625,-400000.0625,-400000.0625,-400000.0625
109.19004535675049,-400000.0625,-400000.0625,-400000.0625,-400000.0625,-400000.0625,-400000.0625,-400000.0625,-400000.0625
109.19004964828491,-400000.0625,-400000.0625,-400000.0625,-400000.0625,-400000.0625,-400000.0625,-400000.0625,-400000.0625
109.19005393981934,-400000.0625,-400000.0625,-400000.0625,-400000.0625,-400000.0625,-400000.0625,-400000.0625,-400000.0625
109.19005751609802,-400000.0625,-400000.0625,-400000.0625,-400000.0625,-400000.0625,-400000.0625,-400000.0625,-400000.0625
109.19006085395813,-400000.0625,-400000.0625,-400000.0625,-400000.0625,-400000.0625,-400000.0625,-400000.0625,-400000.0625
109.19494223594666,-400000.0625,-400000.0625,-400000.0625,-400000.0625,-400000.0625,-400000.0625,-400000.0625,-400000.0625
109.19495248794556,-400000.0625,-400000.0625,-400000.0625,-400000.0625,-400000.0625,-400000.0625,-400000.0625,-400000.0625
109.19495701789856,-400000.0625,-400000.0625,-400000.0625,-400000.0625,-400000.0625,-400000.0625,-400000.0625,-400000.0625
109.19496130943298,-400000.0625,-400000.0625,-400000.0625,-400000.0625,-400000.0625,-400000.0625,-400000.0625,-400000.0625
109.19496512413025,-400000.0625,-400000.0625,-400000.0625,-400000.0625,-400000.0625,-400000.0625,-400000.0625,-400000.0625
109.1949691772461,-400000.0625,-400000.0625,-400000.0625,-400000.0625,-400000.0625,-400000.0625,-400000.0625,-400000.0625
109.19497323036194,-400000.0625,-400000.0625,-400000.0625,-400000.0625,-400000.0625,-400000.0625,-400000.0625,-400000.0625
109.27529716491699,-400000.0625,-400000.0625,-400000.0625,-400000.0625,-400000.0625,-400000.0625,-400000.0625,-400000.0625
109.2854871749878,-400000.0625,-400000.0625,-400000.0625,-400000.0625,-400000.0625,-400000.0625,-400000.0625,-400000.0625
109.28948020935059,-400000.0625,-400000.0625,-400000.0625,-400000.0625,-400000.0625,-400000.0625,-400000.0625,-400000.0625
109.28948712348938,-400000.0625,-400000.0625,-400000.0625,-400000.0625,-400000.0625,-400000.0625,-400000.0625,-400000.0625
109.28949093818665,-400000.0625,-400000.0625,-400000.0625,-400000.0625,-400000.0625,-400000.0625,-400000.0625,-400000.0625
109.28949427604675,-400000.0625,-400000.0625,-400000.0625,-400000.0625,-400000.0625,-400000.0625,-400000.0625,-400000.0625
109.28949761390686,-400000.0625,-400000.0625,-400000.0625,-400000.0625,-400000.0625,-400000.0625,-400000.0625,-400000.0625
109.28950095176697,-400000.0625,-400000.0625,-400000.0625,-400000.0625,-400000.0625,-400000.0625,-400000.0625,-400000.0625
109.2895040512085,-400000.0625,-400000.0625,-400000.0625,-400000.0625,-400000.0625,-400000.0625,-400000.0625,-400000.0625
109.28950715065002,-400000.0625,-400000.0625,-400000.0625,-400000.0625,-400000.0625,-400000.0625,-400000.0625,-400000.0625
109.28951048851013,-400000.0625,-400000.0625,-400000.0625,-400000.0625,-400000.0625,-400000.0625,-400000.0625,-400000.0625
109.28951382637024,-400000.0625,-400000.0625,-400000.0625,-400000.0625,-400000.0625,-400000.0625,-400000.0625,-400000.0625
109.28951692581177,-400000.0625,-400000.0625,-400000.0625,-400000.0625,-400000.0625,-400000.0625,-400000.0625,-400000.0625
109.28952026367188,-400000.0625,-400000.0625,-400000.0625,-400000.0625,-400000.0625,-400000.0625,-400000.0625,-400000.0625
109.2895233631134,-400000.0625,-400000.0625,-400000.0625,-400000.0625,-400000.0625,-400000.0625,-400000.0625,-400000.0625
109.28952646255493,-400000.0625,-400000.0625,-400000.0625,-400000.0625,-400000.0625,-400000.0625,-400000.0625,-400000.0625
109.31050729751587,-400000.0625,-400000.0625,-400000.0625,-400000.0625,-400000.0625,-400000.0625,-400000.0625,-400000.0625
109.31594324111938,-400000.0625,-400000.0625,-400000.0625,-400000.0625,-400000.0625,-400000.0625,-400000.0625,-400000.0625
109.32093954086304,-400000.0625,-400000.0625,-400000.0625,-400000.0625,-400000.0625,-400000.0625,-400000.0625,-400000.0625
109.32095050811768,-400000.0625,-400000.0625,-400000.0625,-400000.0625,-400000.0625,-400000.0625,-400000.0625,-400000.0625
109.32527542114258,-400000.0625,-400000.0625,-400000.0625,-400000.0625,-400000.0625,-400000.0625,-400000.0625,-400000.0625
109.32528495788574,-400000.0625,-400000.0625,-400000.0625,-400000.0625,-400000.0625,-400000.0625,-400000.0625,-400000.0625
109.32528924942017,-400000.0625,-400000.0625,-400000.0625,-400000.0625,-400000.0625,-400000.0625,-400000.0625,-400000.0625
109.32529306411743,-400000.0625,-400000.0625,-400000.0625,-400000.0625,-400000.0625,-400000.0625,-400000.0625,-400000.0625
109.32529711723328,-400000.0625,-400000.0625,-400000.0625,-400000.0625,-400000.0625,-400000.0625,-400000.0625,-400000.0625
109.32530117034912,-400000.0625,-400000.0625,-400000.0625,-400000.0625,-400000.0625,-400000.0625,-400000.0625,-400000.0625
109.32530474662781,-400000.0625,-400000.0625,-400000.0625,-400000.0625,-400000.0625,-400000.0625,-400000.0625,-400000.0625
109.32531023025513,-400000.0625,-400000.0625,-400000.0625,-400000.0625,-400000.0625,-400000.0625,-400000.0625,-400000.0625
109.32531404495239,-400000.0625,-400000.0625,-400000.0625,-400000.0625,-400000.0625,-400000.0625,-400000.0625,-400000.0625
109.32531762123108,-400000.0625,-400000.0625,-400000.0625,-400000.0625,-400000.0625,-400000.0625,-400000.0625,-400000.0625
109.32532119750977,-400000.0625,-400000.0625,-400000.0625,-400000.0625,-400000.0625,-400000.0625,-400000.0625,-400000.0625
109.32532453536987,-400000.0625,-400000.0625,-400000.0625,-400000.0625,-400000.0625,-400000.0625,-400000.0625,-400000.0625
109.37680268287659,-400000.0625,-400000.0625,-400000.0625,-400000.0625,-400000.0625,-400000.0625,-400000.0625,-400000.0625
109.39015054702759,-400000.0625,-400000.0625,-400000.0625,-400000.0625,-400000.0625,-400000.0625,-400000.0625,-400000.0625
109.39640402793884,-400000.0625,-400000.0625,-400000.0625,-400000.0625,-400000.0625,-400000.0625,-400000.0625,-400000.0625
109.40238618850708,-400000.0625,-400000.0625,-400000.0625,-400000.0625,-400000.0625,-400000.0625,-400000.0625,-400000.0625
109.40646076202393,-400000.0625,-400000.0625,-400000.0625,-400000.0625,-400000.0625,-400000.0625,-400000.0625,-400000.0625
109.40647077560425,-400000.0625,-400000.0625,-400000.0625,-400000.0625,-400000.0625,-400000.0625,-400000.0625,-400000.0625
109.40647530555725,-400000.0625,-400000.0625,-400000.0625,-400000.0625,-400000.0625,-400000.0625,-400000.0625,-400000.0625
109.40647959709167,-400000.0625,-400000.0625,-400000.0625,-400000.0625,-400000.0625,-400000.0625,-400000.0625,-400000.0625
109.40648531913757,-400000.0625,-400000.0625,-400000.0625,-400000.0625,-400000.0625,-400000.0625,-400000.0625,-400000.0625
109.40649080276489,-400000.0625,-400000.0625,-400000.0625,-400000.0625,-400000.0625,-400000.0625,-400000.0625,-400000.0625
109.40649557113647,-400000.0625,-400000.0625,-400000.0625,-400000.0625,-400000.0625,-400000.0625,-400000.0625,-400000.0625
109.40650177001953,-400000.0625,-400000.0625,-400000.0625,-400000.0625,-400000.0625,-400000.0625,-400000.0625,-400000.0625
109.40650677680969,-400000.0625,-400000.0625,-400000.0625,-400000.0625,-400000.0625,-400000.0625,-400000.0625,-400000.0625
109.40651082992554,-400000.0625,-400000.0625,-400000.0625,-400000.0625,-400000.0625,-400000.0625,-400000.0625,-400000.0625
109.40651607513428,-400000.0625,-400000.0625,-400000.0625,-400000.0625,-400000.0625,-400000.0625,-400000.0625,-400000.0625
109.40652465820312,-400000.0625,-400000.0625,-400000.0625,-400000.0625,-400000.0625,-400000.0625,-400000.0625,-400000.0625
109.43559908866882,-400000.0625,-400000.0625,-400000.0625,-400000.0625,-400000.0625,-400000.0625,-400000.0625,-400000.0625
109.44040846824646,-400000.0625,-400000.0625,-400000.0625,-400000.0625,-400000.0625,-400000.0625,-400000.0625,-400000.0625
109.44041657447815,-400000.0625,-400000.0625,-400000.0625,-400000.0625,-400000.0625,-400000.0625,-400000.0625,-400000.0625
109.44042086601257,-400000.0625,-400000.0625,-400000.0625,-400000.0625,-400000.0625,-400000.0625,-400000.0625,-400000.0625
109.44042491912842,-400000.0625,-400000.0625,-400000.0625,-400000.0625,-400000.0625,-400000.0625,-400000.0625,-400000.0625
109.44042897224426,-400000.0625,-400000.0625,-400000.0625,-400000.0625,-400000.0625,-400000.0625,-400000.0625,-400000.0625
109.44043278694153,-400000.0625,-400000.0625,-400000.0625,-400000.0625,-400000.0625,-400000.0625,-400000.0625,-400000.0625
109.4404366016388,-400000.0625,-400000.0625,-400000.0625,-400000.0625,-400000.0625,-400000.0625,-400000.0625,-400000.0625
109.44044017791748,-400000.0625,-400000.0625,-400000.0625,-400000.0625,-400000.0625,-400000.0625,-400000.0625,-400000.0625
109.44044375419617,-400000.0625,-400000.0625,-400000.0625,-400000.0625,-400000.0625,-400000.0625,-400000.0625,-400000.0625
109.44044756889343,-400000.0625,-400000.0625,-400000.0625,-400000.0625,-400000.0625,-400000.0625,-400000.0625,-400000.0625
109.44045090675354,-400000.0625,-400000.0625,-400000.0625,-400000.0625,-400000.0625,-400000.0625,-400000.0625,-400000.0625
109.44045448303223,-400000.0625,-400000.0625,-400000.0625,-400000.0625,-400000.0625,-400000.0625,-400000.0625,-400000.0625
109.44045829772949,-400000.0625,-400000.0625,-400000.0625,-400000.0625,-400000.0625,-400000.0625,-400000.0625,-400000.0625
109.44046187400818,-400000.0625,-400000.0625,-400000.0625,-400000.0625,-400000.0625,-400000.0625,-400000.0625,-400000.0625
109.44046545028687,-400000.0625,-400000.0625,-400000.0625,-400000.0625,-400000.0625,-400000.0625,-400000.0625,-400000.0625
109.50178408622742,-400000.0625,-400000.0625,-400000.0625,-400000.0625,-400000.0625,-400000.0625,-400000.0625,-400000.0625
109.51108622550964,-400000.0625,-400000.0625,-400000.0625,-400000.0625,-400000.0625,-400000.0625,-400000.0625,-400000.0625
109.5156626701355,-400000.0625,-400000.0625,-400000.0625,-400000.0625,-400000.0625,-400000.0625,-400000.0625,-400000.0625
109.51567220687866,-400000.0625,-400000.0625,-400000.0625,-400000.0625,-400000.0625,-400000.0625,-400000.0625,-400000.0625
109.51567697525024,-400000.0625,-400000.0625,-400000.0625,-400000.0625,-400000.0625,-400000.0625,-400000.0625,-400000.0625
109.51568150520325,-400000.0625,-400000.0625,-400000.0625,-400000.0625,-400000.0625,-400000.0625,-400000.0625,-400000.0625
109.51568579673767,-400000.0625,-400000.0625,-400000.0625,-400000.0625,-400000.0625,-400000.0625,-400000.0625,-400000.0625
109.51568937301636,-400000.0625,-400000.0625,-400000.0625,-400000.0625,-400000.0625,-400000.0625,-400000.0625,-400000.0625
109.51569294929504,-400000.0625,-400000.0625,-400000.0625,-400000.0625,-400000.0625,-400000.0625,-400000.0625,-400000.0625
109.51569652557373,-400000.0625,-400000.0625,-400000.0625,-400000.0625,-400000.0625,-400000.0625,-400000.0625,-400000.0625
109.51570010185242,-400000.0625,-400000.0625,-400000.0625,-400000.0625,-400000.0625,-400000.0625,-400000.0625,-400000.0625
109.5157036781311,-400000.0625,-400000.0625,-400000.0625,-400000.0625,-400000.0625,-400000.0625,-400000.0625,-400000.0625
109.51570701599121,-400000.0625,-400000.0625,-400000.0625,-400000.0625,-400000.0625,-400000.0625,-400000.0625,-400000.0625
109.5157105922699,-400000.0625,-400000.0625,-400000.0625,-400000.0625,-400000.0625,-400000.0625,-400000.0625,-400000.0625
109.51571416854858,-400000.0625,-400000.0625,-400000.0625,-400000.0625,-400000.0625,-400000.0625,-400000.0625,-400000.0625
109.51571774482727,-400000.0625,-400000.0625,-400000.0625,-400000.0625,-400000.0625,-400000.0625,-400000.0625,-400000.0625
109.56199908256531,-400000.0625,-400000.0625,-400000.0625,-400000.0625,-400000.0625,-400000.0625,-400000.0625,-400000.0625
109.56743884086609,-400000.0625,-400000.0625,-400000.0625,-400000.0625,-400000.0625,-400000.0625,-400000.0625,-400000.0625
109.5719883441925,-400000.0625,-400000.0625,-400000.0625,-400000.0625,-400000.0625,-400000.0625,-400000.0625,-400000.0625
109.57199931144714,-400000.0625,-400000.0625,-400000.0625,-400000.0625,-400000.0625,-400000.0625,-400000.0625,-400000.0625
109.57200384140015,-400000.0625,-400000.0625,-400000.0625,-400000.0625,-400000.0625,-400000.0625,-400000.0625,-400000.0625
109.57200789451599,-400000.0625,-400000.0625,-400000.0625,-400000.0625,-400000.0625,-400000.0625,-400000.0625,-400000.0625
109.57201218605042,-400000.0625,-400000.0625,-400000.0625,-400000.0625,-400000.0625,-400000.0625,-400000.0625,-400000.0625
109.57201623916626,-400000.0625,-400000.0625,-400000.0625,-400000.0625,-400000.0625,-400000.0625,-400000.0625,-400000.0625
109.57201981544495,-400000.0625,-400000.0625,-400000.0625,-400000.0625,-400000.0625,-400000.0625,-400000.0625,-400000.0625
109.57202363014221,-400000.0625,-400000.0625,-400000.0625,-400000.0625,-400000.0625,-400000.0625,-400000.0625,-400000.0625
109.57202768325806,-400000.0625,-400000.0625,-400000.0625,-400000.0625,-400000.0625,-400000.0625,-400000.0625,-400000.0625
109.57203149795532,-400000.0625,-400000.0625,-400000.0625,-400000.0625,-400000.0625,-400000.0625,-400000.0625,-400000.0625
109.57203602790833,-400000.0625,-400000.0625,-400000.0625,-400000.0625,-400000.0625,-400000.0625,-400000.0625,-400000.0625
109.57204008102417,-400000.0625,-400000.0625,-400000.0625,-400000.0625,-400000.0625,-400000.0625,-400000.0625,-400000.0625
109.57204389572144,-400000.0625,-400000.0625,-400000.0625,-400000.0625,-400000.0625,-400000.0625,-400000.0625,-400000.0625
109.5720477104187,-400000.0625,-400000.0625,-400000.0625,-400000.0625,-400000.0625,-400000.0625,-400000.0625,-400000.0625
109.65571403503418,-400000.0625,-400000.0625,-400000.0625,-400000.0625,-400000.0625,-400000.0625,-400000.0625,-400000.0625
109.66567516326904,-400000.0625,-400000.0625,-400000.0625,-400000.0625,-400000.0625,-400000.0625,-400000.0625,-400000.0625
109.67091345787048,-400000.0625,-400000.0625,-400000.0625,-400000.0625,-400000.0625,-400000.0625,-400000.0625,-400000.0625
109.67541527748108,-400000.0625,-400000.0625,-400000.0625,-400000.0625,-400000.0625,-400000.0625,-400000.0625,-400000.0625
109.67542767524719,-400000.0625,-400000.0625,-400000.0625,-400000.0625,-400000.0625,-400000.0625,-400000.0625,-400000.0625
109.67543339729309,-400000.0625,-400000.0625,-400000.0625,-400000.0625,-400000.0625,-400000.0625,-400000.0625,-400000.0625
109.67543745040894,-400000.0625,-400000.0625,-400000.0625,-400000.0625,-400000.0625,-400000.0625,-400000.0625,-400000.0625
109.67544174194336,-400000.0625,-400000.0625,-400000.0625,-400000.0625,-400000.0625,-400000.0625,-400000.0625,-400000.0625
109.6754457950592,-400000.0625,-400000.0625,-400000.0625,-400000.0625,-400000.0625,-400000.0625,-400000.0625,-400000.0625
109.67544960975647,-400000.0625,-400000.0625,-400000.0625,-400000.0625,-400000.0625,-400000.0625,-400000.0625,-400000.0625
109.67545366287231,-400000.0625,-400000.0625,-400000.0625,-400000.0625,-400000.0625,-400000.0625,-400000.0625,-400000.0625
109.67545819282532,-400000.0625,-400000.0625,-400000.0625,-400000.0625,-400000.0625,-400000.0625,-400000.0625,-400000.0625
109.67546248435974,-400000.0625,-400000.0625,-400000.0625,-400000.0625,-400000.0625,-400000.0625,-400000.0625,-400000.0625
109.6754674911499,-400000.0625,-400000.0625,-400000.0625,-400000.0625,-400000.0625,-400000.0625,-400000.0625,-400000.0625
109.67547106742859,-400000.0625,-400000.0625,-400000.0625,-400000.0625,-400000.0625,-400000.0625,-400000.0625,-400000.0625
109.67547559738159,-400000.0625,-400000.0625,-400000.0625,-400000.0625,-400000.0625,-400000.0625,-400000.0625,-400000.0625
109.68934297561646,-400000.0625,-400000.0625,-400000.0625,-400000.0625,-400000.0625,-400000.0625,-400000.0625,-400000.0625
109.69443249702454,-400000.0625,-400000.0625,-400000.0625,-400000.0625,-400000.0625,-400000.0625,-400000.0625,-400000.0625
109.69933438301086,-400000.0625,-400000.0625,-400000.0625,-400000.0625,-400000.0625,-400000.0625,-400000.0625,-400000.0625
109.69934391975403,-400000.0625,-400000.0625,-400000.0625,-400000.0625,-400000.0625,-400000.0625,-400000.0625,-400000.0625
109.69934844970703,-400000.0625,-400000.0625,-400000.0625,-400000.0625,-400000.0625,-400000.0625,-400000.0625,-400000.0625
109.69935274124146,-400000.0625,-400000.0625,-400000.0625,-400000.0625,-400000.0625,-400000.0625,-400000.0625,-400000.0625
109.69935727119446,-400000.0625,-400000.0625,-400000.0625,-400000.0625,-400000.0625,-400000.0625,-400000.0625,-400000.0625
109.6993613243103,-400000.0625,-400000.0625,-400000.0625,-400000.0625,-400000.0625,-400000.0625,-400000.0625,-400000.0625
109.69936537742615,-400000.0625,-400000.0625,-400000.0625,-400000.0625,-400000.0625,-400000.0625,-400000.0625,-400000.0625
109.69936943054199,-400000.0625,-400000.0625,-400000.0625,-400000.0625,-400000.0625,-400000.0625,-400000.0625,-400000.0625
109.69937372207642,-400000.0625,-400000.0625,-400000.0625,-400000.0625,-400000.0625,-400000.0625,-400000.0625,-400000.0625
109.69937801361084,-400000.0625,-400000.0625,-400000.0625,-400000.0625,-400000.0625,-400000.0625,-400000.0625,-400000.0625
109.6993818283081,-400000.0625,-400000.0625,-400000.0625,-400000.0625,-400000.0625,-400000.0625,-400000.0625,-400000.0625
109.69938564300537,-400000.0625,-400000.0625,-400000.0625,-400000.0625,-400000.0625,-400000.0625,-400000.0625,-400000.0625
109.69938921928406,-400000.0625,-400000.0625,-400000.0625,-400000.0625,-400000.0625,-400000.0625,-400000.0625,-400000.0625
109.69939303398132,-400000.0625,-400000.0625,-400000.0625,-400000.0625,-400000.0625,-400000.0625,-400000.0625,-400000.0625
109.75436472892761,-400000.0625,-400000.0625,-400000.0625,-400000.0625,-400000.0625,-400000.0625,-400000.0625,-400000.0625
109.75984501838684,-400000.0625,-400000.0625,-400000.0625,-400000.0625,-400000.0625,-400000.0625,-400000.0625,-400000.0625
109.7689266204834,-400000.0625,-400000.0625,-400000.0625,-400000.0625,-400000.0625,-400000.0625,-400000.0625,-400000.0625
109.77331948280334,-400000.0625,-400000.0625,-400000.0625,-400000.0625,-400000.0625,-400000.0625,-400000.0625,-400000.0625
109.77332925796509,-400000.0625,-400000.0625,-400000.0625,-400000.0625,-400000.0625,-400000.0625,-400000.0625,-400000.0625
109.77333331108093,-400000.0625,-400000.0625,-400000.0625,-400000.0625,-400000.0625,-400000.0625,-400000.0625,-400000.0625
109.7733371257782,-400000.0625,-400000.0625,-400000.0625,-400000.0625,-400000.0625,-400000.0625,-400000.0625,-400000.0625
109.77334070205688,-400000.0625,-400000.0625,-400000.0625,-400000.0625,-400000.0625,-400000.0625,-400000.0625,-400000.0625
109.77334451675415,-400000.0625,-400000.0625,-400000.0625,-400000.0625,-400000.0625,-400000.0625,-400000.0625,-400000.0625
109.77334833145142,-400000.0625,-400000.0625,-400000.0625,-400000.0625,-400000.0625,-400000.0625,-400000.0625,-400000.0625
109.7733519077301,-400000.0625,-400000.0625,-400000.0625,-400000.0625,-400000.0625,-400000.0625,-400000.0625,-400000.0625
109.77335548400879,-400000.0625,-400000.0625,-400000.0625,-400000.0625,-400000.0625,-400000.0625,-400000.0625,-400000.0625
109.7733588218689,-400000.0625,-400000.0625,-400000.0625,-400000.0625,-400000.0625,-400000.0625,-400000.0625,-400000.0625
109.77336287498474,-400000.0625,-400000.0625,-400000.0625,-400000.0625,-400000.0625,-400000.0625,-400000.0625,-400000.0625
109.77336597442627,-400000.0625,-400000.0625,-400000.0625,-400000.0625,-400000.0625,-400000.0625,-400000.0625,-400000.0625
109.77337145805359,-400000.0625,-400000.0625,-400000.0625,-400000.0625,-400000.0625,-400000.0625,-400000.0625,-400000.0625
109.82505536079407,-400000.0625,-400000.0625,-400000.0625,-400000.0625,-400000.0625,-400000.0625,-400000.0625,-400000.0625
109.83080863952637,-400000.0625,-400000.0625,-400000.0625,-400000.0625,-400000.0625,-400000.0625,-400000.0625,-400000.0625
109.83530616760254,-400000.0625,-400000.0625,-400000.0625,-400000.0625,-400000.0625,-400000.0625,-400000.0625,-400000.0625
109.83531594276428,-400000.0625,-400000.0625,-400000.0625,-400000.0625,-400000.0625,-400000.0625,-400000.0625,-400000.0625
109.8353202342987,-400000.0625,-400000.0625,-400000.0625,-400000.0625,-400000.0625,-400000.0625,-400000.0625,-400000.0625
109.83532428741455,-400000.0625,-400000.0625,-400000.0625,-400000.0625,-400000.0625,-400000.0625,-400000.0625,-400000.0625
109.83532762527466,-400000.0625,-400000.0625,-400000.0625,-400000.0625,-400000.0625,-400000.0625,-400000.0625,-400000.0625
109.83533120155334,-400000.0625,-400000.0625,-400000.0625,-400000.0625,-400000.0625,-400000.0625,-400000.0625,-400000.0625
109.83533477783203,-400000.0625,-400000.0625,-400000.0625,-400000.0625,-400000.0625,-400000.0625,-400000.0625,-400000.0625
109.83533835411072,-400000.0625,-400000.0625,-400000.0625,-400000.0625,-400000.0625,-400000.0625,-400000.0625,-400000.0625
109.8353419303894,-400000.0625,-400000.0625,-400000.0625,-400000.0625,-400000.0625,-400000.0625,-400000.0625,-400000.0625
109.83534550666809,-400000.0625,-400000.0625,-400000.0625,-400000.0625,-400000.0625,-400000.0625,-400000.0625,-400000.0625
109.83534908294678,-400000.0625,-400000.0625,-400000.0625,-400000.0625,-400000.0625,-400000.0625,-400000.0625,-400000.0625
109.83535242080688,-400000.0625,-400000.0625,-400000.0625,-400000.0625,-400000.0625,-400000.0625,-400000.0625,-400000.0625
109.83535575866699,-400000.0625,-400000.0625,-400000.0625,-400000.0625,-400000.0625,-400000.0625,-400000.0625,-400000.0625
109.83535957336426,-400000.0625,-400000.0625,-400000.0625,-400000.0625,-400000.0625,-400000.0625,-400000.0625,-400000.0625
109.90194416046143,-400000.0625,-400000.0625,-400000.0625,-400000.0625,-400000.0625,-400000.0625,-400000.0625,-400000.0625
109.91106104850769,-400000.0625,-400000.0625,-400000.0625,-400000.0625,-400000.0625,-400000.0625,-400000.0625,-400000.0625
109.91566801071167,-400000.0625,-400000.0625,-400000.0625,-400000.0625,-400000.0625,-400000.0625,-400000.0625,-400000.0625
109.91567945480347,-400000.0625,-400000.0625,-400000.0625,-400000.0625,-400000.0625,-400000.0625,-400000.0625,-400000.0625
109.91568422317505,-400000.0625,-400000.0625,-400000.0625,-400000.0625,-400000.0625,-400000.0625,-400000.0625,-400000.0625
109.91568922996521,-400000.0625,-400000.0625,-400000.0625,-400000.0625,-400000.0625,-400000.0625,-400000.0625,-400000.0625
109.91569328308105,-400000.0625,-400000.0625,-400000.0625,-400000.0625,-400000.0625,-400000.0625,-400000.0625,-400000.0625
109.9156973361969,-400000.0625,-400000.0625,-400000.0625,-400000.0625,-400000.0625,-400000.0625,-400000.0625,-400000.0625
109.91570115089417,-400000.0625,-400000.0625,-400000.0625,-400000.0625,-400000.0625,-400000.0625,-400000.0625,-400000.0625
109.91570472717285,-400000.0625,-400000.0625,-400000.0625,-400000.0625,-400000.0625,-400000.0625,-400000.0625,-400000.0625
109.91570854187012,-400000.0625,-400000.0625,-400000.0625,-400000.0625,-400000.0625,-400000.0625,-400000.0625,-400000.0625
109.91571426391602,-400000.0625,-400000.0625,-400000.0625,-400000.0625,-400000.0625,-400000.0625,-400000.0625,-400000.0625
109.91571855545044,-400000.0625,-400000.0625,-400000.0625,-400000.0625,-400000.0625,-400000.0625,-400000.0625,-400000.0625
109.91572284698486,-400000.0625,-400000.0625,-400000.0625,-400000.0625,-400000.0625,-400000.0625,-400000.0625,-400000.0625
109.91572666168213,-400000.0625,-400000.0625,-400000.0625,-400000.0625,-400000.0625,-400000.0625,-400000.0625,-400000.0625
109.91573071479797,-400000.0625,-400000.0625,-400000.0625,-400000.0625,-400000.0625,-400000.0625,-400000.0625,-400000.0625
109.98328566551208,-400000.0625,-400000.0625,-400000.0625,-400000.0625,-400000.0625,-400000.0625,-400000.0625,-400000.0625
109.98819494247437,-400000.0625,-400000.0625,-400000.0625,-400000.0625,-400000.0625,-400000.0625,-400000.0625,-400000.0625
109.98820471763611,-400000.0625,-400000.0625,-400000.0625,-400000.0625,-400000.0625,-400000.0625,-400000.0625,-400000.0625
109.98820948600769,-400000.0625,-400000.0625,-400000.0625,-400000.0625,-400000.0625,-400000.0625,-400000.0625,-400000.0625
109.98821353912354,-400000.0625,-400000.0625,-400000.0625,-400000.0625,-400000.0625,-400000.0625,-400000.0625,-400000.0625
109.9882173538208,-400000.0625,-400000.0625,-400000.0625,-400000.0625,-400000.0625,-400000.0625,-400000.0625,-400000.0625
109.98822116851807,-400000.0625,-400000.0625,-400000.0625,-400000.0625,-400000.0625,-400000.0625,-400000.0625,-400000.0625
109.98822474479675,-400000.0625,-400000.0625,-400000.0625,-400000.0625,-400000.0625,-400000.0625,-400000.0625,-400000.0625
109.98822808265686,-400000.0625,-400000.0625,-400000.0625,-400000.0625,-400000.0625,-400000.0625,-400000.0625,-400000.0625
109.98823261260986,-400000.0625,-400000.0625,-400000.0625,-400000.0625,-400000.0625,-400000.0625,-400000.0625,-400000.0625
109.98823666572571,-400000.0625,-400000.0625,-400000.0625,-400000.0625,-400000.0625,-400000.0625,-400000.0625,-400000.0625
109.98824048042297,-400000.0625,-400000.0625,-400000.0625,-400000.0625,-400000.0625,-400000.0625,-400000.0625,-400000.0625
109.98824453353882,-400000.0625,-400000.0625,-400000.0625,-400000.0625,-400000.0625,-400000.0625,-400000.0625,-400000.0625
109.9882481098175,-400000.0625,-400000.0625,-400000.0625,-400000.0625,-400000.0625,-400000.0625,-400000.0625,-400000.0625
109.98825192451477,-400000.0625,-400000.0625,-400000.0625,-400000.0625,-400000.0625,-400000.0625,-400000.0625,-400000.0625
109.98825597763062,-400000.0625,-400000.0625,-400000.0625,-400000.0625,-400000.0625,-400000.0625,-400000.0625,-400000.0625
110.04698896408081,-400000.0625,-400000.0625,-400000.0625,-400000.0625,-400000.0625,-400000.0625,-400000.0625,-400000.0625
110.05604767799377,-400000.0625,-400000.0625,-400000.0625,-400000.0625,-400000.0625,-400000.0625,-400000.0625,-400000.0625
110.06091356277466,-400000.0625,-400000.0625,-400000.0625,-400000.0625,-400000.0625,-400000.0625,-400000.0625,-400000.0625
110.06092405319214,-400000.0625,-400000.0625,-400000.0625,-400000.0625,-400000.0625,-400000.0625,-400000.0625,-400000.0625
110.06092858314514,-400000.0625,-400000.0625,-400000.0625,-400000.0625,-400000.0625,-400000.0625,-400000.0625,-400000.0625
110.06093239784241,-400000.0625,-400000.0625,-400000.0625,-400000.0625,-400000.0625,-400000.0625,-400000.0625,-400000.0625
110.0609359741211,-400000.0625,-400000.0625,-400000.0625,-400000.0625,-400000.0625,-400000.0625,-400000.0625,-400000.0625
110.06093978881836,-400000.0625,-400000.0625,-400000.0625,-400000.0625,-400000.0625,-400000.0625,-400000.0625,-400000.0625
110.06094336509705,-400000.0625,-400000.0625,-400000.0625,-400000.0625,-400000.0625,-400000.0625,-400000.0625,-400000.0625
110.06094694137573,-400000.0625,-400000.0625,-400000.0625,-400000.0625,-400000.0625,-400000.0625,-400000.0625,-400000.0625
110.06095051765442,-400000.0625,-400000.0625,-400000.0625,-400000.0625,-400000.0625,-400000.0625,-400000.0625,-400000.0625
110.06095480918884,-400000.0625,-400000.0625,-400000.0625,-400000.0625,-400000.0625,-400000.0625,-400000.0625,-400000.0625
110.06095862388611,-400000.0625,-400000.0625,-400000.0625,-400000.0625,-400000.0625,-400000.0625,-400000.0625,-400000.0625
110.06096267700195,-400000.0625,-400000.0625,-400000.0625,-400000.0625,-400000.0625,-400000.0625,-400000.0625,-400000.0625
110.06096625328064,-400000.0625,-400000.0625,-400000.0625,-400000.0625,-400000.0625,-400000.0625,-400000.0625,-400000.0625
110.06096982955933,-400000.0625,-400000.0625,-400000.0625,-400000.0625,-400000.0625,-400000.0625,-400000.0625,-400000.0625
110.08079552650452,-400000.0625,-400000.0625,-400000.0625,-400000.0625,-400000.0625,-400000.0625,-400000.0625,-400000.0625
110.08600735664368,-400000.0625,-400000.0625,-400000.0625,-400000.0625,-400000.0625,-400000.0625,-400000.0625,-400000.0625
110.09043836593628,-400000.0625,-400000.0625,-400000.0625,-400000.0625,-400000.0625,-400000.0625,-400000.0625,-400000.0625
110.09044861793518,-400000.0625,-400000.0625,-400000.0625,-400000.0625,-400000.0625,-400000.0625,-400000.0625,-400000.0625
110.09045338630676,-400000.0625,-400000.0625,-400000.0625,-400000.0625,-400000.0625,-400000.0625,-400000.0625,-400000.0625
110.09045767784119,-400000.0625,-400000.0625,-400000.0625,-400000.0625,-400000.0625,-400000.0625,-400000.0625,-400000.0625
110.09046125411987,-400000.0625,-400000.0625,-400000.0625,-400000.0625,-400000.0625,-400000.0625,-400000.0625,-400000.0625
110.09046483039856,-400000.0625,-400000.0625,-400000.0625,-400000.0625,-400000.0625,-400000.0625,-400000.0625,-400000.0625
110.09046864509583,-400000.0625,-400000.0625,-400000.0625,-400000.0625,-400000.0625,-400000.0625,-400000.0625,-400000.0625
110.09047245979309,-400000.0625,-400000.0625,-400000.0625,-400000.0625,-400000.0625,-400000.0625,-400000.0625,-400000.0625
110.0904769897461,-400000.0625,-400000.0625,-400000.0625,-400000.0625,-400000.0625,-400000.0625,-400000.0625,-400000.0625
110.09048056602478,-400000.0625,-400000.0625,-400000.0625,-400000.0625,-400000.0625,-400000.0625,-400000.0625,-400000.0625
110.09048461914062,-400000.0625,-400000.0625,-400000.0625,-400000.0625,-400000.0625,-400000.0625,-400000.0625,-400000.0625
110.09048819541931,-400000.0625,-400000.0625,-400000.0625,-400000.0625,-400000.0625,-400000.0625,-400000.0625,-400000.0625
110.090491771698,-400000.0625,-400000.0625,-400000.0625,-400000.0625,-400000.0625,-400000.0625,-400000.0625,-400000.0625
110.09049558639526,-400000.0625,-400000.0625,-400000.0625,-400000.0625,-400000.0625,-400000.0625,-400000.0625,-400000.0625
110.15196371078491,-400000.0625,-400000.0625,-400000.0625,-400000.0625,-400000.0625,-400000.0625,-400000.0625,-400000.0625
110.20805501937866,-400000.0625,-400000.0625,-400000.0625,-400000.0625,-400000.0625,-400000.0625,-400000.0625,-400000.0625
110.27481746673584,-400000.0625,-400000.0625,-400000.0625,-400000.0625,-400000.0625,-400000.0625,-400000.0625,-400000.0625
110.3657066822052,-400000.0625,-400000.0625,-400000.0625,-400000.0625,-400000.0625,-400000.0625,-400000.0625,-400000.0625
110.39818596839905,-400000.0625,-400000.0625,-400000.0625,-400000.0625,-400000.0625,-400000.0625,-400000.0625,-400000.0625
110.45807003974915,-400000.0625,-400000.0625,-400000.0625,-400000.0625,-400000.0625,-400000.0625,-400000.0625,-400000.0625
110.52455949783325,-400000.0625,-400000.0625,-400000.0625,-400000.0625,-400000.0625,-400000.0625,-400000.0625,-400000.0625
110.62450623512268,-400000.0625,-400000.0625,-400000.0625,-400000.0625,-400000.0625,-400000.0625,-400000.0625,-400000.0625
110.65578269958496,-400000.0625,-400000.0625,-400000.0625,-400000.0625,-400000.0625,-400000.0625,-400000.0625,-400000.0625
110.77931666374207,-400000.0625,-400000.0625,-400000.0625,-400000.0625,-400000.0625,-400000.0625,-400000.0625,-400000.0625
110.8494656085968,-400000.0625,-400000.0625,-400000.0625,-400000.0625,-400000.0625,-400000.0625,-400000.0625,-400000.0625
110.90847325325012,-400000.0625,-400000.0625,-400000.0625,-400000.0625,-400000.0625,-400000.0625,-400000.0625,-400000.0625
110.97589492797852,-400000.0625,-400000.0625,-400000.0625,-400000.0625,-400000.0625,-400000.0625,-400000.0625,-400000.0625
111.08451390266418,-400000.0625,-400000.0625,-400000.0625,-400000.0625,-400000.0625,-400000.0625,-400000.0625,-400000.0625
111.11067056655884,-400000.0625,-400000.0625,-400000.0625,-400000.0625,-400000.0625,-400000.0625,-400000.0625,-400000.0625
111.16614603996277,-400000.0625,-400000.0625,-400000.0625,-400000.0625,-400000.0625,-400000.0625,-400000.0625,-400000.0625
111.26814436912537,-400000.0625,-400000.0625,-400000.0625,-400000.0625,-400000.0625,-400000.0625,-400000.0625,-400000.0625
111.29076790809631,-400000.0625,-400000.0625,-400000.0625,-400000.0625,-400000.0625,-400000.0625,-400000.0625,-400000.0625
111.45881772041321,-400000.0625,-400000.0625,-400000.0625,-400000.0625,-400000.0625,-400000.0625,-400000.0625,-400000.0625
111.48924946784973,-400000.0625,-400000.0625,-400000.0625,-400000.0625,-400000.0625,-400000.0625,-400000.0625,-400000.0625
111.54686880111694,-400000.0625,-400000.0625,-400000.0625,-400000.0625,-400000.0625,-400000.0625,-400000.0625,-400000.0625
111.61198210716248,-400000.0625,-400000.0625,-400000.0625,-400000.0625,-400000.0625,-400000.0625,-400000.0625,-400000.0625
111.6770761013031,-400000.0625,-400000.0625,-400000.0625,-400000.0625,-400000.0625,-400000.0625,-400000.0625,-400000.0625
111.83128094673157,-400000.0625,-400000.0625,-400000.0625,-400000.0625,-400000.0625,-400000.0625,-400000.0625,-400000.0625
111.8657066822052,-400000.0625,-400000.0625,-400000.0625,-400000.0625,-400000.0625,-400000.0625,-400000.0625,-400000.0625
111.93581938743591,-400000.0625,-400000.0625,-400000.0625,-400000.0625,-400000.0625,-400000.0625,-400000.0625,-400000.0625
111.99468612670898,-400000.0625,-400000.0625,-400000.0625,-400000.0625,-400000.0625,-400000.0625,-400000.0625,-400000.0625
112.06155753135681,-400000.0625,-400000.0625,-400000.0625,-400000.0625,-400000.0625,-400000.0625,-400000.0625,-400000.0625
112.12592554092407,-400000.0625,-400000.0625,-400000.0625,-400000.0625,-400000.0625,-400000.0625,-400000.0625,-400000.0625
112.21926307678223,-400000.0625,-400000.0625,-400000.0625,-400000.0625,-400000.0625,-400000.0625,-400000.0625,-400000.0625
112.25054335594177,-400000.0625,-400000.0625,-400000.0625,-400000.0625,-400000.0625,-400000.0625,-400000.0625,-400000.0625
112.3181722164154,-400000.0625,-400000.0625,-400000.0625,-400000.0625,-400000.0625,-400000.0625,-400000.0625,-400000.0625
112.3902976512909,-400000.0625,-400000.0625,-400000.0625,-400000.0625,-400000.0625,-400000.0625,-400000.0625,-400000.0625
112.44629788398743,-400000.0625,-400000.0625,-400000.0625,-400000.0625,-400000.0625,-400000.0625,-400000.0625,-400000.0625
112.61186695098877,-400000.0625,-400000.0625,-400000.0625,-400000.0625,-400000.0625,-400000.0625,-400000.0625,-400000.0625
112.6368498802185,-400000.0625,-400000.0625,-400000.0625,-400000.0625,-400000.0625,-400000.0625,-400000.0625,-400000.0625
112.63692927360535,-400000.0625,-400000.0625,-400000.0625,-400000.0625,-400000.0625,-400000.0625,-400000.0625,-400000.0625
112.63693404197693,-400000.0625,-400000.0625,-400000.0625,-400000.0625,-400000.0625,-400000.0625,-400000.0625,-400000.0625
112.63693809509277,-400000.0625,-400000.0625,-400000.0625,-400000.0625,-400000.0625,-400000.0625,-400000.0625,-400000.0625
112.63694190979004,-400000.0625,-400000.0625,-400000.0625,-400000.0625,-400000.0625,-400000.0625,-400000.0625,-400000.0625
112.63694548606873,-400000.0625,-400000.0625,-400000.0625,-400000.0625,-400000.0625,-400000.0625,-400000.0625,-400000.0625
112.63694906234741,-400000.0625,-400000.0625,-400000.0625,-400000.0625,-400000.0625,-400000.0625,-400000.0625,-400000.0625
112.6369526386261,-400000.0625,-400000.0625,-400000.0625,-400000.0625,-400000.0625,-400000.0625,-400000.0625,-400000.0625
112.63695621490479,-400000.0625,-400000.0625,-400000.0625,-400000.0625,-400000.0625,-400000.0625,-400000.0625,-400000.0625
112.63696002960205,-400000.0625,-400000.0625,-400000.0625,-400000.0625,-400000.0625,-400000.0625,-400000.0625,-400000.0625
112.63696360588074,-400000.0625,-400000.0625,-400000.0625,-400000.0625,-400000.0625,-400000.0625,-400000.0625,-400000.0625
112.63696718215942,-400000.0625,-400000.0625,-400000.0625,-400000.0625,-400000.0625,-400000.0625,-400000.0625,-400000.0625
112.63697099685669,-400000.0625,-400000.0625,-400000.0625,-400000.0625,-400000.0625,-400000.0625,-400000.0625,-400000.0625
112.63697481155396,-400000.0625,-400000.0625,-400000.0625,-400000.0625,-400000.0625,-400000.0625,-400000.0625,-400000.0625
112.63697838783264,-400000.0625,-400000.0625,-400000.0625,-400000.0625,-400000.0625,-400000.0625,-400000.0625,-400000.0625
112.63698244094849,-400000.0625,-400000.0625,-400000.0625,-400000.0625,-400000.0625,-400000.0625,-400000.0625,-400000.0625
112.70437812805176,-400000.0625,-400000.0625,-400000.0625,-400000.0625,-400000.0625,-400000.0625,-400000.0625,-400000.0625
112.71029567718506,-400000.0625,-400000.0625,-400000.0625,-400000.0625,-400000.0625,-400000.0625,-400000.0625,-400000.0625
112.71504259109497,-400000.0625,-400000.0625,-400000.0625,-400000.0625,-400000.0625,-400000.0625,-400000.0625,-400000.0625
112.71941208839417,-400000.0625,-400000.0625,-400000.0625,-400000.0625,-400000.0625,-400000.0625,-400000.0625,-400000.0625
112.72355055809021,-400000.0625,-400000.0625,-400000.0625,-400000.0625,-400000.0625,-400000.0625,-400000.0625,-400000.0625
112.723557472229,-400000.0625,-400000.0625,-400000.0625,-400000.0625,-400000.0625,-400000.0625,-400000.0625,-400000.0625
112.723562002182,-400000.0625,-400000.0625,-400000.0625,-400000.0625,-400000.0625,-400000.0625,-400000.0625,-400000.0625
112.72356581687927,-400000.0625,-400000.0625,-400000.0625,-400000.0625,-400000.0625,-400000.0625,-400000.0625,-400000.0625
112.72356939315796,-400000.0625,-400000.0625,-400000.0625,-400000.0625,-400000.0625,-400000.0625,-400000.0625,-400000.0625
112.72357320785522,-400000.0625,-400000.0625,-400000.0625,-400000.0625,-400000.0625,-400000.0625,-400000.0625,-400000.0625
112.72357726097107,-400000.0625,-400000.0625,-400000.0625,-400000.0625,-400000.0625,-400000.0625,-400000.0625,-400000.0625
112.72358083724976,-400000.0625,-400000.0625,-400000.0625,-400000.0625,-400000.0625,-400000.0625,-400000.0625,-400000.0625
112.72358441352844,-400000.0625,-400000.0625,-400000.0625,-400000.0625,-400000.0625,-400000.0625,-400000.0625,-400000.0625
112.72358798980713,-400000.0625,-400000.0625,-400000.0625,-400000.0625,-400000.0625,-400000.0625,-400000.0625,-400000.0625
112.72359156608582,-400000.0625,-400000.0625,-400000.0625,-400000.0625,-400000.0625,-400000.0625,-400000.0625,-400000.0625
112.72359538078308,-400000.0625,-400000.0625,-400000.0625,-400000.0625,-400000.0625,-400000.0625,-400000.0625,-400000.0625
112.76170682907104,-400000.0625,-400000.0625,-400000.0625,-400000.0625,-400000.0625,-400000.0625,-400000.0625,-400000.0625
112.76620483398438,-400000.0625,-400000.0625,-400000.0625,-400000.0625,-400000.0625,-400000.0625,-400000.0625,-400000.0625
112.76621198654175,-400000.0625,-400000.0625,-400000.0625,-400000.0625,-400000.0625,-400000.0625,-400000.0625,-400000.0625
112.76621603965759,-400000.0625,-400000.0625,-400000.0625,-400000.0625,-400000.0625,-400000.0625,-400000.0625,-400000.0625
112.76621961593628,-400000.0625,-400000.0625,-400000.0625,-400000.0625,-400000.0625,-400000.0625,-400000.0625,-400000.0625
112.76622319221497,-400000.0625,-400000.0625,-400000.0625,-400000.0625,-400000.0625,-400000.0625,-400000.0625,-400000.0625
112.76622676849365,-400000.0625,-400000.0625,-400000.0625,-400000.0625,-400000.0625,-400000.0625,-400000.0625,-400000.0625
112.76623034477234,-400000.0625,-400000.0625,-400000.0625,-400000.0625,-400000.0625,-400000.0625,-400000.0625,-400000.0625
112.7662341594696,-400000.0625,-400000.0625,-400000.0625,-400000.0625,-400000.0625,-400000.0625,-400000.0625,-400000.0625
112.76623773574829,-400000.0625,-400000.0625,-400000.0625,-400000.0625,-400000.0625,-400000.0625,-400000.0625,-400000.0625
112.76624155044556,-400000.0625,-400000.0625,-400000.0625,-400000.0625,-400000.0625,-400000.0625,-400000.0625,-400000.0625
112.7662456035614,-400000.0625,-400000.0625,-400000.0625,-400000.0625,-400000.0625,-400000.0625,-400000.0625,-400000.0625
112.76624894142151,-400000.0625,-400000.0625,-400000.0625,-400000.0625,-400000.0625,-400000.0625,-400000.0625,-400000.0625
112.76625275611877,-400000.0625,-400000.0625,-400000.0625,-400000.0625,-400000.0625,-400000.0625,-400000.0625,-400000.0625
112.76625657081604,-400000.0625,-400000.0625,-400000.0625,-400000.0625,-400000.0625,-400000.0625,-400000.0625,-400000.0625
112.76626014709473,-400000.0625,-400000.0625,-400000.0625,-400000.0625,-400000.0625,-400000.0625,-400000.0625,-400000.0625
112.82944631576538,-400000.0625,-400000.0625,-400000.0625,-400000.0625,-400000.0625,-400000.0625,-400000.0625,-400000.0625
112.83856129646301,-400000.0625,-400000.0625,-400000.0625,-400000.0625,-400000.0625,-400000.0625,-400000.0625,-400000.0625
112.8429274559021,-400000.0625,-400000.0625,-400000.0625,-400000.0625,-400000.0625,-400000.0625,-400000.0625,-400000.0625
112.84294033050537,-400000.0625,-400000.0625,-400000.0625,-400000.0625,-400000.0625,-400000.0625,-400000.0625,-400000.0625
112.84294843673706,-400000.0625,-400000.0625,-400000.0625,-400000.0625,-400000.0625,-400000.0625,-400000.0625,-400000.0625
112.84295606613159,-400000.0625,-400000.0625,-400000.0625,-400000.0625,-400000.0625,-400000.0625,-400000.0625,-400000.0625
112.84296345710754,-400000.0625,-400000.0625,-400000.0625,-400000.0625,-400000.0625,-400000.0625,-400000.0625,-400000.0625
112.84297060966492,-400000.0625,-400000.0625,-400000.0625,-400000.0625,-400000.0625,-400000.0625,-400000.0625,-400000.0625
112.84297823905945,-400000.0625,-400000.0625,-400000.0625,-400000.0625,-400000.0625,-400000.0625,-400000.0625,-400000.0625
112.84298491477966,-400000.0625,-400000.0625,-400000.0625,-400000.0625,-400000.0625,-400000.0625,-400000.0625,-400000.0625
112.8429925441742,-400000.0625,-400000.0625,-400000.0625,-400000.0625,-400000.0625,-400000.0625,-400000.0625,-400000.0625
112.84299993515015,-400000.0625,-400000.0625,-400000.0625,-400000.0625,-400000.0625,-400000.0625,-400000.0625,-400000.0625
112.84300708770752,-400000.0625,-400000.0625,-400000.0625,-400000.0625,-400000.0625,-400000.0625,-400000.0625,-400000.0625
112.84301447868347,-400000.0625,-400000.0625,-400000.0625,-400000.0625,-400000.0625,-400000.0625,-400000.0625,-400000.0625
112.84302163124084,-400000.0625,-400000.0625,-400000.0625,-400000.0625,-400000.0625,-400000.0625,-400000.0625,-400000.0625
112.84305834770203,-400000.0625,-400000.0625,-400000.0625,-400000.0625,-400000.0625,-400000.0625,-400000.0625,-400000.0625
112.94005560874939,-400000.0625,-400000.0625,-400000.0625,-400000.0625,-400000.0625,-400000.0625,-400000.0625,-400000.0625
112.95027565956116,-400000.0625,-400000.0625,-400000.0625,-400000.0625,-400000.0625,-400000.0625,-400000.0625,-400000.0625
112.95432996749878,-400000.0625,-400000.0625,-400000.0625,-400000.0625,-400000.0625,-400000.0625,-400000.0625,-400000.0625
112.95433640480042,-400000.0625,-400000.0625,-400000.0625,-400000.0625,-400000.0625,-400000.0625,-400000.0625,-400000.0625
112.95434021949768,-400000.0625,-400000.0625,-400000.0625,-400000.0625,-400000.0625,-400000.0625,-400000.0625,-400000.0625
112.95434331893921,-400000.0625,-400000.0625,-400000.0625,-400000.0625,-400000.0625,-400000.0625,-400000.0625,-400000.0625
112.95434665679932,-400000.0625,-400000.0625,-400000.0625,-400000.0625,-400000.0625,-400000.0625,-400000.0625,-400000.0625
112.95434999465942,-400000.0625,-400000.0625,-400000.0625,-400000.0625,-400000.0625,-400000.0625,-400000.0625,-400000.0625
112.95435547828674,-400000.0625,-400000.0625,-400000.0625,-400000.0625,-400000.0625,-400000.0625,-400000.0625,-400000.0625
112.95435881614685,-400000.0625,-400000.0625,-400000.0625,-400000.0625,-400000.0625,-400000.0625,-400000.0625,-400000.0625
112.9543616771698,-400000.0625,-400000.0625,-400000.0625,-400000.0625,-400000.0625,-400000.0625,-400000.0625,-400000.0625
112.95436501502991,-400000.0625,-400000.0625,-400000.0625,-400000.0625,-400000.0625,-400000.0625,-400000.0625,-400000.0625
112.95436787605286,-400000.0625,-400000.0625,-400000.0625,-400000.0625,-400000.0625,-400000.0625,-400000.0625,-400000.0625
112.95437121391296,-400000.0625,-400000.0625,-400000.0625,-400000.0625,-400000.0625,-400000.0625,-400000.0625,-400000.0625
112.95437431335449,-400000.0625,-400000.0625,-400000.0625,-400000.0625,-400000.0625,-400000.0625,-400000.0625,-400000.0625
112.95437717437744,-400000.0625,-400000.0625,-400000.0625,-400000.0625,-400000.0625,-400000.0625,-400000.0625,-400000.0625
112.95678186416626,-400000.0625,-400000.0625,-400000.0625,-400000.0625,-400000.0625,-400000.0625,-400000.0625,-400000.0625
112.96210408210754,-400000.0625,-400000.0625,-400000.0625,-400000.0625,-400000.0625,-400000.0625,-400000.0625,-400000.0625
112.96610975265503,-400000.0625,-400000.0625,-400000.0625,-400000.0625,-400000.0625,-400000.0625,-400000.0625,-400000.0625
112.96611618995667,-400000.0625,-400000.0625,-400000.0625,-400000.0625,-400000.0625,-400000.0625,-400000.0625,-400000.0625
112.96611976623535,-400000.0625,-400000.0625,-400000.0625,-400000.0625,-400000.0625,-400000.0625,-400000.0625,-400000.0625
112.96612310409546,-400000.0625,-400000.0625,-400000.0625,-400000.0625,-400000.0625,-400000.0625,-400000.0625,-400000.0625
112.96612644195557,-400000.0625,-400000.0625,-400000.0625,-400000.0625,-400000.0625,-400000.0625,-400000.0625,-400000.0625
112.9661295413971,-400000.0625,-400000.0625,-400000.0625,-400000.0625,-400000.0625,-400000.0625,-400000.0625,-400000.0625
112.96613264083862,-400000.0625,-400000.0625,-400000.0625,-400000.0625,-400000.0625,-400000.0625,-400000.0625,-400000.0625
112.96613597869873,-400000.0625,-400000.0625,-400000.0625,-400000.0625,-400000.0625,-400000.0625,-400000.0625,-400000.0625
112.96613931655884,-400000.0625,-400000.0625,-400000.0625,-400000.0625,-400000.0625,-400000.0625,-400000.0625,-400000.0625
112.96614360809326,-400000.0625,-400000.0625,-400000.0625,-400000.0625,-400000.0625,-400000.0625,-400000.0625,-400000.0625
112.96614694595337,-400000.0625,-400000.0625,-400000.0625,-400000.0625,-400000.0625,-400000.0625,-400000.0625,-400000.0625
112.96615076065063,-400000.0625,-400000.0625,-400000.0625,-400000.0625,-400000.0625,-400000.0625,-400000.0625,-400000.0625
112.9661545753479,-400000.0625,-400000.0625,-400000.0625,-400000.0625,-400000.0625,-400000.0625,-400000.0625,-400000.0625
112.96615815162659,-400000.0625,-400000.0625,-400000.0625,-400000.0625,-400000.0625,-400000.0625,-400000.0625,-400000.0625
113.02355170249939,-400000.0625,-400000.0625,-400000.0625,-400000.0625,-400000.0625,-400000.0625,-400000.0625,-400000.0625
113.02866911888123,-400000.0625,-400000.0625,-400000.0625,-400000.0625,-400000.0625,-400000.0625,-400000.0625,-400000.0625
113.03309226036072,-400000.0625,-400000.0625,-400000.0625,-400000.0625,-400000.0625,-400000.0625,-400000.0625,-400000.0625
113.03310179710388,-400000.0625,-400000.0625,-400000.0625,-400000.0625,-400000.0625,-400000.0625,-400000.0625,-400000.0625
113.03310632705688,-400000.0625,-400000.0625,-400000.0625,-400000.0625,-400000.0625,-400000.0625,-400000.0625,-400000.0625
113.03311061859131,-400000.0625,-400000.0625,-400000.0625,-400000.0625,-400000.0625,-400000.0625,-400000.0625,-400000.0625
113.03311491012573,-400000.0625,-400000.0625,-400000.0625,-400000.0625,-400000.0625,-400000.0625,-400000.0625,-400000.0625
113.03311848640442,-400000.0625,-400000.0625,-400000.0625,-400000.0625,-400000.0625,-400000.0625,-400000.0625,-400000.0625
113.03312277793884,-400000.0625,-400000.0625,-400000.0625,-400000.0625,-400000.0625,-400000.0625,-400000.0625,-400000.0625
113.03312706947327,-400000.0625,-400000.0625,-400000.0625,-400000.0625,-400000.0625,-400000.0625,-400000.0625,-400000.0625
113.03313112258911,-400000.0625,-400000.0625,-400000.0625,-400000.0625,-400000.0625,-400000.0625,-400000.0625,-400000.0625
113.03313493728638,-400000.0625,-400000.0625,-400000.0625,-400000.0625,-400000.0625,-400000.0625,-400000.0625,-400000.0625
113.03313899040222,-400000.0625,-400000.0625,-400000.0625,-400000.0625,-400000.0625,-400000.0625,-400000.0625,-400000.0625
113.03314280509949,-400000.0625,-400000.0625,-400000.0625,-400000.0625,-400000.0625,-400000.0625,-400000.0625,-400000.0625
113.03314685821533,-400000.0625,-400000.0625,-400000.0625,-400000.0625,-400000.0625,-400000.0625,-400000.0625,-400000.0625
113.03315114974976,-400000.0625,-400000.0625,-400000.0625,-400000.0625,-400000.0625,-400000.0625,-400000.0625,-400000.0625
113.10724425315857,-400000.0625,-400000.0625,-400000.0625,-400000.0625,-400000.0625,-400000.0625,-400000.0625,-400000.0625
113.1164538860321,-400000.0625,-400000.0625,-400000.0625,-400000.0625,-400000.0625,-400000.0625,-400000.0625,-400000.0625
113.12151026725769,-400000.0625,-400000.0625,-400000.0625,-400000.0625,-400000.0625,-400000.0625,-400000.0625,-400000.0625
113.15226602554321,-400000.0625,-400000.0625,-400000.0625,-400000.0625,-400000.0625,-400000.0625,-400000.0625,-400000.0625
113.21120190620422,-400000.0625,-400000.0625,-400000.0625,-400000.0625,-400000.0625,-400000.0625,-400000.0625,-400000.0625
113.324223279953,-400000.0625,-400000.0625,-400000.0625,-400000.0625,-400000.0625,-400000.0625,-400000.0625,-400000.0625
113.34089088439941,-400000.0625,-400000.0625,-400000.0625,-400000.0625,-400000.0625,-400000.0625,-400000.0625,-400000.0625
113.40751886367798,-400000.0625,-400000.0625,-400000.0625,-400000.0625,-400000.0625,-400000.0625,-400000.0625,-400000.0625
113.53051781654358,-400000.0625,-400000.0625,-400000.0625,-400000.0625,-400000.0625,-400000.0625,-400000.0625,-400000.0625
113.59569716453552,-400000.0625,-400000.0625,-400000.0625,-400000.0625,-400000.0625,-400000.0625,-400000.0625,-400000.0625
113.69003582000732,-400000.0625,-400000.0625,-400000.0625,-400000.0625,-400000.0625,-400000.0625,-400000.0625,-400000.0625
113.82593107223511,-400000.0625,-400000.0625,-400000.0625,-400000.0625,-400000.0625,-400000.0625,-400000.0625,-400000.0625
113.85837388038635,-400000.0625,-400000.0625,-400000.0625,-400000.0625,-400000.0625,-400000.0625,-400000.0625,-400000.0625
113.91703701019287,-400000.0625,-400000.0625,-400000.0625,-400000.0625,-400000.0625,-400000.0625,-400000.0625,-400000.0625
114.1235864162445,-400000.0625,-400000.0625,-400000.0625,-400000.0625,-400000.0625,-400000.0625,-400000.0625,-400000.0625
114.24831986427307,-400000.0625,-400000.0625,-400000.0625,-400000.0625,-400000.0625,-400000.0625,-400000.0625,-400000.0625
114.3005964756012,-400000.0625,-400000.0625,-400000.0625,-400000.0625,-400000.0625,-400000.0625,-400000.0625,-400000.0625
114.40702319145203,-400000.0625,-400000.0625,-400000.0625,-400000.0625,-400000.0625,-400000.0625,-400000.0625,-400000.0625
114.42720651626587,-400000.0625,-400000.0625,-400000.0625,-400000.0625,-400000.0625,-400000.0625,-400000.0625,-400000.0625
114.491042137146,-400000.0625,-400000.0625,-400000.0625,-400000.0625,-400000.0625,-400000.0625,-400000.0625,-400000.0625
114.55706071853638,-400000.0625,-400000.0625,-400000.0625,-400000.0625,-400000.0625,-400000.0625,-400000.0625,-400000.0625
114.6218204498291,-400000.0625,-400000.0625,-400000.0625,-400000.0625,-400000.0625,-400000.0625,-400000.0625,-400000.0625
114.70633506774902,-400000.0625,-400000.0625,-400000.0625,-400000.0625,-400000.0625,-400000.0625,-400000.0625,-400000.0625
114.7892599105835,-400000.0625,-400000.0625,-400000.0625,-400000.0625,-400000.0625,-400000.0625,-400000.0625,-400000.0625
114.81328320503235,-400000.0625,-400000.0625,-400000.0625,-400000.0625,-400000.0625,-400000.0625,-400000.0625,-400000.0625
114.8792781829834,-400000.0625,-400000.0625,-400000.0625,-400000.0625,-400000.0625,-400000.0625,-400000.0625,-400000.0625
114.94688677787781,-400000.0625,-400000.0625,-400000.0625,-400000.0625,-400000.0625,-400000.0625,-400000.0625,-400000.0625
115.00201392173767,-400000.0625,-400000.0625,-400000.0625,-400000.0625,-400000.0625,-400000.0625,-400000.0625,-400000.0625
115.06950807571411,-400000.0625,-400000.0625,-400000.0625,-400000.0625,-400000.0625,-400000.0625,-400000.0625,-400000.0625
115.15451121330261,-400000.0625,-400000.0625,-400000.0625,-400000.0625,-400000.0625,-400000.0625,-400000.0625,-400000.0625
115.16012907028198,-400000.0625,-400000.0625,-400000.0625,-400000.0625,-400000.0625,-400000.0625,-400000.0625,-400000.0625
115.16485095024109,-400000.0625,-400000.0625,-400000.0625,-400000.0625,-400000.0625,-400000.0625,-400000.0625,-400000.0625
115.16486144065857,-400000.0625,-400000.0625,-400000.0625,-400000.0625,-400000.0625,-400000.0625,-400000.0625,-400000.0625
115.16486620903015,-400000.0625,-400000.0625,-400000.0625,-400000.0625,-400000.0625,-400000.0625,-400000.0625,-400000.0625
115.16487002372742,-400000.0625,-400000.0625,-400000.0625,-400000.0625,-400000.0625,-400000.0625,-400000.0625,-400000.0625
115.1648736000061,-400000.0625,-400000.0625,-400000.0625,-400000.0625,-400000.0625,-400000.0625,-400000.0625,-400000.0625
115.16487765312195,-400000.0625,-400000.0625,-400000.0625,-400000.0625,-400000.0625,-400000.0625,-400000.0625,-400000.0625
115.16488122940063,-400000.0625,-400000.0625,-400000.0625,-400000.0625,-400000.0625,-400000.0625,-400000.0625,-400000.0625
115.1648850440979,-400000.0625,-400000.0625,-400000.0625,-400000.0625,-400000.0625,-400000.0625,-400000.0625,-400000.0625
115.16488885879517,-400000.0625,-400000.0625,-400000.0625,-400000.0625,-400000.0625,-400000.0625,-400000.0625,-400000.0625
115.16489267349243,-400000.0625,-400000.0625,-400000.0625,-400000.0625,-400000.0625,-400000.0625,-400000.0625,-400000.0625
115.1648964881897,-400000.0625,-400000.0625,-400000.0625,-400000.0625,-400000.0625,-400000.0625,-400000.0625,-400000.0625
115.16490054130554,-400000.0625,-400000.0625,-400000.0625,-400000.0625,-400000.0625,-400000.0625,-400000.0625,-400000.0625
115.16490435600281,-400000.0625,-400000.0625,-400000.0625,-400000.0625,-400000.0625,-400000.0625,-400000.0625,-400000.0625
115.16490817070007,-400000.0625,-400000.0625,-400000.0625,-400000.0625,-400000.0625,-400000.0625,-400000.0625,-400000.0625
115.19941067695618,-400000.0625,-400000.0625,-400000.0625,-400000.0625,-400000.0625,-400000.0625,-400000.0625,-400000.0625
115.20904970169067,-400000.0625,-400000.0625,-400000.0625,-400000.0625,-400000.0625,-400000.0625,-400000.0625,-400000.0625
115.21356058120728,-400000.0625,-400000.0625,-400000.0625,-400000.0625,-400000.0625,-400000.0625,-400000.0625,-400000.0625
115.2135705947876,-400000.0625,-400000.0625,-400000.0625,-400000.0625,-400000.0625,-400000.0625,-400000.0625,-400000.0625
115.21357464790344,-400000.0625,-400000.0625,-400000.0625,-400000.0625,-400000.0625,-400000.0625,-400000.0625,-400000.0625
115.21357846260071,-400000.0625,-400000.0625,-400000.0625,-400000.0625,-400000.0625,-400000.0625,-400000.0625,-400000.0625
115.2135820388794,-400000.0625,-400000.0625,-400000.0625,-400000.0625,-400000.0625,-400000.0625,-400000.0625,-400000.0625
115.21358585357666,-400000.0625,-400000.0625,-400000.0625,-400000.0625,-400000.0625,-400000.0625,-400000.0625,-400000.0625
115.21358942985535,-400000.0625,-400000.0625,-400000.0625,-400000.0625,-400000.0625,-400000.0625,-400000.0625,-400000.0625
115.21359324455261,-400000.0625,-400000.0625,-400000.0625,-400000.0625,-400000.0625,-400000.0625,-400000.0625,-400000.0625
115.2135968208313,-400000.0625,-400000.0625,-400000.0625,-400000.0625,-400000.0625,-400000.0625,-400000.0625,-400000.0625
115.21360063552856,-400000.0625,-400000.0625,-400000.0625,-400000.0625,-400000.0625,-400000.0625,-400000.0625,-400000.0625
115.21360445022583,-400000.0625,-400000.0625,-400000.0625,-400000.0625,-400000.0625,-400000.0625,-400000.0625,-400000.0625
115.2136082649231,-400000.0625,-400000.0625,-400000.0625,-400000.0625,-400000.0625,-400000.0625,-400000.0625,-400000.0625
115.21361231803894,-400000.0625,-400000.0625,-400000.0625,-400000.0625,-400000.0625,-400000.0625,-400000.0625,-400000.0625
115.21361589431763,-400000.0625,-400000.0625,-400000.0625,-400000.0625,-400000.0625,-400000.0625,-400000.0625,-400000.0625
115.25839686393738,-400000.0625,-400000.0625,-400000.0625,-400000.0625,-400000.0625,-400000.0625,-400000.0625,-400000.0625
115.26284527778625,-400000.0625,-400000.0625,-400000.0625,-400000.0625,-400000.0625,-400000.0625,-400000.0625,-400000.0625
115.26285600662231,-400000.0625,-400000.0625,-400000.0625,-400000.0625,-400000.0625,-400000.0625,-400000.0625,-400000.0625
115.26286101341248,-400000.0625,-400000.0625,-400000.0625,-400000.0625,-400000.0625,-400000.0625,-400000.0625,-400000.0625
115.2628653049469,-400000.0625,-400000.0625,-400000.0625,-400000.0625,-400000.0625,-400000.0625,-400000.0625,-400000.0625
115.26286935806274,-400000.0625,-400000.0625,-400000.0625,-400000.0625,-400000.0625,-400000.0625,-400000.0625,-400000.0625
115.26287317276001,-400000.0625,-400000.0625,-400000.0625,-400000.0625,-400000.0625,-400000.0625,-400000.0625,-400000.0625
115.2628767490387,-400000.0625,-400000.0625,-400000.0625,-400000.0625,-400000.0625,-400000.0625,-400000.0625,-400000.0625
115.2628800868988,-400000.0625,-400000.0625,-400000.0625,-400000.0625,-400000.0625,-400000.0625,-400000.0625,-400000.0625
115.26288366317749,-400000.0625,-400000.0625,-400000.0625,-400000.0625,-400000.0625,-400000.0625,-400000.0625,-400000.0625
115.26288747787476,-400000.0625,-400000.0625,-400000.0625,-400000.0625,-400000.0625,-400000.0625,-400000.0625,-400000.0625
115.26289105415344,-400000.0625,-400000.0625,-400000.0625,-400000.0625,-400000.0625,-400000.0625,-400000.0625,-400000.0625
115.26289463043213,-400000.0625,-400000.0625,-400000.0625,-400000.0625,-400000.0625,-400000.0625,-400000.0625,-400000.0625
115.2628984451294,-400000.0625,-400000.0625,-400000.0625,-400000.0625,-400000.0625,-400000.0625,-400000.0625,-400000.0625
115.26290321350098,-400000.0625,-400000.0625,-400000.0625,-400000.0625,-400000.0625,-400000.0625,-400000.0625,-400000.0625
115.26290655136108,-400000.0625,-400000.0625,-400000.0625,-400000.0625,-400000.0625,-400000.0625,-400000.0625,-400000.0625
115.32189559936523,-400000.0625,-400000.0625,-400000.0625,-400000.0625,-400000.0625,-400000.0625,-400000.0625,-400000.0625
115.33162999153137,-400000.0625,-400000.0625,-400000.0625,-400000.0625,-400000.0625,-400000.0625,-400000.0625,-400000.0625
115.33668923377991,-400000.0625,-400000.0625,-400000.0625,-400000.0625,-400000.0625,-400000.0625,-400000.0625,-400000.0625
115.34188580513,-400000.0625,-400000.0625,-400000.0625,-400000.0625,-400000.0625,-400000.0625,-400000.0625,-400000.0625
115.34637570381165,-400000.0625,-400000.0625,-400000.0625,-400000.0625,-400000.0625,-400000.0625,-400000.0625,-400000.0625
115.34638476371765,-400000.0625,-400000.0625,-400000.0625,-400000.0625,-400000.0625,-400000.0625,-400000.0625,-400000.0625
115.34638905525208,-400000.0625,-400000.0625,-400000.0625,-400000.0625,-400000.0625,-400000.0625,-400000.0625,-400000.0625
115.34639286994934,-400000.0625,-400000.0625,-400000.0625,-400000.0625,-400000.0625,-400000.0625,-400000.0625,-400000.0625
115.3463966846466,-400000.0625,-400000.0625,-400000.0625,-400000.0625,-400000.0625,-400000.0625,-400000.0625,-400000.0625
115.3464002609253,-400000.0625,-400000.0625,-400000.0625,-400000.0625,-400000.0625,-400000.0625,-400000.0625,-400000.0625
115.34640407562256,-400000.0625,-400000.0625,-400000.0625,-400000.0625,-400000.0625,-400000.0625,-400000.0625,-400000.0625
115.34640765190125,-400000.0625,-400000.0625,-400000.0625,-400000.0625,-400000.0625,-400000.0625,-400000.0625,-400000.0625
115.34641170501709,-400000.0625,-400000.0625,-400000.0625,-400000.0625,-400000.0625,-400000.0625,-400000.0625,-400000.0625
115.34641528129578,-400000.0625,-400000.0625,-400000.0625,-400000.0625,-400000.0625,-400000.0625,-400000.0625,-400000.0625
115.34641933441162,-400000.0625,-400000.0625,-400000.0625,-400000.0625,-400000.0625,-400000.0625,-400000.0625,-400000.0625
115.34642314910889,-400000.0625,-400000.0625,-400000.0625,-400000.0625,-400000.0625,-400000.0625,-400000.0625,-400000.0625
115.39923644065857,-400000.0625,-400000.0625,-400000.0625,-400000.0625,-400000.0625,-400000.0625,-400000.0625,-400000.0625
115.40376377105713,-400000.0625,-400000.0625,-400000.0625,-400000.0625,-400000.0625,-400000.0625,-400000.0625,-400000.0625
115.40377283096313,-400000.0625,-400000.0625,-400000.0625,-400000.0625,-400000.0625,-400000.0625,-400000.0625,-400000.0625
115.40377688407898,-400000.0625,-400000.0625,-400000.0625,-400000.0625,-400000.0625,-400000.0625,-400000.0625,-400000.0625
115.40378046035767,-400000.0625,-400000.0625,-400000.0625,-400000.0625,-400000.0625,-400000.0625,-400000.0625,-400000.0625
115.40378451347351,-400000.0625,-400000.0625,-400000.0625,-400000.0625,-400000.0625,-400000.0625,-400000.0625,-400000.0625
115.4037880897522,-400000.0625,-400000.0625,-400000.0625,-400000.0625,-400000.0625,-400000.0625,-400000.0625,-400000.0625
115.40379166603088,-400000.0625,-400000.0625,-400000.0625,-400000.0625,-400000.0625,-400000.0625,-400000.0625,-400000.0625
115.40379548072815,-400000.0625,-400000.0625,-400000.0625,-400000.0625,-400000.0625,-400000.0625,-400000.0625,-400000.0625
115.40379881858826,-400000.0625,-400000.0625,-400000.0625,-400000.0625,-400000.0625,-400000.0625,-400000.0625,-400000.0625
115.40380263328552,-400000.0625,-400000.0625,-400000.0625,-400000.0625,-400000.0625,-400000.0625,-400000.0625,-400000.0625
115.40380597114563,-400000.0625,-400000.0625,-400000.0625,-400000.0625,-400000.0625,-400000.0625,-400000.0625,-400000.0625
115.40380954742432,-400000.0625,-400000.0625,-400000.0625,-400000.0625,-400000.0625,-400000.0625,-400000.0625,-400000.0625
115.403813123703,-400000.0625,-400000.0625,-400000.0625,-400000.0625,-400000.0625,-400000.0625,-400000.0625,-400000.0625
115.40381717681885,-400000.0625,-400000.0625,-400000.0625,-400000.0625,-400000.0625,-400000.0625,-400000.0625,-400000.0625
115.40382099151611,-400000.0625,-400000.0625,-400000.0625,-400000.0625,-400000.0625,-400000.0625,-400000.0625,-400000.0625
115.45585942268372,-400000.0625,-400000.0625,-400000.0625,-400000.0625,-400000.0625,-400000.0625,-400000.0625,-400000.0625
115.46538376808167,-400000.0625,-400000.0625,-400000.0625,-400000.0625,-400000.0625,-400000.0625,-400000.0625,-400000.0625
115.47029542922974,-400000.0625,-400000.0625,-400000.0625,-400000.0625,-400000.0625,-400000.0625,-400000.0625,-400000.0625
115.47030401229858,-400000.0625,-400000.0625,-400000.0625,-400000.0625,-400000.0625,-400000.0625,-400000.0625,-400000.0625
115.47030782699585,-400000.0625,-400000.0625,-400000.0625,-400000.0625,-400000.0625,-400000.0625,-400000.0625,-400000.0625
115.47031164169312,-400000.0625,-400000.0625,-400000.0625,-400000.0625,-400000.0625,-400000.0625,-400000.0625,-400000.0625
115.4703152179718,-400000.0625,-400000.0625,-400000.0625,-400000.0625,-400000.0625,-400000.0625,-400000.0625,-400000.0625
115.47031903266907,-400000.0625,-400000.0625,-400000.0625,-400000.0625,-400000.0625,-400000.0625,-400000.0625,-400000.0625
115.4703221321106,-400000.0625,-400000.0625,-400000.0625,-400000.0625,-400000.0625,-400000.0625,-400000.0625,-400000.0625
115.47032594680786,-400000.0625,-400000.0625,-400000.0625,-400000.0625,-400000.0625,-400000.0625,-400000.0625,-400000.0625
115.47032904624939,-400000.0625,-400000.0625,-400000.0625,-400000.0625,-400000.0625,-400000.0625,-400000.0625,-400000.0625
115.47033286094666,-400000.0625,-400000.0625,-400000.0625,-400000.0625,-400000.0625,-400000.0625,-400000.0625,-400000.0625
115.4703357219696,-400000.0625,-400000.0625,-400000.0625,-400000.0625,-400000.0625,-400000.0625,-400000.0625,-400000.0625
115.47033929824829,-400000.0625,-400000.0625,-400000.0625,-400000.0625,-400000.0625,-400000.0625,-400000.0625,-400000.0625
115.47034287452698,-400000.0625,-400000.0625,-400000.0625,-400000.0625,-400000.0625,-400000.0625,-400000.0625,-400000.0625
115.47034645080566,-400000.0625,-400000.0625,-400000.0625,-400000.0625,-400000.0625,-400000.0625,-400000.0625,-400000.0625
115.52178287506104,-400000.0625,-400000.0625,-400000.0625,-400000.0625,-400000.0625,-400000.0625,-400000.0625,-400000.0625
115.52796411514282,-400000.0625,-400000.0625,-400000.0625,-400000.0625,-400000.0625,-400000.0625,-400000.0625,-400000.0625
115.53258633613586,-400000.0625,-400000.0625,-400000.0625,-400000.0625,-400000.0625,-400000.0625,-400000.0625,-400000.0625
115.53259682655334,-400000.0625,-400000.0625,-400000.0625,-400000.0625,-400000.0625,-400000.0625,-400000.0625,-400000.0625
115.53260159492493,-400000.0625,-400000.0625,-400000.0625,-400000.0625,-400000.0625,-400000.0625,-400000.0625,-400000.0625
115.53260588645935,-400000.0625,-400000.0625,-400000.0625,-400000.0625,-400000.0625,-400000.0625,-400000.0625,-400000.0625
115.53261041641235,-400000.0625,-400000.0625,-400000.0625,-400000.0625,-400000.0625,-400000.0625,-400000.0625,-400000.0625
115.53261470794678,-400000.0625,-400000.0625,-400000.0625,-400000.0625,-400000.0625,-400000.0625,-400000.0625,-400000.0625
115.53261876106262,-400000.0625,-400000.0625,-400000.0625,-400000.0625,-400000.0625,-400000.0625,-400000.0625,-400000.0625
115.53262281417847,-400000.0625,-400000.0625,-400000.0625,-400000.0625,-400000.0625,-400000.0625,-400000.0625,-400000.0625
115.53262710571289,-400000.0625,-400000.0625,-400000.0625,-400000.0625,-400000.0625,-400000.0625,-400000.0625,-400000.0625
115.53263139724731,-400000.0625,-400000.0625,-400000.0625,-400000.0625,-400000.0625,-400000.0625,-400000.0625,-400000.0625
115.53263568878174,-400000.0625,-400000.0625,-400000.0625,-400000.0625,-400000.0625,-400000.0625,-400000.0625,-400000.0625
115.53263974189758,-400000.0625,-400000.0625,-400000.0625,-400000.0625,-400000.0625,-400000.0625,-400000.0625,-400000.0625
115.53264546394348,-400000.0625,-400000.0625,-400000.0625,-400000.0625,-400000.0625,-400000.0625,-400000.0625,-400000.0625
115.53265500068665,-400000.0625,-400000.0625,-400000.0625,-400000.0625,-400000.0625,-400000.0625,-400000.0625,-400000.0625
115.5781135559082,-400000.0625,-400000.0625,-400000.0625,-400000.0625,-400000.0625,-400000.0625,-400000.0625,-400000.0625
115.5872950553894,-400000.0625,-400000.0625,-400000.0625,-400000.0625,-400000.0625,-400000.0625,-400000.0625,-400000.0625
115.59205937385559,-400000.0625,-400000.0625,-400000.0625,-400000.0625,-400000.0625,-400000.0625,-400000.0625,-400000.0625
115.59206938743591,-400000.0625,-400000.0625,-400000.0625,-400000.0625,-400000.0625,-400000.0625,-400000.0625,-400000.0625
115.5920741558075,-400000.0625,-400000.0625,-400000.0625,-400000.0625,-400000.0625,-400000.0625,-400000.0625,-400000.0625
115.59207844734192,-400000.0625,-400000.0625,-400000.0625,-400000.0625,-400000.0625,-400000.0625,-400000.0625,-400000.0625
115.59208250045776,-400000.0625,-400000.0625,-400000.0625,-400000.0625,-400000.0625,-400000.0625,-400000.0625,-400000.0625
115.59208679199219,-400000.0625,-400000.0625,-400000.0625,-400000.0625,-400000.0625,-400000.0625,-400000.0625,-400000.0625
115.59209084510803,-400000.0625,-400000.0625,-400000.0625,-400000.0625,-400000.0625,-400000.0625,-400000.0625,-400000.0625
115.59209489822388,-400000.0625,-400000.0625,-400000.0625,-400000.0625,-400000.0625,-400000.0625,-400000.0625,-400000.0625
115.59209895133972,-400000.0625,-400000.0625,-400000.0625,-400000.0625,-400000.0625,-400000.0625,-400000.0625,-400000.0625
115.59210276603699,-400000.0625,-400000.0625,-400000.0625,-400000.0625,-400000.0625,-400000.0625,-400000.0625,-400000.0625
115.59210658073425,-400000.0625,-400000.0625,-400000.0625,-400000.0625,-400000.0625,-400000.0625,-400000.0625,-400000.0625
115.59211039543152,-400000.0625,-400000.0625,-400000.0625,-400000.0625,-400000.0625,-400000.0625,-400000.0625,-400000.0625
115.59211421012878,-400000.0625,-400000.0625,-400000.0625,-400000.0625,-400000.0625,-400000.0625,-400000.0625,-400000.0625
115.59211802482605,-400000.0625,-400000.0625,-400000.0625,-400000.0625,-400000.0625,-400000.0625,-400000.0625,-400000.0625
115.70812892913818,-400000.0625,-400000.0625,-400000.0625,-400000.0625,-400000.0625,-400000.0625,-400000.0625,-400000.0625
115.77457118034363,-400000.0625,-400000.0625,-400000.0625,-400000.0625,-400000.0625,-400000.0625,-400000.0625,-400000.0625
115.88895845413208,-400000.0625,-400000.0625,-400000.0625,-400000.0625,-400000.0625,-400000.0625,-400000.0625,-400000.0625
115.90590143203735,-400000.0625,-400000.0625,-400000.0625,-400000.0625,-400000.0625,-400000.0625,-400000.0625,-400000.0625
115.96196389198303,-400000.0625,-400000.0625,-400000.0625,-400000.0625,-400000.0625,-400000.0625,-400000.0625,-400000.0625
116.02935075759888,-400000.0625,-400000.0625,-400000.0625,-400000.0625,-400000.0625,-400000.0625,-400000.0625,-400000.0625
116.10554099082947,-400000.0625,-400000.0625,-400000.0625,-400000.0625,-400000.0625,-400000.0625,-400000.0625,-400000.0625
116.25819611549377,-400000.0625,-400000.0625,-400000.0625,-400000.0625,-400000.0625,-400000.0625,-400000.0625,-400000.0625
116.28190565109253,-400000.0625,-400000.0625,-400000.0625,-400000.0625,-400000.0625,-400000.0625,-400000.0625,-400000.0625
116.35183238983154,-400000.0625,-400000.0625,-400000.0625,-400000.0625,-400000.0625,-400000.0625,-400000.0625,-400000.0625
116.41067862510681,-400000.0625,-400000.0625,-400000.0625,-400000.0625,-400000.0625,-400000.0625,-400000.0625,-400000.0625
116.475825548172,-400000.0625,-400000.0625,-400000.0625,-400000.0625,-400000.0625,-400000.0625,-400000.0625,-400000.0625
116.55567717552185,-400000.0625,-400000.0625,-400000.0625,-400000.0625,-400000.0625,-400000.0625,-400000.0625,-400000.0625
116.61560082435608,-400000.0625,-400000.0625,-400000.0625,-400000.0625,-400000.0625,-400000.0625,-400000.0625,-400000.0625
116.74818968772888,-400000.0625,-400000.0625,-400000.0625,-400000.0625,-400000.0625,-400000.0625,-400000.0625,-400000.0625
116.80067372322083,-400000.0625,-400000.0625,-400000.0625,-400000.0625,-400000.0625,-400000.0625,-400000.0625,-400000.0625
116.92474174499512,-400000.0625,-400000.0625,-400000.0625,-400000.0625,-400000.0625,-400000.0625,-400000.0625,-400000.0625
117.02180433273315,-400000.0625,-400000.0625,-400000.0625,-400000.0625,-400000.0625,-400000.0625,-400000.0625,-400000.0625
117.05565047264099,-400000.0625,-400000.0625,-400000.0625,-400000.0625,-400000.0625,-400000.0625,-400000.0625,-400000.0625
117.11430144309998,-400000.0625,-400000.0625,-400000.0625,-400000.0625,-400000.0625,-400000.0625,-400000.0625,-400000.0625
117.1792356967926,-400000.0625,-400000.0625,-400000.0625,-400000.0625,-400000.0625,-400000.0625,-400000.0625,-400000.0625
117.24684071540833,-400000.0625,-400000.0625,-400000.0625,-400000.0625,-400000.0625,-400000.0625,-400000.0625,-400000.0625
117.3569438457489,-400000.0625,-400000.0625,-400000.0625,-400000.0625,-400000.0625,-400000.0625,-400000.0625,-400000.0625
117.37824749946594,-400000.0625,-400000.0625,-400000.0625,-400000.0625,-400000.0625,-400000.0625,-400000.0625,-400000.0625
117.4455292224884,-400000.0625,-400000.0625,-400000.0625,-400000.0625,-400000.0625,-400000.0625,-400000.0625,-400000.0625
117.49822115898132,-400000.0625,-400000.0625,-400000.0625,-400000.0625,-400000.0625,-400000.0625,-400000.0625,-400000.0625
117.56571221351624,-400000.0625,-400000.0625,-400000.0625,-400000.0625,-400000.0625,-400000.0625,-400000.0625,-400000.0625
117.62560486793518,-400000.0625,-400000.0625,-400000.0625,-400000.0625,-400000.0625,-400000.0625,-400000.0625,-400000.0625
117.72326016426086,-400000.0625,-400000.0625,-400000.0625,-400000.0625,-400000.0625,-400000.0625,-400000.0625,-400000.0625
117.72942757606506,-400000.0625,-400000.0625,-400000.0625,-400000.0625,-400000.0625,-400000.0625,-400000.0625,-400000.0625
117.73991084098816,-400000.0625,-400000.0625,-400000.0625,-400000.0625,-400000.0625,-400000.0625,-400000.0625,-400000.0625
117.74504828453064,-400000.0625,-400000.0625,-400000.0625,-400000.0625,-400000.0625,-400000.0625,-400000.0625,-400000.0625
117.75029706954956,-400000.0625,-400000.0625,-400000.0625,-400000.0625,-400000.0625,-400000.0625,-400000.0625,-400000.0625
117.75427412986755,-400000.0625,-400000.0625,-400000.0625,-400000.0625,-400000.0625,-400000.0625,-400000.0625,-400000.0625
117.75428438186646,-400000.0625,-400000.0625,-400000.0625,-400000.0625,-400000.0625,-400000.0625,-400000.0625,-400000.0625
117.7542896270752,-400000.0625,-400000.0625,-400000.0625,-400000.0625,-400000.0625,-400000.0625,-400000.0625,-400000.0625
117.7542941570282,-400000.0625,-400000.0625,-400000.0625,-400000.0625,-400000.0625,-400000.0625,-400000.0625,-400000.0625
117.75429844856262,-400000.0625,-400000.0625,-400000.0625,-400000.0625,-400000.0625,-400000.0625,-400000.0625,-400000.0625
117.75430250167847,-400000.0625,-400000.0625,-400000.0625,-400000.0625,-400000.0625,-400000.0625,-400000.0625,-400000.0625
117.75430655479431,-400000.0625,-400000.0625,-400000.0625,-400000.0625,-400000.0625,-400000.0625,-400000.0625,-400000.0625
117.75431084632874,-400000.0625,-400000.0625,-400000.0625,-400000.0625,-400000.0625,-400000.0625,-400000.0625,-400000.0625
117.754314661026,-400000.0625,-400000.0625,-400000.0625,-400000.0625,-400000.0625,-400000.0625,-400000.0625,-400000.0625
117.75431871414185,-400000.0625,-400000.0625,-400000.0625,-400000.0625,-400000.0625,-400000.0625,-400000.0625,-400000.0625
117.75432229042053,-400000.0625,-400000.0625,-400000.0625,-400000.0625,-400000.0625,-400000.0625,-400000.0625,-400000.0625
117.75815463066101,-400000.0625,-400000.0625,-400000.0625,-400000.0625,-400000.0625,-400000.0625,-400000.0625,-400000.0625
117.76323199272156,-400000.0625,-400000.0625,-400000.0625,-400000.0625,-400000.0625,-400000.0625,-400000.0625,-400000.0625
117.76753783226013,-400000.0625,-400000.0625,-400000.0625,-400000.0625,-400000.0625,-400000.0625,-400000.0625,-400000.0625
117.7675461769104,-400000.0625,-400000.0625,-400000.0625,-400000.0625,-400000.0625,-400000.0625,-400000.0625,-400000.0625
117.76755046844482,-400000.0625,-400000.0625,-400000.0625,-400000.0625,-400000.0625,-400000.0625,-400000.0625,-400000.0625
117.76755499839783,-400000.0625,-400000.0625,-400000.0625,-400000.0625,-400000.0625,-400000.0625,-400000.0625,-400000.0625
117.76755928993225,-400000.0625,-400000.0625,-400000.0625,-400000.0625,-400000.0625,-400000.0625,-400000.0625,-400000.0625
117.76756310462952,-400000.0625,-400000.0625,-400000.0625,-400000.0625,-400000.0625,-400000.0625,-400000.0625,-400000.0625
117.76756691932678,-400000.0625,-400000.0625,-400000.0625,-400000.0625,-400000.0625,-400000.0625,-400000.0625,-400000.0625
117.76757049560547,-400000.0625,-400000.0625,-400000.0625,-400000.0625,-400000.0625,-400000.0625,-400000.0625,-400000.0625
117.76757407188416,-400000.0625,-400000.0625,-400000.0625,-400000.0625,-400000.0625,-400000.0625,-400000.0625,-400000.0625
117.76757788658142,-400000.0625,-400000.0625,-400000.0625,-400000.0625,-400000.0625,-400000.0625,-400000.0625,-400000.0625
117.76758193969727,-400000.0625,-400000.0625,-400000.0625,-400000.0625,-400000.0625,-400000.0625,-400000.0625,-400000.0625
117.76758575439453,-400000.0625,-400000.0625,-400000.0625,-400000.0625,-400000.0625,-400000.0625,-400000.0625,-400000.0625
117.76758980751038,-400000.0625,-400000.0625,-400000.0625,-400000.0625,-400000.0625,-400000.0625,-400000.0625,-400000.0625
117.76759362220764,-400000.0625,-400000.0625,-400000.0625,-400000.0625,-400000.0625,-400000.0625,-400000.0625,-400000.0625
117.81800389289856,-400000.0625,-400000.0625,-400000.0625,-400000.0625,-400000.0625,-400000.0625,-400000.0625,-400000.0625
117.8232250213623,-400000.0625,-400000.0625,-400000.0625,-400000.0625,-400000.0625,-400000.0625,-400000.0625,-400000.0625
117.8287262916565,-400000.0625,-400000.0625,-400000.0625,-400000.0625,-400000.0625,-400000.0625,-400000.0625,-400000.0625
117.83360552787781,-400000.0625,-400000.0625,-400000.0625,-400000.0625,-400000.0625,-400000.0625,-400000.0625,-400000.0625
117.83932900428772,-400000.0625,-400000.0625,-400000.0625,-400000.0625,-400000.0625,-400000.0625,-400000.0625,-400000.0625
117.84432911872864,-400000.0625,-400000.0625,-400000.0625,-400000.0625,-400000.0625,-400000.0625,-400000.0625,-400000.0625
117.84433722496033,-400000.0625,-400000.0625,-400000.0625,-400000.0625,-400000.0625,-400000.0625,-400000.0625,-400000.0625
117.84915375709534,-400000.0625,-400000.0625,-400000.0625,-400000.0625,-400000.0625,-400000.0625,-400000.0625,-400000.0625
117.84916162490845,-400000.0625,-400000.0625,-400000.0625,-400000.0625,-400000.0625,-400000.0625,-400000.0625,-400000.0625
117.84919476509094,-400000.0625,-400000.0625,-400000.0625,-400000.0625,-400000.0625,-400000.0625,-400000.0625,-400000.0625
117.84920001029968,-400000.0625,-400000.0625,-400000.0625,-400000.0625,-400000.0625,-400000.0625,-400000.0625,-400000.0625
117.84920382499695,-400000.0625,-400000.0625,-400000.0625,-400000.0625,-400000.0625,-400000.0625,-400000.0625,-400000.0625
117.84920740127563,-400000.0625,-400000.0625,-400000.0625,-400000.0625,-400000.0625,-400000.0625,-400000.0625,-400000.0625
117.84921097755432,-400000.0625,-400000.0625,-400000.0625,-400000.0625,-400000.0625,-400000.0625,-400000.0625,-400000.0625
117.84921503067017,-400000.0625,-400000.0625,-400000.0625,-400000.0625,-400000.0625,-400000.0625,-400000.0625,-400000.0625
117.84921860694885,-400000.0625,-400000.0625,-400000.0625,-400000.0625,-400000.0625,-400000.0625,-400000.0625,-400000.0625
117.89805769920349,-400000.0625,-400000.0625,-400000.0625,-400000.0625,-400000.0625,-400000.0625,-400000.0625,-400000.0625
117.90273714065552,-400000.0625,-400000.0625,-400000.0625,-400000.0625,-400000.0625,-400000.0625,-400000.0625,-400000.0625
117.90274405479431,-400000.0625,-400000.0625,-400000.0625,-400000.0625,-400000.0625,-400000.0625,-400000.0625,-400000.0625
117.90274834632874,-400000.0625,-400000.0625,-400000.0625,-400000.0625,-400000.0625,-400000.0625,-400000.0625,-400000.0625
117.902752161026,-400000.0625,-400000.0625,-400000.0625,-400000.0625,-400000.0625,-400000.0625,-400000.0625,-400000.0625
117.90275573730469,-400000.0625,-400000.0625,-400000.0625,-400000.0625,-400000.0625,-400000.0625,-400000.0625,-400000.0625
117.90275931358337,-400000.0625,-400000.0625,-400000.0625,-400000.0625,-400000.0625,-400000.0625,-400000.0625,-400000.0625
117.90276265144348,-400000.0625,-400000.0625,-400000.0625,-400000.0625,-400000.0625,-400000.0625,-400000.0625,-400000.0625
117.90276622772217,-400000.0625,-400000.0625,-400000.0625,-400000.0625,-400000.0625,-400000.0625,-400000.0625,-400000.0625
117.90276980400085,-400000.0625,-400000.0625,-400000.0625,-400000.0625,-400000.0625,-400000.0625,-400000.0625,-400000.0625
117.90277338027954,-400000.0625,-400000.0625,-400000.0625,-400000.0625,-400000.0625,-400000.0625,-400000.0625,-400000.0625
117.90277671813965,-400000.0625,-400000.0625,-400000.0625,-400000.0625,-400000.0625,-400000.0625,-400000.0625,-400000.0625
117.90278029441833,-400000.0625,-400000.0625,-400000.0625,-400000.0625,-400000.0625,-400000.0625,-400000.0625,-400000.0625
117.90278387069702,-400000.0625,-400000.0625,-400000.0625,-400000.0625,-400000.0625,-400000.0625,-400000.0625,-400000.0625
117.90278720855713,-400000.0625,-400000.0625,-400000.0625,-400000.0625,-400000.0625,-400000.0625,-400000.0625,-400000.0625
117.90279078483582,-400000.0625,-400000.0625,-400000.0625,-400000.0625,-400000.0625,-400000.0625,-400000.0625,-400000.0625
117.95074367523193,-400000.0625,-400000.0625,-400000.0625,-400000.0625,-400000.0625,-400000.0625,-400000.0625,-400000.0625
117.96097016334534,-400000.0625,-400000.0625,-400000.0625,-400000.0625,-400000.0625,-400000.0625,-400000.0625,-400000.0625
117.96670794487,-400000.0625,-400000.0625,-400000.0625,-400000.0625,-400000.0625,-400000.0625,-400000.0625,-400000.0625
117.9715096950531,-400000.0625,-400000.0625,-400000.0625,-400000.0625,-400000.0625,-400000.0625,-400000.0625,-400000.0625
117.9715223312378,-400000.0625,-400000.0625,-400000.0625,-400000.0625,-400000.0625,-400000.0625,-400000.0625,-400000.0625
117.97152781486511,-400000.0625,-400000.0625,-400000.0625,-400000.0625,-400000.0625,-400000.0625,-400000.0625,-400000.0625
117.97153234481812,-400000.0625,-400000.0625,-400000.0625,-400000.0625,-400000.0625,-400000.0625,-400000.0625,-400000.0625
117.97153639793396,-400000.0625,-400000.0625,-400000.0625,-400000.0625,-400000.0625,-400000.0625,-400000.0625,-400000.0625
117.97153997421265,-400000.0625,-400000.0625,-400000.0625,-400000.0625,-400000.0625,-400000.0625,-400000.0625,-400000.0625
117.97154402732849,-400000.0625,-400000.0625,-400000.0625,-400000.0625,-400000.0625,-400000.0625,-400000.0625,-400000.0625
117.97154808044434,-400000.0625,-400000.0625,-400000.0625,-400000.0625,-400000.0625,-400000.0625,-400000.0625,-400000.0625
117.97155261039734,-400000.0625,-400000.0625,-400000.0625,-400000.0625,-400000.0625,-400000.0625,-400000.0625,-400000.0625
117.9715564250946,-400000.0625,-400000.0625,-400000.0625,-400000.0625,-400000.0625,-400000.0625,-400000.0625,-400000.0625
117.97156023979187,-400000.0625,-400000.0625,-400000.0625,-400000.0625,-400000.0625,-400000.0625,-400000.0625,-400000.0625
117.97156429290771,-400000.0625,-400000.0625,-400000.0625,-400000.0625,-400000.0625,-400000.0625,-400000.0625,-400000.0625
117.97156834602356,-400000.0625,-400000.0625,-400000.0625,-400000.0625,-400000.0625,-400000.0625,-400000.0625,-400000.0625
118.01085162162781,-400000.0625,-400000.0625,-400000.0625,-400000.0625,-400000.0625,-400000.0625,-400000.0625,-400000.0625
118.0157151222229,-400000.0625,-400000.0625,-400000.0625,-400000.0625,-400000.0625,-400000.0625,-400000.0625,-400000.0625
118.01572465896606,-400000.0625,-400000.0625,-400000.0625,-400000.0625,-400000.0625,-400000.0625,-400000.0625,-400000.0625
118.01572895050049,-400000.0625,-400000.0625,-400000.0625,-400000.0625,-400000.0625,-400000.0625,-400000.0625,-400000.0625
118.01573300361633,-400000.0625,-400000.0625,-400000.0625,-400000.0625,-400000.0625,-400000.0625,-400000.0625,-400000.0625
118.01573753356934,-400000.0625,-400000.0625,-400000.0625,-400000.0625,-400000.0625,-400000.0625,-400000.0625,-400000.0625
118.01574110984802,-400000.0625,-400000.0625,-400000.0625,-400000.0625,-400000.0625,-400000.0625,-400000.0625,-400000.0625
118.01574492454529,-400000.0625,-400000.0625,-400000.0625,-400000.0625,-400000.0625,-400000.0625,-400000.0625,-400000.0625
118.01574873924255,-400000.0625,-400000.0625,-400000.0625,-400000.0625,-400000.0625,-400000.0625,-400000.0625,-400000.0625
118.01575231552124,-400000.0625,-400000.0625,-400000.0625,-400000.0625,-400000.0625,-400000.0625,-400000.0625,-400000.0625
118.01575565338135,-400000.0625,-400000.0625,-400000.0625,-400000.0625,-400000.0625,-400000.0625,-400000.0625,-400000.0625
118.01575946807861,-400000.0625,-400000.0625,-400000.0625,-400000.0625,-400000.0625,-400000.0625,-400000.0625,-400000.0625
118.0157630443573,-400000.0625,-400000.0625,-400000.0625,-400000.0625,-400000.0625,-400000.0625,-400000.0625,-400000.0625
118.01576662063599,-400000.0625,-400000.0625,-400000.0625,-400000.0625,-400000.0625,-400000.0625,-400000.0625,-400000.0625
118.01577019691467,-400000.0625,-400000.0625,-400000.0625,-400000.0625,-400000.0625,-400000.0625,-400000.0625,-400000.0625
118.01577377319336,-400000.0625,-400000.0625,-400000.0625,-400000.0625,-400000.0625,-400000.0625,-400000.0625,-400000.0625
118.0956060886383,-400000.0625,-400000.0625,-400000.0625,-400000.0625,-400000.0625,-400000.0625,-400000.0625,-400000.0625
118.10455083847046,-400000.0625,-400000.0625,-400000.0625,-400000.0625,-400000.0625,-400000.0625,-400000.0625,-400000.0625
118.11038422584534,-400000.0625,-400000.0625,-400000.0625,-400000.0625,-400000.0625,-400000.0625,-400000.0625,-400000.0625
118.11513066291809,-400000.0625,-400000.0625,-400000.0625,-400000.0625,-400000.0625,-400000.0625,-400000.0625,-400000.0625
118.11514472961426,-400000.0625,-400000.0625,-400000.0625,-400000.0625,-400000.0625,-400000.0625,-400000.0625,-400000.0625
118.11514973640442,-400000.0625,-400000.0625,-400000.0625,-400000.0625,-400000.0625,-400000.0625,-400000.0625,-400000.0625
118.11515426635742,-400000.0625,-400000.0625,-400000.0625,-400000.0625,-400000.0625,-400000.0625,-400000.0625,-400000.0625
118.11515808105469,-400000.0625,-400000.0625,-400000.0625,-400000.0625,-400000.0625,-400000.0625,-400000.0625,-400000.0625
118.11516189575195,-400000.0625,-400000.0625,-400000.0625,-400000.0625,-400000.0625,-400000.0625,-400000.0625,-400000.0625
118.11516618728638,-400000.0625,-400000.0625,-400000.0625,-400000.0625,-400000.0625,-400000.0625,-400000.0625,-400000.0625
118.1151704788208,-400000.0625,-400000.0625,-400000.0625,-400000.0625,-400000.0625,-400000.0625,-400000.0625,-400000.0625
118.11517429351807,-400000.0625,-400000.0625,-400000.0625,-400000.0625,-400000.0625,-400000.0625,-400000.0625,-400000.0625
118.11517810821533,-400000.0625,-400000.0625,-400000.0625,-400000.0625,-400000.0625,-400000.0625,-400000.0625,-400000.0625
118.11518239974976,-400000.0625,-400000.0625,-400000.0625,-400000.0625,-400000.0625,-400000.0625,-400000.0625,-400000.0625
118.11518669128418,-400000.0625,-400000.0625,-400000.0625,-400000.0625,-400000.0625,-400000.0625,-400000.0625,-400000.0625
118.11519050598145,-400000.0625,-400000.0625,-400000.0625,-400000.0625,-400000.0625,-400000.0625,-400000.0625,-400000.0625
118.14846110343933,-400000.0625,-400000.0625,-400000.0625,-400000.0625,-400000.0625,-400000.0625,-400000.0625,-400000.0625
118.20812964439392,-400000.0625,-400000.0625,-400000.0625,-400000.0625,-400000.0625,-400000.0625,-400000.0625,-400000.0625
118.33834838867188,-400000.0625,-400000.0625,-400000.0625,-400000.0625,-400000.0625,-400000.0625,-400000.0625,-400000.0625
118.42086219787598,-400000.0625,-400000.0625,-400000.0625,-400000.0625,-400000.0625,-400000.0625,-400000.0625,-400000.0625
118.48804020881653,-400000.0625,-400000.0625,-400000.0625,-400000.0625,-400000.0625,-400000.0625,-400000.0625,-400000.0625
118.52428889274597,-400000.0625,-400000.0625,-400000.0625,-400000.0625,-400000.0625,-400000.0625,-400000.0625,-400000.0625
118.59967565536499,-400000.0625,-400000.0625,-400000.0625,-400000.0625,-400000.0625,-400000.0625,-400000.0625,-400000.0625
118.6518440246582,-400000.0625,-400000.0625,-400000.0625,-400000.0625,-400000.0625,-400000.0625,-400000.0625,-400000.0625
118.71568202972412,-400000.0625,-400000.0625,-400000.0625,-400000.0625,-400000.0625,-400000.0625,-400000.0625,-400000.0625
118.81203103065491,-400000.0625,-400000.0625,-400000.0625,-400000.0625,-400000.0625,-400000.0625,-400000.0625,-400000.0625
118.90701007843018,-400000.0625,-400000.0625,-400000.0625,-400000.0625,-400000.0625,-400000.0625,-400000.0625,-400000.0625
118.97332763671875,-400000.0625,-400000.0625,-400000.0625,-400000.0625,-400000.0625,-400000.0625,-400000.0625,-400000.0625
119.0506796836853,-400000.0625,-400000.0625,-400000.0625,-400000.0625,-400000.0625,-400000.0625,-400000.0625,-400000.0625
119.10328030586243,-400000.0625,-400000.0625,-400000.0625,-400000.0625,-400000.0625,-400000.0625,-400000.0625,-400000.0625
119.2043240070343,-400000.0625,-400000.0625,-400000.0625,-400000.0625,-400000.0625,-400000.0625,-400000.0625,-400000.0625
119.22580814361572,-400000.0625,-400000.0625,-400000.0625,-400000.0625,-400000.0625,-400000.0625,-400000.0625,-400000.0625
119.30312728881836,-400000.0625,-400000.0625,-400000.0625,-400000.0625,-400000.0625,-400000.0625,-400000.0625,-400000.0625
119.41793203353882,-400000.0625,-400000.0625,-400000.0625,-400000.0625,-400000.0625,-400000.0625,-400000.0625,-400000.0625
119.5040910243988,-400000.0625,-400000.0625,-400000.0625,-400000.0625,-400000.0625,-400000.0625,-400000.0625,-400000.0625
119.60442924499512,-400000.0625,-400000.0625,-400000.0625,-400000.0625,-400000.0625,-400000.0625,-400000.0625,-400000.0625
119.62071585655212,-400000.0625,-400000.0625,-400000.0625,-400000.0625,-400000.0625,-400000.0625,-400000.0625,-400000.0625
119.68722653388977,-400000.0625,-400000.0625,-400000.0625,-400000.0625,-400000.0625,-400000.0625,-400000.0625,-400000.0625
119.74683332443237,-400000.0625,-400000.0625,-400000.0625,-400000.0625,-400000.0625,-400000.0625,-400000.0625,-400000.0625
119.80311989784241,-400000.0625,-400000.0625,-400000.0625,-400000.0625,-400000.0625,-400000.0625,-400000.0625,-400000.0625
119.86556339263916,-400000.0625,-400000.0625,-400000.0625,-400000.0625,-400000.0625,-400000.0625,-400000.0625,-400000.0625
120.05801844596863,-400000.0625,-400000.0625,-400000.0625,-400000.0625,-400000.0625,-400000.0625,-400000.0625,-400000.0625
120.12702536582947,-400000.0625,-400000.0625,-400000.0625,-400000.0625,-400000.0625,-400000.0625,-400000.0625,-400000.0625
120.23700428009033,-400000.0625,-400000.0625,-400000.0625,-400000.0625,-400000.0625,-400000.0625,-400000.0625,-400000.0625
120.2464210987091,-400000.0625,-400000.0625,-400000.0625,-400000.0625,-400000.0625,-400000.0625,-400000.0625,-400000.0625
120.2517101764679,-400000.0625,-400000.0625,-400000.0625,-400000.0625,-400000.0625,-400000.0625,-400000.0625,-400000.0625
120.2570972442627,-400000.0625,-400000.0625,-400000.0625,-400000.0625,-400000.0625,-400000.0625,-400000.0625,-400000.0625
120.26214122772217,-400000.0625,-400000.0625,-400000.0625,-400000.0625,-400000.0625,-400000.0625,-400000.0625,-400000.0625
120.26677632331848,-400000.0625,-400000.0625,-400000.0625,-400000.0625,-400000.0625,-400000.0625,-400000.0625,-400000.0625
120.26678586006165,-400000.0625,-400000.0625,-400000.0625,-400000.0625,-400000.0625,-400000.0625,-400000.0625,-400000.0625
120.26679182052612,-400000.0625,-400000.0625,-400000.0625,-400000.0625,-400000.0625,-400000.0625,-400000.0625,-400000.0625
120.26679587364197,-400000.0625,-400000.0625,-400000.0625,-400000.0625,-400000.0625,-400000.0625,-400000.0625,-400000.0625
120.26679968833923,-400000.0625,-400000.0625,-400000.0625,-400000.0625,-400000.0625,-400000.0625,-400000.0625,-400000.0625
120.26680397987366,-400000.0625,-400000.0625,-400000.0625,-400000.0625,-400000.0625,-400000.0625,-400000.0625,-400000.0625
120.2668080329895,-400000.0625,-400000.0625,-400000.0625,-400000.0625,-400000.0625,-400000.0625,-400000.0625,-400000.0625
120.26681160926819,-400000.0625,-400000.0625,-400000.0625,-400000.0625,-400000.0625,-400000.0625,-400000.0625,-400000.0625
120.26681542396545,-400000.0625,-400000.0625,-400000.0625,-400000.0625,-400000.0625,-400000.0625,-400000.0625,-400000.0625
120.26681900024414,-400000.0625,-400000.0625,-400000.0625,-400000.0625,-400000.0625,-400000.0625,-400000.0625,-400000.0625
120.26682305335999,-400000.0625,-400000.0625,-400000.0625,-400000.0625,-400000.0625,-400000.0625,-400000.0625,-400000.0625
120.30487203598022,-400000.0625,-400000.0625,-400000.0625,-400000.0625,-400000.0625,-400000.0625,-400000.0625,-400000.0625
120.31163930892944,-400000.0625,-400000.0625,-400000.0625,-400000.0625,-400000.0625,-400000.0625,-400000.0625,-400000.0625
120.31680417060852,-400000.0625,-400000.0625,-400000.0625,-400000.0625,-400000.0625,-400000.0625,-400000.0625,-400000.0625
120.3219063282013,-400000.0625,-400000.0625,-400000.0625,-400000.0625,-400000.0625,-400000.0625,-400000.0625,-400000.0625
120.32794952392578,-400000.0625,-400000.0625,-400000.0625,-400000.0625,-400000.0625,-400000.0625,-400000.0625,-400000.0625
120.33334827423096,-400000.0625,-400000.0625,-400000.0625,-400000.0625,-400000.0625,-400000.0625,-400000.0625,-400000.0625
120.33860683441162,-400000.0625,-400000.0625,-400000.0625,-400000.0625,-400000.0625,-400000.0625,-400000.0625,-400000.0625
120.34943962097168,-400000.0625,-400000.0625,-400000.0625,-400000.0625,-400000.0625,-400000.0625,-400000.0625,-400000.0625
120.35413789749146,-400000.0625,-400000.0625,-400000.0625,-400000.0625,-400000.0625,-400000.0625,-400000.0625,-400000.0625
120.35414981842041,-400000.0625,-400000.0625,-400000.0625,-400000.0625,-400000.0625,-400000.0625,-400000.0625,-400000.0625
120.35415410995483,-400000.0625,-400000.0625,-400000.0625,-400000.0625,-400000.0625,-400000.0625,-400000.0625,-400000.0625
120.35415863990784,-400000.0625,-400000.0625,-400000.0625,-400000.0625,-400000.0625,-400000.0625,-400000.0625,-400000.0625
120.35416269302368,-400000.0625,-400000.0625,-400000.0625,-400000.0625,-400000.0625,-400000.0625,-400000.0625,-400000.0625
120.35416626930237,-400000.0625,-400000.0625,-400000.0625,-400000.0625,-400000.0625,-400000.0625,-400000.0625,-400000.0625
120.35416984558105,-400000.0625,-400000.0625,-400000.0625,-400000.0625,-400000.0625,-400000.0625,-400000.0625,-400000.0625
120.35417342185974,-400000.0625,-400000.0625,-400000.0625,-400000.0625,-400000.0625,-400000.0625,-400000.0625,-400000.0625
120.35417675971985,-400000.0625,-400000.0625,-400000.0625,-400000.0625,-400000.0625,-400000.0625,-400000.0625,-400000.0625
120.35418033599854,-400000.0625,-400000.0625,-400000.0625,-400000.0625,-400000.0625,-400000.0625,-400000.0625,-400000.0625
120.35418391227722,-400000.0625,-400000.0625,-400000.0625,-400000.0625,-400000.0625,-400000.0625,-400000.0625,-400000.0625
120.35418748855591,-400000.0625,-400000.0625,-400000.0625,-400000.0625,-400000.0625,-400000.0625,-400000.0625,-400000.0625
120.3541910648346,-400000.0625,-400000.0625,-400000.0625,-400000.0625,-400000.0625,-400000.0625,-400000.0625,-400000.0625
120.35419487953186,-400000.0625,-400000.0625,-400000.0625,-400000.0625,-400000.0625,-400000.0625,-400000.0625,-400000.0625
120.35419869422913,-400000.0625,-400000.0625,-400000.0625,-400000.0625,-400000.0625,-400000.0625,-400000.0625,-400000.0625
120.35420250892639,-400000.0625,-400000.0625,-400000.0625,-400000.0625,-400000.0625,-400000.0625,-400000.0625,-400000.0625
120.35420632362366,-400000.0625,-400000.0625,-400000.0625,-400000.0625,-400000.0625,-400000.0625,-400000.0625,-400000.0625
120.35420989990234,-400000.0625,-400000.0625,-400000.0625,-400000.0625,-400000.0625,-400000.0625,-400000.0625,-400000.0625
120.35421347618103,-400000.0625,-400000.0625,-400000.0625,-400000.0625,-400000.0625,-400000.0625,-400000.0625,-400000.0625
120.35421705245972,-400000.0625,-400000.0625,-400000.0625,-400000.0625,-400000.0625,-400000.0625,-400000.0625,-400000.0625
120.3542206287384,-400000.0625,-400000.0625,-400000.0625,-400000.0625,-400000.0625,-400000.0625,-400000.0625,-400000.0625
120.35422492027283,-400000.0625,-400000.0625,-400000.0625,-400000.0625,-400000.0625,-400000.0625,-400000.0625,-400000.0625
120.35422849655151,-400000.0625,-400000.0625,-400000.0625,-400000.0625,-400000.0625,-400000.0625,-400000.0625,-400000.0625
120.3542320728302,-400000.0625,-400000.0625,-400000.0625,-400000.0625,-400000.0625,-400000.0625,-400000.0625,-400000.0625
120.38731288909912,-400000.0625,-400000.0625,-400000.0625,-400000.0625,-400000.0625,-400000.0625,-400000.0625,-400000.0625
120.39266467094421,-400000.0625,-400000.0625,-400000.0625,-400000.0625,-400000.0625,-400000.0625,-400000.0625,-400000.0625
120.39887428283691,-400000.0625,-400000.0625,-400000.0625,-400000.0625,-400000.0625,-400000.0625,-400000.0625,-400000.0625
120.40376543998718,-400000.0625,-400000.0625,-400000.0625,-400000.0625,-400000.0625,-400000.0625,-400000.0625,-400000.0625
120.40377736091614,-400000.0625,-400000.0625,-400000.0625,-400000.0625,-400000.0625,-400000.0625,-400000.0625,-400000.0625
120.4037823677063,-400000.0625,-400000.0625,-400000.0625,-400000.0625,-400000.0625,-400000.0625,-400000.0625,-400000.0625
120.4037868976593,-400000.0625,-400000.0625,-400000.0625,-400000.0625,-400000.0625,-400000.0625,-400000.0625,-400000.0625
120.4037914276123,-400000.0625,-400000.0625,-400000.0625,-400000.0625,-400000.0625,-400000.0625,-400000.0625,-400000.0625
120.40379595756531,-400000.0625,-400000.0625,-400000.0625,-400000.0625,-400000.0625,-400000.0625,-400000.0625,-400000.0625
120.40380024909973,-400000.0625,-400000.0625,-400000.0625,-400000.0625,-400000.0625,-400000.0625,-400000.0625,-400000.0625
120.40380454063416,-400000.0625,-400000.0625,-400000.0625,-400000.0625,-400000.0625,-400000.0625,-400000.0625,-400000.0625
120.40380859375,-400000.0625,-400000.0625,-400000.0625,-400000.0625,-400000.0625,-400000.0625,-400000.0625,-400000.0625
120.40381240844727,-400000.0625,-400000.0625,-400000.0625,-400000.0625,-400000.0625,-400000.0625,-400000.0625,-400000.0625
120.40381669998169,-400000.0625,-400000.0625,-400000.0625,-400000.0625,-400000.0625,-400000.0625,-400000.0625,-400000.0625
120.40382099151611,-400000.0625,-400000.0625,-400000.0625,-400000.0625,-400000.0625,-400000.0625,-400000.0625,-400000.0625
120.40382552146912,-400000.0625,-400000.0625,-400000.0625,-400000.0625,-400000.0625,-400000.0625,-400000.0625,-400000.0625
120.45588731765747,-400000.0625,-400000.0625,-400000.0625,-400000.0625,-400000.0625,-400000.0625,-400000.0625,-400000.0625
120.4672999382019,-400000.0625,-400000.0625,-400000.0625,-400000.0625,-400000.0625,-400000.0625,-400000.0625,-400000.0625
120.47275042533875,-400000.0625,-400000.0625,-400000.0625,-400000.0625,-400000.0625,-400000.0625,-400000.0625,-400000.0625
120.4776759147644,-400000.0625,-400000.0625,-400000.0625,-400000.0625,-400000.0625,-400000.0625,-400000.0625,-400000.0625
120.47768592834473,-400000.0625,-400000.0625,-400000.0625,-400000.0625,-400000.0625,-400000.0625,-400000.0625,-400000.0625
120.47768998146057,-400000.0625,-400000.0625,-400000.0625,-400000.0625,-400000.0625,-400000.0625,-400000.0625,-400000.0625
120.47769379615784,-400000.0625,-400000.0625,-400000.0625,-400000.0625,-400000.0625,-400000.0625,-400000.0625,-400000.0625
120.47769808769226,-400000.0625,-400000.0625,-400000.0625,-400000.0625,-400000.0625,-400000.0625,-400000.0625,-400000.0625
120.47770190238953,-400000.0625,-400000.0625,-400000.0625,-400000.0625,-400000.0625,-400000.0625,-400000.0625,-400000.0625
120.47770547866821,-400000.0625,-400000.0625,-400000.0625,-400000.0625,-400000.0625,-400000.0625,-400000.0625,-400000.0625
120.47770953178406,-400000.0625,-400000.0625,-400000.0625,-400000.0625,-400000.0625,-400000.0625,-400000.0625,-400000.0625
120.47771310806274,-400000.0625,-400000.0625,-400000.0625,-400000.0625,-400000.0625,-400000.0625,-400000.0625,-400000.0625
120.47771716117859,-400000.0625,-400000.0625,-400000.0625,-400000.0625,-400000.0625,-400000.0625,-400000.0625,-400000.0625
120.47772097587585,-400000.0625,-400000.0625,-400000.0625,-400000.0625,-400000.0625,-400000.0625,-400000.0625,-400000.0625
120.47772455215454,-400000.0625,-400000.0625,-400000.0625,-400000.0625,-400000.0625,-400000.0625,-400000.0625,-400000.0625
120.47772812843323,-400000.0625,-400000.0625,-400000.0625,-400000.0625,-400000.0625,-400000.0625,-400000.0625,-400000.0625
120.51313495635986,-400000.0625,-400000.0625,-400000.0625,-400000.0625,-400000.0625,-400000.0625,-400000.0625,-400000.0625
120.51851725578308,-400000.0625,-400000.0625,-400000.0625,-400000.0625,-400000.0625,-400000.0625,-400000.0625,-400000.0625
120.52341032028198,-400000.0625,-400000.0625,-400000.0625,-400000.0625,-400000.0625,-400000.0625,-400000.0625,-400000.0625
120.52341961860657,-400000.0625,-400000.0625,-400000.0625,-400000.0625,-400000.0625,-400000.0625,-400000.0625,-400000.0625
120.52342462539673,-400000.0625,-400000.0625,-400000.0625,-400000.0625,-400000.0625,-400000.0625,-400000.0625,-400000.0625
120.52342867851257,-400000.0625,-400000.0625,-400000.0625,-400000.0625,-400000.0625,-400000.0625,-400000.0625,-400000.0625
120.52343249320984,-400000.0625,-400000.0625,-400000.0625,-400000.0625,-400000.0625,-400000.0625,-400000.0625,-400000.0625
120.5234363079071,-400000.0625,-400000.0625,-400000.0625,-400000.0625,-400000.0625,-400000.0625,-400000.0625,-400000.0625
120.52344012260437,-400000.0625,-400000.0625,-400000.0625,-400000.0625,-400000.0625,-400000.0625,-400000.0625,-400000.0625
120.52344393730164,-400000.0625,-400000.0625,-400000.0625,-400000.0625,-400000.0625,-400000.0625,-400000.0625,-400000.0625
120.52344751358032,-400000.0625,-400000.0625,-400000.0625,-400000.0625,-400000.0625,-400000.0625,-400000.0625,-400000.0625
120.52345156669617,-400000.0625,-400000.0625,-400000.0625,-400000.0625,-400000.0625,-400000.0625,-400000.0625,-400000.0625
120.52345514297485,-400000.0625,-400000.0625,-400000.0625,-400000.0625,-400000.0625,-400000.0625,-400000.0625,-400000.0625
120.52345871925354,-400000.0625,-400000.0625,-400000.0625,-400000.0625,-400000.0625,-400000.0625,-400000.0625,-400000.0625
120.52346229553223,-400000.0625,-400000.0625,-400000.0625,-400000.0625,-400000.0625,-400000.0625,-400000.0625,-400000.0625
120.52346587181091,-400000.0625,-400000.0625,-400000.0625,-400000.0625,-400000.0625,-400000.0625,-400000.0625,-400000.0625
120.56954026222229,-400000.0625,-400000.0625,-400000.0625,-400000.0625,-400000.0625,-400000.0625,-400000.0625,-400000.0625
120.58127284049988,-400000.0625,-400000.0625,-400000.0625,-400000.0625,-400000.0625,-400000.0625,-400000.0625,-400000.0625
120.58593487739563,-400000.0625,-400000.0625,-400000.0625,-400000.0625,-400000.0625,-400000.0625,-400000.0625,-400000.0625
120.58594346046448,-400000.0625,-400000.0625,-400000.0625,-400000.0625,-400000.0625,-400000.0625,-400000.0625,-400000.0625
120.5859477519989,-400000.0625,-400000.0625,-400000.0625,-400000.0625,-400000.0625,-400000.0625,-400000.0625,-400000.0625
120.58595252037048,-400000.0625,-400000.0625,-400000.0625,-400000.0625,-400000.0625,-400000.0625,-400000.0625,-400000.0625
120.58595728874207,-400000.0625,-400000.0625,-400000.0625,-400000.0625,-400000.0625,-400000.0625,-400000.0625,-400000.0625
120.58596110343933,-400000.0625,-400000.0625,-400000.0625,-400000.0625,-400000.0625,-400000.0625,-400000.0625,-400000.0625
120.58596467971802,-400000.0625,-400000.0625,-400000.0625,-400000.0625,-400000.0625,-400000.0625,-400000.0625,-400000.0625
120.5859682559967,-400000.0625,-400000.0625,-400000.0625,-400000.0625,-400000.0625,-400000.0625,-400000.0625,-400000.0625
120.58597207069397,-400000.0625,-400000.0625,-400000.0625,-400000.0625,-400000.0625,-400000.0625,-400000.0625,-400000.0625
120.58597588539124,-400000.0625,-400000.0625,-400000.0625,-400000.0625,-400000.0625,-400000.0625,-400000.0625,-400000.0625
120.58597993850708,-400000.0625,-400000.0625,-400000.0625,-400000.0625,-400000.0625,-400000.0625,-400000.0625,-400000.0625
120.58598399162292,-400000.0625,-400000.0625,-400000.0625,-400000.0625,-400000.0625,-400000.0625,-400000.0625,-400000.0625
120.58598828315735,-400000.0625,-400000.0625,-400000.0625,-400000.0625,-400000.0625,-400000.0625,-400000.0625,-400000.0625
120.58599209785461,-400000.0625,-400000.0625,-400000.0625,-400000.0625,-400000.0625,-400000.0625,-400000.0625,-400000.0625
120.67179083824158,-400000.0625,-400000.0625,-400000.0625,-400000.0625,-400000.0625,-400000.0625,-400000.0625,-400000.0625
120.70318078994751,-400000.0625,-400000.0625,-400000.0625,-400000.0625,-400000.0625,-400000.0625,-400000.0625,-400000.0625
120.82821297645569,-400000.0625,-400000.0625,-400000.0625,-400000.0625,-400000.0625,-400000.0625,-400000.0625,-400000.0625
120.89196491241455,-400000.0625,-400000.0625,-400000.0625,-400000.0625,-400000.0625,-400000.0625,-400000.0625,-400000.0625
120.95457482337952,-400000.0625,-400000.0625,-400000.0625,-400000.0625,-400000.0625,-400000.0625,-400000.0625,-400000.0625
121.03929662704468,-400000.0625,-400000.0625,-400000.0625,-400000.0625,-400000.0625,-400000.0625,-400000.0625,-400000.0625
121.15428876876831,-400000.0625,-400000.0625,-400000.0625,-400000.0625,-400000.0625,-400000.0625,-400000.0625,-400000.0625
121.27445435523987,-400000.0625,-400000.0625,-400000.0625,-400000.0625,-400000.0625,-400000.0625,-400000.0625,-400000.0625
121.37824058532715,-400000.0625,-400000.0625,-400000.0625,-400000.0625,-400000.0625,-400000.0625,-400000.0625,-400000.0625
121.41443204879761,-400000.0625,-400000.0625,-400000.0625,-400000.0625,-400000.0625,-400000.0625,-400000.0625,-400000.0625
121.5020956993103,-400000.0625,-400000.0625,-400000.0625,-400000.0625,-400000.0625,-400000.0625,-400000.0625,-400000.0625
121.53651547431946,-400000.0625,-400000.0625,-400000.0625,-400000.0625,-400000.0625,-400000.0625,-400000.0625,-400000.0625
121.6593906879425,-400000.0625,-400000.0625,-400000.0625,-400000.0625,-400000.0625,-400000.0625,-400000.0625,-400000.0625
121.75679326057434,-400000.0625,-400000.0625,-400000.0625,-400000.0625,-400000.0625,-400000.0625,-400000.0625,-400000.0625
121.79172658920288,-400000.0625,-400000.0625,-400000.0625,-400000.0625,-400000.0625,-400000.0625,-400000.0625,-400000.0625
121.87475872039795,-400000.0625,-400000.0625,-400000.0625,-400000.0625,-400000.0625,-400000.0625,-400000.0625,-400000.0625
121.91450309753418,-400000.0625,-400000.0625,-400000.0625,-400000.0625,-400000.0625,-400000.0625,-400000.0625,-400000.0625
122.04555797576904,-400000.0625,-400000.0625,-400000.0625,-400000.0625,-400000.0625,-400000.0625,-400000.0625,-400000.0625
122.14815330505371,-400000.0625,-400000.0625,-400000.0625,-400000.0625,-400000.0625,-400000.0625,-400000.0625,-400000.0625
122.17809176445007,-400000.0625,-400000.0625,-400000.0625,-400000.0625,-400000.0625,-400000.0625,-400000.0625,-400000.0625
122.2444179058075,-400000.0625,-400000.0625,-400000.0625,-400000.0625,-400000.0625,-400000.0625,-400000.0625,-400000.0625
122.36298704147339,-400000.0625,-400000.0625,-400000.0625,-400000.0625,-400000.0625,-400000.0625,-400000.0625,-400000.0625
122.42938280105591,-400000.0625,-400000.0625,-400000.0625,-400000.0625,-400000.0625,-400000.0625,-400000.0625,-400000.0625
122.51188635826111,-400000.0625,-400000.0625,-400000.0625,-400000.0625,-400000.0625,-400000.0625,-400000.0625,-400000.0625
122.62172174453735,-400000.0625,-400000.0625,-400000.0625,-400000.0625,-400000.0625,-400000.0625,-400000.0625,-400000.0625
122.69925093650818,-400000.0625,-400000.0625,-400000.0625,-400000.0625,-400000.0625,-400000.0625,-400000.0625,-400000.0625
122.70449233055115,-400000.0625,-400000.0625,-400000.0625,-400000.0625,-400000.0625,-400000.0625,-400000.0625,-400000.0625
122.70954847335815,-400000.0625,-400000.0625,-400000.0625,-400000.0625,-400000.0625,-400000.0625,-400000.0625,-400000.0625
122.71411633491516,-400000.0625,-400000.0625,-400000.0625,-400000.0625,-400000.0625,-400000.0625,-400000.0625,-400000.0625
122.71412467956543,-400000.0625,-400000.0625,-400000.0625,-400000.0625,-400000.0625,-400000.0625,-400000.0625,-400000.0625
122.71412897109985,-400000.0625,-400000.0625,-400000.0625,-400000.0625,-400000.0625,-400000.0625,-400000.0625,-400000.0625
122.71413278579712,-400000.0625,-400000.0625,-400000.0625,-400000.0625,-400000.0625,-400000.0625,-400000.0625,-400000.0625
122.7141363620758,-400000.0625,-400000.0625,-400000.0625,-400000.0625,-400000.0625,-400000.0625,-400000.0625,-400000.0625
122.71414017677307,-400000.0625,-400000.0625,-400000.0625,-400000.0625,-400000.0625,-400000.0625,-400000.0625,-400000.0625
122.71414399147034,-400000.0625,-400000.0625,-400000.0625,-400000.0625,-400000.0625,-400000.0625,-400000.0625,-400000.0625
122.71414756774902,-400000.0625,-400000.0625,-400000.0625,-400000.0625,-400000.0625,-400000.0625,-400000.0625,-400000.0625
122.71415114402771,-400000.0625,-400000.0625,-400000.0625,-400000.0625,-400000.0625,-400000.0625,-400000.0625,-400000.0625
122.71415519714355,-400000.0625,-400000.0625,-400000.0625,-400000.0625,-400000.0625,-400000.0625,-400000.0625,-400000.0625
122.71415877342224,-400000.0625,-400000.0625,-400000.0625,-400000.0625,-400000.0625,-400000.0625,-400000.0625,-400000.0625
122.71416234970093,-400000.0625,-400000.0625,-400000.0625,-400000.0625,-400000.0625,-400000.0625,-400000.0625,-400000.0625
122.7141661643982,-400000.0625,-400000.0625,-400000.0625,-400000.0625,-400000.0625,-400000.0625,-400000.0625,-400000.0625
122.75437259674072,-400000.0625,-400000.0625,-400000.0625,-400000.0625,-400000.0625,-400000.0625,-400000.0625,-400000.0625
122.76527762413025,-400000.0625,-400000.0625,-400000.0625,-400000.0625,-400000.0625,-400000.0625,-400000.0625,-400000.0625
122.77092099189758,-400000.0625,-400000.0625,-400000.0625,-400000.0625,-400000.0625,-400000.0625,-400000.0625,-400000.0625
122.7763123512268,-400000.0625,-400000.0625,-400000.0625,-400000.0625,-400000.0625,-400000.0625,-400000.0625,-400000.0625
122.7803795337677,-400000.0625,-400000.0625,-400000.0625,-400000.0625,-400000.0625,-400000.0625,-400000.0625,-400000.0625
122.78038668632507,-400000.0625,-400000.0625,-400000.0625,-400000.0625,-400000.0625,-400000.0625,-400000.0625,-400000.0625
122.7803909778595,-400000.0625,-400000.0625,-400000.0625,-400000.0625,-400000.0625,-400000.0625,-400000.0625,-400000.0625
122.78039526939392,-400000.0625,-400000.0625,-400000.0625,-400000.0625,-400000.0625,-400000.0625,-400000.0625,-400000.0625
122.78039908409119,-400000.0625,-400000.0625,-400000.0625,-400000.0625,-400000.0625,-400000.0625,-400000.0625,-400000.0625
122.78040266036987,-400000.0625,-400000.0625,-400000.0625,-400000.0625,-400000.0625,-400000.0625,-400000.0625,-400000.0625
122.78040623664856,-400000.0625,-400000.0625,-400000.0625,-400000.0625,-400000.0625,-400000.0625,-400000.0625,-400000.0625
122.78040981292725,-400000.0625,-400000.0625,-400000.0625,-400000.0625,-400000.0625,-400000.0625,-400000.0625,-400000.0625
122.78041458129883,-400000.0625,-400000.0625,-400000.0625,-400000.0625,-400000.0625,-400000.0625,-400000.0625,-400000.0625
122.78041791915894,-400000.0625,-400000.0625,-400000.0625,-400000.0625,-400000.0625,-400000.0625,-400000.0625,-400000.0625
122.78042149543762,-400000.0625,-400000.0625,-400000.0625,-400000.0625,-400000.0625,-400000.0625,-400000.0625,-400000.0625
122.78042507171631,-400000.0625,-400000.0625,-400000.0625,-400000.0625,-400000.0625,-400000.0625,-400000.0625,-400000.0625
122.83431577682495,-400000.0625,-400000.0625,-400000.0625,-400000.0625,-400000.0625,-400000.0625,-400000.0625,-400000.0625
122.84108209609985,-400000.0625,-400000.0625,-400000.0625,-400000.0625,-400000.0625,-400000.0625,-400000.0625,-400000.0625
122.84578132629395,-400000.0625,-400000.0625,-400000.0625,-400000.0625,-400000.0625,-400000.0625,-400000.0625,-400000.0625
122.84578967094421,-400000.0625,-400000.0625,-400000.0625,-400000.0625,-400000.0625,-400000.0625,-400000.0625,-400000.0625
122.84579420089722,-400000.0625,-400000.0625,-400000.0625,-400000.0625,-400000.0625,-400000.0625,-400000.0625,-400000.0625
122.84579825401306,-400000.0625,-400000.0625,-400000.0625,-400000.0625,-400000.0625,-400000.0625,-400000.0625,-400000.0625
122.84580206871033,-400000.0625,-400000.0625,-400000.0625,-400000.0625,-400000.0625,-400000.0625,-400000.0625,-400000.0625
122.84580564498901,-400000.0625,-400000.0625,-400000.0625,-400000.0625,-400000.0625,-400000.0625,-400000.0625,-400000.0625
122.84580945968628,-400000.0625,-400000.0625,-400000.0625,-400000.0625,-400000.0625,-400000.0625,-400000.0625,-400000.0625
122.84581303596497,-400000.0625,-400000.0625,-400000.0625,-400000.0625,-400000.0625,-400000.0625,-400000.0625,-400000.0625
122.84581661224365,-400000.0625,-400000.0625,-400000.0625,-400000.0625,-400000.0625,-400000.0625,-400000.0625,-400000.0625
122.84582018852234,-400000.0625,-400000.0625,-400000.0625,-400000.0625,-400000.0625,-400000.0625,-400000.0625,-400000.0625
122.84582376480103,-400000.0625,-400000.0625,-400000.0625,-400000.0625,-400000.0625,-400000.0625,-400000.0625,-400000.0625
122.84582734107971,-400000.0625,-400000.0625,-400000.0625,-400000.0625,-400000.0625,-400000.0625,-400000.0625,-400000.0625
122.84583067893982,-400000.0625,-400000.0625,-400000.0625,-400000.0625,-400000.0625,-400000.0625,-400000.0625,-400000.0625
122.84583449363708,-400000.0625,-400000.0625,-400000.0625,-400000.0625,-400000.0625,-400000.0625,-400000.0625,-400000.0625
122.8862714767456,-400000.0625,-400000.0625,-400000.0625,-400000.0625,-400000.0625,-400000.0625,-400000.0625,-400000.0625
122.89671349525452,-400000.0625,-400000.0625,-400000.0625,-400000.0625,-400000.0625,-400000.0625,-400000.0625,-400000.0625
122.90142631530762,-400000.0625,-400000.0625,-400000.0625,-400000.0625,-400000.0625,-400000.0625,-400000.0625,-400000.0625
122.9014344215393,-400000.0625,-400000.0625,-400000.0625,-400000.0625,-400000.0625,-400000.0625,-400000.0625,-400000.0625
122.90143823623657,-400000.0625,-400000.0625,-400000.0625,-400000.0625,-400000.0625,-400000.0625,-400000.0625,-400000.0625
122.90144205093384,-400000.0625,-400000.0625,-400000.0625,-400000.0625,-400000.0625,-400000.0625,-400000.0625,-400000.0625
122.90144538879395,-400000.0625,-400000.0625,-400000.0625,-400000.0625,-400000.0625,-400000.0625,-400000.0625,-400000.0625
122.90144896507263,-400000.0625,-400000.0625,-400000.0625,-400000.0625,-400000.0625,-400000.0625,-400000.0625,-400000.0625
122.90145230293274,-400000.0625,-400000.0625,-400000.0625,-400000.0625,-400000.0625,-400000.0625,-400000.0625,-400000.0625
122.90145587921143,-400000.0625,-400000.0625,-400000.0625,-400000.0625,-400000.0625,-400000.0625,-400000.0625,-400000.0625
122.90145945549011,-400000.0625,-400000.0625,-400000.0625,-400000.0625,-400000.0625,-400000.0625,-400000.0625,-400000.0625
122.90146279335022,-400000.0625,-400000.0625,-400000.0625,-400000.0625,-400000.0625,-400000.0625,-400000.0625,-400000.0625
122.9014663696289,-400000.0625,-400000.0625,-400000.0625,-400000.0625,-400000.0625,-400000.0625,-400000.0625,-400000.0625
122.90146994590759,-400000.0625,-400000.0625,-400000.0625,-400000.0625,-400000.0625,-400000.0625,-400000.0625,-400000.0625
122.90147423744202,-400000.0625,-400000.0625,-400000.0625,-400000.0625,-400000.0625,-400000.0625,-400000.0625,-400000.0625
122.9014778137207,-400000.0625,-400000.0625,-400000.0625,-400000.0625,-400000.0625,-400000.0625,-400000.0625,-400000.0625
122.95190143585205,-400000.0625,-400000.0625,-400000.0625,-400000.0625,-400000.0625,-400000.0625,-400000.0625,-400000.0625
122.95781350135803,-400000.0625,-400000.0625,-400000.0625,-400000.0625,-400000.0625,-400000.0625,-400000.0625,-400000.0625
122.96770000457764,-400000.0625,-400000.0625,-400000.0625,-400000.0625,-400000.0625,-400000.0625,-400000.0625,-400000.0625
122.97471928596497,-400000.0625,-400000.0625,-400000.0625,-400000.0625,-400000.0625,-400000.0625,-400000.0625,-400000.0625
122.97995257377625,-400000.0625,-400000.0625,-400000.0625,-400000.0625,-400000.0625,-400000.0625,-400000.0625,-400000.0625
122.98464727401733,-400000.0625,-400000.0625,-400000.0625,-400000.0625,-400000.0625,-400000.0625,-400000.0625,-400000.0625
122.98465728759766,-400000.0625,-400000.0625,-400000.0625,-400000.0625,-400000.0625,-400000.0625,-400000.0625,-400000.0625
122.9846613407135,-400000.0625,-400000.0625,-400000.0625,-400000.0625,-400000.0625,-400000.0625,-400000.0625,-400000.0625
122.98466539382935,-400000.0625,-400000.0625,-400000.0625,-400000.0625,-400000.0625,-400000.0625,-400000.0625,-400000.0625
122.98466944694519,-400000.0625,-400000.0625,-400000.0625,-400000.0625,-400000.0625,-400000.0625,-400000.0625,-400000.0625
122.98467326164246,-400000.0625,-400000.0625,-400000.0625,-400000.0625,-400000.0625,-400000.0625,-400000.0625,-400000.0625
122.98467683792114,-400000.0625,-400000.0625,-400000.0625,-400000.0625,-400000.0625,-400000.0625,-400000.0625,-400000.0625
122.98468041419983,-400000.0625,-400000.0625,-400000.0625,-400000.0625,-400000.0625,-400000.0625,-400000.0625,-400000.0625
122.98468446731567,-400000.0625,-400000.0625,-400000.0625,-400000.0625,-400000.0625,-400000.0625,-400000.0625,-400000.0625
122.98468804359436,-400000.0625,-400000.0625,-400000.0625,-400000.0625,-400000.0625,-400000.0625,-400000.0625,-400000.0625
122.98469185829163,-400000.0625,-400000.0625,-400000.0625,-400000.0625,-400000.0625,-400000.0625,-400000.0625,-400000.0625
123.00439548492432,-400000.0625,-400000.0625,-400000.0625,-400000.0625,-400000.0625,-400000.0625,-400000.0625,-400000.0625
123.01405477523804,-400000.0625,-400000.0625,-400000.0625,-400000.0625,-400000.0625,-400000.0625,-400000.0625,-400000.0625
123.01844429969788,-400000.0625,-400000.0625,-400000.0625,-400000.0625,-400000.0625,-400000.0625,-400000.0625,-400000.0625
123.01845240592957,-400000.0625,-400000.0625,-400000.0625,-400000.0625,-400000.0625,-400000.0625,-400000.0625,-400000.0625
123.01845669746399,-400000.0625,-400000.0625,-400000.0625,-400000.0625,-400000.0625,-400000.0625,-400000.0625,-400000.0625
123.01846027374268,-400000.0625,-400000.0625,-400000.0625,-400000.0625,-400000.0625,-400000.0625,-400000.0625,-400000.0625
123.01846408843994,-400000.0625,-400000.0625,-400000.0625,-400000.0625,-400000.0625,-400000.0625,-400000.0625,-400000.0625
123.0184679031372,-400000.0625,-400000.0625,-400000.0625,-400000.0625,-400000.0625,-400000.0625,-400000.0625,-400000.0625
123.01847124099731,-400000.0625,-400000.0625,-400000.0625,-400000.0625,-400000.0625,-400000.0625,-400000.0625,-400000.0625
123.01847457885742,-400000.0625,-400000.0625,-400000.0625,-400000.0625,-400000.0625,-400000.0625,-400000.0625,-400000.0625
123.01847815513611,-400000.0625,-400000.0625,-400000.0625,-400000.0625,-400000.0625,-400000.0625,-400000.0625,-400000.0625
123.0184817314148,-400000.0625,-400000.0625,-400000.0625,-400000.0625,-400000.0625,-400000.0625,-400000.0625,-400000.0625
123.0184850692749,-400000.0625,-400000.0625,-400000.0625,-400000.0625,-400000.0625,-400000.0625,-400000.0625,-400000.0625
123.01848864555359,-400000.0625,-400000.0625,-400000.0625,-400000.0625,-400000.0625,-400000.0625,-400000.0625,-400000.0625
123.01849222183228,-400000.0625,-400000.0625,-400000.0625,-400000.0625,-400000.0625,-400000.0625,-400000.0625,-400000.0625
123.01849579811096,-400000.0625,-400000.0625,-400000.0625,-400000.0625,-400000.0625,-400000.0625,-400000.0625,-400000.0625
123.06929874420166,-400000.0625,-400000.0625,-400000.0625,-400000.0625,-400000.0625,-400000.0625,-400000.0625,-400000.0625
123.07501006126404,-400000.0625,-400000.0625,-400000.0625,-400000.0625,-400000.0625,-400000.0625,-400000.0625,-400000.0625
123.08033180236816,-400000.0625,-400000.0625,-400000.0625,-400000.0625,-400000.0625,-400000.0625,-400000.0625,-400000.0625
123.08540320396423,-400000.0625,-400000.0625,-400000.0625,-400000.0625,-400000.0625,-400000.0625,-400000.0625,-400000.0625
123.09171867370605,-400000.0625,-400000.0625,-400000.0625,-400000.0625,-400000.0625,-400000.0625,-400000.0625,-400000.0625
123.09750008583069,-400000.0625,-400000.0625,-400000.0625,-400000.0625,-400000.0625,-400000.0625,-400000.0625,-400000.0625
123.10183763504028,-400000.0625,-400000.0625,-400000.0625,-400000.0625,-400000.0625,-400000.0625,-400000.0625,-400000.0625
123.10184860229492,-400000.0625,-400000.0625,-400000.0625,-400000.0625,-400000.0625,-400000.0625,-400000.0625,-400000.0625
123.10185408592224,-400000.0625,-400000.0625,-400000.0625,-400000.0625,-400000.0625,-400000.0625,-400000.0625,-400000.0625
123.10185861587524,-400000.0625,-400000.0625,-400000.0625,-400000.0625,-400000.0625,-400000.0625,-400000.0625,-400000.0625
123.10186314582825,-400000.0625,-400000.0625,-400000.0625,-400000.0625,-400000.0625,-400000.0625,-400000.0625,-400000.0625
123.10186839103699,-400000.0625,-400000.0625,-400000.0625,-400000.0625,-400000.0625,-400000.0625,-400000.0625,-400000.0625
123.10187268257141,-400000.0625,-400000.0625,-400000.0625,-400000.0625,-400000.0625,-400000.0625,-400000.0625,-400000.0625
123.10187649726868,-400000.0625,-400000.0625,-400000.0625,-400000.0625,-400000.0625,-400000.0625,-400000.0625,-400000.0625
123.1018807888031,-400000.0625,-400000.0625,-400000.0625,-400000.0625,-400000.0625,-400000.0625,-400000.0625,-400000.0625
123.10188746452332,-400000.0625,-400000.0625,-400000.0625,-400000.0625,-400000.0625,-400000.0625,-400000.0625,-400000.0625
123.14439535140991,-400000.0625,-400000.0625,-400000.0625,-400000.0625,-400000.0625,-400000.0625,-400000.0625,-400000.0625
123.22223210334778,-400000.0625,-400000.0625,-400000.0625,-400000.0625,-400000.0625,-400000.0625,-400000.0625,-400000.0625
123.25812339782715,-400000.0625,-400000.0625,-400000.0625,-400000.0625,-400000.0625,-400000.0625,-400000.0625,-400000.0625
123.42186427116394,-400000.0625,-400000.0625,-400000.0625,-400000.0625,-400000.0625,-400000.0625,-400000.0625,-400000.0625
123.4547016620636,-400000.0625,-400000.0625,-400000.0625,-400000.0625,-400000.0625,-400000.0625,-400000.0625,-400000.0625
123.51433801651001,-400000.0625,-400000.0625,-400000.0625,-400000.0625,-400000.0625,-400000.0625,-400000.0625,-400000.0625
123.6155891418457,-400000.0625,-400000.0625,-400000.0625,-400000.0625,-400000.0625,-400000.0625,-400000.0625,-400000.0625
123.65229392051697,-400000.0625,-400000.0625,-400000.0625,-400000.0625,-400000.0625,-400000.0625,-400000.0625,-400000.0625
123.78543090820312,-400000.0625,-400000.0625,-400000.0625,-400000.0625,-400000.0625,-400000.0625,-400000.0625,-400000.0625
123.9105064868927,-400000.0625,-400000.0625,-400000.0625,-400000.0625,-400000.0625,-400000.0625,-400000.0625,-400000.0625
123.9853823184967,-400000.0625,-400000.0625,-400000.0625,-400000.0625,-400000.0625,-400000.0625,-400000.0625,-400000.0625
124.02687859535217,-400000.0625,-400000.0625,-400000.0625,-400000.0625,-400000.0625,-400000.0625,-400000.0625,-400000.0625
124.15435409545898,-400000.0625,-400000.0625,-400000.0625,-400000.0625,-400000.0625,-400000.0625,-400000.0625,-400000.0625
124.22317004203796,-400000.0625,-400000.0625,-400000.0625,-400000.0625,-400000.0625,-400000.0625,-400000.0625,-400000.0625
124.34683275222778,-400000.0625,-400000.0625,-400000.0625,-400000.0625,-400000.0625,-400000.0625,-400000.0625,-400000.0625
124.41860961914062,-400000.0625,-400000.0625,-400000.0625,-400000.0625,-400000.0625,-400000.0625,-400000.0625,-400000.0625
124.47426438331604,-400000.0625,-400000.0625,-400000.0625,-400000.0625,-400000.0625,-400000.0625,-400000.0625,-400000.0625
124.55439162254333,-400000.0625,-400000.0625,-400000.0625,-400000.0625,-400000.0625,-400000.0625,-400000.0625,-400000.0625
124.60693430900574,-400000.0625,-400000.0625,-400000.0625,-400000.0625,-400000.0625,-400000.0625,-400000.0625,-400000.0625
124.72091102600098,-400000.0625,-400000.0625,-400000.0625,-400000.0625,-400000.0625,-400000.0625,-400000.0625,-400000.0625
124.75933170318604,-400000.0625,-400000.0625,-400000.0625,-400000.0625,-400000.0625,-400000.0625,-400000.0625,-400000.0625
124.81325507164001,-400000.0625,-400000.0625,-400000.0625,-400000.0625,-400000.0625,-400000.0625,-400000.0625,-400000.0625
124.85816502571106,-400000.0625,-400000.0625,-400000.0625,-400000.0625,-400000.0625,-400000.0625,-400000.0625,-400000.0625
124.92325258255005,-400000.0625,-400000.0625,-400000.0625,-400000.0625,-400000.0625,-400000.0625,-400000.0625,-400000.0625
125.00058913230896,-400000.0625,-400000.0625,-400000.0625,-400000.0625,-400000.0625,-400000.0625,-400000.0625,-400000.0625
125.08500623703003,-400000.0625,-30864.669921875,-400000.0625,-400000.0625,-400000.0625,-400000.0625,-400000.0625,-400000.0625
125.12291550636292,-400000.0625,-25702.619140625,-400000.0625,-400000.0625,-400000.0625,-400000.0625,-400000.0625,-400000.0625
125.18583106994629,-400000.0625,-22309.16015625,-400000.0625,-400000.0625,-400000.0625,-400000.0625,-400000.0625,-400000.0625
125.19134497642517,-400000.0625,-21999.41015625,-400000.0625,-400000.0625,-400000.0625,-400000.0625,-400000.0625,-400000.0625
125.19570636749268,-400000.0625,-22521.0703125,-400000.0625,-400000.0625,-400000.0625,-400000.0625,-400000.0625,-400000.0625
125.1957151889801,-400000.0625,-22977.16015625,-400000.0625,-400000.0625,-400000.0625,-400000.0625,-400000.0625,-400000.0625
125.19571948051453,-400000.0625,-22348.98046875,-400000.0625,-400000.0625,-400000.0625,-400000.0625,-400000.0625,-400000.0625
125.19572329521179,-400000.0625,-21670.630859375,-400000.0625,-400000.0625,-400000.0625,-400000.0625,-400000.0625,-400000.0625
125.19572710990906,-400000.0625,-21444.1796875,-400000.0625,-400000.0625,-400000.0625,-400000.0625,-400000.0625,-400000.0625
125.19573068618774,-400000.0625,-21952.580078125,-400000.0625,-400000.0625,-400000.0625,-400000.0625,-400000.0625,-400000.0625
125.19573450088501,-400000.0625,-22335.580078125,-400000.0625,-400000.0625,-400000.0625,-400000.0625,-400000.0625,-400000.0625
125.1957380771637,-400000.0625,-21628.669921875,-400000.0625,-400000.0625,-400000.0625,-400000.0625,-400000.0625,-400000.0625
125.19574165344238,-400000.0625,-21002.8203125,-400000.0625,-400000.0625,-400000.0625,-400000.0625,-400000.0625,-400000.0625
125.19574570655823,-400000.0625,-20578.580078125,-400000.0625,-400000.0625,-400000.0625,-400000.0625,-400000.0625,-400000.0625
125.1957495212555,-400000.0625,-21066.380859375,-400000.0625,-400000.0625,-400000.0625,-400000.0625,-400000.0625,-400000.0625
125.19575333595276,-400000.0625,-21876.390625,-400000.0625,-400000.0625,-400000.0625,-400000.0625,-400000.0625,-400000.0625
125.19575715065002,-400000.0625,-22099.2109375,-400000.0625,-400000.0625,-400000.0625,-400000.0625,-400000.0625,-400000.0625
125.19576096534729,-400000.0625,-22147.609375,-400000.0625,-400000.0625,-400000.0625,-400000.0625,-400000.0625,-400000.0625
125.25568723678589,-400000.0625,-22438.33984375,-400000.0625,-400000.0625,-400000.0625,-400000.0625,-400000.0625,-400000.0625
125.2650375366211,-400000.0625,-23595.150390625,-400000.0625,-400000.0625,-400000.0625,-400000.0625,-400000.0625,-400000.0625
125.2698290348053,-400000.0625,-24629.310546875,-400000.0625,-400000.0625,-400000.0625,-400000.0625,-400000.0625,-400000.0625
125.26983857154846,-400000.0625,-24322.75,-400000.0625,-400000.0625,-400000.0625,-400000.0625,-400000.0625,-400000.0625
125.26984310150146,-400000.0625,-23902.419921875,-400000.0625,-400000.0625,-400000.0625,-400000.0625,-400000.0625,-400000.0625
125.26984715461731,-400000.0625,-23691.509765625,-400000.0625,-400000.0625,-400000.0625,-400000.0625,-400000.0625,-400000.0625
125.269850730896,-400000.0625,-23894.310546875,-400000.0625,-400000.0625,-400000.0625,-400000.0625,-400000.0625,-400000.0625
125.26985430717468,-400000.0625,-24024.6796875,-400000.0625,-400000.0625,-400000.0625,-400000.0625,-400000.0625,-400000.0625
125.26985788345337,-400000.0625,-22895.2890625,-400000.0625,-400000.0625,-400000.0625,-400000.0625,-400000.0625,-400000.0625
125.26986169815063,-400000.0625,-22000.119140625,-400000.0625,-400000.0625,-400000.0625,-400000.0625,-400000.0625,-400000.0625
125.26986503601074,-400000.0625,-21556.330078125,-400000.0625,-400000.0625,-400000.0625,-400000.0625,-400000.0625,-400000.0625
125.26986861228943,-400000.0625,-21748.5,-400000.0625,-400000.0625,-400000.0625,-400000.0625,-400000.0625,-400000.0625
125.26987195014954,-400000.0625,-22153.669921875,-400000.0625,-400000.0625,-400000.0625,-400000.0625,-400000.0625,-400000.0625
125.26987552642822,-400000.0625,-21659.189453125,-400000.0625,-400000.0625,-400000.0625,-400000.0625,-400000.0625,-400000.0625
125.26987910270691,-400000.0625,-21214.580078125,-400000.0625,-400000.0625,-400000.0625,-400000.0625,-400000.0625,-400000.0625
125.26988244056702,-400000.0625,-20982.98046875,-400000.0625,-400000.0625,-400000.0625,-400000.0625,-400000.0625,-400000.0625
125.31061339378357,-400000.0625,-21002.8203125,-400000.0625,-400000.0625,-400000.0625,-400000.0625,-400000.0625,-400000.0625
125.31582546234131,-400000.0625,-20727.060546875,-400000.0625,-400000.0625,-400000.0625,-400000.0625,-400000.0625,-400000.0625
125.32113528251648,-400000.0625,-19969.0390625,-400000.0625,-400000.0625,-400000.0625,-400000.0625,-400000.0625,-400000.0625
125.32582259178162,-400000.0625,-19348.48046875,-400000.0625,-400000.0625,-400000.0625,-400000.0625,-400000.0625,-400000.0625
125.32583427429199,-400000.0625,-19316.439453125,-400000.0625,-400000.0625,-400000.0625,-400000.0625,-400000.0625,-400000.0625
125.325838804245,-400000.0625,-19586.66015625,-400000.0625,-400000.0625,-400000.0625,-400000.0625,-400000.0625,-400000.0625
125.325843334198,-400000.0625,-19719.890625,-400000.0625,-400000.0625,-400000.0625,-400000.0625,-400000.0625,-400000.0625
125.32584738731384,-400000.0625,-19012.259765625,-400000.0625,-400000.0625,-400000.0625,-400000.0625,-400000.0625,-400000.0625
125.32585072517395,-400000.0625,-18544.91015625,-400000.0625,-400000.0625,-400000.0625,-400000.0625,-400000.0625,-400000.0625
125.32585453987122,-400000.0625,-18547.580078125,-400000.0625,-400000.0625,-400000.0625,-400000.0625,-400000.0625,-400000.0625
125.32585787773132,-400000.0625,-18664.029296875,-400000.0625,-400000.0625,-400000.0625,-400000.0625,-400000.0625,-400000.0625
125.32586193084717,-400000.0625,-18734.69921875,-400000.0625,-400000.0625,-400000.0625,-400000.0625,-400000.0625,-400000.0625
125.32586526870728,-400000.0625,-18104.130859375,-400000.0625,-400000.0625,-400000.0625,-400000.0625,-400000.0625,-400000.0625
125.32586908340454,-400000.0625,-17851.640625,-400000.0625,-400000.0625,-400000.0625,-400000.0625,-400000.0625,-400000.0625
125.3258728981018,-400000.0625,-17766.91015625,-400000.0625,-400000.0625,-400000.0625,-400000.0625,-400000.0625,-400000.0625
125.3258764743805,-400000.0625,-18045.669921875,-400000.0625,-400000.0625,-400000.0625,-400000.0625,-400000.0625,-400000.0625
125.38469767570496,-400000.0625,-17966.939453125,-400000.0625,-400000.0625,-400000.0625,-400000.0625,-400000.0625,-400000.0625
125.39571571350098,-400000.0625,-17273.140625,-400000.0625,-400000.0625,-400000.0625,-400000.0625,-400000.0625,-400000.0625
125.40036869049072,-400000.0625,-17027.94921875,-400000.0625,-400000.0625,-400000.0625,-400000.0625,-400000.0625,-400000.0625
125.40037775039673,-400000.0625,-17042.5,-400000.0625,-400000.0625,-400000.0625,-400000.0625,-400000.0625,-400000.0625
125.40038180351257,-400000.0625,-17219.16015625,-400000.0625,-400000.0625,-400000.0625,-400000.0625,-400000.0625,-400000.0625
125.40038585662842,-400000.0625,-17421.439453125,-400000.0625,-400000.0625,-400000.0625,-400000.0625,-400000.0625,-400000.0625
125.40039038658142,-400000.0625,-17088.419921875,-400000.0625,-400000.0625,-400000.0625,-400000.0625,-400000.0625,-400000.0625
125.40039396286011,-400000.0625,-16953.5703125,-400000.0625,-400000.0625,-400000.0625,-400000.0625,-400000.0625,-400000.0625
125.4003975391388,-400000.0625,-16916.990234375,-400000.0625,-400000.0625,-400000.0625,-400000.0625,-400000.0625,-400000.0625
125.40040111541748,-400000.0625,-17127.560546875,-400000.0625,-400000.0625,-400000.0625,-400000.0625,-400000.0625,-400000.0625
125.40040469169617,-400000.0625,-17174.439453125,-400000.0625,-400000.0625,-400000.0625,-400000.0625,-400000.0625,-400000.0625
125.40040850639343,-400000.0625,-16914.080078125,-400000.0625,-400000.0625,-400000.0625,-400000.0625,-400000.0625,-400000.0625
125.40041160583496,-400000.0625,-16596.890625,-400000.0625,-400000.0625,-400000.0625,-400000.0625,-400000.0625,-400000.0625
125.40041542053223,-400000.0625,-16559.029296875,-400000.0625,-400000.0625,-400000.0625,-400000.0625,-400000.0625,-400000.0625
125.40041899681091,-400000.0625,-16866.400390625,-400000.0625,-400000.0625,-400000.0625,-400000.0625,-400000.0625,-400000.0625
125.4004225730896,-400000.0625,-16917.80078125,-400000.0625,-400000.0625,-400000.0625,-400000.0625,-400000.0625,-400000.0625
125.444251537323,-400000.0625,-16447.689453125,-400000.0625,-400000.0625,-400000.0625,-400000.0625,-400000.0625,-400000.0625
125.45024418830872,-400000.0625,-16269.73046875,-400000.0625,-400000.0625,-400000.0625,-400000.0625,-400000.0625,-400000.0625
125.45567321777344,-400000.0625,-16575.529296875,-400000.0625,-400000.0625,-400000.0625,-400000.0625,-400000.0625,-400000.0625
125.46088790893555,-400000.0625,-16620.830078125,-400000.0625,-400000.0625,-400000.0625,-400000.0625,-400000.0625,-400000.0625
125.46526789665222,-400000.0625,-16621.400390625,-400000.0625,-400000.0625,-400000.0625,-400000.0625,-400000.0625,-400000.0625
125.46527552604675,-400000.0625,-16212.7998046875,-400000.0625,-400000.0625,-400000.0625,-400000.0625,-400000.0625,-400000.0625
125.46527981758118,-400000.0625,-16178.2802734375,-400000.0625,-400000.0625,-400000.0625,-400000.0625,-400000.0625,-400000.0625
125.46528363227844,-400000.0625,-16389.23046875,-400000.0625,-400000.0625,-400000.0625,-400000.0625,-400000.0625,-400000.0625
125.46528720855713,-400000.0625,-16351.0302734375,-400000.0625,-400000.0625,-400000.0625,-400000.0625,-400000.0625,-400000.0625
125.46529078483582,-400000.0625,-16354.0400390625,-400000.0625,-400000.0625,-400000.0625,-400000.0625,-400000.0625,-400000.0625
125.46529459953308,-400000.0625,-15998.3203125,-400000.0625,-400000.0625,-400000.0625,-400000.0625,-400000.0625,-400000.0625
125.46529793739319,-400000.0625,-15818.8798828125,-400000.0625,-400000.0625,-400000.0625,-400000.0625,-400000.0625,-400000.0625
125.46530151367188,-400000.0625,-15976.4296875,-400000.0625,-400000.0625,-400000.0625,-400000.0625,-400000.0625,-400000.0625
125.46530508995056,-400000.0625,-16072.9404296875,-400000.0625,-400000.0625,-400000.0625,-400000.0625,-400000.0625,-400000.0625
125.46530842781067,-400000.0625,-15984.349609375,-400000.0625,-400000.0625,-400000.0625,-400000.0625,-400000.0625,-400000.0625
125.46531176567078,-400000.0625,-15619.2802734375,-400000.0625,-400000.0625,-400000.0625,-400000.0625,-400000.0625,-400000.0625
125.50430965423584,-400000.0625,-15498.6904296875,-400000.0625,-400000.0625,-400000.0625,-400000.0625,-400000.0625,-400000.0625
125.5142982006073,-400000.0625,-15766.6201171875,-400000.0625,-400000.0625,-400000.0625,-400000.0625,-400000.0625,-400000.0625
125.51975083351135,-400000.0625,-15848.6904296875,-400000.0625,-400000.0625,-400000.0625,-400000.0625,-400000.0625,-400000.0625
125.52463173866272,-400000.0625,-15863.1298828125,-400000.0625,-400000.0625,-400000.0625,-400000.0625,-400000.0625,-400000.0625
125.5246410369873,-400000.0625,-15399.3095703125,-400000.0625,-400000.0625,-400000.0625,-400000.0625,-400000.0625,-400000.0625
125.52464556694031,-400000.0625,-15267.1396484375,-400000.0625,-400000.0625,-400000.0625,-400000.0625,-400000.0625,-400000.0625
125.52464938163757,-400000.0625,-15268.759765625,-400000.0625,-400000.0625,-400000.0625,-400000.0625,-400000.0625,-400000.0625
125.52465319633484,-400000.0625,-15457.2998046875,-400000.0625,-400000.0625,-400000.0625,-400000.0625,-400000.0625,-400000.0625
125.52465677261353,-400000.0625,-15486.33984375,-400000.0625,-400000.0625,-400000.0625,-400000.0625,-400000.0625,-400000.0625
125.52466034889221,-400000.0625,-15011.0302734375,-400000.0625,-400000.0625,-400000.0625,-400000.0625,-400000.0625,-400000.0625
125.5246639251709,-400000.0625,-14986.5595703125,-400000.0625,-400000.0625,-400000.0625,-400000.0625,-400000.0625,-400000.0625
125.52466750144958,-400000.0625,-15029.76953125,-400000.0625,-400000.0625,-400000.0625,-400000.0625,-400000.0625,-400000.0625
125.52467083930969,-400000.0625,-15076.1103515625,-400000.0625,-400000.0625,-400000.0625,-400000.0625,-400000.0625,-400000.0625
125.52467465400696,-400000.0625,-15077.3095703125,-400000.0625,-400000.0625,-400000.0625,-400000.0625,-400000.0625,-400000.0625
125.52467799186707,-400000.0625,-14576.009765625,-400000.0625,-400000.0625,-400000.0625,-400000.0625,-400000.0625,-400000.0625
125.52468156814575,-400000.0625,-14505.8203125,-400000.0625,-400000.0625,-400000.0625,-400000.0625,-400000.0625,-400000.0625
125.5618851184845,-400000.0625,-14682.91015625,-400000.0625,-400000.0625,-400000.0625,-400000.0625,-400000.0625,-400000.0625
125.56719970703125,-400000.0625,-14791.349609375,-400000.0625,-400000.0625,-400000.0625,-400000.0625,-400000.0625,-400000.0625
125.57332253456116,-400000.0625,-14699.7001953125,-400000.0625,-400000.0625,-400000.0625,-400000.0625,-400000.0625,-400000.0625
125.57741808891296,-400000.0625,-14115.8603515625,-400000.0625,-400000.0625,-400000.0625,-400000.0625,-400000.0625,-400000.0625
125.57742619514465,-400000.0625,-14052.5400390625,-400000.0625,-400000.0625,-400000.0625,-400000.0625,-400000.0625,-400000.0625
125.57743048667908,-400000.0625,-14273.3603515625,-400000.0625,-400000.0625,-400000.0625,-400000.0625,-400000.0625,-400000.0625
125.57743501663208,-400000.0625,-14452.3603515625,-400000.0625,-400000.0625,-400000.0625,-400000.0625,-400000.0625,-400000.0625
125.57743859291077,-400000.0625,-14423.1298828125,-400000.0625,-400000.0625,-400000.0625,-400000.0625,-400000.0625,-400000.0625
125.57744264602661,-400000.0625,-14055.2099609375,-400000.0625,-400000.0625,-400000.0625,-400000.0625,-400000.0625,-400000.0625
125.5774462223053,-400000.0625,-13953.400390625,-400000.0625,-400000.0625,-400000.0625,-400000.0625,-400000.0625,-400000.0625
125.57744979858398,-400000.0625,-14028.650390625,-400000.0625,-400000.0625,-400000.0625,-400000.0625,-400000.0625,-400000.0625
125.57745361328125,-400000.0625,-14297.9599609375,-400000.0625,-400000.0625,-400000.0625,-400000.0625,-400000.0625,-400000.0625
125.57745742797852,-400000.0625,-14266.6396484375,-400000.0625,-400000.0625,-400000.0625,-400000.0625,-400000.0625,-400000.0625
125.5774610042572,-400000.0625,-13781.41015625,-400000.0625,-400000.0625,-400000.0625,-400000.0625,-400000.0625,-400000.0625
125.57746505737305,-400000.0625,-13731.2001953125,-400000.0625,-400000.0625,-400000.0625,-400000.0625,-400000.0625,-400000.0625
125.57746911048889,-400000.0625,-13879.25,-400000.0625,-400000.0625,-400000.0625,-400000.0625,-400000.0625,-400000.0625
125.63050150871277,-400000.0625,-14054.1103515625,-400000.0625,-400000.0625,-400000.0625,-400000.0625,-400000.0625,-400000.0625
125.64053320884705,-400000.0625,-14048.9599609375,-400000.0625,-400000.0625,-400000.0625,-400000.0625,-400000.0625,-400000.0625
125.64486074447632,-400000.0625,-13602.9296875,-400000.0625,-400000.0625,-400000.0625,-400000.0625,-400000.0625,-400000.0625
125.64486837387085,-400000.0625,-13498.740234375,-400000.0625,-400000.0625,-400000.0625,-400000.0625,-400000.0625,-400000.0625
125.64487314224243,-400000.0625,-13444.1396484375,-400000.0625,-400000.0625,-400000.0625,-400000.0625,-400000.0625,-400000.0625
125.64487719535828,-400000.0625,-13669.919921875,-400000.0625,-400000.0625,-400000.0625,-400000.0625,-400000.0625,-400000.0625
125.64488124847412,-400000.0625,-13796.1396484375,-400000.0625,-400000.0625,-400000.0625,-400000.0625,-400000.0625,-400000.0625
125.64488506317139,-400000.0625,-13297.7001953125,-400000.0625,-400000.0625,-400000.0625,-400000.0625,-400000.0625,-400000.0625
125.64488887786865,-400000.0625,-13131.7197265625,-400000.0625,-400000.0625,-400000.0625,-400000.0625,-400000.0625,-400000.0625
125.64489245414734,-400000.0625,-13184.01953125,-400000.0625,-400000.0625,-400000.0625,-400000.0625,-400000.0625,-400000.0625
125.64489650726318,-400000.0625,-13328.98046875,-400000.0625,-400000.0625,-400000.0625,-400000.0625,-400000.0625,-400000.0625
125.64490008354187,-400000.0625,-13274.3896484375,-400000.0625,-400000.0625,-400000.0625,-400000.0625,-400000.0625,-400000.0625
125.64490389823914,-400000.0625,-12969.1103515625,-400000.0625,-400000.0625,-400000.0625,-400000.0625,-400000.0625,-400000.0625
125.64490723609924,-400000.0625,-12999.3896484375,-400000.0625,-400000.0625,-400000.0625,-400000.0625,-400000.0625,-400000.0625
125.64491081237793,-400000.0625,-12957.91015625,-400000.0625,-400000.0625,-400000.0625,-400000.0625,-400000.0625,-400000.0625
125.64491486549377,-400000.0625,-13156.1298828125,-400000.0625,-400000.0625,-400000.0625,-400000.0625,-400000.0625,-400000.0625
125.7942316532135,-400000.0625,-12853.150390625,-400000.0625,-400000.0625,-400000.0625,-400000.0625,-400000.0625,-400000.0625
125.8229615688324,-400000.0625,-53487.87890625,-400000.0625,-400000.0625,-400000.0625,-400000.0625,-400000.0625,-400000.0625
125.89823889732361,-400000.0625,-57159.19140625,-400000.0625,-400000.0625,-400000.0625,-400000.0625,-400000.0625,-400000.0625
125.95132112503052,-400000.0625,-84751.28125,-400000.0625,-400000.0625,-400000.0625,-400000.0625,-400000.0625,-400000.0625
126.01812744140625,-400000.0625,-140198.71875,-400000.0625,-400000.0625,-400000.0625,-400000.0625,-400000.0625,-400000.0625
126.07677173614502,-400000.0625,-164515.125,-400000.0625,-400000.0625,-400000.0625,-400000.0625,-400000.0625,-400000.0625
126.18513536453247,-400000.0625,-186135.265625,-400000.0625,-400000.0625,-400000.0625,-400000.0625,-400000.0625,-400000.0625
126.21050453186035,-400000.0625,-193016.171875,-400000.0625,-400000.0625,-400000.0625,-400000.0625,-400000.0625,-400000.0625
126.26551604270935,-400000.0625,-204625.4375,-400000.0625,-400000.0625,-400000.0625,-400000.0625,-400000.0625,-400000.0625
126.40190410614014,-400000.0625,-272591.34375,-400000.0625,-400000.0625,-400000.0625,-400000.0625,-400000.0625,-400000.0625
126.46235489845276,-400000.0625,-276557.0,-400000.0625,-400000.0625,-400000.0625,-400000.0625,-400000.0625,-400000.0625
126.55479502677917,-400000.0625,-294485.78125,-400000.0625,-400000.0625,-400000.0625,-400000.0625,-400000.0625,-400000.0625
126.65442180633545,-400000.0625,-331538.09375,-400000.0625,-400000.0625,-400000.0625,-400000.0625,-400000.0625,-400000.0625
126.7143304347992,-400000.0625,-364451.84375,-400000.0625,-400000.0625,-400000.0625,-400000.0625,-400000.0625,-400000.0625
126.78486967086792,-400000.0625,-380839.90625,-400000.0625,-400000.0625,-400000.0625,-400000.0625,-400000.0625,-400000.0625
126.85143208503723,-400000.0625,-380915.25,-400000.0625,-400000.0625,-400000.0625,-400000.0625,-400000.0625,-400000.0625
126.97192215919495,-400000.0625,-400000.0625,-400000.0625,-400000.0625,-400000.0625,-400000.0625,-400000.0625,-400000.0625
127.04564905166626,-400000.0625,-400000.0625,-400000.0625,-400000.0625,-400000.0625,-400000.0625,-400000.0625,-400000.0625
127.16192102432251,-400000.0625,-400000.0625,-400000.0625,-400000.0625,-400000.0625,-400000.0625,-400000.0625,-400000.0625
127.26752471923828,-400000.0625,-400000.0625,-400000.0625,-400000.0625,-400000.0625,-400000.0625,-400000.0625,-400000.0625
127.31549620628357,-400000.0625,-400000.0625,-400000.0625,-400000.0625,-400000.0625,-400000.0625,-400000.0625,-400000.0625
127.4993417263031,-400000.0625,-400000.0625,-400000.0625,-400000.0625,-400000.0625,-400000.0625,-400000.0625,-400000.0625
127.55404233932495,-400000.0625,-400000.0625,-400000.0625,-400000.0625,-400000.0625,-400000.0625,-400000.0625,-400000.0625
127.64553666114807,-400000.0625,-400000.0625,-400000.0625,-400000.0625,-400000.0625,-400000.0625,-400000.0625,-400000.0625
127.67818570137024,-400000.0625,-400000.0625,-400000.0625,-400000.0625,-400000.0625,-400000.0625,-400000.0625,-400000.0625
127.68521881103516,-400000.0625,-400000.0625,-400000.0625,-400000.0625,-400000.0625,-400000.0625,-400000.0625,-400000.0625
127.69083142280579,-400000.0625,-400000.0625,-400000.0625,-400000.0625,-400000.0625,-400000.0625,-400000.0625,-400000.0625
127.6959056854248,-400000.0625,-400000.0625,-400000.0625,-400000.0625,-400000.0625,-400000.0625,-400000.0625,-400000.0625
127.70160603523254,-400000.0625,-400000.0625,-400000.0625,-400000.0625,-400000.0625,-400000.0625,-400000.0625,-400000.0625
127.70761251449585,-400000.0625,-400000.0625,-400000.0625,-400000.0625,-400000.0625,-400000.0625,-400000.0625,-400000.0625
127.71382069587708,-400000.0625,-400000.0625,-400000.0625,-400000.0625,-400000.0625,-400000.0625,-400000.0625,-400000.0625
127.7218508720398,-400000.0625,-400000.0625,-400000.0625,-400000.0625,-400000.0625,-400000.0625,-400000.0625,-400000.0625
127.7280924320221,-400000.0625,-400000.0625,-400000.0625,-400000.0625,-400000.0625,-400000.0625,-400000.0625,-400000.0625
127.73378133773804,-400000.0625,-400000.0625,-400000.0625,-400000.0625,-400000.0625,-400000.0625,-400000.0625,-400000.0625
127.7410843372345,-400000.0625,-400000.0625,-400000.0625,-400000.0625,-400000.0625,-400000.0625,-400000.0625,-400000.0625
127.74671196937561,-400000.0625,-400000.0625,-400000.0625,-400000.0625,-400000.0625,-400000.0625,-400000.0625,-400000.0625
127.7581856250763,-400000.0625,-400000.0625,-400000.0625,-400000.0625,-400000.0625,-400000.0625,-400000.0625,-400000.0625
127.7626793384552,-400000.0625,-400000.0625,-400000.0625,-400000.0625,-400000.0625,-400000.0625,-400000.0625,-400000.0625
127.76268792152405,-400000.0625,-217015.15625,-400000.0625,-400000.0625,-400000.0625,-400000.0625,-400000.0625,-400000.0625
127.76269197463989,-400000.0625,-57793.71875,-400000.0625,-400000.0625,-400000.0625,-400000.0625,-400000.0625,-400000.0625
127.76269578933716,-400000.0625,-37887.76953125,-400000.0625,-400000.0625,-400000.0625,-400000.0625,-400000.0625,-400000.0625
127.76269936561584,-400000.0625,-34251.26171875,-400000.0625,-400000.0625,-400000.0625,-400000.0625,-400000.0625,-400000.0625
127.76270294189453,-400000.0625,-33261.828125,-400000.0625,-400000.0625,-400000.0625,-400000.0625,-400000.0625,-400000.0625
127.76270627975464,-400000.0625,-33014.16015625,-400000.0625,-400000.0625,-400000.0625,-400000.0625,-400000.0625,-400000.0625
127.76270985603333,-400000.0625,-32168.009765625,-400000.0625,-400000.0625,-400000.0625,-400000.0625,-400000.0625,-400000.0625
127.76271319389343,-400000.0625,-31279.330078125,-400000.0625,-400000.0625,-400000.0625,-400000.0625,-400000.0625,-400000.0625
127.76271677017212,-400000.0625,-31190.30078125,-400000.0625,-400000.0625,-400000.0625,-400000.0625,-400000.0625,-400000.0625
127.7627203464508,-400000.0625,-31489.94921875,-400000.0625,-400000.0625,-400000.0625,-400000.0625,-400000.0625,-400000.0625
127.76272392272949,-400000.0625,-31523.80078125,-400000.0625,-400000.0625,-400000.0625,-400000.0625,-400000.0625,-400000.0625
127.7627272605896,-400000.0625,-30786.279296875,-400000.0625,-400000.0625,-400000.0625,-400000.0625,-400000.0625,-400000.0625
127.76273083686829,-400000.0625,-30278.830078125,-400000.0625,-400000.0625,-400000.0625,-400000.0625,-400000.0625,-400000.0625
127.76273536682129,-400000.0625,-30105.9296875,-400000.0625,-400000.0625,-400000.0625,-400000.0625,-400000.0625,-400000.0625
127.7627387046814,-400000.0625,-30135.109375,-400000.0625,-400000.0625,-400000.0625,-400000.0625,-400000.0625,-400000.0625
127.7627420425415,-400000.0625,-30235.76953125,-400000.0625,-400000.0625,-400000.0625,-400000.0625,-400000.0625,-400000.0625
127.76274561882019,-400000.0625,-29576.73046875,-400000.0625,-400000.0625,-400000.0625,-400000.0625,-400000.0625,-400000.0625
127.76274919509888,-400000.0625,-29304.359375,-400000.0625,-400000.0625,-400000.0625,-400000.0625,-400000.0625,-400000.0625
127.80558204650879,-400000.0625,-29317.48046875,-400000.0625,-400000.0625,-400000.0625,-400000.0625,-400000.0625,-400000.0625
127.81134939193726,-400000.0625,-29461.529296875,-400000.0625,-400000.0625,-400000.0625,-400000.0625,-400000.0625,-400000.0625
127.81582498550415,-400000.0625,-29528.140625,-400000.0625,-400000.0625,-400000.0625,-400000.0625,-400000.0625,-400000.0625
127.81583309173584,-400000.0625,-28970.2890625,-400000.0625,-400000.0625,-400000.0625,-400000.0625,-400000.0625,-400000.0625
127.81583786010742,-400000.0625,-28664.349609375,-400000.0625,-400000.0625,-400000.0625,-400000.0625,-400000.0625,-400000.0625
127.815842628479,-400000.0625,-28634.359375,-400000.0625,-400000.0625,-400000.0625,-400000.0625,-400000.0625,-400000.0625
127.81584668159485,-400000.0625,-28664.740234375,-400000.0625,-400000.0625,-400000.0625,-400000.0625,-400000.0625,-400000.0625
127.8158507347107,-400000.0625,-28539.140625,-400000.0625,-400000.0625,-400000.0625,-400000.0625,-400000.0625,-400000.0625
127.81585621833801,-400000.0625,-27920.8203125,-400000.0625,-400000.0625,-400000.0625,-400000.0625,-400000.0625,-400000.0625
127.81586003303528,-400000.0625,-27797.080078125,-400000.0625,-400000.0625,-400000.0625,-400000.0625,-400000.0625,-400000.0625
127.81599426269531,-400000.0625,-27973.23046875,-400000.0625,-400000.0625,-400000.0625,-400000.0625,-400000.0625,-400000.0625
127.8160126209259,-400000.0625,-28019.619140625,-400000.0625,-400000.0625,-400000.0625,-400000.0625,-400000.0625,-400000.0625
127.81602191925049,-400000.0625,-27794.080078125,-400000.0625,-400000.0625,-400000.0625,-400000.0625,-400000.0625,-400000.0625
127.8160297870636,-400000.0625,-27028.560546875,-400000.0625,-400000.0625,-400000.0625,-400000.0625,-400000.0625,-400000.0625
127.81603741645813,-400000.0625,-26952.83984375,-400000.0625,-400000.0625,-400000.0625,-400000.0625,-400000.0625,-400000.0625
127.8160445690155,-400000.0625,-27207.23046875,-400000.0625,-400000.0625,-400000.0625,-400000.0625,-400000.0625,-400000.0625
127.86570429801941,-400000.0625,-27322.25,-400000.0625,-400000.0625,-400000.0625,-400000.0625,-400000.0625,-400000.0625
127.87872123718262,-400000.0625,-27175.619140625,-400000.0625,-400000.0625,-400000.0625,-400000.0625,-400000.0625,-400000.0625
127.88363933563232,-400000.0625,-26564.650390625,-400000.0625,-400000.0625,-400000.0625,-400000.0625,-400000.0625,-400000.0625
127.88364887237549,-400000.0625,-26527.029296875,-400000.0625,-400000.0625,-400000.0625,-400000.0625,-400000.0625,-400000.0625
127.88365292549133,-400000.0625,-26720.05078125,-400000.0625,-400000.0625,-400000.0625,-400000.0625,-400000.0625,-400000.0625
127.88365697860718,-400000.0625,-26743.990234375,-400000.0625,-400000.0625,-400000.0625,-400000.0625,-400000.0625,-400000.0625
127.88366079330444,-400000.0625,-26594.689453125,-400000.0625,-400000.0625,-400000.0625,-400000.0625,-400000.0625,-400000.0625
127.88366436958313,-400000.0625,-26005.130859375,-400000.0625,-400000.0625,-400000.0625,-400000.0625,-400000.0625,-400000.0625
127.88366866111755,-400000.0625,-26006.69921875,-400000.0625,-400000.0625,-400000.0625,-400000.0625,-400000.0625,-400000.0625
127.88367223739624,-400000.0625,-26337.009765625,-400000.0625,-400000.0625,-400000.0625,-400000.0625,-400000.0625,-400000.0625
127.8836760520935,-400000.0625,-26362.66015625,-400000.0625,-400000.0625,-400000.0625,-400000.0625,-400000.0625,-400000.0625
127.88367962837219,-400000.0625,-26102.58984375,-400000.0625,-400000.0625,-400000.0625,-400000.0625,-400000.0625,-400000.0625
127.88368320465088,-400000.0625,-25737.9609375,-400000.0625,-400000.0625,-400000.0625,-400000.0625,-400000.0625,-400000.0625
127.88368654251099,-400000.0625,-25690.1796875,-400000.0625,-400000.0625,-400000.0625,-400000.0625,-400000.0625,-400000.0625
127.88369011878967,-400000.0625,-26002.7890625,-400000.0625,-400000.0625,-400000.0625,-400000.0625,-400000.0625,-400000.0625
127.88369345664978,-400000.0625,-26117.279296875,-400000.0625,-400000.0625,-400000.0625,-400000.0625,-400000.0625,-400000.0625
127.93341660499573,-400000.0625,-26138.310546875,-400000.0625,-400000.0625,-400000.0625,-400000.0625,-400000.0625,-400000.0625
127.93961787223816,-400000.0625,-25606.30078125,-400000.0625,-400000.0625,-400000.0625,-400000.0625,-400000.0625,-400000.0625
127.94401097297668,-400000.0625,-25606.869140625,-400000.0625,-400000.0625,-400000.0625,-400000.0625,-400000.0625,-400000.0625
127.94402003288269,-400000.0625,-25866.560546875,-400000.0625,-400000.0625,-400000.0625,-400000.0625,-400000.0625,-400000.0625
127.9440245628357,-400000.0625,-25945.5703125,-400000.0625,-400000.0625,-400000.0625,-400000.0625,-400000.0625,-400000.0625
127.94402813911438,-400000.0625,-25805.669921875,-400000.0625,-400000.0625,-400000.0625,-400000.0625,-400000.0625,-400000.0625
127.94403195381165,-400000.0625,-25366.5,-400000.0625,-400000.0625,-400000.0625,-400000.0625,-400000.0625,-400000.0625
127.94403743743896,-400000.0625,-25409.080078125,-400000.0625,-400000.0625,-400000.0625,-400000.0625,-400000.0625,-400000.0625
127.9440426826477,-400000.0625,-25705.48046875,-400000.0625,-400000.0625,-400000.0625,-400000.0625,-400000.0625,-400000.0625
127.94404721260071,-400000.0625,-25749.16015625,-400000.0625,-400000.0625,-400000.0625,-400000.0625,-400000.0625,-400000.0625
127.94405174255371,-400000.0625,-25562.48046875,-400000.0625,-400000.0625,-400000.0625,-400000.0625,-400000.0625,-400000.0625
127.94405555725098,-400000.0625,-25135.189453125,-400000.0625,-400000.0625,-400000.0625,-400000.0625,-400000.0625,-400000.0625
127.94406270980835,-400000.0625,-25200.509765625,-400000.0625,-400000.0625,-400000.0625,-400000.0625,-400000.0625,-400000.0625
127.94406604766846,-400000.0625,-25643.779296875,-400000.0625,-400000.0625,-400000.0625,-400000.0625,-400000.0625,-400000.0625
127.94406962394714,-400000.0625,-26134.44921875,-400000.0625,-400000.0625,-400000.0625,-400000.0625,-400000.0625,-400000.0625
127.94407320022583,-400000.0625,-26511.19921875,-400000.0625,-400000.0625,-400000.0625,-400000.0625,-400000.0625,-400000.0625
128.01047158241272,-400000.0625,-27108.099609375,-400000.0625,-400000.0625,-308937.15625,-400000.0625,-400000.0625,-400000.0625
128.02212285995483,-400000.0625,-27217.390625,-400000.0625,-400000.0625,-97790.296875,-400000.0625,-400000.0625,-400000.0625
128.02741193771362,-400000.0625,-26097.060546875,-400000.0625,-400000.0625,-29436.310546875,-400000.0625,-400000.0625,-400000.0625
128.0322299003601,-400000.0625,-25520.470703125,-400000.0625,-400000.0625,-24584.9609375,-400000.0625,-400000.0625,-400000.0625
128.0322391986847,-400000.0625,-25182.490234375,-400000.0625,-400000.0625,-24274.30078125,-400000.0625,-400000.0625,-400000.0625
128.03224349021912,-400000.0625,-24583.580078125,-400000.0625,-400000.0625,-23154.01953125,-400000.0625,-400000.0625,-400000.0625
128.03224730491638,-400000.0625,-24536.759765625,-400000.0625,-400000.0625,-22770.650390625,-400000.0625,-400000.0625,-400000.0625
128.03225135803223,-400000.0625,-24733.259765625,-400000.0625,-400000.0625,-22975.259765625,-400000.0625,-400000.0625,-400000.0625
128.03225564956665,-400000.0625,-24819.470703125,-400000.0625,-400000.0625,-22984.080078125,-400000.0625,-400000.0625,-400000.0625
128.03225922584534,-400000.0625,-24776.560546875,-400000.0625,-400000.0625,-22785.619140625,-400000.0625,-400000.0625,-400000.0625
128.03226280212402,-400000.0625,-24178.83984375,-400000.0625,-400000.0625,-22225.94921875,-400000.0625,-400000.0625,-400000.0625
128.0322675704956,-400000.0625,-24159.9609375,-400000.0625,-400000.0625,-22380.5,-400000.0625,-400000.0625,-400000.0625
128.03227138519287,-400000.0625,-24496.560546875,-400000.0625,-400000.0625,-22858.669921875,-400000.0625,-400000.0625,-400000.0625
128.03227543830872,-400000.0625,-24578.189453125,-400000.0625,-400000.0625,-22906.830078125,-400000.0625,-400000.0625,-400000.0625
128.03227972984314,-400000.0625,-24399.08984375,-400000.0625,-400000.0625,-22568.66015625,-400000.0625,-400000.0625,-400000.0625
128.03228378295898,-400000.0625,-23899.650390625,-400000.0625,-400000.0625,-22092.19921875,-400000.0625,-400000.0625,-400000.0625
128.0687153339386,-400000.0625,-23840.759765625,-400000.0625,-400000.0625,-22203.16015625,-400000.0625,-400000.0625,-400000.0625
128.07386326789856,-400000.0625,-24080.759765625,-400000.0625,-400000.0625,-22556.119140625,-400000.0625,-400000.0625,-400000.0625
128.07884120941162,-400000.0625,-24251.23046875,-400000.0625,-400000.0625,-22620.25,-400000.0625,-400000.0625,-400000.0625
128.07884979248047,-400000.0625,-24153.0390625,-400000.0625,-400000.0625,-22335.099609375,-400000.0625,-400000.0625,-400000.0625
128.0788538455963,-400000.0625,-23718.310546875,-400000.0625,-400000.0625,-21892.7890625,-400000.0625,-400000.0625,-400000.0625
128.07885789871216,-400000.0625,-23660.759765625,-400000.0625,-400000.0625,-21989.630859375,-400000.0625,-400000.0625,-400000.0625
128.078861951828,-400000.0625,-23929.7890625,-400000.0625,-400000.0625,-22363.51953125,-400000.0625,-400000.0625,-400000.0625
128.0788655281067,-400000.0625,-24120.4296875,-400000.0625,-400000.0625,-22463.130859375,-400000.0625,-400000.0625,-400000.0625
128.07886910438538,-400000.0625,-23925.400390625,-400000.0625,-400000.0625,-22122.33984375,-400000.0625,-400000.0625,-400000.0625
128.0832543373108,-400000.0625,-23468.259765625,-400000.0625,-400000.0625,-21710.16015625,-400000.0625,-400000.0625,-400000.0625
128.08326387405396,-400000.0625,-23624.849609375,-400000.0625,-400000.0625,-22047.279296875,-400000.0625,-400000.0625,-400000.0625
128.08326816558838,-400000.0625,-23764.7109375,-400000.0625,-400000.0625,-22308.16015625,-400000.0625,-400000.0625,-400000.0625
128.0832724571228,-400000.0625,-23832.80078125,-400000.0625,-400000.0625,-22321.130859375,-400000.0625,-400000.0625,-400000.0625
128.08327651023865,-400000.0625,-23664.810546875,-400000.0625,-400000.0625,-22032.220703125,-400000.0625,-400000.0625,-400000.0625
128.08328127861023,-400000.0625,-23172.0,-400000.0625,-400000.0625,-21602.109375,-400000.0625,-400000.0625,-400000.0625
128.08328557014465,-400000.0625,-23208.5703125,-400000.0625,-400000.0625,-21835.7109375,-400000.0625,-400000.0625,-400000.0625
128.13307070732117,-400000.0625,-23478.80078125,-400000.0625,-400000.0625,-22251.560546875,-400000.0625,-400000.0625,-400000.0625
128.14273881912231,-400000.0625,-23494.76953125,-400000.0625,-400000.0625,-22227.669921875,-400000.0625,-400000.0625,-400000.0625
128.1472566127777,-400000.0625,-23253.25,-400000.0625,-400000.0625,-21875.380859375,-400000.0625,-400000.0625,-400000.0625
128.1472659111023,-400000.0625,-22833.869140625,-400000.0625,-400000.0625,-21521.900390625,-400000.0625,-400000.0625,-400000.0625
128.14727020263672,-400000.0625,-22930.9609375,-400000.0625,-400000.0625,-21812.779296875,-400000.0625,-400000.0625,-400000.0625
128.14727449417114,-400000.0625,-23240.0390625,-400000.0625,-400000.0625,-22186.5703125,-400000.0625,-400000.0625,-400000.0625
128.147278547287,-400000.0625,-23428.869140625,-400000.0625,-400000.0625,-22253.849609375,-400000.0625,-400000.0625,-400000.0625
128.14728260040283,-400000.0625,-23366.01953125,-400000.0625,-400000.0625,-22049.619140625,-400000.0625,-400000.0625,-400000.0625
128.14728617668152,-400000.0625,-22804.44921875,-400000.0625,-400000.0625,-21556.51953125,-400000.0625,-400000.0625,-400000.0625
128.1472897529602,-400000.0625,-22787.189453125,-400000.0625,-400000.0625,-21755.4609375,-400000.0625,-400000.0625,-400000.0625
128.1472933292389,-400000.0625,-23058.609375,-400000.0625,-400000.0625,-22186.419921875,-400000.0625,-400000.0625,-400000.0625
128.14729690551758,-400000.0625,-23125.83984375,-400000.0625,-400000.0625,-22205.640625,-400000.0625,-400000.0625,-400000.0625
128.14730072021484,-400000.0625,-23048.640625,-400000.0625,-400000.0625,-22024.869140625,-400000.0625,-400000.0625,-400000.0625
128.1473045349121,-400000.0625,-22528.98046875,-400000.0625,-400000.0625,-21593.859375,-400000.0625,-400000.0625,-400000.0625
128.14730787277222,-400000.0625,-22523.359375,-400000.0625,-400000.0625,-21814.869140625,-400000.0625,-400000.0625,-400000.0625
128.1473114490509,-400000.0625,-22704.69921875,-400000.0625,-400000.0625,-22139.98046875,-400000.0625,-400000.0625,-400000.0625
128.20328640937805,-400000.0625,-22815.23046875,-400000.0625,-400000.0625,-22203.73046875,-400000.0625,-400000.0625,-400000.0625
128.25557708740234,-400000.0625,-22019.009765625,-400000.0625,-400000.0625,-41488.03125,-400000.0625,-400000.0625,-400000.0625
128.3142340183258,-400000.0625,-21648.55078125,-400000.0625,-400000.0625,-85533.4921875,-400000.0625,-400000.0625,-400000.0625
128.39989638328552,-400000.0625,-21285.109375,-400000.0625,-400000.0625,-112733.65625,-400000.0625,-400000.0625,-400000.0625
128.44593143463135,-400000.0625,-17024.189453125,-400000.0625,-400000.0625,-142721.34375,-400000.0625,-400000.0625,-400000.0625
128.58361506462097,-400000.0625,-58370.6015625,-400000.0625,-400000.0625,-211889.296875,-400000.0625,-400000.0625,-400000.0625
128.65012907981873,-400000.0625,-91901.40625,-400000.0625,-400000.0625,-249569.265625,-400000.0625,-400000.0625,-400000.0625
128.73684811592102,-400000.0625,-86049.609375,-400000.0625,-400000.0625,-271589.375,-400000.0625,-400000.0625,-400000.0625
128.76710510253906,-400000.0625,-110239.328125,-400000.0625,-400000.0625,-300347.375,-400000.0625,-400000.0625,-400000.0625
128.9592752456665,-400000.0625,-176475.546875,-400000.0625,-400000.0625,-377868.125,-400000.0625,-400000.0625,-400000.0625
129.03402423858643,-400000.0625,-190887.28125,-400000.0625,-400000.0625,-399222.21875,-400000.0625,-400000.0625,-400000.0625
129.12717700004578,-400000.0625,-189356.40625,-400000.0625,-400000.0625,-400000.0625,-400000.0625,-400000.0625,-400000.0625
129.21190071105957,-400000.0625,-220582.453125,-400000.0625,-400000.0625,-400000.0625,-400000.0625,-400000.0625,-400000.0625
129.2833878993988,-400000.0625,-250220.421875,-400000.0625,-400000.0625,-400000.0625,-400000.0625,-400000.0625,-400000.0625
129.35185647010803,-400000.0625,-263267.0625,-400000.0625,-400000.0625,-400000.0625,-400000.0625,-400000.0625,-400000.0625
129.40424466133118,-400000.0625,-259784.921875,-400000.0625,-400000.0625,-400000.0625,-400000.0625,-400000.0625,-400000.0625
129.5009799003601,-400000.0625,-264054.84375,-400000.0625,-400000.0625,-400000.0625,-400000.0625,-400000.0625,-400000.0625
129.60024905204773,-400000.0625,-316072.96875,-400000.0625,-400000.0625,-400000.0625,-400000.0625,-400000.0625,-400000.0625
129.66681933403015,-400000.0625,-311282.0625,-400000.0625,-400000.0625,-400000.0625,-400000.0625,-400000.0625,-400000.0625
129.72425317764282,-400000.0625,-341871.90625,-400000.0625,-400000.0625,-400000.0625,-400000.0625,-400000.0625,-400000.0625
129.88457655906677,-400000.0625,-348223.625,-400000.0625,-400000.0625,-400000.0625,-400000.0625,-400000.0625,-400000.0625
129.92292094230652,-400000.0625,-374774.875,-400000.0625,-400000.0625,-400000.0625,-400000.0625,-400000.0625,-400000.0625
129.97804760932922,-400000.0625,-368292.65625,-400000.0625,-400000.0625,-400000.0625,-400000.0625,-400000.0625,-400000.0625
130.05306768417358,-400000.0625,-378068.4375,-400000.0625,-400000.0625,-400000.0625,-400000.0625,-400000.0625,-400000.0625
130.1335952281952,-400000.0625,-393244.75,-400000.0625,-400000.0625,-400000.0625,-400000.0625,-400000.0625,-400000.0625
130.20066857337952,-400000.0625,-400000.0625,-400000.0625,-400000.0625,-400000.0625,-400000.0625,-400000.0625,-400000.0625
130.21217131614685,-400000.0625,-400000.0625,-400000.0625,-400000.0625,-400000.0625,-400000.0625,-400000.0625,-400000.0625
130.21785140037537,-400000.0625,-400000.0625,-400000.0625,-400000.0625,-400000.0625,-400000.0625,-400000.0625,-400000.0625
130.2230725288391,-400000.0625,-400000.0625,-400000.0625,-400000.0625,-400000.0625,-400000.0625,-400000.0625,-400000.0625
130.22782111167908,-400000.0625,-393073.375,-400000.0625,-400000.0625,-400000.0625,-400000.0625,-400000.0625,-400000.0625
130.22783041000366,-400000.0625,-400000.0625,-400000.0625,-400000.0625,-400000.0625,-400000.0625,-400000.0625,-400000.0625
130.2278347015381,-400000.0625,-400000.0625,-400000.0625,-400000.0625,-400000.0625,-400000.0625,-400000.0625,-400000.0625
130.22783875465393,-400000.0625,-400000.0625,-400000.0625,-400000.0625,-400000.0625,-400000.0625,-400000.0625,-400000.0625
130.2278425693512,-400000.0625,-400000.0625,-400000.0625,-400000.0625,-400000.0625,-400000.0625,-400000.0625,-400000.0625
130.22784638404846,-400000.0625,-396622.65625,-400000.0625,-400000.0625,-400000.0625,-400000.0625,-400000.0625,-400000.0625
130.22784996032715,-400000.0625,-400000.0625,-400000.0625,-400000.0625,-400000.0625,-400000.0625,-400000.0625,-400000.0625
130.22785353660583,-400000.0625,-400000.0625,-400000.0625,-400000.0625,-400000.0625,-400000.0625,-400000.0625,-400000.0625
130.22785758972168,-400000.0625,-400000.0625,-400000.0625,-400000.0625,-400000.0625,-400000.0625,-400000.0625,-400000.0625
130.22786116600037,-400000.0625,-400000.0625,-400000.0625,-400000.0625,-400000.0625,-400000.0625,-400000.0625,-400000.0625
130.22786450386047,-400000.0625,-399797.0625,-400000.0625,-400000.0625,-400000.0625,-400000.0625,-400000.0625,-400000.0625
130.227867603302,-400000.0625,-400000.0625,-400000.0625,-400000.0625,-400000.0625,-400000.0625,-400000.0625,-400000.0625
130.23553466796875,-400000.0625,-400000.0625,-400000.0625,-400000.0625,-400000.0625,-400000.0625,-400000.0625,-400000.0625
130.2418131828308,-400000.0625,-400000.0625,-400000.0625,-400000.0625,-400000.0625,-400000.0625,-400000.0625,-400000.0625
130.24636554718018,-400000.0625,-400000.0625,-400000.0625,-400000.0625,-400000.0625,-400000.0625,-400000.0625,-400000.0625
130.2463731765747,-400000.0625,-400000.0625,-400000.0625,-400000.0625,-400000.0625,-400000.0625,-400000.0625,-400000.0625
130.24637746810913,-400000.0625,-400000.0625,-400000.0625,-400000.0625,-400000.0625,-400000.0625,-400000.0625,-400000.0625
130.2463812828064,-400000.0625,-400000.0625,-400000.0625,-400000.0625,-400000.0625,-400000.0625,-400000.0625,-400000.0625
130.24638533592224,-400000.0625,-400000.0625,-400000.0625,-400000.0625,-400000.0625,-400000.0625,-400000.0625,-400000.0625
130.24638891220093,-400000.0625,-400000.0625,-400000.0625,-400000.0625,-400000.0625,-400000.0625,-400000.0625,-400000.0625
130.24639248847961,-400000.0625,-400000.0625,-400000.0625,-400000.0625,-400000.0625,-400000.0625,-400000.0625,-400000.0625
130.2463960647583,-400000.0625,-400000.0625,-400000.0625,-400000.0625,-400000.0625,-400000.0625,-400000.0625,-400000.0625
130.246399641037,-400000.0625,-400000.0625,-400000.0625,-400000.0625,-400000.0625,-400000.0625,-400000.0625,-400000.0625
130.24640321731567,-400000.0625,-400000.0625,-400000.0625,-400000.0625,-400000.0625,-400000.0625,-400000.0625,-400000.0625
130.24640679359436,-400000.0625,-400000.0625,-400000.0625,-400000.0625,-400000.0625,-400000.0625,-400000.0625,-400000.0625
130.24641036987305,-400000.0625,-400000.0625,-400000.0625,-400000.0625,-400000.0625,-400000.0625,-400000.0625,-400000.0625
130.24641370773315,-400000.0625,-400000.0625,-400000.0625,-400000.0625,-400000.0625,-400000.0625,-400000.0625,-400000.0625
130.24641728401184,-400000.0625,-400000.0625,-400000.0625,-400000.0625,-400000.0625,-400000.0625,-400000.0625,-400000.0625
130.29936861991882,-400000.0625,-400000.0625,-400000.0625,-400000.0625,-400000.0625,-400000.0625,-400000.0625,-400000.0625
130.30573177337646,-400000.0625,-400000.0625,-400000.0625,-400000.0625,-400000.0625,-400000.0625,-400000.0625,-400000.0625
130.31449055671692,-400000.0625,-400000.0625,-400000.0625,-400000.0625,-400000.0625,-400000.0625,-400000.0625,-400000.0625
130.32064080238342,-400000.0625,-400000.0625,-400000.0625,-400000.0625,-400000.0625,-400000.0625,-400000.0625,-400000.0625
130.32611227035522,-400000.0625,-400000.0625,-400000.0625,-400000.0625,-400000.0625,-400000.0625,-400000.0625,-400000.0625
130.3310821056366,-400000.0625,-400000.0625,-400000.0625,-400000.0625,-400000.0625,-400000.0625,-400000.0625,-400000.0625
130.33109092712402,-400000.0625,-400000.0625,-400000.0625,-400000.0625,-400000.0625,-400000.0625,-400000.0625,-400000.0625
130.33109593391418,-400000.0625,-400000.0625,-400000.0625,-400000.0625,-400000.0625,-400000.0625,-400000.0625,-400000.0625
130.33109974861145,-400000.0625,-400000.0625,-400000.0625,-400000.0625,-400000.0625,-400000.0625,-400000.0625,-400000.0625
130.33110356330872,-400000.0625,-400000.0625,-400000.0625,-400000.0625,-400000.0625,-400000.0625,-400000.0625,-400000.0625
130.33110690116882,-400000.0625,-400000.0625,-400000.0625,-400000.0625,-400000.0625,-400000.0625,-400000.0625,-400000.0625
130.33111023902893,-400000.0625,-400000.0625,-400000.0625,-400000.0625,-400000.0625,-400000.0625,-400000.0625,-400000.0625
130.3311140537262,-400000.0625,-400000.0625,-400000.0625,-400000.0625,-400000.0625,-400000.0625,-400000.0625,-400000.0625
130.33111810684204,-400000.0625,-400000.0625,-400000.0625,-400000.0625,-400000.0625,-400000.0625,-400000.0625,-400000.0625
130.33687353134155,-400000.0625,-400000.0625,-400000.0625,-400000.0625,-400000.0625,-400000.0625,-400000.0625,-400000.0625
130.3417329788208,-400000.0625,-400000.0625,-400000.0625,-400000.0625,-400000.0625,-400000.0625,-400000.0625,-400000.0625
130.36293816566467,-400000.0625,-400000.0625,-400000.0625,-400000.0625,-400000.0625,-400000.0625,-400000.0625,-400000.0625
130.36952662467957,-400000.0625,-400000.0625,-400000.0625,-400000.0625,-400000.0625,-400000.0625,-400000.0625,-400000.0625
130.37457466125488,-400000.0625,-400000.0625,-400000.0625,-400000.0625,-400000.0625,-400000.0625,-400000.0625,-400000.0625
130.3791582584381,-400000.0625,-400000.0625,-400000.0625,-400000.0625,-400000.0625,-400000.0625,-400000.0625,-400000.0625
130.37916660308838,-400000.0625,-400000.0625,-400000.0625,-400000.0625,-400000.0625,-400000.0625,-400000.0625,-400000.0625
130.37917113304138,-400000.0625,-400000.0625,-400000.0625,-400000.0625,-400000.0625,-400000.0625,-400000.0625,-400000.0625
130.37917494773865,-400000.0625,-400000.0625,-400000.0625,-400000.0625,-400000.0625,-400000.0625,-400000.0625,-400000.0625
130.37917923927307,-400000.0625,-400000.0625,-400000.0625,-400000.0625,-400000.0625,-400000.0625,-400000.0625,-400000.0625
130.37918329238892,-400000.0625,-400000.0625,-400000.0625,-400000.0625,-400000.0625,-400000.0625,-400000.0625,-400000.0625
130.3791868686676,-400000.0625,-400000.0625,-400000.0625,-400000.0625,-400000.0625,-400000.0625,-400000.0625,-400000.0625
130.3791902065277,-400000.0625,-400000.0625,-400000.0625,-400000.0625,-400000.0625,-400000.0625,-400000.0625,-400000.0625
130.3791937828064,-400000.0625,-400000.0625,-400000.0625,-400000.0625,-400000.0625,-400000.0625,-400000.0625,-400000.0625
130.37919783592224,-400000.0625,-400000.0625,-400000.0625,-400000.0625,-400000.0625,-400000.0625,-400000.0625,-400000.0625
130.3792016506195,-400000.0625,-400000.0625,-400000.0625,-400000.0625,-400000.0625,-400000.0625,-400000.0625,-400000.0625
130.37920498847961,-400000.0625,-400000.0625,-400000.0625,-400000.0625,-400000.0625,-400000.0625,-400000.0625,-400000.0625
130.3792085647583,-400000.0625,-400000.0625,-400000.0625,-400000.0625,-400000.0625,-400000.0625,-400000.0625,-400000.0625
130.42928957939148,-400000.0625,-400000.0625,-400000.0625,-400000.0625,-400000.0625,-400000.0625,-400000.0625,-400000.0625
130.43919920921326,-400000.0625,-400000.0625,-400000.0625,-400000.0625,-400000.0625,-400000.0625,-400000.0625,-400000.0625
130.44406509399414,-400000.0625,-400000.0625,-400000.0625,-400000.0625,-400000.0625,-400000.0625,-400000.0625,-400000.0625
130.44407439231873,-400000.0625,-400000.0625,-400000.0625,-400000.0625,-400000.0625,-400000.0625,-400000.0625,-400000.0625
130.4440791606903,-400000.0625,-400000.0625,-400000.0625,-400000.0625,-400000.0625,-400000.0625,-400000.0625,-400000.0625
130.4440848827362,-400000.0625,-400000.0625,-400000.0625,-400000.0625,-400000.0625,-400000.0625,-400000.0625,-400000.0625
130.44408869743347,-400000.0625,-400000.0625,-400000.0625,-400000.0625,-400000.0625,-400000.0625,-400000.0625,-400000.0625
130.44409227371216,-400000.0625,-400000.0625,-400000.0625,-400000.0625,-400000.0625,-400000.0625,-400000.0625,-400000.0625
130.44409584999084,-400000.0625,-400000.0625,-400000.0625,-400000.0625,-400000.0625,-400000.0625,-400000.0625,-400000.0625
130.44409918785095,-400000.0625,-400000.0625,-400000.0625,-400000.0625,-400000.0625,-400000.0625,-400000.0625,-400000.0625
130.44410276412964,-400000.0625,-400000.0625,-400000.0625,-400000.0625,-400000.0625,-400000.0625,-400000.0625,-400000.0625
130.44410610198975,-400000.0625,-400000.0625,-400000.0625,-400000.0625,-400000.0625,-400000.0625,-400000.0625,-400000.0625
130.44410967826843,-400000.0625,-400000.0625,-400000.0625,-400000.0625,-400000.0625,-400000.0625,-400000.0625,-400000.0625
130.44411301612854,-400000.0625,-400000.0625,-400000.0625,-400000.0625,-400000.0625,-400000.0625,-400000.0625,-400000.0625
130.44411635398865,-400000.0625,-400000.0625,-400000.0625,-400000.0625,-400000.0625,-400000.0625,-400000.0625,-400000.0625
130.44411993026733,-400000.0625,-400000.0625,-400000.0625,-400000.0625,-400000.0625,-400000.0625,-400000.0625,-400000.0625
130.51322960853577,-400000.0625,-400000.0625,-400000.0625,-400000.0625,-400000.0625,-400000.0625,-400000.0625,-400000.0625
130.5196352005005,-400000.0625,-400000.0625,-400000.0625,-400000.0625,-400000.0625,-400000.0625,-400000.0625,-400000.0625
130.52506065368652,-400000.0625,-360852.1875,-400000.0625,-400000.0625,-400000.0625,-400000.0625,-400000.0625,-400000.0625
130.53068375587463,-400000.0625,-107862.2890625,-400000.0625,-400000.0625,-400000.0625,-400000.0625,-400000.0625,-400000.0625
130.54097652435303,-400000.0625,-36169.578125,-400000.0625,-400000.0625,-400000.0625,-400000.0625,-400000.0625,-400000.0625
130.5454125404358,-400000.0625,-30872.109375,-400000.0625,-400000.0625,-400000.0625,-400000.0625,-400000.0625,-400000.0625
130.54542136192322,-400000.0625,-28863.4296875,-400000.0625,-400000.0625,-400000.0625,-400000.0625,-400000.0625,-400000.0625
130.54542565345764,-400000.0625,-27578.689453125,-400000.0625,-400000.0625,-400000.0625,-400000.0625,-400000.0625,-400000.0625
130.54542922973633,-400000.0625,-27032.5703125,-400000.0625,-400000.0625,-400000.0625,-400000.0625,-400000.0625,-400000.0625
130.5454330444336,-400000.0625,-26968.009765625,-400000.0625,-400000.0625,-400000.0625,-400000.0625,-400000.0625,-400000.0625
130.54543685913086,-400000.0625,-26855.7109375,-400000.0625,-400000.0625,-400000.0625,-400000.0625,-400000.0625,-400000.0625
130.54544043540955,-400000.0625,-26325.66015625,-400000.0625,-400000.0625,-400000.0625,-400000.0625,-400000.0625,-400000.0625
130.54544377326965,-400000.0625,-25997.0703125,-400000.0625,-400000.0625,-400000.0625,-400000.0625,-400000.0625,-400000.0625
130.54544734954834,-400000.0625,-25892.7890625,-400000.0625,-400000.0625,-400000.0625,-400000.0625,-400000.0625,-400000.0625
130.54545068740845,-400000.0625,-26049.189453125,-400000.0625,-400000.0625,-400000.0625,-400000.0625,-400000.0625,-400000.0625
130.54545426368713,-400000.0625,-25957.109375,-400000.0625,-400000.0625,-400000.0625,-400000.0625,-400000.0625,-400000.0625
130.59679317474365,-400000.0625,-25423.720703125,-400000.0625,-400000.0625,-400000.0625,-400000.0625,-400000.0625,-400000.0625
130.60319995880127,-400000.0625,-25446.470703125,-400000.0625,-400000.0625,-400000.0625,-400000.0625,-400000.0625,-400000.0625
130.6086449623108,-400000.0625,-25665.05078125,-400000.0625,-400000.0625,-400000.0625,-400000.0625,-400000.0625,-400000.0625
130.61345052719116,-400000.0625,-25915.720703125,-400000.0625,-400000.0625,-400000.0625,-400000.0625,-400000.0625,-400000.0625
130.6134593486786,-400000.0625,-25886.16015625,-400000.0625,-400000.0625,-400000.0625,-400000.0625,-400000.0625,-400000.0625
130.61346340179443,-400000.0625,-25357.6796875,-400000.0625,-400000.0625,-400000.0625,-400000.0625,-400000.0625,-400000.0625
130.6134672164917,-400000.0625,-25363.44921875,-400000.0625,-400000.0625,-400000.0625,-400000.0625,-400000.0625,-400000.0625
130.61347103118896,-400000.0625,-25501.490234375,-400000.0625,-400000.0625,-400000.0625,-400000.0625,-400000.0625,-400000.0625
130.61347460746765,-400000.0625,-25708.390625,-400000.0625,-400000.0625,-400000.0625,-400000.0625,-400000.0625,-400000.0625
130.61347818374634,-400000.0625,-28283.740234375,-400000.0625,-400000.0625,-321961.375,-400000.0625,-400000.0625,-400000.0625
130.61348176002502,-400000.0625,-27287.099609375,-400000.0625,-400000.0625,-59211.30859375,-400000.0625,-400000.0625,-400000.0625
130.6134853363037,-400000.0625,-25250.25,-400000.0625,-400000.0625,-25356.109375,-400000.0625,-400000.0625,-400000.0625
130.6134889125824,-400000.0625,-25080.25,-400000.0625,-400000.0625,-24826.099609375,-400000.0625,-400000.0625,-400000.0625
130.61349272727966,-400000.0625,-25071.91015625,-400000.0625,-400000.0625,-24459.650390625,-400000.0625,-400000.0625,-400000.0625
130.61349606513977,-400000.0625,-24939.01953125,-400000.0625,-400000.0625,-23932.41015625,-400000.0625,-400000.0625,-400000.0625
130.61349987983704,-400000.0625,-24294.4296875,-400000.0625,-400000.0625,-23277.08984375,-400000.0625,-400000.0625,-400000.0625
130.61939096450806,-400000.0625,-24240.779296875,-400000.0625,-400000.0625,-23463.490234375,-400000.0625,-400000.0625,-400000.0625
130.62486934661865,-400000.0625,-24379.30078125,-400000.0625,-400000.0625,-23740.009765625,-400000.0625,-400000.0625,-400000.0625
130.62968921661377,-400000.0625,-24485.640625,-400000.0625,-400000.0625,-23647.83984375,-400000.0625,-400000.0625,-400000.0625
130.62969756126404,-400000.0625,-24402.05078125,-400000.0625,-400000.0625,-23303.849609375,-400000.0625,-400000.0625,-400000.0625
130.62970185279846,-400000.0625,-23948.9609375,-400000.0625,-400000.0625,-22842.4609375,-400000.0625,-400000.0625,-400000.0625
130.62970614433289,-400000.0625,-23986.150390625,-400000.0625,-400000.0625,-23001.630859375,-400000.0625,-400000.0625,-400000.0625
130.62970995903015,-400000.0625,-24193.189453125,-400000.0625,-400000.0625,-23284.150390625,-400000.0625,-400000.0625,-400000.0625
130.62971353530884,-400000.0625,-24315.0703125,-400000.0625,-400000.0625,-23238.66015625,-400000.0625,-400000.0625,-400000.0625
130.62971711158752,-400000.0625,-24075.080078125,-400000.0625,-400000.0625,-22815.419921875,-400000.0625,-400000.0625,-400000.0625
130.6297209262848,-400000.0625,-23436.220703125,-400000.0625,-400000.0625,-22283.650390625,-400000.0625,-400000.0625,-400000.0625
130.62972450256348,-400000.0625,-23471.41015625,-400000.0625,-400000.0625,-22531.560546875,-400000.0625,-400000.0625,-400000.0625
130.62972807884216,-400000.0625,-23645.98046875,-400000.0625,-400000.0625,-22804.98046875,-400000.0625,-400000.0625,-400000.0625
130.62973189353943,-400000.0625,-23821.98046875,-400000.0625,-400000.0625,-22854.380859375,-400000.0625,-400000.0625,-400000.0625
130.6297357082367,-400000.0625,-23598.05078125,-400000.0625,-400000.0625,-22480.16015625,-400000.0625,-400000.0625,-400000.0625
130.62973928451538,-400000.0625,-23109.580078125,-400000.0625,-400000.0625,-22022.150390625,-400000.0625,-400000.0625,-400000.0625
130.62974286079407,-400000.0625,-23141.859375,-400000.0625,-400000.0625,-22245.220703125,-400000.0625,-400000.0625,-400000.0625
130.7495551109314,-400000.0625,-21665.240234375,-400000.0625,-400000.0625,-21415.51953125,-400000.0625,-400000.0625,-400000.0625
130.81547832489014,-400000.0625,-20538.189453125,-400000.0625,-400000.0625,-21124.69921875,-400000.0625,-400000.0625,-400000.0625
130.88263535499573,-400000.0625,-19722.75,-400000.0625,-400000.0625,-21870.470703125,-400000.0625,-400000.0625,-400000.0625
130.97095108032227,-400000.0625,-18722.869140625,-400000.0625,-400000.0625,-49026.3984375,-400000.0625,-400000.0625,-400000.0625
131.00301575660706,-400000.0625,-5245.06982421875,-400000.0625,-400000.0625,-76952.3671875,-400000.0625,-400000.0625,-400000.0625
131.06631636619568,-400000.0625,-48443.37109375,-400000.0625,-400000.0625,-127150.9765625,-400000.0625,-400000.0625,-400000.0625
131.13406038284302,-400000.0625,-49967.62890625,-400000.0625,-400000.0625,-153450.40625,-400000.0625,-400000.0625,-400000.0625
131.25802731513977,-400000.0625,-96826.65625,-400000.0625,-400000.0625,-228377.3125,-400000.0625,-400000.0625,-400000.0625
131.33802485466003,-400000.0625,-92470.0390625,-400000.0625,-400000.0625,-250760.0625,-400000.0625,-400000.0625,-400000.0625
131.39941120147705,-400000.0625,-108829.3203125,-400000.0625,-400000.0625,-277807.03125,-400000.0625,-400000.0625,-400000.0625
131.45445442199707,-400000.0625,-154360.359375,-400000.0625,-400000.0625,-317444.21875,-400000.0625,-400000.0625,-400000.0625
131.51578211784363,-400000.0625,-165536.84375,-400000.0625,-400000.0625,-341644.65625,-400000.0625,-400000.0625,-400000.0625
131.7053861618042,-400000.0625,-202830.625,-400000.0625,-400000.0625,-400000.0625,-400000.0625,-400000.0625,-400000.0625
131.77703070640564,-400000.0625,-216307.328125,-400000.0625,-400000.0625,-400000.0625,-400000.0625,-400000.0625,-400000.0625
131.83457493782043,-400000.0625,-245320.921875,-400000.0625,-400000.0625,-400000.0625,-400000.0625,-400000.0625,-400000.0625
131.89952516555786,-400000.0625,-253821.40625,-400000.0625,-400000.0625,-400000.0625,-400000.0625,-400000.0625,-400000.0625
131.96552968025208,-400000.0625,-250980.125,-400000.0625,-400000.0625,-400000.0625,-400000.0625,-400000.0625,-400000.0625
132.06457781791687,-400000.0625,-292711.09375,-400000.0625,-400000.0625,-400000.0625,-400000.0625,-400000.0625,-400000.0625
132.0906229019165,-400000.0625,-301240.46875,-400000.0625,-400000.0625,-400000.0625,-400000.0625,-400000.0625,-400000.0625
132.1580719947815,-400000.0625,-313821.875,-400000.0625,-400000.0625,-400000.0625,-400000.0625,-400000.0625,-400000.0625
132.2206313610077,-400000.0625,-320804.34375,-400000.0625,-400000.0625,-400000.0625,-400000.0625,-400000.0625,-400000.0625
132.30424427986145,-400000.0625,-316533.84375,-400000.0625,-400000.0625,-400000.0625,-400000.0625,-400000.0625,-400000.0625
132.38438391685486,-400000.0625,-324107.71875,-400000.0625,-400000.0625,-400000.0625,-400000.0625,-400000.0625,-400000.0625
132.45439648628235,-400000.0625,-36154.55859375,-400000.0625,-400000.0625,-400000.0625,-400000.0625,-400000.0625,-400000.0625
132.47817373275757,-400000.0625,-32273.9609375,-400000.0625,-400000.0625,-400000.0625,-400000.0625,-400000.0625,-400000.0625
132.55310487747192,-400000.0625,-28662.73046875,-400000.0625,-400000.0625,-400000.0625,-400000.0625,-400000.0625,-400000.0625
132.6061451435089,-400000.0625,-26736.689453125,-400000.0625,-400000.0625,-400000.0625,-400000.0625,-400000.0625,-400000.0625
132.66794991493225,-400000.0625,-25313.189453125,-400000.0625,-400000.0625,-25054.359375,-400000.0625,-400000.0625,-400000.0625
132.77425813674927,-400000.0625,-23102.140625,-400000.0625,-400000.0625,-24059.970703125,-400000.0625,-400000.0625,-400000.0625
132.78577589988708,-400000.0625,-22723.390625,-400000.0625,-400000.0625,-23795.080078125,-400000.0625,-400000.0625,-400000.0625
132.79054498672485,-400000.0625,-22829.76953125,-400000.0625,-400000.0625,-24133.58984375,-400000.0625,-400000.0625,-400000.0625
132.7905535697937,-400000.0625,-23010.919921875,-400000.0625,-400000.0625,-24381.689453125,-400000.0625,-400000.0625,-400000.0625
132.79055857658386,-400000.0625,-23085.55078125,-400000.0625,-400000.0625,-24310.400390625,-400000.0625,-400000.0625,-400000.0625
132.79056191444397,-400000.0625,-22713.23046875,-400000.0625,-400000.0625,-23844.240234375,-400000.0625,-400000.0625,-400000.0625
132.7905650138855,-400000.0625,-22252.130859375,-400000.0625,-400000.0625,-23541.55078125,-400000.0625,-400000.0625,-400000.0625
132.7905683517456,-400000.0625,-22352.080078125,-400000.0625,-400000.0625,-23859.9296875,-400000.0625,-400000.0625,-400000.0625
132.79057145118713,-400000.0625,-22671.3203125,-400000.0625,-400000.0625,-24259.05078125,-400000.0625,-400000.0625,-400000.0625
132.79057431221008,-400000.0625,-22634.509765625,-400000.0625,-400000.0625,-24105.220703125,-400000.0625,-400000.0625,-400000.0625
132.7905776500702,-400000.0625,-22204.9296875,-400000.0625,-400000.0625,-23595.2890625,-400000.0625,-400000.0625,-400000.0625
132.7905809879303,-400000.0625,-21779.01953125,-400000.0625,-400000.0625,-23310.279296875,-400000.0625,-400000.0625,-400000.0625
132.7905843257904,-400000.0625,-21956.73046875,-400000.0625,-400000.0625,-23704.48046875,-400000.0625,-400000.0625,-400000.0625
132.79058742523193,-400000.0625,-22200.6796875,-400000.0625,-400000.0625,-23993.30078125,-400000.0625,-400000.0625,-400000.0625
132.79059028625488,-400000.0625,-22133.640625,-400000.0625,-400000.0625,-23796.279296875,-400000.0625,-400000.0625,-400000.0625
132.790593624115,-400000.0625,-21802.759765625,-400000.0625,-400000.0625,-23413.51953125,-400000.0625,-400000.0625,-400000.0625
132.8004126548767,-400000.0625,-21388.9609375,-400000.0625,-400000.0625,-23145.76953125,-400000.0625,-400000.0625,-400000.0625
132.8063862323761,-400000.0625,-21569.109375,-400000.0625,-400000.0625,-23532.349609375,-400000.0625,-400000.0625,-400000.0625
132.81257557868958,-400000.0625,-21813.060546875,-400000.0625,-400000.0625,-23861.220703125,-400000.0625,-400000.0625,-400000.0625
132.819242477417,-400000.0625,-21812.30078125,-400000.0625,-400000.0625,-23772.0,-400000.0625,-400000.0625,-400000.0625
132.82489347457886,-400000.0625,-21512.990234375,-400000.0625,-400000.0625,-23418.720703125,-400000.0625,-400000.0625,-400000.0625
132.8299059867859,-400000.0625,-21173.48046875,-400000.0625,-400000.0625,-23220.970703125,-400000.0625,-400000.0625,-400000.0625
132.83531427383423,-400000.0625,-21418.619140625,-400000.0625,-400000.0625,-23684.98046875,-400000.0625,-400000.0625,-400000.0625
132.84021496772766,-400000.0625,-21537.880859375,-400000.0625,-400000.0625,-23897.75,-400000.0625,-400000.0625,-400000.0625
132.84022402763367,-400000.0625,-21291.9296875,-400000.0625,-400000.0625,-23579.599609375,-400000.0625,-400000.0625,-400000.0625
132.8402283191681,-400000.0625,-20785.2890625,-400000.0625,-400000.0625,-23020.650390625,-400000.0625,-400000.0625,-400000.0625
132.84023237228394,-400000.0625,-20293.0,-400000.0625,-400000.0625,-22652.439453125,-400000.0625,-400000.0625,-400000.0625
132.8402361869812,-400000.0625,-20489.26953125,-400000.0625,-400000.0625,-23068.240234375,-400000.0625,-400000.0625,-400000.0625
132.8402397632599,-400000.0625,-20712.66015625,-400000.0625,-400000.0625,-23362.9296875,-400000.0625,-400000.0625,-400000.0625
132.84024333953857,-400000.0625,-20606.380859375,-400000.0625,-400000.0625,-23152.310546875,-400000.0625,-400000.0625,-400000.0625
132.84024691581726,-400000.0625,-20294.859375,-400000.0625,-400000.0625,-22780.23046875,-400000.0625,-400000.0625,-400000.0625
132.8402509689331,-400000.0625,-19846.19921875,-400000.0625,-400000.0625,-22439.76953125,-400000.0625,-400000.0625,-400000.0625
132.85786533355713,-400000.0625,-20103.740234375,-400000.0625,-400000.0625,-22895.619140625,-400000.0625,-400000.0625,-400000.0625
132.86290216445923,-400000.0625,-20343.58984375,-400000.0625,-400000.0625,-23200.470703125,-400000.0625,-400000.0625,-400000.0625
132.86877584457397,-400000.0625,-20288.08984375,-400000.0625,-400000.0625,-23036.669921875,-400000.0625,-400000.0625,-400000.0625
132.87390160560608,-400000.0625,-19980.2890625,-400000.0625,-400000.0625,-22660.259765625,-400000.0625,-400000.0625,-400000.0625
132.879136800766,-400000.0625,-19602.58984375,-400000.0625,-400000.0625,-22407.390625,-400000.0625,-400000.0625,-400000.0625
132.8895721435547,-400000.0625,-19852.830078125,-400000.0625,-400000.0625,-22854.4296875,-400000.0625,-400000.0625,-400000.0625
132.89408683776855,-400000.0625,-19998.169921875,-400000.0625,-400000.0625,-23054.4609375,-400000.0625,-400000.0625,-400000.0625
132.89409470558167,-400000.0625,-20017.76953125,-400000.0625,-400000.0625,-22963.2890625,-400000.0625,-400000.0625,-400000.0625
132.8940989971161,-400000.0625,-19658.380859375,-400000.0625,-400000.0625,-22534.23046875,-400000.0625,-400000.0625,-400000.0625
132.89410424232483,-400000.0625,-19292.169921875,-400000.0625,-400000.0625,-22279.55078125,-400000.0625,-400000.0625,-400000.0625
132.8941080570221,-400000.0625,-19514.369140625,-400000.0625,-400000.0625,-22679.5703125,-400000.0625,-400000.0625,-400000.0625
132.89411234855652,-400000.0625,-19668.6796875,-400000.0625,-400000.0625,-22882.69921875,-400000.0625,-400000.0625,-400000.0625
132.8941159248352,-400000.0625,-19729.240234375,-400000.0625,-400000.0625,-22819.66015625,-400000.0625,-400000.0625,-400000.0625
132.8941192626953,-400000.0625,-19344.900390625,-400000.0625,-400000.0625,-22358.130859375,-400000.0625,-400000.0625,-400000.0625
132.894122838974,-400000.0625,-19112.30078125,-400000.0625,-400000.0625,-22232.109375,-400000.0625,-400000.0625,-400000.0625
132.89412665367126,-400000.0625,-19229.890625,-400000.0625,-400000.0625,-22526.220703125,-400000.0625,-400000.0625,-400000.0625
132.9229600429535,-400000.0625,-19445.08984375,-400000.0625,-400000.0625,-22791.009765625,-400000.0625,-400000.0625,-400000.0625
132.92927384376526,-400000.0625,-19506.220703125,-400000.0625,-400000.0625,-22737.69921875,-400000.0625,-400000.0625,-400000.0625
132.93602228164673,-400000.0625,-19142.30078125,-400000.0625,-400000.0625,-22285.23046875,-400000.0625,-400000.0625,-400000.0625
132.94199991226196,-400000.0625,-18725.30078125,-400000.0625,-400000.0625,-21971.419921875,-400000.0625,-400000.0625,-400000.0625
132.94755053520203,-400000.0625,-19007.44921875,-400000.0625,-400000.0625,-22441.2890625,-400000.0625,-400000.0625,-400000.0625
132.95288491249084,-400000.0625,-19249.390625,-400000.0625,-400000.0625,-22718.380859375,-400000.0625,-400000.0625,-400000.0625
132.95791673660278,-400000.0625,-19324.830078125,-400000.0625,-400000.0625,-22665.880859375,-400000.0625,-400000.0625,-400000.0625
132.9621901512146,-400000.0625,-18941.599609375,-400000.0625,-400000.0625,-22206.5,-400000.0625,-400000.0625,-400000.0625
132.96219778060913,-400000.0625,-18548.439453125,-400000.0625,-400000.0625,-21925.9296875,-400000.0625,-400000.0625,-400000.0625
132.9622025489807,-400000.0625,-18760.970703125,-400000.0625,-400000.0625,-22298.48046875,-400000.0625,-400000.0625,-400000.0625
132.96220660209656,-400000.0625,-18992.900390625,-400000.0625,-400000.0625,-22549.439453125,-400000.0625,-400000.0625,-400000.0625
132.96221041679382,-400000.0625,-19072.150390625,-400000.0625,-400000.0625,-22492.69921875,-400000.0625,-400000.0625,-400000.0625
132.9622142314911,-400000.0625,-18724.16015625,-400000.0625,-400000.0625,-22034.83984375,-400000.0625,-400000.0625,-400000.0625
132.96221804618835,-400000.0625,-18419.41015625,-400000.0625,-400000.0625,-21831.939453125,-400000.0625,-400000.0625,-400000.0625
132.96222162246704,-400000.0625,-18718.240234375,-400000.0625,-400000.0625,-22194.099609375,-400000.0625,-400000.0625,-400000.0625
132.9622254371643,-400000.0625,-18960.619140625,-400000.0625,-400000.0625,-22165.060546875,-400000.0625,-400000.0625,-400000.0625
133.02292895317078,-400000.0625,-18937.689453125,-400000.0625,-400000.0625,-24320.41015625,-400000.0625,-400000.0625,-400000.0625
133.03272080421448,-400000.0625,-18524.119140625,-400000.0625,-400000.0625,-32673.69921875,-400000.0625,-400000.0625,-400000.0625
133.03969430923462,-400000.0625,-18271.880859375,-400000.0625,-400000.0625,-40566.44921875,-400000.0625,-400000.0625,-400000.0625
133.0453178882599,-400000.0625,-18601.990234375,-400000.0625,-400000.0625,-40597.48828125,-400000.0625,-400000.0625,-400000.0625
133.05179953575134,-400000.0625,-18880.69921875,-400000.0625,-400000.0625,-35906.51171875,-400000.0625,-400000.0625,-400000.0625
133.05668330192566,-400000.0625,-18789.76953125,-400000.0625,-400000.0625,-36385.58984375,-400000.0625,-400000.0625,-400000.0625
133.05669522285461,-400000.0625,-18356.80078125,-400000.0625,-400000.0625,-44654.28125,-400000.0625,-400000.0625,-400000.0625
133.05670046806335,-400000.0625,-18159.150390625,-400000.0625,-400000.0625,-52303.609375,-400000.0625,-400000.0625,-400000.0625
133.0567057132721,-400000.0625,-18581.439453125,-400000.0625,-400000.0625,-52002.25,-400000.0625,-400000.0625,-400000.0625
133.05671000480652,-400000.0625,-18934.73046875,-400000.0625,-400000.0625,-47038.609375,-400000.0625,-400000.0625,-400000.0625
133.05671453475952,-400000.0625,-18838.83984375,-400000.0625,-400000.0625,-47247.80078125,-400000.0625,-400000.0625,-400000.0625
133.05672073364258,-400000.0625,-18613.33984375,-400000.0625,-400000.0625,-55079.1796875,-400000.0625,-400000.0625,-400000.0625
133.05672454833984,-400000.0625,-18292.380859375,-400000.0625,-400000.0625,-62199.12109375,-400000.0625,-400000.0625,-400000.0625
133.0567283630371,-400000.0625,-18586.779296875,-400000.0625,-400000.0625,-61500.03125,-400000.0625,-400000.0625,-400000.0625
133.05673241615295,-400000.0625,-18924.48046875,-400000.0625,-400000.0625,-56317.33984375,-400000.0625,-400000.0625,-400000.0625
133.05673623085022,-400000.0625,-19003.580078125,-400000.0625,-400000.0625,-56126.03125,-400000.0625,-400000.0625,-400000.0625
133.06506657600403,-400000.0625,-18778.66015625,-400000.0625,-400000.0625,-63535.51171875,-400000.0625,-400000.0625,-400000.0625
133.07090735435486,-400000.0625,-18536.08984375,-400000.0625,-400000.0625,-70207.6484375,-400000.0625,-400000.0625,-400000.0625
133.0755650997162,-400000.0625,-18874.029296875,-400000.0625,-400000.0625,-68980.5625,-400000.0625,-400000.0625,-400000.0625
133.07557582855225,-400000.0625,-19121.98046875,-400000.0625,-400000.0625,-63202.71875,-400000.0625,-400000.0625,-400000.0625
133.07558059692383,-400000.0625,-19291.640625,-400000.0625,-400000.0625,-62283.23828125,-400000.0625,-400000.0625,-400000.0625
133.07558465003967,-400000.0625,-18987.7109375,-400000.0625,-400000.0625,-68718.390625,-400000.0625,-400000.0625,-400000.0625
133.0755889415741,-400000.0625,-18706.7109375,-400000.0625,-400000.0625,-74591.84375,-400000.0625,-400000.0625,-400000.0625
133.07559323310852,-400000.0625,-18996.91015625,-400000.0625,-400000.0625,-72981.5078125,-400000.0625,-400000.0625,-400000.0625
133.0755970478058,-400000.0625,-19214.439453125,-400000.0625,-400000.0625,-67109.0703125,-400000.0625,-400000.0625,-400000.0625
133.07560062408447,-400000.0625,-19422.25,-400000.0625,-400000.0625,-66320.46875,-400000.0625,-400000.0625,-400000.0625
133.07560420036316,-400000.0625,-19258.83984375,-400000.0625,-400000.0625,-73211.9609375,-400000.0625,-400000.0625,-400000.0625
133.07560777664185,-400000.0625,-18885.900390625,-400000.0625,-400000.0625,-79987.9609375,-400000.0625,-400000.0625,-400000.0625
133.07561135292053,-400000.0625,-19035.91015625,-400000.0625,-400000.0625,-79377.7109375,-400000.0625,-400000.0625,-400000.0625
133.0756151676178,-400000.0625,-19338.900390625,-400000.0625,-400000.0625,-74288.46875,-400000.0625,-400000.0625,-400000.0625
133.07561874389648,-400000.0625,-19626.619140625,-400000.0625,-400000.0625,-74041.796875,-400000.0625,-400000.0625,-400000.0625
133.07562232017517,-400000.0625,-19440.220703125,-400000.0625,-400000.0625,-81682.0703125,-400000.0625,-400000.0625,-400000.0625
133.16533064842224,-400000.0625,-18742.66015625,-400000.0625,-400000.0625,-89272.4609375,-400000.0625,-400000.0625,-400000.0625
133.17592644691467,-400000.0625,-18333.25,-400000.0625,-400000.0625,-89472.8828125,-400000.0625,-400000.0625,-400000.0625
133.24549531936646,-400000.0625,-58258.3984375,-400000.0625,-400000.0625,-151749.25,-400000.0625,-400000.0625,-400000.0625
133.30923318862915,-400000.0625,-74121.8203125,-400000.0625,-400000.0625,-184810.609375,-400000.0625,-400000.0625,-400000.0625
133.36945152282715,-400000.0625,-118429.53125,-400000.0625,-400000.0625,-230533.34375,-400000.0625,-400000.0625,-400000.0625
133.4484384059906,-400000.0625,-133320.6875,-400000.0625,-400000.0625,-258252.21875,-400000.0625,-400000.0625,-400000.0625
133.632150888443,-400000.0625,-153249.765625,-400000.0625,-400000.0625,-324118.28125,-400000.0625,-400000.0625,-400000.0625
133.89810800552368,-400000.0625,-213364.671875,-400000.0625,-400000.0625,-400000.0625,-400000.0625,-400000.0625,-400000.0625
133.9505410194397,-400000.0625,-225925.90625,-400000.0625,-400000.0625,-400000.0625,-400000.0625,-400000.0625,-400000.0625
134.01475048065186,-400000.0625,-266565.3125,-400000.0625,-400000.0625,-400000.0625,-400000.0625,-400000.0625,-400000.0625
134.07692217826843,-400000.0625,-279168.21875,-400000.0625,-400000.0625,-400000.0625,-400000.0625,-400000.0625,-400000.0625
134.15577030181885,-400000.0625,-281697.59375,-400000.0625,-400000.0625,-400000.0625,-400000.0625,-400000.0625,-400000.0625
134.23689222335815,-400000.0625,-277881.21875,-400000.0625,-400000.0625,-400000.0625,-400000.0625,-400000.0625,-400000.0625
134.30550742149353,-400000.0625,-291146.65625,-400000.0625,-400000.0625,-400000.0625,-400000.0625,-400000.0625,-400000.0625
134.33666968345642,-400000.0625,-320389.625,-400000.0625,-400000.0625,-400000.0625,-400000.0625,-400000.0625,-400000.0625
134.4579312801361,-400000.0625,-341675.28125,-400000.0625,-400000.0625,-400000.0625,-400000.0625,-400000.0625,-400000.0625
134.52294945716858,-400000.0625,-340179.53125,-400000.0625,-400000.0625,-400000.0625,-400000.0625,-400000.0625,-400000.0625
134.62804460525513,-400000.0625,-351062.625,-400000.0625,-400000.0625,-400000.0625,-400000.0625,-400000.0625,-400000.0625
134.71488547325134,-400000.0625,-397850.84375,-400000.0625,-400000.0625,-400000.0625,-400000.0625,-400000.0625,-400000.0625
134.78043866157532,-400000.0625,-396988.15625,-400000.0625,-400000.0625,-400000.0625,-400000.0625,-400000.0625,-400000.0625
135.0150487422943,-400000.0625,-400000.0625,-400000.0625,-400000.0625,-400000.0625,-400000.0625,-400000.0625,-400000.0625
135.03558993339539,-400000.0625,-400000.0625,-400000.0625,-400000.0625,-400000.0625,-400000.0625,-400000.0625,-400000.0625
135.09924483299255,-400000.0625,-400000.0625,-400000.0625,-400000.0625,-400000.0625,-400000.0625,-400000.0625,-400000.0625
135.16178560256958,-400000.0625,-400000.0625,-400000.0625,-400000.0625,-400000.0625,-400000.0625,-400000.0625,-400000.0625
135.2310745716095,-400000.0625,-400000.0625,-400000.0625,-400000.0625,-400000.0625,-400000.0625,-400000.0625,-400000.0625
135.2378158569336,-400000.0625,-400000.0625,-400000.0625,-400000.0625,-400000.0625,-400000.0625,-400000.0625,-400000.0625
135.24230074882507,-400000.0625,-400000.0625,-400000.0625,-400000.0625,-400000.0625,-400000.0625,-400000.0625,-400000.0625
135.24230980873108,-400000.0625,-400000.0625,-400000.0625,-400000.0625,-400000.0625,-400000.0625,-400000.0625,-400000.0625
135.2423141002655,-400000.0625,-400000.0625,-400000.0625,-400000.0625,-400000.0625,-400000.0625,-400000.0625,-400000.0625
135.24231791496277,-400000.0625,-400000.0625,-400000.0625,-400000.0625,-400000.0625,-400000.0625,-400000.0625,-400000.0625
135.24232172966003,-400000.0625,-400000.0625,-400000.0625,-400000.0625,-400000.0625,-400000.0625,-400000.0625,-400000.0625
135.24232578277588,-400000.0625,-400000.0625,-400000.0625,-400000.0625,-400000.0625,-400000.0625,-400000.0625,-400000.0625
135.24232935905457,-400000.0625,-400000.0625,-400000.0625,-400000.0625,-400000.0625,-400000.0625,-400000.0625,-400000.0625
135.24233269691467,-400000.0625,-400000.0625,-400000.0625,-400000.0625,-400000.0625,-400000.0625,-400000.0625,-400000.0625
135.24233651161194,-400000.0625,-400000.0625,-400000.0625,-400000.0625,-400000.0625,-400000.0625,-400000.0625,-400000.0625
135.24234056472778,-400000.0625,-400000.0625,-400000.0625,-400000.0625,-400000.0625,-400000.0625,-400000.0625,-400000.0625
135.24234461784363,-400000.0625,-367563.46875,-400000.0625,-400000.0625,-400000.0625,-400000.0625,-400000.0625,-400000.0625
135.24234819412231,-400000.0625,-98969.140625,-400000.0625,-400000.0625,-400000.0625,-400000.0625,-400000.0625,-400000.0625
135.24235200881958,-400000.0625,-38257.4609375,-400000.0625,-400000.0625,-400000.0625,-400000.0625,-400000.0625,-400000.0625
135.24235582351685,-400000.0625,-35393.1015625,-400000.0625,-400000.0625,-400000.0625,-400000.0625,-400000.0625,-400000.0625
135.2993357181549,-400000.0625,-33989.1484375,-400000.0625,-400000.0625,-400000.0625,-400000.0625,-400000.0625,-400000.0625
135.30922651290894,-400000.0625,-32666.880859375,-400000.0625,-400000.0625,-400000.0625,-400000.0625,-400000.0625,-400000.0625
135.31390118598938,-400000.0625,-31884.580078125,-400000.0625,-400000.0625,-400000.0625,-400000.0625,-400000.0625,-400000.0625
135.3139259815216,-400000.0625,-31985.48046875,-400000.0625,-400000.0625,-400000.0625,-400000.0625,-400000.0625,-400000.0625
135.3139317035675,-400000.0625,-32097.150390625,-400000.0625,-400000.0625,-400000.0625,-400000.0625,-400000.0625,-400000.0625
135.3140263557434,-400000.0625,-31516.029296875,-400000.0625,-400000.0625,-400000.0625,-400000.0625,-400000.0625,-400000.0625
135.31404733657837,-400000.0625,-30802.73046875,-400000.0625,-400000.0625,-400000.0625,-400000.0625,-400000.0625,-400000.0625
135.3140571117401,-400000.0625,-30583.2890625,-400000.0625,-400000.0625,-400000.0625,-400000.0625,-400000.0625,-400000.0625
135.31407523155212,-400000.0625,-30565.98046875,-400000.0625,-400000.0625,-400000.0625,-400000.0625,-400000.0625,-400000.0625
135.31408166885376,-400000.0625,-30580.140625,-400000.0625,-400000.0625,-400000.0625,-400000.0625,-400000.0625,-400000.0625
135.3140857219696,-400000.0625,-29968.310546875,-400000.0625,-400000.0625,-400000.0625,-400000.0625,-400000.0625,-400000.0625
135.31408953666687,-400000.0625,-29436.16015625,-400000.0625,-400000.0625,-400000.0625,-400000.0625,-400000.0625,-400000.0625
135.31409287452698,-400000.0625,-29351.669921875,-400000.0625,-400000.0625,-400000.0625,-400000.0625,-400000.0625,-400000.0625
135.31409645080566,-400000.0625,-29339.599609375,-400000.0625,-400000.0625,-400000.0625,-400000.0625,-400000.0625,-400000.0625
135.31410002708435,-400000.0625,-29372.26953125,-400000.0625,-400000.0625,-400000.0625,-400000.0625,-400000.0625,-400000.0625
135.31410336494446,-400000.0625,-28822.619140625,-400000.0625,-400000.0625,-400000.0625,-400000.0625,-400000.0625,-400000.0625
135.37552905082703,-400000.0625,-28265.0,-400000.0625,-400000.0625,-400000.0625,-400000.0625,-400000.0625,-400000.0625
135.38097524642944,-400000.0625,-28320.509765625,-400000.0625,-400000.0625,-400000.0625,-400000.0625,-400000.0625,-400000.0625
135.38644409179688,-400000.0625,-28334.240234375,-400000.0625,-400000.0625,-400000.0625,-400000.0625,-400000.0625,-400000.0625
135.3927342891693,-400000.0625,-28130.9609375,-400000.0625,-400000.0625,-400000.0625,-400000.0625,-400000.0625,-400000.0625
135.39922308921814,-400000.0625,-27379.08984375,-400000.0625,-400000.0625,-400000.0625,-400000.0625,-400000.0625,-400000.0625
135.40446281433105,-400000.0625,-26969.630859375,-400000.0625,-400000.0625,-400000.0625,-400000.0625,-400000.0625,-400000.0625
135.41331267356873,-400000.0625,-27151.5390625,-400000.0625,-400000.0625,-400000.0625,-400000.0625,-400000.0625,-400000.0625
135.4199035167694,-400000.0625,-27140.380859375,-400000.0625,-400000.0625,-400000.0625,-400000.0625,-400000.0625,-400000.0625
135.42476630210876,-400000.0625,-27112.060546875,-400000.0625,-400000.0625,-400000.0625,-400000.0625,-400000.0625,-400000.0625
135.42477583885193,-400000.0625,-26497.939453125,-400000.0625,-400000.0625,-400000.0625,-400000.0625,-400000.0625,-400000.0625
135.42478013038635,-400000.0625,-26104.01953125,-400000.0625,-400000.0625,-400000.0625,-400000.0625,-400000.0625,-400000.0625
135.42478394508362,-400000.0625,-26354.599609375,-400000.0625,-400000.0625,-400000.0625,-400000.0625,-400000.0625,-400000.0625
135.4247875213623,-400000.0625,-26410.150390625,-400000.0625,-400000.0625,-400000.0625,-400000.0625,-400000.0625,-400000.0625
135.42479157447815,-400000.0625,-26309.2109375,-400000.0625,-400000.0625,-400000.0625,-400000.0625,-400000.0625,-400000.0625
135.424795627594,-400000.0625,-25619.80078125,-400000.0625,-400000.0625,-400000.0625,-400000.0625,-400000.0625,-400000.0625
135.4247989654541,-400000.0625,-25288.630859375,-400000.0625,-400000.0625,-400000.0625,-400000.0625,-400000.0625,-400000.0625
135.43096375465393,-400000.0625,-25577.01953125,-400000.0625,-400000.0625,-400000.0625,-400000.0625,-400000.0625,-400000.0625
135.43769788742065,-400000.0625,-25719.119140625,-400000.0625,-400000.0625,-400000.0625,-400000.0625,-400000.0625,-400000.0625
135.4435749053955,-400000.0625,-25559.810546875,-400000.0625,-400000.0625,-400000.0625,-400000.0625,-400000.0625,-400000.0625
135.4494559764862,-400000.0625,-24963.48046875,-400000.0625,-400000.0625,-400000.0625,-400000.0625,-400000.0625,-400000.0625
135.45432543754578,-400000.0625,-24670.169921875,-400000.0625,-400000.0625,-400000.0625,-400000.0625,-400000.0625,-400000.0625
135.45433616638184,-400000.0625,-24857.7109375,-400000.0625,-400000.0625,-400000.0625,-400000.0625,-400000.0625,-400000.0625
135.454341173172,-400000.0625,-25045.58984375,-400000.0625,-400000.0625,-400000.0625,-400000.0625,-400000.0625,-400000.0625
135.45434498786926,-400000.0625,-25563.529296875,-400000.0625,-400000.0625,-400000.0625,-400000.0625,-400000.0625,-400000.0625
135.4543490409851,-400000.0625,-27066.51953125,-400000.0625,-400000.0625,-332807.0625,-400000.0625,-400000.0625,-400000.0625
135.4543526172638,-400000.0625,-26886.080078125,-400000.0625,-400000.0625,-69815.9296875,-400000.0625,-400000.0625,-400000.0625
135.45435667037964,-400000.0625,-25247.580078125,-400000.0625,-400000.0625,-27790.55078125,-400000.0625,-400000.0625,-400000.0625
135.45436072349548,-400000.0625,-24777.080078125,-400000.0625,-400000.0625,-26769.9296875,-400000.0625,-400000.0625,-400000.0625
135.45436429977417,-400000.0625,-24541.669921875,-400000.0625,-400000.0625,-26277.970703125,-400000.0625,-400000.0625,-400000.0625
135.45436787605286,-400000.0625,-24067.359375,-400000.0625,-400000.0625,-25646.01953125,-400000.0625,-400000.0625,-400000.0625
135.45437145233154,-400000.0625,-23908.0,-400000.0625,-400000.0625,-25531.390625,-400000.0625,-400000.0625,-400000.0625
135.45437502861023,-400000.0625,-24126.869140625,-400000.0625,-400000.0625,-25842.0,-400000.0625,-400000.0625,-400000.0625
135.49919152259827,-400000.0625,-24219.939453125,-400000.0625,-400000.0625,-25893.310546875,-400000.0625,-400000.0625,-400000.0625
135.5047905445099,-400000.0625,-24000.5,-400000.0625,-400000.0625,-25595.859375,-400000.0625,-400000.0625,-400000.0625
135.51375484466553,-400000.0625,-23475.41015625,-400000.0625,-400000.0625,-25077.390625,-400000.0625,-400000.0625,-400000.0625
135.51973128318787,-400000.0625,-23294.640625,-400000.0625,-400000.0625,-24996.94921875,-400000.0625,-400000.0625,-400000.0625
135.52453804016113,-400000.0625,-23507.599609375,-400000.0625,-400000.0625,-25291.880859375,-400000.0625,-400000.0625,-400000.0625
135.52454805374146,-400000.0625,-23618.609375,-400000.0625,-400000.0625,-25336.4609375,-400000.0625,-400000.0625,-400000.0625
135.52455258369446,-400000.0625,-23544.4609375,-400000.0625,-400000.0625,-25134.279296875,-400000.0625,-400000.0625,-400000.0625
135.5245566368103,-400000.0625,-23004.76953125,-400000.0625,-400000.0625,-24598.080078125,-400000.0625,-400000.0625,-400000.0625
135.52456092834473,-400000.0625,-22892.529296875,-400000.0625,-400000.0625,-24586.73046875,-400000.0625,-400000.0625,-400000.0625
135.52456521987915,-400000.0625,-23133.08984375,-400000.0625,-400000.0625,-24954.0390625,-400000.0625,-400000.0625,-400000.0625
135.524569272995,-400000.0625,-23220.16015625,-400000.0625,-400000.0625,-25036.76953125,-400000.0625,-400000.0625,-400000.0625
135.52457356452942,-400000.0625,-22998.2890625,-400000.0625,-400000.0625,-24719.720703125,-400000.0625,-400000.0625,-400000.0625
135.5245771408081,-400000.0625,-22532.279296875,-400000.0625,-400000.0625,-24252.26953125,-400000.0625,-400000.0625,-400000.0625
135.52458119392395,-400000.0625,-22309.44921875,-400000.0625,-400000.0625,-24180.509765625,-400000.0625,-400000.0625,-400000.0625
135.52458477020264,-400000.0625,-22538.0,-400000.0625,-400000.0625,-24552.630859375,-400000.0625,-400000.0625,-400000.0625
135.52458834648132,-400000.0625,-22638.0390625,-400000.0625,-400000.0625,-24644.380859375,-400000.0625,-400000.0625,-400000.0625
135.55180644989014,-400000.0625,-22584.8203125,-400000.0625,-400000.0625,-24524.640625,-400000.0625,-400000.0625,-400000.0625
135.56311917304993,-400000.0625,-22004.560546875,-400000.0625,-400000.0625,-23978.08984375,-400000.0625,-400000.0625,-400000.0625
135.57116055488586,-400000.0625,-21730.470703125,-400000.0625,-400000.0625,-23894.310546875,-400000.0625,-400000.0625,-400000.0625
135.57609820365906,-400000.0625,-21938.80078125,-400000.0625,-400000.0625,-24284.080078125,-400000.0625,-400000.0625,-400000.0625
135.57610821723938,-400000.0625,-22090.060546875,-400000.0625,-400000.0625,-24489.599609375,-400000.0625,-400000.0625,-400000.0625
135.57611298561096,-400000.0625,-21916.73046875,-400000.0625,-400000.0625,-24260.240234375,-400000.0625,-400000.0625,-400000.0625
135.57611727714539,-400000.0625,-21284.30078125,-400000.0625,-400000.0625,-23686.169921875,-400000.0625,-400000.0625,-400000.0625
135.57612133026123,-400000.0625,-21176.669921875,-400000.0625,-400000.0625,-23783.970703125,-400000.0625,-400000.0625,-400000.0625
135.5761260986328,-400000.0625,-21445.849609375,-400000.0625,-400000.0625,-24250.080078125,-400000.0625,-400000.0625,-400000.0625
135.57613015174866,-400000.0625,-21547.369140625,-400000.0625,-400000.0625,-24359.900390625,-400000.0625,-400000.0625,-400000.0625
135.57613396644592,-400000.0625,-21459.490234375,-400000.0625,-400000.0625,-24173.310546875,-400000.0625,-400000.0625,-400000.0625
135.5761377811432,-400000.0625,-20869.109375,-400000.0625,-400000.0625,-23622.3203125,-400000.0625,-400000.0625,-400000.0625
135.57614159584045,-400000.0625,-20628.5,-400000.0625,-400000.0625,-23548.83984375,-400000.0625,-400000.0625,-400000.0625
135.5761456489563,-400000.0625,-20927.189453125,-400000.0625,-400000.0625,-24018.4296875,-400000.0625,-400000.0625,-400000.0625
135.57614946365356,-400000.0625,-21153.169921875,-400000.0625,-400000.0625,-24231.33984375,-400000.0625,-400000.0625,-400000.0625
135.576153755188,-400000.0625,-20958.380859375,-400000.0625,-400000.0625,-23939.330078125,-400000.0625,-400000.0625,-400000.0625
135.61284112930298,-400000.0625,-20471.4296875,-400000.0625,-400000.0625,-23450.189453125,-400000.0625,-400000.0625,-400000.0625
135.62279891967773,-400000.0625,-20280.69921875,-400000.0625,-400000.0625,-23379.140625,-400000.0625,-400000.0625,-400000.0625
135.62718605995178,-400000.0625,-20547.33984375,-400000.0625,-400000.0625,-23770.48046875,-400000.0625,-400000.0625,-400000.0625
135.6271939277649,-400000.0625,-20690.009765625,-400000.0625,-400000.0625,-23911.2890625,-400000.0625,-400000.0625,-400000.0625
135.6271984577179,-400000.0625,-20617.73046875,-400000.0625,-400000.0625,-23753.119140625,-400000.0625,-400000.0625,-400000.0625
135.62720274925232,-400000.0625,-20045.5703125,-400000.0625,-400000.0625,-23196.3203125,-400000.0625,-400000.0625,-400000.0625
135.62720656394958,-400000.0625,-19939.810546875,-400000.0625,-400000.0625,-23204.0,-400000.0625,-400000.0625,-400000.0625
135.62721037864685,-400000.0625,-20297.76953125,-400000.0625,-400000.0625,-23614.7890625,-400000.0625,-400000.0625,-400000.0625
135.62721419334412,-400000.0625,-20439.48046875,-400000.0625,-400000.0625,-23940.0390625,-400000.0625,-400000.0625,-400000.0625
135.6272177696228,-400000.0625,-20266.33984375,-400000.0625,-400000.0625,-26150.75,-400000.0625,-400000.0625,-400000.0625
135.62722158432007,-400000.0625,-19783.9296875,-400000.0625,-400000.0625,-32869.1015625,-400000.0625,-400000.0625,-400000.0625
135.62722516059875,-400000.0625,-19721.509765625,-400000.0625,-400000.0625,-38174.44140625,-400000.0625,-400000.0625,-400000.0625
135.62722897529602,-400000.0625,-20125.919921875,-400000.0625,-400000.0625,-35739.859375,-400000.0625,-400000.0625,-400000.0625
135.6272327899933,-400000.0625,-20257.380859375,-400000.0625,-400000.0625,-31940.609375,-400000.0625,-400000.0625,-400000.0625
135.6272370815277,-400000.0625,-20107.650390625,-400000.0625,-400000.0625,-35394.1015625,-400000.0625,-400000.0625,-400000.0625
135.6272406578064,-400000.0625,-19686.080078125,-400000.0625,-400000.0625,-44359.16015625,-400000.0625,-400000.0625,-400000.0625
135.69642663002014,-400000.0625,-19708.58984375,-400000.0625,-400000.0625,-49319.98828125,-400000.0625,-400000.0625,-400000.0625
135.7069914340973,-400000.0625,-20071.69921875,-400000.0625,-400000.0625,-46016.7890625,-400000.0625,-400000.0625,-400000.0625
135.7140109539032,-400000.0625,-20146.3203125,-400000.0625,-400000.0625,-41321.7109375,-400000.0625,-400000.0625,-400000.0625
135.75726413726807,-400000.0625,-20067.740234375,-400000.0625,-400000.0625,-43720.578125,-400000.0625,-400000.0625,-400000.0625
135.76384782791138,-400000.0625,-19729.66015625,-400000.0625,-400000.0625,-51345.87890625,-400000.0625,-400000.0625,-400000.0625
135.80135583877563,-400000.0625,-19749.830078125,-400000.0625,-400000.0625,-55031.16015625,-400000.0625,-400000.0625,-400000.0625
135.81599640846252,-400000.0625,-20106.130859375,-400000.0625,-400000.0625,-51116.51953125,-400000.0625,-400000.0625,-400000.0625
135.82773065567017,-400000.0625,-20246.7890625,-400000.0625,-400000.0625,-45476.25,-400000.0625,-400000.0625,-400000.0625
135.84136295318604,-400000.0625,-20283.419921875,-400000.0625,-400000.0625,-46911.1015625,-400000.0625,-400000.0625,-400000.0625
135.8528413772583,-400000.0625,-19917.919921875,-400000.0625,-400000.0625,-54149.25,-400000.0625,-400000.0625,-400000.0625
135.8624210357666,-400000.0625,-19881.060546875,-400000.0625,-400000.0625,-58225.87890625,-400000.0625,-400000.0625,-400000.0625
135.87355518341064,-400000.0625,-20286.3203125,-400000.0625,-400000.0625,-54815.109375,-400000.0625,-400000.0625,-400000.0625
135.8844006061554,-400000.0625,-20632.939453125,-400000.0625,-400000.0625,-49585.44140625,-400000.0625,-400000.0625,-400000.0625
135.8937861919403,-400000.0625,-20762.30078125,-400000.0625,-400000.0625,-51233.6796875,-400000.0625,-400000.0625,-400000.0625
135.90256524085999,-400000.0625,-20418.599609375,-400000.0625,-400000.0625,-59187.37109375,-400000.0625,-400000.0625,-400000.0625
135.9077866077423,-400000.0625,-20235.01953125,-400000.0625,-400000.0625,-64217.05078125,-400000.0625,-400000.0625,-400000.0625
135.9121015071869,-400000.0625,-20595.41015625,-400000.0625,-400000.0625,-61392.26953125,-400000.0625,-400000.0625,-400000.0625
135.91211032867432,-400000.0625,-20895.150390625,-400000.0625,-400000.0625,-56660.12890625,-400000.0625,-400000.0625,-400000.0625
135.91211485862732,-400000.0625,-20946.26953125,-400000.0625,-400000.0625,-59023.671875,-400000.0625,-400000.0625,-400000.0625
135.91211915016174,-400000.0625,-20591.830078125,-400000.0625,-400000.0625,-67913.15625,-400000.0625,-400000.0625,-400000.0625
135.912122964859,-400000.0625,-20250.0390625,-400000.0625,-400000.0625,-73840.4375,-400000.0625,-400000.0625,-400000.0625
135.91212725639343,-400000.0625,-19759.419921875,-400000.0625,-400000.0625,-71770.8671875,-400000.0625,-400000.0625,-400000.0625
135.9121310710907,-400000.0625,-18437.2890625,-400000.0625,-400000.0625,-67468.03125,-400000.0625,-400000.0625,-400000.0625
135.91213464736938,-400000.0625,-26611.859375,-400000.0625,-400000.0625,-70548.59375,-400000.0625,-400000.0625,-400000.0625
135.91213846206665,-400000.0625,-45099.21875,-400000.0625,-400000.0625,-79835.8515625,-400000.0625,-400000.0625,-400000.0625
135.9121425151825,-400000.0625,-51502.0390625,-400000.0625,-400000.0625,-85181.53125,-400000.0625,-400000.0625,-400000.0625
135.91214609146118,-400000.0625,-38746.9296875,-400000.0625,-400000.0625,-81637.1484375,-400000.0625,-400000.0625,-400000.0625
135.91214990615845,-400000.0625,-25508.599609375,-400000.0625,-400000.0625,-76468.1875,-400000.0625,-400000.0625,-400000.0625
135.91215348243713,-400000.0625,-31792.7890625,-400000.0625,-400000.0625,-79658.09375,-400000.0625,-400000.0625,-400000.0625
135.9121572971344,-400000.0625,-50099.19140625,-400000.0625,-400000.0625,-89417.0390625,-400000.0625,-400000.0625,-400000.0625
135.9121608734131,-400000.0625,-56614.7890625,-400000.0625,-400000.0625,-95468.4765625,-400000.0625,-400000.0625,-400000.0625
135.91216444969177,-400000.0625,-44348.48046875,-400000.0625,-400000.0625,-93159.640625,-400000.0625,-400000.0625,-400000.0625
135.91217589378357,-400000.0625,-31462.150390625,-400000.0625,-400000.0625,-89301.2578125,-400000.0625,-400000.0625,-400000.0625
135.91217947006226,-400000.0625,-37984.0390625,-400000.0625,-400000.0625,-93007.7734375,-400000.0625,-400000.0625,-400000.0625
135.91218328475952,-400000.0625,-56231.12109375,-400000.0625,-400000.0625,-102658.3828125,-400000.0625,-400000.0625,-400000.0625
135.91218757629395,-400000.0625,-62631.609375,-400000.0625,-400000.0625,-108412.5234375,-400000.0625,-400000.0625,-400000.0625
135.91219115257263,-400000.0625,-50340.94140625,-400000.0625,-400000.0625,-105925.5703125,-400000.0625,-400000.0625,-400000.0625
135.9121949672699,-400000.0625,-37468.53125,-400000.0625,-400000.0625,-102113.96875,-400000.0625,-400000.0625,-400000.0625
135.91219854354858,-400000.0625,-43893.1484375,-400000.0625,-400000.0625,-105839.4609375,-400000.0625,-400000.0625,-400000.0625
135.91220355033875,-400000.0625,-62037.671875,-400000.0625,-400000.0625,-115449.203125,-400000.0625,-400000.0625,-400000.0625
135.912207365036,-400000.0625,-68365.53125,-400000.0625,-400000.0625,-121108.9296875,-400000.0625,-400000.0625,-400000.0625
135.91221117973328,-400000.0625,-56108.4296875,-400000.0625,-400000.0625,-118626.890625,-400000.0625,-400000.0625,-400000.0625
135.91221475601196,-400000.0625,-43281.1796875,-400000.0625,-400000.0625,-114802.09375,-400000.0625,-400000.0625,-400000.0625
135.91221833229065,-400000.0625,-49687.578125,-400000.0625,-400000.0625,-118345.890625,-400000.0625,-400000.0625,-400000.0625
135.91222190856934,-400000.0625,-67809.6875,-400000.0625,-400000.0625,-127721.609375,-400000.0625,-400000.0625,-400000.0625
135.91222524642944,-400000.0625,-74094.3515625,-400000.0625,-400000.0625,-133311.53125,-400000.0625,-400000.0625,-400000.0625
135.91222882270813,-400000.0625,-61846.83984375,-400000.0625,-400000.0625,-130902.828125,-400000.0625,-400000.0625,-400000.0625
135.9122326374054,-400000.0625,-48942.4296875,-400000.0625,-400000.0625,-126981.890625,-400000.0625,-400000.0625,-400000.0625
135.91223621368408,-400000.0625,-55256.23046875,-400000.0625,-400000.0625,-130341.96875,-400000.0625,-400000.0625,-400000.0625
135.91223978996277,-400000.0625,-73215.453125,-400000.0625,-400000.0625,-139530.484375,-400000.0625,-400000.0625,-400000.0625
135.91224336624146,-400000.0625,-79555.6171875,-400000.0625,-400000.0625,-145170.125,-400000.0625,-400000.0625,-400000.0625
135.91224694252014,-400000.0625,-67343.90625,-400000.0625,-400000.0625,-142774.125,-400000.0625,-400000.0625,-400000.0625
135.91225028038025,-400000.0625,-54381.80859375,-400000.0625,-400000.0625,-138687.671875,-400000.0625,-400000.0625,-400000.0625
135.91225457191467,-400000.0625,-60626.23046875,-400000.0625,-400000.0625,-141883.15625,-400000.0625,-400000.0625,-400000.0625
135.91225838661194,-400000.0625,-78667.03125,-400000.0625,-400000.0625,-151115.8125,-400000.0625,-400000.0625,-400000.0625
135.91226196289062,-400000.0625,-85041.578125,-400000.0625,-400000.0625,-156829.609375,-400000.0625,-400000.0625,-400000.0625
135.9122655391693,-400000.0625,-72721.203125,-400000.0625,-400000.0625,-154306.046875,-400000.0625,-400000.0625,-400000.0625
135.912269115448,-400000.0625,-59660.30078125,-400000.0625,-400000.0625,-150034.78125,-400000.0625,-400000.0625,-400000.0625
135.9122724533081,-400000.0625,-65916.5,-400000.0625,-400000.0625,-153145.09375,-400000.0625,-400000.0625,-400000.0625
135.9122760295868,-400000.0625,-84011.28125,-400000.0625,-400000.0625,-162448.140625,-400000.0625,-400000.0625,-400000.0625
135.9122793674469,-400000.0625,-90445.671875,-400000.0625,-400000.0625,-168188.9375,-400000.0625,-400000.0625,-400000.0625
135.9122829437256,-400000.0625,-78008.5703125,-400000.0625,-400000.0625,-165482.015625,-400000.0625,-400000.0625,-400000.0625
135.91228675842285,-400000.0625,-64918.48046875,-400000.0625,-400000.0625,-161071.375,-400000.0625,-400000.0625,-400000.0625
135.91229033470154,-400000.0625,-71225.4609375,-400000.0625,-400000.0625,-164219.015625,-400000.0625,-400000.0625,-400000.0625
135.9310336112976,-400000.0625,-89442.9296875,-400000.0625,-400000.0625,-173629.015625,-400000.0625,-400000.0625,-400000.0625
135.94254803657532,-400000.0625,-95768.890625,-400000.0625,-400000.0625,-179230.328125,-400000.0625,-400000.0625,-400000.0625
135.94894576072693,-400000.0625,-83239.28125,-400000.0625,-400000.0625,-176352.328125,-400000.0625,-400000.0625,-400000.0625
135.9541449546814,-400000.0625,-70105.3671875,-400000.0625,-400000.0625,-171850.453125,-400000.0625,-400000.0625,-400000.0625
135.95908331871033,-400000.0625,-76632.9375,-400000.0625,-400000.0625,-175146.359375,-400000.0625,-400000.0625,-400000.0625
135.9590928554535,-400000.0625,-94910.921875,-400000.0625,-400000.0625,-184578.875,-400000.0625,-400000.0625,-400000.0625
135.95909762382507,-400000.0625,-101115.0,-400000.0625,-400000.0625,-190004.796875,-400000.0625,-400000.0625,-400000.0625
135.9591019153595,-400000.0625,-88431.078125,-400000.0625,-400000.0625,-186934.875,-400000.0625,-400000.0625,-400000.0625
135.95910596847534,-400000.0625,-75455.53125,-400000.0625,-400000.0625,-182524.75,-400000.0625,-400000.0625,-400000.0625
135.9591100215912,-400000.0625,-82186.140625,-400000.0625,-400000.0625,-185959.546875,-400000.0625,-400000.0625,-400000.0625
135.95911407470703,-400000.0625,-100422.0078125,-400000.0625,-400000.0625,-195286.109375,-400000.0625,-400000.0625,-400000.0625
135.95911765098572,-400000.0625,-106466.0703125,-400000.0625,-400000.0625,-200516.0625,-400000.0625,-400000.0625,-400000.0625
135.9591212272644,-400000.0625,-93826.640625,-400000.0625,-400000.0625,-197420.90625,-400000.0625,-400000.0625,-400000.0625
135.95912504196167,-400000.0625,-81051.1171875,-400000.0625,-400000.0625,-193162.1875,-400000.0625,-400000.0625,-400000.0625
135.95912861824036,-400000.0625,-87855.15625,-400000.0625,-400000.0625,-196615.1875,-400000.0625,-400000.0625,-400000.0625
135.95914506912231,-400000.0625,-105966.2890625,-400000.0625,-400000.0625,-205764.03125,-400000.0625,-400000.0625,-400000.0625
135.99552035331726,-400000.0625,-111877.6875,-400000.0625,-400000.0625,-210827.765625,-400000.0625,-400000.0625,-400000.0625
136.003662109375,-400000.0625,-99299.4921875,-400000.0625,-400000.0625,-207795.984375,-400000.0625,-400000.0625,-400000.0625
136.00864100456238,-400000.0625,-86765.109375,-400000.0625,-400000.0625,-203684.640625,-400000.0625,-400000.0625,-400000.0625
136.00865054130554,-400000.0625,-93561.46875,-400000.0625,-400000.0625,-207038.234375,-400000.0625,-400000.0625,-400000.0625
136.00865483283997,-400000.0625,-111382.546875,-400000.0625,-400000.0625,-215940.3125,-400000.0625,-400000.0625,-400000.0625
136.00865936279297,-400000.0625,-117183.890625,-400000.0625,-400000.0625,-220919.015625,-400000.0625,-400000.0625,-400000.0625
136.0086636543274,-400000.0625,-104646.40625,-400000.0625,-400000.0625,-217955.328125,-400000.0625,-400000.0625,-400000.0625
136.00866746902466,-400000.0625,-91949.7578125,-400000.0625,-400000.0625,-213724.015625,-400000.0625,-400000.0625,-400000.0625
136.00867128372192,-400000.0625,-98621.5234375,-400000.0625,-400000.0625,-216877.34375,-400000.0625,-400000.0625,-400000.0625
136.0137243270874,-400000.0625,-116545.546875,-400000.0625,-400000.0625,-225715.140625,-400000.0625,-400000.0625,-400000.0625
136.02015042304993,-400000.0625,-122472.3515625,-400000.0625,-400000.0625,-230805.8125,-400000.0625,-400000.0625,-400000.0625
136.02498936653137,-400000.0625,-110089.40625,-400000.0625,-400000.0625,-227950.21875,-400000.0625,-400000.0625,-400000.0625
136.02500247955322,-400000.0625,-97332.78125,-400000.0625,-400000.0625,-223587.484375,-400000.0625,-400000.0625,-400000.0625
136.02500748634338,-400000.0625,-103829.6796875,-400000.0625,-400000.0625,-226531.71875,-400000.0625,-400000.0625,-400000.0625
136.0250117778778,-400000.0625,-121873.5390625,-400000.0625,-400000.0625,-235409.8125,-400000.0625,-400000.0625,-400000.0625
136.02501606941223,-400000.0625,-127985.453125,-400000.0625,-400000.0625,-240651.34375,-400000.0625,-400000.0625,-400000.0625
