time,ch1,ch2,ch3,ch4,ch5,ch6,ch7,ch8
28.14315438270569,-400000.0625,-400000.0625,-400000.0625,-400000.0625,-400000.0625,-400000.0625,-400000.0625,-400000.0625
28.15458846092224,-400000.0625,-400000.0625,-400000.0625,-400000.0625,-400000.0625,-400000.0625,-400000.0625,-400000.0625
28.162103176116943,-400000.0625,-400000.0625,-400000.0625,-400000.0625,-400000.0625,-400000.0625,-400000.0625,-400000.0625
28.168401956558228,-400000.0625,-400000.0625,-400000.0625,-400000.0625,-400000.0625,-400000.0625,-400000.0625,-400000.0625
28.173771858215332,-400000.0625,-400000.0625,-400000.0625,-400000.0625,-400000.0625,-400000.0625,-400000.0625,-400000.0625
28.180418491363525,-400000.0625,-400000.0625,-400000.0625,-400000.0625,-400000.0625,-400000.0625,-400000.0625,-400000.0625
28.18571949005127,-400000.0625,-400000.0625,-400000.0625,-400000.0625,-400000.0625,-400000.0625,-400000.0625,-400000.0625
28.192373037338257,-400000.0625,-400000.0625,-400000.0625,-400000.0625,-400000.0625,-400000.0625,-400000.0625,-400000.0625
28.198631525039673,-400000.0625,-400000.0625,-400000.0625,-400000.0625,-400000.0625,-400000.0625,-400000.0625,-400000.0625
28.20454239845276,-400000.0625,-400000.0625,-400000.0625,-400000.0625,-400000.0625,-400000.0625,-400000.0625,-400000.0625
28.211080074310303,-400000.0625,-400000.0625,-400000.0625,-400000.0625,-400000.0625,-400000.0625,-400000.0625,-400000.0625
28.21682572364807,-400000.0625,-400000.0625,-400000.0625,-400000.0625,-400000.0625,-400000.0625,-400000.0625,-400000.0625
28.222182989120483,-400000.0625,-400000.0625,-400000.0625,-400000.0625,-400000.0625,-400000.0625,-400000.0625,-400000.0625
28.229162454605103,-400000.0625,-400000.0625,-400000.0625,-400000.0625,-400000.0625,-400000.0625,-400000.0625,-400000.0625
28.234525442123413,-400000.0625,-400000.0625,-400000.0625,-400000.0625,-400000.0625,-400000.0625,-400000.0625,-400000.0625
28.2403347492218,-400000.0625,-400000.0625,-400000.0625,-400000.0625,-400000.0625,-400000.0625,-400000.0625,-400000.0625
28.246744394302368,-400000.0625,-400000.0625,-400000.0625,-400000.0625,-400000.0625,-400000.0625,-400000.0625,-400000.0625
28.260693073272705,-400000.0625,-400000.0625,-400000.0625,-400000.0625,-400000.0625,-400000.0625,-400000.0625,-400000.0625
28.265962600708008,-400000.0625,-400000.0625,-400000.0625,-400000.0625,-400000.0625,-400000.0625,-400000.0625,-400000.0625
28.270419359207153,-400000.0625,-400000.0625,-400000.0625,-400000.0625,-400000.0625,-400000.0625,-400000.0625,-400000.0625
28.27042818069458,-400000.0625,-400000.0625,-400000.0625,-400000.0625,-400000.0625,-400000.0625,-400000.0625,-400000.0625
28.270432710647583,-400000.0625,-400000.0625,-400000.0625,-400000.0625,-400000.0625,-400000.0625,-400000.0625,-400000.0625
28.270437002182007,-400000.0625,-400000.0625,-400000.0625,-400000.0625,-400000.0625,-400000.0625,-400000.0625,-400000.0625
28.270440816879272,-400000.0625,-400000.0625,-400000.0625,-400000.0625,-400000.0625,-400000.0625,-400000.0625,-400000.0625
28.27044439315796,-400000.0625,-400000.0625,-400000.0625,-400000.0625,-400000.0625,-400000.0625,-400000.0625,-400000.0625
28.270448446273804,-400000.0625,-400000.0625,-400000.0625,-400000.0625,-400000.0625,-400000.0625,-400000.0625,-400000.0625
28.27045202255249,-400000.0625,-400000.0625,-400000.0625,-400000.0625,-400000.0625,-400000.0625,-400000.0625,-400000.0625
28.270455598831177,-400000.0625,-400000.0625,-400000.0625,-400000.0625,-400000.0625,-400000.0625,-400000.0625,-400000.0625
28.270459413528442,-400000.0625,-400000.0625,-400000.0625,-400000.0625,-400000.0625,-400000.0625,-400000.0625,-400000.0625
28.27046298980713,-400000.0625,-400000.0625,-400000.0625,-400000.0625,-400000.0625,-400000.0625,-400000.0625,-400000.0625
28.270466566085815,-400000.0625,-400000.0625,-400000.0625,-400000.0625,-400000.0625,-400000.0625,-400000.0625,-400000.0625
28.270470142364502,-400000.0625,-400000.0625,-400000.0625,-400000.0625,-400000.0625,-400000.0625,-400000.0625,-400000.0625
28.27395272254944,-400000.0625,-400000.0625,-400000.0625,-400000.0625,-400000.0625,-400000.0625,-400000.0625,-400000.0625
28.279428958892822,-400000.0625,-400000.0625,-400000.0625,-400000.0625,-400000.0625,-400000.0625,-400000.0625,-400000.0625
28.284422397613525,-400000.0625,-400000.0625,-400000.0625,-400000.0625,-400000.0625,-400000.0625,-400000.0625,-400000.0625
28.284432649612427,-400000.0625,-400000.0625,-400000.0625,-400000.0625,-400000.0625,-400000.0625,-400000.0625,-400000.0625
28.28443741798401,-400000.0625,-400000.0625,-400000.0625,-400000.0625,-400000.0625,-400000.0625,-400000.0625,-400000.0625
28.289236068725586,-400000.0625,-400000.0625,-400000.0625,-400000.0625,-400000.0625,-400000.0625,-400000.0625,-400000.0625
28.289246797561646,-400000.0625,-400000.0625,-400000.0625,-400000.0625,-400000.0625,-400000.0625,-400000.0625,-400000.0625
28.28925108909607,-400000.0625,-400000.0625,-400000.0625,-400000.0625,-400000.0625,-400000.0625,-400000.0625,-400000.0625
28.28925585746765,-400000.0625,-400000.0625,-400000.0625,-400000.0625,-400000.0625,-400000.0625,-400000.0625,-400000.0625
28.289260149002075,-400000.0625,-400000.0625,-400000.0625,-400000.0625,-400000.0625,-400000.0625,-400000.0625,-400000.0625
28.28926396369934,-400000.0625,-400000.0625,-400000.0625,-400000.0625,-400000.0625,-400000.0625,-400000.0625,-400000.0625
28.289268016815186,-400000.0625,-400000.0625,-400000.0625,-400000.0625,-400000.0625,-400000.0625,-400000.0625,-400000.0625
28.28927183151245,-400000.0625,-400000.0625,-400000.0625,-400000.0625,-400000.0625,-400000.0625,-400000.0625,-400000.0625
28.289276123046875,-400000.0625,-400000.0625,-400000.0625,-400000.0625,-400000.0625,-400000.0625,-400000.0625,-400000.0625
28.28927969932556,-400000.0625,-400000.0625,-400000.0625,-400000.0625,-400000.0625,-400000.0625,-400000.0625,-400000.0625
28.289284229278564,-400000.0625,-400000.0625,-400000.0625,-400000.0625,-400000.0625,-400000.0625,-400000.0625,-400000.0625
28.334379196166992,-400000.0625,-400000.0625,-400000.0625,-400000.0625,-400000.0625,-400000.0625,-400000.0625,-400000.0625
28.34057378768921,-400000.0625,-400000.0625,-400000.0625,-400000.0625,-400000.0625,-400000.0625,-400000.0625,-400000.0625
28.34601330757141,-400000.0625,-400000.0625,-400000.0625,-400000.0625,-400000.0625,-400000.0625,-400000.0625,-400000.0625
28.351436614990234,-400000.0625,-400000.0625,-400000.0625,-400000.0625,-400000.0625,-400000.0625,-400000.0625,-400000.0625
28.36377716064453,-400000.0625,-400000.0625,-400000.0625,-400000.0625,-400000.0625,-400000.0625,-400000.0625,-400000.0625
28.36860680580139,-400000.0625,-400000.0625,-400000.0625,-400000.0625,-400000.0625,-400000.0625,-400000.0625,-400000.0625
28.368616819381714,-400000.0625,-400000.0625,-400000.0625,-400000.0625,-400000.0625,-400000.0625,-400000.0625,-400000.0625
28.368621110916138,-400000.0625,-400000.0625,-400000.0625,-400000.0625,-400000.0625,-400000.0625,-400000.0625,-400000.0625
28.368624925613403,-400000.0625,-400000.0625,-400000.0625,-400000.0625,-400000.0625,-400000.0625,-400000.0625,-400000.0625
28.36862874031067,-400000.0625,-400000.0625,-400000.0625,-400000.0625,-400000.0625,-400000.0625,-400000.0625,-400000.0625
28.368632793426514,-400000.0625,-400000.0625,-400000.0625,-400000.0625,-400000.0625,-400000.0625,-400000.0625,-400000.0625
28.368637323379517,-400000.0625,-400000.0625,-400000.0625,-400000.0625,-400000.0625,-400000.0625,-400000.0625,-400000.0625
28.368641138076782,-400000.0625,-400000.0625,-400000.0625,-400000.0625,-400000.0625,-400000.0625,-400000.0625,-400000.0625
28.368644952774048,-400000.0625,-400000.0625,-400000.0625,-400000.0625,-400000.0625,-400000.0625,-400000.0625,-400000.0625
28.368649005889893,-400000.0625,-400000.0625,-400000.0625,-400000.0625,-400000.0625,-400000.0625,-400000.0625,-400000.0625
28.368652820587158,-400000.0625,-400000.0625,-400000.0625,-400000.0625,-400000.0625,-400000.0625,-400000.0625,-400000.0625
28.39919948577881,-400000.0625,-400000.0625,-400000.0625,-400000.0625,-400000.0625,-400000.0625,-400000.0625,-400000.0625
28.40409517288208,-400000.0625,-400000.0625,-400000.0625,-400000.0625,-400000.0625,-400000.0625,-400000.0625,-400000.0625
28.40410351753235,-400000.0625,-400000.0625,-400000.0625,-400000.0625,-400000.0625,-400000.0625,-400000.0625,-400000.0625
28.404107809066772,-400000.0625,-400000.0625,-400000.0625,-400000.0625,-400000.0625,-400000.0625,-400000.0625,-400000.0625
28.404111623764038,-400000.0625,-400000.0625,-400000.0625,-400000.0625,-400000.0625,-400000.0625,-400000.0625,-400000.0625
28.404115676879883,-400000.0625,-400000.0625,-400000.0625,-400000.0625,-400000.0625,-400000.0625,-400000.0625,-400000.0625
28.40411925315857,-400000.0625,-400000.0625,-400000.0625,-400000.0625,-400000.0625,-400000.0625,-400000.0625,-400000.0625
28.404122829437256,-400000.0625,-400000.0625,-400000.0625,-400000.0625,-400000.0625,-400000.0625,-400000.0625,-400000.0625
28.4041268825531,-400000.0625,-400000.0625,-400000.0625,-400000.0625,-400000.0625,-400000.0625,-400000.0625,-400000.0625
28.404130458831787,-400000.0625,-400000.0625,-400000.0625,-400000.0625,-400000.0625,-400000.0625,-400000.0625,-400000.0625
28.404134273529053,-400000.0625,-400000.0625,-400000.0625,-400000.0625,-400000.0625,-400000.0625,-400000.0625,-400000.0625
28.40413808822632,-400000.0625,-400000.0625,-400000.0625,-400000.0625,-400000.0625,-400000.0625,-400000.0625,-400000.0625
28.404141902923584,-400000.0625,-400000.0625,-400000.0625,-400000.0625,-400000.0625,-400000.0625,-400000.0625,-400000.0625
28.404146909713745,-400000.0625,-400000.0625,-400000.0625,-400000.0625,-400000.0625,-400000.0625,-400000.0625,-400000.0625
28.40415048599243,-400000.0625,-400000.0625,-400000.0625,-400000.0625,-400000.0625,-400000.0625,-400000.0625,-400000.0625
28.404154300689697,-400000.0625,-400000.0625,-400000.0625,-400000.0625,-400000.0625,-400000.0625,-400000.0625,-400000.0625
28.478069067001343,-400000.0625,-400000.0625,-400000.0625,-400000.0625,-400000.0625,-400000.0625,-400000.0625,-400000.0625
28.48711585998535,-400000.0625,-400000.0625,-400000.0625,-400000.0625,-400000.0625,-400000.0625,-400000.0625,-400000.0625
28.49209713935852,-400000.0625,-400000.0625,-400000.0625,-400000.0625,-400000.0625,-400000.0625,-400000.0625,-400000.0625
28.492109060287476,-400000.0625,-400000.0625,-400000.0625,-400000.0625,-400000.0625,-400000.0625,-400000.0625,-400000.0625
28.492113828659058,-400000.0625,-400000.0625,-400000.0625,-400000.0625,-400000.0625,-400000.0625,-400000.0625,-400000.0625
28.49211812019348,-400000.0625,-400000.0625,-400000.0625,-400000.0625,-400000.0625,-400000.0625,-400000.0625,-400000.0625
28.492121934890747,-400000.0625,-400000.0625,-400000.0625,-400000.0625,-400000.0625,-400000.0625,-400000.0625,-400000.0625
28.497156620025635,-400000.0625,-400000.0625,-400000.0625,-400000.0625,-400000.0625,-400000.0625,-400000.0625,-400000.0625
28.50194764137268,-400000.0625,-400000.0625,-400000.0625,-400000.0625,-400000.0625,-400000.0625,-400000.0625,-400000.0625
28.501957654953003,-400000.0625,-400000.0625,-400000.0625,-400000.0625,-400000.0625,-400000.0625,-400000.0625,-400000.0625
28.501962423324585,-400000.0625,-400000.0625,-400000.0625,-400000.0625,-400000.0625,-400000.0625,-400000.0625,-400000.0625
28.50196647644043,-400000.0625,-400000.0625,-400000.0625,-400000.0625,-400000.0625,-400000.0625,-400000.0625,-400000.0625
28.501970767974854,-400000.0625,-400000.0625,-400000.0625,-400000.0625,-400000.0625,-400000.0625,-400000.0625,-400000.0625
28.501976490020752,-400000.0625,-400000.0625,-400000.0625,-400000.0625,-400000.0625,-400000.0625,-400000.0625,-400000.0625
28.501980543136597,-400000.0625,-400000.0625,-400000.0625,-400000.0625,-400000.0625,-400000.0625,-400000.0625,-400000.0625
28.50198459625244,-400000.0625,-400000.0625,-400000.0625,-400000.0625,-400000.0625,-400000.0625,-400000.0625,-400000.0625
28.532984256744385,-400000.0625,-400000.0625,-400000.0625,-400000.0625,-400000.0625,-400000.0625,-400000.0625,-400000.0625
28.537901639938354,-400000.0625,-400000.0625,-400000.0625,-400000.0625,-400000.0625,-400000.0625,-400000.0625,-400000.0625
28.53791117668152,-400000.0625,-400000.0625,-400000.0625,-400000.0625,-400000.0625,-400000.0625,-400000.0625,-400000.0625
28.537915468215942,-400000.0625,-400000.0625,-400000.0625,-400000.0625,-400000.0625,-400000.0625,-400000.0625,-400000.0625
28.537919282913208,-400000.0625,-400000.0625,-400000.0625,-400000.0625,-400000.0625,-400000.0625,-400000.0625,-400000.0625
28.537923097610474,-400000.0625,-400000.0625,-400000.0625,-400000.0625,-400000.0625,-400000.0625,-400000.0625,-400000.0625
28.537927389144897,-400000.0625,-400000.0625,-400000.0625,-400000.0625,-400000.0625,-400000.0625,-400000.0625,-400000.0625
28.537931203842163,-400000.0625,-400000.0625,-400000.0625,-400000.0625,-400000.0625,-400000.0625,-400000.0625,-400000.0625
28.537935256958008,-400000.0625,-400000.0625,-400000.0625,-400000.0625,-400000.0625,-400000.0625,-400000.0625,-400000.0625
28.537938833236694,-400000.0625,-400000.0625,-400000.0625,-400000.0625,-400000.0625,-400000.0625,-400000.0625,-400000.0625
28.53794264793396,-400000.0625,-400000.0625,-400000.0625,-400000.0625,-400000.0625,-400000.0625,-400000.0625,-400000.0625
28.537946701049805,-400000.0625,-400000.0625,-400000.0625,-400000.0625,-400000.0625,-400000.0625,-400000.0625,-400000.0625
28.53795027732849,-400000.0625,-400000.0625,-400000.0625,-400000.0625,-400000.0625,-400000.0625,-400000.0625,-400000.0625
28.53795599937439,-400000.0625,-400000.0625,-400000.0625,-400000.0625,-400000.0625,-400000.0625,-400000.0625,-400000.0625
28.537959575653076,-400000.0625,-400000.0625,-400000.0625,-400000.0625,-400000.0625,-400000.0625,-400000.0625,-400000.0625
28.537963151931763,-400000.0625,-400000.0625,-400000.0625,-400000.0625,-400000.0625,-400000.0625,-400000.0625,-400000.0625
28.627007007598877,-400000.0625,-400000.0625,-400000.0625,-400000.0625,-400000.0625,-400000.0625,-400000.0625,-400000.0625
28.636775732040405,-400000.0625,-400000.0625,-400000.0625,-400000.0625,-400000.0625,-400000.0625,-400000.0625,-400000.0625
28.64184045791626,-400000.0625,-400000.0625,-400000.0625,-400000.0625,-400000.0625,-400000.0625,-400000.0625,-400000.0625
28.647414922714233,-400000.0625,-400000.0625,-400000.0625,-400000.0625,-400000.0625,-400000.0625,-400000.0625,-400000.0625
28.65270733833313,-400000.0625,-400000.0625,-400000.0625,-400000.0625,-400000.0625,-400000.0625,-400000.0625,-400000.0625
28.65800666809082,-400000.0625,-400000.0625,-400000.0625,-400000.0625,-400000.0625,-400000.0625,-400000.0625,-400000.0625
28.663543224334717,-400000.0625,-400000.0625,-400000.0625,-400000.0625,-400000.0625,-400000.0625,-400000.0625,-400000.0625
28.668403387069702,-400000.0625,-400000.0625,-400000.0625,-400000.0625,-400000.0625,-400000.0625,-400000.0625,-400000.0625
28.668413877487183,-400000.0625,-400000.0625,-400000.0625,-400000.0625,-400000.0625,-400000.0625,-400000.0625,-400000.0625
28.668418884277344,-400000.0625,-400000.0625,-400000.0625,-400000.0625,-400000.0625,-400000.0625,-400000.0625,-400000.0625
28.668423414230347,-400000.0625,-400000.0625,-400000.0625,-400000.0625,-400000.0625,-400000.0625,-400000.0625,-400000.0625
28.668428897857666,-400000.0625,-400000.0625,-400000.0625,-400000.0625,-400000.0625,-400000.0625,-400000.0625,-400000.0625
28.66843342781067,-400000.0625,-400000.0625,-400000.0625,-400000.0625,-400000.0625,-400000.0625,-400000.0625,-400000.0625
28.668437719345093,-400000.0625,-400000.0625,-400000.0625,-400000.0625,-400000.0625,-400000.0625,-400000.0625,-400000.0625
28.668442010879517,-400000.0625,-400000.0625,-400000.0625,-400000.0625,-400000.0625,-400000.0625,-400000.0625,-400000.0625
28.66844654083252,-400000.0625,-400000.0625,-400000.0625,-400000.0625,-400000.0625,-400000.0625,-400000.0625,-400000.0625
28.668450355529785,-400000.0625,-400000.0625,-400000.0625,-400000.0625,-400000.0625,-400000.0625,-400000.0625,-400000.0625
28.668456077575684,-400000.0625,-400000.0625,-400000.0625,-400000.0625,-400000.0625,-400000.0625,-400000.0625,-400000.0625
28.66846013069153,-400000.0625,-400000.0625,-400000.0625,-400000.0625,-400000.0625,-400000.0625,-400000.0625,-400000.0625
28.668464183807373,-400000.0625,-400000.0625,-400000.0625,-400000.0625,-400000.0625,-400000.0625,-400000.0625,-400000.0625
28.668468236923218,-400000.0625,-400000.0625,-400000.0625,-400000.0625,-400000.0625,-400000.0625,-400000.0625,-400000.0625
28.66847252845764,-400000.0625,-400000.0625,-400000.0625,-400000.0625,-400000.0625,-400000.0625,-400000.0625,-400000.0625
28.668476343154907,-400000.0625,-400000.0625,-400000.0625,-400000.0625,-400000.0625,-400000.0625,-400000.0625,-400000.0625
28.668480157852173,-400000.0625,-400000.0625,-400000.0625,-400000.0625,-400000.0625,-400000.0625,-400000.0625,-400000.0625
28.668484687805176,-400000.0625,-400000.0625,-400000.0625,-400000.0625,-400000.0625,-400000.0625,-400000.0625,-400000.0625
28.66848874092102,-400000.0625,-400000.0625,-400000.0625,-400000.0625,-400000.0625,-400000.0625,-400000.0625,-400000.0625
28.668492794036865,-400000.0625,-400000.0625,-400000.0625,-400000.0625,-400000.0625,-400000.0625,-400000.0625,-400000.0625
28.66849684715271,-400000.0625,-400000.0625,-400000.0625,-400000.0625,-400000.0625,-400000.0625,-400000.0625,-400000.0625
28.668500900268555,-400000.0625,-400000.0625,-400000.0625,-400000.0625,-400000.0625,-400000.0625,-400000.0625,-400000.0625
28.6685049533844,-400000.0625,-400000.0625,-400000.0625,-400000.0625,-400000.0625,-400000.0625,-400000.0625,-400000.0625
28.668509244918823,-400000.0625,-400000.0625,-400000.0625,-400000.0625,-400000.0625,-400000.0625,-400000.0625,-400000.0625
28.668513536453247,-400000.0625,-400000.0625,-400000.0625,-400000.0625,-400000.0625,-400000.0625,-400000.0625,-400000.0625
28.723632097244263,-400000.0625,-400000.0625,-400000.0625,-400000.0625,-400000.0625,-400000.0625,-400000.0625,-400000.0625
28.729480743408203,-400000.0625,-400000.0625,-400000.0625,-400000.0625,-400000.0625,-400000.0625,-400000.0625,-400000.0625
28.738834857940674,-400000.0625,-400000.0625,-400000.0625,-400000.0625,-400000.0625,-400000.0625,-400000.0625,-400000.0625
28.746622800827026,-400000.0625,-400000.0625,-400000.0625,-400000.0625,-400000.0625,-400000.0625,-400000.0625,-400000.0625
28.75179648399353,-400000.0625,-400000.0625,-400000.0625,-400000.0625,-400000.0625,-400000.0625,-400000.0625,-400000.0625
28.756454944610596,-400000.0625,-400000.0625,-400000.0625,-400000.0625,-400000.0625,-400000.0625,-400000.0625,-400000.0625
28.756466388702393,-400000.0625,-400000.0625,-400000.0625,-400000.0625,-400000.0625,-400000.0625,-400000.0625,-400000.0625
28.756470918655396,-400000.0625,-400000.0625,-400000.0625,-400000.0625,-400000.0625,-400000.0625,-400000.0625,-400000.0625
28.75647497177124,-400000.0625,-400000.0625,-400000.0625,-400000.0625,-400000.0625,-400000.0625,-400000.0625,-400000.0625
28.756479024887085,-400000.0625,-400000.0625,-400000.0625,-400000.0625,-400000.0625,-400000.0625,-400000.0625,-400000.0625
28.75648283958435,-400000.0625,-400000.0625,-400000.0625,-400000.0625,-400000.0625,-400000.0625,-400000.0625,-400000.0625
28.756486654281616,-400000.0625,-400000.0625,-400000.0625,-400000.0625,-400000.0625,-400000.0625,-400000.0625,-400000.0625
28.75649070739746,-400000.0625,-400000.0625,-400000.0625,-400000.0625,-400000.0625,-400000.0625,-400000.0625,-400000.0625
28.756494760513306,-400000.0625,-400000.0625,-400000.0625,-400000.0625,-400000.0625,-400000.0625,-400000.0625,-400000.0625
28.756498336791992,-400000.0625,-400000.0625,-400000.0625,-400000.0625,-400000.0625,-400000.0625,-400000.0625,-400000.0625
28.756502389907837,-400000.0625,-400000.0625,-400000.0625,-400000.0625,-400000.0625,-400000.0625,-400000.0625,-400000.0625
28.781761169433594,-400000.0625,-400000.0625,-400000.0625,-400000.0625,-400000.0625,-400000.0625,-400000.0625,-400000.0625
28.78693461418152,-400000.0625,-400000.0625,-400000.0625,-400000.0625,-400000.0625,-400000.0625,-400000.0625,-400000.0625
28.792328357696533,-400000.0625,-400000.0625,-400000.0625,-400000.0625,-400000.0625,-400000.0625,-400000.0625,-400000.0625
28.797858476638794,-400000.0625,-400000.0625,-400000.0625,-400000.0625,-400000.0625,-400000.0625,-400000.0625,-400000.0625
28.803019285202026,-400000.0625,-400000.0625,-400000.0625,-400000.0625,-400000.0625,-400000.0625,-400000.0625,-400000.0625
28.809019327163696,-400000.0625,-400000.0625,-400000.0625,-400000.0625,-400000.0625,-400000.0625,-400000.0625,-400000.0625
28.814622402191162,-400000.0625,-400000.0625,-400000.0625,-400000.0625,-400000.0625,-400000.0625,-400000.0625,-400000.0625
28.82056212425232,-400000.0625,-400000.0625,-400000.0625,-400000.0625,-400000.0625,-400000.0625,-400000.0625,-400000.0625
28.826547145843506,-400000.0625,-400000.0625,-400000.0625,-400000.0625,-400000.0625,-400000.0625,-400000.0625,-400000.0625
28.832502603530884,-400000.0625,-400000.0625,-400000.0625,-400000.0625,-400000.0625,-400000.0625,-400000.0625,-400000.0625
28.844570636749268,-400000.0625,-400000.0625,-400000.0625,-400000.0625,-400000.0625,-400000.0625,-400000.0625,-400000.0625
28.850777626037598,-400000.0625,-400000.0625,-400000.0625,-400000.0625,-400000.0625,-400000.0625,-400000.0625,-400000.0625
28.856192111968994,-400000.0625,-400000.0625,-400000.0625,-400000.0625,-400000.0625,-400000.0625,-400000.0625,-400000.0625
28.86543369293213,-400000.0625,-400000.0625,-400000.0625,-400000.0625,-400000.0625,-400000.0625,-400000.0625,-400000.0625
28.871445178985596,-400000.0625,-400000.0625,-400000.0625,-400000.0625,-400000.0625,-400000.0625,-400000.0625,-400000.0625
28.879896640777588,-400000.0625,-400000.0625,-400000.0625,-400000.0625,-400000.0625,-400000.0625,-400000.0625,-400000.0625
28.884998083114624,-400000.0625,-400000.0625,-400000.0625,-400000.0625,-400000.0625,-400000.0625,-400000.0625,-400000.0625
28.890318632125854,-400000.0625,-400000.0625,-400000.0625,-400000.0625,-400000.0625,-400000.0625,-400000.0625,-400000.0625
28.896000623703003,-400000.0625,-400000.0625,-400000.0625,-400000.0625,-400000.0625,-400000.0625,-400000.0625,-400000.0625
28.90066361427307,-400000.0625,-400000.0625,-400000.0625,-400000.0625,-400000.0625,-400000.0625,-400000.0625,-400000.0625
28.900673627853394,-400000.0625,-400000.0625,-400000.0625,-400000.0625,-400000.0625,-400000.0625,-400000.0625,-400000.0625
28.900678157806396,-400000.0625,-400000.0625,-400000.0625,-400000.0625,-400000.0625,-400000.0625,-400000.0625,-400000.0625
28.9006826877594,-400000.0625,-400000.0625,-400000.0625,-400000.0625,-400000.0625,-400000.0625,-400000.0625,-400000.0625
28.900686740875244,-400000.0625,-400000.0625,-400000.0625,-400000.0625,-400000.0625,-400000.0625,-400000.0625,-400000.0625
28.90069055557251,-400000.0625,-400000.0625,-400000.0625,-400000.0625,-400000.0625,-400000.0625,-400000.0625,-400000.0625
28.900694370269775,-400000.0625,-400000.0625,-400000.0625,-400000.0625,-400000.0625,-400000.0625,-400000.0625,-400000.0625
28.900700569152832,-400000.0625,-400000.0625,-400000.0625,-400000.0625,-400000.0625,-400000.0625,-400000.0625,-400000.0625
28.900704860687256,-400000.0625,-400000.0625,-400000.0625,-400000.0625,-400000.0625,-400000.0625,-400000.0625,-400000.0625
28.90070867538452,-400000.0625,-400000.0625,-400000.0625,-400000.0625,-400000.0625,-400000.0625,-400000.0625,-400000.0625
28.900712251663208,-400000.0625,-400000.0625,-400000.0625,-400000.0625,-400000.0625,-400000.0625,-400000.0625,-400000.0625
28.900716066360474,-400000.0625,-400000.0625,-400000.0625,-400000.0625,-400000.0625,-400000.0625,-400000.0625,-400000.0625
28.90071964263916,-400000.0625,-400000.0625,-400000.0625,-400000.0625,-400000.0625,-400000.0625,-400000.0625,-400000.0625
28.943063735961914,-400000.0625,-400000.0625,-400000.0625,-400000.0625,-400000.0625,-400000.0625,-400000.0625,-400000.0625
28.95395541191101,-400000.0625,-400000.0625,-400000.0625,-400000.0625,-400000.0625,-400000.0625,-400000.0625,-400000.0625
28.96065592765808,-400000.0625,-400000.0625,-400000.0625,-400000.0625,-400000.0625,-400000.0625,-400000.0625,-400000.0625
28.96626901626587,-400000.0625,-400000.0625,-400000.0625,-400000.0625,-400000.0625,-400000.0625,-400000.0625,-400000.0625
28.971877336502075,-400000.0625,-400000.0625,-400000.0625,-400000.0625,-400000.0625,-400000.0625,-400000.0625,-400000.0625
28.978530883789062,-400000.0625,-400000.0625,-400000.0625,-400000.0625,-400000.0625,-400000.0625,-400000.0625,-400000.0625
28.984100818634033,-400000.0625,-400000.0625,-400000.0625,-400000.0625,-400000.0625,-400000.0625,-400000.0625,-400000.0625
28.989842176437378,-400000.0625,-400000.0625,-400000.0625,-400000.0625,-400000.0625,-400000.0625,-400000.0625,-400000.0625
28.99648380279541,-400000.0625,-400000.0625,-400000.0625,-400000.0625,-400000.0625,-400000.0625,-400000.0625,-400000.0625
29.002395391464233,-400000.0625,-400000.0625,-400000.0625,-400000.0625,-400000.0625,-400000.0625,-400000.0625,-400000.0625
29.008641481399536,-400000.0625,-400000.0625,-400000.0625,-400000.0625,-400000.0625,-400000.0625,-400000.0625,-400000.0625
29.014657735824585,-400000.0625,-400000.0625,-400000.0625,-400000.0625,-400000.0625,-400000.0625,-400000.0625,-400000.0625
29.02014470100403,-400000.0625,-400000.0625,-400000.0625,-400000.0625,-400000.0625,-400000.0625,-400000.0625,-400000.0625
29.026623010635376,-400000.0625,-400000.0625,-400000.0625,-400000.0625,-400000.0625,-400000.0625,-400000.0625,-400000.0625
29.032764196395874,-400000.0625,-400000.0625,-400000.0625,-400000.0625,-400000.0625,-400000.0625,-400000.0625,-400000.0625
29.037612915039062,-400000.0625,-400000.0625,-400000.0625,-400000.0625,-400000.0625,-400000.0625,-400000.0625,-400000.0625
29.037623167037964,-400000.0625,-400000.0625,-400000.0625,-400000.0625,-400000.0625,-400000.0625,-400000.0625,-400000.0625
29.037627458572388,-400000.0625,-400000.0625,-400000.0625,-400000.0625,-400000.0625,-400000.0625,-400000.0625,-400000.0625
29.037631273269653,-400000.0625,-400000.0625,-400000.0625,-400000.0625,-400000.0625,-400000.0625,-400000.0625,-400000.0625
29.03763508796692,-400000.0625,-400000.0625,-400000.0625,-400000.0625,-400000.0625,-400000.0625,-400000.0625,-400000.0625
29.037638664245605,-400000.0625,-400000.0625,-400000.0625,-400000.0625,-400000.0625,-400000.0625,-400000.0625,-400000.0625
29.037642240524292,-400000.0625,-400000.0625,-400000.0625,-400000.0625,-400000.0625,-400000.0625,-400000.0625,-400000.0625
29.03764581680298,-400000.0625,-400000.0625,-400000.0625,-400000.0625,-400000.0625,-400000.0625,-400000.0625,-400000.0625
29.037649869918823,-400000.0625,-400000.0625,-400000.0625,-400000.0625,-400000.0625,-400000.0625,-400000.0625,-400000.0625
29.03765320777893,-400000.0625,-400000.0625,-400000.0625,-400000.0625,-400000.0625,-400000.0625,-400000.0625,-400000.0625
29.037657022476196,-400000.0625,-400000.0625,-400000.0625,-400000.0625,-400000.0625,-400000.0625,-400000.0625,-400000.0625
29.037660837173462,-400000.0625,-400000.0625,-400000.0625,-400000.0625,-400000.0625,-400000.0625,-400000.0625,-400000.0625
29.03766441345215,-400000.0625,-400000.0625,-400000.0625,-400000.0625,-400000.0625,-400000.0625,-400000.0625,-400000.0625
29.037667989730835,-400000.0625,-400000.0625,-400000.0625,-400000.0625,-400000.0625,-400000.0625,-400000.0625,-400000.0625
29.0376718044281,-400000.0625,-400000.0625,-400000.0625,-400000.0625,-400000.0625,-400000.0625,-400000.0625,-400000.0625
29.037675380706787,-400000.0625,-400000.0625,-400000.0625,-400000.0625,-400000.0625,-400000.0625,-400000.0625,-400000.0625
29.037679195404053,-400000.0625,-400000.0625,-400000.0625,-400000.0625,-400000.0625,-400000.0625,-400000.0625,-400000.0625
29.03791356086731,-400000.0625,-400000.0625,-400000.0625,-400000.0625,-400000.0625,-400000.0625,-400000.0625,-400000.0625
29.044564247131348,-400000.0625,-400000.0625,-400000.0625,-400000.0625,-400000.0625,-400000.0625,-400000.0625,-400000.0625
29.054485082626343,-400000.0625,-400000.0625,-400000.0625,-400000.0625,-400000.0625,-400000.0625,-400000.0625,-400000.0625
29.06150507926941,-400000.0625,-400000.0625,-400000.0625,-400000.0625,-400000.0625,-400000.0625,-400000.0625,-400000.0625
29.0670268535614,-400000.0625,-400000.0625,-400000.0625,-400000.0625,-400000.0625,-400000.0625,-400000.0625,-400000.0625
29.072498083114624,-400000.0625,-400000.0625,-400000.0625,-400000.0625,-400000.0625,-400000.0625,-400000.0625,-400000.0625
29.079050064086914,-400000.0625,-400000.0625,-400000.0625,-400000.0625,-400000.0625,-400000.0625,-400000.0625,-400000.0625
29.084420442581177,-400000.0625,-400000.0625,-400000.0625,-400000.0625,-400000.0625,-400000.0625,-400000.0625,-400000.0625
29.090123176574707,-400000.0625,-400000.0625,-400000.0625,-400000.0625,-400000.0625,-400000.0625,-400000.0625,-400000.0625
29.0967059135437,-400000.0625,-400000.0625,-400000.0625,-400000.0625,-400000.0625,-400000.0625,-400000.0625,-400000.0625
29.10264015197754,-400000.0625,-400000.0625,-400000.0625,-400000.0625,-400000.0625,-400000.0625,-400000.0625,-400000.0625
29.111945867538452,-400000.0625,-400000.0625,-400000.0625,-400000.0625,-400000.0625,-400000.0625,-400000.0625,-400000.0625
29.11875343322754,-400000.0625,-400000.0625,-400000.0625,-400000.0625,-400000.0625,-400000.0625,-400000.0625,-400000.0625
29.124072313308716,-400000.0625,-400000.0625,-400000.0625,-400000.0625,-400000.0625,-400000.0625,-400000.0625,-400000.0625
29.130611896514893,-400000.0625,-400000.0625,-400000.0625,-400000.0625,-400000.0625,-400000.0625,-400000.0625,-400000.0625
29.135719060897827,-400000.0625,-400000.0625,-400000.0625,-400000.0625,-400000.0625,-400000.0625,-400000.0625,-400000.0625
29.14204716682434,-400000.0625,-400000.0625,-400000.0625,-400000.0625,-400000.0625,-400000.0625,-400000.0625,-400000.0625
29.14846110343933,-400000.0625,-400000.0625,-400000.0625,-400000.0625,-400000.0625,-400000.0625,-400000.0625,-400000.0625
29.16070818901062,-400000.0625,-400000.0625,-400000.0625,-400000.0625,-400000.0625,-400000.0625,-400000.0625,-400000.0625
29.165656566619873,-400000.0625,-400000.0625,-400000.0625,-400000.0625,-400000.0625,-400000.0625,-400000.0625,-400000.0625
29.165666580200195,-400000.0625,-400000.0625,-400000.0625,-400000.0625,-400000.0625,-400000.0625,-400000.0625,-400000.0625
29.1656711101532,-400000.0625,-400000.0625,-400000.0625,-400000.0625,-400000.0625,-400000.0625,-400000.0625,-400000.0625
29.165675401687622,-400000.0625,-400000.0625,-400000.0625,-400000.0625,-400000.0625,-400000.0625,-400000.0625,-400000.0625
29.165679454803467,-400000.0625,-400000.0625,-400000.0625,-400000.0625,-400000.0625,-400000.0625,-400000.0625,-400000.0625
29.165683269500732,-400000.0625,-400000.0625,-400000.0625,-400000.0625,-400000.0625,-400000.0625,-400000.0625,-400000.0625
29.16568684577942,-400000.0625,-400000.0625,-400000.0625,-400000.0625,-400000.0625,-400000.0625,-400000.0625,-400000.0625
29.165690898895264,-400000.0625,-400000.0625,-400000.0625,-400000.0625,-400000.0625,-400000.0625,-400000.0625,-400000.0625
29.165695667266846,-400000.0625,-400000.0625,-400000.0625,-400000.0625,-400000.0625,-400000.0625,-400000.0625,-400000.0625
29.165699243545532,-400000.0625,-400000.0625,-400000.0625,-400000.0625,-400000.0625,-400000.0625,-400000.0625,-400000.0625
29.165703296661377,-400000.0625,-400000.0625,-400000.0625,-400000.0625,-400000.0625,-400000.0625,-400000.0625,-400000.0625
29.16570734977722,-400000.0625,-400000.0625,-400000.0625,-400000.0625,-400000.0625,-400000.0625,-400000.0625,-400000.0625
29.165711164474487,-400000.0625,-400000.0625,-400000.0625,-400000.0625,-400000.0625,-400000.0625,-400000.0625,-400000.0625
29.169292211532593,-400000.0625,-400000.0625,-400000.0625,-400000.0625,-400000.0625,-400000.0625,-400000.0625,-400000.0625
29.174088954925537,-400000.0625,-400000.0625,-400000.0625,-400000.0625,-400000.0625,-400000.0625,-400000.0625,-400000.0625
29.174100160598755,-400000.0625,-400000.0625,-400000.0625,-400000.0625,-400000.0625,-400000.0625,-400000.0625,-400000.0625
29.1741042137146,-400000.0625,-400000.0625,-400000.0625,-400000.0625,-400000.0625,-400000.0625,-400000.0625,-400000.0625
29.174108028411865,-400000.0625,-400000.0625,-400000.0625,-400000.0625,-400000.0625,-400000.0625,-400000.0625,-400000.0625
29.17411184310913,-400000.0625,-400000.0625,-400000.0625,-400000.0625,-400000.0625,-400000.0625,-400000.0625,-400000.0625
29.174115657806396,-400000.0625,-400000.0625,-400000.0625,-400000.0625,-400000.0625,-400000.0625,-400000.0625,-400000.0625
29.174119472503662,-400000.0625,-400000.0625,-400000.0625,-400000.0625,-400000.0625,-400000.0625,-400000.0625,-400000.0625
29.17412304878235,-400000.0625,-400000.0625,-400000.0625,-400000.0625,-400000.0625,-400000.0625,-400000.0625,-400000.0625
29.174126863479614,-400000.0625,-400000.0625,-400000.0625,-400000.0625,-400000.0625,-400000.0625,-400000.0625,-400000.0625
29.174131155014038,-400000.0625,-400000.0625,-400000.0625,-400000.0625,-400000.0625,-400000.0625,-400000.0625,-400000.0625
29.174134731292725,-400000.0625,-400000.0625,-400000.0625,-400000.0625,-400000.0625,-400000.0625,-400000.0625,-400000.0625
29.17413854598999,-400000.0625,-400000.0625,-400000.0625,-400000.0625,-400000.0625,-400000.0625,-400000.0625,-400000.0625
29.17414426803589,-400000.0625,-400000.0625,-400000.0625,-400000.0625,-400000.0625,-400000.0625,-400000.0625,-400000.0625
29.174147844314575,-400000.0625,-400000.0625,-400000.0625,-400000.0625,-400000.0625,-400000.0625,-400000.0625,-400000.0625
29.17415189743042,-400000.0625,-400000.0625,-400000.0625,-400000.0625,-400000.0625,-400000.0625,-400000.0625,-400000.0625
29.23305344581604,-400000.0625,-400000.0625,-400000.0625,-400000.0625,-400000.0625,-400000.0625,-400000.0625,-400000.0625
29.237956285476685,-400000.0625,-400000.0625,-400000.0625,-400000.0625,-400000.0625,-400000.0625,-400000.0625,-400000.0625
29.23796582221985,-400000.0625,-400000.0625,-400000.0625,-400000.0625,-400000.0625,-400000.0625,-400000.0625,-400000.0625
29.237970113754272,-400000.0625,-400000.0625,-400000.0625,-400000.0625,-400000.0625,-400000.0625,-400000.0625,-400000.0625
29.23797369003296,-400000.0625,-400000.0625,-400000.0625,-400000.0625,-400000.0625,-400000.0625,-400000.0625,-400000.0625
29.237977027893066,-400000.0625,-400000.0625,-400000.0625,-400000.0625,-400000.0625,-400000.0625,-400000.0625,-400000.0625
29.237980604171753,-400000.0625,-400000.0625,-400000.0625,-400000.0625,-400000.0625,-400000.0625,-400000.0625,-400000.0625
29.23798418045044,-400000.0625,-400000.0625,-400000.0625,-400000.0625,-400000.0625,-400000.0625,-400000.0625,-400000.0625
29.237987995147705,-400000.0625,-400000.0625,-400000.0625,-400000.0625,-400000.0625,-400000.0625,-400000.0625,-400000.0625
29.23799228668213,-400000.0625,-400000.0625,-400000.0625,-400000.0625,-400000.0625,-400000.0625,-400000.0625,-400000.0625
29.237995862960815,-400000.0625,-400000.0625,-400000.0625,-400000.0625,-400000.0625,-400000.0625,-400000.0625,-400000.0625
29.237999439239502,-400000.0625,-400000.0625,-400000.0625,-400000.0625,-400000.0625,-400000.0625,-400000.0625,-400000.0625
29.23800301551819,-400000.0625,-400000.0625,-400000.0625,-400000.0625,-400000.0625,-400000.0625,-400000.0625,-400000.0625
29.238006591796875,-400000.0625,-400000.0625,-400000.0625,-400000.0625,-400000.0625,-400000.0625,-400000.0625,-400000.0625
29.23801016807556,-400000.0625,-400000.0625,-400000.0625,-400000.0625,-400000.0625,-400000.0625,-400000.0625,-400000.0625
29.23801350593567,-400000.0625,-400000.0625,-400000.0625,-400000.0625,-400000.0625,-400000.0625,-400000.0625,-400000.0625
29.338042736053467,-400000.0625,-400000.0625,-400000.0625,-400000.0625,-400000.0625,-400000.0625,-400000.0625,-400000.0625
29.35354781150818,-400000.0625,-400000.0625,-400000.0625,-400000.0625,-400000.0625,-400000.0625,-400000.0625,-400000.0625
29.360885858535767,-400000.0625,-400000.0625,-400000.0625,-400000.0625,-400000.0625,-400000.0625,-400000.0625,-400000.0625
29.366629600524902,-400000.0625,-400000.0625,-400000.0625,-400000.0625,-400000.0625,-400000.0625,-400000.0625,-400000.0625
29.37212300300598,-400000.0625,-400000.0625,-400000.0625,-400000.0625,-400000.0625,-400000.0625,-400000.0625,-400000.0625
29.380321979522705,-400000.0625,-400000.0625,-400000.0625,-400000.0625,-400000.0625,-400000.0625,-400000.0625,-400000.0625
29.385398149490356,-400000.0625,-400000.0625,-400000.0625,-400000.0625,-400000.0625,-400000.0625,-400000.0625,-400000.0625
29.392472743988037,-400000.0625,-400000.0625,-400000.0625,-400000.0625,-400000.0625,-400000.0625,-400000.0625,-400000.0625
29.39767813682556,-400000.0625,-400000.0625,-400000.0625,-400000.0625,-400000.0625,-400000.0625,-400000.0625,-400000.0625
29.402450799942017,-400000.0625,-400000.0625,-400000.0625,-400000.0625,-400000.0625,-400000.0625,-400000.0625,-400000.0625
29.402461290359497,-400000.0625,-400000.0625,-400000.0625,-400000.0625,-400000.0625,-400000.0625,-400000.0625,-400000.0625
29.40246558189392,-400000.0625,-400000.0625,-400000.0625,-400000.0625,-400000.0625,-400000.0625,-400000.0625,-400000.0625
29.402469396591187,-400000.0625,-400000.0625,-400000.0625,-400000.0625,-400000.0625,-400000.0625,-400000.0625,-400000.0625
29.402473211288452,-400000.0625,-400000.0625,-400000.0625,-400000.0625,-400000.0625,-400000.0625,-400000.0625,-400000.0625
29.402477502822876,-400000.0625,-400000.0625,-400000.0625,-400000.0625,-400000.0625,-400000.0625,-400000.0625,-400000.0625
29.402481079101562,-400000.0625,-400000.0625,-400000.0625,-400000.0625,-400000.0625,-400000.0625,-400000.0625,-400000.0625
29.402484893798828,-400000.0625,-400000.0625,-400000.0625,-400000.0625,-400000.0625,-400000.0625,-400000.0625,-400000.0625
29.402488470077515,-400000.0625,-400000.0625,-400000.0625,-400000.0625,-400000.0625,-400000.0625,-400000.0625,-400000.0625
29.40249228477478,-400000.0625,-400000.0625,-400000.0625,-400000.0625,-400000.0625,-400000.0625,-400000.0625,-400000.0625
29.402496337890625,-400000.0625,-400000.0625,-400000.0625,-400000.0625,-400000.0625,-400000.0625,-400000.0625,-400000.0625
29.40249991416931,-400000.0625,-400000.0625,-400000.0625,-400000.0625,-400000.0625,-400000.0625,-400000.0625,-400000.0625
29.402506351470947,-400000.0625,-400000.0625,-400000.0625,-400000.0625,-400000.0625,-400000.0625,-400000.0625,-400000.0625
29.402510166168213,-400000.0625,-400000.0625,-400000.0625,-400000.0625,-400000.0625,-400000.0625,-400000.0625,-400000.0625
29.40251398086548,-400000.0625,-400000.0625,-400000.0625,-400000.0625,-400000.0625,-400000.0625,-400000.0625,-400000.0625
29.402517795562744,-400000.0625,-400000.0625,-400000.0625,-400000.0625,-400000.0625,-400000.0625,-400000.0625,-400000.0625
29.40252161026001,-400000.0625,-400000.0625,-400000.0625,-400000.0625,-400000.0625,-400000.0625,-400000.0625,-400000.0625
29.402525901794434,-400000.0625,-400000.0625,-400000.0625,-400000.0625,-400000.0625,-400000.0625,-400000.0625,-400000.0625
29.402530193328857,-400000.0625,-400000.0625,-400000.0625,-400000.0625,-400000.0625,-400000.0625,-400000.0625,-400000.0625
29.402534008026123,-400000.0625,-400000.0625,-400000.0625,-400000.0625,-400000.0625,-400000.0625,-400000.0625,-400000.0625
29.40253758430481,-400000.0625,-400000.0625,-400000.0625,-400000.0625,-400000.0625,-400000.0625,-400000.0625,-400000.0625
29.402541637420654,-400000.0625,-400000.0625,-400000.0625,-400000.0625,-400000.0625,-400000.0625,-400000.0625,-400000.0625
29.40254545211792,-400000.0625,-400000.0625,-400000.0625,-400000.0625,-400000.0625,-400000.0625,-400000.0625,-400000.0625
29.44477677345276,-400000.0625,-400000.0625,-400000.0625,-400000.0625,-400000.0625,-400000.0625,-400000.0625,-400000.0625
29.453909397125244,-400000.0625,-400000.0625,-400000.0625,-400000.0625,-400000.0625,-400000.0625,-400000.0625,-400000.0625
29.45934748649597,-400000.0625,-400000.0625,-400000.0625,-400000.0625,-400000.0625,-400000.0625,-400000.0625,-400000.0625
29.46445322036743,-400000.0625,-400000.0625,-400000.0625,-400000.0625,-400000.0625,-400000.0625,-400000.0625,-400000.0625
29.46925377845764,-400000.0625,-400000.0625,-400000.0625,-400000.0625,-400000.0625,-400000.0625,-400000.0625,-400000.0625
29.469263792037964,-400000.0625,-400000.0625,-400000.0625,-400000.0625,-400000.0625,-400000.0625,-400000.0625,-400000.0625
29.469268083572388,-400000.0625,-400000.0625,-400000.0625,-400000.0625,-400000.0625,-400000.0625,-400000.0625,-400000.0625
29.469271898269653,-400000.0625,-400000.0625,-400000.0625,-400000.0625,-400000.0625,-400000.0625,-400000.0625,-400000.0625
29.46927571296692,-400000.0625,-400000.0625,-400000.0625,-400000.0625,-400000.0625,-400000.0625,-400000.0625,-400000.0625
29.469279527664185,-400000.0625,-400000.0625,-400000.0625,-400000.0625,-400000.0625,-400000.0625,-400000.0625,-400000.0625
29.46928358078003,-400000.0625,-400000.0625,-400000.0625,-400000.0625,-400000.0625,-400000.0625,-400000.0625,-400000.0625
29.469287633895874,-400000.0625,-400000.0625,-400000.0625,-400000.0625,-400000.0625,-400000.0625,-400000.0625,-400000.0625
29.46929121017456,-400000.0625,-400000.0625,-400000.0625,-400000.0625,-400000.0625,-400000.0625,-400000.0625,-400000.0625
29.469295024871826,-400000.0625,-400000.0625,-400000.0625,-400000.0625,-400000.0625,-400000.0625,-400000.0625,-400000.0625
29.469298839569092,-400000.0625,-400000.0625,-400000.0625,-400000.0625,-400000.0625,-400000.0625,-400000.0625,-400000.0625
29.469302654266357,-400000.0625,-400000.0625,-400000.0625,-400000.0625,-400000.0625,-400000.0625,-400000.0625,-400000.0625
29.491378784179688,-400000.0625,-400000.0625,-400000.0625,-400000.0625,-400000.0625,-400000.0625,-400000.0625,-400000.0625
29.496526956558228,-400000.0625,-400000.0625,-400000.0625,-400000.0625,-400000.0625,-400000.0625,-400000.0625,-400000.0625
29.50108313560486,-400000.0625,-400000.0625,-400000.0625,-400000.0625,-400000.0625,-400000.0625,-400000.0625,-400000.0625
29.50109314918518,-400000.0625,-400000.0625,-400000.0625,-400000.0625,-400000.0625,-400000.0625,-400000.0625,-400000.0625
29.501097440719604,-400000.0625,-400000.0625,-400000.0625,-400000.0625,-400000.0625,-400000.0625,-400000.0625,-400000.0625
29.50110149383545,-400000.0625,-400000.0625,-400000.0625,-400000.0625,-400000.0625,-400000.0625,-400000.0625,-400000.0625
29.501105308532715,-400000.0625,-400000.0625,-400000.0625,-400000.0625,-400000.0625,-400000.0625,-400000.0625,-400000.0625
29.50110912322998,-400000.0625,-400000.0625,-400000.0625,-400000.0625,-400000.0625,-400000.0625,-400000.0625,-400000.0625
29.501112699508667,-400000.0625,-400000.0625,-400000.0625,-400000.0625,-400000.0625,-400000.0625,-400000.0625,-400000.0625
29.501116275787354,-400000.0625,-400000.0625,-400000.0625,-400000.0625,-400000.0625,-400000.0625,-400000.0625,-400000.0625
29.50111985206604,-400000.0625,-400000.0625,-400000.0625,-400000.0625,-400000.0625,-400000.0625,-400000.0625,-400000.0625
29.501123428344727,-400000.0625,-400000.0625,-400000.0625,-400000.0625,-400000.0625,-400000.0625,-400000.0625,-400000.0625
29.501127004623413,-400000.0625,-400000.0625,-400000.0625,-400000.0625,-400000.0625,-400000.0625,-400000.0625,-400000.0625
29.50113034248352,-400000.0625,-400000.0625,-400000.0625,-400000.0625,-400000.0625,-400000.0625,-400000.0625,-400000.0625
29.501134157180786,-400000.0625,-400000.0625,-400000.0625,-400000.0625,-400000.0625,-400000.0625,-400000.0625,-400000.0625
29.501137733459473,-400000.0625,-400000.0625,-400000.0625,-400000.0625,-400000.0625,-400000.0625,-400000.0625,-400000.0625
29.56667709350586,-400000.0625,-400000.0625,-400000.0625,-400000.0625,-400000.0625,-400000.0625,-400000.0625,-400000.0625
29.57649254798889,-400000.0625,-400000.0625,-400000.0625,-400000.0625,-400000.0625,-400000.0625,-400000.0625,-400000.0625
29.581798553466797,-400000.0625,-400000.0625,-400000.0625,-400000.0625,-400000.0625,-400000.0625,-400000.0625,-400000.0625
29.586817502975464,-400000.0625,-400000.0625,-400000.0625,-400000.0625,-400000.0625,-400000.0625,-400000.0625,-400000.0625
29.593833923339844,-400000.0625,-400000.0625,-400000.0625,-400000.0625,-400000.0625,-400000.0625,-400000.0625,-400000.0625
29.599440574645996,-400000.0625,-400000.0625,-400000.0625,-400000.0625,-400000.0625,-400000.0625,-400000.0625,-400000.0625
29.60464310646057,-400000.0625,-400000.0625,-400000.0625,-400000.0625,-400000.0625,-400000.0625,-400000.0625,-400000.0625
29.611934900283813,-400000.0625,-400000.0625,-400000.0625,-400000.0625,-400000.0625,-400000.0625,-400000.0625,-400000.0625
29.61726975440979,-400000.0625,-400000.0625,-400000.0625,-400000.0625,-400000.0625,-400000.0625,-400000.0625,-400000.0625
29.62277841567993,-400000.0625,-400000.0625,-400000.0625,-400000.0625,-400000.0625,-400000.0625,-400000.0625,-400000.0625
29.62853717803955,-400000.0625,-400000.0625,-400000.0625,-400000.0625,-400000.0625,-400000.0625,-400000.0625,-400000.0625
29.633387327194214,-400000.0625,-400000.0625,-400000.0625,-400000.0625,-400000.0625,-400000.0625,-400000.0625,-400000.0625
29.633397579193115,-400000.0625,-400000.0625,-400000.0625,-400000.0625,-400000.0625,-400000.0625,-400000.0625,-400000.0625
29.633402109146118,-400000.0625,-400000.0625,-400000.0625,-400000.0625,-400000.0625,-400000.0625,-400000.0625,-400000.0625
29.63340663909912,-400000.0625,-400000.0625,-400000.0625,-400000.0625,-400000.0625,-400000.0625,-400000.0625,-400000.0625
29.633410453796387,-400000.0625,-400000.0625,-400000.0625,-400000.0625,-400000.0625,-400000.0625,-400000.0625,-400000.0625
29.633414268493652,-400000.0625,-400000.0625,-400000.0625,-400000.0625,-400000.0625,-400000.0625,-400000.0625,-400000.0625
29.633418321609497,-400000.0625,-400000.0625,-400000.0625,-400000.0625,-400000.0625,-400000.0625,-400000.0625,-400000.0625
29.633422136306763,-400000.0625,-400000.0625,-400000.0625,-400000.0625,-400000.0625,-400000.0625,-400000.0625,-400000.0625
29.63342595100403,-400000.0625,-400000.0625,-400000.0625,-400000.0625,-400000.0625,-400000.0625,-400000.0625,-400000.0625
29.633429527282715,-400000.0625,-400000.0625,-400000.0625,-400000.0625,-400000.0625,-400000.0625,-400000.0625,-400000.0625
29.6334331035614,-400000.0625,-400000.0625,-400000.0625,-400000.0625,-400000.0625,-400000.0625,-400000.0625,-400000.0625
29.633437395095825,-400000.0625,-400000.0625,-400000.0625,-400000.0625,-400000.0625,-400000.0625,-400000.0625,-400000.0625
29.63344120979309,-400000.0625,-400000.0625,-400000.0625,-400000.0625,-400000.0625,-400000.0625,-400000.0625,-400000.0625
29.633445024490356,-400000.0625,-400000.0625,-400000.0625,-400000.0625,-400000.0625,-400000.0625,-400000.0625,-400000.0625
29.633448839187622,-400000.0625,-400000.0625,-400000.0625,-400000.0625,-400000.0625,-400000.0625,-400000.0625,-400000.0625
29.63345241546631,-400000.0625,-400000.0625,-400000.0625,-400000.0625,-400000.0625,-400000.0625,-400000.0625,-400000.0625
29.633456707000732,-400000.0625,-400000.0625,-400000.0625,-400000.0625,-400000.0625,-400000.0625,-400000.0625,-400000.0625
29.633460521697998,-400000.0625,-400000.0625,-400000.0625,-400000.0625,-400000.0625,-400000.0625,-400000.0625,-400000.0625
29.633464336395264,-400000.0625,-400000.0625,-400000.0625,-400000.0625,-400000.0625,-400000.0625,-400000.0625,-400000.0625
29.633476972579956,-400000.0625,-400000.0625,-400000.0625,-400000.0625,-400000.0625,-400000.0625,-400000.0625,-400000.0625
29.6334810256958,-400000.0625,-400000.0625,-400000.0625,-400000.0625,-400000.0625,-400000.0625,-400000.0625,-400000.0625
29.723578929901123,-400000.0625,-400000.0625,-400000.0625,-400000.0625,-400000.0625,-400000.0625,-400000.0625,-400000.0625
29.733753204345703,-400000.0625,-400000.0625,-400000.0625,-400000.0625,-400000.0625,-400000.0625,-400000.0625,-400000.0625
29.73919367790222,-400000.0625,-400000.0625,-400000.0625,-400000.0625,-400000.0625,-400000.0625,-400000.0625,-400000.0625
29.745408058166504,-400000.0625,-400000.0625,-400000.0625,-400000.0625,-400000.0625,-400000.0625,-400000.0625,-400000.0625
29.75166606903076,-400000.0625,-400000.0625,-400000.0625,-400000.0625,-400000.0625,-400000.0625,-400000.0625,-400000.0625
29.75705099105835,-400000.0625,-400000.0625,-400000.0625,-400000.0625,-400000.0625,-400000.0625,-400000.0625,-400000.0625
29.76309847831726,-400000.0625,-400000.0625,-400000.0625,-400000.0625,-400000.0625,-400000.0625,-400000.0625,-400000.0625
29.768718481063843,-400000.0625,-400000.0625,-400000.0625,-400000.0625,-400000.0625,-400000.0625,-400000.0625,-400000.0625
29.77423095703125,-400000.0625,-400000.0625,-400000.0625,-400000.0625,-400000.0625,-400000.0625,-400000.0625,-400000.0625
29.780349016189575,-400000.0625,-400000.0625,-400000.0625,-400000.0625,-400000.0625,-400000.0625,-400000.0625,-400000.0625
29.785597324371338,-400000.0625,-400000.0625,-400000.0625,-400000.0625,-400000.0625,-400000.0625,-400000.0625,-400000.0625
29.792298555374146,-400000.0625,-400000.0625,-400000.0625,-400000.0625,-400000.0625,-400000.0625,-400000.0625,-400000.0625
29.79799795150757,-400000.0625,-400000.0625,-400000.0625,-400000.0625,-400000.0625,-400000.0625,-400000.0625,-400000.0625
29.802634239196777,-400000.0625,-400000.0625,-400000.0625,-400000.0625,-400000.0625,-400000.0625,-400000.0625,-400000.0625
29.802643537521362,-400000.0625,-400000.0625,-400000.0625,-400000.0625,-400000.0625,-400000.0625,-400000.0625,-400000.0625
29.802648067474365,-400000.0625,-400000.0625,-400000.0625,-400000.0625,-400000.0625,-400000.0625,-400000.0625,-400000.0625
29.80265212059021,-400000.0625,-400000.0625,-400000.0625,-400000.0625,-400000.0625,-400000.0625,-400000.0625,-400000.0625
29.80265784263611,-400000.0625,-400000.0625,-400000.0625,-400000.0625,-400000.0625,-400000.0625,-400000.0625,-400000.0625
29.802661657333374,-400000.0625,-400000.0625,-400000.0625,-400000.0625,-400000.0625,-400000.0625,-400000.0625,-400000.0625
29.80266547203064,-400000.0625,-400000.0625,-400000.0625,-400000.0625,-400000.0625,-400000.0625,-400000.0625,-400000.0625
29.802669525146484,-400000.0625,-400000.0625,-400000.0625,-400000.0625,-400000.0625,-400000.0625,-400000.0625,-400000.0625
29.80267333984375,-400000.0625,-400000.0625,-400000.0625,-400000.0625,-400000.0625,-400000.0625,-400000.0625,-400000.0625
29.802677392959595,-400000.0625,-400000.0625,-400000.0625,-400000.0625,-400000.0625,-400000.0625,-400000.0625,-400000.0625
29.80268120765686,-400000.0625,-400000.0625,-400000.0625,-400000.0625,-400000.0625,-400000.0625,-400000.0625,-400000.0625
29.802685022354126,-400000.0625,-400000.0625,-400000.0625,-400000.0625,-400000.0625,-400000.0625,-400000.0625,-400000.0625
29.80268883705139,-400000.0625,-400000.0625,-400000.0625,-400000.0625,-400000.0625,-400000.0625,-400000.0625,-400000.0625
29.802692651748657,-400000.0625,-400000.0625,-400000.0625,-400000.0625,-400000.0625,-400000.0625,-400000.0625,-400000.0625
29.802696704864502,-400000.0625,-400000.0625,-400000.0625,-400000.0625,-400000.0625,-400000.0625,-400000.0625,-400000.0625
29.802700757980347,-400000.0625,-400000.0625,-400000.0625,-400000.0625,-400000.0625,-400000.0625,-400000.0625,-400000.0625
29.802704572677612,-400000.0625,-400000.0625,-400000.0625,-400000.0625,-400000.0625,-400000.0625,-400000.0625,-400000.0625
29.802708387374878,-400000.0625,-400000.0625,-400000.0625,-400000.0625,-400000.0625,-400000.0625,-400000.0625,-400000.0625
29.802712202072144,-400000.0625,-400000.0625,-400000.0625,-400000.0625,-400000.0625,-400000.0625,-400000.0625,-400000.0625
29.82305645942688,-400000.0625,-400000.0625,-400000.0625,-400000.0625,-400000.0625,-400000.0625,-400000.0625,-400000.0625
29.829665422439575,-400000.0625,-400000.0625,-400000.0625,-400000.0625,-400000.0625,-400000.0625,-400000.0625,-400000.0625
29.83930993080139,-400000.0625,-400000.0625,-400000.0625,-400000.0625,-400000.0625,-400000.0625,-400000.0625,-400000.0625
29.845144748687744,-400000.0625,-400000.0625,-400000.0625,-400000.0625,-400000.0625,-400000.0625,-400000.0625,-400000.0625
29.850776195526123,-400000.0625,-400000.0625,-400000.0625,-400000.0625,-400000.0625,-400000.0625,-400000.0625,-400000.0625
29.857147693634033,-400000.0625,-400000.0625,-400000.0625,-400000.0625,-400000.0625,-400000.0625,-400000.0625,-400000.0625
29.864415168762207,-400000.0625,-400000.0625,-400000.0625,-400000.0625,-400000.0625,-400000.0625,-400000.0625,-400000.0625
29.869990348815918,-400000.0625,-400000.0625,-400000.0625,-400000.0625,-400000.0625,-400000.0625,-400000.0625,-400000.0625
29.875715017318726,-400000.0625,-400000.0625,-400000.0625,-400000.0625,-400000.0625,-400000.0625,-400000.0625,-400000.0625
29.88183045387268,-400000.0625,-400000.0625,-400000.0625,-400000.0625,-400000.0625,-400000.0625,-400000.0625,-400000.0625
29.888450622558594,-400000.0625,-400000.0625,-400000.0625,-400000.0625,-400000.0625,-400000.0625,-400000.0625,-400000.0625
29.898956537246704,-400000.0625,-400000.0625,-400000.0625,-400000.0625,-400000.0625,-400000.0625,-400000.0625,-400000.0625
29.90471076965332,-400000.0625,-400000.0625,-400000.0625,-400000.0625,-400000.0625,-400000.0625,-400000.0625,-400000.0625
29.910712480545044,-400000.0625,-400000.0625,-400000.0625,-400000.0625,-400000.0625,-400000.0625,-400000.0625,-400000.0625
29.915474891662598,-400000.0625,-400000.0625,-400000.0625,-400000.0625,-400000.0625,-400000.0625,-400000.0625,-400000.0625
29.915487051010132,-400000.0625,-400000.0625,-400000.0625,-400000.0625,-400000.0625,-400000.0625,-400000.0625,-400000.0625
29.915491342544556,-400000.0625,-400000.0625,-400000.0625,-400000.0625,-400000.0625,-400000.0625,-400000.0625,-400000.0625
29.91550326347351,-400000.0625,-400000.0625,-400000.0625,-400000.0625,-400000.0625,-400000.0625,-400000.0625,-400000.0625
29.915506839752197,-400000.0625,-400000.0625,-400000.0625,-400000.0625,-400000.0625,-400000.0625,-400000.0625,-400000.0625
29.915510892868042,-400000.0625,-400000.0625,-400000.0625,-400000.0625,-400000.0625,-400000.0625,-400000.0625,-400000.0625
29.915514707565308,-400000.0625,-400000.0625,-400000.0625,-400000.0625,-400000.0625,-400000.0625,-400000.0625,-400000.0625
29.915518283843994,-400000.0625,-400000.0625,-400000.0625,-400000.0625,-400000.0625,-400000.0625,-400000.0625,-400000.0625
29.91552209854126,-400000.0625,-400000.0625,-400000.0625,-400000.0625,-400000.0625,-400000.0625,-400000.0625,-400000.0625
29.915526151657104,-400000.0625,-400000.0625,-400000.0625,-400000.0625,-400000.0625,-400000.0625,-400000.0625,-400000.0625
29.91552972793579,-400000.0625,-400000.0625,-400000.0625,-400000.0625,-400000.0625,-400000.0625,-400000.0625,-400000.0625
29.915533781051636,-400000.0625,-400000.0625,-400000.0625,-400000.0625,-400000.0625,-400000.0625,-400000.0625,-400000.0625
29.9155375957489,-400000.0625,-400000.0625,-400000.0625,-400000.0625,-400000.0625,-400000.0625,-400000.0625,-400000.0625
29.915541887283325,-400000.0625,-400000.0625,-400000.0625,-400000.0625,-400000.0625,-400000.0625,-400000.0625,-400000.0625
29.91554570198059,-400000.0625,-400000.0625,-400000.0625,-400000.0625,-400000.0625,-400000.0625,-400000.0625,-400000.0625
29.915549278259277,-400000.0625,-400000.0625,-400000.0625,-400000.0625,-400000.0625,-400000.0625,-400000.0625,-400000.0625
29.915553092956543,-400000.0625,-400000.0625,-400000.0625,-400000.0625,-400000.0625,-400000.0625,-400000.0625,-400000.0625
29.91555690765381,-400000.0625,-400000.0625,-400000.0625,-400000.0625,-400000.0625,-400000.0625,-400000.0625,-400000.0625
29.934274673461914,-400000.0625,-400000.0625,-400000.0625,-400000.0625,-400000.0625,-400000.0625,-400000.0625,-400000.0625
29.944469451904297,-400000.0625,-400000.0625,-400000.0625,-400000.0625,-400000.0625,-400000.0625,-400000.0625,-400000.0625
29.950501680374146,-400000.0625,-400000.0625,-400000.0625,-400000.0625,-400000.0625,-400000.0625,-400000.0625,-400000.0625
29.955687284469604,-400000.0625,-400000.0625,-400000.0625,-400000.0625,-400000.0625,-400000.0625,-400000.0625,-400000.0625
29.96114444732666,-400000.0625,-400000.0625,-400000.0625,-400000.0625,-400000.0625,-400000.0625,-400000.0625,-400000.0625
29.965814113616943,-400000.0625,-400000.0625,-400000.0625,-400000.0625,-400000.0625,-400000.0625,-400000.0625,-400000.0625
29.965824842453003,-400000.0625,-400000.0625,-400000.0625,-400000.0625,-400000.0625,-400000.0625,-400000.0625,-400000.0625
29.965829372406006,-400000.0625,-400000.0625,-400000.0625,-400000.0625,-400000.0625,-400000.0625,-400000.0625,-400000.0625
29.96583342552185,-400000.0625,-400000.0625,-400000.0625,-400000.0625,-400000.0625,-400000.0625,-400000.0625,-400000.0625
29.96583914756775,-400000.0625,-400000.0625,-400000.0625,-400000.0625,-400000.0625,-400000.0625,-400000.0625,-400000.0625
29.965842723846436,-400000.0625,-400000.0625,-400000.0625,-400000.0625,-400000.0625,-400000.0625,-400000.0625,-400000.0625
29.9658465385437,-400000.0625,-400000.0625,-400000.0625,-400000.0625,-400000.0625,-400000.0625,-400000.0625,-400000.0625
29.965850114822388,-400000.0625,-400000.0625,-400000.0625,-400000.0625,-400000.0625,-400000.0625,-400000.0625,-400000.0625
29.965854167938232,-400000.0625,-400000.0625,-400000.0625,-400000.0625,-400000.0625,-400000.0625,-400000.0625,-400000.0625
29.965857982635498,-400000.0625,-400000.0625,-400000.0625,-400000.0625,-400000.0625,-400000.0625,-400000.0625,-400000.0625
29.965862035751343,-400000.0625,-400000.0625,-400000.0625,-400000.0625,-400000.0625,-400000.0625,-400000.0625,-400000.0625
30.000686168670654,-400000.0625,-400000.0625,-400000.0625,-400000.0625,-400000.0625,-400000.0625,-400000.0625,-400000.0625
30.00551462173462,-400000.0625,-400000.0625,-400000.0625,-400000.0625,-400000.0625,-400000.0625,-400000.0625,-400000.0625
30.005523681640625,-400000.0625,-400000.0625,-400000.0625,-400000.0625,-400000.0625,-400000.0625,-400000.0625,-400000.0625
30.00552797317505,-400000.0625,-400000.0625,-400000.0625,-400000.0625,-400000.0625,-400000.0625,-400000.0625,-400000.0625
30.005531549453735,-400000.0625,-400000.0625,-400000.0625,-400000.0625,-400000.0625,-400000.0625,-400000.0625,-400000.0625
30.005535125732422,-400000.0625,-400000.0625,-400000.0625,-400000.0625,-400000.0625,-400000.0625,-400000.0625,-400000.0625
30.005538940429688,-400000.0625,-400000.0625,-400000.0625,-400000.0625,-400000.0625,-400000.0625,-400000.0625,-400000.0625
30.005542755126953,-400000.0625,-400000.0625,-400000.0625,-400000.0625,-400000.0625,-400000.0625,-400000.0625,-400000.0625
30.00554656982422,-400000.0625,-400000.0625,-400000.0625,-400000.0625,-400000.0625,-400000.0625,-400000.0625,-400000.0625
30.005550146102905,-400000.0625,-400000.0625,-400000.0625,-400000.0625,-400000.0625,-400000.0625,-400000.0625,-400000.0625
30.00555396080017,-400000.0625,-400000.0625,-400000.0625,-400000.0625,-400000.0625,-400000.0625,-400000.0625,-400000.0625
30.005557537078857,-400000.0625,-400000.0625,-400000.0625,-400000.0625,-400000.0625,-400000.0625,-400000.0625,-400000.0625
30.005561351776123,-400000.0625,-400000.0625,-400000.0625,-400000.0625,-400000.0625,-400000.0625,-400000.0625,-400000.0625
30.005565404891968,-400000.0625,-400000.0625,-400000.0625,-400000.0625,-400000.0625,-400000.0625,-400000.0625,-400000.0625
30.005568981170654,-400000.0625,-400000.0625,-400000.0625,-400000.0625,-400000.0625,-400000.0625,-400000.0625,-400000.0625
30.00557255744934,-400000.0625,-400000.0625,-400000.0625,-400000.0625,-400000.0625,-400000.0625,-400000.0625,-400000.0625
30.067092895507812,-400000.0625,-400000.0625,-400000.0625,-400000.0625,-400000.0625,-400000.0625,-400000.0625,-400000.0625
30.077242374420166,-400000.0625,-400000.0625,-400000.0625,-400000.0625,-400000.0625,-400000.0625,-400000.0625,-400000.0625
30.082205057144165,-400000.0625,-400000.0625,-400000.0625,-400000.0625,-400000.0625,-400000.0625,-400000.0625,-400000.0625
30.082215547561646,-400000.0625,-400000.0625,-400000.0625,-400000.0625,-400000.0625,-400000.0625,-400000.0625,-400000.0625
30.08222007751465,-400000.0625,-400000.0625,-400000.0625,-400000.0625,-400000.0625,-400000.0625,-400000.0625,-400000.0625
30.08222532272339,-400000.0625,-400000.0625,-400000.0625,-400000.0625,-400000.0625,-400000.0625,-400000.0625,-400000.0625
30.082229614257812,-400000.0625,-400000.0625,-400000.0625,-400000.0625,-400000.0625,-400000.0625,-400000.0625,-400000.0625
30.082233428955078,-400000.0625,-400000.0625,-400000.0625,-400000.0625,-400000.0625,-400000.0625,-400000.0625,-400000.0625
30.082237243652344,-400000.0625,-400000.0625,-400000.0625,-400000.0625,-400000.0625,-400000.0625,-400000.0625,-400000.0625
30.08224105834961,-400000.0625,-400000.0625,-400000.0625,-400000.0625,-400000.0625,-400000.0625,-400000.0625,-400000.0625
30.082245111465454,-400000.0625,-400000.0625,-400000.0625,-400000.0625,-400000.0625,-400000.0625,-400000.0625,-400000.0625
30.08224892616272,-400000.0625,-400000.0625,-400000.0625,-400000.0625,-400000.0625,-400000.0625,-400000.0625,-400000.0625
30.087193727493286,-400000.0625,-400000.0625,-400000.0625,-400000.0625,-400000.0625,-400000.0625,-400000.0625,-400000.0625
30.087203979492188,-400000.0625,-400000.0625,-400000.0625,-400000.0625,-400000.0625,-400000.0625,-400000.0625,-400000.0625
30.08720850944519,-400000.0625,-400000.0625,-400000.0625,-400000.0625,-400000.0625,-400000.0625,-400000.0625,-400000.0625
30.087212562561035,-400000.0625,-400000.0625,-400000.0625,-400000.0625,-400000.0625,-400000.0625,-400000.0625,-400000.0625
30.12885856628418,-400000.0625,-400000.0625,-400000.0625,-400000.0625,-400000.0625,-400000.0625,-400000.0625,-400000.0625
30.133978128433228,-400000.0625,-400000.0625,-400000.0625,-400000.0625,-400000.0625,-400000.0625,-400000.0625,-400000.0625
30.1389262676239,-400000.0625,-400000.0625,-400000.0625,-400000.0625,-400000.0625,-400000.0625,-400000.0625,-400000.0625
30.138936758041382,-400000.0625,-400000.0625,-400000.0625,-400000.0625,-400000.0625,-400000.0625,-400000.0625,-400000.0625
30.138941764831543,-400000.0625,-400000.0625,-400000.0625,-400000.0625,-400000.0625,-400000.0625,-400000.0625,-400000.0625
30.138947010040283,-400000.0625,-400000.0625,-400000.0625,-400000.0625,-400000.0625,-400000.0625,-400000.0625,-400000.0625
30.138951063156128,-400000.0625,-400000.0625,-400000.0625,-400000.0625,-400000.0625,-400000.0625,-400000.0625,-400000.0625
30.138954639434814,-400000.0625,-400000.0625,-400000.0625,-400000.0625,-400000.0625,-400000.0625,-400000.0625,-400000.0625
30.13895845413208,-400000.0625,-400000.0625,-400000.0625,-400000.0625,-400000.0625,-400000.0625,-400000.0625,-400000.0625
30.138962268829346,-400000.0625,-400000.0625,-400000.0625,-400000.0625,-400000.0625,-400000.0625,-400000.0625,-400000.0625
30.13896608352661,-400000.0625,-400000.0625,-400000.0625,-400000.0625,-400000.0625,-400000.0625,-400000.0625,-400000.0625
30.138970375061035,-400000.0625,-400000.0625,-400000.0625,-400000.0625,-400000.0625,-400000.0625,-400000.0625,-400000.0625
30.13897442817688,-400000.0625,-400000.0625,-400000.0625,-400000.0625,-400000.0625,-400000.0625,-400000.0625,-400000.0625
30.138978004455566,-400000.0625,-400000.0625,-400000.0625,-400000.0625,-400000.0625,-400000.0625,-400000.0625,-400000.0625
30.13898205757141,-400000.0625,-400000.0625,-400000.0625,-400000.0625,-400000.0625,-400000.0625,-400000.0625,-400000.0625
30.138986110687256,-400000.0625,-400000.0625,-400000.0625,-400000.0625,-400000.0625,-400000.0625,-400000.0625,-400000.0625
30.19224262237549,-400000.0625,-400000.0625,-400000.0625,-400000.0625,-400000.0625,-400000.0625,-400000.0625,-400000.0625
30.20218849182129,-400000.0625,-400000.0625,-400000.0625,-400000.0625,-400000.0625,-400000.0625,-400000.0625,-400000.0625
30.20669198036194,-400000.0625,-400000.0625,-400000.0625,-400000.0625,-400000.0625,-400000.0625,-400000.0625,-400000.0625
30.20670175552368,-400000.0625,-400000.0625,-400000.0625,-400000.0625,-400000.0625,-400000.0625,-400000.0625,-400000.0625
30.206706285476685,-400000.0625,-400000.0625,-400000.0625,-400000.0625,-400000.0625,-400000.0625,-400000.0625,-400000.0625
30.20671010017395,-400000.0625,-400000.0625,-400000.0625,-400000.0625,-400000.0625,-400000.0625,-400000.0625,-400000.0625
30.206714153289795,-400000.0625,-400000.0625,-400000.0625,-400000.0625,-400000.0625,-400000.0625,-400000.0625,-400000.0625
30.206719875335693,-400000.0625,-400000.0625,-400000.0625,-400000.0625,-400000.0625,-400000.0625,-400000.0625,-400000.0625
30.206723928451538,-400000.0625,-400000.0625,-400000.0625,-400000.0625,-400000.0625,-400000.0625,-400000.0625,-400000.0625
30.206729412078857,-400000.0625,-400000.0625,-400000.0625,-400000.0625,-400000.0625,-400000.0625,-400000.0625,-400000.0625
30.206732988357544,-400000.0625,-400000.0625,-400000.0625,-400000.0625,-400000.0625,-400000.0625,-400000.0625,-400000.0625
30.20673680305481,-400000.0625,-400000.0625,-400000.0625,-400000.0625,-400000.0625,-400000.0625,-400000.0625,-400000.0625
30.206740617752075,-400000.0625,-400000.0625,-400000.0625,-400000.0625,-400000.0625,-400000.0625,-400000.0625,-400000.0625
30.20674419403076,-400000.0625,-400000.0625,-400000.0625,-400000.0625,-400000.0625,-400000.0625,-400000.0625,-400000.0625
30.20674777030945,-400000.0625,-400000.0625,-400000.0625,-400000.0625,-400000.0625,-400000.0625,-400000.0625,-400000.0625
30.206751346588135,-400000.0625,-400000.0625,-400000.0625,-400000.0625,-400000.0625,-400000.0625,-400000.0625,-400000.0625
30.269249439239502,-400000.0625,-400000.0625,-400000.0625,-400000.0625,-400000.0625,-400000.0625,-400000.0625,-400000.0625
30.274642944335938,-400000.0625,-400000.0625,-400000.0625,-400000.0625,-400000.0625,-400000.0625,-400000.0625,-400000.0625
30.280373096466064,-400000.0625,-400000.0625,-400000.0625,-400000.0625,-400000.0625,-400000.0625,-400000.0625,-400000.0625
30.285646677017212,-400000.0625,-400000.0625,-400000.0625,-400000.0625,-400000.0625,-400000.0625,-400000.0625,-400000.0625
30.292279958724976,-400000.0625,-400000.0625,-400000.0625,-400000.0625,-400000.0625,-400000.0625,-400000.0625,-400000.0625
30.30497169494629,-400000.0625,-400000.0625,-400000.0625,-400000.0625,-400000.0625,-400000.0625,-400000.0625,-400000.0625
30.310534238815308,-400000.0625,-400000.0625,-400000.0625,-400000.0625,-400000.0625,-400000.0625,-400000.0625,-400000.0625
30.315427541732788,-400000.0625,-400000.0625,-400000.0625,-400000.0625,-400000.0625,-400000.0625,-400000.0625,-400000.0625
30.31543755531311,-400000.0625,-400000.0625,-400000.0625,-400000.0625,-400000.0625,-400000.0625,-400000.0625,-400000.0625
30.315442323684692,-400000.0625,-400000.0625,-400000.0625,-400000.0625,-400000.0625,-400000.0625,-400000.0625,-400000.0625
30.315446376800537,-400000.0625,-400000.0625,-400000.0625,-400000.0625,-400000.0625,-400000.0625,-400000.0625,-400000.0625
30.315450429916382,-400000.0625,-400000.0625,-400000.0625,-400000.0625,-400000.0625,-400000.0625,-400000.0625,-400000.0625
30.315454244613647,-400000.0625,-400000.0625,-400000.0625,-400000.0625,-400000.0625,-400000.0625,-400000.0625,-400000.0625
30.315458297729492,-400000.0625,-400000.0625,-400000.0625,-400000.0625,-400000.0625,-400000.0625,-400000.0625,-400000.0625
30.315462589263916,-400000.0625,-400000.0625,-400000.0625,-400000.0625,-400000.0625,-400000.0625,-400000.0625,-400000.0625
30.31546664237976,-400000.0625,-400000.0625,-400000.0625,-400000.0625,-400000.0625,-400000.0625,-400000.0625,-400000.0625
30.32420063018799,-400000.0625,-400000.0625,-400000.0625,-400000.0625,-400000.0625,-400000.0625,-400000.0625,-400000.0625
30.32939648628235,-400000.0625,-400000.0625,-400000.0625,-400000.0625,-400000.0625,-400000.0625,-400000.0625,-400000.0625
30.333932638168335,-400000.0625,-400000.0625,-400000.0625,-400000.0625,-400000.0625,-400000.0625,-400000.0625,-400000.0625
30.333943605422974,-400000.0625,-400000.0625,-400000.0625,-400000.0625,-400000.0625,-400000.0625,-400000.0625,-400000.0625
30.333948373794556,-400000.0625,-400000.0625,-400000.0625,-400000.0625,-400000.0625,-400000.0625,-400000.0625,-400000.0625
30.3339524269104,-400000.0625,-400000.0625,-400000.0625,-400000.0625,-400000.0625,-400000.0625,-400000.0625,-400000.0625
30.333956241607666,-400000.0625,-400000.0625,-400000.0625,-400000.0625,-400000.0625,-400000.0625,-400000.0625,-400000.0625
30.33396005630493,-400000.0625,-400000.0625,-400000.0625,-400000.0625,-400000.0625,-400000.0625,-400000.0625,-400000.0625
30.333963871002197,-400000.0625,-400000.0625,-400000.0625,-400000.0625,-400000.0625,-400000.0625,-400000.0625,-400000.0625
30.333967447280884,-400000.0625,-400000.0625,-400000.0625,-400000.0625,-400000.0625,-400000.0625,-400000.0625,-400000.0625
30.33397126197815,-400000.0625,-400000.0625,-400000.0625,-400000.0625,-400000.0625,-400000.0625,-400000.0625,-400000.0625
30.333975076675415,-400000.0625,-400000.0625,-400000.0625,-400000.0625,-400000.0625,-400000.0625,-400000.0625,-400000.0625
30.33397889137268,-400000.0625,-400000.0625,-400000.0625,-400000.0625,-400000.0625,-400000.0625,-400000.0625,-400000.0625
30.333982467651367,-400000.0625,-400000.0625,-400000.0625,-400000.0625,-400000.0625,-400000.0625,-400000.0625,-400000.0625
30.333986520767212,-400000.0625,-400000.0625,-400000.0625,-400000.0625,-400000.0625,-400000.0625,-400000.0625,-400000.0625
30.3339900970459,-400000.0625,-400000.0625,-400000.0625,-400000.0625,-400000.0625,-400000.0625,-400000.0625,-400000.0625
30.390432119369507,-400000.0625,-400000.0625,-400000.0625,-400000.0625,-400000.0625,-400000.0625,-400000.0625,-400000.0625
30.39577579498291,-400000.0625,-400000.0625,-400000.0625,-400000.0625,-400000.0625,-400000.0625,-400000.0625,-400000.0625
30.406060695648193,-400000.0625,-400000.0625,-400000.0625,-400000.0625,-400000.0625,-400000.0625,-400000.0625,-400000.0625
30.41153883934021,-400000.0625,-400000.0625,-400000.0625,-400000.0625,-400000.0625,-400000.0625,-400000.0625,-400000.0625
30.416572093963623,-400000.0625,-400000.0625,-400000.0625,-400000.0625,-400000.0625,-400000.0625,-400000.0625,-400000.0625
30.421535968780518,-400000.0625,-400000.0625,-400000.0625,-400000.0625,-400000.0625,-400000.0625,-400000.0625,-400000.0625
30.421545028686523,-400000.0625,-400000.0625,-400000.0625,-400000.0625,-400000.0625,-400000.0625,-400000.0625,-400000.0625
30.421550035476685,-400000.0625,-400000.0625,-400000.0625,-400000.0625,-400000.0625,-400000.0625,-400000.0625,-400000.0625
30.42155408859253,-400000.0625,-400000.0625,-400000.0625,-400000.0625,-400000.0625,-400000.0625,-400000.0625,-400000.0625
30.421558141708374,-400000.0625,-400000.0625,-400000.0625,-400000.0625,-400000.0625,-400000.0625,-400000.0625,-400000.0625
30.42156219482422,-400000.0625,-400000.0625,-400000.0625,-400000.0625,-400000.0625,-400000.0625,-400000.0625,-400000.0625
30.421566247940063,-400000.0625,-400000.0625,-400000.0625,-400000.0625,-400000.0625,-400000.0625,-400000.0625,-400000.0625
30.421570301055908,-400000.0625,-400000.0625,-400000.0625,-400000.0625,-400000.0625,-400000.0625,-400000.0625,-400000.0625
30.421574354171753,-400000.0625,-400000.0625,-400000.0625,-400000.0625,-400000.0625,-400000.0625,-400000.0625,-400000.0625
30.42157816886902,-400000.0625,-400000.0625,-400000.0625,-400000.0625,-400000.0625,-400000.0625,-400000.0625,-400000.0625
30.421582460403442,-400000.0625,-400000.0625,-400000.0625,-400000.0625,-400000.0625,-400000.0625,-400000.0625,-400000.0625
30.445554733276367,-400000.0625,-400000.0625,-400000.0625,-400000.0625,-400000.0625,-400000.0625,-400000.0625,-400000.0625
30.451349020004272,-400000.0625,-400000.0625,-400000.0625,-400000.0625,-400000.0625,-400000.0625,-400000.0625,-400000.0625
30.455825567245483,-400000.0625,-400000.0625,-400000.0625,-400000.0625,-400000.0625,-400000.0625,-400000.0625,-400000.0625
30.45583438873291,-400000.0625,-400000.0625,-400000.0625,-400000.0625,-400000.0625,-400000.0625,-400000.0625,-400000.0625
30.455839157104492,-400000.0625,-400000.0625,-400000.0625,-400000.0625,-400000.0625,-400000.0625,-400000.0625,-400000.0625
30.455842971801758,-400000.0625,-400000.0625,-400000.0625,-400000.0625,-400000.0625,-400000.0625,-400000.0625,-400000.0625
30.455846548080444,-400000.0625,-400000.0625,-400000.0625,-400000.0625,-400000.0625,-400000.0625,-400000.0625,-400000.0625
30.45585036277771,-400000.0625,-400000.0625,-400000.0625,-400000.0625,-400000.0625,-400000.0625,-400000.0625,-400000.0625
30.455853939056396,-400000.0625,-400000.0625,-400000.0625,-400000.0625,-400000.0625,-400000.0625,-400000.0625,-400000.0625
30.455857515335083,-400000.0625,-400000.0625,-400000.0625,-400000.0625,-400000.0625,-400000.0625,-400000.0625,-400000.0625
30.45586109161377,-400000.0625,-400000.0625,-400000.0625,-400000.0625,-400000.0625,-400000.0625,-400000.0625,-400000.0625
30.455864667892456,-400000.0625,-400000.0625,-400000.0625,-400000.0625,-400000.0625,-400000.0625,-400000.0625,-400000.0625
30.45586848258972,-400000.0625,-400000.0625,-400000.0625,-400000.0625,-400000.0625,-400000.0625,-400000.0625,-400000.0625
30.455872058868408,-400000.0625,-400000.0625,-400000.0625,-400000.0625,-400000.0625,-400000.0625,-400000.0625,-400000.0625
30.455875635147095,-400000.0625,-400000.0625,-400000.0625,-400000.0625,-400000.0625,-400000.0625,-400000.0625,-400000.0625
30.45587944984436,-400000.0625,-400000.0625,-400000.0625,-400000.0625,-400000.0625,-400000.0625,-400000.0625,-400000.0625
30.523574113845825,-400000.0625,-400000.0625,-400000.0625,-400000.0625,-400000.0625,-400000.0625,-400000.0625,-400000.0625
30.53364086151123,-400000.0625,-400000.0625,-400000.0625,-400000.0625,-400000.0625,-400000.0625,-400000.0625,-400000.0625
30.53920841217041,-400000.0625,-400000.0625,-400000.0625,-400000.0625,-400000.0625,-400000.0625,-400000.0625,-400000.0625
30.54728674888611,-400000.0625,-400000.0625,-400000.0625,-400000.0625,-400000.0625,-400000.0625,-400000.0625,-400000.0625
30.5521297454834,-400000.0625,-400000.0625,-400000.0625,-400000.0625,-400000.0625,-400000.0625,-400000.0625,-400000.0625
30.552139282226562,-400000.0625,-400000.0625,-400000.0625,-400000.0625,-400000.0625,-400000.0625,-400000.0625,-400000.0625
30.552143812179565,-400000.0625,-400000.0625,-400000.0625,-400000.0625,-400000.0625,-400000.0625,-400000.0625,-400000.0625
30.55214786529541,-400000.0625,-400000.0625,-400000.0625,-400000.0625,-400000.0625,-400000.0625,-400000.0625,-400000.0625
30.552151441574097,-400000.0625,-400000.0625,-400000.0625,-400000.0625,-400000.0625,-400000.0625,-400000.0625,-400000.0625
30.552155256271362,-400000.0625,-400000.0625,-400000.0625,-400000.0625,-400000.0625,-400000.0625,-400000.0625,-400000.0625
30.55215883255005,-400000.0625,-400000.0625,-400000.0625,-400000.0625,-400000.0625,-400000.0625,-400000.0625,-400000.0625
30.552162885665894,-400000.0625,-400000.0625,-400000.0625,-400000.0625,-400000.0625,-400000.0625,-400000.0625,-400000.0625
30.55216670036316,-400000.0625,-400000.0625,-400000.0625,-400000.0625,-400000.0625,-400000.0625,-400000.0625,-400000.0625
30.552170515060425,-400000.0625,-400000.0625,-400000.0625,-400000.0625,-400000.0625,-400000.0625,-400000.0625,-400000.0625
30.55217409133911,-400000.0625,-400000.0625,-400000.0625,-400000.0625,-400000.0625,-400000.0625,-400000.0625,-400000.0625
30.552178382873535,-400000.0625,-400000.0625,-400000.0625,-400000.0625,-400000.0625,-400000.0625,-400000.0625,-400000.0625
30.57557249069214,-400000.0625,-400000.0625,-400000.0625,-400000.0625,-400000.0625,-400000.0625,-400000.0625,-400000.0625
30.580695390701294,-400000.0625,-400000.0625,-400000.0625,-400000.0625,-400000.0625,-400000.0625,-400000.0625,-400000.0625
30.585265398025513,-400000.0625,-400000.0625,-400000.0625,-400000.0625,-400000.0625,-400000.0625,-400000.0625,-400000.0625
30.585275411605835,-400000.0625,-400000.0625,-400000.0625,-400000.0625,-400000.0625,-400000.0625,-400000.0625,-400000.0625
30.585280179977417,-400000.0625,-400000.0625,-400000.0625,-400000.0625,-400000.0625,-400000.0625,-400000.0625,-400000.0625
30.585283994674683,-400000.0625,-400000.0625,-400000.0625,-400000.0625,-400000.0625,-400000.0625,-400000.0625,-400000.0625
30.585288047790527,-400000.0625,-400000.0625,-400000.0625,-400000.0625,-400000.0625,-400000.0625,-400000.0625,-400000.0625
30.585294485092163,-400000.0625,-400000.0625,-400000.0625,-400000.0625,-400000.0625,-400000.0625,-400000.0625,-400000.0625
30.58529806137085,-400000.0625,-400000.0625,-400000.0625,-400000.0625,-400000.0625,-400000.0625,-400000.0625,-400000.0625
30.585301399230957,-400000.0625,-400000.0625,-400000.0625,-400000.0625,-400000.0625,-400000.0625,-400000.0625,-400000.0625
30.585305213928223,-400000.0625,-400000.0625,-400000.0625,-400000.0625,-400000.0625,-400000.0625,-400000.0625,-400000.0625
30.58530879020691,-400000.0625,-400000.0625,-400000.0625,-400000.0625,-400000.0625,-400000.0625,-400000.0625,-400000.0625
30.585312366485596,-400000.0625,-400000.0625,-400000.0625,-400000.0625,-400000.0625,-400000.0625,-400000.0625,-400000.0625
30.585315704345703,-400000.0625,-400000.0625,-400000.0625,-400000.0625,-400000.0625,-400000.0625,-400000.0625,-400000.0625
30.58531928062439,-400000.0625,-400000.0625,-400000.0625,-400000.0625,-400000.0625,-400000.0625,-400000.0625,-400000.0625
30.585322856903076,-400000.0625,-400000.0625,-400000.0625,-400000.0625,-400000.0625,-400000.0625,-400000.0625,-400000.0625
30.64435577392578,-400000.0625,-400000.0625,-400000.0625,-400000.0625,-400000.0625,-400000.0625,-400000.0625,-400000.0625
30.654359340667725,-400000.0625,-400000.0625,-400000.0625,-400000.0625,-400000.0625,-400000.0625,-400000.0625,-400000.0625
30.660656213760376,-400000.0625,-400000.0625,-400000.0625,-400000.0625,-400000.0625,-400000.0625,-400000.0625,-400000.0625
30.66594171524048,-400000.0625,-400000.0625,-400000.0625,-400000.0625,-400000.0625,-400000.0625,-400000.0625,-400000.0625
30.671761989593506,-400000.0625,-400000.0625,-400000.0625,-400000.0625,-400000.0625,-400000.0625,-400000.0625,-400000.0625
30.67774224281311,-400000.0625,-400000.0625,-400000.0625,-400000.0625,-400000.0625,-400000.0625,-400000.0625,-400000.0625
30.68344473838806,-400000.0625,-400000.0625,-400000.0625,-400000.0625,-400000.0625,-400000.0625,-400000.0625,-400000.0625
30.688795566558838,-400000.0625,-400000.0625,-400000.0625,-400000.0625,-400000.0625,-400000.0625,-400000.0625,-400000.0625
30.694459438323975,-400000.0625,-400000.0625,-400000.0625,-400000.0625,-400000.0625,-400000.0625,-400000.0625,-400000.0625
30.702184915542603,-400000.0625,-400000.0625,-400000.0625,-400000.0625,-400000.0625,-400000.0625,-400000.0625,-400000.0625
30.70819664001465,-400000.0625,-400000.0625,-400000.0625,-400000.0625,-400000.0625,-400000.0625,-400000.0625,-400000.0625
30.71370840072632,-400000.0625,-400000.0625,-400000.0625,-400000.0625,-400000.0625,-400000.0625,-400000.0625,-400000.0625
30.719542264938354,-400000.0625,-400000.0625,-400000.0625,-400000.0625,-400000.0625,-400000.0625,-400000.0625,-400000.0625
30.72493290901184,-400000.0625,-400000.0625,-400000.0625,-400000.0625,-400000.0625,-400000.0625,-400000.0625,-400000.0625
30.731541395187378,-400000.0625,-400000.0625,-400000.0625,-400000.0625,-400000.0625,-400000.0625,-400000.0625,-400000.0625
30.736702919006348,-400000.0625,-400000.0625,-400000.0625,-400000.0625,-400000.0625,-400000.0625,-400000.0625,-400000.0625
30.742430925369263,-400000.0625,-400000.0625,-400000.0625,-400000.0625,-400000.0625,-400000.0625,-400000.0625,-400000.0625
30.74944281578064,-400000.0625,-400000.0625,-400000.0625,-400000.0625,-400000.0625,-400000.0625,-400000.0625,-400000.0625
30.76071786880493,-400000.0625,-400000.0625,-400000.0625,-400000.0625,-400000.0625,-400000.0625,-400000.0625,-400000.0625
30.766443252563477,-400000.0625,-400000.0625,-400000.0625,-400000.0625,-400000.0625,-400000.0625,-400000.0625,-400000.0625
30.77172088623047,-400000.0625,-400000.0625,-400000.0625,-400000.0625,-400000.0625,-400000.0625,-400000.0625,-400000.0625
30.777984380722046,-400000.0625,-400000.0625,-400000.0625,-400000.0625,-400000.0625,-400000.0625,-400000.0625,-400000.0625
30.783485889434814,-400000.0625,-400000.0625,-400000.0625,-400000.0625,-400000.0625,-400000.0625,-400000.0625,-400000.0625
30.789081811904907,-400000.0625,-400000.0625,-400000.0625,-400000.0625,-400000.0625,-400000.0625,-400000.0625,-400000.0625
30.795334815979004,-400000.0625,-400000.0625,-400000.0625,-400000.0625,-400000.0625,-400000.0625,-400000.0625,-400000.0625
30.801231861114502,-400000.0625,-400000.0625,-400000.0625,-400000.0625,-400000.0625,-400000.0625,-400000.0625,-400000.0625
30.806829690933228,-400000.0625,-400000.0625,-400000.0625,-400000.0625,-400000.0625,-400000.0625,-400000.0625,-400000.0625
30.813431978225708,-400000.0625,-400000.0625,-400000.0625,-400000.0625,-400000.0625,-400000.0625,-400000.0625,-400000.0625
30.818918228149414,-400000.0625,-400000.0625,-400000.0625,-400000.0625,-400000.0625,-400000.0625,-400000.0625,-400000.0625
30.824066400527954,-400000.0625,-400000.0625,-400000.0625,-400000.0625,-400000.0625,-400000.0625,-400000.0625,-400000.0625
30.830175638198853,-400000.0625,-400000.0625,-400000.0625,-400000.0625,-400000.0625,-400000.0625,-400000.0625,-400000.0625
30.835558652877808,-400000.0625,-400000.0625,-400000.0625,-400000.0625,-400000.0625,-400000.0625,-400000.0625,-400000.0625
30.843027353286743,-400000.0625,-400000.0625,-400000.0625,-400000.0625,-400000.0625,-400000.0625,-400000.0625,-400000.0625
30.84822154045105,-400000.0625,-400000.0625,-400000.0625,-400000.0625,-400000.0625,-400000.0625,-400000.0625,-400000.0625
30.852881908416748,-400000.0625,-400000.0625,-400000.0625,-400000.0625,-400000.0625,-400000.0625,-400000.0625,-400000.0625
30.859383821487427,-400000.0625,-400000.0625,-400000.0625,-400000.0625,-400000.0625,-400000.0625,-400000.0625,-400000.0625
30.86407732963562,-400000.0625,-400000.0625,-400000.0625,-400000.0625,-400000.0625,-400000.0625,-400000.0625,-400000.0625
30.86408758163452,-400000.0625,-400000.0625,-400000.0625,-400000.0625,-400000.0625,-400000.0625,-400000.0625,-400000.0625
30.864092350006104,-400000.0625,-400000.0625,-400000.0625,-400000.0625,-400000.0625,-400000.0625,-400000.0625,-400000.0625
30.864096641540527,-400000.0625,-400000.0625,-400000.0625,-400000.0625,-400000.0625,-400000.0625,-400000.0625,-400000.0625
30.864100456237793,-400000.0625,-400000.0625,-400000.0625,-400000.0625,-400000.0625,-400000.0625,-400000.0625,-400000.0625
30.864104509353638,-400000.0625,-400000.0625,-400000.0625,-400000.0625,-400000.0625,-400000.0625,-400000.0625,-400000.0625
30.864108324050903,-400000.0625,-400000.0625,-400000.0625,-400000.0625,-400000.0625,-400000.0625,-400000.0625,-400000.0625
30.86411190032959,-400000.0625,-400000.0625,-400000.0625,-400000.0625,-400000.0625,-400000.0625,-400000.0625,-400000.0625
30.864115715026855,-400000.0625,-400000.0625,-400000.0625,-400000.0625,-400000.0625,-400000.0625,-400000.0625,-400000.0625
30.864119291305542,-400000.0625,-400000.0625,-400000.0625,-400000.0625,-400000.0625,-400000.0625,-400000.0625,-400000.0625
30.86412286758423,-400000.0625,-400000.0625,-400000.0625,-400000.0625,-400000.0625,-400000.0625,-400000.0625,-400000.0625
30.864126920700073,-400000.0625,-400000.0625,-400000.0625,-400000.0625,-400000.0625,-400000.0625,-400000.0625,-400000.0625
30.864130973815918,-400000.0625,-400000.0625,-400000.0625,-400000.0625,-400000.0625,-400000.0625,-400000.0625,-400000.0625
30.864136695861816,-400000.0625,-400000.0625,-400000.0625,-400000.0625,-400000.0625,-400000.0625,-400000.0625,-400000.0625
30.864140510559082,-400000.0625,-400000.0625,-400000.0625,-400000.0625,-400000.0625,-400000.0625,-400000.0625,-400000.0625
30.864144325256348,-400000.0625,-400000.0625,-400000.0625,-400000.0625,-400000.0625,-400000.0625,-400000.0625,-400000.0625
30.864147901535034,-400000.0625,-400000.0625,-400000.0625,-400000.0625,-400000.0625,-400000.0625,-400000.0625,-400000.0625
30.8641517162323,-400000.0625,-400000.0625,-400000.0625,-400000.0625,-400000.0625,-400000.0625,-400000.0625,-400000.0625
30.864155292510986,-400000.0625,-400000.0625,-400000.0625,-400000.0625,-400000.0625,-400000.0625,-400000.0625,-400000.0625
30.864158868789673,-400000.0625,-400000.0625,-400000.0625,-400000.0625,-400000.0625,-400000.0625,-400000.0625,-400000.0625
30.86416244506836,-400000.0625,-400000.0625,-400000.0625,-400000.0625,-400000.0625,-400000.0625,-400000.0625,-400000.0625
30.864166021347046,-400000.0625,-400000.0625,-400000.0625,-400000.0625,-400000.0625,-400000.0625,-400000.0625,-400000.0625
30.864169597625732,-400000.0625,-400000.0625,-400000.0625,-400000.0625,-400000.0625,-400000.0625,-400000.0625,-400000.0625
30.86417317390442,-400000.0625,-400000.0625,-400000.0625,-400000.0625,-400000.0625,-400000.0625,-400000.0625,-400000.0625
30.864176750183105,-400000.0625,-400000.0625,-400000.0625,-400000.0625,-400000.0625,-400000.0625,-400000.0625,-400000.0625
30.86418056488037,-400000.0625,-400000.0625,-400000.0625,-400000.0625,-400000.0625,-400000.0625,-400000.0625,-400000.0625
30.864184141159058,-400000.0625,-400000.0625,-400000.0625,-400000.0625,-400000.0625,-400000.0625,-400000.0625,-400000.0625
30.864187717437744,-400000.0625,-400000.0625,-400000.0625,-400000.0625,-400000.0625,-400000.0625,-400000.0625,-400000.0625
30.894529581069946,-400000.0625,-400000.0625,-400000.0625,-400000.0625,-400000.0625,-400000.0625,-400000.0625,-400000.0625
30.900498867034912,-400000.0625,-400000.0625,-400000.0625,-400000.0625,-400000.0625,-400000.0625,-400000.0625,-400000.0625
30.905462980270386,-400000.0625,-400000.0625,-400000.0625,-400000.0625,-400000.0625,-400000.0625,-400000.0625,-400000.0625
30.90547275543213,-400000.0625,-400000.0625,-400000.0625,-400000.0625,-400000.0625,-400000.0625,-400000.0625,-400000.0625
30.905477285385132,-400000.0625,-400000.0625,-400000.0625,-400000.0625,-400000.0625,-400000.0625,-400000.0625,-400000.0625
30.905481338500977,-400000.0625,-400000.0625,-400000.0625,-400000.0625,-400000.0625,-400000.0625,-400000.0625,-400000.0625
30.905484914779663,-400000.0625,-400000.0625,-400000.0625,-400000.0625,-400000.0625,-400000.0625,-400000.0625,-400000.0625
30.90548849105835,-400000.0625,-400000.0625,-400000.0625,-400000.0625,-400000.0625,-400000.0625,-400000.0625,-400000.0625
30.905492067337036,-400000.0625,-400000.0625,-400000.0625,-400000.0625,-400000.0625,-400000.0625,-400000.0625,-400000.0625
30.905495643615723,-400000.0625,-400000.0625,-400000.0625,-400000.0625,-400000.0625,-400000.0625,-400000.0625,-400000.0625
30.90549921989441,-400000.0625,-400000.0625,-400000.0625,-400000.0625,-400000.0625,-400000.0625,-400000.0625,-400000.0625
30.905503273010254,-400000.0625,-400000.0625,-400000.0625,-400000.0625,-400000.0625,-400000.0625,-400000.0625,-400000.0625
30.90550684928894,-400000.0625,-400000.0625,-400000.0625,-400000.0625,-400000.0625,-400000.0625,-400000.0625,-400000.0625
30.911800861358643,-400000.0625,-400000.0625,-400000.0625,-400000.0625,-400000.0625,-400000.0625,-400000.0625,-400000.0625
30.91722345352173,-400000.0625,-400000.0625,-400000.0625,-400000.0625,-400000.0625,-400000.0625,-400000.0625,-400000.0625
30.92268943786621,-400000.0625,-400000.0625,-400000.0625,-400000.0625,-400000.0625,-400000.0625,-400000.0625,-400000.0625
30.96944284439087,-400000.0625,-400000.0625,-400000.0625,-400000.0625,-400000.0625,-400000.0625,-400000.0625,-400000.0625
30.978898763656616,-400000.0625,-400000.0625,-400000.0625,-400000.0625,-400000.0625,-400000.0625,-400000.0625,-400000.0625
30.983428478240967,-400000.0625,-400000.0625,-400000.0625,-400000.0625,-400000.0625,-400000.0625,-400000.0625,-400000.0625
30.98343849182129,-400000.0625,-400000.0625,-400000.0625,-400000.0625,-400000.0625,-400000.0625,-400000.0625,-400000.0625
30.983442306518555,-400000.0625,-400000.0625,-400000.0625,-400000.0625,-400000.0625,-400000.0625,-400000.0625,-400000.0625
30.98344612121582,-400000.0625,-400000.0625,-400000.0625,-400000.0625,-400000.0625,-400000.0625,-400000.0625,-400000.0625
30.983449697494507,-400000.0625,-400000.0625,-400000.0625,-400000.0625,-400000.0625,-400000.0625,-400000.0625,-400000.0625
30.983453273773193,-400000.0625,-400000.0625,-400000.0625,-400000.0625,-400000.0625,-400000.0625,-400000.0625,-400000.0625
30.9834566116333,-400000.0625,-400000.0625,-400000.0625,-400000.0625,-400000.0625,-400000.0625,-400000.0625,-400000.0625
30.983460187911987,-400000.0625,-400000.0625,-400000.0625,-400000.0625,-400000.0625,-400000.0625,-400000.0625,-400000.0625
30.983463525772095,-400000.0625,-400000.0625,-400000.0625,-400000.0625,-400000.0625,-400000.0625,-400000.0625,-400000.0625
30.98346710205078,-400000.0625,-400000.0625,-400000.0625,-400000.0625,-400000.0625,-400000.0625,-400000.0625,-400000.0625
30.983470916748047,-400000.0625,-400000.0625,-400000.0625,-400000.0625,-400000.0625,-400000.0625,-400000.0625,-400000.0625
30.983474254608154,-400000.0625,-400000.0625,-400000.0625,-400000.0625,-400000.0625,-400000.0625,-400000.0625,-400000.0625
30.98347783088684,-400000.0625,-400000.0625,-400000.0625,-400000.0625,-400000.0625,-400000.0625,-400000.0625,-400000.0625
30.983481884002686,-400000.0625,-400000.0625,-400000.0625,-400000.0625,-400000.0625,-400000.0625,-400000.0625,-400000.0625
31.027962923049927,-400000.0625,-400000.0625,-400000.0625,-400000.0625,-400000.0625,-400000.0625,-400000.0625,-400000.0625
31.03290104866028,-400000.0625,-400000.0625,-400000.0625,-400000.0625,-400000.0625,-400000.0625,-400000.0625,-400000.0625
31.03291130065918,-400000.0625,-400000.0625,-400000.0625,-400000.0625,-400000.0625,-400000.0625,-400000.0625,-400000.0625
31.032915592193604,-400000.0625,-400000.0625,-400000.0625,-400000.0625,-400000.0625,-400000.0625,-400000.0625,-400000.0625
31.03291940689087,-400000.0625,-400000.0625,-400000.0625,-400000.0625,-400000.0625,-400000.0625,-400000.0625,-400000.0625
31.032923221588135,-400000.0625,-400000.0625,-400000.0625,-400000.0625,-400000.0625,-400000.0625,-400000.0625,-400000.0625
31.03292679786682,-400000.0625,-400000.0625,-400000.0625,-400000.0625,-400000.0625,-400000.0625,-400000.0625,-400000.0625
31.032930374145508,-400000.0625,-400000.0625,-400000.0625,-400000.0625,-400000.0625,-400000.0625,-400000.0625,-400000.0625
31.032934188842773,-400000.0625,-400000.0625,-400000.0625,-400000.0625,-400000.0625,-400000.0625,-400000.0625,-400000.0625
31.03293776512146,-400000.0625,-400000.0625,-400000.0625,-400000.0625,-400000.0625,-400000.0625,-400000.0625,-400000.0625
31.032941341400146,-400000.0625,-400000.0625,-400000.0625,-400000.0625,-400000.0625,-400000.0625,-400000.0625,-400000.0625
31.032944917678833,-400000.0625,-400000.0625,-400000.0625,-400000.0625,-400000.0625,-400000.0625,-400000.0625,-400000.0625
31.03294849395752,-400000.0625,-400000.0625,-400000.0625,-400000.0625,-400000.0625,-400000.0625,-400000.0625,-400000.0625
31.032952070236206,-400000.0625,-400000.0625,-400000.0625,-400000.0625,-400000.0625,-400000.0625,-400000.0625,-400000.0625
31.03295612335205,-400000.0625,-400000.0625,-400000.0625,-400000.0625,-400000.0625,-400000.0625,-400000.0625,-400000.0625
31.032959699630737,-400000.0625,-400000.0625,-400000.0625,-400000.0625,-400000.0625,-400000.0625,-400000.0625,-400000.0625
31.091468811035156,-400000.0625,-400000.0625,-400000.0625,-400000.0625,-400000.0625,-400000.0625,-400000.0625,-400000.0625
31.10118556022644,-400000.0625,-400000.0625,-400000.0625,-400000.0625,-400000.0625,-400000.0625,-400000.0625,-400000.0625
31.110280990600586,-400000.0625,-400000.0625,-400000.0625,-400000.0625,-400000.0625,-400000.0625,-400000.0625,-400000.0625
31.115129470825195,-400000.0625,-400000.0625,-400000.0625,-400000.0625,-400000.0625,-400000.0625,-400000.0625,-400000.0625
31.11513924598694,-400000.0625,-400000.0625,-400000.0625,-400000.0625,-400000.0625,-400000.0625,-400000.0625,-400000.0625
31.115143537521362,-400000.0625,-400000.0625,-400000.0625,-400000.0625,-400000.0625,-400000.0625,-400000.0625,-400000.0625
31.115147590637207,-400000.0625,-400000.0625,-400000.0625,-400000.0625,-400000.0625,-400000.0625,-400000.0625,-400000.0625
31.115151405334473,-400000.0625,-400000.0625,-400000.0625,-400000.0625,-400000.0625,-400000.0625,-400000.0625,-400000.0625
31.11515522003174,-400000.0625,-400000.0625,-400000.0625,-400000.0625,-400000.0625,-400000.0625,-400000.0625,-400000.0625
31.115159034729004,-400000.0625,-400000.0625,-400000.0625,-400000.0625,-400000.0625,-400000.0625,-400000.0625,-400000.0625
31.115163326263428,-400000.0625,-400000.0625,-400000.0625,-400000.0625,-400000.0625,-400000.0625,-400000.0625,-400000.0625
31.115167140960693,-400000.0625,-400000.0625,-400000.0625,-400000.0625,-400000.0625,-400000.0625,-400000.0625,-400000.0625
31.11517095565796,-400000.0625,-400000.0625,-400000.0625,-400000.0625,-400000.0625,-400000.0625,-400000.0625,-400000.0625
31.115175008773804,-400000.0625,-400000.0625,-400000.0625,-400000.0625,-400000.0625,-400000.0625,-400000.0625,-400000.0625
31.11517882347107,-400000.0625,-400000.0625,-400000.0625,-400000.0625,-400000.0625,-400000.0625,-400000.0625,-400000.0625
31.115183115005493,-400000.0625,-400000.0625,-400000.0625,-400000.0625,-400000.0625,-400000.0625,-400000.0625,-400000.0625
31.197097063064575,-400000.0625,-400000.0625,-400000.0625,-400000.0625,-400000.0625,-400000.0625,-400000.0625,-400000.0625
31.206418991088867,-400000.0625,-400000.0625,-400000.0625,-400000.0625,-400000.0625,-400000.0625,-400000.0625,-400000.0625
31.21476459503174,-400000.0625,-400000.0625,-400000.0625,-400000.0625,-400000.0625,-400000.0625,-400000.0625,-400000.0625
31.220598220825195,-400000.0625,-400000.0625,-400000.0625,-400000.0625,-400000.0625,-400000.0625,-400000.0625,-400000.0625
31.226465463638306,-400000.0625,-400000.0625,-400000.0625,-400000.0625,-400000.0625,-400000.0625,-400000.0625,-400000.0625
31.232186317443848,-400000.0625,-400000.0625,-400000.0625,-400000.0625,-400000.0625,-400000.0625,-400000.0625,-400000.0625
31.23792862892151,-400000.0625,-400000.0625,-400000.0625,-400000.0625,-400000.0625,-400000.0625,-400000.0625,-400000.0625
31.24377942085266,-400000.0625,-400000.0625,-400000.0625,-400000.0625,-400000.0625,-400000.0625,-400000.0625,-400000.0625
31.24965190887451,-400000.0625,-400000.0625,-400000.0625,-400000.0625,-400000.0625,-400000.0625,-400000.0625,-400000.0625
31.254618167877197,-400000.0625,-400000.0625,-400000.0625,-400000.0625,-400000.0625,-400000.0625,-400000.0625,-400000.0625
31.25462770462036,-400000.0625,-400000.0625,-400000.0625,-400000.0625,-400000.0625,-400000.0625,-400000.0625,-400000.0625
31.254632472991943,-400000.0625,-400000.0625,-400000.0625,-400000.0625,-400000.0625,-400000.0625,-400000.0625,-400000.0625
31.254637002944946,-400000.0625,-400000.0625,-400000.0625,-400000.0625,-400000.0625,-400000.0625,-400000.0625,-400000.0625
31.25464105606079,-400000.0625,-400000.0625,-400000.0625,-400000.0625,-400000.0625,-400000.0625,-400000.0625,-400000.0625
31.254645109176636,-400000.0625,-400000.0625,-400000.0625,-400000.0625,-400000.0625,-400000.0625,-400000.0625,-400000.0625
31.25464916229248,-400000.0625,-400000.0625,-400000.0625,-400000.0625,-400000.0625,-400000.0625,-400000.0625,-400000.0625
31.254652976989746,-400000.0625,-400000.0625,-400000.0625,-400000.0625,-400000.0625,-400000.0625,-400000.0625,-400000.0625
31.25465703010559,-400000.0625,-400000.0625,-400000.0625,-400000.0625,-400000.0625,-400000.0625,-400000.0625,-400000.0625
31.254661321640015,-400000.0625,-400000.0625,-400000.0625,-400000.0625,-400000.0625,-400000.0625,-400000.0625,-400000.0625
31.261075973510742,-400000.0625,-400000.0625,-400000.0625,-400000.0625,-400000.0625,-400000.0625,-400000.0625,-400000.0625
31.26639175415039,-400000.0625,-400000.0625,-400000.0625,-400000.0625,-400000.0625,-400000.0625,-400000.0625,-400000.0625
31.271937608718872,-400000.0625,-400000.0625,-400000.0625,-400000.0625,-400000.0625,-400000.0625,-400000.0625,-400000.0625
31.278900384902954,-400000.0625,-400000.0625,-400000.0625,-400000.0625,-400000.0625,-400000.0625,-400000.0625,-400000.0625
31.284159183502197,-400000.0625,-400000.0625,-400000.0625,-400000.0625,-400000.0625,-400000.0625,-400000.0625,-400000.0625
31.2896249294281,-400000.0625,-400000.0625,-400000.0625,-400000.0625,-400000.0625,-400000.0625,-400000.0625,-400000.0625
31.2955105304718,-400000.0625,-400000.0625,-400000.0625,-400000.0625,-400000.0625,-400000.0625,-400000.0625,-400000.0625
31.3012535572052,-400000.0625,-400000.0625,-400000.0625,-400000.0625,-400000.0625,-400000.0625,-400000.0625,-400000.0625
31.3145170211792,-400000.0625,-400000.0625,-400000.0625,-400000.0625,-400000.0625,-400000.0625,-400000.0625,-400000.0625
31.31909155845642,-400000.0625,-400000.0625,-400000.0625,-400000.0625,-400000.0625,-400000.0625,-400000.0625,-400000.0625
31.319100379943848,-400000.0625,-400000.0625,-400000.0625,-400000.0625,-400000.0625,-400000.0625,-400000.0625,-400000.0625
31.319104433059692,-400000.0625,-400000.0625,-400000.0625,-400000.0625,-400000.0625,-400000.0625,-400000.0625,-400000.0625
31.319108247756958,-400000.0625,-400000.0625,-400000.0625,-400000.0625,-400000.0625,-400000.0625,-400000.0625,-400000.0625
31.319112062454224,-400000.0625,-400000.0625,-400000.0625,-400000.0625,-400000.0625,-400000.0625,-400000.0625,-400000.0625
31.31911563873291,-400000.0625,-400000.0625,-400000.0625,-400000.0625,-400000.0625,-400000.0625,-400000.0625,-400000.0625
31.319119215011597,-400000.0625,-400000.0625,-400000.0625,-400000.0625,-400000.0625,-400000.0625,-400000.0625,-400000.0625
31.319122791290283,-400000.0625,-400000.0625,-400000.0625,-400000.0625,-400000.0625,-400000.0625,-400000.0625,-400000.0625
31.31912660598755,-400000.0625,-400000.0625,-400000.0625,-400000.0625,-400000.0625,-400000.0625,-400000.0625,-400000.0625
31.319130420684814,-400000.0625,-400000.0625,-400000.0625,-400000.0625,-400000.0625,-400000.0625,-400000.0625,-400000.0625
31.319140911102295,-400000.0625,-400000.0625,-400000.0625,-400000.0625,-400000.0625,-400000.0625,-400000.0625,-400000.0625
31.31914472579956,-400000.0625,-400000.0625,-400000.0625,-400000.0625,-400000.0625,-400000.0625,-400000.0625,-400000.0625
31.319148302078247,-400000.0625,-400000.0625,-400000.0625,-400000.0625,-400000.0625,-400000.0625,-400000.0625,-400000.0625
31.319152116775513,-400000.0625,-400000.0625,-400000.0625,-400000.0625,-400000.0625,-400000.0625,-400000.0625,-400000.0625
31.31915593147278,-400000.0625,-400000.0625,-400000.0625,-400000.0625,-400000.0625,-400000.0625,-400000.0625,-400000.0625
31.319159746170044,-400000.0625,-400000.0625,-400000.0625,-400000.0625,-400000.0625,-400000.0625,-400000.0625,-400000.0625
31.31916332244873,-400000.0625,-400000.0625,-400000.0625,-400000.0625,-400000.0625,-400000.0625,-400000.0625,-400000.0625
31.319166898727417,-400000.0625,-400000.0625,-400000.0625,-400000.0625,-400000.0625,-400000.0625,-400000.0625,-400000.0625
31.319170713424683,-400000.0625,-400000.0625,-400000.0625,-400000.0625,-400000.0625,-400000.0625,-400000.0625,-400000.0625
31.31917452812195,-400000.0625,-400000.0625,-400000.0625,-400000.0625,-400000.0625,-400000.0625,-400000.0625,-400000.0625
31.34329319000244,-400000.0625,-400000.0625,-400000.0625,-400000.0625,-400000.0625,-400000.0625,-400000.0625,-400000.0625
31.34956932067871,-400000.0625,-400000.0625,-400000.0625,-400000.0625,-400000.0625,-400000.0625,-400000.0625,-400000.0625
31.35567331314087,-400000.0625,-400000.0625,-400000.0625,-400000.0625,-400000.0625,-400000.0625,-400000.0625,-400000.0625
31.362426042556763,-400000.0625,-400000.0625,-400000.0625,-400000.0625,-400000.0625,-400000.0625,-400000.0625,-400000.0625
31.368367910385132,-400000.0625,-400000.0625,-400000.0625,-400000.0625,-400000.0625,-400000.0625,-400000.0625,-400000.0625
31.373626947402954,-400000.0625,-400000.0625,-400000.0625,-400000.0625,-400000.0625,-400000.0625,-400000.0625,-400000.0625
31.37997317314148,-400000.0625,-400000.0625,-400000.0625,-400000.0625,-400000.0625,-400000.0625,-400000.0625,-400000.0625
31.385231971740723,-400000.0625,-400000.0625,-400000.0625,-400000.0625,-400000.0625,-400000.0625,-400000.0625,-400000.0625
31.39120578765869,-400000.0625,-400000.0625,-400000.0625,-400000.0625,-400000.0625,-400000.0625,-400000.0625,-400000.0625
31.396952390670776,-400000.0625,-400000.0625,-400000.0625,-400000.0625,-400000.0625,-400000.0625,-400000.0625,-400000.0625
31.40451145172119,-400000.0625,-400000.0625,-400000.0625,-400000.0625,-400000.0625,-400000.0625,-400000.0625,-400000.0625
31.415448904037476,-400000.0625,-400000.0625,-400000.0625,-400000.0625,-400000.0625,-400000.0625,-400000.0625,-400000.0625
31.42088270187378,-400000.0625,-400000.0625,-400000.0625,-400000.0625,-400000.0625,-400000.0625,-400000.0625,-400000.0625
31.4272301197052,-400000.0625,-400000.0625,-400000.0625,-400000.0625,-400000.0625,-400000.0625,-400000.0625,-400000.0625
31.432703018188477,-400000.0625,-400000.0625,-400000.0625,-400000.0625,-400000.0625,-400000.0625,-400000.0625,-400000.0625
31.437942266464233,-400000.0625,-400000.0625,-400000.0625,-400000.0625,-400000.0625,-400000.0625,-400000.0625,-400000.0625
31.444023609161377,-400000.0625,-400000.0625,-400000.0625,-400000.0625,-400000.0625,-400000.0625,-400000.0625,-400000.0625
31.450828313827515,-400000.0625,-400000.0625,-400000.0625,-400000.0625,-400000.0625,-400000.0625,-400000.0625,-400000.0625
31.455726385116577,-400000.0625,-400000.0625,-400000.0625,-400000.0625,-400000.0625,-400000.0625,-400000.0625,-400000.0625
31.455740451812744,-400000.0625,-400000.0625,-400000.0625,-400000.0625,-400000.0625,-400000.0625,-400000.0625,-400000.0625
31.455748319625854,-400000.0625,-400000.0625,-400000.0625,-400000.0625,-400000.0625,-400000.0625,-400000.0625,-400000.0625
31.455754280090332,-400000.0625,-400000.0625,-400000.0625,-400000.0625,-400000.0625,-400000.0625,-400000.0625,-400000.0625
31.455760717391968,-400000.0625,-400000.0625,-400000.0625,-400000.0625,-400000.0625,-400000.0625,-400000.0625,-400000.0625
31.455766916275024,-400000.0625,-400000.0625,-400000.0625,-400000.0625,-400000.0625,-400000.0625,-400000.0625,-400000.0625
31.45577335357666,-400000.0625,-400000.0625,-400000.0625,-400000.0625,-400000.0625,-400000.0625,-400000.0625,-400000.0625
31.455779552459717,-400000.0625,-400000.0625,-400000.0625,-400000.0625,-400000.0625,-400000.0625,-400000.0625,-400000.0625
31.455784559249878,-400000.0625,-400000.0625,-400000.0625,-400000.0625,-400000.0625,-400000.0625,-400000.0625,-400000.0625
31.455792903900146,-400000.0625,-400000.0625,-400000.0625,-400000.0625,-400000.0625,-400000.0625,-400000.0625,-400000.0625
31.455798864364624,-400000.0625,-400000.0625,-400000.0625,-400000.0625,-400000.0625,-400000.0625,-400000.0625,-400000.0625
31.455804109573364,-400000.0625,-400000.0625,-400000.0625,-400000.0625,-400000.0625,-400000.0625,-400000.0625,-400000.0625
31.455809593200684,-400000.0625,-400000.0625,-400000.0625,-400000.0625,-400000.0625,-400000.0625,-400000.0625,-400000.0625
31.455815315246582,-400000.0625,-400000.0625,-400000.0625,-400000.0625,-400000.0625,-400000.0625,-400000.0625,-400000.0625
31.474472999572754,-400000.0625,-400000.0625,-400000.0625,-400000.0625,-400000.0625,-400000.0625,-400000.0625,-400000.0625
31.479734182357788,-400000.0625,-400000.0625,-400000.0625,-400000.0625,-400000.0625,-400000.0625,-400000.0625,-400000.0625
31.484228134155273,-400000.0625,-400000.0625,-400000.0625,-400000.0625,-400000.0625,-400000.0625,-400000.0625,-400000.0625
31.484237909317017,-400000.0625,-400000.0625,-400000.0625,-400000.0625,-400000.0625,-400000.0625,-400000.0625,-400000.0625
31.48424220085144,-400000.0625,-400000.0625,-400000.0625,-400000.0625,-400000.0625,-400000.0625,-400000.0625,-400000.0625
31.484246015548706,-400000.0625,-400000.0625,-400000.0625,-400000.0625,-400000.0625,-400000.0625,-400000.0625,-400000.0625
31.48425006866455,-400000.0625,-400000.0625,-400000.0625,-400000.0625,-400000.0625,-400000.0625,-400000.0625,-400000.0625
31.484253644943237,-400000.0625,-400000.0625,-400000.0625,-400000.0625,-400000.0625,-400000.0625,-400000.0625,-400000.0625
31.484257459640503,-400000.0625,-400000.0625,-400000.0625,-400000.0625,-400000.0625,-400000.0625,-400000.0625,-400000.0625
31.484267711639404,-400000.0625,-400000.0625,-400000.0625,-400000.0625,-400000.0625,-400000.0625,-400000.0625,-400000.0625
31.48427128791809,-400000.0625,-400000.0625,-400000.0625,-400000.0625,-400000.0625,-400000.0625,-400000.0625,-400000.0625
31.4842746257782,-400000.0625,-400000.0625,-400000.0625,-400000.0625,-400000.0625,-400000.0625,-400000.0625,-400000.0625
31.484278202056885,-400000.0625,-400000.0625,-400000.0625,-400000.0625,-400000.0625,-400000.0625,-400000.0625,-400000.0625
31.48428177833557,-400000.0625,-400000.0625,-400000.0625,-400000.0625,-400000.0625,-400000.0625,-400000.0625,-400000.0625
31.484285354614258,-400000.0625,-400000.0625,-400000.0625,-400000.0625,-400000.0625,-400000.0625,-400000.0625,-400000.0625
31.484289169311523,-400000.0625,-400000.0625,-400000.0625,-400000.0625,-400000.0625,-400000.0625,-400000.0625,-400000.0625
31.543033599853516,-400000.0625,-400000.0625,-400000.0625,-400000.0625,-400000.0625,-400000.0625,-400000.0625,-400000.0625
31.55231499671936,-400000.0625,-400000.0625,-400000.0625,-400000.0625,-400000.0625,-400000.0625,-400000.0625,-400000.0625
31.55711078643799,-400000.0625,-400000.0625,-400000.0625,-400000.0625,-400000.0625,-400000.0625,-400000.0625,-400000.0625
31.557132959365845,-400000.0625,-400000.0625,-400000.0625,-400000.0625,-400000.0625,-400000.0625,-400000.0625,-400000.0625
31.557140111923218,-400000.0625,-400000.0625,-400000.0625,-400000.0625,-400000.0625,-400000.0625,-400000.0625,-400000.0625
31.557145595550537,-400000.0625,-400000.0625,-400000.0625,-400000.0625,-400000.0625,-400000.0625,-400000.0625,-400000.0625
31.55715036392212,-400000.0625,-400000.0625,-400000.0625,-400000.0625,-400000.0625,-400000.0625,-400000.0625,-400000.0625
31.55715537071228,-400000.0625,-400000.0625,-400000.0625,-400000.0625,-400000.0625,-400000.0625,-400000.0625,-400000.0625
31.55716109275818,-400000.0625,-400000.0625,-400000.0625,-400000.0625,-400000.0625,-400000.0625,-400000.0625,-400000.0625
31.557165384292603,-400000.0625,-400000.0625,-400000.0625,-400000.0625,-400000.0625,-400000.0625,-400000.0625,-400000.0625
31.557169198989868,-400000.0625,-400000.0625,-400000.0625,-400000.0625,-400000.0625,-400000.0625,-400000.0625,-400000.0625
31.557175397872925,-400000.0625,-400000.0625,-400000.0625,-400000.0625,-400000.0625,-400000.0625,-400000.0625,-400000.0625
31.557180404663086,-400000.0625,-400000.0625,-400000.0625,-400000.0625,-400000.0625,-400000.0625,-400000.0625,-400000.0625
31.5571928024292,-400000.0625,-400000.0625,-400000.0625,-400000.0625,-400000.0625,-400000.0625,-400000.0625,-400000.0625
31.557197332382202,-400000.0625,-400000.0625,-400000.0625,-400000.0625,-400000.0625,-400000.0625,-400000.0625,-400000.0625
31.55720329284668,-400000.0625,-400000.0625,-400000.0625,-400000.0625,-400000.0625,-400000.0625,-400000.0625,-400000.0625
31.617883443832397,-400000.0625,-400000.0625,-400000.0625,-400000.0625,-400000.0625,-400000.0625,-400000.0625,-400000.0625
31.622752904891968,-400000.0625,-400000.0625,-400000.0625,-400000.0625,-400000.0625,-400000.0625,-400000.0625,-400000.0625
31.62276339530945,-400000.0625,-400000.0625,-400000.0625,-400000.0625,-400000.0625,-400000.0625,-400000.0625,-400000.0625
31.622767686843872,-400000.0625,-400000.0625,-400000.0625,-400000.0625,-400000.0625,-400000.0625,-400000.0625,-400000.0625
31.622771739959717,-400000.0625,-400000.0625,-400000.0625,-400000.0625,-400000.0625,-400000.0625,-400000.0625,-400000.0625
31.622775554656982,-400000.0625,-400000.0625,-400000.0625,-400000.0625,-400000.0625,-400000.0625,-400000.0625,-400000.0625
31.622779846191406,-400000.0625,-400000.0625,-400000.0625,-400000.0625,-400000.0625,-400000.0625,-400000.0625,-400000.0625
31.622783422470093,-400000.0625,-400000.0625,-400000.0625,-400000.0625,-400000.0625,-400000.0625,-400000.0625,-400000.0625
31.62278699874878,-400000.0625,-400000.0625,-400000.0625,-400000.0625,-400000.0625,-400000.0625,-400000.0625,-400000.0625
31.622790575027466,-400000.0625,-400000.0625,-400000.0625,-400000.0625,-400000.0625,-400000.0625,-400000.0625,-400000.0625
31.62279438972473,-400000.0625,-400000.0625,-400000.0625,-400000.0625,-400000.0625,-400000.0625,-400000.0625,-400000.0625
31.622797966003418,-400000.0625,-400000.0625,-400000.0625,-400000.0625,-400000.0625,-400000.0625,-400000.0625,-400000.0625
31.622801542282104,-400000.0625,-400000.0625,-400000.0625,-400000.0625,-400000.0625,-400000.0625,-400000.0625,-400000.0625
31.62280511856079,-400000.0625,-400000.0625,-400000.0625,-400000.0625,-400000.0625,-400000.0625,-400000.0625,-400000.0625
31.622808694839478,-400000.0625,-400000.0625,-400000.0625,-400000.0625,-400000.0625,-400000.0625,-400000.0625,-400000.0625
31.622812509536743,-400000.0625,-400000.0625,-400000.0625,-400000.0625,-400000.0625,-400000.0625,-400000.0625,-400000.0625
31.670604705810547,-400000.0625,-400000.0625,-400000.0625,-400000.0625,-400000.0625,-400000.0625,-400000.0625,-400000.0625
31.68006443977356,-400000.0625,-400000.0625,-400000.0625,-400000.0625,-400000.0625,-400000.0625,-400000.0625,-400000.0625
31.68479824066162,-400000.0625,-400000.0625,-400000.0625,-400000.0625,-400000.0625,-400000.0625,-400000.0625,-400000.0625
31.684808254241943,-400000.0625,-400000.0625,-400000.0625,-400000.0625,-400000.0625,-400000.0625,-400000.0625,-400000.0625
31.684813022613525,-400000.0625,-400000.0625,-400000.0625,-400000.0625,-400000.0625,-400000.0625,-400000.0625,-400000.0625
31.68481707572937,-400000.0625,-400000.0625,-400000.0625,-400000.0625,-400000.0625,-400000.0625,-400000.0625,-400000.0625
31.684821128845215,-400000.0625,-400000.0625,-400000.0625,-400000.0625,-400000.0625,-400000.0625,-400000.0625,-400000.0625
31.68482518196106,-400000.0625,-400000.0625,-400000.0625,-400000.0625,-400000.0625,-400000.0625,-400000.0625,-400000.0625
31.684829235076904,-400000.0625,-400000.0625,-400000.0625,-400000.0625,-400000.0625,-400000.0625,-400000.0625,-400000.0625
31.68483328819275,-400000.0625,-400000.0625,-400000.0625,-400000.0625,-400000.0625,-400000.0625,-400000.0625,-400000.0625
31.684837579727173,-400000.0625,-400000.0625,-400000.0625,-400000.0625,-400000.0625,-400000.0625,-400000.0625,-400000.0625
31.684842109680176,-400000.0625,-400000.0625,-400000.0625,-400000.0625,-400000.0625,-400000.0625,-400000.0625,-400000.0625
31.68484616279602,-400000.0625,-400000.0625,-400000.0625,-400000.0625,-400000.0625,-400000.0625,-400000.0625,-400000.0625
31.68487000465393,-400000.0625,-400000.0625,-400000.0625,-400000.0625,-400000.0625,-400000.0625,-400000.0625,-400000.0625
31.684874296188354,-400000.0625,-400000.0625,-400000.0625,-400000.0625,-400000.0625,-400000.0625,-400000.0625,-400000.0625
31.68487858772278,-400000.0625,-400000.0625,-400000.0625,-400000.0625,-400000.0625,-400000.0625,-400000.0625,-400000.0625
31.7256121635437,-400000.0625,-400000.0625,-400000.0625,-400000.0625,-400000.0625,-400000.0625,-400000.0625,-400000.0625
31.731117010116577,-400000.0625,-400000.0625,-400000.0625,-400000.0625,-400000.0625,-400000.0625,-400000.0625,-400000.0625
31.73555898666382,-400000.0625,-400000.0625,-400000.0625,-400000.0625,-400000.0625,-400000.0625,-400000.0625,-400000.0625
31.735567808151245,-400000.0625,-400000.0625,-400000.0625,-400000.0625,-400000.0625,-400000.0625,-400000.0625,-400000.0625
31.735572338104248,-400000.0625,-400000.0625,-400000.0625,-400000.0625,-400000.0625,-400000.0625,-400000.0625,-400000.0625
31.735576391220093,-400000.0625,-400000.0625,-400000.0625,-400000.0625,-400000.0625,-400000.0625,-400000.0625,-400000.0625
31.735580444335938,-400000.0625,-400000.0625,-400000.0625,-400000.0625,-400000.0625,-400000.0625,-400000.0625,-400000.0625
31.735584259033203,-400000.0625,-400000.0625,-400000.0625,-400000.0625,-400000.0625,-400000.0625,-400000.0625,-400000.0625
31.73558783531189,-400000.0625,-400000.0625,-400000.0625,-400000.0625,-400000.0625,-400000.0625,-400000.0625,-400000.0625
31.735591411590576,-400000.0625,-400000.0625,-400000.0625,-400000.0625,-400000.0625,-400000.0625,-400000.0625,-400000.0625
31.73559546470642,-400000.0625,-400000.0625,-400000.0625,-400000.0625,-400000.0625,-400000.0625,-400000.0625,-400000.0625
31.735599279403687,-400000.0625,-400000.0625,-400000.0625,-400000.0625,-400000.0625,-400000.0625,-400000.0625,-400000.0625
31.735602855682373,-400000.0625,-400000.0625,-400000.0625,-400000.0625,-400000.0625,-400000.0625,-400000.0625,-400000.0625
31.73560667037964,-400000.0625,-400000.0625,-400000.0625,-400000.0625,-400000.0625,-400000.0625,-400000.0625,-400000.0625
31.735610485076904,-400000.0625,-400000.0625,-400000.0625,-400000.0625,-400000.0625,-400000.0625,-400000.0625,-400000.0625
31.73561406135559,-400000.0625,-400000.0625,-400000.0625,-400000.0625,-400000.0625,-400000.0625,-400000.0625,-400000.0625
31.794347524642944,-400000.0625,-400000.0625,-400000.0625,-400000.0625,-400000.0625,-400000.0625,-400000.0625,-400000.0625
31.803670167922974,-400000.0625,-400000.0625,-400000.0625,-400000.0625,-400000.0625,-400000.0625,-400000.0625,-400000.0625
31.811811923980713,-400000.0625,-400000.0625,-400000.0625,-400000.0625,-400000.0625,-400000.0625,-400000.0625,-400000.0625
31.816878080368042,-400000.0625,-400000.0625,-400000.0625,-400000.0625,-400000.0625,-400000.0625,-400000.0625,-400000.0625
31.822115182876587,-400000.0625,-400000.0625,-400000.0625,-400000.0625,-400000.0625,-400000.0625,-400000.0625,-400000.0625
31.828493356704712,-400000.0625,-400000.0625,-400000.0625,-400000.0625,-400000.0625,-400000.0625,-400000.0625,-400000.0625
31.83378577232361,-400000.0625,-400000.0625,-400000.0625,-400000.0625,-400000.0625,-400000.0625,-400000.0625,-400000.0625
31.839853525161743,-400000.0625,-400000.0625,-400000.0625,-400000.0625,-400000.0625,-400000.0625,-400000.0625,-400000.0625
31.845613718032837,-400000.0625,-400000.0625,-400000.0625,-400000.0625,-400000.0625,-400000.0625,-400000.0625,-400000.0625
31.851348876953125,-400000.0625,-400000.0625,-400000.0625,-400000.0625,-400000.0625,-400000.0625,-400000.0625,-400000.0625
31.856456518173218,-400000.0625,-400000.0625,-400000.0625,-400000.0625,-400000.0625,-400000.0625,-400000.0625,-400000.0625
31.86284041404724,-400000.0625,-400000.0625,-400000.0625,-400000.0625,-400000.0625,-400000.0625,-400000.0625,-400000.0625
31.868475437164307,-400000.0625,-400000.0625,-400000.0625,-400000.0625,-400000.0625,-400000.0625,-400000.0625,-400000.0625
31.873749494552612,-400000.0625,-400000.0625,-400000.0625,-400000.0625,-400000.0625,-400000.0625,-400000.0625,-400000.0625
31.879791021347046,-400000.0625,-400000.0625,-400000.0625,-400000.0625,-400000.0625,-400000.0625,-400000.0625,-400000.0625
31.884865283966064,-400000.0625,-400000.0625,-400000.0625,-400000.0625,-400000.0625,-400000.0625,-400000.0625,-400000.0625
31.909360647201538,-400000.0625,-400000.0625,-400000.0625,-400000.0625,-400000.0625,-400000.0625,-400000.0625,-400000.0625
31.919655084609985,-400000.0625,-400000.0625,-400000.0625,-400000.0625,-400000.0625,-400000.0625,-400000.0625,-400000.0625
31.925108671188354,-400000.0625,-400000.0625,-400000.0625,-400000.0625,-400000.0625,-400000.0625,-400000.0625,-400000.0625
31.931610822677612,-400000.0625,-400000.0625,-400000.0625,-400000.0625,-400000.0625,-400000.0625,-400000.0625,-400000.0625
31.937137603759766,-400000.0625,-400000.0625,-400000.0625,-400000.0625,-400000.0625,-400000.0625,-400000.0625,-400000.0625
31.943016052246094,-400000.0625,-400000.0625,-400000.0625,-400000.0625,-400000.0625,-400000.0625,-400000.0625,-400000.0625
31.950824975967407,-400000.0625,-400000.0625,-400000.0625,-400000.0625,-400000.0625,-400000.0625,-400000.0625,-400000.0625
31.955503225326538,-400000.0625,-400000.0625,-400000.0625,-400000.0625,-400000.0625,-400000.0625,-400000.0625,-400000.0625
31.955512285232544,-400000.0625,-400000.0625,-400000.0625,-400000.0625,-400000.0625,-400000.0625,-400000.0625,-400000.0625
31.955516815185547,-400000.0625,-400000.0625,-400000.0625,-400000.0625,-400000.0625,-400000.0625,-400000.0625,-400000.0625
31.95552110671997,-400000.0625,-400000.0625,-400000.0625,-400000.0625,-400000.0625,-400000.0625,-400000.0625,-400000.0625
31.955524921417236,-400000.0625,-400000.0625,-400000.0625,-400000.0625,-400000.0625,-400000.0625,-400000.0625,-400000.0625
31.95552897453308,-400000.0625,-400000.0625,-400000.0625,-400000.0625,-400000.0625,-400000.0625,-400000.0625,-400000.0625
31.955533266067505,-400000.0625,-400000.0625,-400000.0625,-400000.0625,-400000.0625,-400000.0625,-400000.0625,-400000.0625
31.95553755760193,-400000.0625,-400000.0625,-400000.0625,-400000.0625,-400000.0625,-400000.0625,-400000.0625,-400000.0625
31.955541133880615,-400000.0625,-400000.0625,-400000.0625,-400000.0625,-400000.0625,-400000.0625,-400000.0625,-400000.0625
31.95554494857788,-400000.0625,-400000.0625,-400000.0625,-400000.0625,-400000.0625,-400000.0625,-400000.0625,-400000.0625
31.955548763275146,-400000.0625,-400000.0625,-400000.0625,-400000.0625,-400000.0625,-400000.0625,-400000.0625,-400000.0625
31.955552577972412,-400000.0625,-400000.0625,-400000.0625,-400000.0625,-400000.0625,-400000.0625,-400000.0625,-400000.0625
31.955556631088257,-400000.0625,-400000.0625,-400000.0625,-400000.0625,-400000.0625,-400000.0625,-400000.0625,-400000.0625
31.955560207366943,-400000.0625,-400000.0625,-400000.0625,-400000.0625,-400000.0625,-400000.0625,-400000.0625,-400000.0625
31.95556402206421,-400000.0625,-400000.0625,-400000.0625,-400000.0625,-400000.0625,-400000.0625,-400000.0625,-400000.0625
31.955568075180054,-400000.0625,-400000.0625,-400000.0625,-400000.0625,-400000.0625,-400000.0625,-400000.0625,-400000.0625
31.95557188987732,-400000.0625,-400000.0625,-400000.0625,-400000.0625,-400000.0625,-400000.0625,-400000.0625,-400000.0625
31.955575466156006,-400000.0625,-400000.0625,-400000.0625,-400000.0625,-400000.0625,-400000.0625,-400000.0625,-400000.0625
31.95557928085327,-400000.0625,-400000.0625,-400000.0625,-400000.0625,-400000.0625,-400000.0625,-400000.0625,-400000.0625
31.955583095550537,-400000.0625,-400000.0625,-400000.0625,-400000.0625,-400000.0625,-400000.0625,-400000.0625,-400000.0625
31.955587148666382,-400000.0625,-400000.0625,-400000.0625,-400000.0625,-400000.0625,-400000.0625,-400000.0625,-400000.0625
31.955590963363647,-400000.0625,-400000.0625,-400000.0625,-400000.0625,-400000.0625,-400000.0625,-400000.0625,-400000.0625
31.955595016479492,-400000.0625,-400000.0625,-400000.0625,-400000.0625,-400000.0625,-400000.0625,-400000.0625,-400000.0625
31.955599308013916,-400000.0625,-400000.0625,-400000.0625,-400000.0625,-400000.0625,-400000.0625,-400000.0625,-400000.0625
31.95560312271118,-400000.0625,-400000.0625,-400000.0625,-400000.0625,-400000.0625,-400000.0625,-400000.0625,-400000.0625
31.9867742061615,-400000.0625,-400000.0625,-400000.0625,-400000.0625,-400000.0625,-400000.0625,-400000.0625,-400000.0625
31.991949319839478,-400000.0625,-400000.0625,-400000.0625,-400000.0625,-400000.0625,-400000.0625,-400000.0625,-400000.0625
31.996817588806152,-400000.0625,-400000.0625,-400000.0625,-400000.0625,-400000.0625,-400000.0625,-400000.0625,-400000.0625
31.996827602386475,-400000.0625,-400000.0625,-400000.0625,-400000.0625,-400000.0625,-400000.0625,-400000.0625,-400000.0625
31.9968318939209,-400000.0625,-400000.0625,-400000.0625,-400000.0625,-400000.0625,-400000.0625,-400000.0625,-400000.0625
31.996835708618164,-400000.0625,-400000.0625,-400000.0625,-400000.0625,-400000.0625,-400000.0625,-400000.0625,-400000.0625
31.99683952331543,-400000.0625,-400000.0625,-400000.0625,-400000.0625,-400000.0625,-400000.0625,-400000.0625,-400000.0625
31.996843099594116,-400000.0625,-400000.0625,-400000.0625,-400000.0625,-400000.0625,-400000.0625,-400000.0625,-400000.0625
31.996846914291382,-400000.0625,-400000.0625,-400000.0625,-400000.0625,-400000.0625,-400000.0625,-400000.0625,-400000.0625
31.99685049057007,-400000.0625,-400000.0625,-400000.0625,-400000.0625,-400000.0625,-400000.0625,-400000.0625,-400000.0625
31.996854066848755,-400000.0625,-400000.0625,-400000.0625,-400000.0625,-400000.0625,-400000.0625,-400000.0625,-400000.0625
31.99685764312744,-400000.0625,-400000.0625,-400000.0625,-400000.0625,-400000.0625,-400000.0625,-400000.0625,-400000.0625
31.996861457824707,-400000.0625,-400000.0625,-400000.0625,-400000.0625,-400000.0625,-400000.0625,-400000.0625,-400000.0625
31.996867895126343,-400000.0625,-400000.0625,-400000.0625,-400000.0625,-400000.0625,-400000.0625,-400000.0625,-400000.0625
31.99687147140503,-400000.0625,-400000.0625,-400000.0625,-400000.0625,-400000.0625,-400000.0625,-400000.0625,-400000.0625
31.996875286102295,-400000.0625,-400000.0625,-400000.0625,-400000.0625,-400000.0625,-400000.0625,-400000.0625,-400000.0625
32.046640157699585,-400000.0625,-400000.0625,-400000.0625,-400000.0625,-400000.0625,-400000.0625,-400000.0625,-400000.0625
32.056806564331055,-400000.0625,-400000.0625,-400000.0625,-400000.0625,-400000.0625,-400000.0625,-400000.0625,-400000.0625
32.06287431716919,-400000.0625,-400000.0625,-400000.0625,-400000.0625,-400000.0625,-400000.0625,-400000.0625,-400000.0625
32.06837511062622,-400000.0625,-400000.0625,-400000.0625,-400000.0625,-400000.0625,-400000.0625,-400000.0625,-400000.0625
32.07388472557068,-400000.0625,-400000.0625,-400000.0625,-400000.0625,-400000.0625,-400000.0625,-400000.0625,-400000.0625
32.08008170127869,-400000.0625,-400000.0625,-400000.0625,-400000.0625,-400000.0625,-400000.0625,-400000.0625,-400000.0625
32.08531093597412,-400000.0625,-400000.0625,-400000.0625,-400000.0625,-400000.0625,-400000.0625,-400000.0625,-400000.0625
32.09123778343201,-400000.0625,-400000.0625,-400000.0625,-400000.0625,-400000.0625,-400000.0625,-400000.0625,-400000.0625
32.09676766395569,-400000.0625,-400000.0625,-400000.0625,-400000.0625,-400000.0625,-400000.0625,-400000.0625,-400000.0625
32.10389566421509,-400000.0625,-400000.0625,-400000.0625,-400000.0625,-400000.0625,-400000.0625,-400000.0625,-400000.0625
32.11052060127258,-400000.0625,-400000.0625,-400000.0625,-400000.0625,-400000.0625,-400000.0625,-400000.0625,-400000.0625
32.11541390419006,-400000.0625,-400000.0625,-400000.0625,-400000.0625,-400000.0625,-400000.0625,-400000.0625,-400000.0625
32.1154260635376,-400000.0625,-400000.0625,-400000.0625,-400000.0625,-400000.0625,-400000.0625,-400000.0625,-400000.0625
32.11543083190918,-400000.0625,-400000.0625,-400000.0625,-400000.0625,-400000.0625,-400000.0625,-400000.0625,-400000.0625
32.1154351234436,-400000.0625,-400000.0625,-400000.0625,-400000.0625,-400000.0625,-400000.0625,-400000.0625,-400000.0625
32.11545419692993,-400000.0625,-400000.0625,-400000.0625,-400000.0625,-400000.0625,-400000.0625,-400000.0625,-400000.0625
32.12556767463684,-400000.0625,-400000.0625,-400000.0625,-400000.0625,-400000.0625,-400000.0625,-400000.0625,-400000.0625
32.13067865371704,-400000.0625,-400000.0625,-400000.0625,-400000.0625,-400000.0625,-400000.0625,-400000.0625,-400000.0625
32.135220527648926,-400000.0625,-400000.0625,-400000.0625,-400000.0625,-400000.0625,-400000.0625,-400000.0625,-400000.0625
32.13523030281067,-400000.0625,-400000.0625,-400000.0625,-400000.0625,-400000.0625,-400000.0625,-400000.0625,-400000.0625
32.135234355926514,-400000.0625,-400000.0625,-400000.0625,-400000.0625,-400000.0625,-400000.0625,-400000.0625,-400000.0625
32.1352379322052,-400000.0625,-400000.0625,-400000.0625,-400000.0625,-400000.0625,-400000.0625,-400000.0625,-400000.0625
32.13524150848389,-400000.0625,-400000.0625,-400000.0625,-400000.0625,-400000.0625,-400000.0625,-400000.0625,-400000.0625
32.13524532318115,-400000.0625,-400000.0625,-400000.0625,-400000.0625,-400000.0625,-400000.0625,-400000.0625,-400000.0625
32.13524889945984,-400000.0625,-400000.0625,-400000.0625,-400000.0625,-400000.0625,-400000.0625,-400000.0625,-400000.0625
32.135252475738525,-400000.0625,-400000.0625,-400000.0625,-400000.0625,-400000.0625,-400000.0625,-400000.0625,-400000.0625
32.13525652885437,-400000.0625,-400000.0625,-400000.0625,-400000.0625,-400000.0625,-400000.0625,-400000.0625,-400000.0625
32.13525986671448,-400000.0625,-400000.0625,-400000.0625,-400000.0625,-400000.0625,-400000.0625,-400000.0625,-400000.0625
32.135262966156006,-400000.0625,-400000.0625,-400000.0625,-400000.0625,-400000.0625,-400000.0625,-400000.0625,-400000.0625
32.13526678085327,-400000.0625,-400000.0625,-400000.0625,-400000.0625,-400000.0625,-400000.0625,-400000.0625,-400000.0625
32.1352698802948,-400000.0625,-400000.0625,-400000.0625,-400000.0625,-400000.0625,-400000.0625,-400000.0625,-400000.0625
32.135273694992065,-400000.0625,-400000.0625,-400000.0625,-400000.0625,-400000.0625,-400000.0625,-400000.0625,-400000.0625
32.179184913635254,-400000.0625,-400000.0625,-400000.0625,-400000.0625,-400000.0625,-400000.0625,-400000.0625,-400000.0625
32.18893814086914,-400000.0625,-400000.0625,-400000.0625,-400000.0625,-400000.0625,-400000.0625,-400000.0625,-400000.0625
32.19527530670166,-400000.0625,-400000.0625,-400000.0625,-400000.0625,-400000.0625,-400000.0625,-400000.0625,-400000.0625
32.20132613182068,-400000.0625,-400000.0625,-400000.0625,-400000.0625,-400000.0625,-400000.0625,-400000.0625,-400000.0625
32.2064847946167,-400000.0625,-400000.0625,-400000.0625,-400000.0625,-400000.0625,-400000.0625,-400000.0625,-400000.0625
32.21284532546997,-400000.0625,-400000.0625,-400000.0625,-400000.0625,-400000.0625,-400000.0625,-400000.0625,-400000.0625
32.218390703201294,-400000.0625,-400000.0625,-400000.0625,-400000.0625,-400000.0625,-400000.0625,-400000.0625,-400000.0625
32.22347617149353,-400000.0625,-400000.0625,-400000.0625,-400000.0625,-400000.0625,-400000.0625,-400000.0625,-400000.0625
32.22991681098938,-400000.0625,-400000.0625,-400000.0625,-400000.0625,-400000.0625,-400000.0625,-400000.0625,-400000.0625
32.23494029045105,-400000.0625,-400000.0625,-400000.0625,-400000.0625,-400000.0625,-400000.0625,-400000.0625,-400000.0625
32.24055528640747,-400000.0625,-400000.0625,-400000.0625,-400000.0625,-400000.0625,-400000.0625,-400000.0625,-400000.0625
32.24673271179199,-400000.0625,-400000.0625,-400000.0625,-400000.0625,-400000.0625,-400000.0625,-400000.0625,-400000.0625
32.25246596336365,-400000.0625,-400000.0625,-400000.0625,-400000.0625,-400000.0625,-400000.0625,-400000.0625,-400000.0625
32.26118564605713,-400000.0625,-400000.0625,-400000.0625,-400000.0625,-400000.0625,-400000.0625,-400000.0625,-400000.0625
32.26715064048767,-400000.0625,-400000.0625,-400000.0625,-400000.0625,-400000.0625,-400000.0625,-400000.0625,-400000.0625
32.27275729179382,-400000.0625,-400000.0625,-400000.0625,-400000.0625,-400000.0625,-400000.0625,-400000.0625,-400000.0625
32.27835202217102,-400000.0625,-400000.0625,-400000.0625,-400000.0625,-400000.0625,-400000.0625,-400000.0625,-400000.0625
32.28322982788086,-400000.0625,-400000.0625,-400000.0625,-400000.0625,-400000.0625,-400000.0625,-400000.0625,-400000.0625
32.28743290901184,-400000.0625,-400000.0625,-400000.0625,-400000.0625,-400000.0625,-400000.0625,-400000.0625,-400000.0625
32.29249167442322,-400000.0625,-400000.0625,-400000.0625,-400000.0625,-400000.0625,-400000.0625,-400000.0625,-400000.0625
32.297428607940674,-400000.0625,-400000.0625,-400000.0625,-400000.0625,-400000.0625,-400000.0625,-400000.0625,-400000.0625
32.29743957519531,-400000.0625,-400000.0625,-400000.0625,-400000.0625,-400000.0625,-400000.0625,-400000.0625,-400000.0625
32.29744362831116,-400000.0625,-400000.0625,-400000.0625,-400000.0625,-400000.0625,-400000.0625,-400000.0625,-400000.0625
32.29744744300842,-400000.0625,-400000.0625,-400000.0625,-400000.0625,-400000.0625,-400000.0625,-400000.0625,-400000.0625
32.29745173454285,-400000.0625,-400000.0625,-400000.0625,-400000.0625,-400000.0625,-400000.0625,-400000.0625,-400000.0625
32.29745531082153,-400000.0625,-400000.0625,-400000.0625,-400000.0625,-400000.0625,-400000.0625,-400000.0625,-400000.0625
32.2974591255188,-400000.0625,-400000.0625,-400000.0625,-400000.0625,-400000.0625,-400000.0625,-400000.0625,-400000.0625
32.297462940216064,-400000.0625,-400000.0625,-400000.0625,-400000.0625,-400000.0625,-400000.0625,-400000.0625,-400000.0625
32.29746675491333,-400000.0625,-400000.0625,-400000.0625,-400000.0625,-400000.0625,-400000.0625,-400000.0625,-400000.0625
32.29747033119202,-400000.0625,-400000.0625,-400000.0625,-400000.0625,-400000.0625,-400000.0625,-400000.0625,-400000.0625
32.2974739074707,-400000.0625,-400000.0625,-400000.0625,-400000.0625,-400000.0625,-400000.0625,-400000.0625,-400000.0625
32.29747796058655,-400000.0625,-400000.0625,-400000.0625,-400000.0625,-400000.0625,-400000.0625,-400000.0625,-400000.0625
32.30177879333496,-400000.0625,-400000.0625,-400000.0625,-400000.0625,-400000.0625,-400000.0625,-400000.0625,-400000.0625
32.30960154533386,-400000.0625,-400000.0625,-400000.0625,-400000.0625,-400000.0625,-400000.0625,-400000.0625,-400000.0625
32.31486248970032,-400000.0625,-400000.0625,-400000.0625,-400000.0625,-400000.0625,-400000.0625,-400000.0625,-400000.0625
32.32060766220093,-400000.0625,-400000.0625,-400000.0625,-400000.0625,-400000.0625,-400000.0625,-400000.0625,-400000.0625
32.32655739784241,-400000.0625,-400000.0625,-400000.0625,-400000.0625,-400000.0625,-400000.0625,-400000.0625,-400000.0625
32.33217692375183,-400000.0625,-400000.0625,-400000.0625,-400000.0625,-400000.0625,-400000.0625,-400000.0625,-400000.0625
32.33792233467102,-400000.0625,-400000.0625,-400000.0625,-400000.0625,-400000.0625,-400000.0625,-400000.0625,-400000.0625
32.34382390975952,-400000.0625,-400000.0625,-400000.0625,-400000.0625,-400000.0625,-400000.0625,-400000.0625,-400000.0625
32.349748611450195,-400000.0625,-400000.0625,-400000.0625,-400000.0625,-400000.0625,-400000.0625,-400000.0625,-400000.0625
32.35553693771362,-400000.0625,-400000.0625,-400000.0625,-400000.0625,-400000.0625,-400000.0625,-400000.0625,-400000.0625
32.36199879646301,-400000.0625,-400000.0625,-400000.0625,-400000.0625,-400000.0625,-400000.0625,-400000.0625,-400000.0625
32.3676483631134,-400000.0625,-400000.0625,-400000.0625,-400000.0625,-400000.0625,-400000.0625,-400000.0625,-400000.0625
32.37327790260315,-400000.0625,-400000.0625,-400000.0625,-400000.0625,-400000.0625,-400000.0625,-400000.0625,-400000.0625
32.380483627319336,-400000.0625,-400000.0625,-400000.0625,-400000.0625,-400000.0625,-400000.0625,-400000.0625,-400000.0625
32.38607954978943,-400000.0625,-400000.0625,-400000.0625,-400000.0625,-400000.0625,-400000.0625,-400000.0625,-400000.0625
32.39571237564087,-400000.0625,-400000.0625,-400000.0625,-400000.0625,-400000.0625,-400000.0625,-400000.0625,-400000.0625
32.40059971809387,-400000.0625,-400000.0625,-400000.0625,-400000.0625,-400000.0625,-400000.0625,-400000.0625,-400000.0625
32.40061020851135,-400000.0625,-400000.0625,-400000.0625,-400000.0625,-400000.0625,-400000.0625,-400000.0625,-400000.0625
32.4006142616272,-400000.0625,-400000.0625,-400000.0625,-400000.0625,-400000.0625,-400000.0625,-400000.0625,-400000.0625
32.40061831474304,-400000.0625,-400000.0625,-400000.0625,-400000.0625,-400000.0625,-400000.0625,-400000.0625,-400000.0625
32.40062212944031,-400000.0625,-400000.0625,-400000.0625,-400000.0625,-400000.0625,-400000.0625,-400000.0625,-400000.0625
32.40062594413757,-400000.0625,-400000.0625,-400000.0625,-400000.0625,-400000.0625,-400000.0625,-400000.0625,-400000.0625
32.40062975883484,-400000.0625,-400000.0625,-400000.0625,-400000.0625,-400000.0625,-400000.0625,-400000.0625,-400000.0625
32.400633335113525,-400000.0625,-400000.0625,-400000.0625,-400000.0625,-400000.0625,-400000.0625,-400000.0625,-400000.0625
32.40063738822937,-400000.0625,-400000.0625,-400000.0625,-400000.0625,-400000.0625,-400000.0625,-400000.0625,-400000.0625
32.400641202926636,-400000.0625,-400000.0625,-400000.0625,-400000.0625,-400000.0625,-400000.0625,-400000.0625,-400000.0625
32.40064477920532,-400000.0625,-400000.0625,-400000.0625,-400000.0625,-400000.0625,-400000.0625,-400000.0625,-400000.0625
32.40064859390259,-400000.0625,-400000.0625,-400000.0625,-400000.0625,-400000.0625,-400000.0625,-400000.0625,-400000.0625
32.40065240859985,-400000.0625,-400000.0625,-400000.0625,-400000.0625,-400000.0625,-400000.0625,-400000.0625,-400000.0625
32.40065622329712,-400000.0625,-400000.0625,-400000.0625,-400000.0625,-400000.0625,-400000.0625,-400000.0625,-400000.0625
32.400659799575806,-400000.0625,-400000.0625,-400000.0625,-400000.0625,-400000.0625,-400000.0625,-400000.0625,-400000.0625
32.40066361427307,-400000.0625,-400000.0625,-400000.0625,-400000.0625,-400000.0625,-400000.0625,-400000.0625,-400000.0625
32.44121789932251,-400000.0625,-400000.0625,-400000.0625,-400000.0625,-400000.0625,-400000.0625,-400000.0625,-400000.0625
32.44843649864197,-400000.0625,-400000.0625,-400000.0625,-400000.0625,-400000.0625,-400000.0625,-400000.0625,-400000.0625
32.45308828353882,-400000.0625,-400000.0625,-400000.0625,-400000.0625,-400000.0625,-400000.0625,-400000.0625,-400000.0625
32.45310044288635,-400000.0625,-400000.0625,-400000.0625,-400000.0625,-400000.0625,-400000.0625,-400000.0625,-400000.0625
32.453104734420776,-400000.0625,-400000.0625,-400000.0625,-400000.0625,-400000.0625,-400000.0625,-400000.0625,-400000.0625
32.45310878753662,-400000.0625,-400000.0625,-400000.0625,-400000.0625,-400000.0625,-400000.0625,-400000.0625,-400000.0625
32.45311260223389,-400000.0625,-400000.0625,-400000.0625,-400000.0625,-400000.0625,-400000.0625,-400000.0625,-400000.0625
32.453120708465576,-400000.0625,-400000.0625,-400000.0625,-400000.0625,-400000.0625,-400000.0625,-400000.0625,-400000.0625
32.45312428474426,-400000.0625,-400000.0625,-400000.0625,-400000.0625,-400000.0625,-400000.0625,-400000.0625,-400000.0625
32.45312786102295,-400000.0625,-400000.0625,-400000.0625,-400000.0625,-400000.0625,-400000.0625,-400000.0625,-400000.0625
32.453131675720215,-400000.0625,-400000.0625,-400000.0625,-400000.0625,-400000.0625,-400000.0625,-400000.0625,-400000.0625
32.45313572883606,-400000.0625,-400000.0625,-400000.0625,-400000.0625,-400000.0625,-400000.0625,-400000.0625,-400000.0625
32.453139305114746,-400000.0625,-400000.0625,-400000.0625,-400000.0625,-400000.0625,-400000.0625,-400000.0625,-400000.0625
32.45314288139343,-400000.0625,-400000.0625,-400000.0625,-400000.0625,-400000.0625,-400000.0625,-400000.0625,-400000.0625
32.45314693450928,-400000.0625,-400000.0625,-400000.0625,-400000.0625,-400000.0625,-400000.0625,-400000.0625,-400000.0625
32.45315074920654,-400000.0625,-400000.0625,-400000.0625,-400000.0625,-400000.0625,-400000.0625,-400000.0625,-400000.0625
32.50801658630371,-400000.0625,-400000.0625,-400000.0625,-400000.0625,-400000.0625,-400000.0625,-400000.0625,-400000.0625
32.5177948474884,-400000.0625,-400000.0625,-400000.0625,-400000.0625,-400000.0625,-400000.0625,-400000.0625,-400000.0625
32.5229389667511,-400000.0625,-400000.0625,-400000.0625,-400000.0625,-400000.0625,-400000.0625,-400000.0625,-400000.0625
32.529125452041626,-400000.0625,-400000.0625,-400000.0625,-400000.0625,-400000.0625,-400000.0625,-400000.0625,-400000.0625
32.53424954414368,-400000.0625,-400000.0625,-400000.0625,-400000.0625,-400000.0625,-400000.0625,-400000.0625,-400000.0625
32.539862394332886,-400000.0625,-400000.0625,-400000.0625,-400000.0625,-400000.0625,-400000.0625,-400000.0625,-400000.0625
32.54710340499878,-400000.0625,-400000.0625,-400000.0625,-400000.0625,-400000.0625,-400000.0625,-400000.0625,-400000.0625
32.55382323265076,-400000.0625,-400000.0625,-400000.0625,-400000.0625,-400000.0625,-400000.0625,-400000.0625,-400000.0625
32.5602171421051,-400000.0625,-400000.0625,-400000.0625,-400000.0625,-400000.0625,-400000.0625,-400000.0625,-400000.0625
32.565043926239014,-400000.0625,-400000.0625,-400000.0625,-400000.0625,-400000.0625,-400000.0625,-400000.0625,-400000.0625
32.56505489349365,-400000.0625,-400000.0625,-400000.0625,-400000.0625,-400000.0625,-400000.0625,-400000.0625,-400000.0625
32.565059423446655,-400000.0625,-400000.0625,-400000.0625,-400000.0625,-400000.0625,-400000.0625,-400000.0625,-400000.0625
32.5650634765625,-400000.0625,-400000.0625,-400000.0625,-400000.0625,-400000.0625,-400000.0625,-400000.0625,-400000.0625
32.56506943702698,-400000.0625,-400000.0625,-400000.0625,-400000.0625,-400000.0625,-400000.0625,-400000.0625,-400000.0625
32.56507325172424,-400000.0625,-400000.0625,-400000.0625,-400000.0625,-400000.0625,-400000.0625,-400000.0625,-400000.0625
32.56507706642151,-400000.0625,-400000.0625,-400000.0625,-400000.0625,-400000.0625,-400000.0625,-400000.0625,-400000.0625
32.571945667266846,-400000.0625,-400000.0625,-400000.0625,-400000.0625,-400000.0625,-400000.0625,-400000.0625,-400000.0625
32.5773720741272,-400000.0625,-400000.0625,-400000.0625,-400000.0625,-400000.0625,-400000.0625,-400000.0625,-400000.0625
32.58193063735962,-400000.0625,-400000.0625,-400000.0625,-400000.0625,-400000.0625,-400000.0625,-400000.0625,-400000.0625
32.58194041252136,-400000.0625,-400000.0625,-400000.0625,-400000.0625,-400000.0625,-400000.0625,-400000.0625,-400000.0625
32.58194446563721,-400000.0625,-400000.0625,-400000.0625,-400000.0625,-400000.0625,-400000.0625,-400000.0625,-400000.0625
32.581948041915894,-400000.0625,-400000.0625,-400000.0625,-400000.0625,-400000.0625,-400000.0625,-400000.0625,-400000.0625
32.58195161819458,-400000.0625,-400000.0625,-400000.0625,-400000.0625,-400000.0625,-400000.0625,-400000.0625,-400000.0625
32.58195519447327,-400000.0625,-400000.0625,-400000.0625,-400000.0625,-400000.0625,-400000.0625,-400000.0625,-400000.0625
32.58195877075195,-400000.0625,-400000.0625,-400000.0625,-400000.0625,-400000.0625,-400000.0625,-400000.0625,-400000.0625
32.58196210861206,-400000.0625,-400000.0625,-400000.0625,-400000.0625,-400000.0625,-400000.0625,-400000.0625,-400000.0625
32.581965923309326,-400000.0625,-400000.0625,-400000.0625,-400000.0625,-400000.0625,-400000.0625,-400000.0625,-400000.0625
32.58196949958801,-400000.0625,-400000.0625,-400000.0625,-400000.0625,-400000.0625,-400000.0625,-400000.0625,-400000.0625
32.58197331428528,-400000.0625,-400000.0625,-400000.0625,-400000.0625,-400000.0625,-400000.0625,-400000.0625,-400000.0625
32.581976652145386,-400000.0625,-400000.0625,-400000.0625,-400000.0625,-400000.0625,-400000.0625,-400000.0625,-400000.0625
32.58198022842407,-400000.0625,-400000.0625,-400000.0625,-400000.0625,-400000.0625,-400000.0625,-400000.0625,-400000.0625
32.58198380470276,-400000.0625,-400000.0625,-400000.0625,-400000.0625,-400000.0625,-400000.0625,-400000.0625,-400000.0625
32.654489040374756,-400000.0625,-400000.0625,-400000.0625,-400000.0625,-400000.0625,-400000.0625,-400000.0625,-400000.0625
32.66642117500305,-400000.0625,-400000.0625,-400000.0625,-400000.0625,-400000.0625,-400000.0625,-400000.0625,-400000.0625
32.6716365814209,-400000.0625,-400000.0625,-400000.0625,-400000.0625,-400000.0625,-400000.0625,-400000.0625,-400000.0625
32.67803621292114,-400000.0625,-400000.0625,-400000.0625,-400000.0625,-400000.0625,-400000.0625,-400000.0625,-400000.0625
32.68353796005249,-400000.0625,-400000.0625,-400000.0625,-400000.0625,-400000.0625,-400000.0625,-400000.0625,-400000.0625
32.68899488449097,-400000.0625,-400000.0625,-400000.0625,-400000.0625,-400000.0625,-400000.0625,-400000.0625,-400000.0625
32.69554114341736,-400000.0625,-400000.0625,-400000.0625,-400000.0625,-400000.0625,-400000.0625,-400000.0625,-400000.0625
32.70122456550598,-400000.0625,-400000.0625,-400000.0625,-400000.0625,-400000.0625,-400000.0625,-400000.0625,-400000.0625
32.70654630661011,-400000.0625,-400000.0625,-400000.0625,-400000.0625,-400000.0625,-400000.0625,-400000.0625,-400000.0625
32.71406674385071,-400000.0625,-400000.0625,-400000.0625,-400000.0625,-400000.0625,-400000.0625,-400000.0625,-400000.0625
32.719695806503296,-400000.0625,-400000.0625,-400000.0625,-400000.0625,-400000.0625,-400000.0625,-400000.0625,-400000.0625
32.72540760040283,-400000.0625,-400000.0625,-400000.0625,-400000.0625,-400000.0625,-400000.0625,-400000.0625,-400000.0625
32.7312707901001,-400000.0625,-400000.0625,-400000.0625,-400000.0625,-400000.0625,-400000.0625,-400000.0625,-400000.0625
32.73664379119873,-400000.0625,-400000.0625,-400000.0625,-400000.0625,-400000.0625,-400000.0625,-400000.0625,-400000.0625
32.74285340309143,-400000.0625,-400000.0625,-400000.0625,-400000.0625,-400000.0625,-400000.0625,-400000.0625,-400000.0625
32.74888634681702,-400000.0625,-400000.0625,-400000.0625,-400000.0625,-400000.0625,-400000.0625,-400000.0625,-400000.0625
32.75430369377136,-400000.0625,-400000.0625,-400000.0625,-400000.0625,-400000.0625,-400000.0625,-400000.0625,-400000.0625
32.760725021362305,-400000.0625,-400000.0625,-400000.0625,-400000.0625,-400000.0625,-400000.0625,-400000.0625,-400000.0625
32.771135330200195,-400000.0625,-400000.0625,-400000.0625,-400000.0625,-400000.0625,-400000.0625,-400000.0625,-400000.0625
32.77698278427124,-400000.0625,-400000.0625,-400000.0625,-400000.0625,-400000.0625,-400000.0625,-400000.0625,-400000.0625
32.78252911567688,-400000.0625,-400000.0625,-400000.0625,-400000.0625,-400000.0625,-400000.0625,-400000.0625,-400000.0625
32.788312911987305,-400000.0625,-400000.0625,-400000.0625,-400000.0625,-400000.0625,-400000.0625,-400000.0625,-400000.0625
32.79411244392395,-400000.0625,-400000.0625,-400000.0625,-400000.0625,-400000.0625,-400000.0625,-400000.0625,-400000.0625
32.80004358291626,-400000.0625,-400000.0625,-400000.0625,-400000.0625,-400000.0625,-400000.0625,-400000.0625,-400000.0625
32.807279109954834,-400000.0625,-400000.0625,-400000.0625,-400000.0625,-400000.0625,-400000.0625,-400000.0625,-400000.0625
32.81299948692322,-400000.0625,-400000.0625,-400000.0625,-400000.0625,-400000.0625,-400000.0625,-400000.0625,-400000.0625
32.81910824775696,-400000.0625,-400000.0625,-400000.0625,-400000.0625,-400000.0625,-400000.0625,-400000.0625,-400000.0625
32.824321269989014,-400000.0625,-400000.0625,-400000.0625,-400000.0625,-400000.0625,-400000.0625,-400000.0625,-400000.0625
32.830464124679565,-400000.0625,-400000.0625,-400000.0625,-400000.0625,-400000.0625,-400000.0625,-400000.0625,-400000.0625
32.83612680435181,-400000.0625,-400000.0625,-400000.0625,-400000.0625,-400000.0625,-400000.0625,-400000.0625,-400000.0625
32.84223246574402,-400000.0625,-400000.0625,-400000.0625,-400000.0625,-400000.0625,-400000.0625,-400000.0625,-400000.0625
32.84814262390137,-400000.0625,-400000.0625,-400000.0625,-400000.0625,-400000.0625,-400000.0625,-400000.0625,-400000.0625
32.85558557510376,-400000.0625,-400000.0625,-400000.0625,-400000.0625,-400000.0625,-400000.0625,-400000.0625,-400000.0625
32.86186408996582,-400000.0625,-400000.0625,-400000.0625,-400000.0625,-400000.0625,-400000.0625,-400000.0625,-400000.0625
32.87306761741638,-400000.0625,-400000.0625,-400000.0625,-400000.0625,-400000.0625,-400000.0625,-400000.0625,-400000.0625
32.880165338516235,-400000.0625,-400000.0625,-400000.0625,-400000.0625,-400000.0625,-400000.0625,-400000.0625,-400000.0625
32.88549017906189,-400000.0625,-400000.0625,-400000.0625,-400000.0625,-400000.0625,-400000.0625,-400000.0625,-400000.0625
32.891446113586426,-400000.0625,-400000.0625,-400000.0625,-400000.0625,-400000.0625,-400000.0625,-400000.0625,-400000.0625
32.89733648300171,-400000.0625,-400000.0625,-400000.0625,-400000.0625,-400000.0625,-400000.0625,-400000.0625,-400000.0625
32.902653217315674,-400000.0625,-400000.0625,-400000.0625,-400000.0625,-400000.0625,-400000.0625,-400000.0625,-400000.0625
32.90843391418457,-400000.0625,-400000.0625,-400000.0625,-400000.0625,-400000.0625,-400000.0625,-400000.0625,-400000.0625
32.9142529964447,-400000.0625,-400000.0625,-400000.0625,-400000.0625,-400000.0625,-400000.0625,-400000.0625,-400000.0625
32.919785022735596,-400000.0625,-400000.0625,-400000.0625,-400000.0625,-400000.0625,-400000.0625,-400000.0625,-400000.0625
32.92555046081543,-400000.0625,-400000.0625,-400000.0625,-400000.0625,-400000.0625,-400000.0625,-400000.0625,-400000.0625
32.931761264801025,-400000.0625,-400000.0625,-400000.0625,-400000.0625,-400000.0625,-400000.0625,-400000.0625,-400000.0625
32.93730664253235,-400000.0625,-400000.0625,-400000.0625,-400000.0625,-400000.0625,-400000.0625,-400000.0625,-400000.0625
32.94405651092529,-400000.0625,-400000.0625,-400000.0625,-400000.0625,-400000.0625,-400000.0625,-400000.0625,-400000.0625
32.95019316673279,-400000.0625,-400000.0625,-400000.0625,-400000.0625,-400000.0625,-400000.0625,-400000.0625,-400000.0625
32.955164432525635,-400000.0625,-400000.0625,-400000.0625,-400000.0625,-400000.0625,-400000.0625,-400000.0625,-400000.0625
32.95517420768738,-400000.0625,-400000.0625,-400000.0625,-400000.0625,-400000.0625,-400000.0625,-400000.0625,-400000.0625
32.95517921447754,-400000.0625,-400000.0625,-400000.0625,-400000.0625,-400000.0625,-400000.0625,-400000.0625,-400000.0625
32.955183267593384,-400000.0625,-400000.0625,-400000.0625,-400000.0625,-400000.0625,-400000.0625,-400000.0625,-400000.0625
32.95518732070923,-400000.0625,-400000.0625,-400000.0625,-400000.0625,-400000.0625,-400000.0625,-400000.0625,-400000.0625
32.95519137382507,-400000.0625,-400000.0625,-400000.0625,-400000.0625,-400000.0625,-400000.0625,-400000.0625,-400000.0625
32.955195903778076,-400000.0625,-400000.0625,-400000.0625,-400000.0625,-400000.0625,-400000.0625,-400000.0625,-400000.0625
32.955201864242554,-400000.0625,-400000.0625,-400000.0625,-400000.0625,-400000.0625,-400000.0625,-400000.0625,-400000.0625
32.96157193183899,-400000.0625,-400000.0625,-400000.0625,-400000.0625,-400000.0625,-400000.0625,-400000.0625,-400000.0625
32.966869592666626,-400000.0625,-400000.0625,-400000.0625,-400000.0625,-400000.0625,-400000.0625,-400000.0625,-400000.0625
32.97785544395447,-400000.0625,-400000.0625,-400000.0625,-400000.0625,-400000.0625,-400000.0625,-400000.0625,-400000.0625
32.983142137527466,-400000.0625,-400000.0625,-400000.0625,-400000.0625,-400000.0625,-400000.0625,-400000.0625,-400000.0625
32.98900532722473,-400000.0625,-400000.0625,-400000.0625,-400000.0625,-400000.0625,-400000.0625,-400000.0625,-400000.0625
32.99496364593506,-400000.0625,-400000.0625,-400000.0625,-400000.0625,-400000.0625,-400000.0625,-400000.0625,-400000.0625
33.000717878341675,-400000.0625,-400000.0625,-400000.0625,-400000.0625,-400000.0625,-400000.0625,-400000.0625,-400000.0625
33.0056529045105,-400000.0625,-400000.0625,-400000.0625,-400000.0625,-400000.0625,-400000.0625,-400000.0625,-400000.0625
33.005661964416504,-400000.0625,-400000.0625,-400000.0625,-400000.0625,-400000.0625,-400000.0625,-400000.0625,-400000.0625
33.005666971206665,-400000.0625,-400000.0625,-400000.0625,-400000.0625,-400000.0625,-400000.0625,-400000.0625,-400000.0625
33.00567126274109,-400000.0625,-400000.0625,-400000.0625,-400000.0625,-400000.0625,-400000.0625,-400000.0625,-400000.0625
33.00567579269409,-400000.0625,-400000.0625,-400000.0625,-400000.0625,-400000.0625,-400000.0625,-400000.0625,-400000.0625
33.005680084228516,-400000.0625,-400000.0625,-400000.0625,-400000.0625,-400000.0625,-400000.0625,-400000.0625,-400000.0625
33.00568413734436,-400000.0625,-400000.0625,-400000.0625,-400000.0625,-400000.0625,-400000.0625,-400000.0625,-400000.0625
33.005688428878784,-400000.0625,-400000.0625,-400000.0625,-400000.0625,-400000.0625,-400000.0625,-400000.0625,-400000.0625
33.00569486618042,-400000.0625,-400000.0625,-400000.0625,-400000.0625,-400000.0625,-400000.0625,-400000.0625,-400000.0625
33.005701541900635,-400000.0625,-400000.0625,-400000.0625,-400000.0625,-400000.0625,-400000.0625,-400000.0625,-400000.0625
33.00570774078369,-400000.0625,-400000.0625,-400000.0625,-400000.0625,-400000.0625,-400000.0625,-400000.0625,-400000.0625
33.00571393966675,-400000.0625,-400000.0625,-400000.0625,-400000.0625,-400000.0625,-400000.0625,-400000.0625,-400000.0625
33.00571870803833,-400000.0625,-400000.0625,-400000.0625,-400000.0625,-400000.0625,-400000.0625,-400000.0625,-400000.0625
33.005722999572754,-400000.0625,-400000.0625,-400000.0625,-400000.0625,-400000.0625,-400000.0625,-400000.0625,-400000.0625
33.00572752952576,-400000.0625,-400000.0625,-400000.0625,-400000.0625,-400000.0625,-400000.0625,-400000.0625,-400000.0625
33.01375913619995,-400000.0625,-400000.0625,-400000.0625,-400000.0625,-400000.0625,-400000.0625,-400000.0625,-400000.0625
33.018659353256226,-400000.0625,-400000.0625,-400000.0625,-400000.0625,-400000.0625,-400000.0625,-400000.0625,-400000.0625
33.018670082092285,-400000.0625,-400000.0625,-400000.0625,-400000.0625,-400000.0625,-400000.0625,-400000.0625,-400000.0625
33.01867461204529,-400000.0625,-400000.0625,-400000.0625,-400000.0625,-400000.0625,-400000.0625,-400000.0625,-400000.0625
33.01867890357971,-400000.0625,-400000.0625,-400000.0625,-400000.0625,-400000.0625,-400000.0625,-400000.0625,-400000.0625
33.018683195114136,-400000.0625,-400000.0625,-400000.0625,-400000.0625,-400000.0625,-400000.0625,-400000.0625,-400000.0625
33.01868677139282,-400000.0625,-400000.0625,-400000.0625,-400000.0625,-400000.0625,-400000.0625,-400000.0625,-400000.0625
33.018691062927246,-400000.0625,-400000.0625,-400000.0625,-400000.0625,-400000.0625,-400000.0625,-400000.0625,-400000.0625
33.01869511604309,-400000.0625,-400000.0625,-400000.0625,-400000.0625,-400000.0625,-400000.0625,-400000.0625,-400000.0625
33.018698930740356,-400000.0625,-400000.0625,-400000.0625,-400000.0625,-400000.0625,-400000.0625,-400000.0625,-400000.0625
33.0187029838562,-400000.0625,-400000.0625,-400000.0625,-400000.0625,-400000.0625,-400000.0625,-400000.0625,-400000.0625
33.01870656013489,-400000.0625,-400000.0625,-400000.0625,-400000.0625,-400000.0625,-400000.0625,-400000.0625,-400000.0625
33.01871061325073,-400000.0625,-400000.0625,-400000.0625,-400000.0625,-400000.0625,-400000.0625,-400000.0625,-400000.0625
33.018715143203735,-400000.0625,-400000.0625,-400000.0625,-400000.0625,-400000.0625,-400000.0625,-400000.0625,-400000.0625
33.01871943473816,-400000.0625,-400000.0625,-400000.0625,-400000.0625,-400000.0625,-400000.0625,-400000.0625,-400000.0625
33.01872372627258,-400000.0625,-400000.0625,-400000.0625,-400000.0625,-400000.0625,-400000.0625,-400000.0625,-400000.0625
33.01872777938843,-400000.0625,-400000.0625,-400000.0625,-400000.0625,-400000.0625,-400000.0625,-400000.0625,-400000.0625
33.01873183250427,-400000.0625,-400000.0625,-400000.0625,-400000.0625,-400000.0625,-400000.0625,-400000.0625,-400000.0625
33.01873588562012,-400000.0625,-400000.0625,-400000.0625,-400000.0625,-400000.0625,-400000.0625,-400000.0625,-400000.0625
33.01873970031738,-400000.0625,-400000.0625,-400000.0625,-400000.0625,-400000.0625,-400000.0625,-400000.0625,-400000.0625
33.01874399185181,-400000.0625,-400000.0625,-400000.0625,-400000.0625,-400000.0625,-400000.0625,-400000.0625,-400000.0625
33.01874804496765,-400000.0625,-400000.0625,-400000.0625,-400000.0625,-400000.0625,-400000.0625,-400000.0625,-400000.0625
33.01875185966492,-400000.0625,-400000.0625,-400000.0625,-400000.0625,-400000.0625,-400000.0625,-400000.0625,-400000.0625
33.01875567436218,-400000.0625,-400000.0625,-400000.0625,-400000.0625,-400000.0625,-400000.0625,-400000.0625,-400000.0625
33.01875948905945,-400000.0625,-400000.0625,-400000.0625,-400000.0625,-400000.0625,-400000.0625,-400000.0625,-400000.0625
33.018763065338135,-400000.0625,-400000.0625,-400000.0625,-400000.0625,-400000.0625,-400000.0625,-400000.0625,-400000.0625
33.0187668800354,-400000.0625,-400000.0625,-400000.0625,-400000.0625,-400000.0625,-400000.0625,-400000.0625,-400000.0625
33.02323269844055,-400000.0625,-400000.0625,-400000.0625,-400000.0625,-400000.0625,-400000.0625,-400000.0625,-400000.0625
33.023247480392456,-400000.0625,-400000.0625,-400000.0625,-400000.0625,-400000.0625,-400000.0625,-400000.0625,-400000.0625
33.023255348205566,-400000.0625,-400000.0625,-400000.0625,-400000.0625,-400000.0625,-400000.0625,-400000.0625,-400000.0625
33.02326226234436,-400000.0625,-400000.0625,-400000.0625,-400000.0625,-400000.0625,-400000.0625,-400000.0625,-400000.0625
33.023268938064575,-400000.0625,-400000.0625,-400000.0625,-400000.0625,-400000.0625,-400000.0625,-400000.0625,-400000.0625
33.02327513694763,-400000.0625,-400000.0625,-400000.0625,-400000.0625,-400000.0625,-400000.0625,-400000.0625,-400000.0625
33.02328157424927,-400000.0625,-400000.0625,-400000.0625,-400000.0625,-400000.0625,-400000.0625,-400000.0625,-400000.0625
33.07433772087097,-400000.0625,-400000.0625,-400000.0625,-400000.0625,-400000.0625,-400000.0625,-400000.0625,-400000.0625
33.08335328102112,-400000.0625,-400000.0625,-400000.0625,-400000.0625,-400000.0625,-400000.0625,-400000.0625,-400000.0625
33.09053063392639,-400000.0625,-400000.0625,-400000.0625,-400000.0625,-400000.0625,-400000.0625,-400000.0625,-400000.0625
33.096357345581055,-400000.0625,-400000.0625,-400000.0625,-400000.0625,-400000.0625,-400000.0625,-400000.0625,-400000.0625
33.10134434700012,-400000.0625,-400000.0625,-400000.0625,-400000.0625,-400000.0625,-400000.0625,-400000.0625,-400000.0625
33.101357221603394,-400000.0625,-400000.0625,-400000.0625,-400000.0625,-400000.0625,-400000.0625,-400000.0625,-400000.0625
33.101361989974976,-400000.0625,-400000.0625,-400000.0625,-400000.0625,-400000.0625,-400000.0625,-400000.0625,-400000.0625
33.10136651992798,-400000.0625,-400000.0625,-400000.0625,-400000.0625,-400000.0625,-400000.0625,-400000.0625,-400000.0625
33.106689453125,-400000.0625,-400000.0625,-400000.0625,-400000.0625,-400000.0625,-400000.0625,-400000.0625,-400000.0625
33.112385749816895,-400000.0625,-400000.0625,-400000.0625,-400000.0625,-400000.0625,-400000.0625,-400000.0625,-400000.0625
33.11735224723816,-400000.0625,-400000.0625,-400000.0625,-400000.0625,-400000.0625,-400000.0625,-400000.0625,-400000.0625
33.11736345291138,-400000.0625,-400000.0625,-400000.0625,-400000.0625,-400000.0625,-400000.0625,-400000.0625,-400000.0625
33.117369174957275,-400000.0625,-400000.0625,-400000.0625,-400000.0625,-400000.0625,-400000.0625,-400000.0625,-400000.0625
33.11737680435181,-400000.0625,-400000.0625,-400000.0625,-400000.0625,-400000.0625,-400000.0625,-400000.0625,-400000.0625
33.11738157272339,-400000.0625,-400000.0625,-400000.0625,-400000.0625,-400000.0625,-400000.0625,-400000.0625,-400000.0625
33.11738586425781,-400000.0625,-400000.0625,-400000.0625,-400000.0625,-400000.0625,-400000.0625,-400000.0625,-400000.0625
33.14093255996704,-400000.0625,-400000.0625,-400000.0625,-400000.0625,-400000.0625,-400000.0625,-400000.0625,-400000.0625
33.26665997505188,-400000.0625,-400000.0625,-400000.0625,-400000.0625,-400000.0625,-400000.0625,-400000.0625,-400000.0625
33.39053511619568,-400000.0625,-400000.0625,-400000.0625,-400000.0625,-400000.0625,-400000.0625,-400000.0625,-400000.0625
33.474565744400024,-400000.0625,-400000.0625,-400000.0625,-400000.0625,-400000.0625,-400000.0625,-400000.0625,-400000.0625
33.65798044204712,-400000.0625,-400000.0625,-400000.0625,-400000.0625,-400000.0625,-400000.0625,-400000.0625,-400000.0625
33.73733949661255,-400000.0625,-400000.0625,-400000.0625,-400000.0625,-400000.0625,-400000.0625,-400000.0625,-400000.0625
33.7768919467926,-400000.0625,-400000.0625,-400000.0625,-400000.0625,-400000.0625,-400000.0625,-400000.0625,-400000.0625
33.8380823135376,-400000.0625,-400000.0625,-400000.0625,-400000.0625,-400000.0625,-400000.0625,-400000.0625,-400000.0625
33.907867431640625,-400000.0625,-400000.0625,-400000.0625,-400000.0625,-400000.0625,-400000.0625,-400000.0625,-400000.0625
33.969290018081665,-400000.0625,-400000.0625,-400000.0625,-400000.0625,-400000.0625,-400000.0625,-400000.0625,-400000.0625
34.03059649467468,-400000.0625,-400000.0625,-400000.0625,-400000.0625,-400000.0625,-400000.0625,-400000.0625,-400000.0625
34.12385654449463,-400000.0625,-400000.0625,-400000.0625,-400000.0625,-400000.0625,-400000.0625,-400000.0625,-400000.0625
34.17062020301819,-400000.0625,-400000.0625,-400000.0625,-400000.0625,-400000.0625,-400000.0625,-400000.0625,-400000.0625
34.226943492889404,-400000.0625,-400000.0625,-400000.0625,-400000.0625,-400000.0625,-400000.0625,-400000.0625,-400000.0625
34.287007093429565,-400000.0625,-400000.0625,-400000.0625,-400000.0625,-400000.0625,-400000.0625,-400000.0625,-400000.0625
34.41937470436096,-400000.0625,-400000.0625,-400000.0625,-400000.0625,-400000.0625,-400000.0625,-400000.0625,-400000.0625
34.675461292266846,-400000.0625,-400000.0625,-400000.0625,-400000.0625,-400000.0625,-400000.0625,-400000.0625,-400000.0625
34.82411193847656,-400000.0625,-400000.0625,-400000.0625,-400000.0625,-400000.0625,-400000.0625,-400000.0625,-400000.0625
34.861796617507935,-400000.0625,-400000.0625,-400000.0625,-400000.0625,-400000.0625,-400000.0625,-400000.0625,-400000.0625
34.926799297332764,-400000.0625,-400000.0625,-400000.0625,-400000.0625,-400000.0625,-400000.0625,-400000.0625,-400000.0625
34.991880893707275,-400000.0625,-400000.0625,-400000.0625,-400000.0625,-400000.0625,-400000.0625,-400000.0625,-400000.0625
35.07438254356384,-400000.0625,-400000.0625,-400000.0625,-400000.0625,-400000.0625,-400000.0625,-400000.0625,-400000.0625
35.12179517745972,-400000.0625,-400000.0625,-400000.0625,-400000.0625,-400000.0625,-400000.0625,-400000.0625,-400000.0625
35.23182225227356,-400000.0625,-400000.0625,-400000.0625,-400000.0625,-400000.0625,-400000.0625,-400000.0625,-400000.0625
35.32502102851868,-400000.0625,-400000.0625,-400000.0625,-400000.0625,-400000.0625,-400000.0625,-400000.0625,-400000.0625
35.3816454410553,-400000.0625,-400000.0625,-400000.0625,-400000.0625,-400000.0625,-400000.0625,-400000.0625,-400000.0625
35.437968730926514,-400000.0625,-400000.0625,-400000.0625,-400000.0625,-400000.0625,-400000.0625,-400000.0625,-400000.0625
35.5979950428009,-400000.0625,-400000.0625,-400000.0625,-400000.0625,-400000.0625,-400000.0625,-400000.0625,-400000.0625
35.63999056816101,-400000.0625,-400000.0625,-400000.0625,-400000.0625,-400000.0625,-400000.0625,-400000.0625,-400000.0625
35.64026427268982,-400000.0625,-400000.0625,-400000.0625,-400000.0625,-400000.0625,-400000.0625,-400000.0625,-400000.0625
35.64028000831604,-400000.0625,-400000.0625,-400000.0625,-400000.0625,-400000.0625,-400000.0625,-400000.0625,-400000.0625
35.64028811454773,-400000.0625,-400000.0625,-400000.0625,-400000.0625,-400000.0625,-400000.0625,-400000.0625,-400000.0625
35.640294313430786,-400000.0625,-400000.0625,-400000.0625,-400000.0625,-400000.0625,-400000.0625,-400000.0625,-400000.0625
35.64030122756958,-400000.0625,-400000.0625,-400000.0625,-400000.0625,-400000.0625,-400000.0625,-400000.0625,-400000.0625
35.640307664871216,-400000.0625,-400000.0625,-400000.0625,-400000.0625,-400000.0625,-400000.0625,-400000.0625,-400000.0625
35.64031386375427,-400000.0625,-400000.0625,-400000.0625,-400000.0625,-400000.0625,-400000.0625,-400000.0625,-400000.0625
35.64032006263733,-400000.0625,-400000.0625,-400000.0625,-400000.0625,-400000.0625,-400000.0625,-400000.0625,-400000.0625
35.64032697677612,-400000.0625,-400000.0625,-400000.0625,-400000.0625,-400000.0625,-400000.0625,-400000.0625,-400000.0625
35.64033365249634,-400000.0625,-400000.0625,-400000.0625,-400000.0625,-400000.0625,-400000.0625,-400000.0625,-400000.0625
35.64034080505371,-400000.0625,-400000.0625,-400000.0625,-400000.0625,-400000.0625,-400000.0625,-400000.0625,-400000.0625
35.640347957611084,-400000.0625,-400000.0625,-400000.0625,-400000.0625,-400000.0625,-400000.0625,-400000.0625,-400000.0625
35.64035487174988,-400000.0625,-400000.0625,-400000.0625,-400000.0625,-400000.0625,-400000.0625,-400000.0625,-400000.0625
35.640361070632935,-400000.0625,-400000.0625,-400000.0625,-400000.0625,-400000.0625,-400000.0625,-400000.0625,-400000.0625
35.64036726951599,-400000.0625,-400000.0625,-400000.0625,-400000.0625,-400000.0625,-400000.0625,-400000.0625,-400000.0625
35.699323654174805,-400000.0625,-400000.0625,-400000.0625,-400000.0625,-400000.0625,-400000.0625,-400000.0625,-400000.0625
35.701672077178955,-400000.0625,-400000.0625,-400000.0625,-400000.0625,-400000.0625,-400000.0625,-400000.0625,-400000.0625
35.70168423652649,-400000.0625,-400000.0625,-400000.0625,-400000.0625,-400000.0625,-400000.0625,-400000.0625,-400000.0625
35.70168876647949,-400000.0625,-400000.0625,-400000.0625,-400000.0625,-400000.0625,-400000.0625,-400000.0625,-400000.0625
35.701693058013916,-400000.0625,-400000.0625,-400000.0625,-400000.0625,-400000.0625,-400000.0625,-400000.0625,-400000.0625
35.70169711112976,-400000.0625,-400000.0625,-400000.0625,-400000.0625,-400000.0625,-400000.0625,-400000.0625,-400000.0625
35.701701164245605,-400000.0625,-400000.0625,-400000.0625,-400000.0625,-400000.0625,-400000.0625,-400000.0625,-400000.0625
35.70170474052429,-400000.0625,-400000.0625,-400000.0625,-400000.0625,-400000.0625,-400000.0625,-400000.0625,-400000.0625
35.70170879364014,-400000.0625,-400000.0625,-400000.0625,-400000.0625,-400000.0625,-400000.0625,-400000.0625,-400000.0625
35.70171356201172,-400000.0625,-400000.0625,-400000.0625,-400000.0625,-400000.0625,-400000.0625,-400000.0625,-400000.0625
35.70171761512756,-400000.0625,-400000.0625,-400000.0625,-400000.0625,-400000.0625,-400000.0625,-400000.0625,-400000.0625
35.70172190666199,-400000.0625,-400000.0625,-400000.0625,-400000.0625,-400000.0625,-400000.0625,-400000.0625,-400000.0625
35.70172572135925,-400000.0625,-400000.0625,-400000.0625,-400000.0625,-400000.0625,-400000.0625,-400000.0625,-400000.0625
35.70172929763794,-400000.0625,-400000.0625,-400000.0625,-400000.0625,-400000.0625,-400000.0625,-400000.0625,-400000.0625
35.701733112335205,-400000.0625,-400000.0625,-400000.0625,-400000.0625,-400000.0625,-400000.0625,-400000.0625,-400000.0625
35.70173716545105,-400000.0625,-400000.0625,-400000.0625,-400000.0625,-400000.0625,-400000.0625,-400000.0625,-400000.0625
35.77440690994263,-400000.0625,-400000.0625,-400000.0625,-400000.0625,-400000.0625,-400000.0625,-400000.0625,-400000.0625
35.7820508480072,-400000.0625,-400000.0625,-400000.0625,-400000.0625,-400000.0625,-400000.0625,-400000.0625,-400000.0625
35.787352323532104,-400000.0625,-400000.0625,-400000.0625,-400000.0625,-400000.0625,-400000.0625,-400000.0625,-400000.0625
35.7935049533844,-400000.0625,-400000.0625,-400000.0625,-400000.0625,-400000.0625,-400000.0625,-400000.0625,-400000.0625
35.798946380615234,-400000.0625,-400000.0625,-400000.0625,-400000.0625,-400000.0625,-400000.0625,-400000.0625,-400000.0625
35.80348443984985,-400000.0625,-400000.0625,-400000.0625,-400000.0625,-400000.0625,-400000.0625,-400000.0625,-400000.0625
35.808321952819824,-400000.0625,-400000.0625,-400000.0625,-400000.0625,-400000.0625,-400000.0625,-400000.0625,-400000.0625
35.81396293640137,-400000.0625,-400000.0625,-400000.0625,-400000.0625,-400000.0625,-400000.0625,-400000.0625,-400000.0625
35.818668365478516,-400000.0625,-400000.0625,-400000.0625,-400000.0625,-400000.0625,-400000.0625,-400000.0625,-400000.0625
35.81867599487305,-400000.0625,-400000.0625,-400000.0625,-400000.0625,-400000.0625,-400000.0625,-400000.0625,-400000.0625
35.81868100166321,-400000.0625,-400000.0625,-400000.0625,-400000.0625,-400000.0625,-400000.0625,-400000.0625,-400000.0625
35.81868505477905,-400000.0625,-400000.0625,-400000.0625,-400000.0625,-400000.0625,-400000.0625,-400000.0625,-400000.0625
35.8186891078949,-400000.0625,-400000.0625,-400000.0625,-400000.0625,-400000.0625,-400000.0625,-400000.0625,-400000.0625
35.81869292259216,-400000.0625,-400000.0625,-400000.0625,-400000.0625,-400000.0625,-400000.0625,-400000.0625,-400000.0625
35.81869673728943,-400000.0625,-400000.0625,-400000.0625,-400000.0625,-400000.0625,-400000.0625,-400000.0625,-400000.0625
35.818700551986694,-400000.0625,-400000.0625,-400000.0625,-400000.0625,-400000.0625,-400000.0625,-400000.0625,-400000.0625
35.82700061798096,-400000.0625,-400000.0625,-400000.0625,-400000.0625,-400000.0625,-400000.0625,-400000.0625,-400000.0625
35.8323860168457,-400000.0625,-400000.0625,-400000.0625,-400000.0625,-400000.0625,-400000.0625,-400000.0625,-400000.0625
35.83728051185608,-400000.0625,-400000.0625,-400000.0625,-400000.0625,-400000.0625,-400000.0625,-400000.0625,-400000.0625
35.83728814125061,-400000.0625,-400000.0625,-400000.0625,-400000.0625,-400000.0625,-400000.0625,-400000.0625,-400000.0625
35.837292194366455,-400000.0625,-400000.0625,-400000.0625,-400000.0625,-400000.0625,-400000.0625,-400000.0625,-400000.0625
35.8372962474823,-400000.0625,-400000.0625,-400000.0625,-400000.0625,-400000.0625,-400000.0625,-400000.0625,-400000.0625
35.837300062179565,-400000.0625,-400000.0625,-400000.0625,-400000.0625,-400000.0625,-400000.0625,-400000.0625,-400000.0625
35.83730387687683,-400000.0625,-400000.0625,-400000.0625,-400000.0625,-400000.0625,-400000.0625,-400000.0625,-400000.0625
35.8373076915741,-400000.0625,-400000.0625,-400000.0625,-400000.0625,-400000.0625,-400000.0625,-400000.0625,-400000.0625
35.83731150627136,-400000.0625,-400000.0625,-400000.0625,-400000.0625,-400000.0625,-400000.0625,-400000.0625,-400000.0625
35.83731508255005,-400000.0625,-400000.0625,-400000.0625,-400000.0625,-400000.0625,-400000.0625,-400000.0625,-400000.0625
35.83731937408447,-400000.0625,-400000.0625,-400000.0625,-400000.0625,-400000.0625,-400000.0625,-400000.0625,-400000.0625
35.83732318878174,-400000.0625,-400000.0625,-400000.0625,-400000.0625,-400000.0625,-400000.0625,-400000.0625,-400000.0625
35.837326765060425,-400000.0625,-400000.0625,-400000.0625,-400000.0625,-400000.0625,-400000.0625,-400000.0625,-400000.0625
35.83733057975769,-400000.0625,-400000.0625,-400000.0625,-400000.0625,-400000.0625,-400000.0625,-400000.0625,-400000.0625
35.837334394454956,-400000.0625,-400000.0625,-400000.0625,-400000.0625,-400000.0625,-400000.0625,-400000.0625,-400000.0625
35.886902809143066,-400000.0625,-400000.0625,-400000.0625,-400000.0625,-400000.0625,-400000.0625,-400000.0625,-400000.0625
35.8938148021698,-400000.0625,-400000.0625,-400000.0625,-400000.0625,-400000.0625,-400000.0625,-400000.0625,-400000.0625
35.8997688293457,-400000.0625,-400000.0625,-400000.0625,-400000.0625,-400000.0625,-400000.0625,-400000.0625,-400000.0625
35.90405464172363,-400000.0625,-400000.0625,-400000.0625,-400000.0625,-400000.0625,-400000.0625,-400000.0625,-400000.0625
35.91124749183655,-400000.0625,-400000.0625,-400000.0625,-400000.0625,-400000.0625,-400000.0625,-400000.0625,-400000.0625
35.916560888290405,-400000.0625,-400000.0625,-400000.0625,-400000.0625,-400000.0625,-400000.0625,-400000.0625,-400000.0625
35.92117214202881,-400000.0625,-400000.0625,-400000.0625,-400000.0625,-400000.0625,-400000.0625,-400000.0625,-400000.0625
35.92117953300476,-400000.0625,-400000.0625,-400000.0625,-400000.0625,-400000.0625,-400000.0625,-400000.0625,-400000.0625
35.921183586120605,-400000.0625,-400000.0625,-400000.0625,-400000.0625,-400000.0625,-400000.0625,-400000.0625,-400000.0625
35.92118740081787,-400000.0625,-400000.0625,-400000.0625,-400000.0625,-400000.0625,-400000.0625,-400000.0625,-400000.0625
35.92119121551514,-400000.0625,-400000.0625,-400000.0625,-400000.0625,-400000.0625,-400000.0625,-400000.0625,-400000.0625
35.9211950302124,-400000.0625,-400000.0625,-400000.0625,-400000.0625,-400000.0625,-400000.0625,-400000.0625,-400000.0625
35.921199321746826,-400000.0625,-400000.0625,-400000.0625,-400000.0625,-400000.0625,-400000.0625,-400000.0625,-400000.0625
35.92120313644409,-400000.0625,-400000.0625,-400000.0625,-400000.0625,-400000.0625,-400000.0625,-400000.0625,-400000.0625
35.92120671272278,-400000.0625,-400000.0625,-400000.0625,-400000.0625,-400000.0625,-400000.0625,-400000.0625,-400000.0625
35.92121076583862,-400000.0625,-400000.0625,-400000.0625,-400000.0625,-400000.0625,-400000.0625,-400000.0625,-400000.0625
35.96317481994629,-400000.0625,-400000.0625,-400000.0625,-400000.0625,-400000.0625,-400000.0625,-400000.0625,-400000.0625
35.96849012374878,-400000.0625,-400000.0625,-400000.0625,-400000.0625,-400000.0625,-400000.0625,-400000.0625,-400000.0625
35.97275352478027,-400000.0625,-400000.0625,-400000.0625,-400000.0625,-400000.0625,-400000.0625,-400000.0625,-400000.0625
35.97276544570923,-400000.0625,-400000.0625,-400000.0625,-400000.0625,-400000.0625,-400000.0625,-400000.0625,-400000.0625
35.97277021408081,-400000.0625,-400000.0625,-400000.0625,-400000.0625,-400000.0625,-400000.0625,-400000.0625,-400000.0625
35.972774028778076,-400000.0625,-400000.0625,-400000.0625,-400000.0625,-400000.0625,-400000.0625,-400000.0625,-400000.0625
35.97277855873108,-400000.0625,-400000.0625,-400000.0625,-400000.0625,-400000.0625,-400000.0625,-400000.0625,-400000.0625
35.972782373428345,-400000.0625,-400000.0625,-400000.0625,-400000.0625,-400000.0625,-400000.0625,-400000.0625,-400000.0625
35.97278642654419,-400000.0625,-400000.0625,-400000.0625,-400000.0625,-400000.0625,-400000.0625,-400000.0625,-400000.0625
35.972790479660034,-400000.0625,-400000.0625,-400000.0625,-400000.0625,-400000.0625,-400000.0625,-400000.0625,-400000.0625
35.97279453277588,-400000.0625,-400000.0625,-400000.0625,-400000.0625,-400000.0625,-400000.0625,-400000.0625,-400000.0625
35.972798347473145,-400000.0625,-400000.0625,-400000.0625,-400000.0625,-400000.0625,-400000.0625,-400000.0625,-400000.0625
35.97280216217041,-400000.0625,-400000.0625,-400000.0625,-400000.0625,-400000.0625,-400000.0625,-400000.0625,-400000.0625
35.972805976867676,-400000.0625,-400000.0625,-400000.0625,-400000.0625,-400000.0625,-400000.0625,-400000.0625,-400000.0625
35.97280979156494,-400000.0625,-400000.0625,-400000.0625,-400000.0625,-400000.0625,-400000.0625,-400000.0625,-400000.0625
35.97281360626221,-400000.0625,-400000.0625,-400000.0625,-400000.0625,-400000.0625,-400000.0625,-400000.0625,-400000.0625
36.01595067977905,-400000.0625,-400000.0625,-400000.0625,-400000.0625,-400000.0625,-400000.0625,-400000.0625,-400000.0625
36.026835918426514,-400000.0625,-400000.0625,-400000.0625,-400000.0625,-400000.0625,-400000.0625,-400000.0625,-400000.0625
36.031519651412964,-400000.0625,-400000.0625,-400000.0625,-400000.0625,-400000.0625,-400000.0625,-400000.0625,-400000.0625
36.03152942657471,-400000.0625,-400000.0625,-400000.0625,-400000.0625,-400000.0625,-400000.0625,-400000.0625,-400000.0625
36.03153419494629,-400000.0625,-400000.0625,-400000.0625,-400000.0625,-400000.0625,-400000.0625,-400000.0625,-400000.0625
36.03153872489929,-400000.0625,-400000.0625,-400000.0625,-400000.0625,-400000.0625,-400000.0625,-400000.0625,-400000.0625
36.03154277801514,-400000.0625,-400000.0625,-400000.0625,-400000.0625,-400000.0625,-400000.0625,-400000.0625,-400000.0625
36.03154706954956,-400000.0625,-400000.0625,-400000.0625,-400000.0625,-400000.0625,-400000.0625,-400000.0625,-400000.0625
36.03155159950256,-400000.0625,-400000.0625,-400000.0625,-400000.0625,-400000.0625,-400000.0625,-400000.0625,-400000.0625
36.031556129455566,-400000.0625,-400000.0625,-400000.0625,-400000.0625,-400000.0625,-400000.0625,-400000.0625,-400000.0625
36.03156018257141,-400000.0625,-400000.0625,-400000.0625,-400000.0625,-400000.0625,-400000.0625,-400000.0625,-400000.0625
36.03156495094299,-400000.0625,-400000.0625,-400000.0625,-400000.0625,-400000.0625,-400000.0625,-400000.0625,-400000.0625
36.03156924247742,-400000.0625,-400000.0625,-400000.0625,-400000.0625,-400000.0625,-400000.0625,-400000.0625,-400000.0625
36.03157329559326,-400000.0625,-400000.0625,-400000.0625,-400000.0625,-400000.0625,-400000.0625,-400000.0625,-400000.0625
36.031577348709106,-400000.0625,-400000.0625,-400000.0625,-400000.0625,-400000.0625,-400000.0625,-400000.0625,-400000.0625
36.03158187866211,-400000.0625,-400000.0625,-400000.0625,-400000.0625,-400000.0625,-400000.0625,-400000.0625,-400000.0625
36.07837176322937,-400000.0625,-400000.0625,-400000.0625,-400000.0625,-400000.0625,-400000.0625,-400000.0625,-400000.0625
36.0838086605072,-400000.0625,-400000.0625,-400000.0625,-400000.0625,-400000.0625,-400000.0625,-400000.0625,-400000.0625
36.0885910987854,-400000.0625,-400000.0625,-400000.0625,-400000.0625,-400000.0625,-400000.0625,-400000.0625,-400000.0625
36.08859992027283,-400000.0625,-400000.0625,-400000.0625,-400000.0625,-400000.0625,-400000.0625,-400000.0625,-400000.0625
36.08860468864441,-400000.0625,-400000.0625,-400000.0625,-400000.0625,-400000.0625,-400000.0625,-400000.0625,-400000.0625
36.08860945701599,-400000.0625,-400000.0625,-400000.0625,-400000.0625,-400000.0625,-400000.0625,-400000.0625,-400000.0625
36.088613986968994,-400000.0625,-400000.0625,-400000.0625,-400000.0625,-400000.0625,-400000.0625,-400000.0625,-400000.0625
36.08861804008484,-400000.0625,-400000.0625,-400000.0625,-400000.0625,-400000.0625,-400000.0625,-400000.0625,-400000.0625
36.088622093200684,-400000.0625,-400000.0625,-400000.0625,-400000.0625,-400000.0625,-400000.0625,-400000.0625,-400000.0625
36.08862662315369,-400000.0625,-400000.0625,-400000.0625,-400000.0625,-400000.0625,-400000.0625,-400000.0625,-400000.0625
36.08863067626953,-400000.0625,-400000.0625,-400000.0625,-400000.0625,-400000.0625,-400000.0625,-400000.0625,-400000.0625
36.088635206222534,-400000.0625,-400000.0625,-400000.0625,-400000.0625,-400000.0625,-400000.0625,-400000.0625,-400000.0625
36.08863949775696,-400000.0625,-400000.0625,-400000.0625,-400000.0625,-400000.0625,-400000.0625,-400000.0625,-400000.0625
36.08864378929138,-400000.0625,-400000.0625,-400000.0625,-400000.0625,-400000.0625,-400000.0625,-400000.0625,-400000.0625
36.08864784240723,-400000.0625,-400000.0625,-400000.0625,-400000.0625,-400000.0625,-400000.0625,-400000.0625,-400000.0625
36.08865189552307,-400000.0625,-400000.0625,-400000.0625,-400000.0625,-400000.0625,-400000.0625,-400000.0625,-400000.0625
36.14835000038147,-400000.0625,-400000.0625,-400000.0625,-400000.0625,-400000.0625,-400000.0625,-400000.0625,-400000.0625
36.22447633743286,-400000.0625,-400000.0625,-400000.0625,-400000.0625,-400000.0625,-400000.0625,-400000.0625,-400000.0625
36.2920880317688,-400000.0625,-400000.0625,-400000.0625,-400000.0625,-400000.0625,-400000.0625,-400000.0625,-400000.0625
36.33551359176636,-400000.0625,-400000.0625,-400000.0625,-400000.0625,-400000.0625,-400000.0625,-400000.0625,-400000.0625
36.40945315361023,-400000.0625,-400000.0625,-400000.0625,-400000.0625,-400000.0625,-400000.0625,-400000.0625,-400000.0625
36.467954874038696,-400000.0625,-400000.0625,-400000.0625,-400000.0625,-400000.0625,-400000.0625,-400000.0625,-400000.0625
36.52678561210632,-400000.0625,-400000.0625,-400000.0625,-400000.0625,-400000.0625,-400000.0625,-400000.0625,-400000.0625
36.591912508010864,-400000.0625,-400000.0625,-400000.0625,-400000.0625,-400000.0625,-400000.0625,-400000.0625,-400000.0625
36.68687462806702,-400000.0625,-400000.0625,-400000.0625,-400000.0625,-400000.0625,-400000.0625,-400000.0625,-400000.0625
36.717907190322876,-400000.0625,-400000.0625,-400000.0625,-400000.0625,-400000.0625,-400000.0625,-400000.0625,-400000.0625
36.78559970855713,-400000.0625,-400000.0625,-400000.0625,-400000.0625,-400000.0625,-400000.0625,-400000.0625,-400000.0625
36.84561038017273,-400000.0625,-400000.0625,-400000.0625,-400000.0625,-400000.0625,-400000.0625,-400000.0625,-400000.0625
36.911771059036255,-400000.0625,-400000.0625,-400000.0625,-400000.0625,-400000.0625,-400000.0625,-400000.0625,-400000.0625
36.976855754852295,-400000.0625,-400000.0625,-400000.0625,-400000.0625,-400000.0625,-400000.0625,-400000.0625,-400000.0625
37.06302762031555,-400000.0625,-400000.0625,-400000.0625,-400000.0625,-400000.0625,-400000.0625,-400000.0625,-400000.0625
37.11693978309631,-400000.0625,-400000.0625,-400000.0625,-400000.0625,-400000.0625,-400000.0625,-400000.0625,-400000.0625
37.230621576309204,-400000.0625,-400000.0625,-400000.0625,-400000.0625,-400000.0625,-400000.0625,-400000.0625,-400000.0625
37.30808734893799,-400000.0625,-400000.0625,-400000.0625,-400000.0625,-400000.0625,-400000.0625,-400000.0625,-400000.0625
37.397637128829956,-400000.0625,-400000.0625,-400000.0625,-400000.0625,-400000.0625,-400000.0625,-400000.0625,-400000.0625
37.4342246055603,-400000.0625,-400000.0625,-400000.0625,-400000.0625,-400000.0625,-400000.0625,-400000.0625,-400000.0625
37.491389751434326,-400000.0625,-400000.0625,-400000.0625,-400000.0625,-400000.0625,-400000.0625,-400000.0625,-400000.0625
37.55035877227783,-400000.0625,-400000.0625,-400000.0625,-400000.0625,-400000.0625,-400000.0625,-400000.0625,-400000.0625
37.615538120269775,-400000.0625,-400000.0625,-400000.0625,-400000.0625,-400000.0625,-400000.0625,-400000.0625,-400000.0625
37.772902965545654,-400000.0625,-400000.0625,-400000.0625,-400000.0625,-400000.0625,-400000.0625,-400000.0625,-400000.0625
37.806946992874146,-400000.0625,-400000.0625,-400000.0625,-400000.0625,-400000.0625,-400000.0625,-400000.0625,-400000.0625
37.93424391746521,-400000.0625,-400000.0625,-400000.0625,-400000.0625,-400000.0625,-400000.0625,-400000.0625,-400000.0625
38.0741286277771,-400000.0625,-400000.0625,-400000.0625,-400000.0625,-400000.0625,-400000.0625,-400000.0625,-400000.0625
38.17162275314331,-400000.0625,-400000.0625,-400000.0625,-400000.0625,-400000.0625,-400000.0625,-400000.0625,-400000.0625
38.17858028411865,-400000.0625,-400000.0625,-400000.0625,-400000.0625,-400000.0625,-400000.0625,-400000.0625,-400000.0625
38.18910360336304,-400000.0625,-400000.0625,-400000.0625,-400000.0625,-400000.0625,-400000.0625,-400000.0625,-400000.0625
38.19556903839111,-400000.0625,-400000.0625,-400000.0625,-400000.0625,-400000.0625,-400000.0625,-400000.0625,-400000.0625
38.20066714286804,-400000.0625,-400000.0625,-400000.0625,-400000.0625,-400000.0625,-400000.0625,-400000.0625,-400000.0625
38.20751643180847,-400000.0625,-400000.0625,-400000.0625,-400000.0625,-400000.0625,-400000.0625,-400000.0625,-400000.0625
38.213759660720825,-400000.0625,-400000.0625,-400000.0625,-400000.0625,-400000.0625,-400000.0625,-400000.0625,-400000.0625
38.21971654891968,-400000.0625,-400000.0625,-400000.0625,-400000.0625,-400000.0625,-400000.0625,-400000.0625,-400000.0625
38.2267541885376,-400000.0625,-400000.0625,-400000.0625,-400000.0625,-400000.0625,-400000.0625,-400000.0625,-400000.0625
38.232810258865356,-400000.0625,-400000.0625,-400000.0625,-400000.0625,-400000.0625,-400000.0625,-400000.0625,-400000.0625
38.238680839538574,-400000.0625,-400000.0625,-400000.0625,-400000.0625,-400000.0625,-400000.0625,-400000.0625,-400000.0625
38.24607753753662,-400000.0625,-400000.0625,-400000.0625,-400000.0625,-400000.0625,-400000.0625,-400000.0625,-400000.0625
38.25192451477051,-400000.0625,-400000.0625,-400000.0625,-400000.0625,-400000.0625,-400000.0625,-400000.0625,-400000.0625
38.25747895240784,-400000.0625,-400000.0625,-400000.0625,-400000.0625,-400000.0625,-400000.0625,-400000.0625,-400000.0625
38.26358461380005,-400000.0625,-400000.0625,-400000.0625,-400000.0625,-400000.0625,-400000.0625,-400000.0625,-400000.0625
38.269062519073486,-400000.0625,-400000.0625,-400000.0625,-400000.0625,-400000.0625,-400000.0625,-400000.0625,-400000.0625
38.27904558181763,-400000.0625,-400000.0625,-400000.0625,-400000.0625,-400000.0625,-400000.0625,-400000.0625,-400000.0625
38.288652420043945,-400000.0625,-400000.0625,-400000.0625,-400000.0625,-400000.0625,-400000.0625,-400000.0625,-400000.0625
38.29531002044678,-400000.0625,-400000.0625,-400000.0625,-400000.0625,-400000.0625,-400000.0625,-400000.0625,-400000.0625
38.30216693878174,-400000.0625,-400000.0625,-400000.0625,-400000.0625,-400000.0625,-400000.0625,-400000.0625,-400000.0625
38.30700635910034,-400000.0625,-400000.0625,-400000.0625,-400000.0625,-400000.0625,-400000.0625,-400000.0625,-400000.0625
38.30701780319214,-400000.0625,-400000.0625,-400000.0625,-400000.0625,-400000.0625,-400000.0625,-400000.0625,-400000.0625
38.30702304840088,-400000.0625,-400000.0625,-400000.0625,-400000.0625,-400000.0625,-400000.0625,-400000.0625,-400000.0625
38.3070273399353,-400000.0625,-400000.0625,-400000.0625,-400000.0625,-400000.0625,-400000.0625,-400000.0625,-400000.0625
38.307031869888306,-400000.0625,-400000.0625,-400000.0625,-400000.0625,-400000.0625,-400000.0625,-400000.0625,-400000.0625
38.30703592300415,-400000.0625,-400000.0625,-400000.0625,-400000.0625,-400000.0625,-400000.0625,-400000.0625,-400000.0625
38.307040214538574,-400000.0625,-400000.0625,-400000.0625,-400000.0625,-400000.0625,-400000.0625,-400000.0625,-400000.0625
38.30704379081726,-400000.0625,-400000.0625,-400000.0625,-400000.0625,-400000.0625,-400000.0625,-400000.0625,-400000.0625
38.307048320770264,-400000.0625,-400000.0625,-400000.0625,-400000.0625,-400000.0625,-400000.0625,-400000.0625,-400000.0625
38.30705213546753,-400000.0625,-400000.0625,-400000.0625,-400000.0625,-400000.0625,-400000.0625,-400000.0625,-400000.0625
38.307056188583374,-400000.0625,-400000.0625,-400000.0625,-400000.0625,-400000.0625,-400000.0625,-400000.0625,-400000.0625
38.30706024169922,-400000.0625,-400000.0625,-400000.0625,-400000.0625,-400000.0625,-400000.0625,-400000.0625,-400000.0625
38.30706477165222,-400000.0625,-400000.0625,-400000.0625,-400000.0625,-400000.0625,-400000.0625,-400000.0625,-400000.0625
38.307069063186646,-400000.0625,-400000.0625,-400000.0625,-400000.0625,-400000.0625,-400000.0625,-400000.0625,-400000.0625
38.30709743499756,-400000.0625,-400000.0625,-400000.0625,-400000.0625,-400000.0625,-400000.0625,-400000.0625,-400000.0625
38.30710196495056,-400000.0625,-400000.0625,-400000.0625,-400000.0625,-400000.0625,-400000.0625,-400000.0625,-400000.0625
38.307106494903564,-400000.0625,-400000.0625,-400000.0625,-400000.0625,-400000.0625,-400000.0625,-400000.0625,-400000.0625
38.30711078643799,-400000.0625,-400000.0625,-400000.0625,-400000.0625,-400000.0625,-400000.0625,-400000.0625,-400000.0625
38.30711531639099,-400000.0625,-400000.0625,-400000.0625,-400000.0625,-400000.0625,-400000.0625,-400000.0625,-400000.0625
38.30712056159973,-400000.0625,-400000.0625,-400000.0625,-400000.0625,-400000.0625,-400000.0625,-400000.0625,-400000.0625
38.30712532997131,-400000.0625,-400000.0625,-400000.0625,-400000.0625,-400000.0625,-400000.0625,-400000.0625,-400000.0625
38.30712938308716,-400000.0625,-400000.0625,-400000.0625,-400000.0625,-400000.0625,-400000.0625,-400000.0625,-400000.0625
38.30713438987732,-400000.0625,-400000.0625,-400000.0625,-400000.0625,-400000.0625,-400000.0625,-400000.0625,-400000.0625
38.30713891983032,-400000.0625,-400000.0625,-400000.0625,-400000.0625,-400000.0625,-400000.0625,-400000.0625,-400000.0625
38.30714297294617,-400000.0625,-400000.0625,-400000.0625,-400000.0625,-400000.0625,-400000.0625,-400000.0625,-400000.0625
38.30714702606201,-400000.0625,-400000.0625,-400000.0625,-400000.0625,-400000.0625,-400000.0625,-400000.0625,-400000.0625
38.307151317596436,-400000.0625,-400000.0625,-400000.0625,-400000.0625,-400000.0625,-400000.0625,-400000.0625,-400000.0625
38.30715537071228,-400000.0625,-400000.0625,-400000.0625,-400000.0625,-400000.0625,-400000.0625,-400000.0625,-400000.0625
38.32433009147644,-400000.0625,-400000.0625,-400000.0625,-400000.0625,-400000.0625,-400000.0625,-400000.0625,-400000.0625
38.331032276153564,-400000.0625,-400000.0625,-400000.0625,-400000.0625,-400000.0625,-400000.0625,-400000.0625,-400000.0625
38.33842849731445,-400000.0625,-400000.0625,-400000.0625,-400000.0625,-400000.0625,-400000.0625,-400000.0625,-400000.0625
38.34626507759094,-400000.0625,-400000.0625,-400000.0625,-400000.0625,-400000.0625,-400000.0625,-400000.0625,-400000.0625
38.35139441490173,-400000.0625,-400000.0625,-400000.0625,-400000.0625,-400000.0625,-400000.0625,-400000.0625,-400000.0625
38.35755658149719,-400000.0625,-400000.0625,-400000.0625,-400000.0625,-400000.0625,-400000.0625,-400000.0625,-400000.0625
38.36361074447632,-400000.0625,-400000.0625,-400000.0625,-400000.0625,-400000.0625,-400000.0625,-400000.0625,-400000.0625
38.3693106174469,-400000.0625,-400000.0625,-400000.0625,-400000.0625,-400000.0625,-400000.0625,-400000.0625,-400000.0625
38.37474322319031,-400000.0625,-400000.0625,-400000.0625,-400000.0625,-400000.0625,-400000.0625,-400000.0625,-400000.0625
38.381629943847656,-400000.0625,-400000.0625,-400000.0625,-400000.0625,-400000.0625,-400000.0625,-400000.0625,-400000.0625
38.391979694366455,-400000.0625,-400000.0625,-400000.0625,-400000.0625,-400000.0625,-400000.0625,-400000.0625,-400000.0625
38.39735126495361,-400000.0625,-400000.0625,-400000.0625,-400000.0625,-400000.0625,-400000.0625,-400000.0625,-400000.0625
38.40237855911255,-400000.0625,-400000.0625,-400000.0625,-400000.0625,-400000.0625,-400000.0625,-400000.0625,-400000.0625
38.407915353775024,-400000.0625,-400000.0625,-400000.0625,-400000.0625,-400000.0625,-400000.0625,-400000.0625,-400000.0625
38.41330170631409,-400000.0625,-400000.0625,-400000.0625,-400000.0625,-400000.0625,-400000.0625,-400000.0625,-400000.0625
38.418023109436035,-400000.0625,-400000.0625,-400000.0625,-400000.0625,-400000.0625,-400000.0625,-400000.0625,-400000.0625
38.41803240776062,-400000.0625,-400000.0625,-400000.0625,-400000.0625,-400000.0625,-400000.0625,-400000.0625,-400000.0625
38.41803765296936,-400000.0625,-400000.0625,-400000.0625,-400000.0625,-400000.0625,-400000.0625,-400000.0625,-400000.0625
38.418041944503784,-400000.0625,-400000.0625,-400000.0625,-400000.0625,-400000.0625,-400000.0625,-400000.0625,-400000.0625
38.41804575920105,-400000.0625,-400000.0625,-400000.0625,-400000.0625,-400000.0625,-400000.0625,-400000.0625,-400000.0625
38.418049812316895,-400000.0625,-400000.0625,-400000.0625,-400000.0625,-400000.0625,-400000.0625,-400000.0625,-400000.0625
38.41805362701416,-400000.0625,-400000.0625,-400000.0625,-400000.0625,-400000.0625,-400000.0625,-400000.0625,-400000.0625
38.418057680130005,-400000.0625,-400000.0625,-400000.0625,-400000.0625,-400000.0625,-400000.0625,-400000.0625,-400000.0625
38.41806173324585,-400000.0625,-400000.0625,-400000.0625,-400000.0625,-400000.0625,-400000.0625,-400000.0625,-400000.0625
38.418065547943115,-400000.0625,-400000.0625,-400000.0625,-400000.0625,-400000.0625,-400000.0625,-400000.0625,-400000.0625
38.41806960105896,-400000.0625,-400000.0625,-400000.0625,-400000.0625,-400000.0625,-400000.0625,-400000.0625,-400000.0625
38.418073892593384,-400000.0625,-400000.0625,-400000.0625,-400000.0625,-400000.0625,-400000.0625,-400000.0625,-400000.0625
38.41807842254639,-400000.0625,-400000.0625,-400000.0625,-400000.0625,-400000.0625,-400000.0625,-400000.0625,-400000.0625
38.41808247566223,-400000.0625,-400000.0625,-400000.0625,-400000.0625,-400000.0625,-400000.0625,-400000.0625,-400000.0625
38.418086528778076,-400000.0625,-400000.0625,-400000.0625,-400000.0625,-400000.0625,-400000.0625,-400000.0625,-400000.0625
38.41809034347534,-400000.0625,-400000.0625,-400000.0625,-400000.0625,-400000.0625,-400000.0625,-400000.0625,-400000.0625
38.41809415817261,-400000.0625,-400000.0625,-400000.0625,-400000.0625,-400000.0625,-400000.0625,-400000.0625,-400000.0625
38.448025703430176,-400000.0625,-400000.0625,-400000.0625,-400000.0625,-400000.0625,-400000.0625,-400000.0625,-400000.0625
38.45289945602417,-400000.0625,-400000.0625,-400000.0625,-400000.0625,-400000.0625,-400000.0625,-400000.0625,-400000.0625
38.452908992767334,-400000.0625,-400000.0625,-400000.0625,-400000.0625,-400000.0625,-400000.0625,-400000.0625,-400000.0625
38.452913761138916,-400000.0625,-400000.0625,-400000.0625,-400000.0625,-400000.0625,-400000.0625,-400000.0625,-400000.0625
38.45291781425476,-400000.0625,-400000.0625,-400000.0625,-400000.0625,-400000.0625,-400000.0625,-400000.0625,-400000.0625
38.452922105789185,-400000.0625,-400000.0625,-400000.0625,-400000.0625,-400000.0625,-400000.0625,-400000.0625,-400000.0625
38.45292615890503,-400000.0625,-400000.0625,-400000.0625,-400000.0625,-400000.0625,-400000.0625,-400000.0625,-400000.0625
38.452929973602295,-400000.0625,-400000.0625,-400000.0625,-400000.0625,-400000.0625,-400000.0625,-400000.0625,-400000.0625
38.45293378829956,-400000.0625,-400000.0625,-400000.0625,-400000.0625,-400000.0625,-400000.0625,-400000.0625,-400000.0625
38.452937841415405,-400000.0625,-400000.0625,-400000.0625,-400000.0625,-400000.0625,-400000.0625,-400000.0625,-400000.0625
38.45294165611267,-400000.0625,-400000.0625,-400000.0625,-400000.0625,-400000.0625,-400000.0625,-400000.0625,-400000.0625
38.452945947647095,-400000.0625,-400000.0625,-400000.0625,-400000.0625,-400000.0625,-400000.0625,-400000.0625,-400000.0625
38.45294976234436,-400000.0625,-400000.0625,-400000.0625,-400000.0625,-400000.0625,-400000.0625,-400000.0625,-400000.0625
38.452953815460205,-400000.0625,-400000.0625,-400000.0625,-400000.0625,-400000.0625,-400000.0625,-400000.0625,-400000.0625
38.45295739173889,-400000.0625,-400000.0625,-400000.0625,-400000.0625,-400000.0625,-400000.0625,-400000.0625,-400000.0625
38.45296120643616,-400000.0625,-400000.0625,-400000.0625,-400000.0625,-400000.0625,-400000.0625,-400000.0625,-400000.0625
38.53429293632507,-400000.0625,-400000.0625,-400000.0625,-400000.0625,-400000.0625,-400000.0625,-400000.0625,-400000.0625
38.54460120201111,-400000.0625,-400000.0625,-400000.0625,-400000.0625,-400000.0625,-400000.0625,-400000.0625,-400000.0625
38.55142521858215,-400000.0625,-400000.0625,-400000.0625,-400000.0625,-400000.0625,-400000.0625,-400000.0625,-400000.0625
38.55615234375,-400000.0625,-400000.0625,-400000.0625,-400000.0625,-400000.0625,-400000.0625,-400000.0625,-400000.0625
38.556161880493164,-400000.0625,-400000.0625,-400000.0625,-400000.0625,-400000.0625,-400000.0625,-400000.0625,-400000.0625
38.55616641044617,-400000.0625,-400000.0625,-400000.0625,-400000.0625,-400000.0625,-400000.0625,-400000.0625,-400000.0625
38.55617094039917,-400000.0625,-400000.0625,-400000.0625,-400000.0625,-400000.0625,-400000.0625,-400000.0625,-400000.0625
38.55617618560791,-400000.0625,-400000.0625,-400000.0625,-400000.0625,-400000.0625,-400000.0625,-400000.0625,-400000.0625
38.556180000305176,-400000.0625,-400000.0625,-400000.0625,-400000.0625,-400000.0625,-400000.0625,-400000.0625,-400000.0625
38.55618453025818,-400000.0625,-400000.0625,-400000.0625,-400000.0625,-400000.0625,-400000.0625,-400000.0625,-400000.0625
38.55618858337402,-400000.0625,-400000.0625,-400000.0625,-400000.0625,-400000.0625,-400000.0625,-400000.0625,-400000.0625
38.55619263648987,-400000.0625,-400000.0625,-400000.0625,-400000.0625,-400000.0625,-400000.0625,-400000.0625,-400000.0625
38.556196451187134,-400000.0625,-400000.0625,-400000.0625,-400000.0625,-400000.0625,-400000.0625,-400000.0625,-400000.0625
38.5562002658844,-400000.0625,-400000.0625,-400000.0625,-400000.0625,-400000.0625,-400000.0625,-400000.0625,-400000.0625
38.556204080581665,-400000.0625,-400000.0625,-400000.0625,-400000.0625,-400000.0625,-400000.0625,-400000.0625,-400000.0625
38.55620789527893,-400000.0625,-400000.0625,-400000.0625,-400000.0625,-400000.0625,-400000.0625,-400000.0625,-400000.0625
38.58904480934143,-400000.0625,-400000.0625,-400000.0625,-400000.0625,-400000.0625,-400000.0625,-400000.0625,-400000.0625
38.5969455242157,-400000.0625,-400000.0625,-400000.0625,-400000.0625,-400000.0625,-400000.0625,-400000.0625,-400000.0625
38.60145854949951,-400000.0625,-400000.0625,-400000.0625,-400000.0625,-400000.0625,-400000.0625,-400000.0625,-400000.0625
38.601468086242676,-400000.0625,-400000.0625,-400000.0625,-400000.0625,-400000.0625,-400000.0625,-400000.0625,-400000.0625
38.6014723777771,-400000.0625,-400000.0625,-400000.0625,-400000.0625,-400000.0625,-400000.0625,-400000.0625,-400000.0625
38.60147666931152,-400000.0625,-400000.0625,-400000.0625,-400000.0625,-400000.0625,-400000.0625,-400000.0625,-400000.0625
38.60148072242737,-400000.0625,-400000.0625,-400000.0625,-400000.0625,-400000.0625,-400000.0625,-400000.0625,-400000.0625
38.601484537124634,-400000.0625,-400000.0625,-400000.0625,-400000.0625,-400000.0625,-400000.0625,-400000.0625,-400000.0625
38.60148859024048,-400000.0625,-400000.0625,-400000.0625,-400000.0625,-400000.0625,-400000.0625,-400000.0625,-400000.0625
38.601492404937744,-400000.0625,-400000.0625,-400000.0625,-400000.0625,-400000.0625,-400000.0625,-400000.0625,-400000.0625
38.60149645805359,-400000.0625,-400000.0625,-400000.0625,-400000.0625,-400000.0625,-400000.0625,-400000.0625,-400000.0625
38.601500272750854,-400000.0625,-400000.0625,-400000.0625,-400000.0625,-400000.0625,-400000.0625,-400000.0625,-400000.0625
38.60150408744812,-400000.0625,-400000.0625,-400000.0625,-400000.0625,-400000.0625,-400000.0625,-400000.0625,-400000.0625
38.601507902145386,-400000.0625,-400000.0625,-400000.0625,-400000.0625,-400000.0625,-400000.0625,-400000.0625,-400000.0625
38.60151171684265,-400000.0625,-400000.0625,-400000.0625,-400000.0625,-400000.0625,-400000.0625,-400000.0625,-400000.0625
38.60151529312134,-400000.0625,-400000.0625,-400000.0625,-400000.0625,-400000.0625,-400000.0625,-400000.0625,-400000.0625
38.64445519447327,-400000.0625,-400000.0625,-400000.0625,-400000.0625,-400000.0625,-400000.0625,-400000.0625,-400000.0625
38.71555423736572,-400000.0625,-400000.0625,-400000.0625,-400000.0625,-400000.0625,-400000.0625,-400000.0625,-400000.0625
38.84052228927612,-400000.0625,-400000.0625,-400000.0625,-400000.0625,-400000.0625,-400000.0625,-400000.0625,-400000.0625
38.901684045791626,-400000.0625,-400000.0625,-400000.0625,-400000.0625,-400000.0625,-400000.0625,-400000.0625,-400000.0625
38.97406363487244,-400000.0625,-400000.0625,-400000.0625,-400000.0625,-400000.0625,-400000.0625,-400000.0625,-400000.0625
39.026747703552246,-400000.0625,-400000.0625,-400000.0625,-400000.0625,-400000.0625,-400000.0625,-400000.0625,-400000.0625
39.15734362602234,-400000.0625,-400000.0625,-400000.0625,-400000.0625,-400000.0625,-400000.0625,-400000.0625,-400000.0625
39.25052809715271,-400000.0625,-400000.0625,-400000.0625,-400000.0625,-400000.0625,-400000.0625,-400000.0625,-400000.0625
39.2780921459198,-400000.0625,-400000.0625,-400000.0625,-400000.0625,-400000.0625,-400000.0625,-400000.0625,-400000.0625
39.34309959411621,-400000.0625,-400000.0625,-400000.0625,-400000.0625,-400000.0625,-400000.0625,-400000.0625,-400000.0625
39.423712730407715,-400000.0625,-400000.0625,-400000.0625,-400000.0625,-400000.0625,-400000.0625,-400000.0625,-400000.0625
39.53417158126831,-400000.0625,-400000.0625,-400000.0625,-400000.0625,-400000.0625,-400000.0625,-400000.0625,-400000.0625
39.79089879989624,-400000.0625,-400000.0625,-400000.0625,-400000.0625,-400000.0625,-400000.0625,-400000.0625,-400000.0625
39.92029285430908,-400000.0625,-400000.0625,-400000.0625,-400000.0625,-400000.0625,-400000.0625,-400000.0625,-400000.0625
39.99899482727051,-400000.0625,-400000.0625,-400000.0625,-400000.0625,-400000.0625,-400000.0625,-400000.0625,-400000.0625
40.17660665512085,-400000.0625,-400000.0625,-400000.0625,-400000.0625,-400000.0625,-400000.0625,-400000.0625,-400000.0625
40.305580139160156,-400000.0625,-400000.0625,-400000.0625,-400000.0625,-400000.0625,-400000.0625,-400000.0625,-400000.0625
40.36561036109924,-400000.0625,-400000.0625,-400000.0625,-400000.0625,-400000.0625,-400000.0625,-400000.0625,-400000.0625
40.43186974525452,-400000.0625,-400000.0625,-400000.0625,-400000.0625,-400000.0625,-400000.0625,-400000.0625,-400000.0625
40.49787974357605,-400000.0625,-400000.0625,-400000.0625,-400000.0625,-400000.0625,-400000.0625,-400000.0625,-400000.0625
40.566863775253296,-400000.0625,-400000.0625,-400000.0625,-400000.0625,-400000.0625,-400000.0625,-400000.0625,-400000.0625
40.62550759315491,-400000.0625,-400000.0625,-400000.0625,-400000.0625,-400000.0625,-400000.0625,-400000.0625,-400000.0625
40.72925519943237,-400000.0625,-400000.0625,-400000.0625,-400000.0625,-400000.0625,-400000.0625,-400000.0625,-400000.0625
40.739309310913086,-400000.0625,-400000.0625,-400000.0625,-400000.0625,-400000.0625,-400000.0625,-400000.0625,-400000.0625
40.74439454078674,-400000.0625,-400000.0625,-400000.0625,-400000.0625,-400000.0625,-400000.0625,-400000.0625,-400000.0625
40.74994254112244,-400000.0625,-400000.0625,-400000.0625,-400000.0625,-400000.0625,-400000.0625,-400000.0625,-400000.0625
40.75514888763428,-400000.0625,-400000.0625,-400000.0625,-400000.0625,-400000.0625,-400000.0625,-400000.0625,-400000.0625
40.761786460876465,-400000.0625,-400000.0625,-400000.0625,-400000.0625,-400000.0625,-400000.0625,-400000.0625,-400000.0625
40.766791582107544,-400000.0625,-400000.0625,-400000.0625,-400000.0625,-400000.0625,-400000.0625,-400000.0625,-400000.0625
40.77142572402954,-400000.0625,-400000.0625,-400000.0625,-400000.0625,-400000.0625,-400000.0625,-400000.0625,-400000.0625
40.771435022354126,-400000.0625,-400000.0625,-400000.0625,-400000.0625,-400000.0625,-400000.0625,-400000.0625,-400000.0625
40.77143979072571,-400000.0625,-400000.0625,-400000.0625,-400000.0625,-400000.0625,-400000.0625,-400000.0625,-400000.0625
40.77144408226013,-400000.0625,-400000.0625,-400000.0625,-400000.0625,-400000.0625,-400000.0625,-400000.0625,-400000.0625
40.77144813537598,-400000.0625,-400000.0625,-400000.0625,-400000.0625,-400000.0625,-400000.0625,-400000.0625,-400000.0625
40.77145195007324,-400000.0625,-400000.0625,-400000.0625,-400000.0625,-400000.0625,-400000.0625,-400000.0625,-400000.0625
40.77145600318909,-400000.0625,-400000.0625,-400000.0625,-400000.0625,-400000.0625,-400000.0625,-400000.0625,-400000.0625
40.77146029472351,-400000.0625,-400000.0625,-400000.0625,-400000.0625,-400000.0625,-400000.0625,-400000.0625,-400000.0625
40.771464109420776,-400000.0625,-400000.0625,-400000.0625,-400000.0625,-400000.0625,-400000.0625,-400000.0625,-400000.0625
40.78912138938904,-400000.0625,-400000.0625,-400000.0625,-400000.0625,-400000.0625,-400000.0625,-400000.0625,-400000.0625
40.795915842056274,-400000.0625,-400000.0625,-400000.0625,-400000.0625,-400000.0625,-400000.0625,-400000.0625,-400000.0625
40.800403356552124,-400000.0625,-400000.0625,-400000.0625,-400000.0625,-400000.0625,-400000.0625,-400000.0625,-400000.0625
40.80041170120239,-400000.0625,-400000.0625,-400000.0625,-400000.0625,-400000.0625,-400000.0625,-400000.0625,-400000.0625
40.800415992736816,-400000.0625,-400000.0625,-400000.0625,-400000.0625,-400000.0625,-400000.0625,-400000.0625,-400000.0625
40.80042004585266,-400000.0625,-400000.0625,-400000.0625,-400000.0625,-400000.0625,-400000.0625,-400000.0625,-400000.0625
40.80042362213135,-400000.0625,-400000.0625,-400000.0625,-400000.0625,-400000.0625,-400000.0625,-400000.0625,-400000.0625
40.800427198410034,-400000.0625,-400000.0625,-400000.0625,-400000.0625,-400000.0625,-400000.0625,-400000.0625,-400000.0625
40.80043077468872,-400000.0625,-400000.0625,-400000.0625,-400000.0625,-400000.0625,-400000.0625,-400000.0625,-400000.0625
40.80043435096741,-400000.0625,-400000.0625,-400000.0625,-400000.0625,-400000.0625,-400000.0625,-400000.0625,-400000.0625
40.800437927246094,-400000.0625,-400000.0625,-400000.0625,-400000.0625,-400000.0625,-400000.0625,-400000.0625,-400000.0625
40.80044150352478,-400000.0625,-400000.0625,-400000.0625,-400000.0625,-400000.0625,-400000.0625,-400000.0625,-400000.0625
40.80044484138489,-400000.0625,-400000.0625,-400000.0625,-400000.0625,-400000.0625,-400000.0625,-400000.0625,-400000.0625
40.800448417663574,-400000.0625,-400000.0625,-400000.0625,-400000.0625,-400000.0625,-400000.0625,-400000.0625,-400000.0625
40.80045175552368,-400000.0625,-400000.0625,-400000.0625,-400000.0625,-400000.0625,-400000.0625,-400000.0625,-400000.0625
40.80045533180237,-400000.0625,-400000.0625,-400000.0625,-400000.0625,-400000.0625,-400000.0625,-400000.0625,-400000.0625
40.82151556015015,-400000.0625,-400000.0625,-400000.0625,-400000.0625,-400000.0625,-400000.0625,-400000.0625,-400000.0625
40.827999114990234,-400000.0625,-400000.0625,-400000.0625,-400000.0625,-400000.0625,-400000.0625,-400000.0625,-400000.0625
40.832162618637085,-400000.0625,-400000.0625,-400000.0625,-400000.0625,-400000.0625,-400000.0625,-400000.0625,-400000.0625
40.836092948913574,-400000.0625,-400000.0625,-400000.0625,-400000.0625,-400000.0625,-400000.0625,-400000.0625,-400000.0625
40.840426206588745,-400000.0625,-400000.0625,-400000.0625,-400000.0625,-400000.0625,-400000.0625,-400000.0625,-400000.0625
40.840434312820435,-400000.0625,-400000.0625,-400000.0625,-400000.0625,-400000.0625,-400000.0625,-400000.0625,-400000.0625
40.84043884277344,-400000.0625,-400000.0625,-400000.0625,-400000.0625,-400000.0625,-400000.0625,-400000.0625,-400000.0625
40.84044289588928,-400000.0625,-400000.0625,-400000.0625,-400000.0625,-400000.0625,-400000.0625,-400000.0625,-400000.0625
40.84044647216797,-400000.0625,-400000.0625,-400000.0625,-400000.0625,-400000.0625,-400000.0625,-400000.0625,-400000.0625
40.84045052528381,-400000.0625,-400000.0625,-400000.0625,-400000.0625,-400000.0625,-400000.0625,-400000.0625,-400000.0625
40.8404541015625,-400000.0625,-400000.0625,-400000.0625,-400000.0625,-400000.0625,-400000.0625,-400000.0625,-400000.0625
40.840457916259766,-400000.0625,-400000.0625,-400000.0625,-400000.0625,-400000.0625,-400000.0625,-400000.0625,-400000.0625
40.84046125411987,-400000.0625,-400000.0625,-400000.0625,-400000.0625,-400000.0625,-400000.0625,-400000.0625,-400000.0625
40.84046483039856,-400000.0625,-400000.0625,-400000.0625,-400000.0625,-400000.0625,-400000.0625,-400000.0625,-400000.0625
40.840468406677246,-400000.0625,-400000.0625,-400000.0625,-400000.0625,-400000.0625,-400000.0625,-400000.0625,-400000.0625
40.84047198295593,-400000.0625,-400000.0625,-400000.0625,-400000.0625,-400000.0625,-400000.0625,-400000.0625,-400000.0625
40.88054609298706,-400000.0625,-400000.0625,-400000.0625,-400000.0625,-400000.0625,-400000.0625,-400000.0625,-400000.0625
40.88583254814148,-400000.0625,-400000.0625,-400000.0625,-400000.0625,-400000.0625,-400000.0625,-400000.0625,-400000.0625
40.89013361930847,-400000.0625,-400000.0625,-400000.0625,-400000.0625,-400000.0625,-400000.0625,-400000.0625,-400000.0625
40.89014530181885,-400000.0625,-400000.0625,-400000.0625,-400000.0625,-400000.0625,-400000.0625,-400000.0625,-400000.0625
40.89014983177185,-400000.0625,-400000.0625,-400000.0625,-400000.0625,-400000.0625,-400000.0625,-400000.0625,-400000.0625
40.890153646469116,-400000.0625,-400000.0625,-400000.0625,-400000.0625,-400000.0625,-400000.0625,-400000.0625,-400000.0625
40.89015769958496,-400000.0625,-400000.0625,-400000.0625,-400000.0625,-400000.0625,-400000.0625,-400000.0625,-400000.0625
40.89016127586365,-400000.0625,-400000.0625,-400000.0625,-400000.0625,-400000.0625,-400000.0625,-400000.0625,-400000.0625
40.890164852142334,-400000.0625,-400000.0625,-400000.0625,-400000.0625,-400000.0625,-400000.0625,-400000.0625,-400000.0625
40.89016819000244,-400000.0625,-400000.0625,-400000.0625,-400000.0625,-400000.0625,-400000.0625,-400000.0625,-400000.0625
40.890190839767456,-400000.0625,-400000.0625,-400000.0625,-400000.0625,-400000.0625,-400000.0625,-400000.0625,-400000.0625
40.8901948928833,-400000.0625,-400000.0625,-400000.0625,-400000.0625,-400000.0625,-400000.0625,-400000.0625,-400000.0625
40.89019846916199,-400000.0625,-400000.0625,-400000.0625,-400000.0625,-400000.0625,-400000.0625,-400000.0625,-400000.0625
40.890202045440674,-400000.0625,-400000.0625,-400000.0625,-400000.0625,-400000.0625,-400000.0625,-400000.0625,-400000.0625
40.89020562171936,-400000.0625,-400000.0625,-400000.0625,-400000.0625,-400000.0625,-400000.0625,-400000.0625,-400000.0625
40.89020919799805,-400000.0625,-400000.0625,-400000.0625,-400000.0625,-400000.0625,-400000.0625,-400000.0625,-400000.0625
40.94204020500183,-400000.0625,-400000.0625,-400000.0625,-400000.0625,-400000.0625,-400000.0625,-400000.0625,-400000.0625
40.95336413383484,-400000.0625,-400000.0625,-400000.0625,-400000.0625,-400000.0625,-400000.0625,-400000.0625,-400000.0625
40.9603796005249,-400000.0625,-400000.0625,-400000.0625,-400000.0625,-400000.0625,-400000.0625,-400000.0625,-400000.0625
40.96583008766174,-400000.0625,-400000.0625,-400000.0625,-400000.0625,-400000.0625,-400000.0625,-400000.0625,-400000.0625
40.97067737579346,-400000.0625,-400000.0625,-400000.0625,-400000.0625,-400000.0625,-400000.0625,-400000.0625,-400000.0625
40.97068548202515,-400000.0625,-400000.0625,-400000.0625,-400000.0625,-400000.0625,-400000.0625,-400000.0625,-400000.0625
40.97069001197815,-400000.0625,-400000.0625,-400000.0625,-400000.0625,-400000.0625,-400000.0625,-400000.0625,-400000.0625
40.970694065093994,-400000.0625,-400000.0625,-400000.0625,-400000.0625,-400000.0625,-400000.0625,-400000.0625,-400000.0625
40.97069764137268,-400000.0625,-400000.0625,-400000.0625,-400000.0625,-400000.0625,-400000.0625,-400000.0625,-400000.0625
40.970701456069946,-400000.0625,-400000.0625,-400000.0625,-400000.0625,-400000.0625,-400000.0625,-400000.0625,-400000.0625
40.97070527076721,-400000.0625,-400000.0625,-400000.0625,-400000.0625,-400000.0625,-400000.0625,-400000.0625,-400000.0625
40.9707088470459,-400000.0625,-400000.0625,-400000.0625,-400000.0625,-400000.0625,-400000.0625,-400000.0625,-400000.0625
40.970712423324585,-400000.0625,-400000.0625,-400000.0625,-400000.0625,-400000.0625,-400000.0625,-400000.0625,-400000.0625
40.97071623802185,-400000.0625,-400000.0625,-400000.0625,-400000.0625,-400000.0625,-400000.0625,-400000.0625,-400000.0625
40.97071981430054,-400000.0625,-400000.0625,-400000.0625,-400000.0625,-400000.0625,-400000.0625,-400000.0625,-400000.0625
40.9707236289978,-400000.0625,-400000.0625,-400000.0625,-400000.0625,-400000.0625,-400000.0625,-400000.0625,-400000.0625
41.016830921173096,-400000.0625,-400000.0625,-400000.0625,-400000.0625,-400000.0625,-400000.0625,-400000.0625,-400000.0625
41.021841287612915,-400000.0625,-400000.0625,-400000.0625,-400000.0625,-400000.0625,-400000.0625,-400000.0625,-400000.0625
41.02791786193848,-400000.0625,-400000.0625,-400000.0625,-400000.0625,-400000.0625,-400000.0625,-400000.0625,-400000.0625
41.03272080421448,-400000.0625,-400000.0625,-400000.0625,-400000.0625,-400000.0625,-400000.0625,-400000.0625,-400000.0625
41.032729148864746,-400000.0625,-400000.0625,-400000.0625,-400000.0625,-400000.0625,-400000.0625,-400000.0625,-400000.0625
41.03273344039917,-400000.0625,-400000.0625,-400000.0625,-400000.0625,-400000.0625,-400000.0625,-400000.0625,-400000.0625
41.032737493515015,-400000.0625,-400000.0625,-400000.0625,-400000.0625,-400000.0625,-400000.0625,-400000.0625,-400000.0625
41.03274154663086,-400000.0625,-400000.0625,-400000.0625,-400000.0625,-400000.0625,-400000.0625,-400000.0625,-400000.0625
41.032745122909546,-400000.0625,-400000.0625,-400000.0625,-400000.0625,-400000.0625,-400000.0625,-400000.0625,-400000.0625
41.03274893760681,-400000.0625,-400000.0625,-400000.0625,-400000.0625,-400000.0625,-400000.0625,-400000.0625,-400000.0625
41.03275227546692,-400000.0625,-400000.0625,-400000.0625,-400000.0625,-400000.0625,-400000.0625,-400000.0625,-400000.0625
41.032755851745605,-400000.0625,-400000.0625,-400000.0625,-400000.0625,-400000.0625,-400000.0625,-400000.0625,-400000.0625
41.03275942802429,-400000.0625,-400000.0625,-400000.0625,-400000.0625,-400000.0625,-400000.0625,-400000.0625,-400000.0625
41.03276300430298,-400000.0625,-400000.0625,-400000.0625,-400000.0625,-400000.0625,-400000.0625,-400000.0625,-400000.0625
41.032766580581665,-400000.0625,-400000.0625,-400000.0625,-400000.0625,-400000.0625,-400000.0625,-400000.0625,-400000.0625
41.03277039527893,-400000.0625,-400000.0625,-400000.0625,-400000.0625,-400000.0625,-400000.0625,-400000.0625,-400000.0625
41.10051345825195,-400000.0625,-400000.0625,-400000.0625,-400000.0625,-400000.0625,-400000.0625,-400000.0625,-400000.0625
41.110551834106445,-400000.0625,-400000.0625,-400000.0625,-400000.0625,-400000.0625,-400000.0625,-400000.0625,-400000.0625
41.11484217643738,-400000.0625,-400000.0625,-400000.0625,-400000.0625,-400000.0625,-400000.0625,-400000.0625,-400000.0625
41.114851236343384,-400000.0625,-400000.0625,-400000.0625,-400000.0625,-400000.0625,-400000.0625,-400000.0625,-400000.0625
41.11485552787781,-400000.0625,-400000.0625,-400000.0625,-400000.0625,-400000.0625,-400000.0625,-400000.0625,-400000.0625
41.114859104156494,-400000.0625,-400000.0625,-400000.0625,-400000.0625,-400000.0625,-400000.0625,-400000.0625,-400000.0625
41.11486291885376,-400000.0625,-400000.0625,-400000.0625,-400000.0625,-400000.0625,-400000.0625,-400000.0625,-400000.0625
41.11486625671387,-400000.0625,-400000.0625,-400000.0625,-400000.0625,-400000.0625,-400000.0625,-400000.0625,-400000.0625
41.114869832992554,-400000.0625,-400000.0625,-400000.0625,-400000.0625,-400000.0625,-400000.0625,-400000.0625,-400000.0625
41.11487340927124,-400000.0625,-400000.0625,-400000.0625,-400000.0625,-400000.0625,-400000.0625,-400000.0625,-400000.0625
41.114877223968506,-400000.0625,-400000.0625,-400000.0625,-400000.0625,-400000.0625,-400000.0625,-400000.0625,-400000.0625
41.11488103866577,-400000.0625,-400000.0625,-400000.0625,-400000.0625,-400000.0625,-400000.0625,-400000.0625,-400000.0625
41.11488437652588,-400000.0625,-400000.0625,-400000.0625,-400000.0625,-400000.0625,-400000.0625,-400000.0625,-400000.0625
41.114887952804565,-400000.0625,-400000.0625,-400000.0625,-400000.0625,-400000.0625,-400000.0625,-400000.0625,-400000.0625
41.11489224433899,-400000.0625,-400000.0625,-400000.0625,-400000.0625,-400000.0625,-400000.0625,-400000.0625,-400000.0625
41.114896059036255,-400000.0625,-400000.0625,-400000.0625,-400000.0625,-400000.0625,-400000.0625,-400000.0625,-400000.0625
41.14077663421631,-400000.0625,-400000.0625,-400000.0625,-400000.0625,-400000.0625,-400000.0625,-400000.0625,-400000.0625
41.20854663848877,-400000.0625,-400000.0625,-400000.0625,-400000.0625,-400000.0625,-400000.0625,-400000.0625,-400000.0625
41.27447867393494,-400000.0625,-400000.0625,-400000.0625,-400000.0625,-400000.0625,-400000.0625,-400000.0625,-400000.0625
41.32823657989502,-400000.0625,-400000.0625,-400000.0625,-400000.0625,-400000.0625,-400000.0625,-400000.0625,-400000.0625
41.46804404258728,-400000.0625,-400000.0625,-400000.0625,-400000.0625,-400000.0625,-400000.0625,-400000.0625,-400000.0625
41.52406358718872,-400000.0625,-400000.0625,-400000.0625,-400000.0625,-400000.0625,-400000.0625,-400000.0625,-400000.0625
41.64801812171936,-400000.0625,-400000.0625,-400000.0625,-400000.0625,-400000.0625,-400000.0625,-400000.0625,-400000.0625
41.71859860420227,-400000.0625,-400000.0625,-400000.0625,-400000.0625,-400000.0625,-400000.0625,-400000.0625,-400000.0625
41.775545597076416,-400000.0625,-400000.0625,-400000.0625,-400000.0625,-400000.0625,-400000.0625,-400000.0625,-400000.0625
41.90475535392761,-400000.0625,-400000.0625,-400000.0625,-400000.0625,-400000.0625,-400000.0625,-400000.0625,-400000.0625
41.97453212738037,-400000.0625,-400000.0625,-400000.0625,-400000.0625,-400000.0625,-400000.0625,-400000.0625,-400000.0625
42.03293967247009,-400000.0625,-400000.0625,-400000.0625,-400000.0625,-400000.0625,-400000.0625,-400000.0625,-400000.0625
42.09547996520996,-400000.0625,-400000.0625,-400000.0625,-400000.0625,-400000.0625,-400000.0625,-400000.0625,-400000.0625
42.19814896583557,-400000.0625,-400000.0625,-400000.0625,-400000.0625,-400000.0625,-400000.0625,-400000.0625,-400000.0625
42.22660040855408,-400000.0625,-400000.0625,-400000.0625,-400000.0625,-400000.0625,-400000.0625,-400000.0625,-400000.0625
42.37360429763794,-400000.0625,-400000.0625,-400000.0625,-400000.0625,-400000.0625,-400000.0625,-400000.0625,-400000.0625
42.41798973083496,-400000.0625,-400000.0625,-400000.0625,-400000.0625,-400000.0625,-400000.0625,-400000.0625,-400000.0625
42.47792911529541,-400000.0625,-400000.0625,-400000.0625,-400000.0625,-400000.0625,-400000.0625,-400000.0625,-400000.0625
42.568115234375,-400000.0625,-400000.0625,-400000.0625,-400000.0625,-400000.0625,-400000.0625,-400000.0625,-400000.0625
42.62035083770752,-400000.0625,-400000.0625,-400000.0625,-400000.0625,-400000.0625,-400000.0625,-400000.0625,-400000.0625
42.67044711112976,-400000.0625,-400000.0625,-400000.0625,-400000.0625,-400000.0625,-400000.0625,-400000.0625,-400000.0625
42.797847747802734,-400000.0625,-400000.0625,-400000.0625,-400000.0625,-400000.0625,-400000.0625,-400000.0625,-400000.0625
42.89006233215332,-400000.0625,-400000.0625,-400000.0625,-400000.0625,-400000.0625,-400000.0625,-400000.0625,-400000.0625
42.92914605140686,-400000.0625,-400000.0625,-400000.0625,-400000.0625,-400000.0625,-400000.0625,-400000.0625,-400000.0625
43.07473349571228,-400000.0625,-400000.0625,-400000.0625,-400000.0625,-400000.0625,-400000.0625,-400000.0625,-400000.0625
43.18299150466919,-400000.0625,-400000.0625,-400000.0625,-400000.0625,-400000.0625,-400000.0625,-400000.0625,-400000.0625
43.196415185928345,-400000.0625,-400000.0625,-400000.0625,-400000.0625,-400000.0625,-400000.0625,-400000.0625,-400000.0625
43.20115327835083,-400000.0625,-400000.0625,-400000.0625,-400000.0625,-400000.0625,-400000.0625,-400000.0625,-400000.0625
43.201162576675415,-400000.0625,-400000.0625,-400000.0625,-400000.0625,-400000.0625,-400000.0625,-400000.0625,-400000.0625
43.20116662979126,-400000.0625,-400000.0625,-400000.0625,-400000.0625,-400000.0625,-400000.0625,-400000.0625,-400000.0625
43.201170444488525,-400000.0625,-400000.0625,-400000.0625,-400000.0625,-400000.0625,-400000.0625,-400000.0625,-400000.0625
43.20117402076721,-400000.0625,-400000.0625,-400000.0625,-400000.0625,-400000.0625,-400000.0625,-400000.0625,-400000.0625
43.20117807388306,-400000.0625,-400000.0625,-400000.0625,-400000.0625,-400000.0625,-400000.0625,-400000.0625,-400000.0625
43.20118236541748,-400000.0625,-400000.0625,-400000.0625,-400000.0625,-400000.0625,-400000.0625,-400000.0625,-400000.0625
43.20118594169617,-400000.0625,-400000.0625,-400000.0625,-400000.0625,-400000.0625,-400000.0625,-400000.0625,-400000.0625
43.20118951797485,-400000.0625,-400000.0625,-400000.0625,-400000.0625,-400000.0625,-400000.0625,-400000.0625,-400000.0625
43.20119333267212,-400000.0625,-400000.0625,-400000.0625,-400000.0625,-400000.0625,-400000.0625,-400000.0625,-400000.0625
43.201197147369385,-400000.0625,-400000.0625,-400000.0625,-400000.0625,-400000.0625,-400000.0625,-400000.0625,-400000.0625
43.20120072364807,-400000.0625,-400000.0625,-400000.0625,-400000.0625,-400000.0625,-400000.0625,-400000.0625,-400000.0625
43.20120429992676,-400000.0625,-400000.0625,-400000.0625,-400000.0625,-400000.0625,-400000.0625,-400000.0625,-400000.0625
43.201207876205444,-400000.0625,-400000.0625,-400000.0625,-400000.0625,-400000.0625,-400000.0625,-400000.0625,-400000.0625
43.25053405761719,-400000.0625,-400000.0625,-400000.0625,-400000.0625,-400000.0625,-400000.0625,-400000.0625,-400000.0625
43.25625205039978,-400000.0625,-400000.0625,-400000.0625,-400000.0625,-400000.0625,-400000.0625,-400000.0625,-400000.0625
43.26193165779114,-400000.0625,-400000.0625,-400000.0625,-400000.0625,-400000.0625,-400000.0625,-400000.0625,-400000.0625
43.26609230041504,-400000.0625,-400000.0625,-400000.0625,-400000.0625,-400000.0625,-400000.0625,-400000.0625,-400000.0625
43.26610231399536,-400000.0625,-400000.0625,-400000.0625,-400000.0625,-400000.0625,-400000.0625,-400000.0625,-400000.0625
43.266106843948364,-400000.0625,-400000.0625,-400000.0625,-400000.0625,-400000.0625,-400000.0625,-400000.0625,-400000.0625
43.26611089706421,-400000.0625,-400000.0625,-400000.0625,-400000.0625,-400000.0625,-400000.0625,-400000.0625,-400000.0625
43.266114711761475,-400000.0625,-400000.0625,-400000.0625,-400000.0625,-400000.0625,-400000.0625,-400000.0625,-400000.0625
43.26611804962158,-400000.0625,-400000.0625,-400000.0625,-400000.0625,-400000.0625,-400000.0625,-400000.0625,-400000.0625
43.26612162590027,-400000.0625,-400000.0625,-400000.0625,-400000.0625,-400000.0625,-400000.0625,-400000.0625,-400000.0625
43.266125202178955,-400000.0625,-400000.0625,-400000.0625,-400000.0625,-400000.0625,-400000.0625,-400000.0625,-400000.0625
43.26612854003906,-400000.0625,-400000.0625,-400000.0625,-400000.0625,-400000.0625,-400000.0625,-400000.0625,-400000.0625
43.26613211631775,-400000.0625,-400000.0625,-400000.0625,-400000.0625,-400000.0625,-400000.0625,-400000.0625,-400000.0625
43.266135454177856,-400000.0625,-400000.0625,-400000.0625,-400000.0625,-400000.0625,-400000.0625,-400000.0625,-400000.0625
43.26613903045654,-400000.0625,-400000.0625,-400000.0625,-400000.0625,-400000.0625,-400000.0625,-400000.0625,-400000.0625
43.26614260673523,-400000.0625,-400000.0625,-400000.0625,-400000.0625,-400000.0625,-400000.0625,-400000.0625,-400000.0625
43.32807779312134,-400000.0625,-400000.0625,-400000.0625,-400000.0625,-400000.0625,-400000.0625,-400000.0625,-400000.0625
43.33734941482544,-400000.0625,-400000.0625,-400000.0625,-400000.0625,-400000.0625,-400000.0625,-400000.0625,-400000.0625
43.3439564704895,-400000.0625,-400000.0625,-400000.0625,-400000.0625,-400000.0625,-400000.0625,-400000.0625,-400000.0625
43.34930896759033,-400000.0625,-400000.0625,-400000.0625,-400000.0625,-400000.0625,-400000.0625,-400000.0625,-400000.0625
43.35396194458008,-400000.0625,-400000.0625,-400000.0625,-400000.0625,-400000.0625,-400000.0625,-400000.0625,-400000.0625
43.353970766067505,-400000.0625,-400000.0625,-400000.0625,-400000.0625,-400000.0625,-400000.0625,-400000.0625,-400000.0625
43.35397529602051,-400000.0625,-400000.0625,-400000.0625,-400000.0625,-400000.0625,-400000.0625,-400000.0625,-400000.0625
43.35397934913635,-400000.0625,-400000.0625,-400000.0625,-400000.0625,-400000.0625,-400000.0625,-400000.0625,-400000.0625
43.35398316383362,-400000.0625,-400000.0625,-400000.0625,-400000.0625,-400000.0625,-400000.0625,-400000.0625,-400000.0625
43.35398721694946,-400000.0625,-400000.0625,-400000.0625,-400000.0625,-400000.0625,-400000.0625,-400000.0625,-400000.0625
43.35399103164673,-400000.0625,-400000.0625,-400000.0625,-400000.0625,-400000.0625,-400000.0625,-400000.0625,-400000.0625
43.35399532318115,-400000.0625,-400000.0625,-400000.0625,-400000.0625,-400000.0625,-400000.0625,-400000.0625,-400000.0625
43.35399913787842,-400000.0625,-400000.0625,-400000.0625,-400000.0625,-400000.0625,-400000.0625,-400000.0625,-400000.0625
43.354002952575684,-400000.0625,-400000.0625,-400000.0625,-400000.0625,-400000.0625,-400000.0625,-400000.0625,-400000.0625
43.35400652885437,-400000.0625,-400000.0625,-400000.0625,-400000.0625,-400000.0625,-400000.0625,-400000.0625,-400000.0625
43.354010581970215,-400000.0625,-400000.0625,-400000.0625,-400000.0625,-400000.0625,-400000.0625,-400000.0625,-400000.0625
43.38427734375,-400000.0625,-400000.0625,-400000.0625,-400000.0625,-400000.0625,-400000.0625,-400000.0625,-400000.0625
43.39003920555115,-400000.0625,-400000.0625,-400000.0625,-400000.0625,-400000.0625,-400000.0625,-400000.0625,-400000.0625
43.39529609680176,-400000.0625,-400000.0625,-400000.0625,-400000.0625,-400000.0625,-400000.0625,-400000.0625,-400000.0625
43.401880979537964,-400000.0625,-400000.0625,-400000.0625,-400000.0625,-400000.0625,-400000.0625,-400000.0625,-400000.0625
43.40599584579468,-400000.0625,-400000.0625,-400000.0625,-400000.0625,-400000.0625,-400000.0625,-400000.0625,-400000.0625
43.40600275993347,-400000.0625,-400000.0625,-400000.0625,-400000.0625,-400000.0625,-400000.0625,-400000.0625,-400000.0625
43.406006813049316,-400000.0625,-400000.0625,-400000.0625,-400000.0625,-400000.0625,-400000.0625,-400000.0625,-400000.0625
43.40601134300232,-400000.0625,-400000.0625,-400000.0625,-400000.0625,-400000.0625,-400000.0625,-400000.0625,-400000.0625
43.406014919281006,-400000.0625,-400000.0625,-400000.0625,-400000.0625,-400000.0625,-400000.0625,-400000.0625,-400000.0625
43.40601849555969,-400000.0625,-400000.0625,-400000.0625,-400000.0625,-400000.0625,-400000.0625,-400000.0625,-400000.0625
43.40602231025696,-400000.0625,-400000.0625,-400000.0625,-400000.0625,-400000.0625,-400000.0625,-400000.0625,-400000.0625
43.406025886535645,-400000.0625,-400000.0625,-400000.0625,-400000.0625,-400000.0625,-400000.0625,-400000.0625,-400000.0625
43.40602946281433,-400000.0625,-400000.0625,-400000.0625,-400000.0625,-400000.0625,-400000.0625,-400000.0625,-400000.0625
43.40603303909302,-400000.0625,-400000.0625,-400000.0625,-400000.0625,-400000.0625,-400000.0625,-400000.0625,-400000.0625
43.406036615371704,-400000.0625,-400000.0625,-400000.0625,-400000.0625,-400000.0625,-400000.0625,-400000.0625,-400000.0625
43.40604066848755,-400000.0625,-400000.0625,-400000.0625,-400000.0625,-400000.0625,-400000.0625,-400000.0625,-400000.0625
43.4378547668457,-400000.0625,-400000.0625,-400000.0625,-400000.0625,-400000.0625,-400000.0625,-400000.0625,-400000.0625
43.4482798576355,-400000.0625,-400000.0625,-400000.0625,-400000.0625,-400000.0625,-400000.0625,-400000.0625,-400000.0625
43.45274019241333,-400000.0625,-400000.0625,-400000.0625,-400000.0625,-400000.0625,-400000.0625,-400000.0625,-400000.0625
43.452749490737915,-400000.0625,-400000.0625,-400000.0625,-400000.0625,-400000.0625,-400000.0625,-400000.0625,-400000.0625
43.45275402069092,-400000.0625,-400000.0625,-400000.0625,-400000.0625,-400000.0625,-400000.0625,-400000.0625,-400000.0625
43.45275807380676,-400000.0625,-400000.0625,-400000.0625,-400000.0625,-400000.0625,-400000.0625,-400000.0625,-400000.0625
43.45276165008545,-400000.0625,-400000.0625,-400000.0625,-400000.0625,-400000.0625,-400000.0625,-400000.0625,-400000.0625
43.45276761054993,-400000.0625,-400000.0625,-400000.0625,-400000.0625,-400000.0625,-400000.0625,-400000.0625,-400000.0625
43.45277166366577,-400000.0625,-400000.0625,-400000.0625,-400000.0625,-400000.0625,-400000.0625,-400000.0625,-400000.0625
43.45277523994446,-400000.0625,-400000.0625,-400000.0625,-400000.0625,-400000.0625,-400000.0625,-400000.0625,-400000.0625
43.452778816223145,-400000.0625,-400000.0625,-400000.0625,-400000.0625,-400000.0625,-400000.0625,-400000.0625,-400000.0625
43.45278263092041,-400000.0625,-400000.0625,-400000.0625,-400000.0625,-400000.0625,-400000.0625,-400000.0625,-400000.0625
43.4527862071991,-400000.0625,-400000.0625,-400000.0625,-400000.0625,-400000.0625,-400000.0625,-400000.0625,-400000.0625
43.452789545059204,-400000.0625,-400000.0625,-400000.0625,-400000.0625,-400000.0625,-400000.0625,-400000.0625,-400000.0625
43.45279335975647,-400000.0625,-400000.0625,-400000.0625,-400000.0625,-400000.0625,-400000.0625,-400000.0625,-400000.0625
43.452796936035156,-400000.0625,-400000.0625,-400000.0625,-400000.0625,-400000.0625,-400000.0625,-400000.0625,-400000.0625
43.5080361366272,-400000.0625,-400000.0625,-400000.0625,-400000.0625,-400000.0625,-400000.0625,-400000.0625,-400000.0625
43.51334619522095,-400000.0625,-400000.0625,-400000.0625,-400000.0625,-400000.0625,-400000.0625,-400000.0625,-400000.0625
43.51787757873535,-400000.0625,-400000.0625,-400000.0625,-400000.0625,-400000.0625,-400000.0625,-400000.0625,-400000.0625
43.51788806915283,-400000.0625,-400000.0625,-400000.0625,-400000.0625,-400000.0625,-400000.0625,-400000.0625,-400000.0625
43.51789307594299,-400000.0625,-400000.0625,-400000.0625,-400000.0625,-400000.0625,-400000.0625,-400000.0625,-400000.0625
43.51789736747742,-400000.0625,-400000.0625,-400000.0625,-400000.0625,-400000.0625,-400000.0625,-400000.0625,-400000.0625
43.51790142059326,-400000.0625,-400000.0625,-400000.0625,-400000.0625,-400000.0625,-400000.0625,-400000.0625,-400000.0625
43.517905712127686,-400000.0625,-400000.0625,-400000.0625,-400000.0625,-400000.0625,-400000.0625,-400000.0625,-400000.0625
43.51790952682495,-400000.0625,-400000.0625,-400000.0625,-400000.0625,-400000.0625,-400000.0625,-400000.0625,-400000.0625
43.517914056777954,-400000.0625,-400000.0625,-400000.0625,-400000.0625,-400000.0625,-400000.0625,-400000.0625,-400000.0625
43.51791787147522,-400000.0625,-400000.0625,-400000.0625,-400000.0625,-400000.0625,-400000.0625,-400000.0625,-400000.0625
43.517921924591064,-400000.0625,-400000.0625,-400000.0625,-400000.0625,-400000.0625,-400000.0625,-400000.0625,-400000.0625
43.51792573928833,-400000.0625,-400000.0625,-400000.0625,-400000.0625,-400000.0625,-400000.0625,-400000.0625,-400000.0625
43.517930030822754,-400000.0625,-400000.0625,-400000.0625,-400000.0625,-400000.0625,-400000.0625,-400000.0625,-400000.0625
43.51793384552002,-400000.0625,-400000.0625,-400000.0625,-400000.0625,-400000.0625,-400000.0625,-400000.0625,-400000.0625
43.51793813705444,-400000.0625,-400000.0625,-400000.0625,-400000.0625,-400000.0625,-400000.0625,-400000.0625,-400000.0625
43.574053049087524,-400000.0625,-400000.0625,-400000.0625,-400000.0625,-400000.0625,-400000.0625,-400000.0625,-400000.0625
43.58420252799988,-400000.0625,-400000.0625,-400000.0625,-400000.0625,-400000.0625,-400000.0625,-400000.0625,-400000.0625
43.589420795440674,-400000.0625,-400000.0625,-400000.0625,-400000.0625,-400000.0625,-400000.0625,-400000.0625,-400000.0625
43.595402240753174,-400000.0625,-400000.0625,-400000.0625,-400000.0625,-400000.0625,-400000.0625,-400000.0625,-400000.0625
43.60199189186096,-400000.0625,-400000.0625,-400000.0625,-400000.0625,-400000.0625,-400000.0625,-400000.0625,-400000.0625
43.60701084136963,-400000.0625,-400000.0625,-400000.0625,-400000.0625,-400000.0625,-400000.0625,-400000.0625,-400000.0625
43.612101316452026,-400000.0625,-400000.0625,-400000.0625,-400000.0625,-400000.0625,-400000.0625,-400000.0625,-400000.0625
43.61677837371826,-400000.0625,-400000.0625,-400000.0625,-400000.0625,-400000.0625,-400000.0625,-400000.0625,-400000.0625
43.61678695678711,-400000.0625,-400000.0625,-400000.0625,-400000.0625,-400000.0625,-400000.0625,-400000.0625,-400000.0625
43.61679196357727,-400000.0625,-400000.0625,-400000.0625,-400000.0625,-400000.0625,-400000.0625,-400000.0625,-400000.0625
43.616796016693115,-400000.0625,-400000.0625,-400000.0625,-400000.0625,-400000.0625,-400000.0625,-400000.0625,-400000.0625
43.61680006980896,-400000.0625,-400000.0625,-400000.0625,-400000.0625,-400000.0625,-400000.0625,-400000.0625,-400000.0625
43.616803884506226,-400000.0625,-400000.0625,-400000.0625,-400000.0625,-400000.0625,-400000.0625,-400000.0625,-400000.0625
43.61680769920349,-400000.0625,-400000.0625,-400000.0625,-400000.0625,-400000.0625,-400000.0625,-400000.0625,-400000.0625
43.61681127548218,-400000.0625,-400000.0625,-400000.0625,-400000.0625,-400000.0625,-400000.0625,-400000.0625,-400000.0625
43.61681532859802,-400000.0625,-400000.0625,-400000.0625,-400000.0625,-400000.0625,-400000.0625,-400000.0625,-400000.0625
43.699265480041504,-400000.0625,-400000.0625,-400000.0625,-400000.0625,-400000.0625,-400000.0625,-400000.0625,-400000.0625
43.776978969573975,-400000.0625,-400000.0625,-400000.0625,-400000.0625,-400000.0625,-400000.0625,-400000.0625,-400000.0625
43.828108072280884,-400000.0625,-400000.0625,-400000.0625,-400000.0625,-400000.0625,-400000.0625,-400000.0625,-400000.0625
43.951801776885986,-400000.0625,-400000.0625,-400000.0625,-400000.0625,-400000.0625,-400000.0625,-400000.0625,-400000.0625
44.03687071800232,-400000.0625,-400000.0625,-400000.0625,-400000.0625,-400000.0625,-400000.0625,-400000.0625,-400000.0625
44.147759437561035,-400000.0625,-400000.0625,-400000.0625,-400000.0625,-400000.0625,-400000.0625,-400000.0625,-400000.0625
44.20556926727295,-400000.0625,-400000.0625,-400000.0625,-400000.0625,-400000.0625,-400000.0625,-400000.0625,-400000.0625
44.27389454841614,-400000.0625,-400000.0625,-400000.0625,-400000.0625,-400000.0625,-400000.0625,-400000.0625,-400000.0625
44.419753074645996,-400000.0625,-400000.0625,-400000.0625,-400000.0625,-400000.0625,-400000.0625,-400000.0625,-400000.0625
44.47381806373596,-400000.0625,-400000.0625,-400000.0625,-400000.0625,-400000.0625,-400000.0625,-400000.0625,-400000.0625
44.75836443901062,-400000.0625,-400000.0625,-400000.0625,-400000.0625,-400000.0625,-400000.0625,-400000.0625,-400000.0625
44.78667140007019,-400000.0625,-400000.0625,-400000.0625,-400000.0625,-400000.0625,-400000.0625,-400000.0625,-400000.0625
45.03794860839844,-400000.0625,-400000.0625,-400000.0625,-400000.0625,-400000.0625,-400000.0625,-400000.0625,-400000.0625
45.14441752433777,-400000.0625,-400000.0625,-400000.0625,-400000.0625,-400000.0625,-400000.0625,-400000.0625,-400000.0625
45.16580057144165,-400000.0625,-400000.0625,-400000.0625,-400000.0625,-400000.0625,-400000.0625,-400000.0625,-400000.0625
45.23675465583801,-400000.0625,-400000.0625,-400000.0625,-400000.0625,-400000.0625,-400000.0625,-400000.0625,-400000.0625
45.2955265045166,-400000.0625,-400000.0625,-400000.0625,-400000.0625,-400000.0625,-400000.0625,-400000.0625,-400000.0625
45.37059950828552,-400000.0625,-400000.0625,-400000.0625,-400000.0625,-400000.0625,-400000.0625,-400000.0625,-400000.0625
45.42289710044861,-400000.0625,-400000.0625,-400000.0625,-400000.0625,-400000.0625,-400000.0625,-400000.0625,-400000.0625
45.569815158843994,-400000.0625,-400000.0625,-400000.0625,-400000.0625,-400000.0625,-400000.0625,-400000.0625,-400000.0625
45.67936658859253,-400000.0625,-400000.0625,-400000.0625,-400000.0625,-400000.0625,-400000.0625,-400000.0625,-400000.0625
45.68987011909485,-400000.0625,-400000.0625,-400000.0625,-400000.0625,-400000.0625,-400000.0625,-400000.0625,-400000.0625
45.695805311203,-400000.0625,-400000.0625,-400000.0625,-400000.0625,-400000.0625,-400000.0625,-400000.0625,-400000.0625
45.70131015777588,-400000.0625,-400000.0625,-400000.0625,-400000.0625,-400000.0625,-400000.0625,-400000.0625,-400000.0625
45.7063205242157,-400000.0625,-400000.0625,-400000.0625,-400000.0625,-400000.0625,-400000.0625,-400000.0625,-400000.0625
45.7120475769043,-400000.0625,-400000.0625,-400000.0625,-400000.0625,-400000.0625,-400000.0625,-400000.0625,-400000.0625
45.71656060218811,-400000.0625,-400000.0625,-400000.0625,-400000.0625,-400000.0625,-400000.0625,-400000.0625,-400000.0625
45.71656942367554,-400000.0625,-400000.0625,-400000.0625,-400000.0625,-400000.0625,-400000.0625,-400000.0625,-400000.0625
45.71657347679138,-400000.0625,-400000.0625,-400000.0625,-400000.0625,-400000.0625,-400000.0625,-400000.0625,-400000.0625
45.71657729148865,-400000.0625,-400000.0625,-400000.0625,-400000.0625,-400000.0625,-400000.0625,-400000.0625,-400000.0625
45.71658134460449,-400000.0625,-400000.0625,-400000.0625,-400000.0625,-400000.0625,-400000.0625,-400000.0625,-400000.0625
45.71658492088318,-400000.0625,-400000.0625,-400000.0625,-400000.0625,-400000.0625,-400000.0625,-400000.0625,-400000.0625
45.716588497161865,-400000.0625,-400000.0625,-400000.0625,-400000.0625,-400000.0625,-400000.0625,-400000.0625,-400000.0625
45.71659207344055,-400000.0625,-400000.0625,-400000.0625,-400000.0625,-400000.0625,-400000.0625,-400000.0625,-400000.0625
45.71659541130066,-400000.0625,-400000.0625,-400000.0625,-400000.0625,-400000.0625,-400000.0625,-400000.0625,-400000.0625
45.716598987579346,-400000.0625,-400000.0625,-400000.0625,-400000.0625,-400000.0625,-400000.0625,-400000.0625,-400000.0625
45.74610137939453,-400000.0625,-400000.0625,-400000.0625,-400000.0625,-400000.0625,-400000.0625,-400000.0625,-400000.0625
45.751070499420166,-400000.0625,-400000.0625,-400000.0625,-400000.0625,-400000.0625,-400000.0625,-400000.0625,-400000.0625
45.75107955932617,-400000.0625,-400000.0625,-400000.0625,-400000.0625,-400000.0625,-400000.0625,-400000.0625,-400000.0625
45.75108361244202,-400000.0625,-400000.0625,-400000.0625,-400000.0625,-400000.0625,-400000.0625,-400000.0625,-400000.0625
45.75108766555786,-400000.0625,-400000.0625,-400000.0625,-400000.0625,-400000.0625,-400000.0625,-400000.0625,-400000.0625
45.75109148025513,-400000.0625,-400000.0625,-400000.0625,-400000.0625,-400000.0625,-400000.0625,-400000.0625,-400000.0625
45.75109505653381,-400000.0625,-400000.0625,-400000.0625,-400000.0625,-400000.0625,-400000.0625,-400000.0625,-400000.0625
45.75109887123108,-400000.0625,-400000.0625,-400000.0625,-400000.0625,-400000.0625,-400000.0625,-400000.0625,-400000.0625
45.751102924346924,-400000.0625,-400000.0625,-400000.0625,-400000.0625,-400000.0625,-400000.0625,-400000.0625,-400000.0625
45.75110650062561,-400000.0625,-400000.0625,-400000.0625,-400000.0625,-400000.0625,-400000.0625,-400000.0625,-400000.0625
45.75110983848572,-400000.0625,-400000.0625,-400000.0625,-400000.0625,-400000.0625,-400000.0625,-400000.0625,-400000.0625
45.75111389160156,-400000.0625,-400000.0625,-400000.0625,-400000.0625,-400000.0625,-400000.0625,-400000.0625,-400000.0625
45.756017446517944,-400000.0625,-400000.0625,-400000.0625,-400000.0625,-400000.0625,-400000.0625,-400000.0625,-400000.0625
45.75602650642395,-400000.0625,-400000.0625,-400000.0625,-400000.0625,-400000.0625,-400000.0625,-400000.0625,-400000.0625
45.756030797958374,-400000.0625,-400000.0625,-400000.0625,-400000.0625,-400000.0625,-400000.0625,-400000.0625,-400000.0625
45.7560350894928,-400000.0625,-400000.0625,-400000.0625,-400000.0625,-400000.0625,-400000.0625,-400000.0625,-400000.0625
45.82459378242493,-400000.0625,-400000.0625,-400000.0625,-400000.0625,-400000.0625,-400000.0625,-400000.0625,-400000.0625
45.834510803222656,-400000.0625,-400000.0625,-400000.0625,-400000.0625,-400000.0625,-400000.0625,-400000.0625,-400000.0625
45.84009885787964,-400000.0625,-400000.0625,-400000.0625,-400000.0625,-400000.0625,-400000.0625,-400000.0625,-400000.0625
45.84662127494812,-400000.0625,-400000.0625,-400000.0625,-400000.0625,-400000.0625,-400000.0625,-400000.0625,-400000.0625
45.85173034667969,-400000.0625,-400000.0625,-400000.0625,-400000.0625,-400000.0625,-400000.0625,-400000.0625,-400000.0625
45.856353998184204,-400000.0625,-400000.0625,-400000.0625,-400000.0625,-400000.0625,-400000.0625,-400000.0625,-400000.0625
45.85636258125305,-400000.0625,-400000.0625,-400000.0625,-400000.0625,-400000.0625,-400000.0625,-400000.0625,-400000.0625
45.856367111206055,-400000.0625,-400000.0625,-400000.0625,-400000.0625,-400000.0625,-400000.0625,-400000.0625,-400000.0625
45.85637140274048,-400000.0625,-400000.0625,-400000.0625,-400000.0625,-400000.0625,-400000.0625,-400000.0625,-400000.0625
45.85637545585632,-400000.0625,-400000.0625,-400000.0625,-400000.0625,-400000.0625,-400000.0625,-400000.0625,-400000.0625
45.85637950897217,-400000.0625,-400000.0625,-400000.0625,-400000.0625,-400000.0625,-400000.0625,-400000.0625,-400000.0625
45.856383323669434,-400000.0625,-400000.0625,-400000.0625,-400000.0625,-400000.0625,-400000.0625,-400000.0625,-400000.0625
45.8563871383667,-400000.0625,-400000.0625,-400000.0625,-400000.0625,-400000.0625,-400000.0625,-400000.0625,-400000.0625
45.856390953063965,-400000.0625,-400000.0625,-400000.0625,-400000.0625,-400000.0625,-400000.0625,-400000.0625,-400000.0625
45.85639476776123,-400000.0625,-400000.0625,-400000.0625,-400000.0625,-400000.0625,-400000.0625,-400000.0625,-400000.0625
45.856398582458496,-400000.0625,-400000.0625,-400000.0625,-400000.0625,-400000.0625,-400000.0625,-400000.0625,-400000.0625
45.897828102111816,-400000.0625,-400000.0625,-400000.0625,-400000.0625,-400000.0625,-400000.0625,-400000.0625,-400000.0625
45.902910470962524,-400000.0625,-400000.0625,-400000.0625,-400000.0625,-400000.0625,-400000.0625,-400000.0625,-400000.0625
45.90999102592468,-400000.0625,-400000.0625,-400000.0625,-400000.0625,-400000.0625,-400000.0625,-400000.0625,-400000.0625
45.915520668029785,-400000.0625,-400000.0625,-400000.0625,-400000.0625,-400000.0625,-400000.0625,-400000.0625,-400000.0625
45.920249462127686,-400000.0625,-400000.0625,-400000.0625,-400000.0625,-400000.0625,-400000.0625,-400000.0625,-400000.0625
45.92025899887085,-400000.0625,-400000.0625,-400000.0625,-400000.0625,-400000.0625,-400000.0625,-400000.0625,-400000.0625
45.920263051986694,-400000.0625,-400000.0625,-400000.0625,-400000.0625,-400000.0625,-400000.0625,-400000.0625,-400000.0625
45.92026710510254,-400000.0625,-400000.0625,-400000.0625,-400000.0625,-400000.0625,-400000.0625,-400000.0625,-400000.0625
45.920270681381226,-400000.0625,-400000.0625,-400000.0625,-400000.0625,-400000.0625,-400000.0625,-400000.0625,-400000.0625
45.92027425765991,-400000.0625,-400000.0625,-400000.0625,-400000.0625,-400000.0625,-400000.0625,-400000.0625,-400000.0625
45.92027807235718,-400000.0625,-400000.0625,-400000.0625,-400000.0625,-400000.0625,-400000.0625,-400000.0625,-400000.0625
45.92028188705444,-400000.0625,-400000.0625,-400000.0625,-400000.0625,-400000.0625,-400000.0625,-400000.0625,-400000.0625
45.92028546333313,-400000.0625,-400000.0625,-400000.0625,-400000.0625,-400000.0625,-400000.0625,-400000.0625,-400000.0625
45.920289039611816,-400000.0625,-400000.0625,-400000.0625,-400000.0625,-400000.0625,-400000.0625,-400000.0625,-400000.0625
45.9202926158905,-400000.0625,-400000.0625,-400000.0625,-400000.0625,-400000.0625,-400000.0625,-400000.0625,-400000.0625
45.92029690742493,-400000.0625,-400000.0625,-400000.0625,-400000.0625,-400000.0625,-400000.0625,-400000.0625,-400000.0625
45.94058156013489,-400000.0625,-400000.0625,-400000.0625,-400000.0625,-400000.0625,-400000.0625,-400000.0625,-400000.0625
45.94965672492981,-400000.0625,-400000.0625,-400000.0625,-400000.0625,-400000.0625,-400000.0625,-400000.0625,-400000.0625
45.954278230667114,-400000.0625,-400000.0625,-400000.0625,-400000.0625,-400000.0625,-400000.0625,-400000.0625,-400000.0625
45.9542875289917,-400000.0625,-400000.0625,-400000.0625,-400000.0625,-400000.0625,-400000.0625,-400000.0625,-400000.0625
45.95429253578186,-400000.0625,-400000.0625,-400000.0625,-400000.0625,-400000.0625,-400000.0625,-400000.0625,-400000.0625
45.9542977809906,-400000.0625,-400000.0625,-400000.0625,-400000.0625,-400000.0625,-400000.0625,-400000.0625,-400000.0625
45.954301595687866,-400000.0625,-400000.0625,-400000.0625,-400000.0625,-400000.0625,-400000.0625,-400000.0625,-400000.0625
45.95430541038513,-400000.0625,-400000.0625,-400000.0625,-400000.0625,-400000.0625,-400000.0625,-400000.0625,-400000.0625
45.95430898666382,-400000.0625,-400000.0625,-400000.0625,-400000.0625,-400000.0625,-400000.0625,-400000.0625,-400000.0625
45.954312562942505,-400000.0625,-400000.0625,-400000.0625,-400000.0625,-400000.0625,-400000.0625,-400000.0625,-400000.0625
45.95431590080261,-400000.0625,-400000.0625,-400000.0625,-400000.0625,-400000.0625,-400000.0625,-400000.0625,-400000.0625
45.95431995391846,-400000.0625,-400000.0625,-400000.0625,-400000.0625,-400000.0625,-400000.0625,-400000.0625,-400000.0625
45.954323291778564,-400000.0625,-400000.0625,-400000.0625,-400000.0625,-400000.0625,-400000.0625,-400000.0625,-400000.0625
45.95432686805725,-400000.0625,-400000.0625,-400000.0625,-400000.0625,-400000.0625,-400000.0625,-400000.0625,-400000.0625
45.954331159591675,-400000.0625,-400000.0625,-400000.0625,-400000.0625,-400000.0625,-400000.0625,-400000.0625,-400000.0625
45.95433497428894,-400000.0625,-400000.0625,-400000.0625,-400000.0625,-400000.0625,-400000.0625,-400000.0625,-400000.0625
46.000444412231445,-400000.0625,-400000.0625,-400000.0625,-400000.0625,-400000.0625,-400000.0625,-400000.0625,-400000.0625
46.00524687767029,-400000.0625,-400000.0625,-400000.0625,-400000.0625,-400000.0625,-400000.0625,-400000.0625,-400000.0625
46.005255699157715,-400000.0625,-400000.0625,-400000.0625,-400000.0625,-400000.0625,-400000.0625,-400000.0625,-400000.0625
46.0052604675293,-400000.0625,-400000.0625,-400000.0625,-400000.0625,-400000.0625,-400000.0625,-400000.0625,-400000.0625
46.00526404380798,-400000.0625,-400000.0625,-400000.0625,-400000.0625,-400000.0625,-400000.0625,-400000.0625,-400000.0625
46.00526833534241,-400000.0625,-400000.0625,-400000.0625,-400000.0625,-400000.0625,-400000.0625,-400000.0625,-400000.0625
46.005271911621094,-400000.0625,-400000.0625,-400000.0625,-400000.0625,-400000.0625,-400000.0625,-400000.0625,-400000.0625
46.00527548789978,-400000.0625,-400000.0625,-400000.0625,-400000.0625,-400000.0625,-400000.0625,-400000.0625,-400000.0625
46.00527906417847,-400000.0625,-400000.0625,-400000.0625,-400000.0625,-400000.0625,-400000.0625,-400000.0625,-400000.0625
46.00528264045715,-400000.0625,-400000.0625,-400000.0625,-400000.0625,-400000.0625,-400000.0625,-400000.0625,-400000.0625
46.00528621673584,-400000.0625,-400000.0625,-400000.0625,-400000.0625,-400000.0625,-400000.0625,-400000.0625,-400000.0625
46.00528955459595,-400000.0625,-400000.0625,-400000.0625,-400000.0625,-400000.0625,-400000.0625,-400000.0625,-400000.0625
46.00529336929321,-400000.0625,-400000.0625,-400000.0625,-400000.0625,-400000.0625,-400000.0625,-400000.0625,-400000.0625
46.00529718399048,-400000.0625,-400000.0625,-400000.0625,-400000.0625,-400000.0625,-400000.0625,-400000.0625,-400000.0625
46.005300998687744,-400000.0625,-400000.0625,-400000.0625,-400000.0625,-400000.0625,-400000.0625,-400000.0625,-400000.0625
46.00530457496643,-400000.0625,-400000.0625,-400000.0625,-400000.0625,-400000.0625,-400000.0625,-400000.0625,-400000.0625
46.06524610519409,-400000.0625,-400000.0625,-400000.0625,-400000.0625,-400000.0625,-400000.0625,-400000.0625,-400000.0625
46.07415556907654,-400000.0625,-400000.0625,-400000.0625,-400000.0625,-400000.0625,-400000.0625,-400000.0625,-400000.0625
46.080029010772705,-400000.0625,-400000.0625,-400000.0625,-400000.0625,-400000.0625,-400000.0625,-400000.0625,-400000.0625
46.084935903549194,-400000.0625,-400000.0625,-400000.0625,-400000.0625,-400000.0625,-400000.0625,-400000.0625,-400000.0625
46.08494544029236,-400000.0625,-400000.0625,-400000.0625,-400000.0625,-400000.0625,-400000.0625,-400000.0625,-400000.0625
46.08494997024536,-400000.0625,-400000.0625,-400000.0625,-400000.0625,-400000.0625,-400000.0625,-400000.0625,-400000.0625
46.08495378494263,-400000.0625,-400000.0625,-400000.0625,-400000.0625,-400000.0625,-400000.0625,-400000.0625,-400000.0625
46.08495736122131,-400000.0625,-400000.0625,-400000.0625,-400000.0625,-400000.0625,-400000.0625,-400000.0625,-400000.0625
46.08496117591858,-400000.0625,-400000.0625,-400000.0625,-400000.0625,-400000.0625,-400000.0625,-400000.0625,-400000.0625
46.08496451377869,-400000.0625,-400000.0625,-400000.0625,-400000.0625,-400000.0625,-400000.0625,-400000.0625,-400000.0625
46.08496832847595,-400000.0625,-400000.0625,-400000.0625,-400000.0625,-400000.0625,-400000.0625,-400000.0625,-400000.0625
46.08497190475464,-400000.0625,-400000.0625,-400000.0625,-400000.0625,-400000.0625,-400000.0625,-400000.0625,-400000.0625
46.084975719451904,-400000.0625,-400000.0625,-400000.0625,-400000.0625,-400000.0625,-400000.0625,-400000.0625,-400000.0625
46.08497905731201,-400000.0625,-400000.0625,-400000.0625,-400000.0625,-400000.0625,-400000.0625,-400000.0625,-400000.0625
46.08498287200928,-400000.0625,-400000.0625,-400000.0625,-400000.0625,-400000.0625,-400000.0625,-400000.0625,-400000.0625
46.08498668670654,-400000.0625,-400000.0625,-400000.0625,-400000.0625,-400000.0625,-400000.0625,-400000.0625,-400000.0625
46.125494956970215,-400000.0625,-400000.0625,-400000.0625,-400000.0625,-400000.0625,-400000.0625,-400000.0625,-400000.0625
46.131481647491455,-400000.0625,-400000.0625,-400000.0625,-400000.0625,-400000.0625,-400000.0625,-400000.0625,-400000.0625
46.13595962524414,-400000.0625,-400000.0625,-400000.0625,-400000.0625,-400000.0625,-400000.0625,-400000.0625,-400000.0625
46.13596868515015,-400000.0625,-400000.0625,-400000.0625,-400000.0625,-400000.0625,-400000.0625,-400000.0625,-400000.0625
46.13597321510315,-400000.0625,-400000.0625,-400000.0625,-400000.0625,-400000.0625,-400000.0625,-400000.0625,-400000.0625
46.13597774505615,-400000.0625,-400000.0625,-400000.0625,-400000.0625,-400000.0625,-400000.0625,-400000.0625,-400000.0625
46.13598155975342,-400000.0625,-400000.0625,-400000.0625,-400000.0625,-400000.0625,-400000.0625,-400000.0625,-400000.0625
46.13598561286926,-400000.0625,-400000.0625,-400000.0625,-400000.0625,-400000.0625,-400000.0625,-400000.0625,-400000.0625
46.13598942756653,-400000.0625,-400000.0625,-400000.0625,-400000.0625,-400000.0625,-400000.0625,-400000.0625,-400000.0625
46.135993003845215,-400000.0625,-400000.0625,-400000.0625,-400000.0625,-400000.0625,-400000.0625,-400000.0625,-400000.0625
46.13599681854248,-400000.0625,-400000.0625,-400000.0625,-400000.0625,-400000.0625,-400000.0625,-400000.0625,-400000.0625
46.13600015640259,-400000.0625,-400000.0625,-400000.0625,-400000.0625,-400000.0625,-400000.0625,-400000.0625,-400000.0625
46.13600397109985,-400000.0625,-400000.0625,-400000.0625,-400000.0625,-400000.0625,-400000.0625,-400000.0625,-400000.0625
46.13600754737854,-400000.0625,-400000.0625,-400000.0625,-400000.0625,-400000.0625,-400000.0625,-400000.0625,-400000.0625
46.136011362075806,-400000.0625,-400000.0625,-400000.0625,-400000.0625,-400000.0625,-400000.0625,-400000.0625,-400000.0625
46.13601469993591,-400000.0625,-400000.0625,-400000.0625,-400000.0625,-400000.0625,-400000.0625,-400000.0625,-400000.0625
46.215423583984375,-400000.0625,-400000.0625,-400000.0625,-400000.0625,-400000.0625,-400000.0625,-400000.0625,-400000.0625
46.323153257369995,-400000.0625,-400000.0625,-400000.0625,-400000.0625,-400000.0625,-400000.0625,-400000.0625,-400000.0625
46.38179564476013,-400000.0625,-400000.0625,-400000.0625,-400000.0625,-400000.0625,-400000.0625,-400000.0625,-400000.0625
46.45718264579773,-400000.0625,-400000.0625,-400000.0625,-400000.0625,-400000.0625,-400000.0625,-400000.0625,-400000.0625
46.61428689956665,-400000.0625,-400000.0625,-400000.0625,-400000.0625,-400000.0625,-400000.0625,-400000.0625,-400000.0625
46.64620590209961,-400000.0625,-400000.0625,-400000.0625,-400000.0625,-400000.0625,-400000.0625,-400000.0625,-400000.0625
46.83042025566101,-400000.0625,-400000.0625,-400000.0625,-400000.0625,-400000.0625,-400000.0625,-400000.0625,-400000.0625
46.98407220840454,-400000.0625,-400000.0625,-400000.0625,-400000.0625,-400000.0625,-400000.0625,-400000.0625,-400000.0625
47.04127740859985,-400000.0625,-400000.0625,-400000.0625,-400000.0625,-400000.0625,-400000.0625,-400000.0625,-400000.0625
47.09118723869324,-400000.0625,-400000.0625,-400000.0625,-400000.0625,-400000.0625,-400000.0625,-400000.0625,-400000.0625
47.21784520149231,-400000.0625,-400000.0625,-400000.0625,-400000.0625,-400000.0625,-400000.0625,-400000.0625,-400000.0625
47.356842041015625,-400000.0625,-400000.0625,-400000.0625,-400000.0625,-400000.0625,-400000.0625,-400000.0625,-400000.0625
47.417041301727295,-400000.0625,-400000.0625,-400000.0625,-400000.0625,-400000.0625,-400000.0625,-400000.0625,-400000.0625
47.47305369377136,-400000.0625,-400000.0625,-400000.0625,-400000.0625,-400000.0625,-400000.0625,-400000.0625,-400000.0625
47.6242401599884,-400000.0625,-400000.0625,-400000.0625,-400000.0625,-400000.0625,-400000.0625,-400000.0625,-400000.0625
47.707443714141846,-400000.0625,-400000.0625,-400000.0625,-400000.0625,-400000.0625,-400000.0625,-400000.0625,-400000.0625
47.72553563117981,-400000.0625,-400000.0625,-400000.0625,-400000.0625,-400000.0625,-400000.0625,-400000.0625,-400000.0625
47.795485973358154,-400000.0625,-400000.0625,-400000.0625,-400000.0625,-400000.0625,-400000.0625,-400000.0625,-400000.0625
47.925347328186035,-400000.0625,-400000.0625,-400000.0625,-400000.0625,-400000.0625,-400000.0625,-400000.0625,-400000.0625
48.12335467338562,-400000.0625,-400000.0625,-400000.0625,-400000.0625,-400000.0625,-400000.0625,-400000.0625,-400000.0625
48.17645025253296,-400000.0625,-400000.0625,-400000.0625,-400000.0625,-400000.0625,-400000.0625,-400000.0625,-400000.0625
48.18268585205078,-400000.0625,-400000.0625,-400000.0625,-400000.0625,-400000.0625,-400000.0625,-400000.0625,-400000.0625
48.18806600570679,-400000.0625,-400000.0625,-400000.0625,-400000.0625,-400000.0625,-400000.0625,-400000.0625,-400000.0625
48.19489121437073,-400000.0625,-400000.0625,-400000.0625,-400000.0625,-400000.0625,-400000.0625,-400000.0625,-400000.0625
48.199591875076294,-400000.0625,-400000.0625,-400000.0625,-400000.0625,-400000.0625,-400000.0625,-400000.0625,-400000.0625
48.1996009349823,-400000.0625,-400000.0625,-400000.0625,-400000.0625,-400000.0625,-400000.0625,-400000.0625,-400000.0625
48.199604988098145,-400000.0625,-400000.0625,-400000.0625,-400000.0625,-400000.0625,-400000.0625,-400000.0625,-400000.0625
48.19960927963257,-400000.0625,-400000.0625,-400000.0625,-400000.0625,-400000.0625,-400000.0625,-400000.0625,-400000.0625
48.199612855911255,-400000.0625,-400000.0625,-400000.0625,-400000.0625,-400000.0625,-400000.0625,-400000.0625,-400000.0625
48.19961643218994,-400000.0625,-400000.0625,-400000.0625,-400000.0625,-400000.0625,-400000.0625,-400000.0625,-400000.0625
48.19962024688721,-400000.0625,-400000.0625,-400000.0625,-400000.0625,-400000.0625,-400000.0625,-400000.0625,-400000.0625
48.19962406158447,-400000.0625,-400000.0625,-400000.0625,-400000.0625,-400000.0625,-400000.0625,-400000.0625,-400000.0625
48.19962787628174,-400000.0625,-400000.0625,-400000.0625,-400000.0625,-400000.0625,-400000.0625,-400000.0625,-400000.0625
48.199631452560425,-400000.0625,-400000.0625,-400000.0625,-400000.0625,-400000.0625,-400000.0625,-400000.0625,-400000.0625
48.19963526725769,-400000.0625,-400000.0625,-400000.0625,-400000.0625,-400000.0625,-400000.0625,-400000.0625,-400000.0625
48.19963884353638,-400000.0625,-400000.0625,-400000.0625,-400000.0625,-400000.0625,-400000.0625,-400000.0625,-400000.0625
48.241127252578735,-400000.0625,-400000.0625,-400000.0625,-400000.0625,-400000.0625,-400000.0625,-400000.0625,-400000.0625
48.25093197822571,-400000.0625,-400000.0625,-400000.0625,-400000.0625,-400000.0625,-400000.0625,-400000.0625,-400000.0625
48.25628304481506,-400000.0625,-400000.0625,-400000.0625,-400000.0625,-400000.0625,-400000.0625,-400000.0625,-400000.0625
48.262253522872925,-400000.0625,-400000.0625,-400000.0625,-400000.0625,-400000.0625,-400000.0625,-400000.0625,-400000.0625
48.26675868034363,-400000.0625,-400000.0625,-400000.0625,-400000.0625,-400000.0625,-400000.0625,-400000.0625,-400000.0625
48.26677179336548,-400000.0625,-400000.0625,-400000.0625,-400000.0625,-400000.0625,-400000.0625,-400000.0625,-400000.0625
48.26677966117859,-400000.0625,-400000.0625,-400000.0625,-400000.0625,-400000.0625,-400000.0625,-400000.0625,-400000.0625
48.26678824424744,-400000.0625,-400000.0625,-400000.0625,-400000.0625,-400000.0625,-400000.0625,-400000.0625,-400000.0625
48.26679468154907,-400000.0625,-400000.0625,-400000.0625,-400000.0625,-400000.0625,-400000.0625,-400000.0625,-400000.0625
48.26680040359497,-400000.0625,-400000.0625,-400000.0625,-400000.0625,-400000.0625,-400000.0625,-400000.0625,-400000.0625
48.266806840896606,-400000.0625,-400000.0625,-400000.0625,-400000.0625,-400000.0625,-400000.0625,-400000.0625,-400000.0625
48.26681303977966,-400000.0625,-400000.0625,-400000.0625,-400000.0625,-400000.0625,-400000.0625,-400000.0625,-400000.0625
48.26681733131409,-400000.0625,-400000.0625,-400000.0625,-400000.0625,-400000.0625,-400000.0625,-400000.0625,-400000.0625
48.26682114601135,-400000.0625,-400000.0625,-400000.0625,-400000.0625,-400000.0625,-400000.0625,-400000.0625,-400000.0625
48.26682472229004,-400000.0625,-400000.0625,-400000.0625,-400000.0625,-400000.0625,-400000.0625,-400000.0625,-400000.0625
48.266828536987305,-400000.0625,-400000.0625,-400000.0625,-400000.0625,-400000.0625,-400000.0625,-400000.0625,-400000.0625
48.30186653137207,-400000.0625,-400000.0625,-400000.0625,-400000.0625,-400000.0625,-400000.0625,-400000.0625,-400000.0625
48.307942390441895,-400000.0625,-400000.0625,-400000.0625,-400000.0625,-400000.0625,-400000.0625,-400000.0625,-400000.0625
48.31384205818176,-400000.0625,-400000.0625,-400000.0625,-400000.0625,-400000.0625,-400000.0625,-400000.0625,-400000.0625
48.319236516952515,-400000.0625,-400000.0625,-400000.0625,-400000.0625,-400000.0625,-400000.0625,-400000.0625,-400000.0625
48.324580907821655,-400000.0625,-400000.0625,-400000.0625,-400000.0625,-400000.0625,-400000.0625,-400000.0625,-400000.0625
48.33123803138733,-400000.0625,-400000.0625,-400000.0625,-400000.0625,-400000.0625,-400000.0625,-400000.0625,-400000.0625
48.33617067337036,-400000.0625,-400000.0625,-400000.0625,-400000.0625,-400000.0625,-400000.0625,-400000.0625,-400000.0625
48.33617949485779,-400000.0625,-400000.0625,-400000.0625,-400000.0625,-400000.0625,-400000.0625,-400000.0625,-400000.0625
48.33618354797363,-400000.0625,-400000.0625,-400000.0625,-400000.0625,-400000.0625,-400000.0625,-400000.0625,-400000.0625
48.336188077926636,-400000.0625,-400000.0625,-400000.0625,-400000.0625,-400000.0625,-400000.0625,-400000.0625,-400000.0625
48.3361918926239,-400000.0625,-400000.0625,-400000.0625,-400000.0625,-400000.0625,-400000.0625,-400000.0625,-400000.0625
48.33619570732117,-400000.0625,-400000.0625,-400000.0625,-400000.0625,-400000.0625,-400000.0625,-400000.0625,-400000.0625
48.33619928359985,-400000.0625,-400000.0625,-400000.0625,-400000.0625,-400000.0625,-400000.0625,-400000.0625,-400000.0625
48.33620309829712,-400000.0625,-400000.0625,-400000.0625,-400000.0625,-400000.0625,-400000.0625,-400000.0625,-400000.0625
48.336206674575806,-400000.0625,-400000.0625,-400000.0625,-400000.0625,-400000.0625,-400000.0625,-400000.0625,-400000.0625
48.33621025085449,-400000.0625,-400000.0625,-400000.0625,-400000.0625,-400000.0625,-400000.0625,-400000.0625,-400000.0625
48.36927556991577,-400000.0625,-400000.0625,-400000.0625,-400000.0625,-400000.0625,-400000.0625,-400000.0625,-400000.0625
48.38165593147278,-400000.0625,-400000.0625,-400000.0625,-400000.0625,-400000.0625,-400000.0625,-400000.0625,-400000.0625
48.38649535179138,-400000.0625,-400000.0625,-400000.0625,-400000.0625,-400000.0625,-400000.0625,-400000.0625,-400000.0625
48.386505365371704,-400000.0625,-400000.0625,-400000.0625,-400000.0625,-400000.0625,-400000.0625,-400000.0625,-400000.0625
48.38650965690613,-400000.0625,-400000.0625,-400000.0625,-400000.0625,-400000.0625,-400000.0625,-400000.0625,-400000.0625
48.386513471603394,-400000.0625,-400000.0625,-400000.0625,-400000.0625,-400000.0625,-400000.0625,-400000.0625,-400000.0625
48.38651704788208,-400000.0625,-400000.0625,-400000.0625,-400000.0625,-400000.0625,-400000.0625,-400000.0625,-400000.0625
48.38652038574219,-400000.0625,-400000.0625,-400000.0625,-400000.0625,-400000.0625,-400000.0625,-400000.0625,-400000.0625
48.386523962020874,-400000.0625,-400000.0625,-400000.0625,-400000.0625,-400000.0625,-400000.0625,-400000.0625,-400000.0625
48.38652729988098,-400000.0625,-400000.0625,-400000.0625,-400000.0625,-400000.0625,-400000.0625,-400000.0625,-400000.0625
48.38653087615967,-400000.0625,-400000.0625,-400000.0625,-400000.0625,-400000.0625,-400000.0625,-400000.0625,-400000.0625
48.386534452438354,-400000.0625,-400000.0625,-400000.0625,-400000.0625,-400000.0625,-400000.0625,-400000.0625,-400000.0625
48.38653802871704,-400000.0625,-400000.0625,-400000.0625,-400000.0625,-400000.0625,-400000.0625,-400000.0625,-400000.0625
48.38654136657715,-400000.0625,-400000.0625,-400000.0625,-400000.0625,-400000.0625,-400000.0625,-400000.0625,-400000.0625
48.386545181274414,-400000.0625,-400000.0625,-400000.0625,-400000.0625,-400000.0625,-400000.0625,-400000.0625,-400000.0625
48.3865487575531,-400000.0625,-400000.0625,-400000.0625,-400000.0625,-400000.0625,-400000.0625,-400000.0625,-400000.0625
48.47538232803345,-400000.0625,-400000.0625,-400000.0625,-400000.0625,-400000.0625,-400000.0625,-400000.0625,-400000.0625
48.48576521873474,-400000.0625,-400000.0625,-400000.0625,-400000.0625,-400000.0625,-400000.0625,-400000.0625,-400000.0625
48.491976499557495,-400000.0625,-400000.0625,-400000.0625,-400000.0625,-400000.0625,-400000.0625,-400000.0625,-400000.0625
48.4992413520813,-400000.0625,-400000.0625,-400000.0625,-400000.0625,-400000.0625,-400000.0625,-400000.0625,-400000.0625
48.50470471382141,-400000.0625,-400000.0625,-400000.0625,-400000.0625,-400000.0625,-400000.0625,-400000.0625,-400000.0625
48.50977873802185,-400000.0625,-400000.0625,-400000.0625,-400000.0625,-400000.0625,-400000.0625,-400000.0625,-400000.0625
48.51462006568909,-400000.0625,-400000.0625,-400000.0625,-400000.0625,-400000.0625,-400000.0625,-400000.0625,-400000.0625
48.51462912559509,-400000.0625,-400000.0625,-400000.0625,-400000.0625,-400000.0625,-400000.0625,-400000.0625,-400000.0625
48.514633893966675,-400000.0625,-400000.0625,-400000.0625,-400000.0625,-400000.0625,-400000.0625,-400000.0625,-400000.0625
48.51463794708252,-400000.0625,-400000.0625,-400000.0625,-400000.0625,-400000.0625,-400000.0625,-400000.0625,-400000.0625
48.514642000198364,-400000.0625,-400000.0625,-400000.0625,-400000.0625,-400000.0625,-400000.0625,-400000.0625,-400000.0625
48.51464581489563,-400000.0625,-400000.0625,-400000.0625,-400000.0625,-400000.0625,-400000.0625,-400000.0625,-400000.0625
48.514649391174316,-400000.0625,-400000.0625,-400000.0625,-400000.0625,-400000.0625,-400000.0625,-400000.0625,-400000.0625
48.51465320587158,-400000.0625,-400000.0625,-400000.0625,-400000.0625,-400000.0625,-400000.0625,-400000.0625,-400000.0625
48.51465702056885,-400000.0625,-400000.0625,-400000.0625,-400000.0625,-400000.0625,-400000.0625,-400000.0625,-400000.0625
48.51466107368469,-400000.0625,-400000.0625,-400000.0625,-400000.0625,-400000.0625,-400000.0625,-400000.0625,-400000.0625
48.51466464996338,-400000.0625,-400000.0625,-400000.0625,-400000.0625,-400000.0625,-400000.0625,-400000.0625,-400000.0625
48.514668703079224,-400000.0625,-400000.0625,-400000.0625,-400000.0625,-400000.0625,-400000.0625,-400000.0625,-400000.0625
48.51467227935791,-400000.0625,-400000.0625,-400000.0625,-400000.0625,-400000.0625,-400000.0625,-400000.0625,-400000.0625
48.5146758556366,-400000.0625,-400000.0625,-400000.0625,-400000.0625,-400000.0625,-400000.0625,-400000.0625,-400000.0625
48.51467943191528,-400000.0625,-400000.0625,-400000.0625,-400000.0625,-400000.0625,-400000.0625,-400000.0625,-400000.0625
48.51468324661255,-400000.0625,-400000.0625,-400000.0625,-400000.0625,-400000.0625,-400000.0625,-400000.0625,-400000.0625
48.514686822891235,-400000.0625,-400000.0625,-400000.0625,-400000.0625,-400000.0625,-400000.0625,-400000.0625,-400000.0625
48.5146906375885,-400000.0625,-400000.0625,-400000.0625,-400000.0625,-400000.0625,-400000.0625,-400000.0625,-400000.0625
48.51469397544861,-400000.0625,-400000.0625,-400000.0625,-400000.0625,-400000.0625,-400000.0625,-400000.0625,-400000.0625
48.514697790145874,-400000.0625,-400000.0625,-400000.0625,-400000.0625,-400000.0625,-400000.0625,-400000.0625,-400000.0625
48.51470136642456,-400000.0625,-400000.0625,-400000.0625,-400000.0625,-400000.0625,-400000.0625,-400000.0625,-400000.0625
48.51470494270325,-400000.0625,-400000.0625,-400000.0625,-400000.0625,-400000.0625,-400000.0625,-400000.0625,-400000.0625
48.514708518981934,-400000.0625,-400000.0625,-400000.0625,-400000.0625,-400000.0625,-400000.0625,-400000.0625,-400000.0625
48.5147123336792,-400000.0625,-400000.0625,-400000.0625,-400000.0625,-400000.0625,-400000.0625,-400000.0625,-400000.0625
48.514715909957886,-400000.0625,-400000.0625,-400000.0625,-400000.0625,-400000.0625,-400000.0625,-400000.0625,-400000.0625
48.51471948623657,-400000.0625,-400000.0625,-400000.0625,-400000.0625,-400000.0625,-400000.0625,-400000.0625,-400000.0625
48.569159269332886,-400000.0625,-400000.0625,-400000.0625,-400000.0625,-400000.0625,-400000.0625,-400000.0625,-400000.0625
48.5750892162323,-400000.0625,-400000.0625,-400000.0625,-400000.0625,-400000.0625,-400000.0625,-400000.0625,-400000.0625
48.58019042015076,-400000.0625,-400000.0625,-400000.0625,-400000.0625,-400000.0625,-400000.0625,-400000.0625,-400000.0625
48.58879637718201,-400000.0625,-400000.0625,-400000.0625,-400000.0625,-400000.0625,-400000.0625,-400000.0625,-400000.0625
48.594685316085815,-400000.0625,-400000.0625,-400000.0625,-400000.0625,-400000.0625,-400000.0625,-400000.0625,-400000.0625
48.5996470451355,-400000.0625,-400000.0625,-400000.0625,-400000.0625,-400000.0625,-400000.0625,-400000.0625,-400000.0625
48.59965705871582,-400000.0625,-400000.0625,-400000.0625,-400000.0625,-400000.0625,-400000.0625,-400000.0625,-400000.0625
48.59966158866882,-400000.0625,-400000.0625,-400000.0625,-400000.0625,-400000.0625,-400000.0625,-400000.0625,-400000.0625
48.59966588020325,-400000.0625,-400000.0625,-400000.0625,-400000.0625,-400000.0625,-400000.0625,-400000.0625,-400000.0625
48.59966969490051,-400000.0625,-400000.0625,-400000.0625,-400000.0625,-400000.0625,-400000.0625,-400000.0625,-400000.0625
48.59967350959778,-400000.0625,-400000.0625,-400000.0625,-400000.0625,-400000.0625,-400000.0625,-400000.0625,-400000.0625
48.59967756271362,-400000.0625,-400000.0625,-400000.0625,-400000.0625,-400000.0625,-400000.0625,-400000.0625,-400000.0625
48.59968161582947,-400000.0625,-400000.0625,-400000.0625,-400000.0625,-400000.0625,-400000.0625,-400000.0625,-400000.0625
48.59968543052673,-400000.0625,-400000.0625,-400000.0625,-400000.0625,-400000.0625,-400000.0625,-400000.0625,-400000.0625
48.59968972206116,-400000.0625,-400000.0625,-400000.0625,-400000.0625,-400000.0625,-400000.0625,-400000.0625,-400000.0625
48.60470008850098,-400000.0625,-400000.0625,-400000.0625,-400000.0625,-400000.0625,-400000.0625,-400000.0625,-400000.0625
48.62159490585327,-400000.0625,-400000.0625,-400000.0625,-400000.0625,-400000.0625,-400000.0625,-400000.0625,-400000.0625
48.628191232681274,-400000.0625,-400000.0625,-400000.0625,-400000.0625,-400000.0625,-400000.0625,-400000.0625,-400000.0625
48.63293385505676,-400000.0625,-400000.0625,-400000.0625,-400000.0625,-400000.0625,-400000.0625,-400000.0625,-400000.0625
48.63294172286987,-400000.0625,-400000.0625,-400000.0625,-400000.0625,-400000.0625,-400000.0625,-400000.0625,-400000.0625
48.6329460144043,-400000.0625,-400000.0625,-400000.0625,-400000.0625,-400000.0625,-400000.0625,-400000.0625,-400000.0625
48.63295006752014,-400000.0625,-400000.0625,-400000.0625,-400000.0625,-400000.0625,-400000.0625,-400000.0625,-400000.0625
48.632954120635986,-400000.0625,-400000.0625,-400000.0625,-400000.0625,-400000.0625,-400000.0625,-400000.0625,-400000.0625
48.63295841217041,-400000.0625,-400000.0625,-400000.0625,-400000.0625,-400000.0625,-400000.0625,-400000.0625,-400000.0625
48.632962465286255,-400000.0625,-400000.0625,-400000.0625,-400000.0625,-400000.0625,-400000.0625,-400000.0625,-400000.0625
48.6329665184021,-400000.0625,-400000.0625,-400000.0625,-400000.0625,-400000.0625,-400000.0625,-400000.0625,-400000.0625
48.632970333099365,-400000.0625,-400000.0625,-400000.0625,-400000.0625,-400000.0625,-400000.0625,-400000.0625,-400000.0625
48.63297414779663,-400000.0625,-400000.0625,-400000.0625,-400000.0625,-400000.0625,-400000.0625,-400000.0625,-400000.0625
48.632978200912476,-400000.0625,-400000.0625,-400000.0625,-400000.0625,-400000.0625,-400000.0625,-400000.0625,-400000.0625
48.63298177719116,-400000.0625,-400000.0625,-400000.0625,-400000.0625,-400000.0625,-400000.0625,-400000.0625,-400000.0625
48.63298559188843,-400000.0625,-400000.0625,-400000.0625,-400000.0625,-400000.0625,-400000.0625,-400000.0625,-400000.0625
48.632988929748535,-400000.0625,-400000.0625,-400000.0625,-400000.0625,-400000.0625,-400000.0625,-400000.0625,-400000.0625
48.68942618370056,-400000.0625,-400000.0625,-400000.0625,-400000.0625,-400000.0625,-400000.0625,-400000.0625,-400000.0625
48.8097038269043,-400000.0625,-400000.0625,-400000.0625,-400000.0625,-400000.0625,-400000.0625,-400000.0625,-400000.0625
48.85286784172058,-400000.0625,-400000.0625,-400000.0625,-400000.0625,-400000.0625,-400000.0625,-400000.0625,-400000.0625
48.87805962562561,-400000.0625,-400000.0625,-400000.0625,-400000.0625,-400000.0625,-400000.0625,-400000.0625,-400000.0625
49.07160520553589,-400000.0625,-400000.0625,-400000.0625,-400000.0625,-400000.0625,-400000.0625,-400000.0625,-400000.0625
49.157445430755615,-400000.0625,-400000.0625,-400000.0625,-400000.0625,-400000.0625,-400000.0625,-400000.0625,-400000.0625
49.274863719940186,-400000.0625,-400000.0625,-400000.0625,-400000.0625,-400000.0625,-400000.0625,-400000.0625,-400000.0625
49.3292772769928,-400000.0625,-400000.0625,-400000.0625,-400000.0625,-400000.0625,-400000.0625,-400000.0625,-400000.0625
49.39046120643616,-400000.0625,-400000.0625,-400000.0625,-400000.0625,-400000.0625,-400000.0625,-400000.0625,-400000.0625
49.46788716316223,-400000.0625,-400000.0625,-400000.0625,-400000.0625,-400000.0625,-400000.0625,-400000.0625,-400000.0625
49.54685664176941,-400000.0625,-400000.0625,-400000.0625,-400000.0625,-400000.0625,-400000.0625,-400000.0625,-400000.0625
49.584068298339844,-400000.0625,-400000.0625,-400000.0625,-400000.0625,-400000.0625,-400000.0625,-400000.0625,-400000.0625
49.71056938171387,-400000.0625,-400000.0625,-400000.0625,-400000.0625,-400000.0625,-400000.0625,-400000.0625,-400000.0625
49.77673053741455,-400000.0625,-400000.0625,-400000.0625,-400000.0625,-400000.0625,-400000.0625,-400000.0625,-400000.0625
49.84215998649597,-400000.0625,-400000.0625,-400000.0625,-400000.0625,-400000.0625,-400000.0625,-400000.0625,-400000.0625
49.924529790878296,-400000.0625,-400000.0625,-400000.0625,-400000.0625,-400000.0625,-400000.0625,-400000.0625,-400000.0625
50.03551983833313,-400000.0625,-400000.0625,-400000.0625,-400000.0625,-400000.0625,-400000.0625,-400000.0625,-400000.0625
50.09417128562927,-400000.0625,-400000.0625,-400000.0625,-400000.0625,-400000.0625,-400000.0625,-400000.0625,-400000.0625
50.1692214012146,-400000.0625,-400000.0625,-400000.0625,-400000.0625,-400000.0625,-400000.0625,-400000.0625,-400000.0625
50.22557187080383,-400000.0625,-400000.0625,-400000.0625,-400000.0625,-400000.0625,-400000.0625,-400000.0625,-400000.0625
50.292996406555176,-400000.0625,-400000.0625,-400000.0625,-400000.0625,-400000.0625,-400000.0625,-400000.0625,-400000.0625
50.41544461250305,-400000.0625,-400000.0625,-400000.0625,-400000.0625,-400000.0625,-400000.0625,-400000.0625,-400000.0625
50.477789640426636,-400000.0625,-400000.0625,-400000.0625,-400000.0625,-400000.0625,-400000.0625,-400000.0625,-400000.0625
50.54476308822632,-400000.0625,-400000.0625,-400000.0625,-400000.0625,-400000.0625,-400000.0625,-400000.0625,-400000.0625
50.64767265319824,-400000.0625,-400000.0625,-400000.0625,-400000.0625,-400000.0625,-400000.0625,-400000.0625,-400000.0625
50.67417311668396,-400000.0625,-400000.0625,-400000.0625,-400000.0625,-400000.0625,-400000.0625,-400000.0625,-400000.0625
50.67960715293884,-400000.0625,-400000.0625,-400000.0625,-400000.0625,-400000.0625,-400000.0625,-400000.0625,-400000.0625
50.684120416641235,-400000.0625,-400000.0625,-400000.0625,-400000.0625,-400000.0625,-400000.0625,-400000.0625,-400000.0625
50.68412947654724,-400000.0625,-400000.0625,-400000.0625,-400000.0625,-400000.0625,-400000.0625,-400000.0625,-400000.0625
50.684134006500244,-400000.0625,-400000.0625,-400000.0625,-400000.0625,-400000.0625,-400000.0625,-400000.0625,-400000.0625
50.68413805961609,-400000.0625,-400000.0625,-400000.0625,-400000.0625,-400000.0625,-400000.0625,-400000.0625,-400000.0625
50.684141874313354,-400000.0625,-400000.0625,-400000.0625,-400000.0625,-400000.0625,-400000.0625,-400000.0625,-400000.0625
50.68414568901062,-400000.0625,-400000.0625,-400000.0625,-400000.0625,-400000.0625,-400000.0625,-400000.0625,-400000.0625
50.68414926528931,-400000.0625,-400000.0625,-400000.0625,-400000.0625,-400000.0625,-400000.0625,-400000.0625,-400000.0625
50.68415284156799,-400000.0625,-400000.0625,-400000.0625,-400000.0625,-400000.0625,-400000.0625,-400000.0625,-400000.0625
50.68415689468384,-400000.0625,-400000.0625,-400000.0625,-400000.0625,-400000.0625,-400000.0625,-400000.0625,-400000.0625
50.68416094779968,-400000.0625,-400000.0625,-400000.0625,-400000.0625,-400000.0625,-400000.0625,-400000.0625,-400000.0625
50.68416452407837,-400000.0625,-400000.0625,-400000.0625,-400000.0625,-400000.0625,-400000.0625,-400000.0625,-400000.0625
50.684168338775635,-400000.0625,-400000.0625,-400000.0625,-400000.0625,-400000.0625,-400000.0625,-400000.0625,-400000.0625
50.68417191505432,-400000.0625,-400000.0625,-400000.0625,-400000.0625,-400000.0625,-400000.0625,-400000.0625,-400000.0625
50.68417549133301,-400000.0625,-400000.0625,-400000.0625,-400000.0625,-400000.0625,-400000.0625,-400000.0625,-400000.0625
50.73427367210388,-400000.0625,-400000.0625,-400000.0625,-400000.0625,-400000.0625,-400000.0625,-400000.0625,-400000.0625
50.741111040115356,-400000.0625,-400000.0625,-400000.0625,-400000.0625,-400000.0625,-400000.0625,-400000.0625,-400000.0625
50.74643850326538,-400000.0625,-400000.0625,-400000.0625,-400000.0625,-400000.0625,-400000.0625,-400000.0625,-400000.0625
50.75173211097717,-400000.0625,-400000.0625,-400000.0625,-400000.0625,-400000.0625,-400000.0625,-400000.0625,-400000.0625
50.76424288749695,-400000.0625,-400000.0625,-400000.0625,-400000.0625,-400000.0625,-400000.0625,-400000.0625,-400000.0625
50.768773555755615,-400000.0625,-400000.0625,-400000.0625,-400000.0625,-400000.0625,-400000.0625,-400000.0625,-400000.0625
50.76878213882446,-400000.0625,-400000.0625,-400000.0625,-400000.0625,-400000.0625,-400000.0625,-400000.0625,-400000.0625
50.76878881454468,-400000.0625,-400000.0625,-400000.0625,-400000.0625,-400000.0625,-400000.0625,-400000.0625,-400000.0625
50.76879286766052,-400000.0625,-400000.0625,-400000.0625,-400000.0625,-400000.0625,-400000.0625,-400000.0625,-400000.0625
50.76879644393921,-400000.0625,-400000.0625,-400000.0625,-400000.0625,-400000.0625,-400000.0625,-400000.0625,-400000.0625
50.768800020217896,-400000.0625,-400000.0625,-400000.0625,-400000.0625,-400000.0625,-400000.0625,-400000.0625,-400000.0625
50.768803358078,-400000.0625,-400000.0625,-400000.0625,-400000.0625,-400000.0625,-400000.0625,-400000.0625,-400000.0625
50.76880693435669,-400000.0625,-400000.0625,-400000.0625,-400000.0625,-400000.0625,-400000.0625,-400000.0625,-400000.0625
50.7688102722168,-400000.0625,-400000.0625,-400000.0625,-400000.0625,-400000.0625,-400000.0625,-400000.0625,-400000.0625
50.768813610076904,-400000.0625,-400000.0625,-400000.0625,-400000.0625,-400000.0625,-400000.0625,-400000.0625,-400000.0625
50.76881694793701,-400000.0625,-400000.0625,-400000.0625,-400000.0625,-400000.0625,-400000.0625,-400000.0625,-400000.0625
50.79931950569153,-400000.0625,-400000.0625,-400000.0625,-400000.0625,-400000.0625,-400000.0625,-400000.0625,-400000.0625
50.80743336677551,-400000.0625,-400000.0625,-400000.0625,-400000.0625,-400000.0625,-400000.0625,-400000.0625,-400000.0625
50.812870264053345,-400000.0625,-400000.0625,-400000.0625,-400000.0625,-400000.0625,-400000.0625,-400000.0625,-400000.0625
50.81845736503601,-400000.0625,-400000.0625,-400000.0625,-400000.0625,-400000.0625,-400000.0625,-400000.0625,-400000.0625
50.82314991950989,-400000.0625,-400000.0625,-400000.0625,-400000.0625,-400000.0625,-400000.0625,-400000.0625,-400000.0625
50.82315921783447,-400000.0625,-400000.0625,-400000.0625,-400000.0625,-400000.0625,-400000.0625,-400000.0625,-400000.0625
50.823163986206055,-400000.0625,-400000.0625,-400000.0625,-400000.0625,-400000.0625,-400000.0625,-400000.0625,-400000.0625
50.8231680393219,-400000.0625,-400000.0625,-400000.0625,-400000.0625,-400000.0625,-400000.0625,-400000.0625,-400000.0625
50.823171615600586,-400000.0625,-400000.0625,-400000.0625,-400000.0625,-400000.0625,-400000.0625,-400000.0625,-400000.0625
50.82317543029785,-400000.0625,-400000.0625,-400000.0625,-400000.0625,-400000.0625,-400000.0625,-400000.0625,-400000.0625
50.82317900657654,-400000.0625,-400000.0625,-400000.0625,-400000.0625,-400000.0625,-400000.0625,-400000.0625,-400000.0625
50.823182344436646,-400000.0625,-400000.0625,-400000.0625,-400000.0625,-400000.0625,-400000.0625,-400000.0625,-400000.0625
50.82318592071533,-400000.0625,-400000.0625,-400000.0625,-400000.0625,-400000.0625,-400000.0625,-400000.0625,-400000.0625
50.82318925857544,-400000.0625,-400000.0625,-400000.0625,-400000.0625,-400000.0625,-400000.0625,-400000.0625,-400000.0625
50.82319259643555,-400000.0625,-400000.0625,-400000.0625,-400000.0625,-400000.0625,-400000.0625,-400000.0625,-400000.0625
50.82319736480713,-400000.0625,-400000.0625,-400000.0625,-400000.0625,-400000.0625,-400000.0625,-400000.0625,-400000.0625
50.87421989440918,-400000.0625,-400000.0625,-400000.0625,-400000.0625,-400000.0625,-400000.0625,-400000.0625,-400000.0625
50.88460445404053,-400000.0625,-400000.0625,-400000.0625,-400000.0625,-400000.0625,-400000.0625,-400000.0625,-400000.0625
50.889960527420044,-400000.0625,-400000.0625,-400000.0625,-400000.0625,-400000.0625,-400000.0625,-400000.0625,-400000.0625
50.897072553634644,-400000.0625,-400000.0625,-400000.0625,-400000.0625,-400000.0625,-400000.0625,-400000.0625,-400000.0625
50.90244269371033,-400000.0625,-400000.0625,-400000.0625,-400000.0625,-400000.0625,-400000.0625,-400000.0625,-400000.0625
50.90922546386719,-400000.0625,-400000.0625,-400000.0625,-400000.0625,-400000.0625,-400000.0625,-400000.0625,-400000.0625
50.915085315704346,-400000.0625,-400000.0625,-400000.0625,-400000.0625,-400000.0625,-400000.0625,-400000.0625,-400000.0625
50.92045760154724,-400000.0625,-400000.0625,-400000.0625,-400000.0625,-400000.0625,-400000.0625,-400000.0625,-400000.0625
50.92533588409424,-400000.0625,-400000.0625,-400000.0625,-400000.0625,-400000.0625,-400000.0625,-400000.0625,-400000.0625
50.92534637451172,-400000.0625,-400000.0625,-400000.0625,-400000.0625,-400000.0625,-400000.0625,-400000.0625,-400000.0625
50.92535090446472,-400000.0625,-400000.0625,-400000.0625,-400000.0625,-400000.0625,-400000.0625,-400000.0625,-400000.0625
50.925354957580566,-400000.0625,-400000.0625,-400000.0625,-400000.0625,-400000.0625,-400000.0625,-400000.0625,-400000.0625
50.92535877227783,-400000.0625,-400000.0625,-400000.0625,-400000.0625,-400000.0625,-400000.0625,-400000.0625,-400000.0625
50.92536234855652,-400000.0625,-400000.0625,-400000.0625,-400000.0625,-400000.0625,-400000.0625,-400000.0625,-400000.0625
50.925366163253784,-400000.0625,-400000.0625,-400000.0625,-400000.0625,-400000.0625,-400000.0625,-400000.0625,-400000.0625
50.92536973953247,-400000.0625,-400000.0625,-400000.0625,-400000.0625,-400000.0625,-400000.0625,-400000.0625,-400000.0625
50.92939782142639,-400000.0625,-400000.0625,-400000.0625,-400000.0625,-400000.0625,-400000.0625,-400000.0625,-400000.0625
50.9346649646759,-400000.0625,-400000.0625,-400000.0625,-400000.0625,-400000.0625,-400000.0625,-400000.0625,-400000.0625
50.93931603431702,-400000.0625,-400000.0625,-400000.0625,-400000.0625,-400000.0625,-400000.0625,-400000.0625,-400000.0625
50.93932271003723,-400000.0625,-400000.0625,-400000.0625,-400000.0625,-400000.0625,-400000.0625,-400000.0625,-400000.0625
50.939327001571655,-400000.0625,-400000.0625,-400000.0625,-400000.0625,-400000.0625,-400000.0625,-400000.0625,-400000.0625
50.93933129310608,-400000.0625,-400000.0625,-400000.0625,-400000.0625,-400000.0625,-400000.0625,-400000.0625,-400000.0625
50.939335107803345,-400000.0625,-400000.0625,-400000.0625,-400000.0625,-400000.0625,-400000.0625,-400000.0625,-400000.0625
50.93933868408203,-400000.0625,-400000.0625,-400000.0625,-400000.0625,-400000.0625,-400000.0625,-400000.0625,-400000.0625
50.93934202194214,-400000.0625,-400000.0625,-400000.0625,-400000.0625,-400000.0625,-400000.0625,-400000.0625,-400000.0625
50.939345598220825,-400000.0625,-400000.0625,-400000.0625,-400000.0625,-400000.0625,-400000.0625,-400000.0625,-400000.0625
50.93934893608093,-400000.0625,-400000.0625,-400000.0625,-400000.0625,-400000.0625,-400000.0625,-400000.0625,-400000.0625
50.93935251235962,-400000.0625,-400000.0625,-400000.0625,-400000.0625,-400000.0625,-400000.0625,-400000.0625,-400000.0625
50.93935561180115,-400000.0625,-400000.0625,-400000.0625,-400000.0625,-400000.0625,-400000.0625,-400000.0625,-400000.0625
50.939359188079834,-400000.0625,-400000.0625,-400000.0625,-400000.0625,-400000.0625,-400000.0625,-400000.0625,-400000.0625
50.93936276435852,-400000.0625,-400000.0625,-400000.0625,-400000.0625,-400000.0625,-400000.0625,-400000.0625,-400000.0625
50.93936610221863,-400000.0625,-400000.0625,-400000.0625,-400000.0625,-400000.0625,-400000.0625,-400000.0625,-400000.0625
51.036768674850464,-400000.0625,-400000.0625,-400000.0625,-400000.0625,-400000.0625,-400000.0625,-400000.0625,-400000.0625
51.04942989349365,-400000.0625,-400000.0625,-400000.0625,-400000.0625,-400000.0625,-400000.0625,-400000.0625,-400000.0625
51.054144859313965,-400000.0625,-400000.0625,-400000.0625,-400000.0625,-400000.0625,-400000.0625,-400000.0625,-400000.0625
51.054152727127075,-400000.0625,-400000.0625,-400000.0625,-400000.0625,-400000.0625,-400000.0625,-400000.0625,-400000.0625
51.0541570186615,-400000.0625,-400000.0625,-400000.0625,-400000.0625,-400000.0625,-400000.0625,-400000.0625,-400000.0625
51.054161071777344,-400000.0625,-400000.0625,-400000.0625,-400000.0625,-400000.0625,-400000.0625,-400000.0625,-400000.0625
51.05416464805603,-400000.0625,-400000.0625,-400000.0625,-400000.0625,-400000.0625,-400000.0625,-400000.0625,-400000.0625
51.054168939590454,-400000.0625,-400000.0625,-400000.0625,-400000.0625,-400000.0625,-400000.0625,-400000.0625,-400000.0625
51.05417275428772,-400000.0625,-400000.0625,-400000.0625,-400000.0625,-400000.0625,-400000.0625,-400000.0625,-400000.0625
51.054176330566406,-400000.0625,-400000.0625,-400000.0625,-400000.0625,-400000.0625,-400000.0625,-400000.0625,-400000.0625
51.05418014526367,-400000.0625,-400000.0625,-400000.0625,-400000.0625,-400000.0625,-400000.0625,-400000.0625,-400000.0625
51.054184436798096,-400000.0625,-400000.0625,-400000.0625,-400000.0625,-400000.0625,-400000.0625,-400000.0625,-400000.0625
51.05418848991394,-400000.0625,-400000.0625,-400000.0625,-400000.0625,-400000.0625,-400000.0625,-400000.0625,-400000.0625
51.054192304611206,-400000.0625,-400000.0625,-400000.0625,-400000.0625,-400000.0625,-400000.0625,-400000.0625,-400000.0625
51.05419588088989,-400000.0625,-400000.0625,-400000.0625,-400000.0625,-400000.0625,-400000.0625,-400000.0625,-400000.0625
51.05419945716858,-400000.0625,-400000.0625,-400000.0625,-400000.0625,-400000.0625,-400000.0625,-400000.0625,-400000.0625
51.05913949012756,-400000.0625,-400000.0625,-400000.0625,-400000.0625,-400000.0625,-400000.0625,-400000.0625,-400000.0625
51.065232038497925,-400000.0625,-400000.0625,-400000.0625,-400000.0625,-400000.0625,-400000.0625,-400000.0625,-400000.0625
51.07013010978699,-400000.0625,-400000.0625,-400000.0625,-400000.0625,-400000.0625,-400000.0625,-400000.0625,-400000.0625
51.070138692855835,-400000.0625,-400000.0625,-400000.0625,-400000.0625,-400000.0625,-400000.0625,-400000.0625,-400000.0625
51.07014298439026,-400000.0625,-400000.0625,-400000.0625,-400000.0625,-400000.0625,-400000.0625,-400000.0625,-400000.0625
51.070146322250366,-400000.0625,-400000.0625,-400000.0625,-400000.0625,-400000.0625,-400000.0625,-400000.0625,-400000.0625
51.07014989852905,-400000.0625,-400000.0625,-400000.0625,-400000.0625,-400000.0625,-400000.0625,-400000.0625,-400000.0625
51.07015347480774,-400000.0625,-400000.0625,-400000.0625,-400000.0625,-400000.0625,-400000.0625,-400000.0625,-400000.0625
51.07015681266785,-400000.0625,-400000.0625,-400000.0625,-400000.0625,-400000.0625,-400000.0625,-400000.0625,-400000.0625
51.07016038894653,-400000.0625,-400000.0625,-400000.0625,-400000.0625,-400000.0625,-400000.0625,-400000.0625,-400000.0625
51.07016396522522,-400000.0625,-400000.0625,-400000.0625,-400000.0625,-400000.0625,-400000.0625,-400000.0625,-400000.0625
51.070167541503906,-400000.0625,-400000.0625,-400000.0625,-400000.0625,-400000.0625,-400000.0625,-400000.0625,-400000.0625
51.07017159461975,-400000.0625,-400000.0625,-400000.0625,-400000.0625,-400000.0625,-400000.0625,-400000.0625,-400000.0625
51.07017493247986,-400000.0625,-400000.0625,-400000.0625,-400000.0625,-400000.0625,-400000.0625,-400000.0625,-400000.0625
51.070178747177124,-400000.0625,-400000.0625,-400000.0625,-400000.0625,-400000.0625,-400000.0625,-400000.0625,-400000.0625
51.07018256187439,-400000.0625,-400000.0625,-400000.0625,-400000.0625,-400000.0625,-400000.0625,-400000.0625,-400000.0625
51.119041442871094,-400000.0625,-400000.0625,-400000.0625,-400000.0625,-400000.0625,-400000.0625,-400000.0625,-400000.0625
51.124634742736816,-400000.0625,-400000.0625,-400000.0625,-400000.0625,-400000.0625,-400000.0625,-400000.0625,-400000.0625
51.130861043930054,-400000.0625,-400000.0625,-400000.0625,-400000.0625,-400000.0625,-400000.0625,-400000.0625,-400000.0625
51.13585925102234,-400000.0625,-400000.0625,-400000.0625,-400000.0625,-400000.0625,-400000.0625,-400000.0625,-400000.0625
51.135868549346924,-400000.0625,-400000.0625,-400000.0625,-400000.0625,-400000.0625,-400000.0625,-400000.0625,-400000.0625
51.141775608062744,-400000.0625,-400000.0625,-400000.0625,-400000.0625,-400000.0625,-400000.0625,-400000.0625,-400000.0625
51.153846979141235,-400000.0625,-400000.0625,-400000.0625,-400000.0625,-400000.0625,-400000.0625,-400000.0625,-400000.0625
51.24918079376221,-400000.0625,-400000.0625,-400000.0625,-400000.0625,-400000.0625,-400000.0625,-400000.0625,-400000.0625
51.43785619735718,-400000.0625,-400000.0625,-400000.0625,-400000.0625,-400000.0625,-400000.0625,-400000.0625,-400000.0625
51.505518198013306,-400000.0625,-400000.0625,-400000.0625,-400000.0625,-400000.0625,-400000.0625,-400000.0625,-400000.0625
51.57047963142395,-400000.0625,-400000.0625,-400000.0625,-400000.0625,-400000.0625,-400000.0625,-400000.0625,-400000.0625
51.63406729698181,-400000.0625,-400000.0625,-400000.0625,-400000.0625,-400000.0625,-400000.0625,-400000.0625,-400000.0625
51.82172179222107,-400000.0625,-400000.0625,-400000.0625,-400000.0625,-400000.0625,-400000.0625,-400000.0625,-400000.0625
51.95052218437195,-400000.0625,-400000.0625,-400000.0625,-400000.0625,-400000.0625,-400000.0625,-400000.0625,-400000.0625
52.02537512779236,-400000.0625,-400000.0625,-400000.0625,-400000.0625,-400000.0625,-400000.0625,-400000.0625,-400000.0625
52.129225730895996,-400000.0625,-400000.0625,-400000.0625,-400000.0625,-400000.0625,-400000.0625,-400000.0625,-400000.0625
52.14162588119507,-400000.0625,-400000.0625,-400000.0625,-400000.0625,-400000.0625,-400000.0625,-400000.0625,-400000.0625
52.22308278083801,-400000.0625,-400000.0625,-400000.0625,-400000.0625,-400000.0625,-400000.0625,-400000.0625,-400000.0625
52.33862257003784,-400000.0625,-400000.0625,-400000.0625,-400000.0625,-400000.0625,-400000.0625,-400000.0625,-400000.0625
52.49674940109253,-400000.0625,-400000.0625,-400000.0625,-400000.0625,-400000.0625,-400000.0625,-400000.0625,-400000.0625
52.52563166618347,-400000.0625,-400000.0625,-400000.0625,-400000.0625,-400000.0625,-400000.0625,-400000.0625,-400000.0625
52.59251546859741,-400000.0625,-400000.0625,-400000.0625,-400000.0625,-400000.0625,-400000.0625,-400000.0625,-400000.0625
52.666688203811646,-400000.0625,-400000.0625,-400000.0625,-400000.0625,-400000.0625,-400000.0625,-400000.0625,-400000.0625
52.71912693977356,-400000.0625,-400000.0625,-400000.0625,-400000.0625,-400000.0625,-400000.0625,-400000.0625,-400000.0625
52.85800504684448,-400000.0625,-400000.0625,-400000.0625,-400000.0625,-400000.0625,-400000.0625,-400000.0625,-400000.0625
52.9141161441803,-400000.0625,-400000.0625,-400000.0625,-400000.0625,-400000.0625,-400000.0625,-400000.0625,-400000.0625
53.041972637176514,-400000.0625,-400000.0625,-400000.0625,-400000.0625,-400000.0625,-400000.0625,-400000.0625,-400000.0625
53.11683750152588,-400000.0625,-400000.0625,-400000.0625,-400000.0625,-400000.0625,-400000.0625,-400000.0625,-400000.0625
53.17451024055481,-400000.0625,-400000.0625,-400000.0625,-400000.0625,-400000.0625,-400000.0625,-400000.0625,-400000.0625
53.18440842628479,-400000.0625,-400000.0625,-400000.0625,-400000.0625,-400000.0625,-400000.0625,-400000.0625,-400000.0625
53.1893892288208,-400000.0625,-400000.0625,-400000.0625,-400000.0625,-400000.0625,-400000.0625,-400000.0625,-400000.0625
53.1893994808197,-400000.0625,-400000.0625,-400000.0625,-400000.0625,-400000.0625,-400000.0625,-400000.0625,-400000.0625
53.18940329551697,-400000.0625,-400000.0625,-400000.0625,-400000.0625,-400000.0625,-400000.0625,-400000.0625,-400000.0625
53.18940711021423,-400000.0625,-400000.0625,-400000.0625,-400000.0625,-400000.0625,-400000.0625,-400000.0625,-400000.0625
53.1894109249115,-400000.0625,-400000.0625,-400000.0625,-400000.0625,-400000.0625,-400000.0625,-400000.0625,-400000.0625
53.189414501190186,-400000.0625,-400000.0625,-400000.0625,-400000.0625,-400000.0625,-400000.0625,-400000.0625,-400000.0625
53.197439193725586,-400000.0625,-400000.0625,-400000.0625,-400000.0625,-400000.0625,-400000.0625,-400000.0625,-400000.0625
53.20254588127136,-400000.0625,-400000.0625,-400000.0625,-400000.0625,-400000.0625,-400000.0625,-400000.0625,-400000.0625
53.20883798599243,-400000.0625,-400000.0625,-400000.0625,-400000.0625,-400000.0625,-400000.0625,-400000.0625,-400000.0625
53.21465253829956,-400000.0625,-400000.0625,-400000.0625,-400000.0625,-400000.0625,-400000.0625,-400000.0625,-400000.0625
53.220388650894165,-400000.0625,-400000.0625,-400000.0625,-400000.0625,-400000.0625,-400000.0625,-400000.0625,-400000.0625
53.22693729400635,-400000.0625,-400000.0625,-400000.0625,-400000.0625,-400000.0625,-400000.0625,-400000.0625,-400000.0625
53.23259973526001,-400000.0625,-400000.0625,-400000.0625,-400000.0625,-400000.0625,-400000.0625,-400000.0625,-400000.0625
53.23867225646973,-400000.0625,-400000.0625,-400000.0625,-400000.0625,-400000.0625,-400000.0625,-400000.0625,-400000.0625
53.24725008010864,-400000.0625,-400000.0625,-400000.0625,-400000.0625,-400000.0625,-400000.0625,-400000.0625,-400000.0625
53.2540009021759,-400000.0625,-400000.0625,-400000.0625,-400000.0625,-400000.0625,-400000.0625,-400000.0625,-400000.0625
53.2601375579834,-400000.0625,-400000.0625,-400000.0625,-400000.0625,-400000.0625,-400000.0625,-400000.0625,-400000.0625
53.26505708694458,-400000.0625,-400000.0625,-400000.0625,-400000.0625,-400000.0625,-400000.0625,-400000.0625,-400000.0625
53.2650682926178,-400000.0625,-400000.0625,-400000.0625,-400000.0625,-400000.0625,-400000.0625,-400000.0625,-400000.0625
53.26507353782654,-400000.0625,-400000.0625,-400000.0625,-400000.0625,-400000.0625,-400000.0625,-400000.0625,-400000.0625
53.26507759094238,-400000.0625,-400000.0625,-400000.0625,-400000.0625,-400000.0625,-400000.0625,-400000.0625,-400000.0625
53.26508164405823,-400000.0625,-400000.0625,-400000.0625,-400000.0625,-400000.0625,-400000.0625,-400000.0625,-400000.0625
53.26508617401123,-400000.0625,-400000.0625,-400000.0625,-400000.0625,-400000.0625,-400000.0625,-400000.0625,-400000.0625
53.26509070396423,-400000.0625,-400000.0625,-400000.0625,-400000.0625,-400000.0625,-400000.0625,-400000.0625,-400000.0625
53.265095472335815,-400000.0625,-400000.0625,-400000.0625,-400000.0625,-400000.0625,-400000.0625,-400000.0625,-400000.0625
53.26509952545166,-400000.0625,-400000.0625,-400000.0625,-400000.0625,-400000.0625,-400000.0625,-400000.0625,-400000.0625
53.26510405540466,-400000.0625,-400000.0625,-400000.0625,-400000.0625,-400000.0625,-400000.0625,-400000.0625,-400000.0625
53.265108823776245,-400000.0625,-400000.0625,-400000.0625,-400000.0625,-400000.0625,-400000.0625,-400000.0625,-400000.0625
53.26511359214783,-400000.0625,-400000.0625,-400000.0625,-400000.0625,-400000.0625,-400000.0625,-400000.0625,-400000.0625
53.26511812210083,-400000.0625,-400000.0625,-400000.0625,-400000.0625,-400000.0625,-400000.0625,-400000.0625,-400000.0625
53.29415774345398,-400000.0625,-400000.0625,-400000.0625,-400000.0625,-400000.0625,-400000.0625,-400000.0625,-400000.0625
53.30303192138672,-400000.0625,-400000.0625,-400000.0625,-400000.0625,-400000.0625,-400000.0625,-400000.0625,-400000.0625
53.309849977493286,-400000.0625,-400000.0625,-400000.0625,-400000.0625,-400000.0625,-400000.0625,-400000.0625,-400000.0625
53.31646156311035,-400000.0625,-400000.0625,-400000.0625,-400000.0625,-400000.0625,-400000.0625,-400000.0625,-400000.0625
53.32197284698486,-400000.0625,-400000.0625,-400000.0625,-400000.0625,-400000.0625,-400000.0625,-400000.0625,-400000.0625
53.330087423324585,-400000.0625,-400000.0625,-400000.0625,-400000.0625,-400000.0625,-400000.0625,-400000.0625,-400000.0625
53.33564615249634,-400000.0625,-400000.0625,-400000.0625,-400000.0625,-400000.0625,-400000.0625,-400000.0625,-400000.0625
53.341235876083374,-400000.0625,-400000.0625,-400000.0625,-400000.0625,-400000.0625,-400000.0625,-400000.0625,-400000.0625
53.34745812416077,-400000.0625,-400000.0625,-400000.0625,-400000.0625,-400000.0625,-400000.0625,-400000.0625,-400000.0625
53.35203742980957,-400000.0625,-400000.0625,-400000.0625,-400000.0625,-400000.0625,-400000.0625,-400000.0625,-400000.0625
53.35204601287842,-400000.0625,-400000.0625,-400000.0625,-400000.0625,-400000.0625,-400000.0625,-400000.0625,-400000.0625
53.35205030441284,-400000.0625,-400000.0625,-400000.0625,-400000.0625,-400000.0625,-400000.0625,-400000.0625,-400000.0625
53.35205435752869,-400000.0625,-400000.0625,-400000.0625,-400000.0625,-400000.0625,-400000.0625,-400000.0625,-400000.0625
53.35205817222595,-400000.0625,-400000.0625,-400000.0625,-400000.0625,-400000.0625,-400000.0625,-400000.0625,-400000.0625
53.35206174850464,-400000.0625,-400000.0625,-400000.0625,-400000.0625,-400000.0625,-400000.0625,-400000.0625,-400000.0625
53.352065324783325,-400000.0625,-400000.0625,-400000.0625,-400000.0625,-400000.0625,-400000.0625,-400000.0625,-400000.0625
53.37282872200012,-400000.0625,-400000.0625,-400000.0625,-400000.0625,-400000.0625,-400000.0625,-400000.0625,-400000.0625
53.38096284866333,-400000.0625,-400000.0625,-400000.0625,-400000.0625,-400000.0625,-400000.0625,-400000.0625,-400000.0625
53.385552644729614,-400000.0625,-400000.0625,-400000.0625,-400000.0625,-400000.0625,-400000.0625,-400000.0625,-400000.0625
53.385560750961304,-400000.0625,-400000.0625,-400000.0625,-400000.0625,-400000.0625,-400000.0625,-400000.0625,-400000.0625
53.38556456565857,-400000.0625,-400000.0625,-400000.0625,-400000.0625,-400000.0625,-400000.0625,-400000.0625,-400000.0625
53.385568380355835,-400000.0625,-400000.0625,-400000.0625,-400000.0625,-400000.0625,-400000.0625,-400000.0625,-400000.0625
53.38557195663452,-400000.0625,-400000.0625,-400000.0625,-400000.0625,-400000.0625,-400000.0625,-400000.0625,-400000.0625
53.38557553291321,-400000.0625,-400000.0625,-400000.0625,-400000.0625,-400000.0625,-400000.0625,-400000.0625,-400000.0625
53.385579109191895,-400000.0625,-400000.0625,-400000.0625,-400000.0625,-400000.0625,-400000.0625,-400000.0625,-400000.0625
53.38558268547058,-400000.0625,-400000.0625,-400000.0625,-400000.0625,-400000.0625,-400000.0625,-400000.0625,-400000.0625
53.38558626174927,-400000.0625,-400000.0625,-400000.0625,-400000.0625,-400000.0625,-400000.0625,-400000.0625,-400000.0625
53.385589599609375,-400000.0625,-400000.0625,-400000.0625,-400000.0625,-400000.0625,-400000.0625,-400000.0625,-400000.0625
53.38559317588806,-400000.0625,-400000.0625,-400000.0625,-400000.0625,-400000.0625,-400000.0625,-400000.0625,-400000.0625
53.38559675216675,-400000.0625,-400000.0625,-400000.0625,-400000.0625,-400000.0625,-400000.0625,-400000.0625,-400000.0625
53.385600090026855,-400000.0625,-400000.0625,-400000.0625,-400000.0625,-400000.0625,-400000.0625,-400000.0625,-400000.0625
53.38560390472412,-400000.0625,-400000.0625,-400000.0625,-400000.0625,-400000.0625,-400000.0625,-400000.0625,-400000.0625
53.425469398498535,-400000.0625,-400000.0625,-400000.0625,-400000.0625,-400000.0625,-400000.0625,-400000.0625,-400000.0625
53.43458938598633,-400000.0625,-400000.0625,-400000.0625,-400000.0625,-400000.0625,-400000.0625,-400000.0625,-400000.0625
53.43889570236206,-400000.0625,-400000.0625,-400000.0625,-400000.0625,-400000.0625,-400000.0625,-400000.0625,-400000.0625
53.438902854919434,-400000.0625,-400000.0625,-400000.0625,-400000.0625,-400000.0625,-400000.0625,-400000.0625,-400000.0625
53.43890690803528,-400000.0625,-400000.0625,-400000.0625,-400000.0625,-400000.0625,-400000.0625,-400000.0625,-400000.0625
53.438910722732544,-400000.0625,-400000.0625,-400000.0625,-400000.0625,-400000.0625,-400000.0625,-400000.0625,-400000.0625
53.43891429901123,-400000.0625,-400000.0625,-400000.0625,-400000.0625,-400000.0625,-400000.0625,-400000.0625,-400000.0625
53.43891787528992,-400000.0625,-400000.0625,-400000.0625,-400000.0625,-400000.0625,-400000.0625,-400000.0625,-400000.0625
53.438921213150024,-400000.0625,-400000.0625,-400000.0625,-400000.0625,-400000.0625,-400000.0625,-400000.0625,-400000.0625
53.43892455101013,-400000.0625,-400000.0625,-400000.0625,-400000.0625,-400000.0625,-400000.0625,-400000.0625,-400000.0625
53.438928842544556,-400000.0625,-400000.0625,-400000.0625,-400000.0625,-400000.0625,-400000.0625,-400000.0625,-400000.0625
53.43893265724182,-400000.0625,-400000.0625,-400000.0625,-400000.0625,-400000.0625,-400000.0625,-400000.0625,-400000.0625
53.43893599510193,-400000.0625,-400000.0625,-400000.0625,-400000.0625,-400000.0625,-400000.0625,-400000.0625,-400000.0625
53.438939809799194,-400000.0625,-400000.0625,-400000.0625,-400000.0625,-400000.0625,-400000.0625,-400000.0625,-400000.0625
53.438944816589355,-400000.0625,-400000.0625,-400000.0625,-400000.0625,-400000.0625,-400000.0625,-400000.0625,-400000.0625
53.43894815444946,-400000.0625,-400000.0625,-400000.0625,-400000.0625,-400000.0625,-400000.0625,-400000.0625,-400000.0625
53.48802638053894,-400000.0625,-400000.0625,-400000.0625,-400000.0625,-400000.0625,-400000.0625,-400000.0625,-400000.0625
53.49528169631958,-400000.0625,-400000.0625,-400000.0625,-400000.0625,-400000.0625,-400000.0625,-400000.0625,-400000.0625
53.501543045043945,-400000.0625,-400000.0625,-400000.0625,-400000.0625,-400000.0625,-400000.0625,-400000.0625,-400000.0625
53.5075409412384,-400000.0625,-400000.0625,-400000.0625,-400000.0625,-400000.0625,-400000.0625,-400000.0625,-400000.0625
53.51383304595947,-400000.0625,-400000.0625,-400000.0625,-400000.0625,-400000.0625,-400000.0625,-400000.0625,-400000.0625
53.518507957458496,-400000.0625,-400000.0625,-400000.0625,-400000.0625,-400000.0625,-400000.0625,-400000.0625,-400000.0625
53.51851725578308,-400000.0625,-400000.0625,-400000.0625,-400000.0625,-400000.0625,-400000.0625,-400000.0625,-400000.0625
53.518521547317505,-400000.0625,-400000.0625,-400000.0625,-400000.0625,-400000.0625,-400000.0625,-400000.0625,-400000.0625
53.51852512359619,-400000.0625,-400000.0625,-400000.0625,-400000.0625,-400000.0625,-400000.0625,-400000.0625,-400000.0625
53.51852869987488,-400000.0625,-400000.0625,-400000.0625,-400000.0625,-400000.0625,-400000.0625,-400000.0625,-400000.0625
53.518532276153564,-400000.0625,-400000.0625,-400000.0625,-400000.0625,-400000.0625,-400000.0625,-400000.0625,-400000.0625
53.51853585243225,-400000.0625,-400000.0625,-400000.0625,-400000.0625,-400000.0625,-400000.0625,-400000.0625,-400000.0625
53.51853942871094,-400000.0625,-400000.0625,-400000.0625,-400000.0625,-400000.0625,-400000.0625,-400000.0625,-400000.0625
53.5185432434082,-400000.0625,-400000.0625,-400000.0625,-400000.0625,-400000.0625,-400000.0625,-400000.0625,-400000.0625
53.51854658126831,-400000.0625,-400000.0625,-400000.0625,-400000.0625,-400000.0625,-400000.0625,-400000.0625,-400000.0625
53.518550157547,-400000.0625,-400000.0625,-400000.0625,-400000.0625,-400000.0625,-400000.0625,-400000.0625,-400000.0625
53.605485916137695,-400000.0625,-400000.0625,-400000.0625,-400000.0625,-400000.0625,-400000.0625,-400000.0625,-400000.0625
53.61858081817627,-400000.0625,-400000.0625,-400000.0625,-400000.0625,-400000.0625,-400000.0625,-400000.0625,-400000.0625
53.62431526184082,-400000.0625,-400000.0625,-400000.0625,-400000.0625,-400000.0625,-400000.0625,-400000.0625,-400000.0625
53.63040518760681,-400000.0625,-400000.0625,-400000.0625,-400000.0625,-400000.0625,-400000.0625,-400000.0625,-400000.0625
53.63502216339111,-400000.0625,-400000.0625,-400000.0625,-400000.0625,-400000.0625,-400000.0625,-400000.0625,-400000.0625
53.635031938552856,-400000.0625,-400000.0625,-400000.0625,-400000.0625,-400000.0625,-400000.0625,-400000.0625,-400000.0625
53.63506460189819,-400000.0625,-400000.0625,-400000.0625,-400000.0625,-400000.0625,-400000.0625,-400000.0625,-400000.0625
53.63507056236267,-400000.0625,-400000.0625,-400000.0625,-400000.0625,-400000.0625,-400000.0625,-400000.0625,-400000.0625
53.63507628440857,-400000.0625,-400000.0625,-400000.0625,-400000.0625,-400000.0625,-400000.0625,-400000.0625,-400000.0625
53.63508224487305,-400000.0625,-400000.0625,-400000.0625,-400000.0625,-400000.0625,-400000.0625,-400000.0625,-400000.0625
53.63509178161621,-400000.0625,-400000.0625,-400000.0625,-400000.0625,-400000.0625,-400000.0625,-400000.0625,-400000.0625
53.63509798049927,-400000.0625,-400000.0625,-400000.0625,-400000.0625,-400000.0625,-400000.0625,-400000.0625,-400000.0625
53.635103702545166,-400000.0625,-400000.0625,-400000.0625,-400000.0625,-400000.0625,-400000.0625,-400000.0625,-400000.0625
53.635109186172485,-400000.0625,-400000.0625,-400000.0625,-400000.0625,-400000.0625,-400000.0625,-400000.0625,-400000.0625
53.635114431381226,-400000.0625,-400000.0625,-400000.0625,-400000.0625,-400000.0625,-400000.0625,-400000.0625,-400000.0625
53.63511919975281,-400000.0625,-400000.0625,-400000.0625,-400000.0625,-400000.0625,-400000.0625,-400000.0625,-400000.0625
53.635124921798706,-400000.0625,-400000.0625,-400000.0625,-400000.0625,-400000.0625,-400000.0625,-400000.0625,-400000.0625
53.635130643844604,-400000.0625,-400000.0625,-400000.0625,-400000.0625,-400000.0625,-400000.0625,-400000.0625,-400000.0625
53.63513684272766,-400000.0625,-400000.0625,-400000.0625,-400000.0625,-400000.0625,-400000.0625,-400000.0625,-400000.0625
53.63514304161072,-400000.0625,-400000.0625,-400000.0625,-400000.0625,-400000.0625,-400000.0625,-400000.0625,-400000.0625
53.635149002075195,-400000.0625,-400000.0625,-400000.0625,-400000.0625,-400000.0625,-400000.0625,-400000.0625,-400000.0625
53.635154008865356,-400000.0625,-400000.0625,-400000.0625,-400000.0625,-400000.0625,-400000.0625,-400000.0625,-400000.0625
53.635159730911255,-400000.0625,-400000.0625,-400000.0625,-400000.0625,-400000.0625,-400000.0625,-400000.0625,-400000.0625
53.635165214538574,-400000.0625,-400000.0625,-400000.0625,-400000.0625,-400000.0625,-400000.0625,-400000.0625,-400000.0625
53.63517189025879,-400000.0625,-400000.0625,-400000.0625,-400000.0625,-400000.0625,-400000.0625,-400000.0625,-400000.0625
53.635178089141846,-400000.0625,-400000.0625,-400000.0625,-400000.0625,-400000.0625,-400000.0625,-400000.0625,-400000.0625
53.63518524169922,-400000.0625,-400000.0625,-400000.0625,-400000.0625,-400000.0625,-400000.0625,-400000.0625,-400000.0625
53.635191917419434,-400000.0625,-400000.0625,-400000.0625,-400000.0625,-400000.0625,-400000.0625,-400000.0625,-400000.0625
53.63519835472107,-400000.0625,-400000.0625,-400000.0625,-400000.0625,-400000.0625,-400000.0625,-400000.0625,-400000.0625
53.63520431518555,-400000.0625,-400000.0625,-400000.0625,-400000.0625,-400000.0625,-400000.0625,-400000.0625,-400000.0625
53.63520884513855,-400000.0625,-400000.0625,-400000.0625,-400000.0625,-400000.0625,-400000.0625,-400000.0625,-400000.0625
53.63521432876587,-400000.0625,-400000.0625,-400000.0625,-400000.0625,-400000.0625,-400000.0625,-400000.0625,-400000.0625
53.677791118621826,-400000.0625,-400000.0625,-400000.0625,-400000.0625,-400000.0625,-400000.0625,-400000.0625,-400000.0625
53.87401103973389,-400000.0625,-400000.0625,-400000.0625,-400000.0625,-400000.0625,-400000.0625,-400000.0625,-400000.0625
53.9653639793396,-400000.0625,-400000.0625,-400000.0625,-400000.0625,-400000.0625,-400000.0625,-400000.0625,-400000.0625
53.99773621559143,-400000.0625,-400000.0625,-400000.0625,-400000.0625,-400000.0625,-400000.0625,-400000.0625,-400000.0625
54.06541299819946,-400000.0625,-400000.0625,-400000.0625,-400000.0625,-400000.0625,-400000.0625,-400000.0625,-400000.0625
54.33712196350098,-400000.0625,-400000.0625,-400000.0625,-400000.0625,-400000.0625,-400000.0625,-400000.0625,-400000.0625
54.38408637046814,-400000.0625,-400000.0625,-400000.0625,-400000.0625,-400000.0625,-400000.0625,-400000.0625,-400000.0625
54.52387452125549,-400000.0625,-400000.0625,-400000.0625,-400000.0625,-400000.0625,-400000.0625,-400000.0625,-400000.0625
54.57790541648865,-400000.0625,-400000.0625,-400000.0625,-400000.0625,-400000.0625,-400000.0625,-400000.0625,-400000.0625
54.734265089035034,-400000.0625,-400000.0625,-400000.0625,-400000.0625,-400000.0625,-400000.0625,-400000.0625,-400000.0625
54.773627281188965,-400000.0625,-400000.0625,-400000.0625,-400000.0625,-400000.0625,-400000.0625,-400000.0625,-400000.0625
54.84094595909119,-400000.0625,-400000.0625,-400000.0625,-400000.0625,-400000.0625,-400000.0625,-400000.0625,-400000.0625
54.97044038772583,-400000.0625,-400000.0625,-400000.0625,-400000.0625,-400000.0625,-400000.0625,-400000.0625,-400000.0625
55.060611724853516,-400000.0625,-400000.0625,-400000.0625,-400000.0625,-400000.0625,-400000.0625,-400000.0625,-400000.0625
55.16893672943115,-400000.0625,-400000.0625,-400000.0625,-400000.0625,-400000.0625,-400000.0625,-400000.0625,-400000.0625
55.224493741989136,-400000.0625,-400000.0625,-400000.0625,-400000.0625,-400000.0625,-400000.0625,-400000.0625,-400000.0625
55.34440875053406,-400000.0625,-400000.0625,-400000.0625,-400000.0625,-400000.0625,-400000.0625,-400000.0625,-400000.0625
55.42919611930847,-400000.0625,-400000.0625,-400000.0625,-400000.0625,-400000.0625,-400000.0625,-400000.0625,-400000.0625
55.54117774963379,-400000.0625,-400000.0625,-400000.0625,-400000.0625,-400000.0625,-400000.0625,-400000.0625,-400000.0625
55.59895944595337,-400000.0625,-400000.0625,-400000.0625,-400000.0625,-400000.0625,-400000.0625,-400000.0625,-400000.0625
55.72672152519226,-400000.0625,-400000.0625,-400000.0625,-400000.0625,-400000.0625,-400000.0625,-400000.0625,-400000.0625
55.736154317855835,-400000.0625,-400000.0625,-400000.0625,-400000.0625,-400000.0625,-400000.0625,-400000.0625,-400000.0625
55.7410192489624,-400000.0625,-400000.0625,-400000.0625,-400000.0625,-400000.0625,-400000.0625,-400000.0625,-400000.0625
55.741037368774414,-400000.0625,-400000.0625,-400000.0625,-400000.0625,-400000.0625,-400000.0625,-400000.0625,-400000.0625
55.74104404449463,-400000.0625,-400000.0625,-400000.0625,-400000.0625,-400000.0625,-400000.0625,-400000.0625,-400000.0625
55.74104928970337,-400000.0625,-400000.0625,-400000.0625,-400000.0625,-400000.0625,-400000.0625,-400000.0625,-400000.0625
55.74105525016785,-400000.0625,-400000.0625,-400000.0625,-400000.0625,-400000.0625,-400000.0625,-400000.0625,-400000.0625
55.74106001853943,-400000.0625,-400000.0625,-400000.0625,-400000.0625,-400000.0625,-400000.0625,-400000.0625,-400000.0625
55.74106478691101,-400000.0625,-400000.0625,-400000.0625,-400000.0625,-400000.0625,-400000.0625,-400000.0625,-400000.0625
55.741068601608276,-400000.0625,-400000.0625,-400000.0625,-400000.0625,-400000.0625,-400000.0625,-400000.0625,-400000.0625
55.74107217788696,-400000.0625,-400000.0625,-400000.0625,-400000.0625,-400000.0625,-400000.0625,-400000.0625,-400000.0625
55.74107623100281,-400000.0625,-400000.0625,-400000.0625,-400000.0625,-400000.0625,-400000.0625,-400000.0625,-400000.0625
55.741079807281494,-400000.0625,-400000.0625,-400000.0625,-400000.0625,-400000.0625,-400000.0625,-400000.0625,-400000.0625
55.74108338356018,-400000.0625,-400000.0625,-400000.0625,-400000.0625,-400000.0625,-400000.0625,-400000.0625,-400000.0625
55.741087198257446,-400000.0625,-400000.0625,-400000.0625,-400000.0625,-400000.0625,-400000.0625,-400000.0625,-400000.0625
55.74109077453613,-400000.0625,-400000.0625,-400000.0625,-400000.0625,-400000.0625,-400000.0625,-400000.0625,-400000.0625
55.79772353172302,-400000.0625,-400000.0625,-400000.0625,-400000.0625,-400000.0625,-400000.0625,-400000.0625,-400000.0625
55.80497622489929,-400000.0625,-400000.0625,-400000.0625,-400000.0625,-400000.0625,-400000.0625,-400000.0625,-400000.0625
55.81089234352112,-400000.0625,-400000.0625,-400000.0625,-400000.0625,-400000.0625,-400000.0625,-400000.0625,-400000.0625
55.81661629676819,-400000.0625,-400000.0625,-400000.0625,-400000.0625,-400000.0625,-400000.0625,-400000.0625,-400000.0625
55.82551836967468,-400000.0625,-400000.0625,-400000.0625,-400000.0625,-400000.0625,-400000.0625,-400000.0625,-400000.0625
55.83178424835205,-400000.0625,-400000.0625,-400000.0625,-400000.0625,-400000.0625,-400000.0625,-400000.0625,-400000.0625
55.84162640571594,-400000.0625,-400000.0625,-400000.0625,-400000.0625,-400000.0625,-400000.0625,-400000.0625,-400000.0625
55.847912549972534,-400000.0625,-400000.0625,-400000.0625,-400000.0625,-400000.0625,-400000.0625,-400000.0625,-400000.0625
55.853622913360596,-400000.0625,-400000.0625,-400000.0625,-400000.0625,-400000.0625,-400000.0625,-400000.0625,-400000.0625
55.85967397689819,-400000.0625,-400000.0625,-400000.0625,-400000.0625,-400000.0625,-400000.0625,-400000.0625,-400000.0625
55.86493730545044,-400000.0625,-400000.0625,-400000.0625,-400000.0625,-400000.0625,-400000.0625,-400000.0625,-400000.0625
55.87057709693909,-400000.0625,-400000.0625,-400000.0625,-400000.0625,-400000.0625,-400000.0625,-400000.0625,-400000.0625
55.879716634750366,-400000.0625,-400000.0625,-400000.0625,-400000.0625,-400000.0625,-400000.0625,-400000.0625,-400000.0625
55.88501477241516,-400000.0625,-400000.0625,-400000.0625,-400000.0625,-400000.0625,-400000.0625,-400000.0625,-400000.0625
55.89465069770813,-400000.0625,-400000.0625,-400000.0625,-400000.0625,-400000.0625,-400000.0625,-400000.0625,-400000.0625
55.90031886100769,-400000.0625,-400000.0625,-400000.0625,-400000.0625,-400000.0625,-400000.0625,-400000.0625,-400000.0625
55.9048912525177,-400000.0625,-400000.0625,-400000.0625,-400000.0625,-400000.0625,-400000.0625,-400000.0625,-400000.0625
55.90489912033081,-400000.0625,-400000.0625,-400000.0625,-400000.0625,-400000.0625,-400000.0625,-400000.0625,-400000.0625
55.90490388870239,-400000.0625,-400000.0625,-400000.0625,-400000.0625,-400000.0625,-400000.0625,-400000.0625,-400000.0625
55.90490770339966,-400000.0625,-400000.0625,-400000.0625,-400000.0625,-400000.0625,-400000.0625,-400000.0625,-400000.0625
55.9049117565155,-400000.0625,-400000.0625,-400000.0625,-400000.0625,-400000.0625,-400000.0625,-400000.0625,-400000.0625
55.90491533279419,-400000.0625,-400000.0625,-400000.0625,-400000.0625,-400000.0625,-400000.0625,-400000.0625,-400000.0625
55.904918909072876,-400000.0625,-400000.0625,-400000.0625,-400000.0625,-400000.0625,-400000.0625,-400000.0625,-400000.0625
55.90492272377014,-400000.0625,-400000.0625,-400000.0625,-400000.0625,-400000.0625,-400000.0625,-400000.0625,-400000.0625
55.90492630004883,-400000.0625,-400000.0625,-400000.0625,-400000.0625,-400000.0625,-400000.0625,-400000.0625,-400000.0625
55.904929876327515,-400000.0625,-400000.0625,-400000.0625,-400000.0625,-400000.0625,-400000.0625,-400000.0625,-400000.0625
55.9049334526062,-400000.0625,-400000.0625,-400000.0625,-400000.0625,-400000.0625,-400000.0625,-400000.0625,-400000.0625
55.90493726730347,-400000.0625,-400000.0625,-400000.0625,-400000.0625,-400000.0625,-400000.0625,-400000.0625,-400000.0625
55.90494132041931,-400000.0625,-400000.0625,-400000.0625,-400000.0625,-400000.0625,-400000.0625,-400000.0625,-400000.0625
55.904944896698,-400000.0625,-400000.0625,-400000.0625,-400000.0625,-400000.0625,-400000.0625,-400000.0625,-400000.0625
55.904948472976685,-400000.0625,-400000.0625,-400000.0625,-400000.0625,-400000.0625,-400000.0625,-400000.0625,-400000.0625
55.90495252609253,-400000.0625,-400000.0625,-400000.0625,-400000.0625,-400000.0625,-400000.0625,-400000.0625,-400000.0625
55.92909812927246,-400000.0625,-400000.0625,-400000.0625,-400000.0625,-400000.0625,-400000.0625,-400000.0625,-400000.0625
55.93413043022156,-400000.0625,-400000.0625,-400000.0625,-400000.0625,-400000.0625,-400000.0625,-400000.0625,-400000.0625
55.944854974746704,-400000.0625,-400000.0625,-400000.0625,-400000.0625,-400000.0625,-400000.0625,-400000.0625,-400000.0625
55.95048379898071,-400000.0625,-400000.0625,-400000.0625,-400000.0625,-400000.0625,-400000.0625,-400000.0625,-400000.0625
55.955156326293945,-400000.0625,-400000.0625,-400000.0625,-400000.0625,-400000.0625,-400000.0625,-400000.0625,-400000.0625
55.95516586303711,-400000.0625,-400000.0625,-400000.0625,-400000.0625,-400000.0625,-400000.0625,-400000.0625,-400000.0625
55.955169916152954,-400000.0625,-400000.0625,-400000.0625,-400000.0625,-400000.0625,-400000.0625,-400000.0625,-400000.0625
55.955175161361694,-400000.0625,-400000.0625,-400000.0625,-400000.0625,-400000.0625,-400000.0625,-400000.0625,-400000.0625
55.95517921447754,-400000.0625,-400000.0625,-400000.0625,-400000.0625,-400000.0625,-400000.0625,-400000.0625,-400000.0625
55.955183029174805,-400000.0625,-400000.0625,-400000.0625,-400000.0625,-400000.0625,-400000.0625,-400000.0625,-400000.0625
55.95518898963928,-400000.0625,-400000.0625,-400000.0625,-400000.0625,-400000.0625,-400000.0625,-400000.0625,-400000.0625
55.955193281173706,-400000.0625,-400000.0625,-400000.0625,-400000.0625,-400000.0625,-400000.0625,-400000.0625,-400000.0625
55.95520615577698,-400000.0625,-400000.0625,-400000.0625,-400000.0625,-400000.0625,-400000.0625,-400000.0625,-400000.0625
55.95521068572998,-400000.0625,-400000.0625,-400000.0625,-400000.0625,-400000.0625,-400000.0625,-400000.0625,-400000.0625
55.95521521568298,-400000.0625,-400000.0625,-400000.0625,-400000.0625,-400000.0625,-400000.0625,-400000.0625,-400000.0625
55.95521926879883,-400000.0625,-400000.0625,-400000.0625,-400000.0625,-400000.0625,-400000.0625,-400000.0625,-400000.0625
55.990782499313354,-400000.0625,-400000.0625,-400000.0625,-400000.0625,-400000.0625,-400000.0625,-400000.0625,-400000.0625
55.99681806564331,-400000.0625,-400000.0625,-400000.0625,-400000.0625,-400000.0625,-400000.0625,-400000.0625,-400000.0625
56.00258708000183,-400000.0625,-400000.0625,-400000.0625,-400000.0625,-400000.0625,-400000.0625,-400000.0625,-400000.0625
56.01193022727966,-400000.0625,-400000.0625,-400000.0625,-400000.0625,-400000.0625,-400000.0625,-400000.0625,-400000.0625
56.01786017417908,-400000.0625,-400000.0625,-400000.0625,-400000.0625,-400000.0625,-400000.0625,-400000.0625,-400000.0625
56.02476406097412,-400000.0625,-400000.0625,-400000.0625,-400000.0625,-400000.0625,-400000.0625,-400000.0625,-400000.0625
56.03155755996704,-400000.0625,-400000.0625,-400000.0625,-400000.0625,-400000.0625,-400000.0625,-400000.0625,-400000.0625
56.0375018119812,-400000.0625,-400000.0625,-400000.0625,-400000.0625,-400000.0625,-400000.0625,-400000.0625,-400000.0625
56.05077505111694,-400000.0625,-400000.0625,-400000.0625,-400000.0625,-400000.0625,-400000.0625,-400000.0625,-400000.0625
56.0597140789032,-400000.0625,-400000.0625,-400000.0625,-400000.0625,-400000.0625,-400000.0625,-400000.0625,-400000.0625
56.06512260437012,-400000.0625,-400000.0625,-400000.0625,-400000.0625,-400000.0625,-400000.0625,-400000.0625,-400000.0625
56.0708212852478,-400000.0625,-400000.0625,-400000.0625,-400000.0625,-400000.0625,-400000.0625,-400000.0625,-400000.0625
56.07668352127075,-400000.0625,-400000.0625,-400000.0625,-400000.0625,-400000.0625,-400000.0625,-400000.0625,-400000.0625
56.08313512802124,-400000.0625,-400000.0625,-400000.0625,-400000.0625,-400000.0625,-400000.0625,-400000.0625,-400000.0625
56.08876872062683,-400000.0625,-400000.0625,-400000.0625,-400000.0625,-400000.0625,-400000.0625,-400000.0625,-400000.0625
56.09454679489136,-400000.0625,-400000.0625,-400000.0625,-400000.0625,-400000.0625,-400000.0625,-400000.0625,-400000.0625
56.10027623176575,-400000.0625,-400000.0625,-400000.0625,-400000.0625,-400000.0625,-400000.0625,-400000.0625,-400000.0625
56.10563087463379,-400000.0625,-400000.0625,-400000.0625,-400000.0625,-400000.0625,-400000.0625,-400000.0625,-400000.0625
56.11359882354736,-400000.0625,-400000.0625,-400000.0625,-400000.0625,-400000.0625,-400000.0625,-400000.0625,-400000.0625
56.11890649795532,-400000.0625,-400000.0625,-400000.0625,-400000.0625,-400000.0625,-400000.0625,-400000.0625,-400000.0625
56.12502384185791,-400000.0625,-400000.0625,-400000.0625,-400000.0625,-400000.0625,-400000.0625,-400000.0625,-400000.0625
56.1302855014801,-400000.0625,-400000.0625,-400000.0625,-400000.0625,-400000.0625,-400000.0625,-400000.0625,-400000.0625
56.13512825965881,-400000.0625,-400000.0625,-400000.0625,-400000.0625,-400000.0625,-400000.0625,-400000.0625,-400000.0625
56.13513970375061,-400000.0625,-400000.0625,-400000.0625,-400000.0625,-400000.0625,-400000.0625,-400000.0625,-400000.0625
56.13514423370361,-400000.0625,-400000.0625,-400000.0625,-400000.0625,-400000.0625,-400000.0625,-400000.0625,-400000.0625
56.13514828681946,-400000.0625,-400000.0625,-400000.0625,-400000.0625,-400000.0625,-400000.0625,-400000.0625,-400000.0625
56.13515305519104,-400000.0625,-400000.0625,-400000.0625,-400000.0625,-400000.0625,-400000.0625,-400000.0625,-400000.0625
56.135156869888306,-400000.0625,-400000.0625,-400000.0625,-400000.0625,-400000.0625,-400000.0625,-400000.0625,-400000.0625
56.13516116142273,-400000.0625,-400000.0625,-400000.0625,-400000.0625,-400000.0625,-400000.0625,-400000.0625,-400000.0625
56.135164737701416,-400000.0625,-400000.0625,-400000.0625,-400000.0625,-400000.0625,-400000.0625,-400000.0625,-400000.0625
56.1351683139801,-400000.0625,-400000.0625,-400000.0625,-400000.0625,-400000.0625,-400000.0625,-400000.0625,-400000.0625
56.13517236709595,-400000.0625,-400000.0625,-400000.0625,-400000.0625,-400000.0625,-400000.0625,-400000.0625,-400000.0625
56.135175943374634,-400000.0625,-400000.0625,-400000.0625,-400000.0625,-400000.0625,-400000.0625,-400000.0625,-400000.0625
56.13517999649048,-400000.0625,-400000.0625,-400000.0625,-400000.0625,-400000.0625,-400000.0625,-400000.0625,-400000.0625
56.135183572769165,-400000.0625,-400000.0625,-400000.0625,-400000.0625,-400000.0625,-400000.0625,-400000.0625,-400000.0625
56.13518714904785,-400000.0625,-400000.0625,-400000.0625,-400000.0625,-400000.0625,-400000.0625,-400000.0625,-400000.0625
56.13519072532654,-400000.0625,-400000.0625,-400000.0625,-400000.0625,-400000.0625,-400000.0625,-400000.0625,-400000.0625
56.13519501686096,-400000.0625,-400000.0625,-400000.0625,-400000.0625,-400000.0625,-400000.0625,-400000.0625,-400000.0625
56.13520121574402,-400000.0625,-400000.0625,-400000.0625,-400000.0625,-400000.0625,-400000.0625,-400000.0625,-400000.0625
56.13520789146423,-400000.0625,-400000.0625,-400000.0625,-400000.0625,-400000.0625,-400000.0625,-400000.0625,-400000.0625
56.135215044021606,-400000.0625,-400000.0625,-400000.0625,-400000.0625,-400000.0625,-400000.0625,-400000.0625,-400000.0625
56.135221004486084,-400000.0625,-400000.0625,-400000.0625,-400000.0625,-400000.0625,-400000.0625,-400000.0625,-400000.0625
56.13522696495056,-400000.0625,-400000.0625,-400000.0625,-400000.0625,-400000.0625,-400000.0625,-400000.0625,-400000.0625
56.1352322101593,-400000.0625,-400000.0625,-400000.0625,-400000.0625,-400000.0625,-400000.0625,-400000.0625,-400000.0625
56.13523745536804,-400000.0625,-400000.0625,-400000.0625,-400000.0625,-400000.0625,-400000.0625,-400000.0625,-400000.0625
56.13524317741394,-400000.0625,-400000.0625,-400000.0625,-400000.0625,-400000.0625,-400000.0625,-400000.0625,-400000.0625
56.13524770736694,-400000.0625,-400000.0625,-400000.0625,-400000.0625,-400000.0625,-400000.0625,-400000.0625,-400000.0625
56.13525152206421,-400000.0625,-400000.0625,-400000.0625,-400000.0625,-400000.0625,-400000.0625,-400000.0625,-400000.0625
56.18050670623779,-400000.0625,-400000.0625,-400000.0625,-400000.0625,-400000.0625,-400000.0625,-400000.0625,-400000.0625
56.30790162086487,-400000.0625,-400000.0625,-400000.0625,-400000.0625,-400000.0625,-400000.0625,-400000.0625,-400000.0625
56.43171715736389,-400000.0625,-400000.0625,-400000.0625,-400000.0625,-400000.0625,-400000.0625,-400000.0625,-400000.0625
56.56674408912659,-400000.0625,-400000.0625,-400000.0625,-400000.0625,-400000.0625,-400000.0625,-400000.0625,-400000.0625
56.62353157997131,-400000.0625,-400000.0625,-400000.0625,-400000.0625,-400000.0625,-400000.0625,-400000.0625,-400000.0625
56.69080376625061,-400000.0625,-400000.0625,-400000.0625,-400000.0625,-400000.0625,-400000.0625,-400000.0625,-400000.0625
56.75193190574646,-400000.0625,-400000.0625,-400000.0625,-400000.0625,-400000.0625,-400000.0625,-400000.0625,-400000.0625
56.81677865982056,-400000.0625,-400000.0625,-400000.0625,-400000.0625,-400000.0625,-400000.0625,-400000.0625,-400000.0625
57.01672601699829,-400000.0625,-400000.0625,-400000.0625,-400000.0625,-400000.0625,-400000.0625,-400000.0625,-400000.0625
57.13428711891174,-400000.0625,-400000.0625,-400000.0625,-400000.0625,-400000.0625,-400000.0625,-400000.0625,-400000.0625
57.20178294181824,-400000.0625,-400000.0625,-400000.0625,-400000.0625,-400000.0625,-400000.0625,-400000.0625,-400000.0625
57.27555251121521,-400000.0625,-400000.0625,-400000.0625,-400000.0625,-400000.0625,-400000.0625,-400000.0625,-400000.0625
57.33045816421509,-400000.0625,-400000.0625,-400000.0625,-400000.0625,-400000.0625,-400000.0625,-400000.0625,-400000.0625
57.46762180328369,-400000.0625,-400000.0625,-400000.0625,-400000.0625,-400000.0625,-400000.0625,-400000.0625,-400000.0625
57.51927375793457,-400000.0625,-400000.0625,-400000.0625,-400000.0625,-400000.0625,-400000.0625,-400000.0625,-400000.0625
57.647735357284546,-400000.0625,-400000.0625,-400000.0625,-400000.0625,-400000.0625,-400000.0625,-400000.0625,-400000.0625
57.72269415855408,-400000.0625,-400000.0625,-400000.0625,-400000.0625,-400000.0625,-400000.0625,-400000.0625,-400000.0625
57.778075218200684,-400000.0625,-400000.0625,-400000.0625,-400000.0625,-400000.0625,-400000.0625,-400000.0625,-400000.0625
57.9238121509552,-400000.0625,-400000.0625,-400000.0625,-400000.0625,-400000.0625,-400000.0625,-400000.0625,-400000.0625
58.007463216781616,-400000.0625,-400000.0625,-400000.0625,-400000.0625,-400000.0625,-400000.0625,-400000.0625,-400000.0625
58.094191789627075,-400000.0625,-400000.0625,-400000.0625,-400000.0625,-400000.0625,-400000.0625,-400000.0625,-400000.0625
58.17465806007385,-400000.0625,-400000.0625,-400000.0625,-400000.0625,-400000.0625,-400000.0625,-400000.0625,-400000.0625
58.22502660751343,-400000.0625,-400000.0625,-400000.0625,-400000.0625,-400000.0625,-400000.0625,-400000.0625,-400000.0625
58.23506498336792,-400000.0625,-400000.0625,-400000.0625,-400000.0625,-400000.0625,-400000.0625,-400000.0625,-400000.0625
58.23943281173706,-400000.0625,-400000.0625,-400000.0625,-400000.0625,-400000.0625,-400000.0625,-400000.0625,-400000.0625
58.23944616317749,-400000.0625,-400000.0625,-400000.0625,-400000.0625,-400000.0625,-400000.0625,-400000.0625,-400000.0625
58.23945140838623,-400000.0625,-400000.0625,-400000.0625,-400000.0625,-400000.0625,-400000.0625,-400000.0625,-400000.0625
58.23945617675781,-400000.0625,-400000.0625,-400000.0625,-400000.0625,-400000.0625,-400000.0625,-400000.0625,-400000.0625
58.23946022987366,-400000.0625,-400000.0625,-400000.0625,-400000.0625,-400000.0625,-400000.0625,-400000.0625,-400000.0625
58.23946452140808,-400000.0625,-400000.0625,-400000.0625,-400000.0625,-400000.0625,-400000.0625,-400000.0625,-400000.0625
58.239468574523926,-400000.0625,-400000.0625,-400000.0625,-400000.0625,-400000.0625,-400000.0625,-400000.0625,-400000.0625
58.23947238922119,-400000.0625,-400000.0625,-400000.0625,-400000.0625,-400000.0625,-400000.0625,-400000.0625,-400000.0625
58.239476919174194,-400000.0625,-400000.0625,-400000.0625,-400000.0625,-400000.0625,-400000.0625,-400000.0625,-400000.0625
58.23948073387146,-400000.0625,-400000.0625,-400000.0625,-400000.0625,-400000.0625,-400000.0625,-400000.0625,-400000.0625
58.239484786987305,-400000.0625,-400000.0625,-400000.0625,-400000.0625,-400000.0625,-400000.0625,-400000.0625,-400000.0625
58.23948907852173,-400000.0625,-400000.0625,-400000.0625,-400000.0625,-400000.0625,-400000.0625,-400000.0625,-400000.0625
58.239492654800415,-400000.0625,-400000.0625,-400000.0625,-400000.0625,-400000.0625,-400000.0625,-400000.0625,-400000.0625
58.23957657814026,-400000.0625,-400000.0625,-400000.0625,-400000.0625,-400000.0625,-400000.0625,-400000.0625,-400000.0625
58.290709495544434,-400000.0625,-400000.0625,-400000.0625,-400000.0625,-400000.0625,-400000.0625,-400000.0625,-400000.0625
58.296104192733765,-400000.0625,-400000.0625,-400000.0625,-400000.0625,-400000.0625,-400000.0625,-400000.0625,-400000.0625
58.30054521560669,-400000.0625,-400000.0625,-400000.0625,-400000.0625,-400000.0625,-400000.0625,-400000.0625,-400000.0625
58.30055546760559,-400000.0625,-400000.0625,-400000.0625,-400000.0625,-400000.0625,-400000.0625,-400000.0625,-400000.0625
58.30056023597717,-400000.0625,-400000.0625,-400000.0625,-400000.0625,-400000.0625,-400000.0625,-400000.0625,-400000.0625
58.3005645275116,-400000.0625,-400000.0625,-400000.0625,-400000.0625,-400000.0625,-400000.0625,-400000.0625,-400000.0625
58.30056929588318,-400000.0625,-400000.0625,-400000.0625,-400000.0625,-400000.0625,-400000.0625,-400000.0625,-400000.0625
58.30057334899902,-400000.0625,-400000.0625,-400000.0625,-400000.0625,-400000.0625,-400000.0625,-400000.0625,-400000.0625
58.30057668685913,-400000.0625,-400000.0625,-400000.0625,-400000.0625,-400000.0625,-400000.0625,-400000.0625,-400000.0625
58.30058026313782,-400000.0625,-400000.0625,-400000.0625,-400000.0625,-400000.0625,-400000.0625,-400000.0625,-400000.0625
58.300583600997925,-400000.0625,-400000.0625,-400000.0625,-400000.0625,-400000.0625,-400000.0625,-400000.0625,-400000.0625
58.30058789253235,-400000.0625,-400000.0625,-400000.0625,-400000.0625,-400000.0625,-400000.0625,-400000.0625,-400000.0625
58.300591468811035,-400000.0625,-400000.0625,-400000.0625,-400000.0625,-400000.0625,-400000.0625,-400000.0625,-400000.0625
58.30059504508972,-400000.0625,-400000.0625,-400000.0625,-400000.0625,-400000.0625,-400000.0625,-400000.0625,-400000.0625
58.30059885978699,-400000.0625,-400000.0625,-400000.0625,-400000.0625,-400000.0625,-400000.0625,-400000.0625,-400000.0625
58.300602436065674,-400000.0625,-400000.0625,-400000.0625,-400000.0625,-400000.0625,-400000.0625,-400000.0625,-400000.0625
58.36851191520691,-400000.0625,-400000.0625,-400000.0625,-400000.0625,-400000.0625,-400000.0625,-400000.0625,-400000.0625
58.379984855651855,-400000.0625,-400000.0625,-400000.0625,-400000.0625,-400000.0625,-400000.0625,-400000.0625,-400000.0625
58.38489508628845,-400000.0625,-400000.0625,-400000.0625,-400000.0625,-400000.0625,-400000.0625,-400000.0625,-400000.0625
58.38490557670593,-400000.0625,-400000.0625,-400000.0625,-400000.0625,-400000.0625,-400000.0625,-400000.0625,-400000.0625
58.384909868240356,-400000.0625,-400000.0625,-400000.0625,-400000.0625,-400000.0625,-400000.0625,-400000.0625,-400000.0625
58.38491368293762,-400000.0625,-400000.0625,-400000.0625,-400000.0625,-400000.0625,-400000.0625,-400000.0625,-400000.0625
58.38491749763489,-400000.0625,-400000.0625,-400000.0625,-400000.0625,-400000.0625,-400000.0625,-400000.0625,-400000.0625
58.384920835494995,-400000.0625,-400000.0625,-400000.0625,-400000.0625,-400000.0625,-400000.0625,-400000.0625,-400000.0625
58.38492488861084,-400000.0625,-400000.0625,-400000.0625,-400000.0625,-400000.0625,-400000.0625,-400000.0625,-400000.0625
58.384928703308105,-400000.0625,-400000.0625,-400000.0625,-400000.0625,-400000.0625,-400000.0625,-400000.0625,-400000.0625
58.38493227958679,-400000.0625,-400000.0625,-400000.0625,-400000.0625,-400000.0625,-400000.0625,-400000.0625,-400000.0625
58.3849356174469,-400000.0625,-400000.0625,-400000.0625,-400000.0625,-400000.0625,-400000.0625,-400000.0625,-400000.0625
58.384939193725586,-400000.0625,-400000.0625,-400000.0625,-400000.0625,-400000.0625,-400000.0625,-400000.0625,-400000.0625
58.38494277000427,-400000.0625,-400000.0625,-400000.0625,-400000.0625,-400000.0625,-400000.0625,-400000.0625,-400000.0625
58.38494634628296,-400000.0625,-400000.0625,-400000.0625,-400000.0625,-400000.0625,-400000.0625,-400000.0625,-400000.0625
58.384949684143066,-400000.0625,-400000.0625,-400000.0625,-400000.0625,-400000.0625,-400000.0625,-400000.0625,-400000.0625
58.42366933822632,-400000.0625,-400000.0625,-400000.0625,-400000.0625,-400000.0625,-400000.0625,-400000.0625,-400000.0625
58.43057036399841,-400000.0625,-400000.0625,-400000.0625,-400000.0625,-400000.0625,-400000.0625,-400000.0625,-400000.0625
58.43534207344055,-400000.0625,-400000.0625,-400000.0625,-400000.0625,-400000.0625,-400000.0625,-400000.0625,-400000.0625
58.43535137176514,-400000.0625,-400000.0625,-400000.0625,-400000.0625,-400000.0625,-400000.0625,-400000.0625,-400000.0625
58.43535542488098,-400000.0625,-400000.0625,-400000.0625,-400000.0625,-400000.0625,-400000.0625,-400000.0625,-400000.0625
58.43535923957825,-400000.0625,-400000.0625,-400000.0625,-400000.0625,-400000.0625,-400000.0625,-400000.0625,-400000.0625
58.435362815856934,-400000.0625,-400000.0625,-400000.0625,-400000.0625,-400000.0625,-400000.0625,-400000.0625,-400000.0625
58.43536615371704,-400000.0625,-400000.0625,-400000.0625,-400000.0625,-400000.0625,-400000.0625,-400000.0625,-400000.0625
58.43536949157715,-400000.0625,-400000.0625,-400000.0625,-400000.0625,-400000.0625,-400000.0625,-400000.0625,-400000.0625
58.435373067855835,-400000.0625,-400000.0625,-400000.0625,-400000.0625,-400000.0625,-400000.0625,-400000.0625,-400000.0625
58.43537640571594,-400000.0625,-400000.0625,-400000.0625,-400000.0625,-400000.0625,-400000.0625,-400000.0625,-400000.0625
58.43537974357605,-400000.0625,-400000.0625,-400000.0625,-400000.0625,-400000.0625,-400000.0625,-400000.0625,-400000.0625
58.435383319854736,-400000.0625,-400000.0625,-400000.0625,-400000.0625,-400000.0625,-400000.0625,-400000.0625,-400000.0625
58.435386657714844,-400000.0625,-400000.0625,-400000.0625,-400000.0625,-400000.0625,-400000.0625,-400000.0625,-400000.0625
58.43539023399353,-400000.0625,-400000.0625,-400000.0625,-400000.0625,-400000.0625,-400000.0625,-400000.0625,-400000.0625
58.43539357185364,-400000.0625,-400000.0625,-400000.0625,-400000.0625,-400000.0625,-400000.0625,-400000.0625,-400000.0625
58.48000979423523,-400000.0625,-400000.0625,-400000.0625,-400000.0625,-400000.0625,-400000.0625,-400000.0625,-400000.0625
58.49444103240967,-400000.0625,-400000.0625,-400000.0625,-400000.0625,-400000.0625,-400000.0625,-400000.0625,-400000.0625
58.500524282455444,-400000.0625,-400000.0625,-400000.0625,-400000.0625,-400000.0625,-400000.0625,-400000.0625,-400000.0625
58.50604796409607,-400000.0625,-400000.0625,-400000.0625,-400000.0625,-400000.0625,-400000.0625,-400000.0625,-400000.0625
58.51225233078003,-400000.0625,-400000.0625,-400000.0625,-400000.0625,-400000.0625,-400000.0625,-400000.0625,-400000.0625
58.51720142364502,-400000.0625,-400000.0625,-400000.0625,-400000.0625,-400000.0625,-400000.0625,-400000.0625,-400000.0625
58.517212867736816,-400000.0625,-400000.0625,-400000.0625,-400000.0625,-400000.0625,-400000.0625,-400000.0625,-400000.0625
58.51721715927124,-400000.0625,-400000.0625,-400000.0625,-400000.0625,-400000.0625,-400000.0625,-400000.0625,-400000.0625
58.517220973968506,-400000.0625,-400000.0625,-400000.0625,-400000.0625,-400000.0625,-400000.0625,-400000.0625,-400000.0625
58.51722455024719,-400000.0625,-400000.0625,-400000.0625,-400000.0625,-400000.0625,-400000.0625,-400000.0625,-400000.0625
58.51722812652588,-400000.0625,-400000.0625,-400000.0625,-400000.0625,-400000.0625,-400000.0625,-400000.0625,-400000.0625
58.517231702804565,-400000.0625,-400000.0625,-400000.0625,-400000.0625,-400000.0625,-400000.0625,-400000.0625,-400000.0625
58.51723527908325,-400000.0625,-400000.0625,-400000.0625,-400000.0625,-400000.0625,-400000.0625,-400000.0625,-400000.0625
58.51723861694336,-400000.0625,-400000.0625,-400000.0625,-400000.0625,-400000.0625,-400000.0625,-400000.0625,-400000.0625
58.517242193222046,-400000.0625,-400000.0625,-400000.0625,-400000.0625,-400000.0625,-400000.0625,-400000.0625,-400000.0625
58.51724576950073,-400000.0625,-400000.0625,-400000.0625,-400000.0625,-400000.0625,-400000.0625,-400000.0625,-400000.0625
58.54413199424744,-400000.0625,-400000.0625,-400000.0625,-400000.0625,-400000.0625,-400000.0625,-400000.0625,-400000.0625
58.55114483833313,-400000.0625,-400000.0625,-400000.0625,-400000.0625,-400000.0625,-400000.0625,-400000.0625,-400000.0625
58.55646324157715,-400000.0625,-400000.0625,-400000.0625,-400000.0625,-400000.0625,-400000.0625,-400000.0625,-400000.0625
58.56226086616516,-400000.0625,-400000.0625,-400000.0625,-400000.0625,-400000.0625,-400000.0625,-400000.0625,-400000.0625
58.56788873672485,-400000.0625,-400000.0625,-400000.0625,-400000.0625,-400000.0625,-400000.0625,-400000.0625,-400000.0625
58.57281184196472,-400000.0625,-400000.0625,-400000.0625,-400000.0625,-400000.0625,-400000.0625,-400000.0625,-400000.0625
58.572821378707886,-400000.0625,-400000.0625,-400000.0625,-400000.0625,-400000.0625,-400000.0625,-400000.0625,-400000.0625
58.57282590866089,-400000.0625,-400000.0625,-400000.0625,-400000.0625,-400000.0625,-400000.0625,-400000.0625,-400000.0625
58.572829723358154,-400000.0625,-400000.0625,-400000.0625,-400000.0625,-400000.0625,-400000.0625,-400000.0625,-400000.0625
58.572834730148315,-400000.0625,-400000.0625,-400000.0625,-400000.0625,-400000.0625,-400000.0625,-400000.0625,-400000.0625
58.57283973693848,-400000.0625,-400000.0625,-400000.0625,-400000.0625,-400000.0625,-400000.0625,-400000.0625,-400000.0625
58.572845220565796,-400000.0625,-400000.0625,-400000.0625,-400000.0625,-400000.0625,-400000.0625,-400000.0625,-400000.0625
58.5728497505188,-400000.0625,-400000.0625,-400000.0625,-400000.0625,-400000.0625,-400000.0625,-400000.0625,-400000.0625
58.57285499572754,-400000.0625,-400000.0625,-400000.0625,-400000.0625,-400000.0625,-400000.0625,-400000.0625,-400000.0625
58.57286047935486,-400000.0625,-400000.0625,-400000.0625,-400000.0625,-400000.0625,-400000.0625,-400000.0625,-400000.0625
58.57286548614502,-400000.0625,-400000.0625,-400000.0625,-400000.0625,-400000.0625,-400000.0625,-400000.0625,-400000.0625
58.62068057060242,-400000.0625,-400000.0625,-400000.0625,-400000.0625,-400000.0625,-400000.0625,-400000.0625,-400000.0625
58.6323447227478,-400000.0625,-400000.0625,-400000.0625,-400000.0625,-400000.0625,-400000.0625,-400000.0625,-400000.0625
58.63729643821716,-400000.0625,-400000.0625,-400000.0625,-400000.0625,-400000.0625,-400000.0625,-400000.0625,-400000.0625
58.637306213378906,-400000.0625,-400000.0625,-400000.0625,-400000.0625,-400000.0625,-400000.0625,-400000.0625,-400000.0625
58.63731074333191,-400000.0625,-400000.0625,-400000.0625,-400000.0625,-400000.0625,-400000.0625,-400000.0625,-400000.0625
58.63731503486633,-400000.0625,-400000.0625,-400000.0625,-400000.0625,-400000.0625,-400000.0625,-400000.0625,-400000.0625
58.63731908798218,-400000.0625,-400000.0625,-400000.0625,-400000.0625,-400000.0625,-400000.0625,-400000.0625,-400000.0625
58.63732290267944,-400000.0625,-400000.0625,-400000.0625,-400000.0625,-400000.0625,-400000.0625,-400000.0625,-400000.0625
58.63732671737671,-400000.0625,-400000.0625,-400000.0625,-400000.0625,-400000.0625,-400000.0625,-400000.0625,-400000.0625
58.63733124732971,-400000.0625,-400000.0625,-400000.0625,-400000.0625,-400000.0625,-400000.0625,-400000.0625,-400000.0625
58.637335777282715,-400000.0625,-400000.0625,-400000.0625,-400000.0625,-400000.0625,-400000.0625,-400000.0625,-400000.0625
58.63734006881714,-400000.0625,-400000.0625,-400000.0625,-400000.0625,-400000.0625,-400000.0625,-400000.0625,-400000.0625
58.63734459877014,-400000.0625,-400000.0625,-400000.0625,-400000.0625,-400000.0625,-400000.0625,-400000.0625,-400000.0625
58.637348651885986,-400000.0625,-400000.0625,-400000.0625,-400000.0625,-400000.0625,-400000.0625,-400000.0625,-400000.0625
58.63735270500183,-400000.0625,-400000.0625,-400000.0625,-400000.0625,-400000.0625,-400000.0625,-400000.0625,-400000.0625
58.64391303062439,-400000.0625,-400000.0625,-400000.0625,-400000.0625,-400000.0625,-400000.0625,-400000.0625,-400000.0625
58.674110889434814,-400000.0625,-400000.0625,-400000.0625,-400000.0625,-400000.0625,-400000.0625,-400000.0625,-400000.0625
58.67925548553467,-400000.0625,-400000.0625,-400000.0625,-400000.0625,-400000.0625,-400000.0625,-400000.0625,-400000.0625
58.74278211593628,-400000.0625,-400000.0625,-400000.0625,-400000.0625,-400000.0625,-400000.0625,-400000.0625,-400000.0625
58.75673508644104,-400000.0625,-400000.0625,-400000.0625,-400000.0625,-400000.0625,-400000.0625,-400000.0625,-400000.0625
58.76448917388916,-400000.0625,-400000.0625,-400000.0625,-400000.0625,-400000.0625,-400000.0625,-400000.0625,-400000.0625
58.7702214717865,-400000.0625,-400000.0625,-400000.0625,-400000.0625,-400000.0625,-400000.0625,-400000.0625,-400000.0625
58.780235290527344,-400000.0625,-400000.0625,-400000.0625,-400000.0625,-400000.0625,-400000.0625,-400000.0625,-400000.0625
58.79151701927185,-400000.0625,-400000.0625,-400000.0625,-400000.0625,-400000.0625,-400000.0625,-400000.0625,-400000.0625
58.8151650428772,-400000.0625,-400000.0625,-400000.0625,-400000.0625,-400000.0625,-400000.0625,-400000.0625,-400000.0625
58.82031965255737,-400000.0625,-400000.0625,-400000.0625,-400000.0625,-400000.0625,-400000.0625,-400000.0625,-400000.0625
58.828349351882935,-400000.0625,-400000.0625,-400000.0625,-400000.0625,-400000.0625,-400000.0625,-400000.0625,-400000.0625
58.83539819717407,-400000.0625,-400000.0625,-400000.0625,-400000.0625,-400000.0625,-400000.0625,-400000.0625,-400000.0625
58.87677574157715,-400000.0625,-400000.0625,-400000.0625,-400000.0625,-400000.0625,-400000.0625,-400000.0625,-400000.0625
58.88863706588745,-400000.0625,-400000.0625,-400000.0625,-400000.0625,-400000.0625,-400000.0625,-400000.0625,-400000.0625
58.90418457984924,-400000.0625,-400000.0625,-400000.0625,-400000.0625,-400000.0625,-400000.0625,-400000.0625,-400000.0625
58.919816970825195,-400000.0625,-400000.0625,-400000.0625,-400000.0625,-400000.0625,-400000.0625,-400000.0625,-400000.0625
58.93057346343994,-400000.0625,-400000.0625,-400000.0625,-400000.0625,-400000.0625,-400000.0625,-400000.0625,-400000.0625
58.942710876464844,-400000.0625,-400000.0625,-400000.0625,-400000.0625,-400000.0625,-400000.0625,-400000.0625,-400000.0625
58.955641746520996,-400000.0625,-400000.0625,-400000.0625,-400000.0625,-400000.0625,-400000.0625,-400000.0625,-400000.0625
58.9671151638031,-400000.0625,-400000.0625,-400000.0625,-400000.0625,-400000.0625,-400000.0625,-400000.0625,-400000.0625
58.97990822792053,-400000.0625,-400000.0625,-400000.0625,-400000.0625,-400000.0625,-400000.0625,-400000.0625,-400000.0625
59.00401735305786,-400000.0625,-400000.0625,-400000.0625,-400000.0625,-400000.0625,-400000.0625,-400000.0625,-400000.0625
59.01346182823181,-400000.0625,-400000.0625,-400000.0625,-400000.0625,-400000.0625,-400000.0625,-400000.0625,-400000.0625
59.01899838447571,-400000.0625,-400000.0625,-400000.0625,-400000.0625,-400000.0625,-400000.0625,-400000.0625,-400000.0625
59.029000759124756,-400000.0625,-400000.0625,-400000.0625,-400000.0625,-400000.0625,-400000.0625,-400000.0625,-400000.0625
59.03697896003723,-400000.0625,-400000.0625,-400000.0625,-400000.0625,-400000.0625,-400000.0625,-400000.0625,-400000.0625
59.0448203086853,-400000.0625,-400000.0625,-400000.0625,-400000.0625,-400000.0625,-400000.0625,-400000.0625,-400000.0625
59.051825761795044,-400000.0625,-400000.0625,-400000.0625,-400000.0625,-400000.0625,-400000.0625,-400000.0625,-400000.0625
59.061214208602905,-400000.0625,-400000.0625,-400000.0625,-400000.0625,-400000.0625,-400000.0625,-400000.0625,-400000.0625
59.068559646606445,-400000.0625,-400000.0625,-400000.0625,-400000.0625,-400000.0625,-400000.0625,-400000.0625,-400000.0625
59.07457113265991,-400000.0625,-400000.0625,-400000.0625,-400000.0625,-400000.0625,-400000.0625,-400000.0625,-400000.0625
59.08283615112305,-400000.0625,-400000.0625,-400000.0625,-400000.0625,-400000.0625,-400000.0625,-400000.0625,-400000.0625
59.094685554504395,-400000.0625,-400000.0625,-400000.0625,-400000.0625,-400000.0625,-400000.0625,-400000.0625,-400000.0625
59.10042691230774,-400000.0625,-400000.0625,-400000.0625,-400000.0625,-400000.0625,-400000.0625,-400000.0625,-400000.0625
59.10539960861206,-400000.0625,-400000.0625,-400000.0625,-400000.0625,-400000.0625,-400000.0625,-400000.0625,-400000.0625
59.105409145355225,-400000.0625,-400000.0625,-400000.0625,-400000.0625,-400000.0625,-400000.0625,-400000.0625,-400000.0625
59.10541343688965,-400000.0625,-400000.0625,-400000.0625,-400000.0625,-400000.0625,-400000.0625,-400000.0625,-400000.0625
59.10541820526123,-400000.0625,-400000.0625,-400000.0625,-400000.0625,-400000.0625,-400000.0625,-400000.0625,-400000.0625
59.10542273521423,-400000.0625,-400000.0625,-400000.0625,-400000.0625,-400000.0625,-400000.0625,-400000.0625,-400000.0625
59.10542678833008,-400000.0625,-400000.0625,-400000.0625,-400000.0625,-400000.0625,-400000.0625,-400000.0625,-400000.0625
59.105430603027344,-400000.0625,-400000.0625,-400000.0625,-400000.0625,-400000.0625,-400000.0625,-400000.0625,-400000.0625
59.10543465614319,-400000.0625,-400000.0625,-400000.0625,-400000.0625,-400000.0625,-400000.0625,-400000.0625,-400000.0625
59.11489295959473,-400000.0625,-400000.0625,-400000.0625,-400000.0625,-400000.0625,-400000.0625,-400000.0625,-400000.0625
59.120150327682495,-400000.0625,-400000.0625,-400000.0625,-400000.0625,-400000.0625,-400000.0625,-400000.0625,-400000.0625
59.125932693481445,-400000.0625,-400000.0625,-400000.0625,-400000.0625,-400000.0625,-400000.0625,-400000.0625,-400000.0625
59.13337421417236,-400000.0625,-400000.0625,-400000.0625,-400000.0625,-400000.0625,-400000.0625,-400000.0625,-400000.0625
59.14064645767212,-400000.0625,-400000.0625,-400000.0625,-400000.0625,-400000.0625,-400000.0625,-400000.0625,-400000.0625
59.14833188056946,-400000.0625,-400000.0625,-400000.0625,-400000.0625,-400000.0625,-400000.0625,-400000.0625,-400000.0625
59.15315842628479,-400000.0625,-400000.0625,-400000.0625,-400000.0625,-400000.0625,-400000.0625,-400000.0625,-400000.0625
59.153167724609375,-400000.0625,-400000.0625,-400000.0625,-400000.0625,-400000.0625,-400000.0625,-400000.0625,-400000.0625
59.15317225456238,-400000.0625,-400000.0625,-400000.0625,-400000.0625,-400000.0625,-400000.0625,-400000.0625,-400000.0625
59.15317630767822,-400000.0625,-400000.0625,-400000.0625,-400000.0625,-400000.0625,-400000.0625,-400000.0625,-400000.0625
59.153180837631226,-400000.0625,-400000.0625,-400000.0625,-400000.0625,-400000.0625,-400000.0625,-400000.0625,-400000.0625
59.15318512916565,-400000.0625,-400000.0625,-400000.0625,-400000.0625,-400000.0625,-400000.0625,-400000.0625,-400000.0625
59.153188943862915,-400000.0625,-400000.0625,-400000.0625,-400000.0625,-400000.0625,-400000.0625,-400000.0625,-400000.0625
59.15319299697876,-400000.0625,-400000.0625,-400000.0625,-400000.0625,-400000.0625,-400000.0625,-400000.0625,-400000.0625
59.153196811676025,-400000.0625,-400000.0625,-400000.0625,-400000.0625,-400000.0625,-400000.0625,-400000.0625,-400000.0625
59.15320086479187,-400000.0625,-400000.0625,-400000.0625,-400000.0625,-400000.0625,-400000.0625,-400000.0625,-400000.0625
59.153204679489136,-400000.0625,-400000.0625,-400000.0625,-400000.0625,-400000.0625,-400000.0625,-400000.0625,-400000.0625
59.15320825576782,-400000.0625,-400000.0625,-400000.0625,-400000.0625,-400000.0625,-400000.0625,-400000.0625,-400000.0625
59.15321207046509,-400000.0625,-400000.0625,-400000.0625,-400000.0625,-400000.0625,-400000.0625,-400000.0625,-400000.0625
59.15321588516235,-400000.0625,-400000.0625,-400000.0625,-400000.0625,-400000.0625,-400000.0625,-400000.0625,-400000.0625
59.15321969985962,-400000.0625,-400000.0625,-400000.0625,-400000.0625,-400000.0625,-400000.0625,-400000.0625,-400000.0625
59.153223514556885,-400000.0625,-400000.0625,-400000.0625,-400000.0625,-400000.0625,-400000.0625,-400000.0625,-400000.0625
59.15322732925415,-400000.0625,-400000.0625,-400000.0625,-400000.0625,-400000.0625,-400000.0625,-400000.0625,-400000.0625
59.153231382369995,-400000.0625,-400000.0625,-400000.0625,-400000.0625,-400000.0625,-400000.0625,-400000.0625,-400000.0625
59.15323567390442,-400000.0625,-400000.0625,-400000.0625,-400000.0625,-400000.0625,-400000.0625,-400000.0625,-400000.0625
59.153239488601685,-400000.0625,-400000.0625,-400000.0625,-400000.0625,-400000.0625,-400000.0625,-400000.0625,-400000.0625
59.15324354171753,-400000.0625,-400000.0625,-400000.0625,-400000.0625,-400000.0625,-400000.0625,-400000.0625,-400000.0625
59.153247356414795,-400000.0625,-400000.0625,-400000.0625,-400000.0625,-400000.0625,-400000.0625,-400000.0625,-400000.0625
59.15325117111206,-400000.0625,-400000.0625,-400000.0625,-400000.0625,-400000.0625,-400000.0625,-400000.0625,-400000.0625
59.153254985809326,-400000.0625,-400000.0625,-400000.0625,-400000.0625,-400000.0625,-400000.0625,-400000.0625,-400000.0625
59.15325880050659,-400000.0625,-400000.0625,-400000.0625,-400000.0625,-400000.0625,-400000.0625,-400000.0625,-400000.0625
59.15326261520386,-400000.0625,-400000.0625,-400000.0625,-400000.0625,-400000.0625,-400000.0625,-400000.0625,-400000.0625
59.153266191482544,-400000.0625,-400000.0625,-400000.0625,-400000.0625,-400000.0625,-400000.0625,-400000.0625,-400000.0625
59.15327048301697,-400000.0625,-400000.0625,-400000.0625,-400000.0625,-400000.0625,-400000.0625,-400000.0625,-400000.0625
59.15327453613281,-400000.0625,-400000.0625,-400000.0625,-400000.0625,-400000.0625,-400000.0625,-400000.0625,-400000.0625
59.15327858924866,-400000.0625,-400000.0625,-400000.0625,-400000.0625,-400000.0625,-400000.0625,-400000.0625,-400000.0625
59.15328240394592,-400000.0625,-400000.0625,-400000.0625,-400000.0625,-400000.0625,-400000.0625,-400000.0625,-400000.0625
59.15328598022461,-400000.0625,-400000.0625,-400000.0625,-400000.0625,-400000.0625,-400000.0625,-400000.0625,-400000.0625
59.153289794921875,-400000.0625,-400000.0625,-400000.0625,-400000.0625,-400000.0625,-400000.0625,-400000.0625,-400000.0625
59.15329360961914,-400000.0625,-400000.0625,-400000.0625,-400000.0625,-400000.0625,-400000.0625,-400000.0625,-400000.0625
59.153297424316406,-400000.0625,-400000.0625,-400000.0625,-400000.0625,-400000.0625,-400000.0625,-400000.0625,-400000.0625
59.15330123901367,-400000.0625,-400000.0625,-400000.0625,-400000.0625,-400000.0625,-400000.0625,-400000.0625,-400000.0625
59.15330529212952,-400000.0625,-400000.0625,-400000.0625,-400000.0625,-400000.0625,-400000.0625,-400000.0625,-400000.0625
59.1533088684082,-400000.0625,-400000.0625,-400000.0625,-400000.0625,-400000.0625,-400000.0625,-400000.0625,-400000.0625
59.15331268310547,-400000.0625,-400000.0625,-400000.0625,-400000.0625,-400000.0625,-400000.0625,-400000.0625,-400000.0625
59.153316497802734,-400000.0625,-400000.0625,-400000.0625,-400000.0625,-400000.0625,-400000.0625,-400000.0625,-400000.0625
59.15332055091858,-400000.0625,-400000.0625,-400000.0625,-400000.0625,-400000.0625,-400000.0625,-400000.0625,-400000.0625
59.153324365615845,-400000.0625,-400000.0625,-400000.0625,-400000.0625,-400000.0625,-400000.0625,-400000.0625,-400000.0625
59.15332818031311,-400000.0625,-400000.0625,-400000.0625,-400000.0625,-400000.0625,-400000.0625,-400000.0625,-400000.0625
59.153331995010376,-400000.0625,-400000.0625,-400000.0625,-400000.0625,-400000.0625,-400000.0625,-400000.0625,-400000.0625
59.15333580970764,-400000.0625,-400000.0625,-400000.0625,-400000.0625,-400000.0625,-400000.0625,-400000.0625,-400000.0625
59.15333938598633,-400000.0625,-400000.0625,-400000.0625,-400000.0625,-400000.0625,-400000.0625,-400000.0625,-400000.0625
59.159645795822144,-400000.0625,-400000.0625,-400000.0625,-400000.0625,-400000.0625,-400000.0625,-400000.0625,-400000.0625
59.16613483428955,-400000.0625,-400000.0625,-400000.0625,-400000.0625,-400000.0625,-400000.0625,-400000.0625,-400000.0625
59.170881271362305,-400000.0625,-400000.0625,-400000.0625,-400000.0625,-400000.0625,-400000.0625,-400000.0625,-400000.0625
59.17089247703552,-400000.0625,-400000.0625,-400000.0625,-400000.0625,-400000.0625,-400000.0625,-400000.0625,-400000.0625
59.170897006988525,-400000.0625,-400000.0625,-400000.0625,-400000.0625,-400000.0625,-400000.0625,-400000.0625,-400000.0625
59.17090082168579,-400000.0625,-400000.0625,-400000.0625,-400000.0625,-400000.0625,-400000.0625,-400000.0625,-400000.0625
59.170905113220215,-400000.0625,-400000.0625,-400000.0625,-400000.0625,-400000.0625,-400000.0625,-400000.0625,-400000.0625
59.17090940475464,-400000.0625,-400000.0625,-400000.0625,-400000.0625,-400000.0625,-400000.0625,-400000.0625,-400000.0625
59.1709144115448,-400000.0625,-400000.0625,-400000.0625,-400000.0625,-400000.0625,-400000.0625,-400000.0625,-400000.0625
59.170918226242065,-400000.0625,-400000.0625,-400000.0625,-400000.0625,-400000.0625,-400000.0625,-400000.0625,-400000.0625
59.17092251777649,-400000.0625,-400000.0625,-400000.0625,-400000.0625,-400000.0625,-400000.0625,-400000.0625,-400000.0625
59.17092680931091,-400000.0625,-400000.0625,-400000.0625,-400000.0625,-400000.0625,-400000.0625,-400000.0625,-400000.0625
59.17093062400818,-400000.0625,-400000.0625,-400000.0625,-400000.0625,-400000.0625,-400000.0625,-400000.0625,-400000.0625
59.170934438705444,-400000.0625,-400000.0625,-400000.0625,-400000.0625,-400000.0625,-400000.0625,-400000.0625,-400000.0625
59.17093849182129,-400000.0625,-400000.0625,-400000.0625,-400000.0625,-400000.0625,-400000.0625,-400000.0625,-400000.0625
59.170942306518555,-400000.0625,-400000.0625,-400000.0625,-400000.0625,-400000.0625,-400000.0625,-400000.0625,-400000.0625
59.17094612121582,-400000.0625,-400000.0625,-400000.0625,-400000.0625,-400000.0625,-400000.0625,-400000.0625,-400000.0625
59.170949935913086,-400000.0625,-400000.0625,-400000.0625,-400000.0625,-400000.0625,-400000.0625,-400000.0625,-400000.0625
59.17095375061035,-400000.0625,-400000.0625,-400000.0625,-400000.0625,-400000.0625,-400000.0625,-400000.0625,-400000.0625
59.170958042144775,-400000.0625,-400000.0625,-400000.0625,-400000.0625,-400000.0625,-400000.0625,-400000.0625,-400000.0625
59.18166160583496,-400000.0625,-400000.0625,-400000.0625,-400000.0625,-400000.0625,-400000.0625,-400000.0625,-400000.0625
59.18715023994446,-400000.0625,-400000.0625,-400000.0625,-400000.0625,-400000.0625,-400000.0625,-400000.0625,-400000.0625
59.19809579849243,-400000.0625,-400000.0625,-400000.0625,-400000.0625,-400000.0625,-400000.0625,-400000.0625,-400000.0625
59.203052043914795,-400000.0625,-400000.0625,-400000.0625,-400000.0625,-400000.0625,-400000.0625,-400000.0625,-400000.0625
59.20306205749512,-400000.0625,-400000.0625,-400000.0625,-400000.0625,-400000.0625,-400000.0625,-400000.0625,-400000.0625
59.2030668258667,-400000.0625,-400000.0625,-400000.0625,-400000.0625,-400000.0625,-400000.0625,-400000.0625,-400000.0625
59.20307111740112,-400000.0625,-400000.0625,-400000.0625,-400000.0625,-400000.0625,-400000.0625,-400000.0625,-400000.0625
59.20307517051697,-400000.0625,-400000.0625,-400000.0625,-400000.0625,-400000.0625,-400000.0625,-400000.0625,-400000.0625
59.20307922363281,-400000.0625,-400000.0625,-400000.0625,-400000.0625,-400000.0625,-400000.0625,-400000.0625,-400000.0625
59.20308303833008,-400000.0625,-400000.0625,-400000.0625,-400000.0625,-400000.0625,-400000.0625,-400000.0625,-400000.0625
59.20308709144592,-400000.0625,-400000.0625,-400000.0625,-400000.0625,-400000.0625,-400000.0625,-400000.0625,-400000.0625
59.203091621398926,-400000.0625,-400000.0625,-400000.0625,-400000.0625,-400000.0625,-400000.0625,-400000.0625,-400000.0625
59.20309567451477,-400000.0625,-400000.0625,-400000.0625,-400000.0625,-400000.0625,-400000.0625,-400000.0625,-400000.0625
59.20310020446777,-400000.0625,-400000.0625,-400000.0625,-400000.0625,-400000.0625,-400000.0625,-400000.0625,-400000.0625
59.203104972839355,-400000.0625,-400000.0625,-400000.0625,-400000.0625,-400000.0625,-400000.0625,-400000.0625,-400000.0625
59.20911931991577,-400000.0625,-400000.0625,-400000.0625,-400000.0625,-400000.0625,-400000.0625,-400000.0625,-400000.0625
59.2515025138855,-400000.0625,-400000.0625,-400000.0625,-400000.0625,-400000.0625,-400000.0625,-400000.0625,-400000.0625
