time,ch1,ch2,ch3,ch4,ch5,ch6,ch7,ch8
209.5774257183075,-400000.0625,-8482.5,-2940.93994140625,-400000.0625,-13161.990234375,-400000.0625,5050.47021484375,-400000.0625
209.58244347572327,-400000.0625,-8454.419921875,-2910.330078125,-400000.0625,-13133.150390625,-400000.0625,5067.10986328125,-400000.0625
209.5873508453369,-400000.0625,-8435.349609375,-2887.679931640625,-400000.0625,-13111.8798828125,-400000.0625,5096.39013671875,-400000.0625
209.5873601436615,-400000.0625,-8457.08984375,-2913.89990234375,-400000.0625,-13128.849609375,-400000.0625,5071.830078125,-400000.0625
209.58736515045166,-400000.0625,-8482.080078125,-2940.93994140625,-400000.0625,-13154.1298828125,-400000.0625,5045.56005859375,-400000.0625
209.58736991882324,-400000.0625,-8477.7802734375,-2935.030029296875,-400000.0625,-13160.1796875,-400000.0625,5050.89990234375,-400000.0625
209.5873739719391,-400000.0625,-8458.7099609375,-2910.18994140625,-400000.0625,-13131.669921875,-400000.0625,5074.64013671875,-400000.0625
209.58737778663635,-400000.0625,-8438.830078125,-2891.25,-400000.0625,-13107.919921875,-400000.0625,5107.31005859375,-400000.0625
209.5873818397522,-400000.0625,-8453.080078125,-2908.090087890625,-400000.0625,-13130.51953125,-400000.0625,5088.0,-400000.0625
209.58738565444946,-400000.0625,-8470.1103515625,-2923.43994140625,-400000.0625,-13152.4599609375,-400000.0625,5052.9501953125,-400000.0625
209.58738923072815,-400000.0625,-8477.259765625,-2932.1201171875,-400000.0625,-13157.7998046875,-400000.0625,5057.10009765625,-400000.0625
209.58739280700684,-400000.0625,-8458.4697265625,-2913.429931640625,-400000.0625,-13134.6201171875,-400000.0625,5077.64990234375,-400000.0625
209.5873966217041,-400000.0625,-8438.400390625,-2889.5400390625,-400000.0625,-13105.919921875,-400000.0625,5102.68017578125,-400000.0625
209.5874001979828,-400000.0625,-8451.650390625,-2902.030029296875,-400000.0625,-13116.599609375,-400000.0625,5073.06982421875,-400000.0625
209.58740401268005,-400000.0625,-8478.6904296875,-2927.8798828125,-400000.0625,-13141.25,-400000.0625,5050.9501953125,-400000.0625
209.58740758895874,-400000.0625,-8481.6904296875,-2933.1201171875,-400000.0625,-13157.080078125,-400000.0625,5045.64990234375,-400000.0625
209.58741116523743,-400000.0625,-8454.1298828125,-2913.52001953125,-400000.0625,-13139.4404296875,-400000.0625,5068.8701171875,-400000.0625
209.58741521835327,-400000.0625,-8440.1103515625,-2892.919921875,-400000.0625,-13110.9697265625,-400000.0625,5103.06005859375,-400000.0625
209.58741927146912,-400000.0625,-8456.5595703125,-2908.989990234375,-400000.0625,-13130.1396484375,-400000.0625,5087.7099609375,-400000.0625
209.5874228477478,-400000.0625,-8477.7802734375,-2928.68994140625,-400000.0625,-13152.5498046875,-400000.0625,5048.47021484375,-400000.0625
209.58742713928223,-400000.0625,-8477.740234375,-2934.550048828125,-400000.0625,-13152.080078125,-400000.0625,5042.740234375,-400000.0625
209.5874309539795,-400000.0625,-8452.4599609375,-2911.52001953125,-400000.0625,-13123.23046875,-400000.0625,5073.169921875,-400000.0625
209.58743476867676,-400000.0625,-8430.33984375,-2884.820068359375,-400000.0625,-13098.099609375,-400000.0625,5098.2998046875,-400000.0625
209.58743858337402,-400000.0625,-8457.3798828125,-2909.469970703125,-400000.0625,-13129.759765625,-400000.0625,5084.85009765625,-400000.0625
209.5874423980713,-400000.0625,-8480.6904296875,-2935.840087890625,-400000.0625,-13159.08984375,-400000.0625,5054.9501953125,-400000.0625
209.58744645118713,-400000.0625,-8477.6904296875,-2935.030029296875,-400000.0625,-13159.1298828125,-400000.0625,5061.52978515625,-400000.0625
209.58745002746582,-400000.0625,-8450.599609375,-2908.419921875,-400000.0625,-13132.4296875,-400000.0625,5068.16015625,-400000.0625
209.59205293655396,-400000.0625,-8426.3798828125,-2886.77001953125,-400000.0625,-13104.2001953125,-400000.0625,5092.91015625,-400000.0625
209.5920605659485,-400000.0625,-8447.98046875,-2906.0400390625,-400000.0625,-13117.83984375,-400000.0625,5077.60009765625,-400000.0625
209.5920650959015,-400000.0625,-8472.6298828125,-2929.5400390625,-400000.0625,-13143.5400390625,-400000.0625,5057.47998046875,-400000.0625
209.59206914901733,-400000.0625,-8468.76953125,-2929.2099609375,-400000.0625,-13153.7900390625,-400000.0625,5050.7099609375,-400000.0625
209.59207272529602,-400000.0625,-8449.599609375,-2906.89990234375,-400000.0625,-13125.6103515625,-400000.0625,5079.41015625,-400000.0625
209.5920763015747,-400000.0625,-8423.3798828125,-2884.14990234375,-400000.0625,-13097.099609375,-400000.0625,5093.240234375,-400000.0625
209.59208035469055,-400000.0625,-8443.58984375,-2903.3701171875,-400000.0625,-13127.3798828125,-400000.0625,5076.89013671875,-400000.0625
209.59208416938782,-400000.0625,-8465.48046875,-2928.2099609375,-400000.0625,-13155.26953125,-400000.0625,5055.9501953125,-400000.0625
209.59208798408508,-400000.0625,-8467.4404296875,-2933.169921875,-400000.0625,-13157.990234375,-400000.0625,5052.52001953125,-400000.0625
209.59209156036377,-400000.0625,-8448.509765625,-2910.090087890625,-400000.0625,-13128.2802734375,-400000.0625,5072.8798828125,-400000.0625
209.59209513664246,-400000.0625,-8426.51953125,-2885.10009765625,-400000.0625,-13099.0,-400000.0625,5093.240234375,-400000.0625
209.59209895133972,-400000.0625,-8452.650390625,-2909.7099609375,-400000.0625,-13116.080078125,-400000.0625,5072.39990234375,-400000.0625
209.59210300445557,-400000.0625,-8469.1103515625,-2923.43994140625,-400000.0625,-13138.009765625,-400000.0625,5053.22998046875,-400000.0625
209.59210658073425,-400000.0625,-8473.25,-2932.260009765625,-400000.0625,-13146.1201171875,-400000.0625,5054.85986328125,-400000.0625
209.59211039543152,-400000.0625,-8448.2197265625,-2911.0,-400000.0625,-13127.759765625,-400000.0625,5077.1201171875,-400000.0625
209.59211468696594,-400000.0625,-8426.7099609375,-2889.820068359375,-400000.0625,-13107.400390625,-400000.0625,5095.77001953125,-400000.0625
209.5921185016632,-400000.0625,-8445.1201171875,-2905.080078125,-400000.0625,-13123.849609375,-400000.0625,5082.509765625,-400000.0625
209.5921220779419,-400000.0625,-8466.9599609375,-2926.5400390625,-400000.0625,-13149.98046875,-400000.0625,5057.0,-400000.0625
209.59212589263916,-400000.0625,-8478.1201171875,-2934.5,-400000.0625,-13152.83984375,-400000.0625,5052.14013671875,-400000.0625
209.59212970733643,-400000.0625,-8450.83984375,-2906.659912109375,-400000.0625,-13121.990234375,-400000.0625,5072.97998046875,-400000.0625
209.5921332836151,-400000.0625,-8422.2802734375,-2885.2900390625,-400000.0625,-13092.900390625,-400000.0625,5093.85986328125,-400000.0625
209.59213709831238,-400000.0625,-8445.0302734375,-2905.4599609375,-400000.0625,-13114.259765625,-400000.0625,5076.7900390625,-400000.0625
209.59214067459106,-400000.0625,-8474.259765625,-2930.780029296875,-400000.0625,-13146.4501953125,-400000.0625,5056.10009765625,-400000.0625
209.59214425086975,-400000.0625,-8476.5400390625,-2937.409912109375,-400000.0625,-13158.4697265625,-400000.0625,5057.0,-400000.0625
209.5921483039856,-400000.0625,-8453.990234375,-2912.0,-400000.0625,-13128.4697265625,-400000.0625,5070.8798828125,-400000.0625
209.59215188026428,-400000.0625,-8429.580078125,-2885.489990234375,-400000.0625,-13104.0595703125,-400000.0625,5096.81982421875,-400000.0625
209.59215545654297,-400000.0625,-8449.3603515625,-2901.699951171875,-400000.0625,-13120.2197265625,-400000.0625,5076.5,-400000.0625
209.59215927124023,-400000.0625,-8471.0595703125,-2928.39990234375,-400000.0625,-13147.6396484375,-400000.0625,5045.83984375,-400000.0625
209.59216284751892,-400000.0625,-8474.349609375,-2930.159912109375,-400000.0625,-13152.5498046875,-400000.0625,5055.56982421875,-400000.0625
209.5921664237976,-400000.0625,-8453.66015625,-2915.10009765625,-400000.0625,-13130.7099609375,-400000.0625,5074.169921875,-400000.0625
209.5921700000763,-400000.0625,-8433.4404296875,-2895.68994140625,-400000.0625,-13105.8701171875,-400000.0625,5102.64013671875,-400000.0625
209.59217381477356,-400000.0625,-8449.3203125,-2910.85009765625,-400000.0625,-13122.080078125,-400000.0625,5078.4599609375,-400000.0625
209.59217739105225,-400000.0625,-8473.9697265625,-2928.969970703125,-400000.0625,-13143.6396484375,-400000.0625,5056.0,-400000.0625
209.59218096733093,-400000.0625,-8474.5400390625,-2933.7900390625,-400000.0625,-13156.1796875,-400000.0625,5048.080078125,-400000.0625
209.59218454360962,-400000.0625,-8448.1201171875,-2909.570068359375,-400000.0625,-13130.7099609375,-400000.0625,5074.41015625,-400000.0625
209.59218835830688,-400000.0625,-8420.900390625,-2882.909912109375,-400000.0625,-13097.1396484375,-400000.0625,5092.72021484375,-400000.0625
209.59219217300415,-400000.0625,-8444.3603515625,-2904.840087890625,-400000.0625,-13113.3095703125,-400000.0625,5071.68994140625,-400000.0625
209.59219598770142,-400000.0625,-8472.8701171875,-2925.679931640625,-400000.0625,-13145.259765625,-400000.0625,5048.47021484375,-400000.0625
209.64012622833252,-400000.0625,-8481.599609375,-2933.360107421875,-400000.0625,-13154.509765625,-400000.0625,5038.740234375,-400000.0625
209.65147304534912,-400000.0625,-8457.23046875,-2915.530029296875,-400000.0625,-13134.0498046875,-400000.0625,5059.91015625,-400000.0625
209.6559329032898,-400000.0625,-8430.580078125,-2889.969970703125,-400000.0625,-13101.5302734375,-400000.0625,5087.14013671875,-400000.0625
209.6559407711029,-400000.0625,-8453.080078125,-2910.52001953125,-400000.0625,-13120.7998046875,-400000.0625,5080.18017578125,-400000.0625
209.65594577789307,-400000.0625,-8476.349609375,-2931.60009765625,-400000.0625,-13152.3095703125,-400000.0625,5050.7998046875,-400000.0625
209.65594911575317,-400000.0625,-8480.0703125,-2936.219970703125,-400000.0625,-13155.8896484375,-400000.0625,5048.509765625,-400000.0625
209.65595245361328,-400000.0625,-8455.1796875,-2914.52001953125,-400000.0625,-13122.5595703125,-400000.0625,5067.919921875,-400000.0625
209.65595602989197,-400000.0625,-8429.240234375,-2886.199951171875,-400000.0625,-13095.0498046875,-400000.0625,5090.6201171875,-400000.0625
209.65595936775208,-400000.0625,-8446.0302734375,-2899.929931640625,-400000.0625,-13122.1298828125,-400000.0625,5081.93994140625,-400000.0625
209.65596270561218,-400000.0625,-8474.919921875,-2924.010009765625,-400000.0625,-13148.6904296875,-400000.0625,5059.77001953125,-400000.0625
209.6559660434723,-400000.0625,-8484.7001953125,-2930.97998046875,-400000.0625,-13150.98046875,-400000.0625,5045.22021484375,-400000.0625
209.6559693813324,-400000.0625,-8458.330078125,-2908.989990234375,-400000.0625,-13119.5595703125,-400000.0625,5068.68017578125,-400000.0625
209.65597367286682,-400000.0625,-8429.48046875,-2890.489990234375,-400000.0625,-13095.0,-400000.0625,5091.72021484375,-400000.0625
209.65597701072693,-400000.0625,-8454.1796875,-2902.840087890625,-400000.0625,-13117.169921875,-400000.0625,5068.2099609375,-400000.0625
209.65598034858704,-400000.0625,-8479.4501953125,-2934.27001953125,-400000.0625,-13147.0703125,-400000.0625,5045.080078125,-400000.0625
209.65598368644714,-400000.0625,-8476.0703125,-2932.68994140625,-400000.0625,-13149.6904296875,-400000.0625,5045.080078125,-400000.0625
209.70780277252197,-400000.0625,-8444.599609375,-2898.070068359375,-400000.0625,-13123.990234375,-400000.0625,5080.83984375,-400000.0625
209.71284008026123,-400000.0625,-8428.2900390625,-2878.570068359375,-400000.0625,-13099.7197265625,-400000.0625,5103.58984375,-400000.0625
209.71743488311768,-400000.0625,-8447.740234375,-2898.31005859375,-400000.0625,-13116.080078125,-400000.0625,5081.4599609375,-400000.0625
209.7174427509308,-400000.0625,-8471.0595703125,-2924.679931640625,-400000.0625,-13144.400390625,-400000.0625,5053.81005859375,-400000.0625
209.7174470424652,-400000.0625,-8479.0703125,-2933.840087890625,-400000.0625,-13152.98046875,-400000.0625,5052.85009765625,-400000.0625
209.71745109558105,-400000.0625,-8458.759765625,-2908.469970703125,-400000.0625,-13124.7099609375,-400000.0625,5074.5,-400000.0625
209.71745443344116,-400000.0625,-8431.7197265625,-2884.340087890625,-400000.0625,-13099.0498046875,-400000.0625,5094.72021484375,-400000.0625
209.71745800971985,-400000.0625,-8447.3603515625,-2899.739990234375,-400000.0625,-13121.3701171875,-400000.0625,5074.41015625,-400000.0625
209.71746182441711,-400000.0625,-8477.5,-2926.25,-400000.0625,-13147.0703125,-400000.0625,5053.66015625,-400000.0625
209.7174654006958,-400000.0625,-8481.9296875,-2931.8798828125,-400000.0625,-13142.6796875,-400000.0625,5037.740234375,-400000.0625
209.71746921539307,-400000.0625,-8458.4697265625,-2910.949951171875,-400000.0625,-13122.3701171875,-400000.0625,5077.02978515625,-400000.0625
209.71747279167175,-400000.0625,-8442.9296875,-2893.780029296875,-400000.0625,-13111.16015625,-400000.0625,5101.39990234375,-400000.0625
209.71747756004333,-400000.0625,-8458.6201171875,-2908.179931640625,-400000.0625,-13126.1396484375,-400000.0625,5072.7900390625,-400000.0625
209.71748113632202,-400000.0625,-8481.98046875,-2935.27001953125,-400000.0625,-13147.4501953125,-400000.0625,5058.47998046875,-400000.0625
209.7174847126007,-400000.0625,-8488.26953125,-2937.360107421875,-400000.0625,-13147.5498046875,-400000.0625,5047.75,-400000.0625
209.71748876571655,-400000.0625,-8456.419921875,-2910.570068359375,-400000.0625,-13120.83984375,-400000.0625,5070.2099609375,-400000.0625
209.77523136138916,-400000.0625,-8436.8701171875,-2887.5400390625,-400000.0625,-13098.2900390625,-400000.0625,5088.6201171875,-400000.0625
209.78444457054138,-400000.0625,-8458.23046875,-2908.280029296875,-400000.0625,-13121.7998046875,-400000.0625,5078.64990234375,-400000.0625
209.78923749923706,-400000.0625,-8485.9404296875,-2930.31005859375,-400000.0625,-13148.259765625,-400000.0625,5051.08984375,-400000.0625
209.7892460823059,-400000.0625,-8488.7001953125,-2935.97998046875,-400000.0625,-13151.98046875,-400000.0625,5038.02001953125,-400000.0625
209.7892506122589,-400000.0625,-8458.0,-2906.280029296875,-400000.0625,-13123.1298828125,-400000.0625,5056.10009765625,-400000.0625
209.78925442695618,-400000.0625,-8437.6796875,-2887.389892578125,-400000.0625,-13097.7197265625,-400000.0625,5094.85986328125,-400000.0625
209.78925800323486,-400000.0625,-8451.5595703125,-2902.169921875,-400000.0625,-13114.2197265625,-400000.0625,5072.64013671875,-400000.0625
209.78926181793213,-400000.0625,-8472.5400390625,-2922.489990234375,-400000.0625,-13138.150390625,-400000.0625,5047.31982421875,-400000.0625
209.78926587104797,-400000.0625,-8483.3603515625,-2937.510009765625,-400000.0625,-13147.8798828125,-400000.0625,5039.41015625,-400000.0625
209.78926968574524,-400000.0625,-8461.8095703125,-2913.3798828125,-400000.0625,-13126.4697265625,-400000.0625,5059.0498046875,-400000.0625
209.7892735004425,-400000.0625,-8436.25,-2887.010009765625,-400000.0625,-13091.759765625,-400000.0625,5090.56982421875,-400000.0625
209.78927731513977,-400000.0625,-8457.900390625,-2909.52001953125,-400000.0625,-13110.01953125,-400000.0625,5072.93017578125,-400000.0625
209.78928208351135,-400000.0625,-8476.830078125,-2927.72998046875,-400000.0625,-13145.5,-400000.0625,5052.85009765625,-400000.0625
209.78928589820862,-400000.0625,-8485.650390625,-2931.639892578125,-400000.0625,-13149.4501953125,-400000.0625,5041.89013671875,-400000.0625
209.78928971290588,-400000.0625,-8463.240234375,-2913.090087890625,-400000.0625,-13126.990234375,-400000.0625,5056.6201171875,-400000.0625
209.78929376602173,-400000.0625,-8434.8701171875,-2888.5400390625,-400000.0625,-13098.33984375,-400000.0625,5094.240234375,-400000.0625
209.84436225891113,-400000.0625,-8447.0302734375,-2902.699951171875,-400000.0625,-13113.7900390625,-400000.0625,5079.3701171875,-400000.0625
209.84958171844482,-400000.0625,-8479.01953125,-2930.97998046875,-400000.0625,-13145.6396484375,-400000.0625,5055.14013671875,-400000.0625
209.85420441627502,-400000.0625,-8486.0302734375,-2931.169921875,-400000.0625,-13150.5498046875,-400000.0625,5046.22998046875,-400000.0625
209.85421228408813,-400000.0625,-8458.8095703125,-2910.090087890625,-400000.0625,-13123.3701171875,-400000.0625,5065.97021484375,-400000.0625
209.85421705245972,-400000.0625,-8435.2001953125,-2888.72998046875,-400000.0625,-13103.580078125,-400000.0625,5089.7099609375,-400000.0625
209.85422086715698,-400000.0625,-8458.7099609375,-2907.22998046875,-400000.0625,-13121.23046875,-400000.0625,5069.5400390625,-400000.0625
209.85422444343567,-400000.0625,-8483.3203125,-2927.830078125,-400000.0625,-13142.6796875,-400000.0625,5050.27978515625,-400000.0625
209.85422825813293,-400000.0625,-8488.990234375,-2935.219970703125,-400000.0625,-13153.8896484375,-400000.0625,5043.60009765625,-400000.0625
209.85423183441162,-400000.0625,-8468.0595703125,-2910.659912109375,-400000.0625,-13126.6103515625,-400000.0625,5068.4501953125,-400000.0625
209.8542356491089,-400000.0625,-8447.8896484375,-2893.5400390625,-400000.0625,-13101.33984375,-400000.0625,5087.81005859375,-400000.0625
209.85423922538757,-400000.0625,-8458.849609375,-2908.52001953125,-400000.0625,-13124.7099609375,-400000.0625,5070.2099609375,-400000.0625
209.85424327850342,-400000.0625,-8474.6396484375,-2927.39990234375,-400000.0625,-13147.5,-400000.0625,5038.169921875,-400000.0625
209.85424709320068,-400000.0625,-8485.1796875,-2935.360107421875,-400000.0625,-13151.1201171875,-400000.0625,5044.4599609375,-400000.0625
209.85425090789795,-400000.0625,-8466.150390625,-2913.81005859375,-400000.0625,-13123.849609375,-400000.0625,5063.52978515625,-400000.0625
209.85425472259521,-400000.0625,-8443.0703125,-2892.590087890625,-400000.0625,-13100.7197265625,-400000.0625,5091.240234375,-400000.0625
209.8542582988739,-400000.0625,-8455.51953125,-2908.1298828125,-400000.0625,-13114.83984375,-400000.0625,5072.97998046875,-400000.0625
209.90976119041443,-400000.0625,-8485.41015625,-2934.889892578125,-400000.0625,-13144.5400390625,-400000.0625,5046.75,-400000.0625
209.92121839523315,-400000.0625,-8505.2998046875,-2949.52001953125,-400000.0625,-13158.6103515625,-400000.0625,5035.64013671875,-400000.0625
209.92589926719666,-400000.0625,-8494.5703125,-2930.449951171875,-400000.0625,-13128.4296875,-400000.0625,5060.81982421875,-400000.0625
209.9259078502655,-400000.0625,-8464.1904296875,-2911.139892578125,-400000.0625,-13099.0,-400000.0625,5078.1298828125,-400000.0625
209.92591285705566,-400000.0625,-8479.6904296875,-2929.02001953125,-400000.0625,-13111.259765625,-400000.0625,5069.8798828125,-400000.0625
209.92591667175293,-400000.0625,-8517.26953125,-2964.2099609375,-400000.0625,-13134.8095703125,-400000.0625,5035.64013671875,-400000.0625
209.92592024803162,-400000.0625,-8537.099609375,-2979.659912109375,-400000.0625,-13140.009765625,-400000.0625,5033.2998046875,-400000.0625
209.92592406272888,-400000.0625,-8517.7900390625,-2961.72998046875,-400000.0625,-13103.919921875,-400000.0625,5051.3798828125,-400000.0625
209.92592787742615,-400000.0625,-8516.5,-2954.580078125,-400000.0625,-13083.2197265625,-400000.0625,5069.2099609375,-400000.0625
209.92593145370483,-400000.0625,-8550.1201171875,-2984.760009765625,-400000.0625,-13097.48046875,-400000.0625,5032.5400390625,-400000.0625
209.92593502998352,-400000.0625,-8579.6796875,-3015.610107421875,-400000.0625,-13116.5498046875,-400000.0625,5006.41015625,-400000.0625
209.9259388446808,-400000.0625,-8594.9404296875,-3024.530029296875,-400000.0625,-13124.3701171875,-400000.0625,5005.41015625,-400000.0625
209.92594242095947,-400000.0625,-8590.1298828125,-3013.090087890625,-400000.0625,-13099.8603515625,-400000.0625,5019.47021484375,-400000.0625
209.92594599723816,-400000.0625,-8588.3603515625,-2998.449951171875,-400000.0625,-13077.3095703125,-400000.0625,5030.43994140625,-400000.0625
209.925950050354,-400000.0625,-8605.9599609375,-3012.510009765625,-400000.0625,-13093.0,-400000.0625,5029.490234375,-400000.0625
209.9259536266327,-400000.0625,-8636.2802734375,-3042.7900390625,-400000.0625,-13112.4501953125,-400000.0625,4987.18994140625,-400000.0625
209.96650409698486,-400000.0625,-8660.83984375,-3058.14990234375,-400000.0625,-13124.0400390625,-400000.0625,4970.8798828125,-400000.0625
209.97248363494873,-400000.0625,-8643.6796875,-3031.2099609375,-400000.0625,-13095.759765625,-400000.0625,4997.8701171875,-400000.0625
209.9775767326355,-400000.0625,-8616.3095703125,-3008.699951171875,-400000.0625,-13063.8603515625,-400000.0625,5032.25,-400000.0625
209.9828600883484,-400000.0625,-8639.0498046875,-3028.72998046875,-400000.0625,-13084.4599609375,-400000.0625,5007.64990234375,-400000.0625
209.98776173591614,-400000.0625,-8670.4697265625,-3053.239990234375,-400000.0625,-13113.1201171875,-400000.0625,4983.08984375,-400000.0625
209.9877679347992,-400000.0625,-8682.2001953125,-3056.669921875,-400000.0625,-13119.650390625,-400000.0625,4966.4501953125,-400000.0625
209.98777174949646,-400000.0625,-8665.849609375,-3042.27001953125,-400000.0625,-13096.8095703125,-400000.0625,4988.580078125,-400000.0625
209.987774848938,-400000.0625,-8637.3798828125,-3018.429931640625,-400000.0625,-13074.4501953125,-400000.0625,5028.68017578125,-400000.0625
209.9877781867981,-400000.0625,-8668.4697265625,-3040.4599609375,-400000.0625,-13101.9599609375,-400000.0625,5007.97998046875,-400000.0625
209.9877815246582,-400000.0625,-8687.9296875,-3060.77001953125,-400000.0625,-13125.7099609375,-400000.0625,4979.89990234375,-400000.0625
209.9877848625183,-400000.0625,-8683.73046875,-3060.8701171875,-400000.0625,-13124.08984375,-400000.0625,4981.7998046875,-400000.0625
209.98778820037842,-400000.0625,-8661.3203125,-3037.8798828125,-400000.0625,-13095.2900390625,-400000.0625,5010.64990234375,-400000.0625
209.98779153823853,-400000.0625,-8637.91015625,-3013.75,-400000.0625,-13077.3095703125,-400000.0625,5033.39990234375,-400000.0625
209.98779487609863,-400000.0625,-8645.490234375,-3024.909912109375,-400000.0625,-13097.0,-400000.0625,5013.1298828125,-400000.0625
209.98779821395874,-400000.0625,-8667.7099609375,-3042.64990234375,-400000.0625,-13121.5595703125,-400000.0625,4997.25,-400000.0625
209.98780155181885,-400000.0625,-8669.330078125,-3042.7900390625,-400000.0625,-13126.900390625,-400000.0625,4986.47998046875,-400000.0625
210.02274203300476,-400000.0625,-8650.349609375,-3021.81005859375,-400000.0625,-13100.9599609375,-400000.0625,5011.990234375,-400000.0625
210.03308749198914,-400000.0625,-8626.5595703125,-3001.31005859375,-400000.0625,-13072.919921875,-400000.0625,5036.5498046875,-400000.0625
210.03834915161133,-400000.0625,-8639.5302734375,-3014.610107421875,-400000.0625,-13089.1298828125,-400000.0625,5019.85986328125,-400000.0625
210.04376435279846,-400000.0625,-8668.9501953125,-3036.7900390625,-400000.0625,-13107.349609375,-400000.0625,4989.6201171875,-400000.0625
210.04880094528198,-400000.0625,-8675.5302734375,-3051.760009765625,-400000.0625,-13128.0,-400000.0625,4990.240234375,-400000.0625
210.05448246002197,-400000.0625,-8649.4501953125,-3025.77001953125,-400000.0625,-13113.2099609375,-400000.0625,5018.52001953125,-400000.0625
210.05999279022217,-400000.0625,-8624.8896484375,-2998.159912109375,-400000.0625,-13082.3203125,-400000.0625,5041.41015625,-400000.0625
210.06498527526855,-400000.0625,-8642.8203125,-3015.280029296875,-400000.0625,-13092.3798828125,-400000.0625,5013.93994140625,-400000.0625
210.06499361991882,-400000.0625,-8671.48046875,-3043.27001953125,-400000.0625,-13123.23046875,-400000.0625,5000.5400390625,-400000.0625
210.06499814987183,-400000.0625,-8680.580078125,-3050.800048828125,-400000.0625,-13133.099609375,-400000.0625,4989.9599609375,-400000.0625
210.07065558433533,-400000.0625,-8656.169921875,-3029.5400390625,-400000.0625,-13105.9697265625,-400000.0625,5011.75,-400000.0625
210.0756561756134,-400000.0625,-8622.4599609375,-3001.070068359375,-400000.0625,-13077.7900390625,-400000.0625,5034.4501953125,-400000.0625
210.0811755657196,-400000.0625,-8645.2001953125,-3020.10009765625,-400000.0625,-13096.330078125,-400000.0625,5027.43994140625,-400000.0625
210.08615612983704,-400000.0625,-8671.48046875,-3043.080078125,-400000.0625,-13120.2197265625,-400000.0625,4997.8701171875,-400000.0625
210.08616495132446,-400000.0625,-8678.099609375,-3054.330078125,-400000.0625,-13132.099609375,-400000.0625,4989.52978515625,-400000.0625
210.0861692428589,-400000.0625,-8669.849609375,-3037.639892578125,-400000.0625,-13105.580078125,-400000.0625,5015.18017578125,-400000.0625
210.08835101127625,-400000.0625,-8646.580078125,-3007.60009765625,-400000.0625,-13078.740234375,-400000.0625,5035.5,-400000.0625
210.09403204917908,-400000.0625,-8651.9697265625,-3028.72998046875,-400000.0625,-13098.4296875,-400000.0625,5030.39013671875,-400000.0625
210.0993194580078,-400000.0625,-8681.6298828125,-3063.25,-400000.0625,-13128.4697265625,-400000.0625,5004.93017578125,-400000.0625
210.10452461242676,-400000.0625,-8693.0302734375,-3075.080078125,-400000.0625,-13131.1396484375,-400000.0625,4990.9599609375,-400000.0625
210.10969400405884,-400000.0625,-8670.9501953125,-3055.669921875,-400000.0625,-13107.25,-400000.0625,5024.85986328125,-400000.0625
210.11517238616943,-400000.0625,-8642.580078125,-3028.5400390625,-400000.0625,-13082.2197265625,-400000.0625,5046.56005859375,-400000.0625
210.12082147598267,-400000.0625,-8666.23046875,-3052.090087890625,-400000.0625,-13101.580078125,-400000.0625,5029.490234375,-400000.0625
210.1259000301361,-400000.0625,-8695.2197265625,-3081.85009765625,-400000.0625,-13129.1904296875,-400000.0625,5013.60986328125,-400000.0625
210.13704657554626,-400000.0625,-8698.7001953125,-3089.909912109375,-400000.0625,-13136.580078125,-400000.0625,5004.22021484375,-400000.0625
210.14261198043823,-400000.0625,-8678.48046875,-3074.1201171875,-400000.0625,-13118.83984375,-400000.0625,5027.43994140625,-400000.0625
210.14803647994995,-400000.0625,-8654.6396484375,-3045.75,-400000.0625,-13088.4697265625,-400000.0625,5052.3798828125,-400000.0625
210.15381479263306,-400000.0625,-8669.6201171875,-3062.25,-400000.0625,-13100.8603515625,-400000.0625,5032.830078125,-400000.0625
210.15945982933044,-400000.0625,-8696.5595703125,-3087.659912109375,-400000.0625,-13128.4697265625,-400000.0625,5022.240234375,-400000.0625
210.16464734077454,-400000.0625,-8700.08984375,-3093.77001953125,-400000.0625,-13140.580078125,-400000.0625,5009.3701171875,-400000.0625
210.17011785507202,-400000.0625,-8670.08984375,-3066.300048828125,-400000.0625,-13112.6396484375,-400000.0625,5037.830078125,-400000.0625
210.1750509738922,-400000.0625,-8654.6904296875,-3046.610107421875,-400000.0625,-13089.1796875,-400000.0625,5065.06005859375,-400000.0625
210.1883008480072,-400000.0625,-8670.1396484375,-3065.919921875,-400000.0625,-13112.0703125,-400000.0625,5045.22021484375,-400000.0625
210.19398760795593,-400000.0625,-8687.7802734375,-3085.7099609375,-400000.0625,-13143.2998046875,-400000.0625,5018.759765625,-400000.0625
210.1989688873291,-400000.0625,-8703.08984375,-3095.47998046875,-400000.0625,-13145.400390625,-400000.0625,5010.7998046875,-400000.0625
210.1989769935608,-400000.0625,-8674.099609375,-3069.830078125,-400000.0625,-13113.830078125,-400000.0625,5030.68017578125,-400000.0625
210.19898176193237,-400000.0625,-8648.7802734375,-3043.56005859375,-400000.0625,-13087.23046875,-400000.0625,5063.68017578125,-400000.0625
210.1989860534668,-400000.0625,-8668.3798828125,-3061.530029296875,-400000.0625,-13104.76953125,-400000.0625,5051.14013671875,-400000.0625
210.19898986816406,-400000.0625,-8684.9697265625,-3082.280029296875,-400000.0625,-13129.669921875,-400000.0625,5021.56982421875,-400000.0625
210.19899344444275,-400000.0625,-8692.3603515625,-3088.239990234375,-400000.0625,-13145.400390625,-400000.0625,5014.08984375,-400000.0625
210.2042453289032,-400000.0625,-8674.5703125,-3070.39990234375,-400000.0625,-13118.7900390625,-400000.0625,5037.5,-400000.0625
210.2096872329712,-400000.0625,-8646.2001953125,-3041.219970703125,-400000.0625,-13086.650390625,-400000.0625,5060.85986328125,-400000.0625
210.2153720855713,-400000.0625,-8662.1796875,-3055.139892578125,-400000.0625,-13111.5498046875,-400000.0625,5041.4599609375,-400000.0625
210.2208297252655,-400000.0625,-8692.7900390625,-3082.75,-400000.0625,-13136.48046875,-400000.0625,5021.0498046875,-400000.0625
210.22583556175232,-400000.0625,-8696.7998046875,-3090.10009765625,-400000.0625,-13148.169921875,-400000.0625,5016.52001953125,-400000.0625
210.231116771698,-400000.0625,-8669.4697265625,-3066.969970703125,-400000.0625,-13118.3203125,-400000.0625,5042.93994140625,-400000.0625
210.24030327796936,-400000.0625,-8654.6904296875,-3053.469970703125,-400000.0625,-13092.8095703125,-400000.0625,5064.2998046875,-400000.0625
210.24530720710754,-400000.0625,-8667.7998046875,-3065.489990234375,-400000.0625,-13110.9296875,-400000.0625,5050.47021484375,-400000.0625
210.25064849853516,-400000.0625,-8690.169921875,-3085.659912109375,-400000.0625,-13134.33984375,-400000.0625,5031.68017578125,-400000.0625
210.25541806221008,-400000.0625,-8692.9296875,-3087.18994140625,-400000.0625,-13143.01953125,-400000.0625,5021.91015625,-400000.0625
210.25542569160461,-400000.0625,-8672.2900390625,-3066.780029296875,-400000.0625,-13118.650390625,-400000.0625,5041.5498046875,-400000.0625
210.2554304599762,-400000.0625,-8643.9599609375,-3038.739990234375,-400000.0625,-13091.3798828125,-400000.0625,5070.39990234375,-400000.0625
210.25543451309204,-400000.0625,-8661.5595703125,-3054.669921875,-400000.0625,-13105.4404296875,-400000.0625,5055.08984375,-400000.0625
210.2554383277893,-400000.0625,-8685.0703125,-3081.510009765625,-400000.0625,-13130.330078125,-400000.0625,5036.02001953125,-400000.0625
210.25544214248657,-400000.0625,-8701.1298828125,-3094.14990234375,-400000.0625,-13144.8798828125,-400000.0625,5027.33984375,-400000.0625
210.25544595718384,-400000.0625,-8678.0595703125,-3074.219970703125,-400000.0625,-13116.5498046875,-400000.0625,5039.8798828125,-400000.0625
210.25545001029968,-400000.0625,-8644.919921875,-3044.800048828125,-400000.0625,-13089.75,-400000.0625,5063.25,-400000.0625
210.25545358657837,-400000.0625,-8659.9404296875,-3061.679931640625,-400000.0625,-13113.7900390625,-400000.0625,5046.509765625,-400000.0625
210.25545716285706,-400000.0625,-8692.3603515625,-3089.47998046875,-400000.0625,-13140.580078125,-400000.0625,5032.06005859375,-400000.0625
210.2554612159729,-400000.0625,-8699.990234375,-3098.43994140625,-400000.0625,-13143.6796875,-400000.0625,5016.14013671875,-400000.0625
210.2554647922516,-400000.0625,-8668.0400390625,-3064.300048828125,-400000.0625,-13112.259765625,-400000.0625,5034.8798828125,-400000.0625
210.25546860694885,-400000.0625,-8651.73046875,-3043.840087890625,-400000.0625,-13086.419921875,-400000.0625,5065.10986328125,-400000.0625
210.25547242164612,-400000.0625,-8668.0400390625,-3067.2099609375,-400000.0625,-13105.7802734375,-400000.0625,5046.509765625,-400000.0625
210.25547623634338,-400000.0625,-8699.0400390625,-3085.659912109375,-400000.0625,-13138.6796875,-400000.0625,5027.33984375,-400000.0625
210.2842185497284,-400000.0625,-8719.400390625,-3099.159912109375,-400000.0625,-13155.26953125,-400000.0625,5016.22998046875,-400000.0625
210.28957533836365,-400000.0625,-8682.0595703125,-3066.639892578125,-400000.0625,-13133.8603515625,-400000.0625,5035.68994140625,-400000.0625
210.29454350471497,-400000.0625,-8637.0498046875,-3027.489990234375,-400000.0625,-13089.51953125,-400000.0625,5054.240234375,-400000.0625
210.29455184936523,-400000.0625,-8651.5,-3040.64990234375,-400000.0625,-13103.5302734375,-400000.0625,5034.06982421875,-400000.0625
210.29455590248108,-400000.0625,-8676.8203125,-3053.949951171875,-400000.0625,-13131.91015625,-400000.0625,5005.97998046875,-400000.0625
210.29455971717834,-400000.0625,-8684.919921875,-3050.89990234375,-400000.0625,-13135.009765625,-400000.0625,4988.33984375,-400000.0625
210.29456329345703,-400000.0625,-8654.259765625,-3020.47998046875,-400000.0625,-13113.3095703125,-400000.0625,5001.93017578125,-400000.0625
210.2945671081543,-400000.0625,-8620.740234375,-2987.340087890625,-400000.0625,-13080.599609375,-400000.0625,5020.2900390625,-400000.0625
210.29457306861877,-400000.0625,-8630.3701171875,-2992.010009765625,-400000.0625,-13092.330078125,-400000.0625,4992.009765625,-400000.0625
210.29457712173462,-400000.0625,-8661.9404296875,-3012.89990234375,-400000.0625,-13123.080078125,-400000.0625,4968.97998046875,-400000.0625
210.2945806980133,-400000.0625,-8672.5703125,-3014.989990234375,-400000.0625,-13129.4296875,-400000.0625,4957.14990234375,-400000.0625
210.294584274292,-400000.0625,-8643.099609375,-2987.0,-400000.0625,-13100.5302734375,-400000.0625,4971.169921875,-400000.0625
210.2992868423462,-400000.0625,-8617.16015625,-2965.1201171875,-400000.0625,-13071.009765625,-400000.0625,4997.64013671875,-400000.0625
210.2992959022522,-400000.0625,-8632.51953125,-2977.7099609375,-400000.0625,-13090.7998046875,-400000.0625,4990.47998046875,-400000.0625
210.29930114746094,-400000.0625,-8650.5400390625,-2996.72998046875,-400000.0625,-13122.75,-400000.0625,4967.06982421875,-400000.0625
210.29930520057678,-400000.0625,-8661.990234375,-3008.27001953125,-400000.0625,-13128.1396484375,-400000.0625,4949.669921875,-400000.0625
210.3643958568573,-400000.0625,-8644.6796875,-2987.18994140625,-400000.0625,-13101.8203125,-400000.0625,4975.1298828125,-400000.0625
210.37416458129883,-400000.0625,-8614.8701171875,-2958.159912109375,-400000.0625,-13073.0595703125,-400000.0625,5001.97021484375,-400000.0625
210.37885785102844,-400000.0625,-8629.990234375,-2973.840087890625,-400000.0625,-13091.759765625,-400000.0625,4987.85986328125,-400000.0625
210.3788661956787,-400000.0625,-8664.6103515625,-3001.260009765625,-400000.0625,-13122.9404296875,-400000.0625,4957.14990234375,-400000.0625
210.37887048721313,-400000.0625,-8672.5703125,-3014.330078125,-400000.0625,-13135.009765625,-400000.0625,4949.56982421875,-400000.0625
210.37887406349182,-400000.0625,-8638.4296875,-2982.330078125,-400000.0625,-13109.0703125,-400000.0625,4979.60986328125,-400000.0625
210.3788776397705,-400000.0625,-8608.0595703125,-2953.719970703125,-400000.0625,-13081.3603515625,-400000.0625,5012.080078125,-400000.0625
210.3788812160492,-400000.0625,-8624.3603515625,-2972.169921875,-400000.0625,-13092.66015625,-400000.0625,4996.43994140625,-400000.0625
210.37888479232788,-400000.0625,-8652.5498046875,-2995.780029296875,-400000.0625,-13119.2197265625,-400000.0625,4963.10986328125,-400000.0625
210.37888836860657,-400000.0625,-8660.599609375,-3005.5,-400000.0625,-13134.8095703125,-400000.0625,4956.33984375,-400000.0625
210.37889218330383,-400000.0625,-8642.009765625,-2982.570068359375,-400000.0625,-13109.58984375,-400000.0625,4974.509765625,-400000.0625
210.37889575958252,-400000.0625,-8620.41015625,-2963.02001953125,-400000.0625,-13083.080078125,-400000.0625,5003.7900390625,-400000.0625
210.3788993358612,-400000.0625,-8631.4697265625,-2977.510009765625,-400000.0625,-13097.2900390625,-400000.0625,4984.56982421875,-400000.0625
210.37890338897705,-400000.0625,-8658.26953125,-3005.550048828125,-400000.0625,-13123.7998046875,-400000.0625,4956.9599609375,-400000.0625
210.3789074420929,-400000.0625,-8668.759765625,-3010.75,-400000.0625,-13129.5703125,-400000.0625,4952.56982421875,-400000.0625
210.37891149520874,-400000.0625,-8642.009765625,-2984.3798828125,-400000.0625,-13107.6396484375,-400000.0625,4971.740234375,-400000.0625
210.4091362953186,-400000.0625,-8617.2099609375,-2963.639892578125,-400000.0625,-13087.5595703125,-400000.0625,4999.02001953125,-400000.0625
210.41454076766968,-400000.0625,-8634.51953125,-2978.800048828125,-400000.0625,-13102.33984375,-400000.0625,4985.7099609375,-400000.0625
210.41927695274353,-400000.0625,-8661.83984375,-3007.219970703125,-400000.0625,-13133.8095703125,-400000.0625,4963.58984375,-400000.0625
210.41928625106812,-400000.0625,-8667.1796875,-3012.510009765625,-400000.0625,-13145.5,-400000.0625,4956.8701171875,-400000.0625
210.41929173469543,-400000.0625,-8641.009765625,-2991.010009765625,-400000.0625,-13115.9296875,-400000.0625,4975.31982421875,-400000.0625
210.41929626464844,-400000.0625,-8615.0703125,-2963.780029296875,-400000.0625,-13084.83984375,-400000.0625,4996.43994140625,-400000.0625
210.4193000793457,-400000.0625,-8629.509765625,-2975.510009765625,-400000.0625,-13095.669921875,-400000.0625,4983.85009765625,-400000.0625
210.41930413246155,-400000.0625,-8656.3603515625,-3002.68994140625,-400000.0625,-13125.0400390625,-400000.0625,4958.2001953125,-400000.0625
210.4193081855774,-400000.0625,-8671.1396484375,-3018.239990234375,-400000.0625,-13143.830078125,-400000.0625,4951.2900390625,-400000.0625
210.41931247711182,-400000.0625,-8650.830078125,-2998.159912109375,-400000.0625,-13117.9296875,-400000.0625,4975.56005859375,-400000.0625
210.41931653022766,-400000.0625,-8620.6904296875,-2967.1201171875,-400000.0625,-13082.8896484375,-400000.0625,5002.97998046875,-400000.0625
210.4193205833435,-400000.0625,-8633.51953125,-2982.469970703125,-400000.0625,-13097.5703125,-400000.0625,4988.0,-400000.0625
210.4193263053894,-400000.0625,-8655.98046875,-3002.1201171875,-400000.0625,-13124.3203125,-400000.0625,4959.5400390625,-400000.0625
210.41933035850525,-400000.0625,-8661.7001953125,-3003.68994140625,-400000.0625,-13134.9599609375,-400000.0625,4948.14013671875,-400000.0625
210.4193344116211,-400000.0625,-8641.33984375,-2985.719970703125,-400000.0625,-13109.490234375,-400000.0625,4972.97998046875,-400000.0625
210.41933798789978,-400000.0625,-8614.58984375,-2961.489990234375,-400000.0625,-13085.1796875,-400000.0625,5004.4501953125,-400000.0625
210.46905541419983,-400000.0625,-8623.5498046875,-2974.3701171875,-400000.0625,-13106.2998046875,-400000.0625,4982.56982421875,-400000.0625
210.47842574119568,-400000.0625,-8649.490234375,-3003.070068359375,-400000.0625,-13129.8603515625,-400000.0625,4955.91015625,-400000.0625
210.48627281188965,-400000.0625,-8658.3603515625,-3010.1298828125,-400000.0625,-13136.580078125,-400000.0625,4946.18017578125,-400000.0625
210.49165415763855,-400000.0625,-8637.9501953125,-2986.050048828125,-400000.0625,-13112.01953125,-400000.0625,4972.41015625,-400000.0625
210.49613213539124,-400000.0625,-8614.6796875,-2959.25,-400000.0625,-13083.599609375,-400000.0625,4996.43994140625,-400000.0625
210.49614000320435,-400000.0625,-8614.6396484375,-2967.02001953125,-400000.0625,-13095.8095703125,-400000.0625,4990.0498046875,-400000.0625
210.4961440563202,-400000.0625,-8641.2001953125,-2991.389892578125,-400000.0625,-13122.080078125,-400000.0625,4965.35009765625,-400000.0625
210.49614810943604,-400000.0625,-8655.8798828125,-3002.97998046875,-400000.0625,-13130.7099609375,-400000.0625,4950.9501953125,-400000.0625
210.49615263938904,-400000.0625,-8632.9501953125,-2981.6201171875,-400000.0625,-13101.2001953125,-400000.0625,4974.18017578125,-400000.0625
210.49615693092346,-400000.0625,-8607.9599609375,-2956.10009765625,-400000.0625,-13075.400390625,-400000.0625,5004.97998046875,-400000.0625
210.4961609840393,-400000.0625,-8618.98046875,-2969.5,-400000.0625,-13096.8603515625,-400000.0625,4989.0498046875,-400000.0625
210.49616503715515,-400000.0625,-8644.6796875,-2996.8701171875,-400000.0625,-13127.51953125,-400000.0625,4956.6298828125,-400000.0625
210.49616885185242,-400000.0625,-8656.0703125,-3005.080078125,-400000.0625,-13135.009765625,-400000.0625,4955.009765625,-400000.0625
210.49617314338684,-400000.0625,-8633.4697265625,-2980.419921875,-400000.0625,-13103.5302734375,-400000.0625,4977.31982421875,-400000.0625
210.4961769580841,-400000.0625,-8606.4296875,-2956.9599609375,-400000.0625,-13072.1103515625,-400000.0625,4997.43994140625,-400000.0625
210.49618101119995,-400000.0625,-8625.990234375,-2970.64990234375,-400000.0625,-13095.7099609375,-400000.0625,4982.22998046875,-400000.0625
210.57382225990295,-400000.0625,-8644.8203125,-2989.820068359375,-400000.0625,-13126.08984375,-400000.0625,4969.4501953125,-400000.0625
210.58510184288025,-400000.0625,-8648.58984375,-2994.389892578125,-400000.0625,-13129.8095703125,-400000.0625,4959.490234375,-400000.0625
210.58983945846558,-400000.0625,-8612.4404296875,-2965.780029296875,-400000.0625,-13096.240234375,-400000.0625,4972.31982421875,-400000.0625
210.58984804153442,-400000.0625,-8585.2197265625,-2939.800048828125,-400000.0625,-13067.6796875,-400000.0625,4996.009765625,-400000.0625
210.58985233306885,-400000.0625,-8603.759765625,-2948.47998046875,-400000.0625,-13086.4599609375,-400000.0625,4975.64990234375,-400000.0625
210.58985710144043,-400000.0625,-8625.1298828125,-2965.260009765625,-400000.0625,-13115.0302734375,-400000.0625,4944.7099609375,-400000.0625
210.58986115455627,-400000.0625,-8634.1904296875,-2966.60009765625,-400000.0625,-13123.5595703125,-400000.0625,4938.7900390625,-400000.0625
210.58986568450928,-400000.0625,-8613.6796875,-2943.1298828125,-400000.0625,-13097.0,-400000.0625,4952.9599609375,-400000.0625
210.5898699760437,-400000.0625,-8589.9404296875,-2917.719970703125,-400000.0625,-13070.6298828125,-400000.0625,4977.419921875,-400000.0625
210.58987522125244,-400000.0625,-8609.6298828125,-2931.68994140625,-400000.0625,-13084.2197265625,-400000.0625,4956.52978515625,-400000.0625
210.58987951278687,-400000.0625,-8631.2802734375,-2955.8701171875,-400000.0625,-13109.349609375,-400000.0625,4927.16015625,-400000.0625
210.5898838043213,-400000.0625,-8638.0,-2967.360107421875,-400000.0625,-13122.1796875,-400000.0625,4922.580078125,-400000.0625
210.5898883342743,-400000.0625,-8621.3095703125,-2948.050048828125,-400000.0625,-13095.48046875,-400000.0625,4944.990234375,-400000.0625
210.58989262580872,-400000.0625,-8616.0703125,-2921.389892578125,-400000.0625,-13064.8203125,-400000.0625,4979.990234375,-400000.0625
210.58989667892456,-400000.0625,-8666.419921875,-2906.469970703125,-400000.0625,-13067.5302734375,-400000.0625,4980.0400390625,-400000.0625
210.58990097045898,-400000.0625,-8680.490234375,-2932.260009765625,-400000.0625,-13102.4404296875,-400000.0625,4949.18994140625,-400000.0625
210.60682821273804,-400000.0625,-8670.4296875,-2965.31005859375,-400000.0625,-13122.8896484375,-400000.0625,4924.580078125,-400000.0625
210.6126368045807,-400000.0625,-8674.8095703125,-2936.93994140625,-400000.0625,-13091.990234375,-400000.0625,4938.35986328125,-400000.0625
210.61745834350586,-400000.0625,-8635.1904296875,-2915.530029296875,-400000.0625,-13056.4697265625,-400000.0625,4972.509765625,-400000.0625
210.6174669265747,-400000.0625,-8657.7900390625,-2937.360107421875,-400000.0625,-13068.76953125,-400000.0625,4938.97998046875,-400000.0625
210.6174726486206,-400000.0625,-8693.0302734375,-2959.25,-400000.0625,-13088.5595703125,-400000.0625,4915.52001953125,-400000.0625
210.6174774169922,-400000.0625,-8714.2001953125,-2960.72998046875,-400000.0625,-13090.7099609375,-400000.0625,4912.89990234375,-400000.0625
210.6174817085266,-400000.0625,-8729.26953125,-2945.280029296875,-400000.0625,-13057.1396484375,-400000.0625,4936.83984375,-400000.0625
210.61748600006104,-400000.0625,-8727.41015625,-2931.449951171875,-400000.0625,-13019.0400390625,-400000.0625,4946.419921875,-400000.0625
210.61749053001404,-400000.0625,-8757.7802734375,-2963.72998046875,-400000.0625,-13021.419921875,-400000.0625,4913.85986328125,-400000.0625
210.61749482154846,-400000.0625,-8809.1396484375,-3004.64990234375,-400000.0625,-13041.5498046875,-400000.0625,4878.56982421875,-400000.0625
210.6174988746643,-400000.0625,-8851.4296875,-3015.760009765625,-400000.0625,-13034.9697265625,-400000.0625,4860.64013671875,-400000.0625
210.61750292778015,-400000.0625,-8856.5400390625,-2994.159912109375,-400000.0625,-12995.099609375,-400000.0625,4877.9501953125,-400000.0625
210.617506980896,-400000.0625,-8858.6298828125,-2972.64990234375,-400000.0625,-12960.6298828125,-400000.0625,4904.18017578125,-400000.0625
210.61751103401184,-400000.0625,-8877.900390625,-3005.699951171875,-400000.0625,-12976.599609375,-400000.0625,4870.31982421875,-400000.0625
210.61751508712769,-400000.0625,-8923.7197265625,-3044.4599609375,-400000.0625,-12997.7197265625,-400000.0625,4824.97021484375,-400000.0625
210.61751914024353,-400000.0625,-8968.349609375,-3050.89990234375,-400000.0625,-13002.490234375,-400000.0625,4814.52978515625,-400000.0625
210.66330242156982,-400000.0625,-8960.2001953125,-3016.659912109375,-400000.0625,-12969.7802734375,-400000.0625,4852.6298828125,-400000.0625
210.6694016456604,-400000.0625,-8936.9296875,-2999.2099609375,-400000.0625,-12935.259765625,-400000.0625,4868.89013671875,-400000.0625
210.67491579055786,-400000.0625,-8960.8203125,-3031.5400390625,-400000.0625,-12950.51953125,-400000.0625,4840.18017578125,-400000.0625
210.68573260307312,-400000.0625,-8999.8701171875,-3051.949951171875,-400000.0625,-12971.4501953125,-400000.0625,4819.68017578125,-400000.0625
210.6917314529419,-400000.0625,-9032.4404296875,-3062.679931640625,-400000.0625,-12978.599609375,-400000.0625,4804.330078125,-400000.0625
210.69710326194763,-400000.0625,-9024.33984375,-3045.080078125,-400000.0625,-12949.5595703125,-400000.0625,4821.25,-400000.0625
210.7030086517334,-400000.0625,-9021.1396484375,-3013.0400390625,-400000.0625,-12921.6201171875,-400000.0625,4853.25,-400000.0625
210.7086570262909,-400000.0625,-9047.2197265625,-3029.72998046875,-400000.0625,-12935.400390625,-400000.0625,4843.759765625,-400000.0625
210.71452164649963,-400000.0625,-9068.9697265625,-3066.02001953125,-400000.0625,-12954.4296875,-400000.0625,4803.31982421875,-400000.0625
210.72041654586792,-400000.0625,-9091.08984375,-3081.179931640625,-400000.0625,-12965.2998046875,-400000.0625,4789.02001953125,-400000.0625
210.72637152671814,-400000.0625,-9075.6396484375,-3065.06005859375,-400000.0625,-12942.98046875,-400000.0625,4804.0400390625,-400000.0625
210.73259687423706,-400000.0625,-9054.9501953125,-3032.489990234375,-400000.0625,-12911.849609375,-400000.0625,4834.83984375,-400000.0625
210.7379081249237,-400000.0625,-9078.740234375,-3044.840087890625,-400000.0625,-12926.8701171875,-400000.0625,4821.97021484375,-400000.0625
210.74341011047363,-400000.0625,-9120.66015625,-3068.449951171875,-400000.0625,-12949.7998046875,-400000.0625,4804.0400390625,-400000.0625
210.7489411830902,-400000.0625,-9122.419921875,-3076.409912109375,-400000.0625,-12958.4296875,-400000.0625,4798.7001953125,-400000.0625
210.75449466705322,-400000.0625,-9096.7197265625,-3066.639892578125,-400000.0625,-12933.7802734375,-400000.0625,4803.31982421875,-400000.0625
210.75974798202515,-400000.0625,-9089.1796875,-3051.81005859375,-400000.0625,-12908.0302734375,-400000.0625,4819.490234375,-400000.0625
210.76485323905945,-400000.0625,-9110.5,-3063.010009765625,-400000.0625,-12923.33984375,-400000.0625,4803.31982421875,-400000.0625
210.77049565315247,-400000.0625,-9158.1796875,-3070.969970703125,-400000.0625,-12945.3701171875,-400000.0625,4785.10986328125,-400000.0625
210.77560949325562,-400000.0625,-9164.9501953125,-3098.919921875,-400000.0625,-12960.240234375,-400000.0625,4773.669921875,-400000.0625
210.78567838668823,-400000.0625,-9135.91015625,-3087.85009765625,-400000.0625,-12940.98046875,-400000.0625,4787.830078125,-400000.0625
210.79155921936035,-400000.0625,-9105.01953125,-3055.2900390625,-400000.0625,-12906.1201171875,-400000.0625,4816.52978515625,-400000.0625
210.79671621322632,-400000.0625,-9120.0400390625,-3063.110107421875,-400000.0625,-12918.4697265625,-400000.0625,4801.4599609375,-400000.0625
210.80237221717834,-400000.0625,-9156.990234375,-3083.0400390625,-400000.0625,-12940.169921875,-400000.0625,4773.85986328125,-400000.0625
210.80749320983887,-400000.0625,-9179.01953125,-3089.47998046875,-400000.0625,-12953.240234375,-400000.0625,4761.1201171875,-400000.0625
210.81293845176697,-400000.0625,-9161.5703125,-3057.3798828125,-400000.0625,-12931.400390625,-400000.0625,4792.740234375,-400000.0625
210.81813383102417,-400000.0625,-9122.419921875,-3040.080078125,-400000.0625,-12903.98046875,-400000.0625,4820.43994140625,-400000.0625
210.82330989837646,-400000.0625,-9130.2900390625,-3056.340087890625,-400000.0625,-12914.7099609375,-400000.0625,4779.81982421875,-400000.0625
210.82840824127197,-400000.0625,-9158.7998046875,-3076.97998046875,-400000.0625,-12944.599609375,-400000.0625,4752.8701171875,-400000.0625
210.83376455307007,-400000.0625,-9170.4404296875,-3075.889892578125,-400000.0625,-12954.900390625,-400000.0625,4741.56982421875,-400000.0625
210.8387315273285,-400000.0625,-9148.2197265625,-3051.18994140625,-400000.0625,-12922.3798828125,-400000.0625,4763.509765625,-400000.0625
210.83873915672302,-400000.0625,-9138.7802734375,-3025.8701171875,-400000.0625,-12899.830078125,-400000.0625,4784.10986328125,-400000.0625
210.8387451171875,-400000.0625,-9155.7001953125,-3037.070068359375,-400000.0625,-12922.48046875,-400000.0625,4771.08984375,-400000.0625
210.83874893188477,-400000.0625,-9184.169921875,-3042.7900390625,-400000.0625,-12942.83984375,-400000.0625,4750.68017578125,-400000.0625
210.83875274658203,-400000.0625,-9173.58984375,-3044.840087890625,-400000.0625,-12948.1298828125,-400000.0625,4719.39990234375,-400000.0625
210.8387565612793,-400000.0625,-9157.0400390625,-3013.89990234375,-400000.0625,-12922.150390625,-400000.0625,4733.47021484375,-400000.0625
210.83876037597656,-400000.0625,-9117.650390625,-2983.52001953125,-400000.0625,-12895.009765625,-400000.0625,4781.6298828125,-400000.0625
210.83876419067383,-400000.0625,-9133.2001953125,-3006.60009765625,-400000.0625,-12918.2802734375,-400000.0625,4750.43994140625,-400000.0625
210.8387680053711,-400000.0625,-9157.419921875,-3024.239990234375,-400000.0625,-12945.509765625,-400000.0625,4709.580078125,-400000.0625
210.84400987625122,-400000.0625,-9167.91015625,-3026.340087890625,-400000.0625,-12956.240234375,-400000.0625,4700.89990234375,-400000.0625
210.84920287132263,-400000.0625,-9138.0595703125,-2987.10009765625,-400000.0625,-12921.1904296875,-400000.0625,4722.97998046875,-400000.0625
210.85401248931885,-400000.0625,-9119.6103515625,-2950.239990234375,-400000.0625,-12889.3896484375,-400000.0625,4753.5400390625,-400000.0625
210.85402059555054,-400000.0625,-9132.580078125,-2938.4599609375,-400000.0625,-12906.740234375,-400000.0625,4744.43017578125,-400000.0625
210.85402512550354,-400000.0625,-9127.4697265625,-2947.3798828125,-400000.0625,-12929.919921875,-400000.0625,4718.97021484375,-400000.0625
210.8540289402008,-400000.0625,-9114.1201171875,-2963.590087890625,-400000.0625,-12937.8798828125,-400000.0625,4693.31982421875,-400000.0625
210.85403299331665,-400000.0625,-9098.9599609375,-2935.550048828125,-400000.0625,-12916.0400390625,-400000.0625,4697.31982421875,-400000.0625
210.8540370464325,-400000.0625,-9069.0595703125,-2891.830078125,-400000.0625,-12889.5302734375,-400000.0625,4719.8798828125,-400000.0625
210.85404086112976,-400000.0625,-9070.58984375,-2890.6298828125,-400000.0625,-12897.919921875,-400000.0625,4708.669921875,-400000.0625
210.8656666278839,-400000.0625,-9083.6103515625,-2905.080078125,-400000.0625,-12924.76953125,-400000.0625,4683.16015625,-400000.0625
210.87089204788208,-400000.0625,-9083.419921875,-2901.97998046875,-400000.0625,-12947.8896484375,-400000.0625,4666.66015625,-400000.0625
210.87582445144653,-400000.0625,-9056.3798828125,-2867.169921875,-400000.0625,-12928.6796875,-400000.0625,4691.93994140625,-400000.0625
210.88020825386047,-400000.0625,-9010.7001953125,-2823.02001953125,-400000.0625,-12893.76953125,-400000.0625,4724.06982421875,-400000.0625
210.88511991500854,-400000.0625,-9011.3203125,-2827.219970703125,-400000.0625,-12906.650390625,-400000.0625,4709.669921875,-400000.0625
210.8851282596588,-400000.0625,-9027.7197265625,-2837.7099609375,-400000.0625,-12939.740234375,-400000.0625,4681.02001953125,-400000.0625
210.88513255119324,-400000.0625,-9024.669921875,-2838.280029296875,-400000.0625,-12952.66015625,-400000.0625,4672.9599609375,-400000.0625
210.8851363658905,-400000.0625,-8970.1201171875,-2797.219970703125,-400000.0625,-12920.8095703125,-400000.0625,4699.18017578125,-400000.0625
210.88514018058777,-400000.0625,-8934.1201171875,-2762.4599609375,-400000.0625,-12891.6298828125,-400000.0625,4726.35986328125,-400000.0625
210.88514399528503,-400000.0625,-8953.5703125,-2775.47998046875,-400000.0625,-12913.23046875,-400000.0625,4711.06005859375,-400000.0625
210.88514804840088,-400000.0625,-8988.240234375,-2791.360107421875,-400000.0625,-12944.0302734375,-400000.0625,4672.580078125,-400000.0625
210.88515162467957,-400000.0625,-8994.8701171875,-2799.610107421875,-400000.0625,-12950.7099609375,-400000.0625,4662.7099609375,-400000.0625
210.88515615463257,-400000.0625,-8953.1396484375,-2789.68994140625,-400000.0625,-12927.9599609375,-400000.0625,4692.97998046875,-400000.0625
210.8851602077484,-400000.0625,-8914.419921875,-2764.75,-400000.0625,-12911.3701171875,-400000.0625,4710.009765625,-400000.0625
210.88516402244568,-400000.0625,-8942.41015625,-2783.35009765625,-400000.0625,-12931.5400390625,-400000.0625,4694.1298828125,-400000.0625
210.88516807556152,-400000.0625,-8971.2197265625,-2816.77001953125,-400000.0625,-12956.48046875,-400000.0625,4672.6201171875,-400000.0625
210.94955372810364,-400000.0625,-8971.740234375,-2834.080078125,-400000.0625,-12964.8203125,-400000.0625,4662.419921875,-400000.0625
210.95506072044373,-400000.0625,-8942.9404296875,-2817.820068359375,-400000.0625,-12938.8798828125,-400000.0625,4687.35986328125,-400000.0625
210.96033430099487,-400000.0625,-8911.23046875,-2794.27001953125,-400000.0625,-12909.0302734375,-400000.0625,4722.830078125,-400000.0625
210.9653844833374,-400000.0625,-8928.349609375,-2821.919921875,-400000.0625,-12923.48046875,-400000.0625,4712.72998046875,-400000.0625
210.9705057144165,-400000.0625,-8947.23046875,-2852.5400390625,-400000.0625,-12953.330078125,-400000.0625,4696.60986328125,-400000.0625
210.9758586883545,-400000.0625,-8945.2802734375,-2871.469970703125,-400000.0625,-12976.1201171875,-400000.0625,4695.56005859375,-400000.0625
210.98586773872375,-400000.0625,-8906.080078125,-2861.070068359375,-400000.0625,-12952.2802734375,-400000.0625,4724.64990234375,-400000.0625
210.99098110198975,-400000.0625,-8871.990234375,-2849.909912109375,-400000.0625,-12919.8603515625,-400000.0625,4753.72998046875,-400000.0625
210.99588918685913,-400000.0625,-8873.849609375,-2873.659912109375,-400000.0625,-12941.3603515625,-400000.0625,4750.6298828125,-400000.0625
210.99589800834656,-400000.0625,-8892.919921875,-2916.6201171875,-400000.0625,-12978.41015625,-400000.0625,4735.85009765625,-400000.0625
210.99590301513672,-400000.0625,-8894.01953125,-2941.469970703125,-400000.0625,-12992.48046875,-400000.0625,4733.22998046875,-400000.0625
210.99590730667114,-400000.0625,-8854.91015625,-2931.639892578125,-400000.0625,-12968.349609375,-400000.0625,4767.89990234375,-400000.0625
210.995911359787,-400000.0625,-8815.48046875,-2916.239990234375,-400000.0625,-12936.9296875,-400000.0625,4810.81005859375,-400000.0625
210.99591517448425,-400000.0625,-8819.2998046875,-2944.989990234375,-400000.0625,-12955.8095703125,-400000.0625,4808.85986328125,-400000.0625
210.99591994285583,-400000.0625,-8828.830078125,-2980.179931640625,-400000.0625,-12993.150390625,-400000.0625,4802.60986328125,-400000.0625
210.9959237575531,-400000.0625,-8830.830078125,-3006.1201171875,-400000.0625,-13011.41015625,-400000.0625,4805.990234375,-400000.0625
210.99592900276184,-400000.0625,-8794.169921875,-2992.489990234375,-400000.0625,-12994.33984375,-400000.0625,4842.0,-400000.0625
210.99593305587769,-400000.0625,-8747.48046875,-2976.469970703125,-400000.0625,-12975.26953125,-400000.0625,4882.3798828125,-400000.0625
210.9959373474121,-400000.0625,-8745.240234375,-2997.969970703125,-400000.0625,-12996.25,-400000.0625,4881.91015625,-400000.0625
210.99594140052795,-400000.0625,-8759.5498046875,-3027.389892578125,-400000.0625,-13027.7197265625,-400000.0625,4872.75,-400000.0625
210.99594521522522,-400000.0625,-8753.8701171875,-3043.27001953125,-400000.0625,-13047.7900390625,-400000.0625,4875.14013671875,-400000.0625
210.99594926834106,-400000.0625,-8719.400390625,-3020.0,-400000.0625,-13022.849609375,-400000.0625,4911.56982421875,-400000.0625
210.9959533214569,-400000.0625,-8683.9697265625,-3000.5,-400000.0625,-13000.3896484375,-400000.0625,4945.990234375,-400000.0625
210.99595737457275,-400000.0625,-8678.6298828125,-3016.570068359375,-400000.0625,-13028.0498046875,-400000.0625,4945.52001953125,-400000.0625
210.99596190452576,-400000.0625,-8693.5498046875,-3043.320068359375,-400000.0625,-13061.6201171875,-400000.0625,4927.919921875,-400000.0625
210.99596619606018,-400000.0625,-8691.7900390625,-3053.050048828125,-400000.0625,-13079.740234375,-400000.0625,4926.39990234375,-400000.0625
210.9959704875946,-400000.0625,-8649.7802734375,-3025.010009765625,-400000.0625,-13062.2900390625,-400000.0625,4954.72021484375,-400000.0625
210.99597430229187,-400000.0625,-8615.6904296875,-2998.639892578125,-400000.0625,-13036.58984375,-400000.0625,4991.9599609375,-400000.0625
210.9959785938263,-400000.0625,-8620.6396484375,-3007.93994140625,-400000.0625,-13048.509765625,-400000.0625,4978.22998046875,-400000.0625
210.99598240852356,-400000.0625,-8637.7197265625,-3023.10009765625,-400000.0625,-13079.4501953125,-400000.0625,4952.52978515625,-400000.0625
210.99598622322083,-400000.0625,-8639.669921875,-3033.39990234375,-400000.0625,-13095.900390625,-400000.0625,4946.52001953125,-400000.0625
210.9959900379181,-400000.0625,-8603.5703125,-3004.889892578125,-400000.0625,-13070.7802734375,-400000.0625,4981.7099609375,-400000.0625
211.04554343223572,-400000.0625,-8573.099609375,-2975.419921875,-400000.0625,-13048.2197265625,-400000.0625,5006.27001953125,-400000.0625
211.05140709877014,-400000.0625,-8583.3603515625,-2981.7099609375,-400000.0625,-13066.33984375,-400000.0625,4991.43994140625,-400000.0625
211.05639457702637,-400000.0625,-8601.48046875,-3004.219970703125,-400000.0625,-13096.0498046875,-400000.0625,4969.64990234375,-400000.0625
211.05640244483948,-400000.0625,-8608.150390625,-3014.760009765625,-400000.0625,-13111.3095703125,-400000.0625,4963.5400390625,-400000.0625
211.05640721321106,-400000.0625,-8583.01953125,-2992.25,-400000.0625,-13092.900390625,-400000.0625,4989.81982421875,-400000.0625
211.05641174316406,-400000.0625,-8550.6904296875,-2961.830078125,-400000.0625,-13068.0595703125,-400000.0625,5014.08984375,-400000.0625
211.06169295310974,-400000.0625,-8558.7998046875,-2973.3701171875,-400000.0625,-13077.1201171875,-400000.0625,5000.93017578125,-400000.0625
211.06676054000854,-400000.0625,-8578.1103515625,-2995.969970703125,-400000.0625,-13103.33984375,-400000.0625,4978.419921875,-400000.0625
211.0721139907837,-400000.0625,-8588.509765625,-3006.64990234375,-400000.0625,-13123.66015625,-400000.0625,4970.740234375,-400000.0625
211.07724905014038,-400000.0625,-8563.5703125,-2985.719970703125,-400000.0625,-13100.580078125,-400000.0625,4998.97021484375,-400000.0625
211.08747959136963,-400000.0625,-8527.08984375,-2950.47998046875,-400000.0625,-13067.490234375,-400000.0625,5020.240234375,-400000.0625
211.09303259849548,-400000.0625,-8536.5302734375,-2957.199951171875,-400000.0625,-13086.26953125,-400000.0625,5008.97998046875,-400000.0625
211.09809517860413,-400000.0625,-8566.9501953125,-2984.52001953125,-400000.0625,-13112.169921875,-400000.0625,4986.47998046875,-400000.0625
211.10365438461304,-400000.0625,-8579.6796875,-2994.820068359375,-400000.0625,-13119.080078125,-400000.0625,4973.83984375,-400000.0625
211.10880708694458,-400000.0625,-8557.26953125,-2972.360107421875,-400000.0625,-13102.099609375,-400000.0625,5001.259765625,-400000.0625
211.1140546798706,-400000.0625,-8524.75,-2942.280029296875,-400000.0625,-13077.8798828125,-400000.0625,5033.02001953125,-400000.0625
211.1194770336151,-400000.0625,-8535.0,-2953.580078125,-400000.0625,-13089.990234375,-400000.0625,5017.330078125,-400000.0625
211.12458181381226,-400000.0625,-8566.48046875,-2980.570068359375,-400000.0625,-13116.4599609375,-400000.0625,4995.39013671875,-400000.0625
211.12981176376343,-400000.0625,-8570.91015625,-2986.14990234375,-400000.0625,-13130.0498046875,-400000.0625,4983.14013671875,-400000.0625
211.13493657112122,-400000.0625,-8535.8203125,-2955.14990234375,-400000.0625,-13102.8203125,-400000.0625,5004.5,-400000.0625
211.1404163837433,-400000.0625,-8506.2998046875,-2925.679931640625,-400000.0625,-13071.16015625,-400000.0625,5034.35009765625,-400000.0625
211.14549589157104,-400000.0625,-8521.26953125,-2941.75,-400000.0625,-13086.8896484375,-400000.0625,5024.47998046875,-400000.0625
211.1510353088379,-400000.0625,-8543.400390625,-2963.68994140625,-400000.0625,-13111.3095703125,-400000.0625,5000.8798828125,-400000.0625
211.15613317489624,-400000.0625,-8558.9404296875,-2973.080078125,-400000.0625,-13126.330078125,-400000.0625,4984.56982421875,-400000.0625
211.1618161201477,-400000.0625,-8538.490234375,-2955.719970703125,-400000.0625,-13101.91015625,-400000.0625,5002.64013671875,-400000.0625
211.16697001457214,-400000.0625,-8507.8701171875,-2927.590087890625,-400000.0625,-13073.0595703125,-400000.0625,5033.259765625,-400000.0625
211.17247414588928,-400000.0625,-8518.41015625,-2936.219970703125,-400000.0625,-13082.3203125,-400000.0625,5020.08984375,-400000.0625
211.17754817008972,-400000.0625,-8546.830078125,-2962.449951171875,-400000.0625,-13109.5400390625,-400000.0625,4995.25,-400000.0625
211.18903493881226,-400000.0625,-8565.8095703125,-2976.989990234375,-400000.0625,-13131.8095703125,-400000.0625,4985.14013671875,-400000.0625
211.19452905654907,-400000.0625,-8544.5400390625,-2956.25,-400000.0625,-13105.580078125,-400000.0625,5003.2099609375,-400000.0625
211.19987559318542,-400000.0625,-8517.740234375,-2925.39990234375,-400000.0625,-13076.6904296875,-400000.0625,5030.68017578125,-400000.0625
211.20476388931274,-400000.0625,-8532.48046875,-2937.56005859375,-400000.0625,-13092.6103515625,-400000.0625,5014.27978515625,-400000.0625
211.20477032661438,-400000.0625,-8554.9404296875,-2960.010009765625,-400000.0625,-13117.41015625,-400000.0625,4993.39013671875,-400000.0625
211.20477628707886,-400000.0625,-8569.76953125,-2971.60009765625,-400000.0625,-13133.4296875,-400000.0625,4981.66015625,-400000.0625
211.20478010177612,-400000.0625,-8542.73046875,-2947.139892578125,-400000.0625,-13105.0595703125,-400000.0625,5009.3701171875,-400000.0625
211.20478415489197,-400000.0625,-8513.58984375,-2921.8701171875,-400000.0625,-13072.4404296875,-400000.0625,5038.35986328125,-400000.0625
211.2047884464264,-400000.0625,-8525.900390625,-2938.4599609375,-400000.0625,-13085.3203125,-400000.0625,5023.33984375,-400000.0625
211.2047917842865,-400000.0625,-8547.349609375,-2960.8701171875,-400000.0625,-13108.5400390625,-400000.0625,4994.580078125,-400000.0625
211.20479559898376,-400000.0625,-8558.080078125,-2968.360107421875,-400000.0625,-13127.2802734375,-400000.0625,4982.3798828125,-400000.0625
211.20479941368103,-400000.0625,-8537.48046875,-2946.760009765625,-400000.0625,-13106.8203125,-400000.0625,5009.83984375,-400000.0625
211.2048261165619,-400000.0625,-8516.8798828125,-2923.35009765625,-400000.0625,-13078.2099609375,-400000.0625,5035.830078125,-400000.0625
211.20482969284058,-400000.0625,-8530.51953125,-2937.889892578125,-400000.0625,-13092.4697265625,-400000.0625,5017.0,-400000.0625
211.20483350753784,-400000.0625,-8556.5595703125,-2964.260009765625,-400000.0625,-13124.23046875,-400000.0625,4995.009765625,-400000.0625
211.20483708381653,-400000.0625,-8569.91015625,-2977.610107421875,-400000.0625,-13137.6298828125,-400000.0625,4981.66015625,-400000.0625
211.20484066009521,-400000.0625,-8539.76953125,-2951.239990234375,-400000.0625,-13104.76953125,-400000.0625,5007.31982421875,-400000.0625
211.2048442363739,-400000.0625,-8515.8798828125,-2927.02001953125,-400000.0625,-13076.400390625,-400000.0625,5030.5400390625,-400000.0625
211.2048478126526,-400000.0625,-8529.330078125,-2940.93994140625,-400000.0625,-13096.759765625,-400000.0625,5013.7001953125,-400000.0625
211.20485138893127,-400000.0625,-8552.41015625,-2967.31005859375,-400000.0625,-13126.7998046875,-400000.0625,4993.39013671875,-400000.0625
211.24667620658875,-400000.0625,-8564.2802734375,-2980.280029296875,-400000.0625,-13136.76953125,-400000.0625,4980.56005859375,-400000.0625
211.25302171707153,-400000.0625,-8536.48046875,-2951.18994140625,-400000.0625,-13101.6298828125,-400000.0625,5002.2099609375,-400000.0625
211.25821614265442,-400000.0625,-8515.0703125,-2928.31005859375,-400000.0625,-13076.9697265625,-400000.0625,5034.39990234375,-400000.0625
211.26310062408447,-400000.0625,-8529.849609375,-2940.510009765625,-400000.0625,-13096.51953125,-400000.0625,5013.60986328125,-400000.0625
211.263108253479,-400000.0625,-8552.8896484375,-2960.159912109375,-400000.0625,-13119.599609375,-400000.0625,4984.27978515625,-400000.0625
211.26311326026917,-400000.0625,-8561.23046875,-2973.75,-400000.0625,-13136.6298828125,-400000.0625,4975.75,-400000.0625
211.263117313385,-400000.0625,-8536.8603515625,-2952.389892578125,-400000.0625,-13102.8203125,-400000.0625,5001.35009765625,-400000.0625
211.26312112808228,-400000.0625,-8513.2099609375,-2924.6298828125,-400000.0625,-13073.0595703125,-400000.0625,5029.43994140625,-400000.0625
211.26312494277954,-400000.0625,-8526.2802734375,-2938.409912109375,-400000.0625,-13094.0,-400000.0625,5015.56005859375,-400000.0625
211.2631287574768,-400000.0625,-8551.0703125,-2958.580078125,-400000.0625,-13122.419921875,-400000.0625,4986.72021484375,-400000.0625
211.2631323337555,-400000.0625,-8558.849609375,-2967.409912109375,-400000.0625,-13134.1904296875,-400000.0625,4975.18017578125,-400000.0625
211.26313614845276,-400000.0625,-8540.25,-2952.47998046875,-400000.0625,-13108.73046875,-400000.0625,4995.2998046875,-400000.0625
211.26313972473145,-400000.0625,-8511.9296875,-2919.9599609375,-400000.0625,-13080.6904296875,-400000.0625,5026.0498046875,-400000.0625
211.2631437778473,-400000.0625,-8526.23046875,-2934.070068359375,-400000.0625,-13093.1904296875,-400000.0625,5016.3798828125,-400000.0625
211.26314783096313,-400000.0625,-8549.169921875,-2955.9599609375,-400000.0625,-13118.4599609375,-400000.0625,4991.47998046875,-400000.0625
211.26315188407898,-400000.0625,-8564.849609375,-2969.840087890625,-400000.0625,-13129.4697265625,-400000.0625,4980.419921875,-400000.0625
211.30527544021606,-400000.0625,-8542.25,-2947.760009765625,-400000.0625,-13102.2900390625,-400000.0625,5005.83984375,-400000.0625
211.31547474861145,-400000.0625,-8515.1201171875,-2923.6298828125,-400000.0625,-13086.75,-400000.0625,5032.68017578125,-400000.0625
211.32093906402588,-400000.0625,-8525.3203125,-2933.360107421875,-400000.0625,-13095.5703125,-400000.0625,5021.0498046875,-400000.0625
211.3258867263794,-400000.0625,-8552.41015625,-2955.14990234375,-400000.0625,-13118.98046875,-400000.0625,4996.43994140625,-400000.0625
211.32589435577393,-400000.0625,-8562.1396484375,-2968.260009765625,-400000.0625,-13132.0498046875,-400000.0625,4983.43017578125,-400000.0625
211.32589888572693,-400000.0625,-8537.48046875,-2949.570068359375,-400000.0625,-13103.580078125,-400000.0625,5000.77978515625,-400000.0625
211.32590317726135,-400000.0625,-8511.0703125,-2932.360107421875,-400000.0625,-13075.6904296875,-400000.0625,5024.39013671875,-400000.0625
211.32590675354004,-400000.0625,-8550.0302734375,-2951.9599609375,-400000.0625,-13091.849609375,-400000.0625,5009.509765625,-400000.0625
211.32591080665588,-400000.0625,-8573.4404296875,-2960.010009765625,-400000.0625,-13117.4599609375,-400000.0625,4988.3798828125,-400000.0625
211.3259153366089,-400000.0625,-8574.76953125,-2980.0400390625,-400000.0625,-13127.2802734375,-400000.0625,4979.31982421875,-400000.0625
211.32591915130615,-400000.0625,-8555.990234375,-2955.199951171875,-400000.0625,-13108.7802734375,-400000.0625,5001.93017578125,-400000.0625
211.325923204422,-400000.0625,-8528.3798828125,-2924.72998046875,-400000.0625,-13080.98046875,-400000.0625,5026.77001953125,-400000.0625
211.32592749595642,-400000.0625,-8533.5302734375,-2953.719970703125,-400000.0625,-13091.7998046875,-400000.0625,5012.47021484375,-400000.0625
211.3259313106537,-400000.0625,-8578.6396484375,-2966.169921875,-400000.0625,-13115.8798828125,-400000.0625,4983.85009765625,-400000.0625
211.32593512535095,-400000.0625,-8587.169921875,-2983.52001953125,-400000.0625,-13139.5400390625,-400000.0625,4971.5498046875,-400000.0625
211.32593870162964,-400000.0625,-8552.8896484375,-2980.800048828125,-400000.0625,-13115.650390625,-400000.0625,5000.06982421875,-400000.0625
211.3727331161499,-400000.0625,-8532.0,-2929.159912109375,-400000.0625,-13084.080078125,-400000.0625,5023.85986328125,-400000.0625
211.3782660961151,-400000.0625,-8542.16015625,-2927.070068359375,-400000.0625,-13093.6201171875,-400000.0625,5010.18017578125,-400000.0625
211.3835551738739,-400000.0625,-8566.51953125,-2961.449951171875,-400000.0625,-13112.400390625,-400000.0625,4991.81982421875,-400000.0625
211.38852667808533,-400000.0625,-8584.41015625,-2987.0,-400000.0625,-13127.419921875,-400000.0625,4974.64990234375,-400000.0625
211.38853549957275,-400000.0625,-8551.5498046875,-2961.489990234375,-400000.0625,-13107.8701171875,-400000.0625,4999.35009765625,-400000.0625
211.38854002952576,-400000.0625,-8515.1201171875,-2955.47998046875,-400000.0625,-13073.9697265625,-400000.0625,5018.52001953125,-400000.0625
211.38854432106018,-400000.0625,-8552.41015625,-2947.139892578125,-400000.0625,-13086.1298828125,-400000.0625,5014.990234375,-400000.0625
211.38854789733887,-400000.0625,-8563.900390625,-2948.860107421875,-400000.0625,-13117.98046875,-400000.0625,4993.580078125,-400000.0625
211.3885519504547,-400000.0625,-8576.8203125,-2966.260009765625,-400000.0625,-13131.7197265625,-400000.0625,4982.0400390625,-400000.0625
211.38855576515198,-400000.0625,-8557.849609375,-2950.050048828125,-400000.0625,-13106.2998046875,-400000.0625,5004.35986328125,-400000.0625
211.38855934143066,-400000.0625,-8527.7998046875,-2921.719970703125,-400000.0625,-13072.73046875,-400000.0625,5031.2998046875,-400000.0625
211.3936324119568,-400000.0625,-8533.33984375,-2932.68994140625,-400000.0625,-13086.23046875,-400000.0625,5017.47021484375,-400000.0625
211.39856004714966,-400000.0625,-8561.900390625,-2958.110107421875,-400000.0625,-13120.080078125,-400000.0625,4992.2900390625,-400000.0625
211.3985686302185,-400000.0625,-8578.58984375,-2975.080078125,-400000.0625,-13133.6201171875,-400000.0625,4977.0400390625,-400000.0625
211.39857363700867,-400000.0625,-8555.4599609375,-2955.010009765625,-400000.0625,-13106.0595703125,-400000.0625,4996.43994140625,-400000.0625
211.3985776901245,-400000.0625,-8532.240234375,-2931.7900390625,-400000.0625,-13080.2197265625,-400000.0625,5023.3798828125,-400000.0625
211.4294056892395,-400000.0625,-8549.169921875,-2947.139892578125,-400000.0625,-13090.7998046875,-400000.0625,5010.93994140625,-400000.0625
211.43900108337402,-400000.0625,-8572.8701171875,-2969.929931640625,-400000.0625,-13123.9404296875,-400000.0625,4984.08984375,-400000.0625
211.44394421577454,-400000.0625,-8561.330078125,-2967.449951171875,-400000.0625,-13131.8095703125,-400000.0625,4969.41015625,-400000.0625
211.44395232200623,-400000.0625,-8517.83984375,-2939.27001953125,-400000.0625,-13103.4404296875,-400000.0625,5001.97021484375,-400000.0625
211.4439570903778,-400000.0625,-8485.0302734375,-2912.330078125,-400000.0625,-13084.83984375,-400000.0625,5034.919921875,-400000.0625
211.44396114349365,-400000.0625,-8478.9296875,-2913.280029296875,-400000.0625,-13101.099609375,-400000.0625,5025.43994140625,-400000.0625
211.44396471977234,-400000.0625,-8475.16015625,-2923.5400390625,-400000.0625,-13126.330078125,-400000.0625,5006.5,-400000.0625
211.44396901130676,-400000.0625,-8456.990234375,-2924.43994140625,-400000.0625,-13141.919921875,-400000.0625,4997.97021484375,-400000.0625
211.44397377967834,-400000.0625,-8419.4697265625,-2899.31005859375,-400000.0625,-13130.759765625,-400000.0625,5036.740234375,-400000.0625
211.4439775943756,-400000.0625,-8373.7900390625,-2862.8798828125,-400000.0625,-13105.8701171875,-400000.0625,5063.009765625,-400000.0625
211.44398093223572,-400000.0625,-8354.0,-2857.639892578125,-400000.0625,-13114.3095703125,-400000.0625,5060.580078125,-400000.0625
211.44398498535156,-400000.0625,-8357.8095703125,-2871.469970703125,-400000.0625,-13141.16015625,-400000.0625,5048.509765625,-400000.0625
211.44398856163025,-400000.0625,-8340.41015625,-2865.1201171875,-400000.0625,-13153.98046875,-400000.0625,5037.5,-400000.0625
211.44399213790894,-400000.0625,-8305.599609375,-2838.7099609375,-400000.0625,-13137.4404296875,-400000.0625,5068.02001953125,-400000.0625
211.44399571418762,-400000.0625,-8262.830078125,-2799.320068359375,-400000.0625,-13114.01953125,-400000.0625,5099.009765625,-400000.0625
211.4439995288849,-400000.0625,-8244.4697265625,-2792.219970703125,-400000.0625,-13120.7001953125,-400000.0625,5094.10009765625,-400000.0625
211.49747943878174,-400000.0625,-8244.4697265625,-2800.179931640625,-400000.0625,-13147.4501953125,-400000.0625,5075.8798828125,-400000.0625
211.50348711013794,-400000.0625,-8248.5703125,-2806.429931640625,-400000.0625,-13168.150390625,-400000.0625,5063.8701171875,-400000.0625
211.50850892066956,-400000.0625,-8213.1904296875,-2775.18994140625,-400000.0625,-13148.8798828125,-400000.0625,5099.43994140625,-400000.0625
211.51381850242615,-400000.0625,-8169.56005859375,-2741.909912109375,-400000.0625,-13123.1298828125,-400000.0625,5142.1201171875,-400000.0625
211.51931238174438,-400000.0625,-8163.740234375,-2738.050048828125,-400000.0625,-13127.66015625,-400000.0625,5129.52978515625,-400000.0625
211.5244026184082,-400000.0625,-8174.3701171875,-2749.25,-400000.0625,-13154.26953125,-400000.0625,5114.56005859375,-400000.0625
211.52959299087524,-400000.0625,-8184.580078125,-2762.75,-400000.0625,-13177.58984375,-400000.0625,5110.68994140625,-400000.0625
211.538893699646,-400000.0625,-8151.580078125,-2737.090087890625,-400000.0625,-13147.7802734375,-400000.0625,5136.81982421875,-400000.0625
211.54403495788574,-400000.0625,-8115.6298828125,-2703.47998046875,-400000.0625,-13113.9296875,-400000.0625,5161.0498046875,-400000.0625
211.54936265945435,-400000.0625,-8120.8701171875,-2712.300048828125,-400000.0625,-13133.099609375,-400000.0625,5159.330078125,-400000.0625
211.5545871257782,-400000.0625,-8133.83984375,-2726.75,-400000.0625,-13163.6201171875,-400000.0625,5140.5400390625,-400000.0625
211.5599856376648,-400000.0625,-8140.08984375,-2731.56005859375,-400000.0625,-13174.1103515625,-400000.0625,5130.669921875,-400000.0625
211.56523609161377,-400000.0625,-8117.52978515625,-2711.9599609375,-400000.0625,-13148.2099609375,-400000.0625,5147.83984375,-400000.0625
211.57079482078552,-400000.0625,-8083.009765625,-2678.969970703125,-400000.0625,-13124.7998046875,-400000.0625,5177.740234375,-400000.0625
211.57581114768982,-400000.0625,-8094.169921875,-2685.169921875,-400000.0625,-13134.7197265625,-400000.0625,5174.919921875,-400000.0625
211.5819387435913,-400000.0625,-8119.009765625,-2709.9599609375,-400000.0625,-13155.83984375,-400000.0625,5146.83984375,-400000.0625
211.58700609207153,-400000.0625,-8130.7900390625,-2722.449951171875,-400000.0625,-13171.009765625,-400000.0625,5133.81982421875,-400000.0625
211.5922429561615,-400000.0625,-8109.89990234375,-2698.56005859375,-400000.0625,-13147.58984375,-400000.0625,5157.85009765625,-400000.0625
211.59720039367676,-400000.0625,-8083.68017578125,-2674.679931640625,-400000.0625,-13117.169921875,-400000.0625,5184.31982421875,-400000.0625
211.59720826148987,-400000.0625,-8094.02978515625,-2684.02001953125,-400000.0625,-13132.0498046875,-400000.0625,5170.2998046875,-400000.0625
211.5972125530243,-400000.0625,-8116.52978515625,-2704.239990234375,-400000.0625,-13158.509765625,-400000.0625,5148.60009765625,-400000.0625
211.59721684455872,-400000.0625,-8130.93017578125,-2718.39990234375,-400000.0625,-13174.8701171875,-400000.0625,5140.10986328125,-400000.0625
211.59722065925598,-400000.0625,-8113.9599609375,-2698.330078125,-400000.0625,-13149.6904296875,-400000.0625,5157.7099609375,-400000.0625
211.59722447395325,-400000.0625,-8094.35986328125,-2677.5400390625,-400000.0625,-13117.169921875,-400000.0625,5175.39990234375,-400000.0625
211.59722876548767,-400000.0625,-8103.419921875,-2687.60009765625,-400000.0625,-13122.23046875,-400000.0625,5170.6298828125,-400000.0625
211.59723281860352,-400000.0625,-8129.64990234375,-2710.6298828125,-400000.0625,-13149.01953125,-400000.0625,5150.83984375,-400000.0625
211.59723663330078,-400000.0625,-8142.419921875,-2720.7900390625,-400000.0625,-13172.490234375,-400000.0625,5134.8701171875,-400000.0625
211.59724116325378,-400000.0625,-8119.10986328125,-2698.989990234375,-400000.0625,-13151.83984375,-400000.0625,5156.47021484375,-400000.0625
211.59724521636963,-400000.0625,-8095.93017578125,-2677.5400390625,-400000.0625,-13123.419921875,-400000.0625,5184.31982421875,-400000.0625
211.59724879264832,-400000.0625,-8106.27978515625,-2687.97998046875,-400000.0625,-13133.9599609375,-400000.0625,5175.5400390625,-400000.0625
211.60302829742432,-400000.0625,-8126.93017578125,-2706.050048828125,-400000.0625,-13156.650390625,-400000.0625,5146.64990234375,-400000.0625
211.60807633399963,-400000.0625,-8142.22998046875,-2719.830078125,-400000.0625,-13170.91015625,-400000.0625,5130.2001953125,-400000.0625
211.67802357673645,-400000.0625,-8120.25,-2700.3798828125,-400000.0625,-13151.5,-400000.0625,5156.9501953125,-400000.0625
211.6878900527954,-400000.0625,-8096.02978515625,-2672.340087890625,-400000.0625,-13123.2802734375,-400000.0625,5181.83984375,-400000.0625
211.69363617897034,-400000.0625,-8102.89013671875,-2677.77001953125,-400000.0625,-13131.91015625,-400000.0625,5169.81982421875,-400000.0625
211.6989231109619,-400000.0625,-8126.31005859375,-2706.0,-400000.0625,-13158.0400390625,-400000.0625,5152.27001953125,-400000.0625
211.70416522026062,-400000.0625,-8142.0400390625,-2717.35009765625,-400000.0625,-13172.2001953125,-400000.0625,5139.490234375,-400000.0625
211.70944476127625,-400000.0625,-8121.2099609375,-2697.75,-400000.0625,-13147.5498046875,-400000.0625,5153.1298828125,-400000.0625
211.71443963050842,-400000.0625,-8100.31982421875,-2676.25,-400000.0625,-13119.8896484375,-400000.0625,5175.5,-400000.0625
211.7144477367401,-400000.0625,-8109.89990234375,-2681.8798828125,-400000.0625,-13128.23046875,-400000.0625,5159.66015625,-400000.0625
211.71985507011414,-400000.0625,-8125.16015625,-2703.2900390625,-400000.0625,-13151.599609375,-400000.0625,5151.60986328125,-400000.0625
211.7252905368805,-400000.0625,-8137.419921875,-2717.260009765625,-400000.0625,-13167.0,-400000.0625,5129.6201171875,-400000.0625
211.73076057434082,-400000.0625,-8121.8701171875,-2700.85009765625,-400000.0625,-13144.349609375,-400000.0625,5156.52001953125,-400000.0625
211.73605942726135,-400000.0625,-8102.080078125,-2677.110107421875,-400000.0625,-13121.8896484375,-400000.0625,5178.830078125,-400000.0625
211.74132251739502,-400000.0625,-8110.0498046875,-2683.449951171875,-400000.0625,-13135.8603515625,-400000.0625,5165.240234375,-400000.0625
211.74618244171143,-400000.0625,-8134.56005859375,-2707.10009765625,-400000.0625,-13160.66015625,-400000.0625,5145.259765625,-400000.0625
211.74618911743164,-400000.0625,-8143.330078125,-2716.8798828125,-400000.0625,-13169.33984375,-400000.0625,5130.240234375,-400000.0625
211.74619340896606,-400000.0625,-8121.16015625,-2697.0400390625,-400000.0625,-13145.3095703125,-400000.0625,5157.7099609375,-400000.0625
211.74619698524475,-400000.0625,-8099.83984375,-2677.489990234375,-400000.0625,-13121.419921875,-400000.0625,5187.990234375,-400000.0625
211.74620079994202,-400000.0625,-8109.27978515625,-2684.929931640625,-400000.0625,-13131.91015625,-400000.0625,5164.43017578125,-400000.0625
211.7462043762207,-400000.0625,-8131.41015625,-2709.340087890625,-400000.0625,-13157.419921875,-400000.0625,5142.02001953125,-400000.0625
211.74620819091797,-400000.0625,-8140.66015625,-2722.5,-400000.0625,-13173.4404296875,-400000.0625,5139.35009765625,-400000.0625
211.74621200561523,-400000.0625,-8121.919921875,-2701.7099609375,-400000.0625,-13150.5498046875,-400000.0625,5152.990234375,-400000.0625
211.7462158203125,-400000.0625,-8098.75,-2680.72998046875,-400000.0625,-13126.1396484375,-400000.0625,5178.64013671875,-400000.0625
211.7462193965912,-400000.0625,-8106.85009765625,-2684.360107421875,-400000.0625,-13131.9501953125,-400000.0625,5157.3798828125,-400000.0625
211.74622344970703,-400000.0625,-8121.830078125,-2699.0400390625,-400000.0625,-13159.1298828125,-400000.0625,5137.68017578125,-400000.0625
211.7462272644043,-400000.0625,-8122.5400390625,-2710.909912109375,-400000.0625,-13176.16015625,-400000.0625,5144.7900390625,-400000.0625
211.74623084068298,-400000.0625,-8099.27001953125,-2690.510009765625,-400000.0625,-13154.080078125,-400000.0625,5173.02001953125,-400000.0625
211.74623441696167,-400000.0625,-8075.9501953125,-2669.2900390625,-400000.0625,-13131.1396484375,-400000.0625,5191.85009765625,-400000.0625
211.74623799324036,-400000.0625,-8072.330078125,-2665.89990234375,-400000.0625,-13142.8701171875,-400000.0625,5179.830078125,-400000.0625
211.74624156951904,-400000.0625,-8082.72021484375,-2683.070068359375,-400000.0625,-13165.2802734375,-400000.0625,5165.0498046875,-400000.0625
211.74624514579773,-400000.0625,-8088.2998046875,-2696.7099609375,-400000.0625,-13174.8701171875,-400000.0625,5163.33984375,-400000.0625
211.74624872207642,-400000.0625,-8072.66015625,-2685.070068359375,-400000.0625,-13163.6201171875,-400000.0625,5180.68994140625,-400000.0625
211.7462522983551,-400000.0625,-8053.830078125,-2664.570068359375,-400000.0625,-13139.8203125,-400000.0625,5203.2001953125,-400000.0625
211.75702619552612,-400000.0625,-8058.97998046875,-2670.570068359375,-400000.0625,-13143.6396484375,-400000.0625,5192.0400390625,-400000.0625
211.76289868354797,-400000.0625,-8083.490234375,-2692.800048828125,-400000.0625,-13164.08984375,-400000.0625,5165.77001953125,-400000.0625
211.76808214187622,-400000.0625,-8096.4599609375,-2707.14990234375,-400000.0625,-13179.58984375,-400000.0625,5158.56982421875,-400000.0625
211.77341032028198,-400000.0625,-8073.6201171875,-2689.080078125,-400000.0625,-13161.0400390625,-400000.0625,5175.16015625,-400000.0625
211.77835631370544,-400000.0625,-8049.919921875,-2664.52001953125,-400000.0625,-13136.8203125,-400000.0625,5195.27978515625,-400000.0625
211.78389859199524,-400000.0625,-8059.06982421875,-2672.050048828125,-400000.0625,-13141.5400390625,-400000.0625,5185.18017578125,-400000.0625
211.78934407234192,-400000.0625,-8069.9501953125,-2684.39990234375,-400000.0625,-13161.759765625,-400000.0625,5182.7900390625,-400000.0625
211.79451179504395,-400000.0625,-8084.8701171875,-2697.89990234375,-400000.0625,-13173.580078125,-400000.0625,5164.85986328125,-400000.0625
211.8000431060791,-400000.0625,-8074.56982421875,-2688.070068359375,-400000.0625,-13157.990234375,-400000.0625,5178.259765625,-400000.0625
211.8054003715515,-400000.0625,-8048.77001953125,-2667.949951171875,-400000.0625,-13135.5302734375,-400000.0625,5193.6201171875,-400000.0625
211.8109576702118,-400000.0625,-8046.91015625,-2670.2900390625,-400000.0625,-13142.2998046875,-400000.0625,5199.580078125,-400000.0625
211.81659054756165,-400000.0625,-8069.3701171875,-2681.780029296875,-400000.0625,-13159.75,-400000.0625,5185.3701171875,-400000.0625
211.8223135471344,-400000.0625,-8086.16015625,-2699.659912109375,-400000.0625,-13178.4501953125,-400000.0625,5162.0498046875,-400000.0625
211.8272795677185,-400000.0625,-8064.3701171875,-2685.97998046875,-400000.0625,-13162.2802734375,-400000.0625,5185.56005859375,-400000.0625
211.82728743553162,-400000.0625,-8043.18994140625,-2660.889892578125,-400000.0625,-13130.9501953125,-400000.0625,5208.58984375,-400000.0625
211.82729196548462,-400000.0625,-8044.6298828125,-2665.469970703125,-400000.0625,-13132.7197265625,-400000.0625,5190.22998046875,-400000.0625
211.82729578018188,-400000.0625,-8056.830078125,-2676.8701171875,-400000.0625,-13152.599609375,-400000.0625,5185.7998046875,-400000.0625
211.82729959487915,-400000.0625,-8074.6201171875,-2695.1298828125,-400000.0625,-13171.580078125,-400000.0625,5167.91015625,-400000.0625
211.82730340957642,-400000.0625,-8062.7900390625,-2676.199951171875,-400000.0625,-13154.7900390625,-400000.0625,5175.31005859375,-400000.0625
211.8273069858551,-400000.0625,-8037.9501953125,-2654.889892578125,-400000.0625,-13128.23046875,-400000.0625,5201.6298828125,-400000.0625
211.82731080055237,-400000.0625,-8043.6201171875,-2661.320068359375,-400000.0625,-13137.2900390625,-400000.0625,5199.6201171875,-400000.0625
211.82731437683105,-400000.0625,-8059.60009765625,-2674.47998046875,-400000.0625,-13152.1201171875,-400000.0625,5185.509765625,-400000.0625
211.82731819152832,-400000.0625,-8071.3798828125,-2685.739990234375,-400000.0625,-13160.51953125,-400000.0625,5177.1201171875,-400000.0625
211.83318877220154,-400000.0625,-8048.43994140625,-2671.669921875,-400000.0625,-13143.4501953125,-400000.0625,5187.509765625,-400000.0625
211.83847188949585,-400000.0625,-8036.27978515625,-2659.64990234375,-400000.0625,-13128.08984375,-400000.0625,5202.6298828125,-400000.0625
211.84384536743164,-400000.0625,-8038.66015625,-2659.75,-400000.0625,-13136.669921875,-400000.0625,5205.35009765625,-400000.0625
211.8492832183838,-400000.0625,-8049.77978515625,-2671.340087890625,-400000.0625,-13154.0302734375,-400000.0625,5188.85009765625,-400000.0625
211.85497665405273,-400000.0625,-8060.5498046875,-2682.070068359375,-400000.0625,-13168.8095703125,-400000.0625,5174.58984375,-400000.0625
211.86082887649536,-400000.0625,-8044.81982421875,-2667.6201171875,-400000.0625,-13150.41015625,-400000.0625,5192.27978515625,-400000.0625
211.8659098148346,-400000.0625,-8021.16015625,-2644.969970703125,-400000.0625,-13131.240234375,-400000.0625,5202.81982421875,-400000.0625
211.87115287780762,-400000.0625,-8028.22021484375,-2649.159912109375,-400000.0625,-13134.91015625,-400000.0625,5206.009765625,-400000.0625
211.87620759010315,-400000.0625,-8044.77001953125,-2662.75,-400000.0625,-13148.259765625,-400000.0625,5186.31982421875,-400000.0625
211.88207149505615,-400000.0625,-8060.64990234375,-2679.300048828125,-400000.0625,-13161.990234375,-400000.0625,5173.35009765625,-400000.0625
211.8927264213562,-400000.0625,-8042.91015625,-2668.090087890625,-400000.0625,-13148.3603515625,-400000.0625,5187.509765625,-400000.0625
211.89839696884155,-400000.0625,-8029.509765625,-2648.159912109375,-400000.0625,-13130.4296875,-400000.0625,5209.02001953125,-400000.0625
211.90412878990173,-400000.0625,-8035.56982421875,-2652.840087890625,-400000.0625,-13137.6796875,-400000.0625,5207.830078125,-400000.0625
211.90944075584412,-400000.0625,-8046.9599609375,-2668.429931640625,-400000.0625,-13156.8896484375,-400000.0625,5183.02978515625,-400000.0625
211.91458773612976,-400000.0625,-8055.02001953125,-2678.780029296875,-400000.0625,-13170.3896484375,-400000.0625,5182.22021484375,-400000.0625
211.9202389717102,-400000.0625,-8046.72021484375,-2668.239990234375,-400000.0625,-13154.3203125,-400000.0625,5191.85009765625,-400000.0625
211.92524313926697,-400000.0625,-8030.83984375,-2650.449951171875,-400000.0625,-13127.51953125,-400000.0625,5196.6201171875,-400000.0625
211.93066310882568,-400000.0625,-8034.52001953125,-2654.739990234375,-400000.0625,-13139.2998046875,-400000.0625,5204.10986328125,-400000.0625
211.9357283115387,-400000.0625,-8053.97021484375,-2675.10009765625,-400000.0625,-13163.1904296875,-400000.0625,5186.64990234375,-400000.0625
211.94136953353882,-400000.0625,-8070.56982421875,-2692.4599609375,-400000.0625,-13177.919921875,-400000.0625,5165.72021484375,-400000.0625
211.9463655948639,-400000.0625,-8054.4501953125,-2676.6298828125,-400000.0625,-13154.2197265625,-400000.0625,5172.009765625,-400000.0625
211.94637250900269,-400000.0625,-8029.27001953125,-2650.929931640625,-400000.0625,-13128.5703125,-400000.0625,5208.2998046875,-400000.0625
211.952064037323,-400000.0625,-8033.18017578125,-2653.070068359375,-400000.0625,-13144.7802734375,-400000.0625,5199.6201171875,-400000.0625
211.9573736190796,-400000.0625,-8060.06982421875,-2678.820068359375,-400000.0625,-13166.240234375,-400000.0625,5182.31005859375,-400000.0625
211.9631142616272,-400000.0625,-8076.52978515625,-2695.93994140625,-400000.0625,-13179.6396484375,-400000.0625,5166.43994140625,-400000.0625
211.96846532821655,-400000.0625,-8050.490234375,-2666.760009765625,-400000.0625,-13154.7001953125,-400000.0625,5189.89990234375,-400000.0625
211.97393250465393,-400000.0625,-8031.22998046875,-2652.5,-400000.0625,-13132.5302734375,-400000.0625,5211.64013671875,-400000.0625
211.9793360233307,-400000.0625,-8037.9501953125,-2660.080078125,-400000.0625,-13136.009765625,-400000.0625,5197.72021484375,-400000.0625
211.98471331596375,-400000.0625,-8054.5400390625,-2676.820068359375,-400000.0625,-13156.990234375,-400000.0625,5180.7900390625,-400000.0625
211.99513697624207,-400000.0625,-8084.490234375,-2698.85009765625,-400000.0625,-13174.76953125,-400000.0625,5158.7099609375,-400000.0625
212.000896692276,-400000.0625,-8060.41015625,-2678.489990234375,-400000.0625,-13164.240234375,-400000.0625,5182.02978515625,-400000.0625
212.00605487823486,-400000.0625,-8030.3701171875,-2651.7900390625,-400000.0625,-13132.8603515625,-400000.0625,5207.5400390625,-400000.0625
212.01178908348083,-400000.0625,-8037.14013671875,-2654.510009765625,-400000.0625,-13126.990234375,-400000.0625,5201.72021484375,-400000.0625
212.01704216003418,-400000.0625,-8058.41015625,-2679.679931640625,-400000.0625,-13157.419921875,-400000.0625,5181.02978515625,-400000.0625
212.02270936965942,-400000.0625,-8082.14990234375,-2700.570068359375,-400000.0625,-13170.8603515625,-400000.0625,5159.66015625,-400000.0625
212.02777409553528,-400000.0625,-8061.89013671875,-2680.159912109375,-400000.0625,-13146.6904296875,-400000.0625,5174.2099609375,-400000.0625
212.03341698646545,-400000.0625,-8039.7099609375,-2655.60009765625,-400000.0625,-13119.5595703125,-400000.0625,5191.9501953125,-400000.0625
212.03860521316528,-400000.0625,-8048.919921875,-2662.3701171875,-400000.0625,-13130.3798828125,-400000.0625,5190.0400390625,-400000.0625
212.04392457008362,-400000.0625,-8069.7998046875,-2684.639892578125,-400000.0625,-13166.8603515625,-400000.0625,5174.2099609375,-400000.0625
212.04899096488953,-400000.0625,-8087.06005859375,-2704.239990234375,-400000.0625,-13180.2099609375,-400000.0625,5150.4599609375,-400000.0625
212.05448007583618,-400000.0625,-8063.4599609375,-2684.39990234375,-400000.0625,-13152.0302734375,-400000.0625,5163.85986328125,-400000.0625
212.05959916114807,-400000.0625,-8032.31982421875,-2656.27001953125,-400000.0625,-13120.6103515625,-400000.0625,5197.56982421875,-400000.0625
212.06466460227966,-400000.0625,-8040.330078125,-2660.320068359375,-400000.0625,-13125.51953125,-400000.0625,5191.0400390625,-400000.0625
212.0698802471161,-400000.0625,-8062.41015625,-2684.159912109375,-400000.0625,-13155.0302734375,-400000.0625,5165.9599609375,-400000.0625
212.07493948936462,-400000.0625,-8082.25,-2703.0,-400000.0625,-13176.1103515625,-400000.0625,5157.47021484375,-400000.0625
212.0797085762024,-400000.0625,-8059.97998046875,-2680.72998046875,-400000.0625,-13153.41015625,-400000.0625,5177.77978515625,-400000.0625
212.07971572875977,-400000.0625,-8029.89013671875,-2651.260009765625,-400000.0625,-13127.2802734375,-400000.0625,5199.47998046875,-400000.0625
212.07972025871277,-400000.0625,-8040.3798828125,-2658.989990234375,-400000.0625,-13133.8603515625,-400000.0625,5199.0,-400000.0625
212.0797243118286,-400000.0625,-8064.3701171875,-2684.739990234375,-400000.0625,-13156.7001953125,-400000.0625,5169.009765625,-400000.0625
212.07972812652588,-400000.0625,-8082.43994140625,-2702.280029296875,-400000.0625,-13174.25,-400000.0625,5145.93017578125,-400000.0625
212.07973217964172,-400000.0625,-8057.64013671875,-2676.199951171875,-400000.0625,-13150.9296875,-400000.0625,5173.490234375,-400000.0625
212.0797357559204,-400000.0625,-8035.3701171875,-2656.7900390625,-400000.0625,-13122.9404296875,-400000.0625,5195.52001953125,-400000.0625
212.0797393321991,-400000.0625,-8043.43017578125,-2663.56005859375,-400000.0625,-13141.1103515625,-400000.0625,5185.41015625,-400000.0625
212.07974314689636,-400000.0625,-8068.66015625,-2688.1201171875,-400000.0625,-13175.0595703125,-400000.0625,5162.52978515625,-400000.0625
212.07974696159363,-400000.0625,-8086.77978515625,-2704.429931640625,-400000.0625,-13181.7802734375,-400000.0625,5141.31005859375,-400000.0625
212.07975053787231,-400000.0625,-8065.89013671875,-2682.639892578125,-400000.0625,-13147.3095703125,-400000.0625,5171.43994140625,-400000.0625
212.079754114151,-400000.0625,-8037.56982421875,-2655.93994140625,-400000.0625,-13122.509765625,-400000.0625,5197.330078125,-400000.0625
212.08053874969482,-400000.0625,-8047.68017578125,-2663.7099609375,-400000.0625,-13129.669921875,-400000.0625,5186.75,-400000.0625
212.08593940734863,-400000.0625,-8069.7998046875,-2688.070068359375,-400000.0625,-13161.0400390625,-400000.0625,5163.43017578125,-400000.0625
212.0956928730011,-400000.0625,-8084.43994140625,-2702.330078125,-400000.0625,-13177.9697265625,-400000.0625,5148.41015625,-400000.0625
212.10119032859802,-400000.0625,-8064.22021484375,-2682.159912109375,-400000.0625,-13158.6103515625,-400000.0625,5175.35009765625,-400000.0625
212.10637259483337,-400000.0625,-8033.0400390625,-2652.8798828125,-400000.0625,-13125.849609375,-400000.0625,5200.009765625,-400000.0625
212.1117582321167,-400000.0625,-8044.2900390625,-2666.860107421875,-400000.0625,-13132.0498046875,-400000.0625,5185.7998046875,-400000.0625
212.1168749332428,-400000.0625,-8072.9501953125,-2694.080078125,-400000.0625,-13160.0400390625,-400000.0625,5164.18994140625,-400000.0625
212.12219309806824,-400000.0625,-8097.31982421875,-2712.820068359375,-400000.0625,-13169.9599609375,-400000.0625,5137.02001953125,-400000.0625
212.12711381912231,-400000.0625,-8069.27978515625,-2684.639892578125,-400000.0625,-13145.6396484375,-400000.0625,5166.580078125,-400000.0625
212.127121925354,-400000.0625,-8035.14013671875,-2655.4599609375,-400000.0625,-13112.169921875,-400000.0625,5200.43017578125,-400000.0625
212.127126455307,-400000.0625,-8040.72021484375,-2665.949951171875,-400000.0625,-13121.4599609375,-400000.0625,5191.27978515625,-400000.0625
212.12713050842285,-400000.0625,-8065.3701171875,-2688.030029296875,-400000.0625,-13150.41015625,-400000.0625,5169.06005859375,-400000.0625
212.1271345615387,-400000.0625,-8090.77978515625,-2712.489990234375,-400000.0625,-13182.259765625,-400000.0625,5148.169921875,-400000.0625
212.12713837623596,-400000.0625,-8068.7099609375,-2688.360107421875,-400000.0625,-13155.7998046875,-400000.0625,5164.0498046875,-400000.0625
212.12714195251465,-400000.0625,-8037.56982421875,-2656.97998046875,-400000.0625,-13123.7001953125,-400000.0625,5189.7099609375,-400000.0625
212.12714624404907,-400000.0625,-8047.2001953125,-2668.909912109375,-400000.0625,-13128.23046875,-400000.0625,5178.97998046875,-400000.0625
212.13323593139648,-400000.0625,-8070.7998046875,-2695.93994140625,-400000.0625,-13159.6103515625,-400000.0625,5156.56982421875,-400000.0625
212.13860535621643,-400000.0625,-8086.25,-2708.909912109375,-400000.0625,-13177.73046875,-400000.0625,5141.4501953125,-400000.0625
212.1438753604889,-400000.0625,-8067.22998046875,-2687.7900390625,-400000.0625,-13153.169921875,-400000.0625,5165.43017578125,-400000.0625
212.14891743659973,-400000.0625,-8045.009765625,-2665.81005859375,-400000.0625,-13112.830078125,-400000.0625,5193.419921875,-400000.0625
212.15409445762634,-400000.0625,-8055.259765625,-2672.239990234375,-400000.0625,-13120.4599609375,-400000.0625,5180.740234375,-400000.0625
212.15926909446716,-400000.0625,-8088.72998046875,-2702.139892578125,-400000.0625,-13150.3095703125,-400000.0625,5150.93994140625,-400000.0625
212.16437101364136,-400000.0625,-8113.39013671875,-2718.8798828125,-400000.0625,-13167.0,-400000.0625,5139.490234375,-400000.0625
212.16983342170715,-400000.0625,-8091.740234375,-2687.550048828125,-400000.0625,-13142.5400390625,-400000.0625,5169.72998046875,-400000.0625
212.17494654655457,-400000.0625,-8073.89990234375,-2643.199951171875,-400000.0625,-13112.740234375,-400000.0625,5201.669921875,-400000.0625
212.1807086467743,-400000.0625,-8086.39990234375,-2644.679931640625,-400000.0625,-13123.2802734375,-400000.0625,5196.3798828125,-400000.0625
212.1860740184784,-400000.0625,-8124.64013671875,-2692.3701171875,-400000.0625,-13154.1298828125,-400000.0625,5158.330078125,-400000.0625
212.19613075256348,-400000.0625,-8150.2001953125,-2722.169921875,-400000.0625,-13167.669921875,-400000.0625,5123.89990234375,-400000.0625
212.20147371292114,-400000.0625,-8115.77001953125,-2702.280029296875,-400000.0625,-13143.01953125,-400000.0625,5159.6201171875,-400000.0625
212.20658779144287,-400000.0625,-8095.89013671875,-2681.830078125,-400000.0625,-13111.0703125,-400000.0625,5162.2900390625,-400000.0625
212.2121546268463,-400000.0625,-8102.509765625,-2692.030029296875,-400000.0625,-13104.8203125,-400000.0625,5143.39990234375,-400000.0625
212.21728205680847,-400000.0625,-8108.14013671875,-2708.909912109375,-400000.0625,-13128.330078125,-400000.0625,5126.240234375,-400000.0625
212.22281122207642,-400000.0625,-8131.4599609375,-2738.949951171875,-400000.0625,-13133.7197265625,-400000.0625,5093.9599609375,-400000.0625
212.22803330421448,-400000.0625,-8148.18994140625,-2744.6298828125,-400000.0625,-13097.759765625,-400000.0625,5099.2001953125,-400000.0625
212.2335364818573,-400000.0625,-8161.35986328125,-2735.330078125,-400000.0625,-13037.2998046875,-400000.0625,5093.72021484375,-400000.0625
212.23878264427185,-400000.0625,-8231.830078125,-2772.52001953125,-400000.0625,-13038.349609375,-400000.0625,5058.9599609375,-400000.0625
212.24453234672546,-400000.0625,-8315.0400390625,-2820.489990234375,-400000.0625,-13047.5498046875,-400000.0625,5012.93994140625,-400000.0625
212.25003290176392,-400000.0625,-8385.23046875,-2858.68994140625,-400000.0625,-13054.7998046875,-400000.0625,4977.93994140625,-400000.0625
212.2551076412201,-400000.0625,-8390.6201171875,-2847.47998046875,-400000.0625,-13015.2197265625,-400000.0625,4990.39013671875,-400000.0625
212.26064038276672,-400000.0625,-8417.1298828125,-2839.89990234375,-400000.0625,-12980.080078125,-400000.0625,5002.4501953125,-400000.0625
212.26610946655273,-400000.0625,-8476.4501953125,-2874.179931640625,-400000.0625,-12992.9599609375,-400000.0625,4979.47021484375,-400000.0625
212.27168655395508,-400000.0625,-8546.3095703125,-2920.6298828125,-400000.0625,-13019.419921875,-400000.0625,4946.419921875,-400000.0625
212.276673078537,-400000.0625,-8598.1396484375,-2943.610107421875,-400000.0625,-13025.91015625,-400000.0625,4932.1201171875,-400000.0625
212.27668118476868,-400000.0625,-8604.91015625,-2930.2099609375,-400000.0625,-12992.0498046875,-400000.0625,4956.14990234375,-400000.0625
212.27668571472168,-400000.0625,-8606.48046875,-2907.56005859375,-400000.0625,-12957.91015625,-400000.0625,4972.7900390625,-400000.0625
212.2766900062561,-400000.0625,-8642.6298828125,-2925.35009765625,-400000.0625,-12970.1201171875,-400000.0625,4954.72021484375,-400000.0625
212.2766935825348,-400000.0625,-8692.0703125,-2970.64990234375,-400000.0625,-13001.6298828125,-400000.0625,4918.580078125,-400000.0625
212.28206253051758,-400000.0625,-8724.169921875,-2996.110107421875,-400000.0625,-13026.669921875,-400000.0625,4899.7900390625,-400000.0625
212.2871220111847,-400000.0625,-8688.5,-2969.739990234375,-400000.0625,-13007.4501953125,-400000.0625,4928.72998046875,-400000.0625
212.29702806472778,-400000.0625,-8656.2197265625,-2946.18994140625,-400000.0625,-12981.26953125,-400000.0625,4964.77978515625,-400000.0625
212.30257320404053,-400000.0625,-8662.6103515625,-2966.260009765625,-400000.0625,-13003.2099609375,-400000.0625,4950.14013671875,-400000.0625
212.30771660804749,-400000.0625,-8686.259765625,-2999.8798828125,-400000.0625,-13035.2998046875,-400000.0625,4917.52978515625,-400000.0625
212.3132791519165,-400000.0625,-8700.1298828125,-3023.530029296875,-400000.0625,-13055.2802734375,-400000.0625,4886.580078125,-400000.0625
212.31845235824585,-400000.0625,-8666.7099609375,-2998.2099609375,-400000.0625,-13037.16015625,-400000.0625,4912.22998046875,-400000.0625
212.32383108139038,-400000.0625,-8628.4599609375,-2974.219970703125,-400000.0625,-13014.83984375,-400000.0625,4948.6201171875,-400000.0625
212.32930970191956,-400000.0625,-8623.599609375,-2982.52001953125,-400000.0625,-13028.7197265625,-400000.0625,4937.60009765625,-400000.0625
212.33463406562805,-400000.0625,-8647.349609375,-3019.239990234375,-400000.0625,-13068.2998046875,-400000.0625,4911.56982421875,-400000.0625
212.33994913101196,-400000.0625,-8657.8896484375,-3033.159912109375,-400000.0625,-13092.6103515625,-400000.0625,4893.35009765625,-400000.0625
212.34503173828125,-400000.0625,-8628.9404296875,-3010.1298828125,-400000.0625,-13064.0498046875,-400000.0625,4914.9501953125,-400000.0625
212.3505928516388,-400000.0625,-8590.1298828125,-2977.22998046875,-400000.0625,-13041.5498046875,-400000.0625,4949.47021484375,-400000.0625
212.35577011108398,-400000.0625,-8589.080078125,-2990.909912109375,-400000.0625,-13051.8896484375,-400000.0625,4943.1298828125,-400000.0625
212.36130046844482,-400000.0625,-8622.26953125,-3021.6201171875,-400000.0625,-13091.1796875,-400000.0625,4914.27978515625,-400000.0625
212.36648273468018,-400000.0625,-8629.75,-3038.7900390625,-400000.0625,-13108.9697265625,-400000.0625,4895.2099609375,-400000.0625
212.37185335159302,-400000.0625,-8598.1396484375,-3009.610107421875,-400000.0625,-13089.849609375,-400000.0625,4930.4501953125,-400000.0625
212.3769142627716,-400000.0625,-8553.080078125,-2970.030029296875,-400000.0625,-13062.2900390625,-400000.0625,4965.06982421875,-400000.0625
212.38274335861206,-400000.0625,-8551.3095703125,-2975.889892578125,-400000.0625,-13078.6396484375,-400000.0625,4958.6298828125,-400000.0625
212.3877866268158,-400000.0625,-8573.25,-3009.510009765625,-400000.0625,-13116.7900390625,-400000.0625,4925.39013671875,-400000.0625
212.39905548095703,-400000.0625,-8580.5400390625,-3018.239990234375,-400000.0625,-13142.2998046875,-400000.0625,4910.18017578125,-400000.0625
212.40464210510254,-400000.0625,-8552.7001953125,-2992.580078125,-400000.0625,-13112.740234375,-400000.0625,4938.080078125,-400000.0625
212.41025567054749,-400000.0625,-8515.169921875,-2955.530029296875,-400000.0625,-13074.58984375,-400000.0625,4978.7099609375,-400000.0625
212.41592979431152,-400000.0625,-8513.7900390625,-2959.35009765625,-400000.0625,-13085.8896484375,-400000.0625,4968.5,-400000.0625
212.4218647480011,-400000.0625,-8532.8603515625,-2982.7099609375,-400000.0625,-13121.509765625,-400000.0625,4943.990234375,-400000.0625
212.42712807655334,-400000.0625,-8543.9697265625,-2994.06005859375,-400000.0625,-13135.2900390625,-400000.0625,4926.16015625,-400000.0625
212.43322801589966,-400000.0625,-8514.7900390625,-2969.070068359375,-400000.0625,-13109.490234375,-400000.0625,4953.77001953125,-400000.0625
212.4384994506836,-400000.0625,-8478.4501953125,-2935.60009765625,-400000.0625,-13087.080078125,-400000.0625,4994.81982421875,-400000.0625
212.44413113594055,-400000.0625,-8484.8896484375,-2941.3701171875,-400000.0625,-13098.3798828125,-400000.0625,4986.56982421875,-400000.0625
212.45004796981812,-400000.0625,-8511.6396484375,-2970.97998046875,-400000.0625,-13135.33984375,-400000.0625,4954.81982421875,-400000.0625
212.4553735256195,-400000.0625,-8527.419921875,-2987.81005859375,-400000.0625,-13156.1796875,-400000.0625,4935.93017578125,-400000.0625
212.4613552093506,-400000.0625,-8496.0,-2955.909912109375,-400000.0625,-13124.900390625,-400000.0625,4954.10009765625,-400000.0625
212.46658730506897,-400000.0625,-8465.099609375,-2930.550048828125,-400000.0625,-13092.330078125,-400000.0625,4997.77978515625,-400000.0625
212.47199177742004,-400000.0625,-8469.8701171875,-2936.320068359375,-400000.0625,-13098.1904296875,-400000.0625,4992.39013671875,-400000.0625
212.47882318496704,-400000.0625,-8500.0,-2962.159912109375,-400000.0625,-13131.0,-400000.0625,4960.58984375,-400000.0625
212.487610578537,-400000.0625,-8519.509765625,-2981.85009765625,-400000.0625,-13149.6396484375,-400000.0625,4947.330078125,-400000.0625
212.49372100830078,-400000.0625,-8490.990234375,-2954.10009765625,-400000.0625,-13119.5595703125,-400000.0625,4964.10986328125,-400000.0625
212.50466227531433,-400000.0625,-8456.900390625,-2921.43994140625,-400000.0625,-13095.7099609375,-400000.0625,5004.35986328125,-400000.0625
212.5098524093628,-400000.0625,-8465.8603515625,-2928.260009765625,-400000.0625,-13106.73046875,-400000.0625,4997.68017578125,-400000.0625
212.51497745513916,-400000.0625,-8493.900390625,-2953.820068359375,-400000.0625,-13135.3896484375,-400000.0625,4965.830078125,-400000.0625
212.5199966430664,-400000.0625,-8513.740234375,-2971.60009765625,-400000.0625,-13161.7099609375,-400000.0625,4948.759765625,-400000.0625
212.5249080657959,-400000.0625,-8491.08984375,-2953.010009765625,-400000.0625,-13133.6201171875,-400000.0625,4971.02978515625,-400000.0625
212.5249161720276,-400000.0625,-8462.5302734375,-2925.300048828125,-400000.0625,-13097.240234375,-400000.0625,5000.2099609375,-400000.0625
212.5249207019806,-400000.0625,-8472.7802734375,-2931.070068359375,-400000.0625,-13104.6298828125,-400000.0625,4993.43994140625,-400000.0625
212.52492499351501,-400000.0625,-8502.48046875,-2959.06005859375,-400000.0625,-13134.7197265625,-400000.0625,4963.64013671875,-400000.0625
212.52492880821228,-400000.0625,-8521.3203125,-2976.3701171875,-400000.0625,-13160.330078125,-400000.0625,4941.1298828125,-400000.0625
212.52493238449097,-400000.0625,-8495.330078125,-2955.389892578125,-400000.0625,-13131.0498046875,-400000.0625,4970.5,-400000.0625
212.52493596076965,-400000.0625,-8457.1796875,-2916.860107421875,-400000.0625,-13098.9599609375,-400000.0625,5012.89013671875,-400000.0625
212.52493953704834,-400000.0625,-8480.0703125,-2933.7900390625,-400000.0625,-13109.9697265625,-400000.0625,4981.18017578125,-400000.0625
212.5249433517456,-400000.0625,-8528.08984375,-2969.60009765625,-400000.0625,-13144.7802734375,-400000.0625,4947.85009765625,-400000.0625
212.5249469280243,-400000.0625,-8537.48046875,-2982.090087890625,-400000.0625,-13159.3203125,-400000.0625,4938.02978515625,-400000.0625
212.52495074272156,-400000.0625,-8507.7802734375,-2955.719970703125,-400000.0625,-13122.66015625,-400000.0625,4961.919921875,-400000.0625
212.5249547958374,-400000.0625,-8486.080078125,-2939.419921875,-400000.0625,-13097.6201171875,-400000.0625,4993.52978515625,-400000.0625
212.52495956420898,-400000.0625,-8508.6396484375,-2952.0,-400000.0625,-13109.2099609375,-400000.0625,4981.759765625,-400000.0625
212.52496337890625,-400000.0625,-8545.259765625,-2981.949951171875,-400000.0625,-13130.1396484375,-400000.0625,4950.81005859375,-400000.0625
212.52496719360352,-400000.0625,-8562.1796875,-2997.72998046875,-400000.0625,-13151.9296875,-400000.0625,4932.35986328125,-400000.0625
212.52497100830078,-400000.0625,-8533.91015625,-2972.699951171875,-400000.0625,-13118.9404296875,-400000.0625,4962.77978515625,-400000.0625
212.52497506141663,-400000.0625,-8510.6396484375,-2947.81005859375,-400000.0625,-13083.650390625,-400000.0625,4989.33984375,-400000.0625
212.5249788761139,-400000.0625,-8539.6298828125,-2968.5,-400000.0625,-13110.8798828125,-400000.0625,4974.75,-400000.0625
212.52498245239258,-400000.0625,-8565.6201171875,-2994.489990234375,-400000.0625,-13137.6796875,-400000.0625,4935.89013671875,-400000.0625
212.52498650550842,-400000.0625,-8580.4501953125,-3011.3701171875,-400000.0625,-13153.650390625,-400000.0625,4924.10986328125,-400000.0625
212.5249900817871,-400000.0625,-8553.509765625,-2986.340087890625,-400000.0625,-13129.330078125,-400000.0625,4951.2900390625,-400000.0625
212.52499437332153,-400000.0625,-8516.5498046875,-2952.0,-400000.0625,-13093.900390625,-400000.0625,4982.08984375,-400000.0625
212.5249981880188,-400000.0625,-8525.3701171875,-2962.679931640625,-400000.0625,-13102.490234375,-400000.0625,4985.669921875,-400000.0625
212.52500176429749,-400000.0625,-8551.9296875,-2994.25,-400000.0625,-13140.4404296875,-400000.0625,4951.18994140625,-400000.0625
212.52500534057617,-400000.0625,-8573.7197265625,-3014.280029296875,-400000.0625,-13160.75,-400000.0625,4929.8798828125,-400000.0625
212.52992224693298,-400000.0625,-8551.3603515625,-2986.050048828125,-400000.0625,-13120.509765625,-400000.0625,4952.47998046875,-400000.0625
212.52993178367615,-400000.0625,-8517.9296875,-2952.719970703125,-400000.0625,-13090.330078125,-400000.0625,4992.52978515625,-400000.0625
212.5299367904663,-400000.0625,-8523.7998046875,-2956.679931640625,-400000.0625,-13104.150390625,-400000.0625,4985.0,-400000.0625
212.5299413204193,-400000.0625,-8559.3203125,-2987.81005859375,-400000.0625,-13135.7197265625,-400000.0625,4955.240234375,-400000.0625
212.52994561195374,-400000.0625,-8585.740234375,-3014.85009765625,-400000.0625,-13156.1796875,-400000.0625,4932.4501953125,-400000.0625
212.52994966506958,-400000.0625,-8561.1396484375,-2989.14990234375,-400000.0625,-13126.1396484375,-400000.0625,4953.0498046875,-400000.0625
212.52995371818542,-400000.0625,-8530.0,-2958.820068359375,-400000.0625,-13096.8603515625,-400000.0625,4990.85986328125,-400000.0625
212.52995777130127,-400000.0625,-8539.0595703125,-2964.2099609375,-400000.0625,-13103.919921875,-400000.0625,4985.3798828125,-400000.0625
212.5299620628357,-400000.0625,-8561.7998046875,-2989.860107421875,-400000.0625,-13138.6298828125,-400000.0625,4960.58984375,-400000.0625
212.52996611595154,-400000.0625,-8577.400390625,-3005.60009765625,-400000.0625,-13158.3701171875,-400000.0625,4940.27001953125,-400000.0625
212.5299699306488,-400000.0625,-8549.830078125,-2980.419921875,-400000.0625,-13126.4697265625,-400000.0625,4962.2099609375,-400000.0625
212.52997374534607,-400000.0625,-8529.23046875,-2958.010009765625,-400000.0625,-13095.4296875,-400000.0625,4988.81005859375,-400000.0625
212.52997756004333,-400000.0625,-8535.4296875,-2965.39990234375,-400000.0625,-13099.7197265625,-400000.0625,4977.1298828125,-400000.0625
212.52998113632202,-400000.0625,-8557.509765625,-2992.199951171875,-400000.0625,-13134.8095703125,-400000.0625,4959.2001953125,-400000.0625
212.52998518943787,-400000.0625,-8579.830078125,-3013.989990234375,-400000.0625,-13161.330078125,-400000.0625,4940.3701171875,-400000.0625
212.5848925113678,-400000.0625,-8556.650390625,-2989.47998046875,-400000.0625,-13134.580078125,-400000.0625,4961.39990234375,-400000.0625
212.5904564857483,-400000.0625,-8529.5703125,-2961.5400390625,-400000.0625,-13099.9599609375,-400000.0625,4980.85009765625,-400000.0625
212.59535717964172,-400000.0625,-8537.33984375,-2966.739990234375,-400000.0625,-13095.9501953125,-400000.0625,4984.14013671875,-400000.0625
212.5995373725891,-400000.0625,-8558.080078125,-2990.909912109375,-400000.0625,-13131.2900390625,-400000.0625,4957.10009765625,-400000.0625
212.60444355010986,-400000.0625,-8576.8701171875,-3009.27001953125,-400000.0625,-13156.3701171875,-400000.0625,4945.7998046875,-400000.0625
212.60445261001587,-400000.0625,-8559.7998046875,-2992.530029296875,-400000.0625,-13131.5703125,-400000.0625,4970.93017578125,-400000.0625
212.60445713996887,-400000.0625,-8531.2900390625,-2964.929931640625,-400000.0625,-13098.8603515625,-400000.0625,4993.2001953125,-400000.0625
212.60446190834045,-400000.0625,-8535.48046875,-2965.159912109375,-400000.0625,-13106.16015625,-400000.0625,4995.10986328125,-400000.0625
212.60446572303772,-400000.0625,-8559.900390625,-2991.6298828125,-400000.0625,-13136.7197265625,-400000.0625,4973.1298828125,-400000.0625
212.60447001457214,-400000.0625,-8574.8701171875,-3007.97998046875,-400000.0625,-13152.4599609375,-400000.0625,4944.93994140625,-400000.0625
212.60447359085083,-400000.0625,-8555.75,-2989.389892578125,-400000.0625,-13129.0,-400000.0625,4966.5,-400000.0625
212.60447716712952,-400000.0625,-8536.3896484375,-2963.8798828125,-400000.0625,-13098.76953125,-400000.0625,4987.18994140625,-400000.0625
212.60448098182678,-400000.0625,-8539.2998046875,-2969.27001953125,-400000.0625,-13111.830078125,-400000.0625,4981.330078125,-400000.0625
212.60448479652405,-400000.0625,-8579.2998046875,-3000.02001953125,-400000.0625,-13139.6796875,-400000.0625,4951.14013671875,-400000.0625
212.6044886112213,-400000.0625,-8598.330078125,-3019.050048828125,-400000.0625,-13159.23046875,-400000.0625,4937.27001953125,-400000.0625
212.60449242591858,-400000.0625,-8573.2900390625,-3010.85009765625,-400000.0625,-13136.2001953125,-400000.0625,4977.080078125,-400000.0625
212.65910649299622,-400000.0625,-8553.0302734375,-2996.72998046875,-400000.0625,-13103.33984375,-400000.0625,5008.080078125,-400000.0625
212.66454315185547,-400000.0625,-8569.6201171875,-3012.419921875,-400000.0625,-13113.6904296875,-400000.0625,4998.72998046875,-400000.0625
212.66922116279602,-400000.0625,-8594.6103515625,-3041.409912109375,-400000.0625,-13142.6396484375,-400000.0625,4973.56005859375,-400000.0625
212.66922974586487,-400000.0625,-8615.9697265625,-3071.169921875,-400000.0625,-13161.759765625,-400000.0625,4963.2099609375,-400000.0625
212.66923451423645,-400000.0625,-8596.3701171875,-3053.52001953125,-400000.0625,-13135.7197265625,-400000.0625,4998.4501953125,-400000.0625
212.6692385673523,-400000.0625,-8577.8701171875,-3035.39990234375,-400000.0625,-13102.2900390625,-400000.0625,5023.52978515625,-400000.0625
212.66924214363098,-400000.0625,-8581.4501953125,-3044.3701171875,-400000.0625,-13109.400390625,-400000.0625,5022.240234375,-400000.0625
212.66924595832825,-400000.0625,-8604.0,-3066.35009765625,-400000.0625,-13139.919921875,-400000.0625,4992.68017578125,-400000.0625
212.66936445236206,-400000.0625,-8619.7900390625,-3086.570068359375,-400000.0625,-13159.08984375,-400000.0625,4970.27001953125,-400000.0625
212.6693685054779,-400000.0625,-8596.9501953125,-3063.77001953125,-400000.0625,-13133.8603515625,-400000.0625,4996.2001953125,-400000.0625
212.66937232017517,-400000.0625,-8571.9599609375,-3040.5,-400000.0625,-13107.2099609375,-400000.0625,5023.91015625,-400000.0625
212.66937589645386,-400000.0625,-8573.4404296875,-3042.030029296875,-400000.0625,-13109.490234375,-400000.0625,5020.330078125,-400000.0625
212.66937971115112,-400000.0625,-8596.66015625,-3065.35009765625,-400000.0625,-13130.0,-400000.0625,5002.4501953125,-400000.0625
212.6693835258484,-400000.0625,-8618.0703125,-3088.239990234375,-400000.0625,-13152.4599609375,-400000.0625,4984.81005859375,-400000.0625
212.66938710212708,-400000.0625,-8598.66015625,-3069.070068359375,-400000.0625,-13142.16015625,-400000.0625,5008.83984375,-400000.0625
212.6693902015686,-400000.0625,-8573.76953125,-3042.219970703125,-400000.0625,-13106.919921875,-400000.0625,5032.35009765625,-400000.0625
212.7152214050293,-400000.0625,-8577.6796875,-3045.93994140625,-400000.0625,-13103.73046875,-400000.0625,5025.580078125,-400000.0625
212.7246277332306,-400000.0625,-8605.6201171875,-3067.679931640625,-400000.0625,-13124.849609375,-400000.0625,4994.5400390625,-400000.0625
212.7293679714203,-400000.0625,-8622.7001953125,-3080.889892578125,-400000.0625,-13142.6396484375,-400000.0625,4979.52001953125,-400000.0625
212.72937607765198,-400000.0625,-8595.900390625,-3057.81005859375,-400000.0625,-13116.650390625,-400000.0625,5001.8798828125,-400000.0625
212.72938108444214,-400000.0625,-8569.0,-3030.830078125,-400000.0625,-13094.9501953125,-400000.0625,5034.4501953125,-400000.0625
212.72938513755798,-400000.0625,-8578.73046875,-3038.070068359375,-400000.0625,-13111.740234375,-400000.0625,5025.669921875,-400000.0625
212.72938871383667,-400000.0625,-8600.6201171875,-3058.580078125,-400000.0625,-13138.150390625,-400000.0625,5004.22021484375,-400000.0625
212.72939252853394,-400000.0625,-8625.650390625,-3079.610107421875,-400000.0625,-13157.0400390625,-400000.0625,4982.14013671875,-400000.0625
212.72939658164978,-400000.0625,-8605.8203125,-3059.43994140625,-400000.0625,-13122.23046875,-400000.0625,4996.81982421875,-400000.0625
212.72940039634705,-400000.0625,-8583.1201171875,-3040.080078125,-400000.0625,-13099.0498046875,-400000.0625,5027.52978515625,-400000.0625
212.72940373420715,-400000.0625,-8587.169921875,-3046.85009765625,-400000.0625,-13105.349609375,-400000.0625,5022.9599609375,-400000.0625
212.72940754890442,-400000.0625,-8613.16015625,-3069.639892578125,-400000.0625,-13129.0498046875,-400000.0625,5002.39990234375,-400000.0625
212.7294111251831,-400000.0625,-8624.75,-3079.989990234375,-400000.0625,-13154.4599609375,-400000.0625,4983.18994140625,-400000.0625
212.7294147014618,-400000.0625,-8602.9501953125,-3058.719970703125,-400000.0625,-13133.7197265625,-400000.0625,5006.83984375,-400000.0625
212.72941827774048,-400000.0625,-8578.16015625,-3032.780029296875,-400000.0625,-13101.2001953125,-400000.0625,5029.25,-400000.0625
212.72942185401917,-400000.0625,-8583.740234375,-3035.5,-400000.0625,-13105.2001953125,-400000.0625,5025.580078125,-400000.0625
212.7801549434662,-400000.0625,-8606.5302734375,-3057.719970703125,-400000.0625,-13125.2802734375,-400000.0625,5002.7900390625,-400000.0625
212.78633403778076,-400000.0625,-8624.98046875,-3076.93994140625,-400000.0625,-13145.01953125,-400000.0625,4977.75,-400000.0625
212.79120349884033,-400000.0625,-8612.009765625,-3058.6201171875,-400000.0625,-13124.849609375,-400000.0625,4999.2998046875,-400000.0625
212.79121232032776,-400000.0625,-8581.259765625,-3031.5400390625,-400000.0625,-13096.0498046875,-400000.0625,5030.10986328125,-400000.0625
212.7912163734436,-400000.0625,-8587.1201171875,-3035.260009765625,-400000.0625,-13102.91015625,-400000.0625,5019.14013671875,-400000.0625
212.79122018814087,-400000.0625,-8617.0703125,-3061.2900390625,-400000.0625,-13131.2900390625,-400000.0625,4998.16015625,-400000.0625
212.79122400283813,-400000.0625,-8632.2802734375,-3078.27001953125,-400000.0625,-13149.7900390625,-400000.0625,4983.6201171875,-400000.0625
212.7912278175354,-400000.0625,-8613.73046875,-3056.570068359375,-400000.0625,-13127.849609375,-400000.0625,5003.740234375,-400000.0625
212.7912313938141,-400000.0625,-8588.650390625,-3031.25,-400000.0625,-13099.91015625,-400000.0625,5033.02001953125,-400000.0625
212.79123497009277,-400000.0625,-8591.509765625,-3033.110107421875,-400000.0625,-13098.0498046875,-400000.0625,5024.580078125,-400000.0625
212.79123854637146,-400000.0625,-8614.1103515625,-3056.429931640625,-400000.0625,-13122.990234375,-400000.0625,5000.72998046875,-400000.0625
212.79124212265015,-400000.0625,-8635.0498046875,-3077.97998046875,-400000.0625,-13147.8798828125,-400000.0625,4982.27978515625,-400000.0625
212.79124760627747,-400000.0625,-8613.2099609375,-3058.77001953125,-400000.0625,-13128.66015625,-400000.0625,5008.169921875,-400000.0625
212.79125142097473,-400000.0625,-8581.259765625,-3030.35009765625,-400000.0625,-13101.76953125,-400000.0625,5029.2998046875,-400000.0625
212.79125499725342,-400000.0625,-8586.98046875,-3033.449951171875,-400000.0625,-13103.25,-400000.0625,5031.009765625,-400000.0625
212.7912585735321,-400000.0625,-8616.2099609375,-3062.010009765625,-400000.0625,-13128.330078125,-400000.0625,5003.41015625,-400000.0625
212.84679985046387,-400000.0625,-8635.900390625,-3082.85009765625,-400000.0625,-13147.3095703125,-400000.0625,4978.56005859375,-400000.0625
212.85646390914917,-400000.0625,-8610.8701171875,-3058.239990234375,-400000.0625,-13127.08984375,-400000.0625,5007.35986328125,-400000.0625
212.86133289337158,-400000.0625,-8582.5,-3030.110107421875,-400000.0625,-13094.8603515625,-400000.0625,5035.4501953125,-400000.0625
212.86134099960327,-400000.0625,-8584.3603515625,-3029.919921875,-400000.0625,-13099.7197265625,-400000.0625,5034.97021484375,-400000.0625
212.8613452911377,-400000.0625,-8614.4501953125,-3052.659912109375,-400000.0625,-13132.5703125,-400000.0625,5006.41015625,-400000.0625
212.86134934425354,-400000.0625,-8636.5703125,-3073.449951171875,-400000.0625,-13146.9296875,-400000.0625,4986.72021484375,-400000.0625
212.8613531589508,-400000.0625,-8617.9296875,-3050.85009765625,-400000.0625,-13125.1796875,-400000.0625,5010.509765625,-400000.0625
212.8613567352295,-400000.0625,-8600.5703125,-3028.72998046875,-400000.0625,-13107.5400390625,-400000.0625,5034.10986328125,-400000.0625
212.86136031150818,-400000.0625,-8594.1298828125,-3025.580078125,-400000.0625,-13104.76953125,-400000.0625,5021.0498046875,-400000.0625
212.86136436462402,-400000.0625,-8595.08984375,-3035.02001953125,-400000.0625,-13118.83984375,-400000.0625,4991.91015625,-400000.0625
212.8613679409027,-400000.0625,-8607.2900390625,-3047.3701171875,-400000.0625,-13132.8095703125,-400000.0625,4961.25,-400000.0625
212.8613715171814,-400000.0625,-8583.740234375,-3019.3798828125,-400000.0625,-13118.1298828125,-400000.0625,4975.02978515625,-400000.0625
212.86137557029724,-400000.0625,-8558.1796875,-2981.81005859375,-400000.0625,-13092.9501953125,-400000.0625,4998.16015625,-400000.0625
212.86137914657593,-400000.0625,-8565.1904296875,-2977.85009765625,-400000.0625,-13099.580078125,-400000.0625,4991.009765625,-400000.0625
212.8613829612732,-400000.0625,-8582.0703125,-2991.300048828125,-400000.0625,-13124.990234375,-400000.0625,4959.39013671875,-400000.0625
212.86138653755188,-400000.0625,-8600.0,-3003.31005859375,-400000.0625,-13139.6796875,-400000.0625,4929.35009765625,-400000.0625
212.9144778251648,-400000.0625,-8580.73046875,-2980.179931640625,-400000.0625,-13116.080078125,-400000.0625,4944.56005859375,-400000.0625
212.92001605033875,-400000.0625,-8552.41015625,-2951.14990234375,-400000.0625,-13088.66015625,-400000.0625,4970.5,-400000.0625
212.92487788200378,-400000.0625,-8551.5498046875,-2951.77001953125,-400000.0625,-13092.8095703125,-400000.0625,4969.35986328125,-400000.0625
212.92488622665405,-400000.0625,-8581.6904296875,-2983.0,-400000.0625,-13119.169921875,-400000.0625,4932.06982421875,-400000.0625
212.92489051818848,-400000.0625,-8601.9501953125,-2999.590087890625,-400000.0625,-13141.58984375,-400000.0625,4921.9599609375,-400000.0625
212.9248948097229,-400000.0625,-8570.4296875,-2972.169921875,-400000.0625,-13115.169921875,-400000.0625,4949.3798828125,-400000.0625
212.92489862442017,-400000.0625,-8545.16015625,-2939.4599609375,-400000.0625,-13093.3798828125,-400000.0625,4978.75,-400000.0625
212.92490243911743,-400000.0625,-8548.2099609375,-2946.22998046875,-400000.0625,-13095.669921875,-400000.0625,4977.0400390625,-400000.0625
212.9249062538147,-400000.0625,-8573.6298828125,-2970.550048828125,-400000.0625,-13121.5595703125,-400000.0625,4946.66015625,-400000.0625
212.92491006851196,-400000.0625,-8597.0400390625,-2991.300048828125,-400000.0625,-13144.259765625,-400000.0625,4926.8701171875,-400000.0625
212.92491364479065,-400000.0625,-8578.6396484375,-2970.409912109375,-400000.0625,-13116.8896484375,-400000.0625,4948.18994140625,-400000.0625
212.92491722106934,-400000.0625,-8553.3603515625,-2946.949951171875,-400000.0625,-13084.509765625,-400000.0625,4973.1298828125,-400000.0625
212.9249210357666,-400000.0625,-8555.83984375,-2951.429931640625,-400000.0625,-13090.66015625,-400000.0625,4970.60009765625,-400000.0625
212.9249246120453,-400000.0625,-8587.2197265625,-2977.7099609375,-400000.0625,-13123.9404296875,-400000.0625,4946.14013671875,-400000.0625
212.92492842674255,-400000.0625,-8603.0,-2991.389892578125,-400000.0625,-13146.9296875,-400000.0625,4920.43994140625,-400000.0625
212.92493200302124,-400000.0625,-8575.6796875,-2966.550048828125,-400000.0625,-13122.7001953125,-400000.0625,4946.89990234375,-400000.0625
212.96600699424744,-400000.0625,-8546.6396484375,-2941.659912109375,-400000.0625,-13095.330078125,-400000.0625,4973.1298828125,-400000.0625
212.9761323928833,-400000.0625,-8552.599609375,-2943.800048828125,-400000.0625,-13089.2802734375,-400000.0625,4969.8798828125,-400000.0625
212.981219291687,-400000.0625,-8582.16015625,-2971.510009765625,-400000.0625,-13123.0400390625,-400000.0625,4945.08984375,-400000.0625
212.98625659942627,-400000.0625,-8602.3798828125,-2989.14990234375,-400000.0625,-13148.259765625,-400000.0625,4922.580078125,-400000.0625
212.99120926856995,-400000.0625,-8579.349609375,-2968.550048828125,-400000.0625,-13126.51953125,-400000.0625,4946.66015625,-400000.0625
212.9912178516388,-400000.0625,-8555.2197265625,-2941.659912109375,-400000.0625,-13097.9599609375,-400000.0625,4973.27001953125,-400000.0625
212.99122214317322,-400000.0625,-8563.0,-2947.3798828125,-400000.0625,-13095.0,-400000.0625,4969.7900390625,-400000.0625
212.99122667312622,-400000.0625,-8588.98046875,-2971.27001953125,-400000.0625,-13123.080078125,-400000.0625,4942.93994140625,-400000.0625
212.9912304878235,-400000.0625,-8605.2900390625,-2990.14990234375,-400000.0625,-13142.6796875,-400000.0625,4921.6298828125,-400000.0625
212.99123430252075,-400000.0625,-8587.41015625,-2968.070068359375,-400000.0625,-13122.26953125,-400000.0625,4943.75,-400000.0625
212.99123787879944,-400000.0625,-8560.5595703125,-2941.56005859375,-400000.0625,-13089.2802734375,-400000.0625,4974.75,-400000.0625
212.99124217033386,-400000.0625,-8564.330078125,-2949.330078125,-400000.0625,-13094.8603515625,-400000.0625,4970.4599609375,-400000.0625
212.99124598503113,-400000.0625,-8587.3603515625,-2969.1201171875,-400000.0625,-13121.1298828125,-400000.0625,4952.47998046875,-400000.0625
212.99125027656555,-400000.0625,-8612.73046875,-2993.77001953125,-400000.0625,-13145.8798828125,-400000.0625,4929.72998046875,-400000.0625
212.9912543296814,-400000.0625,-8585.01953125,-2969.409912109375,-400000.0625,-13126.6103515625,-400000.0625,4943.27978515625,-400000.0625
212.99125790596008,-400000.0625,-8557.419921875,-2939.219970703125,-400000.0625,-13094.0498046875,-400000.0625,4977.18017578125,-400000.0625
213.03352642059326,-400000.0625,-8564.5703125,-2944.090087890625,-400000.0625,-13100.7197265625,-400000.0625,4970.27001953125,-400000.0625
213.03902673721313,-400000.0625,-8590.169921875,-2969.31005859375,-400000.0625,-13131.1904296875,-400000.0625,4945.419921875,-400000.0625
213.04405999183655,-400000.0625,-8612.2001953125,-2991.14990234375,-400000.0625,-13140.2001953125,-400000.0625,4921.33984375,-400000.0625
213.04897236824036,-400000.0625,-8586.98046875,-2961.300048828125,-400000.0625,-13107.5400390625,-400000.0625,4946.22998046875,-400000.0625
213.04898071289062,-400000.0625,-8555.650390625,-2933.60009765625,-400000.0625,-13086.990234375,-400000.0625,4978.93994140625,-400000.0625
213.04898524284363,-400000.0625,-8555.2197265625,-2937.840087890625,-400000.0625,-13095.08984375,-400000.0625,4974.080078125,-400000.0625
213.04898977279663,-400000.0625,-8583.1201171875,-2964.260009765625,-400000.0625,-13127.51953125,-400000.0625,4947.14013671875,-400000.0625
213.0489935874939,-400000.0625,-8603.669921875,-2987.429931640625,-400000.0625,-13145.0703125,-400000.0625,4928.259765625,-400000.0625
213.04899764060974,-400000.0625,-8577.6298828125,-2960.919921875,-400000.0625,-13125.1796875,-400000.0625,4953.0498046875,-400000.0625
213.0490016937256,-400000.0625,-8552.41015625,-2934.60009765625,-400000.0625,-13095.240234375,-400000.0625,4972.080078125,-400000.0625
213.04900527000427,-400000.0625,-8558.0400390625,-2940.800048828125,-400000.0625,-13090.4697265625,-400000.0625,4976.56005859375,-400000.0625
213.04900932312012,-400000.0625,-8581.01953125,-2961.2099609375,-400000.0625,-13118.8896484375,-400000.0625,4952.240234375,-400000.0625
213.0490128993988,-400000.0625,-8603.0,-2981.0400390625,-400000.0625,-13136.9599609375,-400000.0625,4935.06982421875,-400000.0625
213.04901719093323,-400000.0625,-8580.2998046875,-2960.110107421875,-400000.0625,-13112.1201171875,-400000.0625,4953.669921875,-400000.0625
213.0490210056305,-400000.0625,-8549.599609375,-2928.919921875,-400000.0625,-13087.080078125,-400000.0625,4981.9501953125,-400000.0625
213.04902482032776,-400000.0625,-8555.2197265625,-2933.929931640625,-400000.0625,-13095.51953125,-400000.0625,4983.56982421875,-400000.0625
213.1466281414032,-400000.0625,-8579.830078125,-2962.969970703125,-400000.0625,-13130.759765625,-400000.0625,4955.9599609375,-400000.0625
213.15724110603333,-400000.0625,-8599.4697265625,-2982.949951171875,-400000.0625,-13146.5498046875,-400000.0625,4933.259765625,-400000.0625
213.16263723373413,-400000.0625,-8576.490234375,-2959.919921875,-400000.0625,-13115.7900390625,-400000.0625,4955.43994140625,-400000.0625
213.1676380634308,-400000.0625,-8549.8798828125,-2933.449951171875,-400000.0625,-13091.3798828125,-400000.0625,4986.81005859375,-400000.0625
213.1730592250824,-400000.0625,-8554.83984375,-2938.840087890625,-400000.0625,-13099.150390625,-400000.0625,4974.27001953125,-400000.0625
213.17806386947632,-400000.0625,-8580.830078125,-2964.590087890625,-400000.0625,-13126.1796875,-400000.0625,4950.52001953125,-400000.0625
213.18360042572021,-400000.0625,-8604.0,-2989.860107421875,-400000.0625,-13146.2099609375,-400000.0625,4934.83984375,-400000.0625
213.18868565559387,-400000.0625,-8575.2001953125,-2959.06005859375,-400000.0625,-13117.2197265625,-400000.0625,4961.58984375,-400000.0625
213.19391918182373,-400000.0625,-8550.98046875,-2933.219970703125,-400000.0625,-13084.990234375,-400000.0625,4989.669921875,-400000.0625
213.19957852363586,-400000.0625,-8552.83984375,-2936.510009765625,-400000.0625,-13096.9501953125,-400000.0625,4987.669921875,-400000.0625
213.20436763763428,-400000.0625,-8581.9296875,-2964.68994140625,-400000.0625,-13126.9501953125,-400000.0625,4959.06005859375,-400000.0625
213.20437574386597,-400000.0625,-8594.5595703125,-2979.3701171875,-400000.0625,-13143.349609375,-400000.0625,4933.259765625,-400000.0625
213.2043800354004,-400000.0625,-8576.9697265625,-2960.010009765625,-400000.0625,-13124.0400390625,-400000.0625,4958.81982421875,-400000.0625
213.20438408851624,-400000.0625,-8550.0703125,-2929.8798828125,-400000.0625,-13098.91015625,-400000.0625,4986.18994140625,-400000.0625
213.2043879032135,-400000.0625,-8551.5,-2931.360107421875,-400000.0625,-13093.5703125,-400000.0625,4982.81005859375,-400000.0625
213.20439195632935,-400000.0625,-8581.400390625,-2958.110107421875,-400000.0625,-13117.3603515625,-400000.0625,4960.06005859375,-400000.0625
213.2043957710266,-400000.0625,-8606.8203125,-2980.419921875,-400000.0625,-13139.8701171875,-400000.0625,4936.41015625,-400000.0625
213.20439958572388,-400000.0625,-8585.01953125,-2959.820068359375,-400000.0625,-13117.509765625,-400000.0625,4952.91015625,-400000.0625
213.20440340042114,-400000.0625,-8553.1201171875,-2931.31005859375,-400000.0625,-13093.08984375,-400000.0625,4986.9501953125,-400000.0625
213.20443606376648,-400000.0625,-8551.9296875,-2930.260009765625,-400000.0625,-13097.9599609375,-400000.0625,4981.18017578125,-400000.0625
213.2044403553009,-400000.0625,-8578.16015625,-2959.35009765625,-400000.0625,-13127.51953125,-400000.0625,4958.77001953125,-400000.0625
213.20444440841675,-400000.0625,-8599.5703125,-2977.89990234375,-400000.0625,-13147.7802734375,-400000.0625,4943.31982421875,-400000.0625
213.204448223114,-400000.0625,-8573.150390625,-2957.5400390625,-400000.0625,-13125.66015625,-400000.0625,4967.68994140625,-400000.0625
213.20445203781128,-400000.0625,-8549.4501953125,-2931.929931640625,-400000.0625,-13090.9501953125,-400000.0625,4988.47998046875,-400000.0625
213.20445609092712,-400000.0625,-8560.990234375,-2936.219970703125,-400000.0625,-13094.0498046875,-400000.0625,4982.22998046875,-400000.0625
213.2044599056244,-400000.0625,-8581.16015625,-2961.449951171875,-400000.0625,-13119.3203125,-400000.0625,4964.64013671875,-400000.0625
213.2044641971588,-400000.0625,-8595.3203125,-2976.659912109375,-400000.0625,-13142.0595703125,-400000.0625,4944.990234375,-400000.0625
213.20446801185608,-400000.0625,-8573.25,-2957.72998046875,-400000.0625,-13120.650390625,-400000.0625,4959.39013671875,-400000.0625
213.20447278022766,-400000.0625,-8543.490234375,-2921.820068359375,-400000.0625,-13086.23046875,-400000.0625,4995.16015625,-400000.0625
213.20447635650635,-400000.0625,-8552.0302734375,-2932.739990234375,-400000.0625,-13094.0498046875,-400000.0625,4993.14990234375,-400000.0625
213.20447969436646,-400000.0625,-8575.3896484375,-2962.070068359375,-400000.0625,-13132.4296875,-400000.0625,4960.68017578125,-400000.0625
213.20448327064514,-400000.0625,-8594.419921875,-2978.330078125,-400000.0625,-13146.0703125,-400000.0625,4933.7900390625,-400000.0625
213.2217400074005,-400000.0625,-8575.009765625,-2959.5400390625,-400000.0625,-13118.3603515625,-400000.0625,4958.10986328125,-400000.0625
213.22699522972107,-400000.0625,-8549.1201171875,-2931.1201171875,-400000.0625,-13089.7099609375,-400000.0625,4989.2900390625,-400000.0625
213.2322759628296,-400000.0625,-8551.8798828125,-2933.840087890625,-400000.0625,-13098.2900390625,-400000.0625,4993.06005859375,-400000.0625
213.23708128929138,-400000.0625,-8571.9599609375,-2953.580078125,-400000.0625,-13128.8095703125,-400000.0625,4964.4501953125,-400000.0625
213.2370891571045,-400000.0625,-8594.2802734375,-2970.360107421875,-400000.0625,-13144.2099609375,-400000.0625,4932.68994140625,-400000.0625
213.23709392547607,-400000.0625,-8576.5400390625,-2952.429931640625,-400000.0625,-13121.650390625,-400000.0625,4958.52978515625,-400000.0625
213.23709797859192,-400000.0625,-8548.1201171875,-2924.780029296875,-400000.0625,-13097.8095703125,-400000.0625,4988.0498046875,-400000.0625
213.23710203170776,-400000.0625,-8551.7900390625,-2934.030029296875,-400000.0625,-13097.91015625,-400000.0625,4991.77001953125,-400000.0625
213.23710560798645,-400000.0625,-8576.6796875,-2956.199951171875,-400000.0625,-13123.419921875,-400000.0625,4958.490234375,-400000.0625
213.23710942268372,-400000.0625,-8599.330078125,-2982.090087890625,-400000.0625,-13147.16015625,-400000.0625,4941.1298828125,-400000.0625
213.23711323738098,-400000.0625,-8579.4501953125,-2958.489990234375,-400000.0625,-13121.419921875,-400000.0625,4965.259765625,-400000.0625
213.23711681365967,-400000.0625,-8549.41015625,-2927.5400390625,-400000.0625,-13098.0498046875,-400000.0625,4995.06005859375,-400000.0625
213.23712348937988,-400000.0625,-8553.599609375,-2931.070068359375,-400000.0625,-13107.349609375,-400000.0625,4991.9599609375,-400000.0625
213.23712706565857,-400000.0625,-8577.5400390625,-2956.679931640625,-400000.0625,-13131.0,-400000.0625,4962.68017578125,-400000.0625
213.23713088035583,-400000.0625,-8598.2802734375,-2979.760009765625,-400000.0625,-13145.5,-400000.0625,4936.41015625,-400000.0625
213.2371346950531,-400000.0625,-8579.8798828125,-2960.8701171875,-400000.0625,-13120.26953125,-400000.0625,4959.580078125,-400000.0625
213.28661346435547,-400000.0625,-8550.98046875,-2930.739990234375,-400000.0625,-13099.6201171875,-400000.0625,4991.009765625,-400000.0625
213.2969057559967,-400000.0625,-8551.7900390625,-2934.31005859375,-400000.0625,-13106.6298828125,-400000.0625,4990.85986328125,-400000.0625
213.30170965194702,-400000.0625,-8577.25,-2954.10009765625,-400000.0625,-13132.1396484375,-400000.0625,4965.93017578125,-400000.0625
213.30171823501587,-400000.0625,-8596.7099609375,-2971.889892578125,-400000.0625,-13151.98046875,-400000.0625,4949.14013671875,-400000.0625
213.30172276496887,-400000.0625,-8576.349609375,-2953.010009765625,-400000.0625,-13131.240234375,-400000.0625,4966.5498046875,-400000.0625
213.30172729492188,-400000.0625,-8547.259765625,-2927.300048828125,-400000.0625,-13100.5302734375,-400000.0625,4994.2998046875,-400000.0625
213.30173134803772,-400000.0625,-8552.98046875,-2933.929931640625,-400000.0625,-13105.919921875,-400000.0625,4990.10009765625,-400000.0625
213.30173516273499,-400000.0625,-8580.830078125,-2956.719970703125,-400000.0625,-13136.009765625,-400000.0625,4957.580078125,-400000.0625
213.30173897743225,-400000.0625,-8599.8095703125,-2976.419921875,-400000.0625,-13149.7900390625,-400000.0625,4936.41015625,-400000.0625
213.30174255371094,-400000.0625,-8581.349609375,-2958.06005859375,-400000.0625,-13128.6201171875,-400000.0625,4959.72998046875,-400000.0625
213.3017463684082,-400000.0625,-8557.990234375,-2937.360107421875,-400000.0625,-13105.919921875,-400000.0625,4989.10009765625,-400000.0625
213.30175018310547,-400000.0625,-8551.5,-2930.590087890625,-400000.0625,-13113.830078125,-400000.0625,4983.85009765625,-400000.0625
213.30175352096558,-400000.0625,-8574.6796875,-2956.340087890625,-400000.0625,-13137.25,-400000.0625,4960.81982421875,-400000.0625
213.30175733566284,-400000.0625,-8599.330078125,-2979.22998046875,-400000.0625,-13157.1298828125,-400000.0625,4934.740234375,-400000.0625
213.30176091194153,-400000.0625,-8582.2099609375,-2958.8701171875,-400000.0625,-13135.9599609375,-400000.0625,4963.39990234375,-400000.0625
213.30176448822021,-400000.0625,-8548.6904296875,-2929.590087890625,-400000.0625,-13107.7802734375,-400000.0625,4993.81982421875,-400000.0625
213.36279225349426,-400000.0625,-8545.16015625,-2929.070068359375,-400000.0625,-13104.5400390625,-400000.0625,4979.75,-400000.0625
213.36867308616638,-400000.0625,-8573.8701171875,-2955.9599609375,-400000.0625,-13127.330078125,-400000.0625,4956.91015625,-400000.0625
213.3739070892334,-400000.0625,-8593.849609375,-2974.1298828125,-400000.0625,-13144.58984375,-400000.0625,4939.56005859375,-400000.0625
213.37893295288086,-400000.0625,-8573.3896484375,-2955.530029296875,-400000.0625,-13132.669921875,-400000.0625,4960.58984375,-400000.0625
213.3841736316681,-400000.0625,-8550.1201171875,-2931.260009765625,-400000.0625,-13106.6796875,-400000.0625,4984.89990234375,-400000.0625
213.38923525810242,-400000.0625,-8556.1298828125,-2934.31005859375,-400000.0625,-13107.400390625,-400000.0625,4985.6201171875,-400000.0625
213.3986988067627,-400000.0625,-8578.830078125,-2954.909912109375,-400000.0625,-13133.669921875,-400000.0625,4959.2998046875,-400000.0625
213.4038474559784,-400000.0625,-8592.75,-2968.360107421875,-400000.0625,-13153.26953125,-400000.0625,4944.3701171875,-400000.0625
213.40865683555603,-400000.0625,-8576.25,-2957.820068359375,-400000.0625,-13136.8701171875,-400000.0625,4972.5498046875,-400000.0625
213.40866541862488,-400000.0625,-8549.8798828125,-2934.070068359375,-400000.0625,-13103.3896484375,-400000.0625,4994.72998046875,-400000.0625
213.4086697101593,-400000.0625,-8552.0302734375,-2935.030029296875,-400000.0625,-13104.6298828125,-400000.0625,4995.58984375,-400000.0625
213.40867376327515,-400000.0625,-8570.240234375,-2957.8701171875,-400000.0625,-13132.8603515625,-400000.0625,4970.22021484375,-400000.0625
213.4086775779724,-400000.0625,-8588.8896484375,-2979.179931640625,-400000.0625,-13156.4599609375,-400000.0625,4953.0498046875,-400000.0625
213.40868139266968,-400000.0625,-8571.9599609375,-2961.449951171875,-400000.0625,-13129.900390625,-400000.0625,4969.31005859375,-400000.0625
213.40868496894836,-400000.0625,-8545.6904296875,-2938.840087890625,-400000.0625,-13107.9697265625,-400000.0625,5001.97021484375,-400000.0625
213.40868878364563,-400000.0625,-8545.5400390625,-2937.56005859375,-400000.0625,-13104.2998046875,-400000.0625,4998.490234375,-400000.0625
213.42175149917603,-400000.0625,-8571.8603515625,-2959.919921875,-400000.0625,-13137.150390625,-400000.0625,4976.4599609375,-400000.0625
213.42711901664734,-400000.0625,-8587.650390625,-2977.659912109375,-400000.0625,-13155.990234375,-400000.0625,4953.3798828125,-400000.0625
213.43223762512207,-400000.0625,-8568.6201171875,-2961.489990234375,-400000.0625,-13134.099609375,-400000.0625,4972.1201171875,-400000.0625
213.4370892047882,-400000.0625,-8541.919921875,-2934.929931640625,-400000.0625,-13102.7197265625,-400000.0625,5002.06982421875,-400000.0625
213.43709659576416,-400000.0625,-8545.0703125,-2929.639892578125,-400000.0625,-13100.009765625,-400000.0625,4992.6298828125,-400000.0625
213.43710088729858,-400000.0625,-8566.6201171875,-2953.580078125,-400000.0625,-13133.48046875,-400000.0625,4972.509765625,-400000.0625
213.43710494041443,-400000.0625,-8585.7900390625,-2973.75,-400000.0625,-13156.9404296875,-400000.0625,4960.8701171875,-400000.0625
213.43710827827454,-400000.0625,-8567.2900390625,-2956.580078125,-400000.0625,-13130.51953125,-400000.0625,4978.89990234375,-400000.0625
213.4371120929718,-400000.0625,-8542.1103515625,-2928.68994140625,-400000.0625,-13101.6298828125,-400000.0625,5004.60009765625,-400000.0625
213.4371156692505,-400000.0625,-8539.6298828125,-2929.35009765625,-400000.0625,-13106.4404296875,-400000.0625,5005.169921875,-400000.0625
213.43711924552917,-400000.0625,-8559.66015625,-2954.10009765625,-400000.0625,-13139.1103515625,-400000.0625,4981.60986328125,-400000.0625
213.43712306022644,-400000.0625,-8588.3203125,-2975.56005859375,-400000.0625,-13159.7998046875,-400000.0625,4952.18994140625,-400000.0625
213.43712663650513,-400000.0625,-8566.0498046875,-2954.199951171875,-400000.0625,-13137.8701171875,-400000.0625,4972.31982421875,-400000.0625
213.4371302127838,-400000.0625,-8540.3896484375,-2931.39990234375,-400000.0625,-13106.8203125,-400000.0625,5000.97021484375,-400000.0625
213.4371337890625,-400000.0625,-8542.16015625,-2932.830078125,-400000.0625,-13107.0595703125,-400000.0625,5007.080078125,-400000.0625
213.4371373653412,-400000.0625,-8570.240234375,-2954.2900390625,-400000.0625,-13137.4404296875,-400000.0625,4977.990234375,-400000.0625
213.5403232574463,-400000.0625,-8589.7001953125,-2973.320068359375,-400000.0625,-13151.1201171875,-400000.0625,4955.240234375,-400000.0625
213.55168962478638,-400000.0625,-8565.4697265625,-2951.719970703125,-400000.0625,-13128.23046875,-400000.0625,4978.47021484375,-400000.0625
213.55712342262268,-400000.0625,-8540.150390625,-2924.25,-400000.0625,-13105.490234375,-400000.0625,5003.4501953125,-400000.0625
213.56198525428772,-400000.0625,-8534.0498046875,-2922.110107421875,-400000.0625,-13102.6298828125,-400000.0625,5001.2099609375,-400000.0625
213.56199288368225,-400000.0625,-8559.7998046875,-2949.050048828125,-400000.0625,-13122.7998046875,-400000.0625,4978.31982421875,-400000.0625
213.56199741363525,-400000.0625,-8582.9296875,-2969.31005859375,-400000.0625,-13148.4501953125,-400000.0625,4954.9599609375,-400000.0625
213.5620014667511,-400000.0625,-8566.669921875,-2951.0,-400000.0625,-13130.1396484375,-400000.0625,4976.990234375,-400000.0625
213.56200528144836,-400000.0625,-8535.8603515625,-2927.02001953125,-400000.0625,-13101.2900390625,-400000.0625,5001.1201171875,-400000.0625
213.56200885772705,-400000.0625,-8540.009765625,-2927.02001953125,-400000.0625,-13107.73046875,-400000.0625,4999.06982421875,-400000.0625
213.56201267242432,-400000.0625,-8563.0400390625,-2949.3798828125,-400000.0625,-13132.48046875,-400000.0625,4976.419921875,-400000.0625
213.562016248703,-400000.0625,-8587.8896484375,-2973.1298828125,-400000.0625,-13153.599609375,-400000.0625,4954.43017578125,-400000.0625
213.5620198249817,-400000.0625,-8565.3798828125,-2952.669921875,-400000.0625,-13132.3798828125,-400000.0625,4980.7998046875,-400000.0625
213.56202340126038,-400000.0625,-8535.669921875,-2925.35009765625,-400000.0625,-13102.4404296875,-400000.0625,5013.66015625,-400000.0625
213.56202721595764,-400000.0625,-8539.6298828125,-2928.590087890625,-400000.0625,-13106.5400390625,-400000.0625,5008.75,-400000.0625
213.56203079223633,-400000.0625,-8573.099609375,-2958.43994140625,-400000.0625,-13130.6201171875,-400000.0625,4977.75,-400000.0625
213.5620346069336,-400000.0625,-8592.650390625,-2978.179931640625,-400000.0625,-13158.75,-400000.0625,4954.52978515625,-400000.0625
213.56203818321228,-400000.0625,-8574.2001953125,-2957.77001953125,-400000.0625,-13141.9697265625,-400000.0625,4970.4599609375,-400000.0625
213.56204175949097,-400000.0625,-8545.8798828125,-2933.409912109375,-400000.0625,-13109.6396484375,-400000.0625,5000.02001953125,-400000.0625
213.56204509735107,-400000.0625,-8550.83984375,-2936.550048828125,-400000.0625,-13102.8701171875,-400000.0625,4997.43994140625,-400000.0625
213.56204867362976,-400000.0625,-8573.3896484375,-2961.300048828125,-400000.0625,-13141.349609375,-400000.0625,4973.89013671875,-400000.0625
213.56205224990845,-400000.0625,-8593.990234375,-2981.52001953125,-400000.0625,-13165.759765625,-400000.0625,4955.72021484375,-400000.0625
213.5620560646057,-400000.0625,-8567.1904296875,-2960.590087890625,-400000.0625,-13138.919921875,-400000.0625,4969.259765625,-400000.0625
213.56205940246582,-400000.0625,-8544.2099609375,-2935.7900390625,-400000.0625,-13107.6396484375,-400000.0625,4998.10986328125,-400000.0625
213.5620629787445,-400000.0625,-8541.73046875,-2935.739990234375,-400000.0625,-13104.8701171875,-400000.0625,5001.93017578125,-400000.0625
213.5620665550232,-400000.0625,-8570.150390625,-2958.679931640625,-400000.0625,-13134.2900390625,-400000.0625,4976.18017578125,-400000.0625
213.56207036972046,-400000.0625,-8588.509765625,-2977.090087890625,-400000.0625,-13156.6103515625,-400000.0625,4947.9501953125,-400000.0625
213.56207394599915,-400000.0625,-8567.330078125,-2955.010009765625,-400000.0625,-13129.8095703125,-400000.0625,4975.3701171875,-400000.0625
213.56207752227783,-400000.0625,-8542.400390625,-2932.830078125,-400000.0625,-13102.3896484375,-400000.0625,5007.02978515625,-400000.0625
213.56208109855652,-400000.0625,-8543.6796875,-2933.5,-400000.0625,-13111.7802734375,-400000.0625,4997.06005859375,-400000.0625
213.5620846748352,-400000.0625,-8569.5302734375,-2958.489990234375,-400000.0625,-13136.7197265625,-400000.0625,4968.7900390625,-400000.0625
213.5620882511139,-400000.0625,-8589.599609375,-2979.139892578125,-400000.0625,-13155.41015625,-400000.0625,4951.43017578125,-400000.0625
213.56209182739258,-400000.0625,-8576.1103515625,-2965.550048828125,-400000.0625,-13136.8203125,-400000.0625,4969.68994140625,-400000.0625
213.61035799980164,-400000.0625,-8547.740234375,-2939.27001953125,-400000.0625,-13110.830078125,-400000.0625,4996.72998046875,-400000.0625
213.61674070358276,-400000.0625,-8545.5,-2931.7900390625,-400000.0625,-13107.830078125,-400000.0625,4998.72998046875,-400000.0625
213.62195229530334,-400000.0625,-8566.4296875,-2954.860107421875,-400000.0625,-13131.3798828125,-400000.0625,4980.22998046875,-400000.0625
213.62692975997925,-400000.0625,-8592.650390625,-2979.659912109375,-400000.0625,-13161.2802734375,-400000.0625,4950.0,-400000.0625
213.62693858146667,-400000.0625,-8574.6796875,-2963.8798828125,-400000.0625,-13141.5400390625,-400000.0625,4966.5498046875,-400000.0625
213.62694311141968,-400000.0625,-8545.6904296875,-2936.080078125,-400000.0625,-13105.16015625,-400000.0625,4994.2998046875,-400000.0625
213.62694764137268,-400000.0625,-8543.73046875,-2937.75,-400000.0625,-13107.5400390625,-400000.0625,5000.16015625,-400000.0625
213.62695121765137,-400000.0625,-8570.8603515625,-2964.35009765625,-400000.0625,-13135.669921875,-400000.0625,4970.02978515625,-400000.0625
213.62695503234863,-400000.0625,-8594.5595703125,-2985.10009765625,-400000.0625,-13158.419921875,-400000.0625,4958.2998046875,-400000.0625
213.62695932388306,-400000.0625,-8573.580078125,-2970.1201171875,-400000.0625,-13139.2998046875,-400000.0625,4982.14013671875,-400000.0625
213.6319715976715,-400000.0625,-8548.9296875,-2945.52001953125,-400000.0625,-13102.8203125,-400000.0625,5008.41015625,-400000.0625
213.63684010505676,-400000.0625,-8556.1796875,-2947.139892578125,-400000.0625,-13107.73046875,-400000.0625,5004.5498046875,-400000.0625
213.63684749603271,-400000.0625,-8576.919921875,-2971.510009765625,-400000.0625,-13142.0595703125,-400000.0625,4978.7099609375,-400000.0625
213.63685083389282,-400000.0625,-8589.9404296875,-2986.18994140625,-400000.0625,-13157.990234375,-400000.0625,4962.97021484375,-400000.0625
213.6368544101715,-400000.0625,-8570.099609375,-2963.969970703125,-400000.0625,-13127.6103515625,-400000.0625,4980.330078125,-400000.0625
213.63685750961304,-400000.0625,-8541.2001953125,-2936.889892578125,-400000.0625,-13106.919921875,-400000.0625,5008.1298828125,-400000.0625
213.6746072769165,-400000.0625,-8540.580078125,-2938.219970703125,-400000.0625,-13111.9697265625,-400000.0625,5008.35986328125,-400000.0625
213.68467831611633,-400000.0625,-8571.0498046875,-2967.7900390625,-400000.0625,-13133.150390625,-400000.0625,4980.47021484375,-400000.0625
213.68954849243164,-400000.0625,-8600.5703125,-2991.9599609375,-400000.0625,-13157.4599609375,-400000.0625,4959.72998046875,-400000.0625
213.68955731391907,-400000.0625,-8580.16015625,-2976.27001953125,-400000.0625,-13139.5400390625,-400000.0625,4968.5,-400000.0625
213.68956184387207,-400000.0625,-8550.9296875,-2946.419921875,-400000.0625,-13113.0703125,-400000.0625,4998.77978515625,-400000.0625
213.6895661354065,-400000.0625,-8551.9296875,-2944.800048828125,-400000.0625,-13112.400390625,-400000.0625,5002.06982421875,-400000.0625
213.68956995010376,-400000.0625,-8575.2998046875,-2969.219970703125,-400000.0625,-13134.240234375,-400000.0625,4981.419921875,-400000.0625
213.68957376480103,-400000.0625,-8600.2802734375,-2991.8701171875,-400000.0625,-13151.26953125,-400000.0625,4951.85986328125,-400000.0625
213.68957781791687,-400000.0625,-8580.73046875,-2972.840087890625,-400000.0625,-13135.669921875,-400000.0625,4965.259765625,-400000.0625
213.68958163261414,-400000.0625,-8551.41015625,-2939.64990234375,-400000.0625,-13110.58984375,-400000.0625,5001.740234375,-400000.0625
213.6895854473114,-400000.0625,-8551.5498046875,-2942.659912109375,-400000.0625,-13112.58984375,-400000.0625,5002.06982421875,-400000.0625
213.6895890235901,-400000.0625,-8576.7802734375,-2971.030029296875,-400000.0625,-13133.8095703125,-400000.0625,4977.22998046875,-400000.0625
213.68959283828735,-400000.0625,-8601.1396484375,-2991.9599609375,-400000.0625,-13156.3701171875,-400000.0625,4953.18994140625,-400000.0625
213.68959641456604,-400000.0625,-8577.58984375,-2969.68994140625,-400000.0625,-13138.009765625,-400000.0625,4967.5,-400000.0625
213.6896002292633,-400000.0625,-8552.3603515625,-2940.93994140625,-400000.0625,-13105.0595703125,-400000.0625,5001.31005859375,-400000.0625
213.68960404396057,-400000.0625,-8555.1298828125,-2939.419921875,-400000.0625,-13099.240234375,-400000.0625,5002.93017578125,-400000.0625
213.73429679870605,-400000.0625,-8573.4404296875,-2964.780029296875,-400000.0625,-13133.6201171875,-400000.0625,4980.990234375,-400000.0625
213.7403404712677,-400000.0625,-8598.08984375,-2988.389892578125,-400000.0625,-13159.1298828125,-400000.0625,4957.68017578125,-400000.0625
213.74541640281677,-400000.0625,-8574.1103515625,-2964.02001953125,-400000.0625,-13133.1904296875,-400000.0625,4971.27001953125,-400000.0625
213.7506959438324,-400000.0625,-8548.169921875,-2940.93994140625,-400000.0625,-13111.7802734375,-400000.0625,4996.06005859375,-400000.0625
213.75556182861328,-400000.0625,-8552.1201171875,-2944.52001953125,-400000.0625,-13113.169921875,-400000.0625,4998.58984375,-400000.0625
213.75556993484497,-400000.0625,-8575.9599609375,-2962.679931640625,-400000.0625,-13135.9599609375,-400000.0625,4977.85009765625,-400000.0625
213.75557494163513,-400000.0625,-8600.1904296875,-2990.2900390625,-400000.0625,-13154.7900390625,-400000.0625,4957.14990234375,-400000.0625
213.7555797100067,-400000.0625,-8578.73046875,-2970.080078125,-400000.0625,-13134.150390625,-400000.0625,4971.97998046875,-400000.0625
213.75558376312256,-400000.0625,-8552.0302734375,-2944.52001953125,-400000.0625,-13115.98046875,-400000.0625,4996.68017578125,-400000.0625
213.75558757781982,-400000.0625,-8553.2197265625,-2942.090087890625,-400000.0625,-13112.169921875,-400000.0625,5000.02001953125,-400000.0625
213.7555913925171,-400000.0625,-8580.400390625,-2967.070068359375,-400000.0625,-13135.7197265625,-400000.0625,4977.419921875,-400000.0625
213.75559496879578,-400000.0625,-8608.3896484375,-2992.199951171875,-400000.0625,-13159.23046875,-400000.0625,4954.47998046875,-400000.0625
213.75560021400452,-400000.0625,-8586.3603515625,-2969.840087890625,-400000.0625,-13140.9697265625,-400000.0625,4973.83984375,-400000.0625
213.75560402870178,-400000.0625,-8560.849609375,-2949.10009765625,-400000.0625,-13114.01953125,-400000.0625,4987.0,-400000.0625
213.75560784339905,-400000.0625,-8554.3203125,-2944.800048828125,-400000.0625,-13110.7802734375,-400000.0625,4996.35009765625,-400000.0625
213.7556118965149,-400000.0625,-8578.4404296875,-2967.169921875,-400000.0625,-13132.3798828125,-400000.0625,4974.31982421875,-400000.0625
213.8142488002777,-400000.0625,-8600.4296875,-2988.719970703125,-400000.0625,-13164.1396484375,-400000.0625,4960.81982421875,-400000.0625
213.8248028755188,-400000.0625,-8586.0302734375,-2968.60009765625,-400000.0625,-13144.58984375,-400000.0625,4975.1298828125,-400000.0625
213.82954931259155,-400000.0625,-8558.6103515625,-2943.1298828125,-400000.0625,-13111.9296875,-400000.0625,4996.58984375,-400000.0625
213.82955741882324,-400000.0625,-8552.8896484375,-2934.840087890625,-400000.0625,-13111.6904296875,-400000.0625,4998.919921875,-400000.0625
213.82956194877625,-400000.0625,-8574.4404296875,-2957.199951171875,-400000.0625,-13139.5400390625,-400000.0625,4979.7998046875,-400000.0625
213.8295657634735,-400000.0625,-8595.0400390625,-2984.239990234375,-400000.0625,-13165.0498046875,-400000.0625,4959.35009765625,-400000.0625
213.82956981658936,-400000.0625,-8576.8701171875,-2964.739990234375,-400000.0625,-13146.349609375,-400000.0625,4977.419921875,-400000.0625
213.82957363128662,-400000.0625,-8548.3095703125,-2938.840087890625,-400000.0625,-13108.9697265625,-400000.0625,5003.31005859375,-400000.0625
213.82957768440247,-400000.0625,-8550.98046875,-2941.699951171875,-400000.0625,-13104.8701171875,-400000.0625,5000.8798828125,-400000.0625
213.82958126068115,-400000.0625,-8578.9697265625,-2965.68994140625,-400000.0625,-13138.009765625,-400000.0625,4977.0400390625,-400000.0625
213.82958483695984,-400000.0625,-8598.759765625,-2985.0,-400000.0625,-13158.66015625,-400000.0625,4957.72021484375,-400000.0625
213.8295886516571,-400000.0625,-8582.2099609375,-2970.080078125,-400000.0625,-13138.8203125,-400000.0625,4975.93994140625,-400000.0625
213.82959246635437,-400000.0625,-8551.259765625,-2940.27001953125,-400000.0625,-13108.73046875,-400000.0625,5005.35986328125,-400000.0625
213.82959604263306,-400000.0625,-8550.740234375,-2933.929931640625,-400000.0625,-13106.7802734375,-400000.0625,5003.93017578125,-400000.0625
213.82959961891174,-400000.0625,-8576.9697265625,-2962.070068359375,-400000.0625,-13137.25,-400000.0625,4980.66015625,-400000.0625
213.8296036720276,-400000.0625,-8593.1796875,-2980.139892578125,-400000.0625,-13160.1298828125,-400000.0625,4960.919921875,-400000.0625
213.8681664466858,-400000.0625,-8576.73046875,-2962.449951171875,-400000.0625,-13137.150390625,-400000.0625,4971.64990234375,-400000.0625
213.87467098236084,-400000.0625,-8549.3095703125,-2938.60009765625,-400000.0625,-13103.6298828125,-400000.0625,4999.72998046875,-400000.0625
213.87960076332092,-400000.0625,-8544.6396484375,-2930.1201171875,-400000.0625,-13099.8203125,-400000.0625,5001.97021484375,-400000.0625
213.87960934638977,-400000.0625,-8576.1103515625,-2958.6298828125,-400000.0625,-13135.8203125,-400000.0625,4982.330078125,-400000.0625
213.8796136379242,-400000.0625,-8596.5595703125,-2980.419921875,-400000.0625,-13158.6103515625,-400000.0625,4964.68994140625,-400000.0625
213.87961792945862,-400000.0625,-8576.349609375,-2962.300048828125,-400000.0625,-13136.3896484375,-400000.0625,4979.60986328125,-400000.0625
213.87962198257446,-400000.0625,-8556.7001953125,-2942.280029296875,-400000.0625,-13111.0703125,-400000.0625,5003.259765625,-400000.0625
213.87962579727173,-400000.0625,-8555.26953125,-2944.22998046875,-400000.0625,-13109.5400390625,-400000.0625,5007.27001953125,-400000.0625
213.87962985038757,-400000.0625,-8573.580078125,-2963.5,-400000.0625,-13133.8095703125,-400000.0625,4984.240234375,-400000.0625
213.87963366508484,-400000.0625,-8592.6103515625,-2982.239990234375,-400000.0625,-13156.080078125,-400000.0625,4960.72998046875,-400000.0625
213.87963724136353,-400000.0625,-8577.8203125,-2966.929931640625,-400000.0625,-13137.3896484375,-400000.0625,4976.18017578125,-400000.0625
213.8796410560608,-400000.0625,-8554.41015625,-2940.27001953125,-400000.0625,-13106.490234375,-400000.0625,4999.72998046875,-400000.0625
213.87964463233948,-400000.0625,-8553.3603515625,-2940.85009765625,-400000.0625,-13107.58984375,-400000.0625,5002.8798828125,-400000.0625
213.87964844703674,-400000.0625,-8578.830078125,-2967.929931640625,-400000.0625,-13134.1904296875,-400000.0625,4982.0,-400000.0625
213.879652261734,-400000.0625,-8596.4697265625,-2984.139892578125,-400000.0625,-13158.75,-400000.0625,4964.06982421875,-400000.0625
213.87965607643127,-400000.0625,-8579.16015625,-2966.1201171875,-400000.0625,-13137.009765625,-400000.0625,4983.08984375,-400000.0625
213.93034505844116,-400000.0625,-8557.4599609375,-2942.93994140625,-400000.0625,-13110.6904296875,-400000.0625,5003.830078125,-400000.0625
213.94000601768494,-400000.0625,-8554.75,-2943.85009765625,-400000.0625,-13111.9697265625,-400000.0625,5002.2099609375,-400000.0625
213.9445195198059,-400000.0625,-8582.16015625,-2973.409912109375,-400000.0625,-13141.6796875,-400000.0625,4979.7099609375,-400000.0625
213.9445252418518,-400000.0625,-8600.669921875,-2994.35009765625,-400000.0625,-13162.5703125,-400000.0625,4961.39990234375,-400000.0625
213.94452929496765,-400000.0625,-8586.4599609375,-2976.989990234375,-400000.0625,-13135.48046875,-400000.0625,4977.080078125,-400000.0625
213.94453263282776,-400000.0625,-8560.9404296875,-2948.429931640625,-400000.0625,-13108.349609375,-400000.0625,4996.10986328125,-400000.0625
213.94453597068787,-400000.0625,-8556.7001953125,-2946.3798828125,-400000.0625,-13113.3603515625,-400000.0625,5002.35986328125,-400000.0625
213.94453930854797,-400000.0625,-8582.0703125,-2971.1298828125,-400000.0625,-13141.6796875,-400000.0625,4972.4599609375,-400000.0625
213.94454264640808,-400000.0625,-8605.8603515625,-2990.06005859375,-400000.0625,-13164.7099609375,-400000.0625,4952.52978515625,-400000.0625
213.9445457458496,-400000.0625,-8586.169921875,-2973.409912109375,-400000.0625,-13146.01953125,-400000.0625,4972.83984375,-400000.0625
213.94454908370972,-400000.0625,-8564.7099609375,-2954.10009765625,-400000.0625,-13118.9404296875,-400000.0625,4999.830078125,-400000.0625
213.94455218315125,-400000.0625,-8559.4697265625,-2947.280029296875,-400000.0625,-13116.8896484375,-400000.0625,4996.72998046875,-400000.0625
213.94455552101135,-400000.0625,-8584.2099609375,-2970.169921875,-400000.0625,-13140.919921875,-400000.0625,4974.27001953125,-400000.0625
213.94455862045288,-400000.0625,-8603.8603515625,-2987.719970703125,-400000.0625,-13159.2802734375,-400000.0625,4953.43017578125,-400000.0625
213.9445617198944,-400000.0625,-8584.41015625,-2970.030029296875,-400000.0625,-13147.8798828125,-400000.0625,4974.080078125,-400000.0625
213.94456505775452,-400000.0625,-8564.759765625,-2947.3798828125,-400000.0625,-13122.3701171875,-400000.0625,5001.5498046875,-400000.0625
213.9969334602356,-400000.0625,-8560.7099609375,-2945.949951171875,-400000.0625,-13115.3095703125,-400000.0625,5006.83984375,-400000.0625
214.00226998329163,-400000.0625,-8587.080078125,-2971.27001953125,-400000.0625,-13147.7802734375,-400000.0625,4982.6201171875,-400000.0625
214.00709772109985,-400000.0625,-8603.1396484375,-2986.239990234375,-400000.0625,-13164.1396484375,-400000.0625,4954.77001953125,-400000.0625
214.00710558891296,-400000.0625,-8584.3095703125,-2966.639892578125,-400000.0625,-13144.919921875,-400000.0625,4975.7001953125,-400000.0625
214.00711011886597,-400000.0625,-8561.23046875,-2945.18994140625,-400000.0625,-13117.0302734375,-400000.0625,5001.5,-400000.0625
214.00711393356323,-400000.0625,-8554.8896484375,-2939.030029296875,-400000.0625,-13113.3603515625,-400000.0625,5006.5,-400000.0625
214.0071177482605,-400000.0625,-8581.73046875,-2963.919921875,-400000.0625,-13137.25,-400000.0625,4990.77001953125,-400000.0625
214.00712156295776,-400000.0625,-8602.5703125,-2984.949951171875,-400000.0625,-13159.1298828125,-400000.0625,4962.35009765625,-400000.0625
214.00712537765503,-400000.0625,-8587.26953125,-2971.739990234375,-400000.0625,-13145.7802734375,-400000.0625,4983.56982421875,-400000.0625
214.00712895393372,-400000.0625,-8565.3798828125,-2946.949951171875,-400000.0625,-13118.7001953125,-400000.0625,5008.31982421875,-400000.0625
214.00713300704956,-400000.0625,-8560.849609375,-2941.22998046875,-400000.0625,-13108.5400390625,-400000.0625,5010.080078125,-400000.0625
214.00713682174683,-400000.0625,-8585.98046875,-2966.550048828125,-400000.0625,-13131.8095703125,-400000.0625,4980.990234375,-400000.0625
214.0071403980255,-400000.0625,-8604.099609375,-2988.2900390625,-400000.0625,-13160.3701171875,-400000.0625,4958.6298828125,-400000.0625
214.00714421272278,-400000.0625,-8588.2197265625,-2969.27001953125,-400000.0625,-13144.919921875,-400000.0625,4982.66015625,-400000.0625
214.00714826583862,-400000.0625,-8560.7998046875,-2942.610107421875,-400000.0625,-13116.5498046875,-400000.0625,5005.5498046875,-400000.0625
214.0071520805359,-400000.0625,-8558.5595703125,-2940.179931640625,-400000.0625,-13111.400390625,-400000.0625,5008.75,-400000.0625
214.05790162086487,-400000.0625,-8583.98046875,-2962.919921875,-400000.0625,-13132.2900390625,-400000.0625,4980.7099609375,-400000.0625
214.06915402412415,-400000.0625,-8609.490234375,-2990.679931640625,-400000.0625,-13157.509765625,-400000.0625,4957.72021484375,-400000.0625
214.0741672515869,-400000.0625,-8594.2802734375,-2972.56005859375,-400000.0625,-13143.58984375,-400000.0625,4979.22998046875,-400000.0625
214.07878255844116,-400000.0625,-8567.0498046875,-2950.530029296875,-400000.0625,-13121.4599609375,-400000.0625,5000.68994140625,-400000.0625
214.07878875732422,-400000.0625,-8558.7998046875,-2937.60009765625,-400000.0625,-13110.400390625,-400000.0625,5004.83984375,-400000.0625
214.07879304885864,-400000.0625,-8585.98046875,-2961.830078125,-400000.0625,-13133.8603515625,-400000.0625,4979.66015625,-400000.0625
214.0787968635559,-400000.0625,-8607.33984375,-2983.89990234375,-400000.0625,-13155.0302734375,-400000.0625,4959.72998046875,-400000.0625
214.0788004398346,-400000.0625,-8587.1201171875,-2968.030029296875,-400000.0625,-13135.7197265625,-400000.0625,4982.89990234375,-400000.0625
214.07880401611328,-400000.0625,-8557.419921875,-2941.419921875,-400000.0625,-13103.5302734375,-400000.0625,5002.93017578125,-400000.0625
214.07880759239197,-400000.0625,-8558.1796875,-2940.179931640625,-400000.0625,-13099.5302734375,-400000.0625,5001.5,-400000.0625
214.07881116867065,-400000.0625,-8592.080078125,-2970.080078125,-400000.0625,-13141.400390625,-400000.0625,4977.990234375,-400000.0625
214.07881498336792,-400000.0625,-8611.8701171875,-2986.669921875,-400000.0625,-13165.1904296875,-400000.0625,4956.10009765625,-400000.0625
214.07881879806519,-400000.0625,-8592.1796875,-2971.1298828125,-400000.0625,-13141.6796875,-400000.0625,4974.60009765625,-400000.0625
214.07882237434387,-400000.0625,-8570.33984375,-2948.6201171875,-400000.0625,-13120.26953125,-400000.0625,4997.77978515625,-400000.0625
214.07882595062256,-400000.0625,-8566.240234375,-2946.090087890625,-400000.0625,-13115.2197265625,-400000.0625,5000.4501953125,-400000.0625
214.07882976531982,-400000.0625,-8592.5595703125,-2969.5,-400000.0625,-13137.3896484375,-400000.0625,4972.4599609375,-400000.0625
214.12215566635132,-400000.0625,-8611.5400390625,-2989.47998046875,-400000.0625,-13156.6103515625,-400000.0625,4955.43994140625,-400000.0625
214.12770056724548,-400000.0625,-8593.990234375,-2970.7900390625,-400000.0625,-13141.8203125,-400000.0625,4975.990234375,-400000.0625
214.13280630111694,-400000.0625,-8570.3896484375,-2949.2900390625,-400000.0625,-13117.8896484375,-400000.0625,4995.6298828125,-400000.0625
214.13764643669128,-400000.0625,-8566.2900390625,-2944.659912109375,-400000.0625,-13109.259765625,-400000.0625,4994.919921875,-400000.0625
214.13765597343445,-400000.0625,-8583.98046875,-2961.489990234375,-400000.0625,-13131.2900390625,-400000.0625,4979.27978515625,-400000.0625
214.1376600265503,-400000.0625,-8608.0595703125,-2988.2900390625,-400000.0625,-13160.2802734375,-400000.0625,4957.72021484375,-400000.0625
214.13766407966614,-400000.0625,-8596.9501953125,-2971.840087890625,-400000.0625,-13149.2197265625,-400000.0625,4976.85009765625,-400000.0625
214.13766813278198,-400000.0625,-8570.5302734375,-2948.7099609375,-400000.0625,-13120.6103515625,-400000.0625,4998.490234375,-400000.0625
214.13767170906067,-400000.0625,-8571.8203125,-2946.760009765625,-400000.0625,-13113.1201171875,-400000.0625,4996.10986328125,-400000.0625
214.1376757621765,-400000.0625,-8598.759765625,-2968.169921875,-400000.0625,-13138.0595703125,-400000.0625,4977.3701171875,-400000.0625
214.13767957687378,-400000.0625,-8617.16015625,-2990.10009765625,-400000.0625,-13164.66015625,-400000.0625,4954.33984375,-400000.0625
214.1376829147339,-400000.0625,-8595.1796875,-2970.31005859375,-400000.0625,-13149.599609375,-400000.0625,4966.93017578125,-400000.0625
214.13768672943115,-400000.0625,-8571.7197265625,-2948.89990234375,-400000.0625,-13116.2197265625,-400000.0625,4998.259765625,-400000.0625
214.13769030570984,-400000.0625,-8565.0498046875,-2947.18994140625,-400000.0625,-13109.4501953125,-400000.0625,5006.97998046875,-400000.0625
214.13769388198853,-400000.0625,-8595.3203125,-2971.739990234375,-400000.0625,-13144.830078125,-400000.0625,4978.1298828125,-400000.0625
214.1376974582672,-400000.0625,-8624.599609375,-2995.25,-400000.0625,-13170.7197265625,-400000.0625,4957.10009765625,-400000.0625
214.24672079086304,-400000.0625,-8599.8095703125,-2976.3701171875,-400000.0625,-13144.4501953125,-400000.0625,4967.1201171875,-400000.0625
214.25662875175476,-400000.0625,-8576.919921875,-2952.909912109375,-400000.0625,-13116.7001953125,-400000.0625,5004.41015625,-400000.0625
214.26132321357727,-400000.0625,-8570.7197265625,-2947.7099609375,-400000.0625,-13112.4501953125,-400000.0625,5009.3701171875,-400000.0625
214.26132988929749,-400000.0625,-8594.6103515625,-2974.4599609375,-400000.0625,-13135.6298828125,-400000.0625,4981.56982421875,-400000.0625
214.2613341808319,-400000.0625,-8609.4404296875,-2990.6298828125,-400000.0625,-13156.7001953125,-400000.0625,4954.2900390625,-400000.0625
214.26133823394775,-400000.0625,-8597.1396484375,-2978.280029296875,-400000.0625,-13144.2998046875,-400000.0625,4973.56005859375,-400000.0625
214.2613422870636,-400000.0625,-8570.8203125,-2953.429931640625,-400000.0625,-13115.0302734375,-400000.0625,5001.5498046875,-400000.0625
214.26134610176086,-400000.0625,-8563.419921875,-2947.860107421875,-400000.0625,-13109.490234375,-400000.0625,5001.5,-400000.0625
214.26134991645813,-400000.0625,-8593.3701171875,-2972.219970703125,-400000.0625,-13137.5302734375,-400000.0625,4977.22998046875,-400000.0625
214.2613537311554,-400000.0625,-8624.509765625,-2997.06005859375,-400000.0625,-13157.1298828125,-400000.0625,4956.9599609375,-400000.0625
214.26135754585266,-400000.0625,-8608.150390625,-2983.3798828125,-400000.0625,-13138.1103515625,-400000.0625,4971.93017578125,-400000.0625
214.2613627910614,-400000.0625,-8579.5400390625,-2956.719970703125,-400000.0625,-13115.650390625,-400000.0625,4996.490234375,-400000.0625
214.26136660575867,-400000.0625,-8578.2099609375,-2954.669921875,-400000.0625,-13109.259765625,-400000.0625,4998.8798828125,-400000.0625
214.26137018203735,-400000.0625,-8607.099609375,-2981.090087890625,-400000.0625,-13134.33984375,-400000.0625,4974.27001953125,-400000.0625
214.26137375831604,-400000.0625,-8625.3203125,-2999.260009765625,-400000.0625,-13161.1796875,-400000.0625,4953.2900390625,-400000.0625
214.26137733459473,-400000.0625,-8604.1904296875,-2977.93994140625,-400000.0625,-13145.01953125,-400000.0625,4976.27001953125,-400000.0625
214.2613809108734,-400000.0625,-8579.830078125,-2952.530029296875,-400000.0625,-13114.01953125,-400000.0625,5001.830078125,-400000.0625
214.26138472557068,-400000.0625,-8576.2001953125,-2948.570068359375,-400000.0625,-13111.16015625,-400000.0625,4999.10986328125,-400000.0625
214.26138830184937,-400000.0625,-8599.4697265625,-2972.27001953125,-400000.0625,-13139.580078125,-400000.0625,4972.740234375,-400000.0625
214.26139211654663,-400000.0625,-8622.080078125,-2993.969970703125,-400000.0625,-13160.849609375,-400000.0625,4952.47998046875,-400000.0625
214.26139616966248,-400000.0625,-8607.91015625,-2977.419921875,-400000.0625,-13140.16015625,-400000.0625,4964.5400390625,-400000.0625
214.26139974594116,-400000.0625,-8587.169921875,-2958.969970703125,-400000.0625,-13114.1201171875,-400000.0625,4993.9599609375,-400000.0625
214.26140356063843,-400000.0625,-8576.490234375,-2950.6201171875,-400000.0625,-13108.5400390625,-400000.0625,4996.919921875,-400000.0625
214.2614073753357,-400000.0625,-8599.900390625,-2973.179931640625,-400000.0625,-13132.33984375,-400000.0625,4977.47021484375,-400000.0625
214.26141142845154,-400000.0625,-8624.0302734375,-2996.06005859375,-400000.0625,-13162.08984375,-400000.0625,4955.580078125,-400000.0625
214.26141452789307,-400000.0625,-8601.0498046875,-2976.469970703125,-400000.0625,-13140.490234375,-400000.0625,4978.08984375,-400000.0625
214.26141834259033,-400000.0625,-8578.9697265625,-2951.669921875,-400000.0625,-13106.16015625,-400000.0625,4996.919921875,-400000.0625
214.26142191886902,-400000.0625,-8577.0595703125,-2949.18994140625,-400000.0625,-13103.4404296875,-400000.0625,5004.4501953125,-400000.0625
214.26142573356628,-400000.0625,-8593.26953125,-2964.070068359375,-400000.0625,-13135.33984375,-400000.0625,4984.330078125,-400000.0625
214.26142930984497,-400000.0625,-8617.259765625,-2988.429931640625,-400000.0625,-13164.4697265625,-400000.0625,4953.85986328125,-400000.0625
214.26143264770508,-400000.0625,-8602.099609375,-2970.699951171875,-400000.0625,-13135.3896484375,-400000.0625,4970.740234375,-400000.0625
214.26143646240234,-400000.0625,-8578.490234375,-2952.719970703125,-400000.0625,-13108.6796875,-400000.0625,4994.81982421875,-400000.0625
214.3139796257019,-400000.0625,-8573.76953125,-2949.239990234375,-400000.0625,-13105.919921875,-400000.0625,5002.8798828125,-400000.0625
214.31950187683105,-400000.0625,-8597.990234375,-2966.5,-400000.0625,-13126.1796875,-400000.0625,4976.18017578125,-400000.0625
214.3241868019104,-400000.0625,-8615.2099609375,-2986.050048828125,-400000.0625,-13146.01953125,-400000.0625,4957.81982421875,-400000.0625
214.32419538497925,-400000.0625,-8600.6201171875,-2970.1201171875,-400000.0625,-13130.6201171875,-400000.0625,4968.830078125,-400000.0625
214.32419967651367,-400000.0625,-8580.01953125,-2950.050048828125,-400000.0625,-13112.3095703125,-400000.0625,4993.77001953125,-400000.0625
214.32420349121094,-400000.0625,-8571.48046875,-2942.0400390625,-400000.0625,-13106.58984375,-400000.0625,5005.31005859375,-400000.0625
214.32420754432678,-400000.0625,-8594.3701171875,-2966.169921875,-400000.0625,-13124.0400390625,-400000.0625,4980.419921875,-400000.0625
214.32421135902405,-400000.0625,-8616.9296875,-2989.77001953125,-400000.0625,-13151.740234375,-400000.0625,4957.10009765625,-400000.0625
214.32421493530273,-400000.0625,-8605.76953125,-2980.570068359375,-400000.0625,-13142.5400390625,-400000.0625,4973.02978515625,-400000.0625
214.32421851158142,-400000.0625,-8587.599609375,-2959.5400390625,-400000.0625,-13112.3095703125,-400000.0625,4994.35009765625,-400000.0625
214.32422256469727,-400000.0625,-8581.9697265625,-2954.239990234375,-400000.0625,-13107.7802734375,-400000.0625,5001.02001953125,-400000.0625
214.32422637939453,-400000.0625,-8608.91015625,-2976.179931640625,-400000.0625,-13138.009765625,-400000.0625,4976.3701171875,-400000.0625
214.32423186302185,-400000.0625,-8633.66015625,-2999.639892578125,-400000.0625,-13160.2802734375,-400000.0625,4949.3798828125,-400000.0625
214.32423567771912,-400000.0625,-8624.0302734375,-2986.77001953125,-400000.0625,-13140.3896484375,-400000.0625,4966.2099609375,-400000.0625
214.32423901557922,-400000.0625,-8592.9404296875,-2959.35009765625,-400000.0625,-13114.2197265625,-400000.0625,4996.81982421875,-400000.0625
214.3242428302765,-400000.0625,-8577.1103515625,-2947.3798828125,-400000.0625,-13103.3896484375,-400000.0625,5001.35009765625,-400000.0625
214.38080072402954,-400000.0625,-8606.8603515625,-2977.85009765625,-400000.0625,-13130.4296875,-400000.0625,4983.85009765625,-400000.0625
214.39058685302734,-400000.0625,-8632.9501953125,-3003.260009765625,-400000.0625,-13159.7099609375,-400000.0625,4957.14990234375,-400000.0625
214.39523553848267,-400000.0625,-8620.259765625,-2985.429931640625,-400000.0625,-13140.6298828125,-400000.0625,4971.5,-400000.0625
214.39524292945862,-400000.0625,-8592.23046875,-2958.580078125,-400000.0625,-13112.1201171875,-400000.0625,4999.64013671875,-400000.0625
214.3952476978302,-400000.0625,-8580.5400390625,-2946.7099609375,-400000.0625,-13105.1103515625,-400000.0625,5004.8798828125,-400000.0625
214.3952522277832,-400000.0625,-8604.8095703125,-2976.419921875,-400000.0625,-13133.099609375,-400000.0625,4977.509765625,-400000.0625
214.39525651931763,-400000.0625,-8628.8896484375,-3002.5,-400000.0625,-13159.2802734375,-400000.0625,4963.06005859375,-400000.0625
214.3952615261078,-400000.0625,-8613.5400390625,-2982.89990234375,-400000.0625,-13137.2900390625,-400000.0625,4981.759765625,-400000.0625
214.3952658176422,-400000.0625,-8583.9296875,-2955.8701171875,-400000.0625,-13108.400390625,-400000.0625,5004.1201171875,-400000.0625
214.39526963233948,-400000.0625,-8573.8203125,-2944.090087890625,-400000.0625,-13102.8203125,-400000.0625,5010.93994140625,-400000.0625
214.39527368545532,-400000.0625,-8599.3798828125,-2969.64990234375,-400000.0625,-13130.759765625,-400000.0625,4982.47021484375,-400000.0625
214.3952775001526,-400000.0625,-8625.3203125,-2991.25,-400000.0625,-13152.169921875,-400000.0625,4965.5,-400000.0625
214.39528155326843,-400000.0625,-8606.9599609375,-2973.64990234375,-400000.0625,-13136.48046875,-400000.0625,4982.6201171875,-400000.0625
214.39528560638428,-400000.0625,-8585.5,-2951.669921875,-400000.0625,-13109.6396484375,-400000.0625,5010.1298828125,-400000.0625
214.39528942108154,-400000.0625,-8580.919921875,-2947.860107421875,-400000.0625,-13107.7802734375,-400000.0625,5019.330078125,-400000.0625
214.3952932357788,-400000.0625,-8602.0498046875,-2970.409912109375,-400000.0625,-13133.099609375,-400000.0625,4984.6201171875,-400000.0625
214.44276118278503,-400000.0625,-8626.080078125,-2993.72998046875,-400000.0625,-13155.080078125,-400000.0625,4963.919921875,-400000.0625
214.44821619987488,-400000.0625,-8610.4404296875,-2979.0400390625,-400000.0625,-13137.7197265625,-400000.0625,4983.85009765625,-400000.0625
214.45326471328735,-400000.0625,-8584.4501953125,-2953.77001953125,-400000.0625,-13115.0302734375,-400000.0625,5010.4599609375,-400000.0625
214.45786905288696,-400000.0625,-8577.2998046875,-2945.570068359375,-400000.0625,-13112.400390625,-400000.0625,5012.419921875,-400000.0625
214.45787620544434,-400000.0625,-8607.25,-2973.840087890625,-400000.0625,-13137.6796875,-400000.0625,4993.6298828125,-400000.0625
214.45788025856018,-400000.0625,-8636.51953125,-2999.35009765625,-400000.0625,-13155.7998046875,-400000.0625,4964.97021484375,-400000.0625
214.45788407325745,-400000.0625,-8616.6904296875,-2985.050048828125,-400000.0625,-13130.1904296875,-400000.0625,4982.6201171875,-400000.0625
214.4578878879547,-400000.0625,-8586.5,-2951.429931640625,-400000.0625,-13105.919921875,-400000.0625,5002.93017578125,-400000.0625
214.45789122581482,-400000.0625,-8584.6904296875,-2948.6201171875,-400000.0625,-13109.349609375,-400000.0625,5007.83984375,-400000.0625
214.4578948020935,-400000.0625,-8611.580078125,-2978.0400390625,-400000.0625,-13134.580078125,-400000.0625,4982.56982421875,-400000.0625
214.45789861679077,-400000.0625,-8638.669921875,-2999.830078125,-400000.0625,-13158.0400390625,-400000.0625,4957.25,-400000.0625
214.45790195465088,-400000.0625,-8625.8896484375,-2988.719970703125,-400000.0625,-13140.6298828125,-400000.0625,4977.75,-400000.0625
214.45790600776672,-400000.0625,-8599.0,-2964.5,-400000.0625,-13111.0703125,-400000.0625,5000.06982421875,-400000.0625
214.4579095840454,-400000.0625,-8598.900390625,-2961.25,-400000.0625,-13107.8701171875,-400000.0625,4997.8701171875,-400000.0625
214.45791292190552,-400000.0625,-8620.0703125,-2984.0,-400000.0625,-13136.48046875,-400000.0625,4981.330078125,-400000.0625
214.4579164981842,-400000.0625,-8642.669921875,-3006.60009765625,-400000.0625,-13162.23046875,-400000.0625,4959.72998046875,-400000.0625
214.50783014297485,-400000.0625,-8625.8896484375,-2988.47998046875,-400000.0625,-13145.1103515625,-400000.0625,4980.22998046875,-400000.0625
214.51690077781677,-400000.0625,-8600.51953125,-2966.449951171875,-400000.0625,-13124.75,-400000.0625,5000.35009765625,-400000.0625
214.52165389060974,-400000.0625,-8593.849609375,-2960.25,-400000.0625,-13117.509765625,-400000.0625,5003.97998046875,-400000.0625
214.52166318893433,-400000.0625,-8624.2197265625,-2986.669921875,-400000.0625,-13140.16015625,-400000.0625,4976.990234375,-400000.0625
214.5216681957245,-400000.0625,-8647.16015625,-3008.409912109375,-400000.0625,-13165.6201171875,-400000.0625,4949.759765625,-400000.0625
214.52167201042175,-400000.0625,-8627.8896484375,-2990.06005859375,-400000.0625,-13142.7802734375,-400000.0625,4970.06982421875,-400000.0625
214.52167558670044,-400000.0625,-8604.6201171875,-2967.260009765625,-400000.0625,-13115.0302734375,-400000.0625,4989.240234375,-400000.0625
214.5216794013977,-400000.0625,-8600.9501953125,-2960.679931640625,-400000.0625,-13110.9296875,-400000.0625,4995.919921875,-400000.0625
214.5216829776764,-400000.0625,-8621.41015625,-2979.610107421875,-400000.0625,-13133.6201171875,-400000.0625,4982.419921875,-400000.0625
214.52168655395508,-400000.0625,-8640.1904296875,-3003.409912109375,-400000.0625,-13159.0400390625,-400000.0625,4957.9599609375,-400000.0625
214.52169013023376,-400000.0625,-8622.3095703125,-2985.429931640625,-400000.0625,-13144.830078125,-400000.0625,4980.9501953125,-400000.0625
214.52169394493103,-400000.0625,-8598.51953125,-2963.35009765625,-400000.0625,-13116.7900390625,-400000.0625,4994.490234375,-400000.0625
214.52169752120972,-400000.0625,-8589.5498046875,-2956.919921875,-400000.0625,-13105.490234375,-400000.0625,5002.7900390625,-400000.0625
214.52170133590698,-400000.0625,-8614.58984375,-2977.0400390625,-400000.0625,-13130.1396484375,-400000.0625,4986.669921875,-400000.0625
214.52170491218567,-400000.0625,-8637.1904296875,-2998.780029296875,-400000.0625,-13152.7900390625,-400000.0625,4963.10986328125,-400000.0625
214.52170848846436,-400000.0625,-8619.9296875,-2979.85009765625,-400000.0625,-13133.76953125,-400000.0625,4978.85009765625,-400000.0625
214.61391496658325,-400000.0625,-8591.5595703125,-2952.340087890625,-400000.0625,-13108.4501953125,-400000.0625,5000.4501953125,-400000.0625
214.63677859306335,-400000.0625,-8598.419921875,-2953.6298828125,-400000.0625,-13096.5703125,-400000.0625,5008.56005859375,-400000.0625
214.69786715507507,-400000.0625,-8629.75,-2991.43994140625,-400000.0625,-13137.76953125,-400000.0625,4982.7099609375,-400000.0625
214.76414585113525,-400000.0625,-8641.0498046875,-3002.31005859375,-400000.0625,-13155.650390625,-400000.0625,4959.490234375,-400000.0625
214.83038568496704,-400000.0625,-8623.599609375,-2984.570068359375,-400000.0625,-13132.1396484375,-400000.0625,4988.43017578125,-400000.0625
214.98116755485535,-400000.0625,-8600.1904296875,-2953.050048828125,-400000.0625,-13092.7099609375,-400000.0625,5032.02001953125,-400000.0625
215.02939748764038,-400000.0625,-8630.9404296875,-2993.6298828125,-400000.0625,-13135.6298828125,-400000.0625,4992.6298828125,-400000.0625
215.02946734428406,-400000.0625,-8652.5,-3015.3798828125,-400000.0625,-13167.0,-400000.0625,4967.39990234375,-400000.0625
215.0294771194458,-400000.0625,-8636.0,-3001.39990234375,-400000.0625,-13150.650390625,-400000.0625,4983.7099609375,-400000.0625
215.02948141098022,-400000.0625,-8616.9697265625,-2978.75,-400000.0625,-13113.7900390625,-400000.0625,5003.64013671875,-400000.0625
215.0294852256775,-400000.0625,-8607.009765625,-2970.030029296875,-400000.0625,-13113.259765625,-400000.0625,5012.56005859375,-400000.0625
215.02948927879333,-400000.0625,-8633.4697265625,-2994.110107421875,-400000.0625,-13144.7802734375,-400000.0625,4988.18994140625,-400000.0625
215.08782696723938,-400000.0625,-8656.2197265625,-3019.81005859375,-400000.0625,-13164.8095703125,-400000.0625,4969.60009765625,-400000.0625
215.14150881767273,-400000.0625,-8579.919921875,-2948.7099609375,-400000.0625,-13104.919921875,-400000.0625,5009.64990234375,-400000.0625
215.2104206085205,-400000.0625,-8603.1904296875,-2959.389892578125,-400000.0625,-13108.5400390625,-400000.0625,5005.5498046875,-400000.0625
215.27190899848938,-400000.0625,-8595.2802734375,-2949.760009765625,-400000.0625,-13095.240234375,-400000.0625,5019.14013671875,-400000.0625
215.3568730354309,-400000.0625,-8604.6201171875,-2978.75,-400000.0625,-13123.66015625,-400000.0625,5020.669921875,-400000.0625
215.41383171081543,-400000.0625,-8634.900390625,-3003.219970703125,-400000.0625,-13142.8701171875,-400000.0625,4994.2998046875,-400000.0625
215.4965386390686,-400000.0625,-8626.990234375,-2988.820068359375,-400000.0625,-13141.8203125,-400000.0625,5005.5,-400000.0625
215.5254771709442,-400000.0625,-8617.58984375,-2979.0400390625,-400000.0625,-13121.1796875,-400000.0625,5017.52001953125,-400000.0625
215.5945737361908,-400000.0625,-8606.150390625,-2969.840087890625,-400000.0625,-13106.5400390625,-400000.0625,5031.16015625,-400000.0625
215.65932035446167,-400000.0625,-8609.580078125,-2973.75,-400000.0625,-13120.2197265625,-400000.0625,5022.81005859375,-400000.0625
215.7250394821167,-400000.0625,-8626.509765625,-2993.679931640625,-400000.0625,-13145.259765625,-400000.0625,4986.18994140625,-400000.0625
215.7821798324585,-400000.0625,-8619.98046875,-2981.85009765625,-400000.0625,-13140.6796875,-400000.0625,4991.9599609375,-400000.0625
215.86029481887817,-400000.0625,-8592.9404296875,-2950.949951171875,-400000.0625,-13101.5302734375,-400000.0625,5026.81982421875,-400000.0625
215.98104977607727,-400000.0625,-8610.5400390625,-2977.419921875,-400000.0625,-13123.75,-400000.0625,4993.490234375,-400000.0625
216.11554265022278,-400000.0625,-8636.48046875,-2991.679931640625,-400000.0625,-13142.349609375,-400000.0625,4971.31005859375,-400000.0625
216.1801450252533,-400000.0625,-8594.6103515625,-2950.139892578125,-400000.0625,-13093.330078125,-400000.0625,5000.93017578125,-400000.0625
216.2293357849121,-400000.0625,-8556.509765625,-2924.590087890625,-400000.0625,-13083.26953125,-400000.0625,5019.85986328125,-400000.0625
216.30723977088928,-400000.0625,-8588.650390625,-2962.679931640625,-400000.0625,-13119.2197265625,-400000.0625,4993.580078125,-400000.0625
216.35813212394714,-400000.0625,-8614.349609375,-2972.360107421875,-400000.0625,-13139.76953125,-400000.0625,4966.35009765625,-400000.0625
216.4575002193451,-400000.0625,-8598.1904296875,-2955.909912109375,-400000.0625,-13129.240234375,-400000.0625,4979.0400390625,-400000.0625
216.49729824066162,-400000.0625,-8585.259765625,-2944.419921875,-400000.0625,-13103.76953125,-400000.0625,5001.5498046875,-400000.0625
216.6840558052063,-400000.0625,-8604.3798828125,-2973.27001953125,-400000.0625,-13151.98046875,-400000.0625,4966.8798828125,-400000.0625
216.74762654304504,-400000.0625,-8601.9501953125,-2965.929931640625,-400000.0625,-13134.7197265625,-400000.0625,4971.97998046875,-400000.0625
216.8205075263977,-400000.0625,-8585.5,-2951.47998046875,-400000.0625,-13105.580078125,-400000.0625,4999.64013671875,-400000.0625
216.9354054927826,-400000.0625,-8590.7001953125,-2946.659912109375,-400000.0625,-13121.3701171875,-400000.0625,4986.56982421875,-400000.0625
217.0107319355011,-400000.0625,-8610.4404296875,-2965.550048828125,-400000.0625,-13134.240234375,-400000.0625,4958.009765625,-400000.0625
217.0694272518158,-400000.0625,-8616.9697265625,-2974.080078125,-400000.0625,-13131.4296875,-400000.0625,4956.2001953125,-400000.0625
217.1294596195221,-400000.0625,-8597.0400390625,-2954.909912109375,-400000.0625,-13111.0703125,-400000.0625,4977.419921875,-400000.0625
217.12955045700073,-400000.0625,-8588.5498046875,-2939.080078125,-400000.0625,-13084.990234375,-400000.0625,4995.39013671875,-400000.0625
217.12955808639526,-400000.0625,-8608.3896484375,-2966.260009765625,-400000.0625,-13111.5,-400000.0625,4977.56005859375,-400000.0625
217.12956357002258,-400000.0625,-8630.3701171875,-2984.909912109375,-400000.0625,-13141.490234375,-400000.0625,4949.14013671875,-400000.0625
217.12956929206848,-400000.0625,-8627.5595703125,-2978.800048828125,-400000.0625,-13135.009765625,-400000.0625,4953.2900390625,-400000.0625
217.12957429885864,-400000.0625,-8603.1904296875,-2956.6298828125,-400000.0625,-13107.919921875,-400000.0625,4977.419921875,-400000.0625
217.12957954406738,-400000.0625,-8581.2099609375,-2937.97998046875,-400000.0625,-13085.83984375,-400000.0625,4994.72998046875,-400000.0625
217.12958478927612,-400000.0625,-8604.8095703125,-2960.159912109375,-400000.0625,-13116.080078125,-400000.0625,4976.080078125,-400000.0625
217.12959003448486,-400000.0625,-8631.5595703125,-2986.050048828125,-400000.0625,-13145.5,-400000.0625,4948.0400390625,-400000.0625
217.12959480285645,-400000.0625,-8624.4599609375,-2977.7099609375,-400000.0625,-13128.8095703125,-400000.0625,4943.27978515625,-400000.0625
217.12960004806519,-400000.0625,-8604.0,-2956.530029296875,-400000.0625,-13109.01953125,-400000.0625,4967.39990234375,-400000.0625
217.12960529327393,-400000.0625,-8587.3095703125,-2940.179931640625,-400000.0625,-13083.5498046875,-400000.0625,4990.009765625,-400000.0625
217.12961077690125,-400000.0625,-8608.580078125,-2960.39990234375,-400000.0625,-13108.1103515625,-400000.0625,4969.169921875,-400000.0625
217.1296157836914,-400000.0625,-8625.4599609375,-2980.52001953125,-400000.0625,-13136.009765625,-400000.0625,4942.22998046875,-400000.0625
217.12962102890015,-400000.0625,-8624.0302734375,-2981.280029296875,-400000.0625,-13130.51953125,-400000.0625,4953.18994140625,-400000.0625
217.12962579727173,-400000.0625,-8601.0498046875,-2955.06005859375,-400000.0625,-13106.2998046875,-400000.0625,4978.66015625,-400000.0625
217.1958613395691,-400000.0625,-8581.2099609375,-2937.320068359375,-400000.0625,-13084.7001953125,-400000.0625,4998.16015625,-400000.0625
217.20626592636108,-400000.0625,-8605.76953125,-2959.389892578125,-400000.0625,-13103.2001953125,-400000.0625,4974.22021484375,-400000.0625
217.21086883544922,-400000.0625,-8628.8896484375,-2981.0400390625,-400000.0625,-13133.48046875,-400000.0625,4952.77001953125,-400000.0625
217.21087503433228,-400000.0625,-8628.3203125,-2983.280029296875,-400000.0625,-13128.23046875,-400000.0625,4955.39013671875,-400000.0625
217.2108793258667,-400000.0625,-8600.5703125,-2957.77001953125,-400000.0625,-13110.830078125,-400000.0625,4983.3798828125,-400000.0625
217.21088337898254,-400000.0625,-8573.33984375,-2931.60009765625,-400000.0625,-13086.650390625,-400000.0625,5000.5400390625,-400000.0625
217.2108871936798,-400000.0625,-8601.3798828125,-2958.6298828125,-400000.0625,-13106.16015625,-400000.0625,4980.52001953125,-400000.0625
217.21089100837708,-400000.0625,-8625.599609375,-2982.760009765625,-400000.0625,-13131.4296875,-400000.0625,4955.009765625,-400000.0625
217.21089482307434,-400000.0625,-8616.1103515625,-2977.179931640625,-400000.0625,-13118.9404296875,-400000.0625,4955.669921875,-400000.0625
217.21089839935303,-400000.0625,-8584.01953125,-2944.419921875,-400000.0625,-13092.5703125,-400000.0625,4979.27978515625,-400000.0625
217.21090245246887,-400000.0625,-8570.0498046875,-2929.8798828125,-400000.0625,-13077.58984375,-400000.0625,5006.4599609375,-400000.0625
217.21090602874756,-400000.0625,-8596.4697265625,-2957.06005859375,-400000.0625,-13103.76953125,-400000.0625,4984.759765625,-400000.0625
217.21090960502625,-400000.0625,-8620.0703125,-2976.179931640625,-400000.0625,-13128.4697265625,-400000.0625,4959.68017578125,-400000.0625
217.21091318130493,-400000.0625,-8611.2001953125,-2970.409912109375,-400000.0625,-13130.0,-400000.0625,4967.740234375,-400000.0625
217.21091651916504,-400000.0625,-8589.7900390625,-2949.860107421875,-400000.0625,-13102.150390625,-400000.0625,4978.1298828125,-400000.0625
217.2109203338623,-400000.0625,-8573.2001953125,-2934.889892578125,-400000.0625,-13077.6904296875,-400000.0625,5002.8798828125,-400000.0625
217.25568461418152,-400000.0625,-8587.650390625,-2955.340087890625,-400000.0625,-13102.2001953125,-400000.0625,4978.18017578125,-400000.0625
217.26101756095886,-400000.0625,-8613.400390625,-2977.469970703125,-400000.0625,-13132.2900390625,-400000.0625,4957.33984375,-400000.0625
217.26528358459473,-400000.0625,-8608.3896484375,-2968.64990234375,-400000.0625,-13126.1796875,-400000.0625,4964.830078125,-400000.0625
217.26529097557068,-400000.0625,-8587.2197265625,-2949.52001953125,-400000.0625,-13102.8203125,-400000.0625,4984.330078125,-400000.0625
217.26529502868652,-400000.0625,-8565.900390625,-2931.7900390625,-400000.0625,-13084.2197265625,-400000.0625,5004.7900390625,-400000.0625
217.2652988433838,-400000.0625,-8597.5703125,-2960.010009765625,-400000.0625,-13107.9697265625,-400000.0625,4979.990234375,-400000.0625
217.26530265808105,-400000.0625,-8627.75,-2988.47998046875,-400000.0625,-13131.099609375,-400000.0625,4949.18994140625,-400000.0625
217.2653067111969,-400000.0625,-8623.41015625,-2984.52001953125,-400000.0625,-13128.900390625,-400000.0625,4957.39013671875,-400000.0625
217.26531052589417,-400000.0625,-8597.66015625,-2954.909912109375,-400000.0625,-13107.919921875,-400000.0625,4979.27978515625,-400000.0625
217.26531434059143,-400000.0625,-8575.8701171875,-2932.5,-400000.0625,-13090.08984375,-400000.0625,5005.41015625,-400000.0625
217.26531791687012,-400000.0625,-8596.330078125,-2955.340087890625,-400000.0625,-13111.5498046875,-400000.0625,4983.9501953125,-400000.0625
217.26532173156738,-400000.0625,-8623.5498046875,-2980.330078125,-400000.0625,-13138.8203125,-400000.0625,4954.10009765625,-400000.0625
217.26532530784607,-400000.0625,-8621.259765625,-2978.989990234375,-400000.0625,-13135.5302734375,-400000.0625,4955.77001953125,-400000.0625
217.26532888412476,-400000.0625,-8599.5703125,-2959.6298828125,-400000.0625,-13110.4501953125,-400000.0625,4978.85009765625,-400000.0625
217.26533246040344,-400000.0625,-8575.490234375,-2935.739990234375,-400000.0625,-13084.2197265625,-400000.0625,4993.490234375,-400000.0625
217.26533603668213,-400000.0625,-8596.5595703125,-2958.010009765625,-400000.0625,-13102.25,-400000.0625,4970.5,-400000.0625
217.3253993988037,-400000.0625,-8621.5498046875,-2982.239990234375,-400000.0625,-13130.6201171875,-400000.0625,4945.52001953125,-400000.0625
217.33420944213867,-400000.0625,-8621.169921875,-2974.4599609375,-400000.0625,-13135.76953125,-400000.0625,4961.39990234375,-400000.0625
217.33813953399658,-400000.0625,-8597.330078125,-2956.199951171875,-400000.0625,-13113.3603515625,-400000.0625,4982.08984375,-400000.0625
217.33814644813538,-400000.0625,-8570.6201171875,-2932.360107421875,-400000.0625,-13092.1396484375,-400000.0625,4998.35009765625,-400000.0625
217.3381507396698,-400000.0625,-8595.900390625,-2957.919921875,-400000.0625,-13114.740234375,-400000.0625,4978.08984375,-400000.0625
217.33815455436707,-400000.0625,-8624.83984375,-2984.239990234375,-400000.0625,-13133.8095703125,-400000.0625,4952.9599609375,-400000.0625
217.33815813064575,-400000.0625,-8619.169921875,-2978.090087890625,-400000.0625,-13132.48046875,-400000.0625,4951.240234375,-400000.0625
217.33816170692444,-400000.0625,-8611.2998046875,-2960.43994140625,-400000.0625,-13108.349609375,-400000.0625,4977.509765625,-400000.0625
217.33816504478455,-400000.0625,-8592.23046875,-2939.699951171875,-400000.0625,-13086.509765625,-400000.0625,4999.259765625,-400000.0625
217.3381688594818,-400000.0625,-8611.3896484375,-2959.199951171875,-400000.0625,-13110.58984375,-400000.0625,4977.1298828125,-400000.0625
217.33817267417908,-400000.0625,-8636.8095703125,-2976.85009765625,-400000.0625,-13131.1904296875,-400000.0625,4957.72021484375,-400000.0625
217.33817625045776,-400000.0625,-8641.2001953125,-2963.39990234375,-400000.0625,-13130.8095703125,-400000.0625,4972.35986328125,-400000.0625
217.33817982673645,-400000.0625,-8637.4296875,-2927.39990234375,-400000.0625,-13106.5400390625,-400000.0625,5001.5498046875,-400000.0625
217.33818316459656,-400000.0625,-8626.9404296875,-2903.889892578125,-400000.0625,-13084.080078125,-400000.0625,5019.3798828125,-400000.0625
217.33818674087524,-400000.0625,-8642.150390625,-2945.610107421875,-400000.0625,-13103.73046875,-400000.0625,4988.52978515625,-400000.0625
217.33819031715393,-400000.0625,-8654.400390625,-2995.489990234375,-400000.0625,-13129.8095703125,-400000.0625,4938.75,-400000.0625
217.38912916183472,-400000.0625,-8689.400390625,-2969.27001953125,-400000.0625,-13114.1201171875,-400000.0625,4963.77978515625,-400000.0625
217.3937795162201,-400000.0625,-8650.259765625,-2960.780029296875,-400000.0625,-13082.3603515625,-400000.0625,4982.18994140625,-400000.0625
217.3937861919403,-400000.0625,-8635.3798828125,-2961.25,-400000.0625,-13060.2900390625,-400000.0625,4976.419921875,-400000.0625
217.39379024505615,-400000.0625,-8681.9697265625,-2985.10009765625,-400000.0625,-13085.8896484375,-400000.0625,4963.2998046875,-400000.0625
217.39379382133484,-400000.0625,-8728.169921875,-3020.949951171875,-400000.0625,-13099.8603515625,-400000.0625,4934.60009765625,-400000.0625
217.39380526542664,-400000.0625,-8745.150390625,-3024.6298828125,-400000.0625,-13074.349609375,-400000.0625,4928.58984375,-400000.0625
217.39380860328674,-400000.0625,-8758.5,-3013.179931640625,-400000.0625,-13037.25,-400000.0625,4940.18017578125,-400000.0625
217.39381217956543,-400000.0625,-8772.0400390625,-3012.090087890625,-400000.0625,-13010.7900390625,-400000.0625,4949.27978515625,-400000.0625
217.39381575584412,-400000.0625,-8816.2001953125,-3045.610107421875,-400000.0625,-13020.51953125,-400000.0625,4917.10009765625,-400000.0625
217.39381957054138,-400000.0625,-8858.6298828125,-3074.97998046875,-400000.0625,-13038.73046875,-400000.0625,4890.35009765625,-400000.0625
217.3938229084015,-400000.0625,-8873.990234375,-3075.219970703125,-400000.0625,-13036.2001953125,-400000.0625,4895.16015625,-400000.0625
217.39382648468018,-400000.0625,-8861.73046875,-3050.280029296875,-400000.0625,-13013.3203125,-400000.0625,4917.52978515625,-400000.0625
217.39383006095886,-400000.0625,-8845.8095703125,-3030.489990234375,-400000.0625,-12994.150390625,-400000.0625,4937.5498046875,-400000.0625
217.39383363723755,-400000.0625,-8864.5,-3053.760009765625,-400000.0625,-13023.4296875,-400000.0625,4917.52978515625,-400000.0625
217.39383721351624,-400000.0625,-8881.5703125,-3074.260009765625,-400000.0625,-13054.419921875,-400000.0625,4892.64013671875,-400000.0625
217.39384055137634,-400000.0625,-8862.0703125,-3058.669921875,-400000.0625,-13041.4501953125,-400000.0625,4900.7900390625,-400000.0625
217.46544861793518,-400000.0625,-8825.830078125,-3033.639892578125,-400000.0625,-13021.66015625,-400000.0625,4921.52978515625,-400000.0625
217.47449111938477,-400000.0625,-8790.4501953125,-3011.3701171875,-400000.0625,-13011.26953125,-400000.0625,4940.7998046875,-400000.0625
217.47844886779785,-400000.0625,-8799.26953125,-3026.580078125,-400000.0625,-13038.9697265625,-400000.0625,4926.77978515625,-400000.0625
217.47845578193665,-400000.0625,-8813.5302734375,-3048.3701171875,-400000.0625,-13074.6904296875,-400000.0625,4908.0400390625,-400000.0625
217.4784598350525,-400000.0625,-8793.6904296875,-3041.1201171875,-400000.0625,-13074.830078125,-400000.0625,4911.56982421875,-400000.0625
217.47846341133118,-400000.0625,-8752.3896484375,-3014.3701171875,-400000.0625,-13055.7099609375,-400000.0625,4938.7900390625,-400000.0625
217.47846722602844,-400000.0625,-8722.9697265625,-2993.77001953125,-400000.0625,-13042.58984375,-400000.0625,4963.10986328125,-400000.0625
217.47847270965576,-400000.0625,-8736.51953125,-3012.1298828125,-400000.0625,-13065.2900390625,-400000.0625,4932.8798828125,-400000.0625
217.4784767627716,-400000.0625,-8752.16015625,-3034.8798828125,-400000.0625,-13092.5703125,-400000.0625,4915.14013671875,-400000.0625
217.47848081588745,-400000.0625,-8733.849609375,-3025.47998046875,-400000.0625,-13084.8896484375,-400000.0625,4923.490234375,-400000.0625
217.4784848690033,-400000.0625,-8703.8095703125,-3001.070068359375,-400000.0625,-13069.9697265625,-400000.0625,4947.56982421875,-400000.0625
217.47848963737488,-400000.0625,-8678.2001953125,-2979.949951171875,-400000.0625,-13058.6201171875,-400000.0625,4964.64013671875,-400000.0625
217.47849369049072,-400000.0625,-8692.2197265625,-3000.68994140625,-400000.0625,-13081.2197265625,-400000.0625,4950.7099609375,-400000.0625
217.478497505188,-400000.0625,-8711.009765625,-3017.760009765625,-400000.0625,-13114.2197265625,-400000.0625,4929.5400390625,-400000.0625
217.47850108146667,-400000.0625,-8701.75,-3012.0400390625,-400000.0625,-13114.98046875,-400000.0625,4936.5,-400000.0625
217.47850489616394,-400000.0625,-8667.0400390625,-2982.89990234375,-400000.0625,-13090.9501953125,-400000.0625,4962.16015625,-400000.0625
217.5514998435974,-400000.0625,-8648.4404296875,-2969.840087890625,-400000.0625,-13065.150390625,-400000.0625,4980.08984375,-400000.0625
217.55843210220337,-400000.0625,-8664.7998046875,-2988.2900390625,-400000.0625,-13088.419921875,-400000.0625,4953.10009765625,-400000.0625
217.56270718574524,-400000.0625,-8679.2001953125,-3009.800048828125,-400000.0625,-13118.3203125,-400000.0625,4930.2099609375,-400000.0625
217.56271529197693,-400000.0625,-8672.5703125,-3004.739990234375,-400000.0625,-13120.75,-400000.0625,4941.18017578125,-400000.0625
217.5627202987671,-400000.0625,-8647.58984375,-2977.800048828125,-400000.0625,-13096.0498046875,-400000.0625,4964.02001953125,-400000.0625
217.56272411346436,-400000.0625,-8620.8798828125,-2951.9599609375,-400000.0625,-13076.5,-400000.0625,4988.240234375,-400000.0625
217.5627281665802,-400000.0625,-8637.48046875,-2973.3701171875,-400000.0625,-13104.1103515625,-400000.0625,4965.5,-400000.0625
217.56273221969604,-400000.0625,-8661.080078125,-2997.679931640625,-400000.0625,-13127.759765625,-400000.0625,4944.08984375,-400000.0625
217.5627360343933,-400000.0625,-8659.83984375,-2997.02001953125,-400000.0625,-13128.7099609375,-400000.0625,4952.33984375,-400000.0625
217.562739610672,-400000.0625,-8630.3203125,-2970.31005859375,-400000.0625,-13100.099609375,-400000.0625,4972.169921875,-400000.0625
217.56274342536926,-400000.0625,-8604.33984375,-2949.10009765625,-400000.0625,-13074.9697265625,-400000.0625,4991.91015625,-400000.0625
217.5627474784851,-400000.0625,-8622.0302734375,-2970.64990234375,-400000.0625,-13106.2001953125,-400000.0625,4971.080078125,-400000.0625
217.56275153160095,-400000.0625,-8650.830078125,-2999.070068359375,-400000.0625,-13137.490234375,-400000.0625,4944.60986328125,-400000.0625
217.56275534629822,-400000.0625,-8651.73046875,-2996.06005859375,-400000.0625,-13132.0498046875,-400000.0625,4950.7099609375,-400000.0625
217.56275939941406,-400000.0625,-8628.26953125,-2971.7900390625,-400000.0625,-13103.76953125,-400000.0625,4977.509765625,-400000.0625
217.56276321411133,-400000.0625,-8606.76953125,-2949.760009765625,-400000.0625,-13081.599609375,-400000.0625,5000.5,-400000.0625
217.5801122188568,-400000.0625,-8628.3701171875,-2963.639892578125,-400000.0625,-13106.400390625,-400000.0625,4975.18017578125,-400000.0625
217.65557670593262,-400000.0625,-8647.5400390625,-2993.389892578125,-400000.0625,-13127.66015625,-400000.0625,4948.0400390625,-400000.0625
217.71393704414368,-400000.0625,-8640.76953125,-2983.52001953125,-400000.0625,-13125.23046875,-400000.0625,4951.3798828125,-400000.0625
217.76663994789124,-400000.0625,-8613.830078125,-2955.43994140625,-400000.0625,-13094.08984375,-400000.0625,4977.27001953125,-400000.0625
217.8330717086792,-400000.0625,-8598.6103515625,-2946.18994140625,-400000.0625,-13078.830078125,-400000.0625,4997.72998046875,-400000.0625
217.9606876373291,-400000.0625,-8641.5302734375,-2982.280029296875,-400000.0625,-13121.9404296875,-400000.0625,4944.0400390625,-400000.0625
218.05939388275146,-400000.0625,-8636.7099609375,-2978.7099609375,-400000.0625,-13113.830078125,-400000.0625,4947.419921875,-400000.0625
218.0976905822754,-400000.0625,-8625.83984375,-2970.739990234375,-400000.0625,-13104.009765625,-400000.0625,4969.7900390625,-400000.0625
218.14923000335693,-400000.0625,-8600.1904296875,-2942.280029296875,-400000.0625,-13076.400390625,-400000.0625,4994.919921875,-400000.0625
218.21594715118408,-400000.0625,-8607.33984375,-2957.199951171875,-400000.0625,-13094.08984375,-400000.0625,4974.89013671875,-400000.0625
218.2966661453247,-400000.0625,-8633.849609375,-2975.1298828125,-400000.0625,-13126.1796875,-400000.0625,4949.47021484375,-400000.0625
218.36328840255737,-400000.0625,-8615.490234375,-2977.090087890625,-400000.0625,-13127.51953125,-400000.0625,4967.830078125,-400000.0625
218.4118447303772,-400000.0625,-8592.23046875,-2955.8701171875,-400000.0625,-13101.580078125,-400000.0625,4993.009765625,-400000.0625
218.53558993339539,-400000.0625,-8595.3701171875,-2948.860107421875,-400000.0625,-13091.1796875,-400000.0625,4990.9599609375,-400000.0625
218.6470491886139,-400000.0625,-8619.3603515625,-2966.360107421875,-400000.0625,-13122.7998046875,-400000.0625,4976.18017578125,-400000.0625
218.68415188789368,-400000.0625,-8623.8896484375,-2975.800048828125,-400000.0625,-13122.75,-400000.0625,4973.509765625,-400000.0625
218.7979793548584,-400000.0625,-8578.400390625,-2936.60009765625,-400000.0625,-13078.5,-400000.0625,5018.08984375,-400000.0625
218.86374926567078,-400000.0625,-8600.330078125,-2960.25,-400000.0625,-13098.2900390625,-400000.0625,4995.6298828125,-400000.0625
219.0301730632782,-400000.0625,-8606.9599609375,-2955.25,-400000.0625,-13095.08984375,-400000.0625,4986.2900390625,-400000.0625
219.04732036590576,-400000.0625,-8624.5498046875,-2970.409912109375,-400000.0625,-13100.9599609375,-400000.0625,4986.43017578125,-400000.0625
219.13426208496094,-400000.0625,-8597.849609375,-2942.0400390625,-400000.0625,-13080.4599609375,-400000.0625,5006.22021484375,-400000.0625
219.17275047302246,-400000.0625,-8640.0498046875,-2987.10009765625,-400000.0625,-13123.0400390625,-400000.0625,4963.2998046875,-400000.0625
219.24439525604248,-400000.0625,-8634.08984375,-2975.419921875,-400000.0625,-13110.6396484375,-400000.0625,4965.64013671875,-400000.0625
219.38720321655273,-400000.0625,-8625.1298828125,-2966.449951171875,-400000.0625,-13089.990234375,-400000.0625,4978.89990234375,-400000.0625
219.44666576385498,-400000.0625,-8590.990234375,-2938.409912109375,-400000.0625,-13067.6796875,-400000.0625,5017.47021484375,-400000.0625
219.5640172958374,-400000.0625,-8627.509765625,-2965.639892578125,-400000.0625,-13110.1103515625,-400000.0625,4975.60986328125,-400000.0625
219.6218273639679,-400000.0625,-8630.7998046875,-2981.949951171875,-400000.0625,-13127.3798828125,-400000.0625,4969.8798828125,-400000.0625
219.62657046318054,-400000.0625,-8609.33984375,-2963.300048828125,-400000.0625,-13097.2900390625,-400000.0625,4988.77001953125,-400000.0625
219.62657761573792,-400000.0625,-8588.650390625,-2936.030029296875,-400000.0625,-13063.0498046875,-400000.0625,5016.60986328125,-400000.0625
219.62658214569092,-400000.0625,-8606.6298828125,-2956.820068359375,-400000.0625,-13085.8896484375,-400000.0625,5001.97021484375,-400000.0625
219.62658643722534,-400000.0625,-8627.5595703125,-2977.22998046875,-400000.0625,-13112.740234375,-400000.0625,4968.169921875,-400000.0625
219.62659072875977,-400000.0625,-8629.7001953125,-2980.280029296875,-400000.0625,-13110.830078125,-400000.0625,4962.68017578125,-400000.0625
219.62659430503845,-400000.0625,-8603.33984375,-2954.340087890625,-400000.0625,-13089.4697265625,-400000.0625,4993.39013671875,-400000.0625
219.62659788131714,-400000.0625,-8585.01953125,-2937.320068359375,-400000.0625,-13073.9697265625,-400000.0625,5012.85009765625,-400000.0625
219.62660145759583,-400000.0625,-8602.91015625,-2953.239990234375,-400000.0625,-13091.7099609375,-400000.0625,4993.919921875,-400000.0625
219.6266050338745,-400000.0625,-8622.7001953125,-2978.419921875,-400000.0625,-13113.9296875,-400000.0625,4971.41015625,-400000.0625
219.62660884857178,-400000.0625,-8629.0400390625,-2983.330078125,-400000.0625,-13120.75,-400000.0625,4967.830078125,-400000.0625
219.62661290168762,-400000.0625,-8611.8701171875,-2958.820068359375,-400000.0625,-13092.5703125,-400000.0625,4987.0498046875,-400000.0625
219.6266164779663,-400000.0625,-8589.4599609375,-2938.800048828125,-400000.0625,-13070.349609375,-400000.0625,5010.93994140625,-400000.0625
219.62662076950073,-400000.0625,-8601.48046875,-2950.949951171875,-400000.0625,-13090.08984375,-400000.0625,4992.14990234375,-400000.0625
219.626624584198,-400000.0625,-8626.3203125,-2975.800048828125,-400000.0625,-13114.98046875,-400000.0625,4972.740234375,-400000.0625
219.62662816047668,-400000.0625,-8638.7197265625,-2990.06005859375,-400000.0625,-13119.4599609375,-400000.0625,4968.4501953125,-400000.0625
219.69343543052673,-400000.0625,-8611.25,-2964.5400390625,-400000.0625,-13092.330078125,-400000.0625,4988.85986328125,-400000.0625
219.70453071594238,-400000.0625,-8590.0302734375,-2944.800048828125,-400000.0625,-13073.1103515625,-400000.0625,5009.3701171875,-400000.0625
219.70869517326355,-400000.0625,-8610.580078125,-2960.72998046875,-400000.0625,-13094.900390625,-400000.0625,4996.490234375,-400000.0625
219.70870351791382,-400000.0625,-8630.900390625,-2980.760009765625,-400000.0625,-13116.169921875,-400000.0625,4962.02001953125,-400000.0625
219.70870757102966,-400000.0625,-8631.3701171875,-2982.81005859375,-400000.0625,-13123.7001953125,-400000.0625,4960.919921875,-400000.0625
219.7087116241455,-400000.0625,-8613.7802734375,-2967.260009765625,-400000.0625,-13096.8095703125,-400000.0625,4989.81982421875,-400000.0625
219.70871567726135,-400000.0625,-8588.650390625,-2939.179931640625,-400000.0625,-13069.009765625,-400000.0625,5012.27001953125,-400000.0625
219.70871949195862,-400000.0625,-8604.0,-2951.669921875,-400000.0625,-13084.8896484375,-400000.0625,4988.33984375,-400000.0625
219.7087230682373,-400000.0625,-8629.75,-2977.090087890625,-400000.0625,-13117.5498046875,-400000.0625,4974.7001953125,-400000.0625
219.70872688293457,-400000.0625,-8635.330078125,-2984.090087890625,-400000.0625,-13119.8896484375,-400000.0625,4973.080078125,-400000.0625
219.70873069763184,-400000.0625,-8608.91015625,-2958.159912109375,-400000.0625,-13084.990234375,-400000.0625,4988.72021484375,-400000.0625
219.70873427391052,-400000.0625,-8587.7001953125,-2934.27001953125,-400000.0625,-13070.580078125,-400000.0625,5011.3701171875,-400000.0625
219.7087380886078,-400000.0625,-8607.150390625,-2952.429931640625,-400000.0625,-13089.900390625,-400000.0625,4995.72998046875,-400000.0625
219.70874190330505,-400000.0625,-8632.51953125,-2975.85009765625,-400000.0625,-13112.6396484375,-400000.0625,4969.64990234375,-400000.0625
219.70874547958374,-400000.0625,-8636.48046875,-2978.89990234375,-400000.0625,-13116.7900390625,-400000.0625,4964.2998046875,-400000.0625
219.708749294281,-400000.0625,-8608.7197265625,-2956.679931640625,-400000.0625,-13092.4697265625,-400000.0625,4986.0,-400000.0625
219.76766681671143,-400000.0625,-8587.41015625,-2935.739990234375,-400000.0625,-13065.8603515625,-400000.0625,5013.27978515625,-400000.0625
219.77566051483154,-400000.0625,-8604.580078125,-2949.2900390625,-400000.0625,-13080.83984375,-400000.0625,4996.009765625,-400000.0625
219.7806739807129,-400000.0625,-8631.66015625,-2973.320068359375,-400000.0625,-13107.6396484375,-400000.0625,4973.1298828125,-400000.0625
219.7850432395935,-400000.0625,-8634.8095703125,-2977.7099609375,-400000.0625,-13108.919921875,-400000.0625,4965.68994140625,-400000.0625
219.78505158424377,-400000.0625,-8612.2998046875,-2955.06005859375,-400000.0625,-13087.4599609375,-400000.0625,4993.10986328125,-400000.0625
219.7850558757782,-400000.0625,-8586.7900390625,-2933.929931640625,-400000.0625,-13063.669921875,-400000.0625,5019.0498046875,-400000.0625
219.78505992889404,-400000.0625,-8601.7099609375,-2945.3798828125,-400000.0625,-13083.75,-400000.0625,4997.77978515625,-400000.0625
219.7850637435913,-400000.0625,-8624.1298828125,-2966.070068359375,-400000.0625,-13109.01953125,-400000.0625,4972.31982421875,-400000.0625
219.78506731987,-400000.0625,-8634.8095703125,-2973.179931640625,-400000.0625,-13107.4404296875,-400000.0625,4968.60009765625,-400000.0625
219.78507089614868,-400000.0625,-8611.349609375,-2954.9599609375,-400000.0625,-13085.5595703125,-400000.0625,4997.2998046875,-400000.0625
219.78507447242737,-400000.0625,-8584.7900390625,-2926.830078125,-400000.0625,-13050.83984375,-400000.0625,5021.0,-400000.0625
219.78507804870605,-400000.0625,-8606.6298828125,-2947.89990234375,-400000.0625,-13074.490234375,-400000.0625,4996.81982421875,-400000.0625
219.78508186340332,-400000.0625,-8628.990234375,-2969.550048828125,-400000.0625,-13104.009765625,-400000.0625,4969.4501953125,-400000.0625
219.78508639335632,-400000.0625,-8632.4697265625,-2975.85009765625,-400000.0625,-13110.1103515625,-400000.0625,4970.64990234375,-400000.0625
219.7850902080536,-400000.0625,-8609.33984375,-2956.25,-400000.0625,-13082.080078125,-400000.0625,4997.919921875,-400000.0625
219.78509378433228,-400000.0625,-8583.259765625,-2929.070068359375,-400000.0625,-13054.7998046875,-400000.0625,5019.43017578125,-400000.0625
219.82162475585938,-400000.0625,-8602.9501953125,-2951.6201171875,-400000.0625,-13080.98046875,-400000.0625,4998.72998046875,-400000.0625
219.8328251838684,-400000.0625,-8633.9501953125,-2977.89990234375,-400000.0625,-13108.58984375,-400000.0625,4975.509765625,-400000.0625
219.83722853660583,-400000.0625,-8638.669921875,-2968.7900390625,-400000.0625,-13103.8203125,-400000.0625,4964.8798828125,-400000.0625
219.8372359275818,-400000.0625,-8627.4599609375,-2958.25,-400000.0625,-13075.4501953125,-400000.0625,4991.47998046875,-400000.0625
219.83723998069763,-400000.0625,-8599.08984375,-2931.39990234375,-400000.0625,-13048.599609375,-400000.0625,5009.4599609375,-400000.0625
219.8372437953949,-400000.0625,-8624.83984375,-2944.22998046875,-400000.0625,-13073.2099609375,-400000.0625,4996.72998046875,-400000.0625
219.83724737167358,-400000.0625,-8690.740234375,-2972.080078125,-400000.0625,-13087.990234375,-400000.0625,4990.10009765625,-400000.0625
219.83725142478943,-400000.0625,-8703.7099609375,-2966.02001953125,-400000.0625,-13085.7001953125,-400000.0625,4983.759765625,-400000.0625
219.83725500106812,-400000.0625,-8666.6103515625,-2913.52001953125,-400000.0625,-13069.4404296875,-400000.0625,5007.080078125,-400000.0625
219.83725881576538,-400000.0625,-8640.33984375,-2923.199951171875,-400000.0625,-13044.259765625,-400000.0625,5012.509765625,-400000.0625
219.83726239204407,-400000.0625,-8663.0400390625,-2956.10009765625,-400000.0625,-13059.5703125,-400000.0625,4973.41015625,-400000.0625
219.83726620674133,-400000.0625,-8687.58984375,-2984.949951171875,-400000.0625,-13081.3603515625,-400000.0625,4955.72021484375,-400000.0625
219.83726978302002,-400000.0625,-8718.830078125,-2983.3798828125,-400000.0625,-13069.6796875,-400000.0625,4956.9599609375,-400000.0625
219.83727359771729,-400000.0625,-8681.5400390625,-2976.469970703125,-400000.0625,-13026.0,-400000.0625,4962.39990234375,-400000.0625
219.83727717399597,-400000.0625,-8680.4404296875,-2973.60009765625,-400000.0625,-12985.08984375,-400000.0625,4971.7001953125,-400000.0625
219.83728051185608,-400000.0625,-8741.0498046875,-3006.510009765625,-400000.0625,-12984.7998046875,-400000.0625,4939.83984375,-400000.0625
219.88409948349,-400000.0625,-8809.419921875,-3044.320068359375,-400000.0625,-12990.0498046875,-400000.0625,4895.5400390625,-400000.0625
219.88904476165771,-400000.0625,-8861.8798828125,-3071.260009765625,-400000.0625,-12986.4697265625,-400000.0625,4882.9599609375,-400000.0625
219.89498043060303,-400000.0625,-8875.23046875,-3061.8701171875,-400000.0625,-12957.099609375,-400000.0625,4900.06982421875,-400000.0625
219.90012216567993,-400000.0625,-8886.8603515625,-3050.419921875,-400000.0625,-12924.9599609375,-400000.0625,4914.47998046875,-400000.0625
219.9043619632721,-400000.0625,-8932.8798828125,-3073.219970703125,-400000.0625,-12939.259765625,-400000.0625,4900.169921875,-400000.0625
219.90436959266663,-400000.0625,-8960.0595703125,-3096.820068359375,-400000.0625,-12969.7802734375,-400000.0625,4877.22998046875,-400000.0625
219.90437364578247,-400000.0625,-8977.7001953125,-3096.8701171875,-400000.0625,-12979.3701171875,-400000.0625,4871.0400390625,-400000.0625
219.90437769889832,-400000.0625,-8963.6796875,-3075.64990234375,-400000.0625,-12952.51953125,-400000.0625,4899.4501953125,-400000.0625
219.90438151359558,-400000.0625,-8935.7900390625,-3051.469970703125,-400000.0625,-12926.4404296875,-400000.0625,4927.16015625,-400000.0625
219.90438508987427,-400000.0625,-8943.990234375,-3063.389892578125,-400000.0625,-12949.2802734375,-400000.0625,4903.31982421875,-400000.0625
219.90438890457153,-400000.0625,-8961.150390625,-3085.179931640625,-400000.0625,-12985.51953125,-400000.0625,4885.14990234375,-400000.0625
219.90439248085022,-400000.0625,-8950.7099609375,-3080.3701171875,-400000.0625,-12994.3896484375,-400000.0625,4882.52978515625,-400000.0625
219.9043960571289,-400000.0625,-8916.9501953125,-3058.050048828125,-400000.0625,-12975.6904296875,-400000.0625,4905.83984375,-400000.0625
219.9043996334076,-400000.0625,-8877.900390625,-3031.489990234375,-400000.0625,-12952.1396484375,-400000.0625,4930.68994140625,-400000.0625
219.90440320968628,-400000.0625,-8879.4697265625,-3045.080078125,-400000.0625,-12972.6904296875,-400000.0625,4911.7099609375,-400000.0625
219.90440678596497,-400000.0625,-8888.48046875,-3064.489990234375,-400000.0625,-13000.349609375,-400000.0625,4891.58984375,-400000.0625
219.94894862174988,-400000.0625,-8876.6103515625,-3065.5400390625,-400000.0625,-13011.740234375,-400000.0625,4886.580078125,-400000.0625
219.95961260795593,-400000.0625,-8831.740234375,-3036.68994140625,-400000.0625,-12996.150390625,-400000.0625,4916.47998046875,-400000.0625
219.9642186164856,-400000.0625,-8791.349609375,-3007.889892578125,-400000.0625,-12982.6103515625,-400000.0625,4942.419921875,-400000.0625
219.96422696113586,-400000.0625,-8794.5,-3021.81005859375,-400000.0625,-13008.41015625,-400000.0625,4927.830078125,-400000.0625
219.9642312526703,-400000.0625,-8801.3203125,-3039.64990234375,-400000.0625,-13035.16015625,-400000.0625,4901.35986328125,-400000.0625
219.9642355442047,-400000.0625,-8795.6904296875,-3042.97998046875,-400000.0625,-13053.4697265625,-400000.0625,4895.31005859375,-400000.0625
219.96423935890198,-400000.0625,-8760.169921875,-3018.18994140625,-400000.0625,-13030.009765625,-400000.0625,4923.009765625,-400000.0625
219.96424341201782,-400000.0625,-8725.5,-2990.909912109375,-400000.0625,-13009.650390625,-400000.0625,4957.14990234375,-400000.0625
219.9642472267151,-400000.0625,-8727.41015625,-3003.169921875,-400000.0625,-13036.009765625,-400000.0625,4939.02978515625,-400000.0625
219.96425104141235,-400000.0625,-8746.009765625,-3026.580078125,-400000.0625,-13070.4404296875,-400000.0625,4918.72021484375,-400000.0625
219.96425461769104,-400000.0625,-8742.0498046875,-3026.340087890625,-400000.0625,-13073.259765625,-400000.0625,4912.81005859375,-400000.0625
219.96425819396973,-400000.0625,-8713.580078125,-3003.449951171875,-400000.0625,-13052.080078125,-400000.0625,4937.22021484375,-400000.0625
219.9642617702484,-400000.0625,-8679.8203125,-2976.659912109375,-400000.0625,-13034.25,-400000.0625,4966.02001953125,-400000.0625
219.9642653465271,-400000.0625,-8685.2998046875,-2987.669921875,-400000.0625,-13054.990234375,-400000.0625,4950.3798828125,-400000.0625
219.9642689228058,-400000.0625,-8701.900390625,-3011.989990234375,-400000.0625,-13088.1298828125,-400000.0625,4927.77978515625,-400000.0625
219.96427273750305,-400000.0625,-8698.8896484375,-3014.52001953125,-400000.0625,-13095.900390625,-400000.0625,4923.10986328125,-400000.0625
220.01910161972046,-400000.0625,-8670.900390625,-2987.0,-400000.0625,-13072.6796875,-400000.0625,4956.6298828125,-400000.0625
220.02697587013245,-400000.0625,-8638.5703125,-2960.010009765625,-400000.0625,-13053.6103515625,-400000.0625,4989.0498046875,-400000.0625
220.0311725139618,-400000.0625,-8649.0595703125,-2974.800048828125,-400000.0625,-13074.9697265625,-400000.0625,4962.02001953125,-400000.0625
220.0311815738678,-400000.0625,-8671.1904296875,-2998.780029296875,-400000.0625,-13102.9599609375,-400000.0625,4940.31982421875,-400000.0625
220.03118562698364,-400000.0625,-8669.330078125,-2999.639892578125,-400000.0625,-13102.33984375,-400000.0625,4942.22998046875,-400000.0625
220.03119015693665,-400000.0625,-8642.0498046875,-2974.27001953125,-400000.0625,-13072.490234375,-400000.0625,4964.830078125,-400000.0625
220.03119373321533,-400000.0625,-8614.400390625,-2953.669921875,-400000.0625,-13052.7998046875,-400000.0625,4991.009765625,-400000.0625
220.03119802474976,-400000.0625,-8632.66015625,-2974.3701171875,-400000.0625,-13081.8896484375,-400000.0625,4976.18017578125,-400000.0625
220.03120255470276,-400000.0625,-8649.6396484375,-2990.2900390625,-400000.0625,-13109.01953125,-400000.0625,4954.6201171875,-400000.0625
220.0312066078186,-400000.0625,-8655.41015625,-2995.780029296875,-400000.0625,-13116.169921875,-400000.0625,4951.669921875,-400000.0625
220.03121161460876,-400000.0625,-8623.98046875,-2973.409912109375,-400000.0625,-13089.990234375,-400000.0625,4975.509765625,-400000.0625
220.0312159061432,-400000.0625,-8595.990234375,-2946.85009765625,-400000.0625,-13066.580078125,-400000.0625,4998.490234375,-400000.0625
220.0312201976776,-400000.0625,-8609.580078125,-2962.8798828125,-400000.0625,-13086.509765625,-400000.0625,4979.75,-400000.0625
220.03122544288635,-400000.0625,-8632.6103515625,-2985.10009765625,-400000.0625,-13112.0703125,-400000.0625,4952.240234375,-400000.0625
220.03122925758362,-400000.0625,-8631.7998046875,-2985.719970703125,-400000.0625,-13116.41015625,-400000.0625,4955.10009765625,-400000.0625
220.03124022483826,-400000.0625,-8612.73046875,-2966.260009765625,-400000.0625,-13091.900390625,-400000.0625,4980.0400390625,-400000.0625
220.13548755645752,-400000.0625,-8603.8095703125,-2956.9599609375,-400000.0625,-13085.41015625,-400000.0625,4984.89990234375,-400000.0625
220.20221638679504,-400000.0625,-8614.73046875,-2970.31005859375,-400000.0625,-13124.2802734375,-400000.0625,4967.35986328125,-400000.0625
220.28552412986755,-400000.0625,-8623.7900390625,-2980.0400390625,-400000.0625,-13128.08984375,-400000.0625,4959.97021484375,-400000.0625
220.40559649467468,-400000.0625,-8581.400390625,-2931.1201171875,-400000.0625,-13068.9599609375,-400000.0625,5001.1201171875,-400000.0625
220.49685311317444,-400000.0625,-8609.25,-2958.010009765625,-400000.0625,-13093.23046875,-400000.0625,4990.009765625,-400000.0625
220.51781344413757,-400000.0625,-8630.08984375,-2981.85009765625,-400000.0625,-13114.41015625,-400000.0625,4957.580078125,-400000.0625
220.78049659729004,-400000.0625,-8602.4296875,-2946.570068359375,-400000.0625,-13089.23046875,-400000.0625,4984.47021484375,-400000.0625
220.8639235496521,-400000.0625,-8618.6904296875,-2964.68994140625,-400000.0625,-13121.9404296875,-400000.0625,4956.52978515625,-400000.0625
220.91823720932007,-400000.0625,-8628.4599609375,-2975.0400390625,-400000.0625,-13128.6201171875,-400000.0625,4952.18994140625,-400000.0625
220.97643947601318,-400000.0625,-8619.7900390625,-2954.239990234375,-400000.0625,-13117.650390625,-400000.0625,4967.68994140625,-400000.0625
221.0299379825592,-400000.0625,-8612.25,-2949.429931640625,-400000.0625,-13103.2998046875,-400000.0625,4982.85009765625,-400000.0625
221.2968897819519,-400000.0625,-8597.66015625,-2930.2099609375,-400000.0625,-13083.509765625,-400000.0625,4990.72021484375,-400000.0625
221.36040902137756,-400000.0625,-8591.26953125,-2933.8798828125,-400000.0625,-13077.1201171875,-400000.0625,5000.830078125,-400000.0625
221.41859412193298,-400000.0625,-8603.91015625,-2944.7099609375,-400000.0625,-13103.4404296875,-400000.0625,4986.330078125,-400000.0625
221.5866687297821,-400000.0625,-8648.349609375,-2990.909912109375,-400000.0625,-13147.5,-400000.0625,4947.47021484375,-400000.0625
221.73298525810242,-400000.0625,-8611.0595703125,-2954.820068359375,-400000.0625,-13116.5,-400000.0625,4975.18017578125,-400000.0625
221.81440544128418,-400000.0625,-8639.8603515625,-2976.179931640625,-400000.0625,-13137.099609375,-400000.0625,4955.72021484375,-400000.0625
221.95428323745728,-400000.0625,-8627.990234375,-2959.8701171875,-400000.0625,-13106.1103515625,-400000.0625,4970.27001953125,-400000.0625
221.99315237998962,-400000.0625,-8604.099609375,-2939.64990234375,-400000.0625,-13093.23046875,-400000.0625,4990.85986328125,-400000.0625
222.0606997013092,-400000.0625,-8620.3095703125,-2950.429931640625,-400000.0625,-13100.3896484375,-400000.0625,4968.830078125,-400000.0625
222.12156796455383,-400000.0625,-8652.259765625,-2981.0400390625,-400000.0625,-13132.1904296875,-400000.0625,4943.1298828125,-400000.0625
222.12625980377197,-400000.0625,-8663.0400390625,-2993.199951171875,-400000.0625,-13140.3896484375,-400000.0625,4931.02001953125,-400000.0625
222.12626957893372,-400000.0625,-8642.91015625,-2973.219970703125,-400000.0625,-13114.259765625,-400000.0625,4953.0498046875,-400000.0625
222.1262764930725,-400000.0625,-8614.16015625,-2947.760009765625,-400000.0625,-13085.3203125,-400000.0625,4974.1298828125,-400000.0625
222.12628412246704,-400000.0625,-8624.3603515625,-2959.6298828125,-400000.0625,-13094.1904296875,-400000.0625,4966.68994140625,-400000.0625
222.12628889083862,-400000.0625,-8654.2099609375,-2975.510009765625,-400000.0625,-13119.2197265625,-400000.0625,4946.0400390625,-400000.0625
222.12629294395447,-400000.0625,-8664.5595703125,-2986.860107421875,-400000.0625,-13130.9501953125,-400000.0625,4934.93017578125,-400000.0625
222.1262969970703,-400000.0625,-8640.9599609375,-2966.5,-400000.0625,-13109.4501953125,-400000.0625,4959.68017578125,-400000.0625
222.12630081176758,-400000.0625,-8617.4501953125,-2941.320068359375,-400000.0625,-13084.7900390625,-400000.0625,4983.0,-400000.0625
222.12630438804626,-400000.0625,-8628.7001953125,-2956.14990234375,-400000.0625,-13100.3896484375,-400000.0625,4969.06982421875,-400000.0625
222.1263086795807,-400000.0625,-8649.5400390625,-2976.179931640625,-400000.0625,-13126.9501953125,-400000.0625,4949.759765625,-400000.0625
222.12631249427795,-400000.0625,-8670.6201171875,-2991.43994140625,-400000.0625,-13141.349609375,-400000.0625,4941.990234375,-400000.0625
222.12631630897522,-400000.0625,-8642.150390625,-2968.260009765625,-400000.0625,-13112.740234375,-400000.0625,4957.6298828125,-400000.0625
222.1263198852539,-400000.0625,-8618.5498046875,-2943.3701171875,-400000.0625,-13084.26953125,-400000.0625,4979.56005859375,-400000.0625
222.126323223114,-400000.0625,-8628.3203125,-2951.0,-400000.0625,-13095.240234375,-400000.0625,4968.830078125,-400000.0625
222.1263267993927,-400000.0625,-8654.7900390625,-2979.330078125,-400000.0625,-13123.990234375,-400000.0625,4948.66015625,-400000.0625
222.19907474517822,-400000.0625,-8665.9404296875,-2991.489990234375,-400000.0625,-13138.1103515625,-400000.0625,4936.60009765625,-400000.0625
222.2078173160553,-400000.0625,-8642.48046875,-2970.550048828125,-400000.0625,-13113.98046875,-400000.0625,4955.6298828125,-400000.0625
222.21181654930115,-400000.0625,-8613.0595703125,-2939.080078125,-400000.0625,-13082.7900390625,-400000.0625,4981.47021484375,-400000.0625
222.21182250976562,-400000.0625,-8630.7998046875,-2955.820068359375,-400000.0625,-13101.6298828125,-400000.0625,4967.58984375,-400000.0625
222.21182703971863,-400000.0625,-8651.6904296875,-2977.56005859375,-400000.0625,-13124.08984375,-400000.0625,4945.66015625,-400000.0625
222.21183133125305,-400000.0625,-8659.98046875,-2982.860107421875,-400000.0625,-13125.6103515625,-400000.0625,4936.41015625,-400000.0625
222.2118353843689,-400000.0625,-8638.8095703125,-2965.97998046875,-400000.0625,-13109.73046875,-400000.0625,4958.33984375,-400000.0625
222.21183919906616,-400000.0625,-8615.830078125,-2939.840087890625,-400000.0625,-13083.7900390625,-400000.0625,4987.91015625,-400000.0625
222.21184301376343,-400000.0625,-8632.66015625,-2955.820068359375,-400000.0625,-13094.900390625,-400000.0625,4971.89013671875,-400000.0625
222.21184659004211,-400000.0625,-8650.830078125,-2980.419921875,-400000.0625,-13123.990234375,-400000.0625,4947.0,-400000.0625
222.2118501663208,-400000.0625,-8666.3701171875,-2988.6201171875,-400000.0625,-13135.48046875,-400000.0625,4936.22021484375,-400000.0625
222.2118537425995,-400000.0625,-8644.1103515625,-2968.64990234375,-400000.0625,-13107.7802734375,-400000.0625,4957.490234375,-400000.0625
222.21185731887817,-400000.0625,-8617.16015625,-2942.0400390625,-400000.0625,-13077.9296875,-400000.0625,4988.3798828125,-400000.0625
222.21186089515686,-400000.0625,-8632.9501953125,-2954.909912109375,-400000.0625,-13093.51953125,-400000.0625,4971.7900390625,-400000.0625
222.21186470985413,-400000.0625,-8647.2001953125,-2972.56005859375,-400000.0625,-13120.4599609375,-400000.0625,4948.56982421875,-400000.0625
222.2118682861328,-400000.0625,-8665.6103515625,-2988.14990234375,-400000.0625,-13133.6201171875,-400000.0625,4931.39990234375,-400000.0625
222.26419949531555,-400000.0625,-8646.2001953125,-2967.1201171875,-400000.0625,-13106.5400390625,-400000.0625,4959.2998046875,-400000.0625
222.269535779953,-400000.0625,-8620.9296875,-2944.330078125,-400000.0625,-13073.8798828125,-400000.0625,4984.7099609375,-400000.0625
222.27369618415833,-400000.0625,-8627.990234375,-2954.580078125,-400000.0625,-13088.3203125,-400000.0625,4971.89013671875,-400000.0625
222.27370357513428,-400000.0625,-8653.1201171875,-2976.56005859375,-400000.0625,-13117.41015625,-400000.0625,4937.4599609375,-400000.0625
222.27370810508728,-400000.0625,-8669.08984375,-2991.300048828125,-400000.0625,-13135.669921875,-400000.0625,4935.31005859375,-400000.0625
222.27371191978455,-400000.0625,-8646.9697265625,-2966.260009765625,-400000.0625,-13114.0703125,-400000.0625,4957.39013671875,-400000.0625
222.2737159729004,-400000.0625,-8617.400390625,-2939.75,-400000.0625,-13083.75,-400000.0625,4980.52001953125,-400000.0625
222.27371954917908,-400000.0625,-8631.900390625,-2957.43994140625,-400000.0625,-13099.9599609375,-400000.0625,4972.27001953125,-400000.0625
222.27372336387634,-400000.0625,-8650.7802734375,-2974.1298828125,-400000.0625,-13122.0400390625,-400000.0625,4949.14013671875,-400000.0625
222.2737274169922,-400000.0625,-8665.0400390625,-2984.7099609375,-400000.0625,-13134.669921875,-400000.0625,4934.60009765625,-400000.0625
222.27373099327087,-400000.0625,-8642.91015625,-2962.39990234375,-400000.0625,-13104.2998046875,-400000.0625,4955.81982421875,-400000.0625
222.27373480796814,-400000.0625,-8617.740234375,-2941.699951171875,-400000.0625,-13074.4501953125,-400000.0625,4986.10009765625,-400000.0625
222.2737386226654,-400000.0625,-8634.51953125,-2953.050048828125,-400000.0625,-13090.330078125,-400000.0625,4964.2998046875,-400000.0625
222.27374243736267,-400000.0625,-8652.740234375,-2971.739990234375,-400000.0625,-13128.51953125,-400000.0625,4948.18994140625,-400000.0625
222.27374601364136,-400000.0625,-8668.9501953125,-2985.669921875,-400000.0625,-13137.33984375,-400000.0625,4936.7001953125,-400000.0625
222.27374958992004,-400000.0625,-8654.259765625,-2969.739990234375,-400000.0625,-13113.830078125,-400000.0625,4962.72998046875,-400000.0625
222.33011507987976,-400000.0625,-8620.41015625,-2940.080078125,-400000.0625,-13082.41015625,-400000.0625,4978.1298828125,-400000.0625
222.3407895565033,-400000.0625,-8630.9404296875,-2956.10009765625,-400000.0625,-13098.5302734375,-400000.0625,4972.83984375,-400000.0625
222.34480333328247,-400000.0625,-8660.080078125,-2974.56005859375,-400000.0625,-13124.849609375,-400000.0625,4950.18994140625,-400000.0625
222.34481072425842,-400000.0625,-8673.4296875,-2987.18994140625,-400000.0625,-13135.099609375,-400000.0625,4931.5,-400000.0625
222.34481477737427,-400000.0625,-8644.5302734375,-2980.659912109375,-400000.0625,-13113.9296875,-400000.0625,4961.43994140625,-400000.0625
222.34481859207153,-400000.0625,-8623.2197265625,-2949.570068359375,-400000.0625,-13091.990234375,-400000.0625,4984.18994140625,-400000.0625
222.3448224067688,-400000.0625,-8643.25,-2961.830078125,-400000.0625,-13096.9501953125,-400000.0625,4961.43994140625,-400000.0625
222.34482598304749,-400000.0625,-8672.0,-2951.10009765625,-400000.0625,-13113.3603515625,-400000.0625,4956.72021484375,-400000.0625
222.34483003616333,-400000.0625,-8715.25,-2956.25,-400000.0625,-13130.7099609375,-400000.0625,4963.72998046875,-400000.0625
222.3448338508606,-400000.0625,-8683.349609375,-2948.18994140625,-400000.0625,-13105.6298828125,-400000.0625,4980.0400390625,-400000.0625
222.34483742713928,-400000.0625,-8653.3095703125,-2913.280029296875,-400000.0625,-13072.349609375,-400000.0625,5014.93994140625,-400000.0625
222.34484148025513,-400000.0625,-8672.0498046875,-2930.550048828125,-400000.0625,-13082.169921875,-400000.0625,4980.60986328125,-400000.0625
222.3448450565338,-400000.0625,-8703.5703125,-2969.5,-400000.0625,-13112.400390625,-400000.0625,4946.759765625,-400000.0625
222.34484887123108,-400000.0625,-8735.990234375,-2993.199951171875,-400000.0625,-13124.4697265625,-400000.0625,4949.14013671875,-400000.0625
222.34485244750977,-400000.0625,-8707.759765625,-2978.89990234375,-400000.0625,-13092.3798828125,-400000.0625,4957.2001953125,-400000.0625
222.34485626220703,-400000.0625,-8685.6904296875,-2948.860107421875,-400000.0625,-13053.3203125,-400000.0625,4981.08984375,-400000.0625
222.37552213668823,-400000.0625,-8688.3095703125,-2975.179931640625,-400000.0625,-13051.6103515625,-400000.0625,4947.08984375,-400000.0625
222.38052654266357,-400000.0625,-8746.669921875,-3004.360107421875,-400000.0625,-13060.2900390625,-400000.0625,4907.990234375,-400000.0625
222.38053441047668,-400000.0625,-8807.51953125,-3033.590087890625,-400000.0625,-13048.3603515625,-400000.0625,4896.1201171875,-400000.0625
222.38489651679993,-400000.0625,-8845.2802734375,-3026.6298828125,-400000.0625,-13006.740234375,-400000.0625,4921.52978515625,-400000.0625
222.3849036693573,-400000.0625,-8828.2099609375,-3024.6298828125,-400000.0625,-12968.1103515625,-400000.0625,4928.919921875,-400000.0625
222.38490796089172,-400000.0625,-8869.8896484375,-3060.8701171875,-400000.0625,-12971.1201171875,-400000.0625,4881.72021484375,-400000.0625
222.384911775589,-400000.0625,-8939.8896484375,-3098.06005859375,-400000.0625,-12990.1904296875,-400000.0625,4853.2001953125,-400000.0625
222.38491559028625,-400000.0625,-8985.759765625,-3113.75,-400000.0625,-12998.6796875,-400000.0625,4845.10009765625,-400000.0625
222.38491916656494,-400000.0625,-8988.8095703125,-3090.139892578125,-400000.0625,-12964.5400390625,-400000.0625,4865.22021484375,-400000.0625
222.3849229812622,-400000.0625,-8995.8203125,-3072.2099609375,-400000.0625,-12934.8798828125,-400000.0625,4887.9599609375,-400000.0625
222.38492679595947,-400000.0625,-9026.099609375,-3090.6201171875,-400000.0625,-12946.419921875,-400000.0625,4872.990234375,-400000.0625
222.38493037223816,-400000.0625,-9061.150390625,-3111.409912109375,-400000.0625,-12959.580078125,-400000.0625,4844.6201171875,-400000.0625
222.38493394851685,-400000.0625,-9081.83984375,-3130.9599609375,-400000.0625,-12973.259765625,-400000.0625,4826.58984375,-400000.0625
222.3849377632141,-400000.0625,-9056.9501953125,-3106.39990234375,-400000.0625,-12955.3798828125,-400000.0625,4851.009765625,-400000.0625
222.3849413394928,-400000.0625,-9031.8701171875,-3079.030029296875,-400000.0625,-12931.400390625,-400000.0625,4882.85986328125,-400000.0625
222.38494491577148,-400000.0625,-9043.1201171875,-3088.090087890625,-400000.0625,-12943.3203125,-400000.0625,4874.52001953125,-400000.0625
222.44143724441528,-400000.0625,-9053.990234375,-3102.35009765625,-400000.0625,-12972.2099609375,-400000.0625,4851.52978515625,-400000.0625
222.45042371749878,-400000.0625,-9052.5595703125,-3110.7900390625,-400000.0625,-12986.23046875,-400000.0625,4834.93994140625,-400000.0625
222.45465660095215,-400000.0625,-9014.7998046875,-3083.0400390625,-400000.0625,-12967.0595703125,-400000.0625,4856.72998046875,-400000.0625
222.45466351509094,-400000.0625,-8973.8896484375,-3052.7099609375,-400000.0625,-12942.8896484375,-400000.0625,4886.580078125,-400000.0625
222.45466804504395,-400000.0625,-8977.75,-3065.969970703125,-400000.0625,-12959.2900390625,-400000.0625,4879.81005859375,-400000.0625
222.45467162132263,-400000.0625,-8985.4697265625,-3086.139892578125,-400000.0625,-12993.1904296875,-400000.0625,4849.43017578125,-400000.0625
222.45467567443848,-400000.0625,-8976.169921875,-3094.820068359375,-400000.0625,-13012.740234375,-400000.0625,4846.669921875,-400000.0625
222.45467948913574,-400000.0625,-8934.58984375,-3065.35009765625,-400000.0625,-12997.3896484375,-400000.0625,4870.56005859375,-400000.0625
222.454683303833,-400000.0625,-8899.830078125,-3039.31005859375,-400000.0625,-12975.169921875,-400000.0625,4892.06005859375,-400000.0625
222.4546868801117,-400000.0625,-8895.259765625,-3050.949951171875,-400000.0625,-12991.0498046875,-400000.0625,4889.2998046875,-400000.0625
222.45469069480896,-400000.0625,-8898.1201171875,-3067.35009765625,-400000.0625,-13020.849609375,-400000.0625,4865.68994140625,-400000.0625
222.4546947479248,-400000.0625,-8902.83984375,-3077.93994140625,-400000.0625,-13040.16015625,-400000.0625,4850.669921875,-400000.0625
222.4546983242035,-400000.0625,-8864.3603515625,-3051.949951171875,-400000.0625,-13022.8095703125,-400000.0625,4876.52001953125,-400000.0625
222.45470190048218,-400000.0625,-8825.58984375,-3022.2900390625,-400000.0625,-12999.76953125,-400000.0625,4907.419921875,-400000.0625
222.45470571517944,-400000.0625,-8824.6796875,-3023.10009765625,-400000.0625,-13017.4697265625,-400000.0625,4897.830078125,-400000.0625
222.4547095298767,-400000.0625,-8834.41015625,-3042.27001953125,-400000.0625,-13042.7900390625,-400000.0625,4875.56982421875,-400000.0625
222.51248955726624,-400000.0625,-8836.7001953125,-3051.81005859375,-400000.0625,-13056.9501953125,-400000.0625,4869.41015625,-400000.0625
222.51958537101746,-400000.0625,-8800.7001953125,-3027.919921875,-400000.0625,-13043.3603515625,-400000.0625,4895.97021484375,-400000.0625
222.52390480041504,-400000.0625,-8756.73046875,-2991.820068359375,-400000.0625,-13016.75,-400000.0625,4925.43994140625,-400000.0625
222.52391266822815,-400000.0625,-8757.9697265625,-3001.590087890625,-400000.0625,-13038.400390625,-400000.0625,4916.81005859375,-400000.0625
222.52391719818115,-400000.0625,-8772.66015625,-3022.9599609375,-400000.0625,-13069.8203125,-400000.0625,4897.93017578125,-400000.0625
222.523921251297,-400000.0625,-8770.23046875,-3026.9599609375,-400000.0625,-13078.0703125,-400000.0625,4880.240234375,-400000.0625
222.52392482757568,-400000.0625,-8737.6103515625,-3003.1201171875,-400000.0625,-13059.4697265625,-400000.0625,4907.1298828125,-400000.0625
222.52392888069153,-400000.0625,-8711.0498046875,-2973.179931640625,-400000.0625,-13036.16015625,-400000.0625,4934.41015625,-400000.0625
222.52393245697021,-400000.0625,-8710.7197265625,-2978.280029296875,-400000.0625,-13049.080078125,-400000.0625,4928.830078125,-400000.0625
222.52393698692322,-400000.0625,-8730.3603515625,-3005.60009765625,-400000.0625,-13082.3603515625,-400000.0625,4912.66015625,-400000.0625
222.5239405632019,-400000.0625,-8739.2802734375,-3017.6201171875,-400000.0625,-13098.1904296875,-400000.0625,4893.39990234375,-400000.0625
222.52394437789917,-400000.0625,-8705.8603515625,-2985.669921875,-400000.0625,-13072.25,-400000.0625,4919.47998046875,-400000.0625
222.52394819259644,-400000.0625,-8676.8603515625,-2958.389892578125,-400000.0625,-13049.990234375,-400000.0625,4953.240234375,-400000.0625
222.52395248413086,-400000.0625,-8682.1103515625,-2969.840087890625,-400000.0625,-13072.7802734375,-400000.0625,4943.18017578125,-400000.0625
222.52395629882812,-400000.0625,-8699.849609375,-2989.239990234375,-400000.0625,-13093.1904296875,-400000.0625,4923.2998046875,-400000.0625
222.5239598751068,-400000.0625,-8709.3798828125,-3001.550048828125,-400000.0625,-13109.490234375,-400000.0625,4913.43017578125,-400000.0625
222.56692600250244,-400000.0625,-8681.9697265625,-2977.89990234375,-400000.0625,-13082.3203125,-400000.0625,4937.5498046875,-400000.0625
222.576735496521,-400000.0625,-8655.98046875,-2950.0,-400000.0625,-13061.0498046875,-400000.0625,4964.35009765625,-400000.0625
222.58132767677307,-400000.0625,-8664.4697265625,-2960.010009765625,-400000.0625,-13079.41015625,-400000.0625,4947.85009765625,-400000.0625
222.58133625984192,-400000.0625,-8688.2099609375,-2985.2900390625,-400000.0625,-13106.8701171875,-400000.0625,4926.490234375,-400000.0625
222.5813410282135,-400000.0625,-8695.5595703125,-2993.389892578125,-400000.0625,-13118.599609375,-400000.0625,4913.85986328125,-400000.0625
222.58134508132935,-400000.0625,-8669.23046875,-2969.4599609375,-400000.0625,-13096.51953125,-400000.0625,4934.83984375,-400000.0625
222.5813491344452,-400000.0625,-8642.7197265625,-2944.3701171875,-400000.0625,-13075.400390625,-400000.0625,4971.22021484375,-400000.0625
222.58135294914246,-400000.0625,-8653.16015625,-2959.679931640625,-400000.0625,-13086.3701171875,-400000.0625,4955.72021484375,-400000.0625
222.58135676383972,-400000.0625,-8668.3798828125,-2975.0400390625,-400000.0625,-13107.830078125,-400000.0625,4930.31005859375,-400000.0625
222.5813603401184,-400000.0625,-8677.2900390625,-2984.669921875,-400000.0625,-13118.3203125,-400000.0625,4923.8701171875,-400000.0625
222.58136415481567,-400000.0625,-8649.4501953125,-2961.2099609375,-400000.0625,-13092.849609375,-400000.0625,4951.0498046875,-400000.0625
222.58136796951294,-400000.0625,-8623.7900390625,-2937.75,-400000.0625,-13068.919921875,-400000.0625,4973.7001953125,-400000.0625
222.58137273788452,-400000.0625,-8639.9599609375,-2956.199951171875,-400000.0625,-13085.9404296875,-400000.0625,4963.02001953125,-400000.0625
222.58137679100037,-400000.0625,-8659.41015625,-2974.610107421875,-400000.0625,-13115.650390625,-400000.0625,4934.259765625,-400000.0625
222.5813808441162,-400000.0625,-8666.7099609375,-2984.81005859375,-400000.0625,-13124.51953125,-400000.0625,4926.77978515625,-400000.0625
222.5813844203949,-400000.0625,-8640.7197265625,-2962.449951171875,-400000.0625,-13092.0400390625,-400000.0625,4950.759765625,-400000.0625
222.7004623413086,-400000.0625,-8613.1103515625,-2934.5,-400000.0625,-13087.509765625,-400000.0625,4967.8798828125,-400000.0625
222.88728642463684,-400000.0625,-8619.5,-2942.75,-400000.0625,-13099.8603515625,-400000.0625,4946.85009765625,-400000.0625
222.9642698764801,-400000.0625,-8605.0498046875,-2924.5400390625,-400000.0625,-13089.4697265625,-400000.0625,4976.990234375,-400000.0625
223.07805728912354,-400000.0625,-8604.6201171875,-2928.110107421875,-400000.0625,-13098.4296875,-400000.0625,4977.85009765625,-400000.0625
223.20616388320923,-400000.0625,-8622.2197265625,-2945.85009765625,-400000.0625,-13112.6396484375,-400000.0625,4953.81005859375,-400000.0625
223.26926445960999,-400000.0625,-8598.900390625,-2924.6298828125,-400000.0625,-13093.51953125,-400000.0625,4973.56005859375,-400000.0625
223.33416938781738,-400000.0625,-8603.4296875,-2927.590087890625,-400000.0625,-13101.0498046875,-400000.0625,4974.080078125,-400000.0625
223.4345190525055,-400000.0625,-8626.5595703125,-2954.77001953125,-400000.0625,-13124.3203125,-400000.0625,4948.18994140625,-400000.0625
223.53021883964539,-400000.0625,-8644.8701171875,-2963.02001953125,-400000.0625,-13139.580078125,-400000.0625,4939.509765625,-400000.0625
223.58914422988892,-400000.0625,-8596.419921875,-2913.89990234375,-400000.0625,-13092.7099609375,-400000.0625,4987.18994140625,-400000.0625
223.66344952583313,-400000.0625,-8640.6201171875,-2967.409912109375,-400000.0625,-13129.669921875,-400000.0625,4951.18994140625,-400000.0625
223.83369755744934,-400000.0625,-8647.9697265625,-2969.219970703125,-400000.0625,-13151.080078125,-400000.0625,4947.0,-400000.0625
223.85532903671265,-400000.0625,-8628.23046875,-2945.22998046875,-400000.0625,-13118.3603515625,-400000.0625,4963.58984375,-400000.0625
223.91180562973022,-400000.0625,-8608.0595703125,-2927.919921875,-400000.0625,-13094.51953125,-400000.0625,4996.58984375,-400000.0625
223.97904515266418,-400000.0625,-8624.8896484375,-2941.85009765625,-400000.0625,-13100.91015625,-400000.0625,4987.43017578125,-400000.0625
224.04149055480957,-400000.0625,-8654.0703125,-2968.169921875,-400000.0625,-13121.23046875,-400000.0625,4945.9501953125,-400000.0625
224.10690569877625,-400000.0625,-8648.4404296875,-2960.159912109375,-400000.0625,-13120.6103515625,-400000.0625,4955.240234375,-400000.0625
224.17523765563965,-400000.0625,-8642.0498046875,-2955.06005859375,-400000.0625,-13115.650390625,-400000.0625,4959.97021484375,-400000.0625
224.31426286697388,-400000.0625,-8624.8896484375,-2941.1298828125,-400000.0625,-13092.1396484375,-400000.0625,4973.89013671875,-400000.0625
224.36599802970886,-400000.0625,-8656.7900390625,-2967.7900390625,-400000.0625,-13116.3095703125,-400000.0625,4939.1298828125,-400000.0625
224.52226066589355,-400000.0625,-8648.1103515625,-2959.159912109375,-400000.0625,-13111.9697265625,-400000.0625,4944.990234375,-400000.0625
224.62575888633728,-400000.0625,-8628.8896484375,-2935.030029296875,-400000.0625,-13084.4599609375,-400000.0625,4976.89013671875,-400000.0625
224.63577032089233,-400000.0625,-8655.2197265625,-2963.590087890625,-400000.0625,-13116.41015625,-400000.0625,4946.85009765625,-400000.0625
224.64063167572021,-400000.0625,-8669.23046875,-2978.22998046875,-400000.0625,-13137.580078125,-400000.0625,4935.5,-400000.0625
224.64064002037048,-400000.0625,-8644.9599609375,-2954.530029296875,-400000.0625,-13113.6904296875,-400000.0625,4956.2001953125,-400000.0625
224.6406443119049,-400000.0625,-8621.1201171875,-2934.889892578125,-400000.0625,-13079.0703125,-400000.0625,4982.0,-400000.0625
224.64064812660217,-400000.0625,-8623.41015625,-2939.699951171875,-400000.0625,-13081.1201171875,-400000.0625,4970.83984375,-400000.0625
224.64065170288086,-400000.0625,-8650.7802734375,-2959.919921875,-400000.0625,-13114.3603515625,-400000.0625,4946.85009765625,-400000.0625
224.6406557559967,-400000.0625,-8674.0498046875,-2979.3701171875,-400000.0625,-13127.66015625,-400000.0625,4929.2099609375,-400000.0625
224.64066004753113,-400000.0625,-8648.830078125,-2958.580078125,-400000.0625,-13102.3896484375,-400000.0625,4951.14013671875,-400000.0625
224.6406638622284,-400000.0625,-8618.7802734375,-2931.639892578125,-400000.0625,-13078.5,-400000.0625,4972.97998046875,-400000.0625
224.64066791534424,-400000.0625,-8624.650390625,-2937.840087890625,-400000.0625,-13092.1396484375,-400000.0625,4967.5,-400000.0625
224.64067196846008,-400000.0625,-8654.8798828125,-2963.110107421875,-400000.0625,-13123.1298828125,-400000.0625,4939.7998046875,-400000.0625
224.64067578315735,-400000.0625,-8674.5703125,-2982.7099609375,-400000.0625,-13138.150390625,-400000.0625,4923.06005859375,-400000.0625
224.64067959785461,-400000.0625,-8657.5,-2961.02001953125,-400000.0625,-13104.6796875,-400000.0625,4942.419921875,-400000.0625
224.64068341255188,-400000.0625,-8627.8896484375,-2933.97998046875,-400000.0625,-13076.01953125,-400000.0625,4976.419921875,-400000.0625
224.64068698883057,-400000.0625,-8630.6103515625,-2936.4599609375,-400000.0625,-13086.8896484375,-400000.0625,4966.4501953125,-400000.0625
224.68689560890198,-400000.0625,-8662.419921875,-2970.169921875,-400000.0625,-13118.41015625,-400000.0625,4938.31982421875,-400000.0625
224.6917634010315,-400000.0625,-8677.5302734375,-2986.530029296875,-400000.0625,-13134.91015625,-400000.0625,4918.43017578125,-400000.0625
224.6917712688446,-400000.0625,-8653.259765625,-2966.929931640625,-400000.0625,-13119.1298828125,-400000.0625,4939.83984375,-400000.0625
224.69177556037903,-400000.0625,-8629.3203125,-2944.760009765625,-400000.0625,-13087.9404296875,-400000.0625,4963.5400390625,-400000.0625
224.69177985191345,-400000.0625,-8631.7099609375,-2946.6201171875,-400000.0625,-13089.4697265625,-400000.0625,4960.35009765625,-400000.0625
224.69178366661072,-400000.0625,-8657.080078125,-2973.3701171875,-400000.0625,-13114.740234375,-400000.0625,4931.4501953125,-400000.0625
224.6917872428894,-400000.0625,-8680.0595703125,-2993.679931640625,-400000.0625,-13137.580078125,-400000.0625,4913.47021484375,-400000.0625
224.69179105758667,-400000.0625,-8656.9296875,-2973.800048828125,-400000.0625,-13123.23046875,-400000.0625,4938.64990234375,-400000.0625
224.69179463386536,-400000.0625,-8626.4599609375,-2942.0400390625,-400000.0625,-13091.66015625,-400000.0625,4967.97998046875,-400000.0625
224.69179821014404,-400000.0625,-8628.419921875,-2944.419921875,-400000.0625,-13091.4697265625,-400000.0625,4959.35009765625,-400000.0625
224.6918020248413,-400000.0625,-8659.9404296875,-2976.0400390625,-400000.0625,-13120.509765625,-400000.0625,4941.75,-400000.0625
224.69180560112,-400000.0625,-8679.4404296875,-2990.14990234375,-400000.0625,-13139.76953125,-400000.0625,4913.14013671875,-400000.0625
224.69180917739868,-400000.0625,-8656.4599609375,-2967.550048828125,-400000.0625,-13111.16015625,-400000.0625,4934.02978515625,-400000.0625
224.69181299209595,-400000.0625,-8633.7099609375,-2947.429931640625,-400000.0625,-13085.080078125,-400000.0625,4961.06005859375,-400000.0625
224.69181632995605,-400000.0625,-8638.9599609375,-2946.0,-400000.0625,-13088.75,-400000.0625,4956.68017578125,-400000.0625
224.6918203830719,-400000.0625,-8659.7900390625,-2970.360107421875,-400000.0625,-13114.259765625,-400000.0625,4933.41015625,-400000.0625
224.74182105064392,-400000.0625,-8678.8701171875,-2991.06005859375,-400000.0625,-13139.0595703125,-400000.0625,4917.2900390625,-400000.0625
224.7513861656189,-400000.0625,-8657.0302734375,-2968.360107421875,-400000.0625,-13121.23046875,-400000.0625,4935.31005859375,-400000.0625
224.7562119960785,-400000.0625,-8632.08984375,-2944.52001953125,-400000.0625,-13088.5595703125,-400000.0625,4967.8798828125,-400000.0625
224.75622177124023,-400000.0625,-8633.330078125,-2947.239990234375,-400000.0625,-13092.08984375,-400000.0625,4960.009765625,-400000.0625
224.75622582435608,-400000.0625,-8663.8896484375,-2973.56005859375,-400000.0625,-13126.1796875,-400000.0625,4935.7900390625,-400000.0625
224.75622987747192,-400000.0625,-8684.6796875,-2992.199951171875,-400000.0625,-13145.8798828125,-400000.0625,4920.0498046875,-400000.0625
224.75623393058777,-400000.0625,-8662.1298828125,-2970.409912109375,-400000.0625,-13124.4697265625,-400000.0625,4941.60986328125,-400000.0625
224.7562379837036,-400000.0625,-8630.849609375,-2944.090087890625,-400000.0625,-13092.330078125,-400000.0625,4966.77978515625,-400000.0625
224.75624251365662,-400000.0625,-8632.759765625,-2945.7099609375,-400000.0625,-13095.9501953125,-400000.0625,4966.58984375,-400000.0625
224.75624632835388,-400000.0625,-8663.23046875,-2975.75,-400000.0625,-13131.8095703125,-400000.0625,4945.330078125,-400000.0625
224.75625014305115,-400000.0625,-8682.6796875,-2992.110107421875,-400000.0625,-13145.73046875,-400000.0625,4915.85986328125,-400000.0625
224.75625443458557,-400000.0625,-8663.8896484375,-2973.179931640625,-400000.0625,-13120.3701171875,-400000.0625,4932.7900390625,-400000.0625
224.75625872612,-400000.0625,-8630.66015625,-2946.469970703125,-400000.0625,-13089.23046875,-400000.0625,4968.5,-400000.0625
224.75626349449158,-400000.0625,-8634.9501953125,-2949.909912109375,-400000.0625,-13092.4697265625,-400000.0625,4962.02001953125,-400000.0625
224.75626754760742,-400000.0625,-8666.5595703125,-2975.080078125,-400000.0625,-13128.9501953125,-400000.0625,4936.169921875,-400000.0625
224.75627160072327,-400000.0625,-8683.5400390625,-2996.72998046875,-400000.0625,-13147.259765625,-400000.0625,4918.580078125,-400000.0625
224.81686568260193,-400000.0625,-8658.5498046875,-2974.419921875,-400000.0625,-13123.849609375,-400000.0625,4940.64990234375,-400000.0625
224.82259392738342,-400000.0625,-8638.48046875,-2949.760009765625,-400000.0625,-13098.1904296875,-400000.0625,4966.64013671875,-400000.0625
224.82679724693298,-400000.0625,-8645.33984375,-2955.06005859375,-400000.0625,-13094.240234375,-400000.0625,4958.009765625,-400000.0625
224.82680416107178,-400000.0625,-8668.2802734375,-2975.889892578125,-400000.0625,-13124.6103515625,-400000.0625,4933.259765625,-400000.0625
224.82680821418762,-400000.0625,-8684.0595703125,-2990.14990234375,-400000.0625,-13146.4501953125,-400000.0625,4917.33984375,-400000.0625
224.82681250572205,-400000.0625,-8660.9404296875,-2971.030029296875,-400000.0625,-13122.3701171875,-400000.0625,4936.97998046875,-400000.0625
224.8268165588379,-400000.0625,-8628.8896484375,-2938.840087890625,-400000.0625,-13094.3798828125,-400000.0625,4956.14990234375,-400000.0625
224.82682037353516,-400000.0625,-8634.759765625,-2945.52001953125,-400000.0625,-13097.9599609375,-400000.0625,4964.2998046875,-400000.0625
224.82682418823242,-400000.0625,-8660.41015625,-2969.840087890625,-400000.0625,-13119.169921875,-400000.0625,4937.22021484375,-400000.0625
224.8268277645111,-400000.0625,-8675.3896484375,-2986.2900390625,-400000.0625,-13144.349609375,-400000.0625,4907.75,-400000.0625
224.82683181762695,-400000.0625,-8659.83984375,-2972.93994140625,-400000.0625,-13129.51953125,-400000.0625,4941.93994140625,-400000.0625
224.82683539390564,-400000.0625,-8639.4296875,-2946.330078125,-400000.0625,-13100.099609375,-400000.0625,4969.169921875,-400000.0625
224.82683897018433,-400000.0625,-8643.91015625,-2948.330078125,-400000.0625,-13101.3896484375,-400000.0625,4961.77978515625,-400000.0625
224.826842546463,-400000.0625,-8665.7099609375,-2967.550048828125,-400000.0625,-13124.08984375,-400000.0625,4936.31005859375,-400000.0625
224.8268461227417,-400000.0625,-8678.150390625,-2981.22998046875,-400000.0625,-13142.2099609375,-400000.0625,4918.6201171875,-400000.0625
224.82684969902039,-400000.0625,-8663.23046875,-2968.260009765625,-400000.0625,-13121.080078125,-400000.0625,4931.93017578125,-400000.0625
224.90194725990295,-400000.0625,-8639.0498046875,-2946.0,-400000.0625,-13092.3798828125,-400000.0625,4960.35009765625,-400000.0625
224.91546416282654,-400000.0625,-8642.8203125,-2956.10009765625,-400000.0625,-13096.0498046875,-400000.0625,4959.14990234375,-400000.0625
224.92037296295166,-400000.0625,-8674.9599609375,-2964.1201171875,-400000.0625,-13117.7900390625,-400000.0625,4942.66015625,-400000.0625
224.92038083076477,-400000.0625,-8702.23046875,-2980.659912109375,-400000.0625,-13136.4404296875,-400000.0625,4921.72021484375,-400000.0625
224.92038536071777,-400000.0625,-8695.4599609375,-2944.570068359375,-400000.0625,-13114.599609375,-400000.0625,4945.14013671875,-400000.0625
224.92038941383362,-400000.0625,-8669.7099609375,-2926.159912109375,-400000.0625,-13090.7998046875,-400000.0625,4981.22998046875,-400000.0625
224.92039322853088,-400000.0625,-8676.6298828125,-2921.10009765625,-400000.0625,-13091.9501953125,-400000.0625,4984.08984375,-400000.0625
224.92039704322815,-400000.0625,-8690.4501953125,-2947.18994140625,-400000.0625,-13114.6396484375,-400000.0625,4955.77001953125,-400000.0625
224.92040085792542,-400000.0625,-8735.75,-2979.570068359375,-400000.0625,-13131.099609375,-400000.0625,4915.0,-400000.0625
224.92040467262268,-400000.0625,-8723.7802734375,-2974.3701171875,-400000.0625,-13108.259765625,-400000.0625,4922.33984375,-400000.0625
224.92040872573853,-400000.0625,-8696.0302734375,-2951.0,-400000.0625,-13069.009765625,-400000.0625,4951.9501953125,-400000.0625
224.9204123020172,-400000.0625,-8714.5302734375,-2953.909912109375,-400000.0625,-13066.0498046875,-400000.0625,4966.64013671875,-400000.0625
224.9204158782959,-400000.0625,-8723.01953125,-2982.52001953125,-400000.0625,-13073.490234375,-400000.0625,4928.4501953125,-400000.0625
224.92041993141174,-400000.0625,-8767.7998046875,-3032.02001953125,-400000.0625,-13076.740234375,-400000.0625,4878.240234375,-400000.0625
224.92042350769043,-400000.0625,-8784.6796875,-3046.85009765625,-400000.0625,-13036.73046875,-400000.0625,4873.31982421875,-400000.0625
224.92042708396912,-400000.0625,-8820.919921875,-3015.469970703125,-400000.0625,-12991.240234375,-400000.0625,4903.02978515625,-400000.0625
224.93775939941406,-400000.0625,-8890.8203125,-3020.81005859375,-400000.0625,-12977.41015625,-400000.0625,4903.1298828125,-400000.0625
224.94256925582886,-400000.0625,-8924.150390625,-3073.5,-400000.0625,-12996.2001953125,-400000.0625,4859.72998046875,-400000.0625
224.9425768852234,-400000.0625,-8982.08984375,-3108.929931640625,-400000.0625,-13004.58984375,-400000.0625,4829.83984375,-400000.0625
224.9425811767578,-400000.0625,-8978.4599609375,-3106.830078125,-400000.0625,-12977.83984375,-400000.0625,4838.66015625,-400000.0625
224.94258546829224,-400000.0625,-8983.7998046875,-3088.6201171875,-400000.0625,-12942.740234375,-400000.0625,4855.5400390625,-400000.0625
224.94258952140808,-400000.0625,-9014.849609375,-3093.820068359375,-400000.0625,-12940.650390625,-400000.0625,4861.77978515625,-400000.0625
224.94259333610535,-400000.0625,-9063.5302734375,-3122.139892578125,-400000.0625,-12962.3896484375,-400000.0625,4837.47021484375,-400000.0625
224.9425971508026,-400000.0625,-9097.7197265625,-3148.030029296875,-400000.0625,-12979.7001953125,-400000.0625,4819.919921875,-400000.0625
224.9426007270813,-400000.0625,-9089.0400390625,-3133.679931640625,-400000.0625,-12956.48046875,-400000.0625,4845.43017578125,-400000.0625
224.94260430335999,-400000.0625,-9068.4404296875,-3110.4599609375,-400000.0625,-12923.9599609375,-400000.0625,4866.740234375,-400000.0625
224.94260835647583,-400000.0625,-9087.23046875,-3116.320068359375,-400000.0625,-12924.0498046875,-400000.0625,4864.7900390625,-400000.0625
224.9426121711731,-400000.0625,-9107.5,-3129.389892578125,-400000.0625,-12959.0498046875,-400000.0625,4851.72021484375,-400000.0625
224.94261574745178,-400000.0625,-9114.41015625,-3141.590087890625,-400000.0625,-12982.3701171875,-400000.0625,4840.759765625,-400000.0625
224.94261932373047,-400000.0625,-9088.5703125,-3124.239990234375,-400000.0625,-12964.2001953125,-400000.0625,4859.64013671875,-400000.0625
224.94262313842773,-400000.0625,-9048.419921875,-3089.3798828125,-400000.0625,-12935.830078125,-400000.0625,4879.669921875,-400000.0625
224.942626953125,-400000.0625,-9041.1201171875,-3088.050048828125,-400000.0625,-12940.3095703125,-400000.0625,4882.2900390625,-400000.0625
225.0178985595703,-400000.0625,-9052.23046875,-3107.1201171875,-400000.0625,-12973.599609375,-400000.0625,4859.259765625,-400000.0625
225.02720022201538,-400000.0625,-9053.419921875,-3124.7099609375,-400000.0625,-13009.41015625,-400000.0625,4844.14013671875,-400000.0625
225.0316081047058,-400000.0625,-9014.6103515625,-3098.389892578125,-400000.0625,-12997.580078125,-400000.0625,4868.64990234375,-400000.0625
225.03161525726318,-400000.0625,-8969.2099609375,-3064.72998046875,-400000.0625,-12968.58984375,-400000.0625,4886.52978515625,-400000.0625
225.03161931037903,-400000.0625,-8952.4296875,-3061.489990234375,-400000.0625,-12970.0703125,-400000.0625,4887.2998046875,-400000.0625
225.0316231250763,-400000.0625,-8963.16015625,-3083.989990234375,-400000.0625,-13003.400390625,-400000.0625,4864.35986328125,-400000.0625
225.0316264629364,-400000.0625,-8959.6298828125,-3095.47998046875,-400000.0625,-13031.580078125,-400000.0625,4845.0498046875,-400000.0625
225.0316300392151,-400000.0625,-8917.2900390625,-3069.639892578125,-400000.0625,-13015.4599609375,-400000.0625,4867.1298828125,-400000.0625
225.0316333770752,-400000.0625,-8879.1904296875,-3043.4599609375,-400000.0625,-12997.4404296875,-400000.0625,4896.259765625,-400000.0625
225.03163695335388,-400000.0625,-8863.6396484375,-3042.27001953125,-400000.0625,-13009.41015625,-400000.0625,4897.7900390625,-400000.0625
225.03164052963257,-400000.0625,-8870.98046875,-3063.72998046875,-400000.0625,-13039.2099609375,-400000.0625,4874.47021484375,-400000.0625
225.03164386749268,-400000.0625,-8874.5595703125,-3070.929931640625,-400000.0625,-13059.900390625,-400000.0625,4855.43994140625,-400000.0625
225.03164720535278,-400000.0625,-8840.419921875,-3045.320068359375,-400000.0625,-13045.0703125,-400000.0625,4884.39013671875,-400000.0625
225.0316505432129,-400000.0625,-8801.3203125,-3020.429931640625,-400000.0625,-13028.099609375,-400000.0625,4912.89990234375,-400000.0625
225.03165411949158,-400000.0625,-8789.0595703125,-3012.280029296875,-400000.0625,-13036.2998046875,-400000.0625,4907.7001953125,-400000.0625
225.03165745735168,-400000.0625,-8806.1796875,-3036.97998046875,-400000.0625,-13069.9697265625,-400000.0625,4890.10986328125,-400000.0625
225.06283569335938,-400000.0625,-8808.849609375,-3048.280029296875,-400000.0625,-13094.5703125,-400000.0625,4875.330078125,-400000.0625
225.06779861450195,-400000.0625,-8781.0498046875,-3026.909912109375,-400000.0625,-13076.5,-400000.0625,4904.41015625,-400000.0625
225.0678071975708,-400000.0625,-8745.150390625,-2995.679931640625,-400000.0625,-13047.509765625,-400000.0625,4934.68994140625,-400000.0625
225.0678117275238,-400000.0625,-8733.1298828125,-2993.389892578125,-400000.0625,-13050.75,-400000.0625,4928.77978515625,-400000.0625
225.06781601905823,-400000.0625,-8750.8701171875,-3010.699951171875,-400000.0625,-13083.169921875,-400000.0625,4909.419921875,-400000.0625
225.06782007217407,-400000.0625,-8762.9296875,-3026.679931640625,-400000.0625,-13103.490234375,-400000.0625,4892.72998046875,-400000.0625
225.06782388687134,-400000.0625,-8731.9404296875,-3002.02001953125,-400000.0625,-13081.8896484375,-400000.0625,4917.14990234375,-400000.0625
225.0678277015686,-400000.0625,-8704.419921875,-2981.22998046875,-400000.0625,-13067.099609375,-400000.0625,4948.08984375,-400000.0625
225.06783175468445,-400000.0625,-8696.650390625,-2977.179931640625,-400000.0625,-13074.919921875,-400000.0625,4947.89990234375,-400000.0625
225.06783533096313,-400000.0625,-8712.8203125,-2995.5400390625,-400000.0625,-13102.5302734375,-400000.0625,4927.06005859375,-400000.0625
225.0678391456604,-400000.0625,-8726.1201171875,-3013.330078125,-400000.0625,-13123.9404296875,-400000.0625,4911.27978515625,-400000.0625
225.06784296035767,-400000.0625,-8696.650390625,-2990.43994140625,-400000.0625,-13097.6201171875,-400000.0625,4935.5,-400000.0625
225.0678472518921,-400000.0625,-8661.990234375,-2956.010009765625,-400000.0625,-13070.6298828125,-400000.0625,4966.97021484375,-400000.0625
225.07213354110718,-400000.0625,-8663.849609375,-2957.9599609375,-400000.0625,-13078.3603515625,-400000.0625,4960.72998046875,-400000.0625
225.07214188575745,-400000.0625,-8684.400390625,-2980.280029296875,-400000.0625,-13103.2001953125,-400000.0625,4938.75,-400000.0625
225.07214617729187,-400000.0625,-8703.419921875,-2999.739990234375,-400000.0625,-13124.66015625,-400000.0625,4924.06005859375,-400000.0625
225.14904594421387,-400000.0625,-8678.8701171875,-2983.47998046875,-400000.0625,-13107.830078125,-400000.0625,4944.93994140625,-400000.0625
225.28100895881653,-400000.0625,-8608.4404296875,-2936.93994140625,-400000.0625,-13093.2802734375,-400000.0625,4963.77978515625,-400000.0625
225.3292417526245,-400000.0625,-8635.6201171875,-2962.639892578125,-400000.0625,-13126.1796875,-400000.0625,4942.7001953125,-400000.0625
225.38730263710022,-400000.0625,-8644.150390625,-2974.030029296875,-400000.0625,-13144.830078125,-400000.0625,4926.58984375,-400000.0625
225.46347284317017,-400000.0625,-8638.5302734375,-2969.60009765625,-400000.0625,-13120.7001953125,-400000.0625,4943.56005859375,-400000.0625
225.57995176315308,-400000.0625,-8591.2197265625,-2940.080078125,-400000.0625,-13100.2001953125,-400000.0625,4961.919921875,-400000.0625
225.6553132534027,-400000.0625,-8617.58984375,-2972.4599609375,-400000.0625,-13129.0,-400000.0625,4943.89990234375,-400000.0625
225.71184539794922,-400000.0625,-8645.150390625,-2997.679931640625,-400000.0625,-13150.98046875,-400000.0625,4923.14990234375,-400000.0625
225.76688694953918,-400000.0625,-8630.4697265625,-2978.090087890625,-400000.0625,-13140.3896484375,-400000.0625,4944.330078125,-400000.0625
225.83015489578247,-400000.0625,-8603.1396484375,-2961.02001953125,-400000.0625,-13102.33984375,-400000.0625,4972.64990234375,-400000.0625
225.91414546966553,-400000.0625,-8605.2900390625,-2961.110107421875,-400000.0625,-13109.8798828125,-400000.0625,4976.080078125,-400000.0625
225.99772143363953,-400000.0625,-8635.9501953125,-2986.18994140625,-400000.0625,-13126.9501953125,-400000.0625,4948.85986328125,-400000.0625
226.0852723121643,-400000.0625,-8615.5400390625,-2961.8701171875,-400000.0625,-13135.669921875,-400000.0625,4942.22998046875,-400000.0625
226.16690373420715,-400000.0625,-8605.91015625,-2949.760009765625,-400000.0625,-13118.599609375,-400000.0625,4959.580078125,-400000.0625
226.22198152542114,-400000.0625,-8600.2802734375,-2940.85009765625,-400000.0625,-13112.1201171875,-400000.0625,4960.25,-400000.0625
226.28037357330322,-400000.0625,-8629.0400390625,-2972.7900390625,-400000.0625,-13130.8603515625,-400000.0625,4936.83984375,-400000.0625
226.38675260543823,-400000.0625,-8638.0,-2981.22998046875,-400000.0625,-13137.91015625,-400000.0625,4938.93994140625,-400000.0625
226.42195320129395,-400000.0625,-8606.240234375,-2954.10009765625,-400000.0625,-13108.16015625,-400000.0625,4959.25,-400000.0625
226.48038625717163,-400000.0625,-8608.0595703125,-2959.010009765625,-400000.0625,-13112.5,-400000.0625,4965.5,-400000.0625
226.61386013031006,-400000.0625,-8634.6201171875,-2979.0400390625,-400000.0625,-13139.580078125,-400000.0625,4935.22021484375,-400000.0625
226.66966724395752,-400000.0625,-8657.41015625,-2998.8798828125,-400000.0625,-13152.8896484375,-400000.0625,4919.6201171875,-400000.0625
226.7456750869751,-400000.0625,-8643.490234375,-2980.3798828125,-400000.0625,-13142.0595703125,-400000.0625,4934.97998046875,-400000.0625
226.81307673454285,-400000.0625,-8621.8798828125,-2959.780029296875,-400000.0625,-13121.9404296875,-400000.0625,4949.330078125,-400000.0625
226.8753969669342,-400000.0625,-8606.9599609375,-2944.139892578125,-400000.0625,-13115.0703125,-400000.0625,4966.77978515625,-400000.0625
226.9194712638855,-400000.0625,-8629.990234375,-2970.219970703125,-400000.0625,-13149.169921875,-400000.0625,4943.31982421875,-400000.0625
226.99453496932983,-400000.0625,-8647.6298828125,-2993.06005859375,-400000.0625,-13167.7197265625,-400000.0625,4924.6298828125,-400000.0625
227.0869767665863,-400000.0625,-8635.4697265625,-2982.18994140625,-400000.0625,-13151.5,-400000.0625,4936.1201171875,-400000.0625
227.1242527961731,-400000.0625,-8616.3095703125,-2957.72998046875,-400000.0625,-13121.1298828125,-400000.0625,4966.68994140625,-400000.0625
227.13543057441711,-400000.0625,-8608.3896484375,-2949.050048828125,-400000.0625,-13115.6904296875,-400000.0625,4969.31005859375,-400000.0625
227.14069867134094,-400000.0625,-8633.9501953125,-2974.56005859375,-400000.0625,-13146.01953125,-400000.0625,4946.89990234375,-400000.0625
227.14505219459534,-400000.0625,-8654.3095703125,-2995.679931640625,-400000.0625,-13166.759765625,-400000.0625,4927.830078125,-400000.0625
227.14506101608276,-400000.0625,-8634.51953125,-2974.610107421875,-400000.0625,-13143.6396484375,-400000.0625,4942.27001953125,-400000.0625
227.14506578445435,-400000.0625,-8609.33984375,-2950.2900390625,-400000.0625,-13115.599609375,-400000.0625,4971.22021484375,-400000.0625
227.14507007598877,-400000.0625,-8603.669921875,-2945.3798828125,-400000.0625,-13111.5498046875,-400000.0625,4980.18017578125,-400000.0625
227.1450743675232,-400000.0625,-8629.6103515625,-2970.409912109375,-400000.0625,-13134.5302734375,-400000.0625,4952.85986328125,-400000.0625
227.14507842063904,-400000.0625,-8651.9296875,-2989.820068359375,-400000.0625,-13159.08984375,-400000.0625,4928.490234375,-400000.0625
227.14508295059204,-400000.0625,-8637.240234375,-2972.60009765625,-400000.0625,-13147.6396484375,-400000.0625,4944.75,-400000.0625
227.14508700370789,-400000.0625,-8616.4501953125,-2956.9599609375,-400000.0625,-13123.5595703125,-400000.0625,4965.68994140625,-400000.0625
227.14509081840515,-400000.0625,-8606.8603515625,-2950.6201171875,-400000.0625,-13120.1298828125,-400000.0625,4966.2099609375,-400000.0625
227.14509439468384,-400000.0625,-8632.4697265625,-2974.840087890625,-400000.0625,-13142.8701171875,-400000.0625,4943.56005859375,-400000.0625
227.14509797096252,-400000.0625,-8656.41015625,-2997.260009765625,-400000.0625,-13165.330078125,-400000.0625,4929.10986328125,-400000.0625
227.1451017856598,-400000.0625,-8637.2900390625,-2977.1298828125,-400000.0625,-13145.58984375,-400000.0625,4944.47021484375,-400000.0625
227.14510536193848,-400000.0625,-8616.7802734375,-2953.580078125,-400000.0625,-13120.0302734375,-400000.0625,4966.35009765625,-400000.0625
227.1802294254303,-400000.0625,-8614.6396484375,-2946.469970703125,-400000.0625,-13113.3603515625,-400000.0625,4971.080078125,-400000.0625
227.18570256233215,-400000.0625,-8634.51953125,-2971.60009765625,-400000.0625,-13140.7802734375,-400000.0625,4945.759765625,-400000.0625
227.19083189964294,-400000.0625,-8662.7001953125,-2997.39990234375,-400000.0625,-13166.1396484375,-400000.0625,4923.72998046875,-400000.0625
227.19515180587769,-400000.0625,-8647.6796875,-2985.669921875,-400000.0625,-13153.26953125,-400000.0625,4933.740234375,-400000.0625
227.19516110420227,-400000.0625,-8622.7001953125,-2961.489990234375,-400000.0625,-13127.849609375,-400000.0625,4963.5400390625,-400000.0625
227.19516563415527,-400000.0625,-8610.9599609375,-2948.18994140625,-400000.0625,-13117.83984375,-400000.0625,4971.41015625,-400000.0625
227.19516944885254,-400000.0625,-8637.669921875,-2975.889892578125,-400000.0625,-13141.009765625,-400000.0625,4944.22998046875,-400000.0625
227.1951732635498,-400000.0625,-8662.75,-2999.929931640625,-400000.0625,-13169.0,-400000.0625,4925.8701171875,-400000.0625
227.19517731666565,-400000.0625,-8645.9599609375,-2983.280029296875,-400000.0625,-13155.080078125,-400000.0625,4934.93017578125,-400000.0625
227.19518089294434,-400000.0625,-8632.419921875,-2967.169921875,-400000.0625,-13127.08984375,-400000.0625,4962.2099609375,-400000.0625
227.19518446922302,-400000.0625,-8624.98046875,-2957.5400390625,-400000.0625,-13117.3603515625,-400000.0625,4967.06982421875,-400000.0625
227.1951882839203,-400000.0625,-8645.33984375,-2979.469970703125,-400000.0625,-13146.5,-400000.0625,4935.64990234375,-400000.0625
227.19519233703613,-400000.0625,-8667.419921875,-3000.68994140625,-400000.0625,-13169.150390625,-400000.0625,4924.68017578125,-400000.0625
227.1951961517334,-400000.0625,-8652.6396484375,-2985.6201171875,-400000.0625,-13155.0302734375,-400000.0625,4941.22998046875,-400000.0625
227.19519972801208,-400000.0625,-8630.3701171875,-2964.8798828125,-400000.0625,-13131.0,-400000.0625,4962.16015625,-400000.0625
227.1952040195465,-400000.0625,-8626.080078125,-2958.35009765625,-400000.0625,-13119.75,-400000.0625,4975.1298828125,-400000.0625
227.24669694900513,-400000.0625,-8649.400390625,-2982.0,-400000.0625,-13137.8203125,-400000.0625,4948.759765625,-400000.0625
227.25787448883057,-400000.0625,-8678.7197265625,-3004.739990234375,-400000.0625,-13165.3798828125,-400000.0625,4915.0498046875,-400000.0625
227.2626667022705,-400000.0625,-8663.0400390625,-2989.820068359375,-400000.0625,-13152.7900390625,-400000.0625,4932.64013671875,-400000.0625
227.2626757621765,-400000.0625,-8635.6201171875,-2969.360107421875,-400000.0625,-13129.7099609375,-400000.0625,4957.39013671875,-400000.0625
227.26268076896667,-400000.0625,-8626.7001953125,-2959.35009765625,-400000.0625,-13115.7900390625,-400000.0625,4959.97021484375,-400000.0625
227.2626850605011,-400000.0625,-8653.6904296875,-2992.340087890625,-400000.0625,-13141.58984375,-400000.0625,4940.27001953125,-400000.0625
227.2626895904541,-400000.0625,-8687.830078125,-3017.469970703125,-400000.0625,-13168.0498046875,-400000.0625,4910.52001953125,-400000.0625
227.26269340515137,-400000.0625,-8671.48046875,-2987.47998046875,-400000.0625,-13151.4599609375,-400000.0625,4934.93017578125,-400000.0625
227.2626976966858,-400000.0625,-8644.4404296875,-2964.2099609375,-400000.0625,-13123.3203125,-400000.0625,4956.6298828125,-400000.0625
227.26270127296448,-400000.0625,-8645.8701171875,-2959.300048828125,-400000.0625,-13115.259765625,-400000.0625,4962.02001953125,-400000.0625
227.2627055644989,-400000.0625,-8671.7099609375,-2984.0,-400000.0625,-13141.6796875,-400000.0625,4934.35986328125,-400000.0625
227.2627091407776,-400000.0625,-8698.849609375,-3017.81005859375,-400000.0625,-13169.91015625,-400000.0625,4911.9501953125,-400000.0625
227.26271295547485,-400000.0625,-8689.830078125,-2998.780029296875,-400000.0625,-13141.009765625,-400000.0625,4926.58984375,-400000.0625
227.26271629333496,-400000.0625,-8673.099609375,-2975.800048828125,-400000.0625,-13100.7197265625,-400000.0625,4950.240234375,-400000.0625
227.2627203464508,-400000.0625,-8691.1201171875,-2958.820068359375,-400000.0625,-13098.7197265625,-400000.0625,4972.64990234375,-400000.0625
227.26272416114807,-400000.0625,-8723.98046875,-2963.590087890625,-400000.0625,-13130.08984375,-400000.0625,4948.47021484375,-400000.0625
227.31731176376343,-400000.0625,-8753.009765625,-2995.43994140625,-400000.0625,-13151.8896484375,-400000.0625,4928.4501953125,-400000.0625
227.32269382476807,-400000.0625,-8729.8896484375,-3001.739990234375,-400000.0625,-13135.150390625,-400000.0625,4922.919921875,-400000.0625
227.32701802253723,-400000.0625,-8737.9501953125,-2967.7900390625,-400000.0625,-13103.1103515625,-400000.0625,4943.89990234375,-400000.0625
227.32702779769897,-400000.0625,-8722.9296875,-2963.919921875,-400000.0625,-13085.3203125,-400000.0625,4955.91015625,-400000.0625
227.32703232765198,-400000.0625,-8755.400390625,-2997.39990234375,-400000.0625,-13108.73046875,-400000.0625,4935.35986328125,-400000.0625
227.32703614234924,-400000.0625,-8760.740234375,-3035.590087890625,-400000.0625,-13118.8896484375,-400000.0625,4897.93017578125,-400000.0625
227.3270399570465,-400000.0625,-8754.400390625,-3042.840087890625,-400000.0625,-13088.080078125,-400000.0625,4894.830078125,-400000.0625
227.3270435333252,-400000.0625,-8765.650390625,-3031.110107421875,-400000.0625,-13042.5,-400000.0625,4905.64990234375,-400000.0625
227.32704734802246,-400000.0625,-8798.4599609375,-3038.550048828125,-400000.0625,-13016.0302734375,-400000.0625,4908.509765625,-400000.0625
227.3270514011383,-400000.0625,-8874.75,-3077.699951171875,-400000.0625,-13030.48046875,-400000.0625,4872.56005859375,-400000.0625
227.327054977417,-400000.0625,-8939.1201171875,-3116.93994140625,-400000.0625,-13047.83984375,-400000.0625,4839.22998046875,-400000.0625
227.32705903053284,-400000.0625,-8947.66015625,-3109.8798828125,-400000.0625,-13026.240234375,-400000.0625,4852.9599609375,-400000.0625
227.32706260681152,-400000.0625,-8941.509765625,-3088.760009765625,-400000.0625,-12995.240234375,-400000.0625,4881.669921875,-400000.0625
227.3270661830902,-400000.0625,-8946.2802734375,-3077.699951171875,-400000.0625,-12987.849609375,-400000.0625,4883.47998046875,-400000.0625
227.3270697593689,-400000.0625,-8985.849609375,-3102.8798828125,-400000.0625,-13017.3203125,-400000.0625,4857.2099609375,-400000.0625
227.32707333564758,-400000.0625,-9007.259765625,-3121.18994140625,-400000.0625,-13045.1201171875,-400000.0625,4837.27978515625,-400000.0625
227.38065481185913,-400000.0625,-8989.9599609375,-3101.2099609375,-400000.0625,-13031.91015625,-400000.0625,4847.10009765625,-400000.0625
227.39034342765808,-400000.0625,-8958.8701171875,-3078.64990234375,-400000.0625,-13007.01953125,-400000.0625,4881.669921875,-400000.0625
227.3948585987091,-400000.0625,-8939.7900390625,-3067.2099609375,-400000.0625,-12998.8203125,-400000.0625,4890.81982421875,-400000.0625
227.39486646652222,-400000.0625,-8950.3798828125,-3085.179931640625,-400000.0625,-13034.580078125,-400000.0625,4862.8798828125,-400000.0625
227.39487075805664,-400000.0625,-8961.919921875,-3111.1201171875,-400000.0625,-13071.400390625,-400000.0625,4838.27978515625,-400000.0625
227.39487528800964,-400000.0625,-8921.4296875,-3081.659912109375,-400000.0625,-13059.3798828125,-400000.0625,4855.2998046875,-400000.0625
227.3948791027069,-400000.0625,-8880.66015625,-3053.860107421875,-400000.0625,-13035.349609375,-400000.0625,4877.0400390625,-400000.0625
227.39488291740417,-400000.0625,-8863.8798828125,-3046.56005859375,-400000.0625,-13030.7197265625,-400000.0625,4884.2900390625,-400000.0625
227.39488649368286,-400000.0625,-8873.3203125,-3067.830078125,-400000.0625,-13058.0,-400000.0625,4865.1201171875,-400000.0625
227.39489006996155,-400000.0625,-8876.2802734375,-3088.469970703125,-400000.0625,-13092.8095703125,-400000.0625,4847.240234375,-400000.0625
227.3948938846588,-400000.0625,-8843.4697265625,-3064.72998046875,-400000.0625,-13080.0703125,-400000.0625,4868.7900390625,-400000.0625
227.3948974609375,-400000.0625,-8809.4697265625,-3038.68994140625,-400000.0625,-13058.5703125,-400000.0625,4895.5,-400000.0625
227.3949010372162,-400000.0625,-8785.009765625,-3025.340087890625,-400000.0625,-13055.08984375,-400000.0625,4905.89013671875,-400000.0625
227.39490485191345,-400000.0625,-8794.400390625,-3042.510009765625,-400000.0625,-13083.7900390625,-400000.0625,4882.669921875,-400000.0625
227.39490818977356,-400000.0625,-8808.419921875,-3063.14990234375,-400000.0625,-13112.1201171875,-400000.0625,4861.39990234375,-400000.0625
227.39491200447083,-400000.0625,-8783.8203125,-3042.219970703125,-400000.0625,-13100.8603515625,-400000.0625,4876.759765625,-400000.0625
227.47346782684326,-400000.0625,-8752.490234375,-3013.989990234375,-400000.0625,-13079.4501953125,-400000.0625,4906.7998046875,-400000.0625
227.4830424785614,-400000.0625,-8730.9404296875,-3001.97998046875,-400000.0625,-13077.58984375,-400000.0625,4922.72021484375,-400000.0625
227.49282360076904,-400000.0625,-8741.8095703125,-3017.6201171875,-400000.0625,-13105.25,-400000.0625,4902.1201171875,-400000.0625
227.49712872505188,-400000.0625,-8760.8798828125,-3041.360107421875,-400000.0625,-13133.0,-400000.0625,4877.6201171875,-400000.0625
227.49713683128357,-400000.0625,-8733.23046875,-3024.77001953125,-400000.0625,-13126.9501953125,-400000.0625,4903.4599609375,-400000.0625
227.497141122818,-400000.0625,-8699.3701171875,-2997.39990234375,-400000.0625,-13099.4296875,-400000.0625,4928.919921875,-400000.0625
227.4971444606781,-400000.0625,-8688.4501953125,-2989.860107421875,-400000.0625,-13087.849609375,-400000.0625,4937.27001953125,-400000.0625
227.4971480369568,-400000.0625,-8707.759765625,-3009.4599609375,-400000.0625,-13120.2197265625,-400000.0625,4915.85986328125,-400000.0625
227.49715113639832,-400000.0625,-8731.9404296875,-3031.5400390625,-400000.0625,-13148.01953125,-400000.0625,4899.31005859375,-400000.0625
227.49715423583984,-400000.0625,-8709.7197265625,-3012.659912109375,-400000.0625,-13136.25,-400000.0625,4914.0498046875,-400000.0625
227.49715781211853,-400000.0625,-8673.4296875,-2985.10009765625,-400000.0625,-13116.1201171875,-400000.0625,4948.330078125,-400000.0625
227.49716091156006,-400000.0625,-8655.259765625,-2973.510009765625,-400000.0625,-13110.2099609375,-400000.0625,4961.2099609375,-400000.0625
227.49716424942017,-400000.0625,-8673.8095703125,-2992.8701171875,-400000.0625,-13134.91015625,-400000.0625,4934.1201171875,-400000.0625
227.49716758728027,-400000.0625,-8697.6103515625,-3015.280029296875,-400000.0625,-13156.83984375,-400000.0625,4908.22998046875,-400000.0625
227.4971706867218,-400000.0625,-8677.099609375,-2997.35009765625,-400000.0625,-13141.73046875,-400000.0625,4922.6298828125,-400000.0625
227.49717378616333,-400000.0625,-8646.0595703125,-2966.739990234375,-400000.0625,-13115.4599609375,-400000.0625,4954.14990234375,-400000.0625
227.49717688560486,-400000.0625,-8631.990234375,-2955.8701171875,-400000.0625,-13106.2998046875,-400000.0625,4966.830078125,-400000.0625
227.4971799850464,-400000.0625,-8654.5,-2979.330078125,-400000.0625,-13141.73046875,-400000.0625,4941.18017578125,-400000.0625
227.4971833229065,-400000.0625,-8677.33984375,-3003.97998046875,-400000.0625,-13163.0400390625,-400000.0625,4912.81005859375,-400000.0625
227.49718618392944,-400000.0625,-8663.8896484375,-2987.340087890625,-400000.0625,-13152.98046875,-400000.0625,4929.68994140625,-400000.0625
227.49718976020813,-400000.0625,-8637.5703125,-2967.8798828125,-400000.0625,-13130.900390625,-400000.0625,4960.35009765625,-400000.0625
227.4971935749054,-400000.0625,-8625.83984375,-2958.25,-400000.0625,-13118.8896484375,-400000.0625,4971.89013671875,-400000.0625
227.49719643592834,-400000.0625,-8646.7802734375,-2975.320068359375,-400000.0625,-13142.2998046875,-400000.0625,4939.080078125,-400000.0625
227.49719977378845,-400000.0625,-8668.330078125,-2999.5,-400000.0625,-13168.91015625,-400000.0625,4922.68017578125,-400000.0625
227.49720335006714,-400000.0625,-8655.6904296875,-2988.340087890625,-400000.0625,-13151.5498046875,-400000.0625,4940.02978515625,-400000.0625
227.49720668792725,-400000.0625,-8628.990234375,-2959.6298828125,-400000.0625,-13128.23046875,-400000.0625,4966.39990234375,-400000.0625
227.49721026420593,-400000.0625,-8615.4501953125,-2948.860107421875,-400000.0625,-13119.26953125,-400000.0625,4975.1298828125,-400000.0625
227.49721550941467,-400000.0625,-8636.5703125,-2970.840087890625,-400000.0625,-13143.0595703125,-400000.0625,4951.43017578125,-400000.0625
227.49721884727478,-400000.0625,-8665.5595703125,-2993.489990234375,-400000.0625,-13173.4404296875,-400000.0625,4932.39990234375,-400000.0625
227.4972219467163,-400000.0625,-8647.009765625,-2982.330078125,-400000.0625,-13157.0400390625,-400000.0625,4941.990234375,-400000.0625
227.49722528457642,-400000.0625,-8618.259765625,-2957.43994140625,-400000.0625,-13131.9501953125,-400000.0625,4960.77978515625,-400000.0625
227.49722909927368,-400000.0625,-8608.91015625,-2946.7099609375,-400000.0625,-13121.8896484375,-400000.0625,4981.66015625,-400000.0625
227.56289052963257,-400000.0625,-8637.330078125,-2972.030029296875,-400000.0625,-13147.259765625,-400000.0625,4951.91015625,-400000.0625
227.56793999671936,-400000.0625,-8665.1796875,-2999.35009765625,-400000.0625,-13176.1103515625,-400000.0625,4930.02001953125,-400000.0625
227.57265400886536,-400000.0625,-8647.0595703125,-2981.760009765625,-400000.0625,-13156.8896484375,-400000.0625,4941.7998046875,-400000.0625
227.57266283035278,-400000.0625,-8621.599609375,-2957.25,-400000.0625,-13127.5703125,-400000.0625,4967.1201171875,-400000.0625
227.57266783714294,-400000.0625,-8617.0703125,-2948.0,-400000.0625,-13121.990234375,-400000.0625,4975.27001953125,-400000.0625
227.5726718902588,-400000.0625,-8639.669921875,-2973.1298828125,-400000.0625,-13147.7802734375,-400000.0625,4948.66015625,-400000.0625
227.5726761817932,-400000.0625,-8661.83984375,-2996.5400390625,-400000.0625,-13172.6796875,-400000.0625,4935.89013671875,-400000.0625
227.57268023490906,-400000.0625,-8644.2998046875,-2981.0400390625,-400000.0625,-13158.5595703125,-400000.0625,4943.1298828125,-400000.0625
227.5726842880249,-400000.0625,-8620.1201171875,-2960.06005859375,-400000.0625,-13137.8701171875,-400000.0625,4954.10009765625,-400000.0625
227.57268857955933,-400000.0625,-8609.0595703125,-2947.0400390625,-400000.0625,-13123.4697265625,-400000.0625,4976.7998046875,-400000.0625
227.57269263267517,-400000.0625,-8632.990234375,-2972.030029296875,-400000.0625,-13149.83984375,-400000.0625,4952.6201171875,-400000.0625
227.5726969242096,-400000.0625,-8655.1201171875,-2994.35009765625,-400000.0625,-13175.919921875,-400000.0625,4929.72998046875,-400000.0625
227.57270097732544,-400000.0625,-8639.669921875,-2977.93994140625,-400000.0625,-13160.4697265625,-400000.0625,4945.08984375,-400000.0625
227.57270526885986,-400000.0625,-8616.2099609375,-2952.429931640625,-400000.0625,-13130.9501953125,-400000.0625,4970.41015625,-400000.0625
227.57270979881287,-400000.0625,-8610.6796875,-2946.18994140625,-400000.0625,-13122.419921875,-400000.0625,4980.22998046875,-400000.0625
227.5727138519287,-400000.0625,-8629.849609375,-2965.97998046875,-400000.0625,-13149.259765625,-400000.0625,4952.56982421875,-400000.0625
227.63040208816528,-400000.0625,-8652.5,-2991.010009765625,-400000.0625,-13174.3896484375,-400000.0625,4929.10986328125,-400000.0625
227.697527885437,-400000.0625,-8643.6796875,-2980.179931640625,-400000.0625,-13160.419921875,-400000.0625,4939.56005859375,-400000.0625
227.76683926582336,-400000.0625,-8612.400390625,-2950.530029296875,-400000.0625,-13143.25,-400000.0625,4967.06982421875,-400000.0625
227.86029362678528,-400000.0625,-8590.7001953125,-2936.1298828125,-400000.0625,-13126.4697265625,-400000.0625,4984.7099609375,-400000.0625
227.88207697868347,-400000.0625,-8614.6396484375,-2959.159912109375,-400000.0625,-13151.5498046875,-400000.0625,4954.240234375,-400000.0625
227.98557114601135,-400000.0625,-8647.16015625,-2985.2900390625,-400000.0625,-13175.0595703125,-400000.0625,4929.5,-400000.0625
228.01400017738342,-400000.0625,-8628.4599609375,-2970.080078125,-400000.0625,-13161.5703125,-400000.0625,4946.419921875,-400000.0625
228.0703763961792,-400000.0625,-8609.6298828125,-2943.610107421875,-400000.0625,-13122.509765625,-400000.0625,4969.169921875,-400000.0625
228.1469337940216,-400000.0625,-8625.41015625,-2952.909912109375,-400000.0625,-13146.740234375,-400000.0625,4967.5,-400000.0625
228.21393585205078,-400000.0625,-8650.6396484375,-2978.3701171875,-400000.0625,-13166.099609375,-400000.0625,4947.52001953125,-400000.0625
228.26798176765442,-400000.0625,-8633.9501953125,-2959.43994140625,-400000.0625,-13159.3701171875,-400000.0625,4958.39013671875,-400000.0625
228.33048677444458,-400000.0625,-8641.2900390625,-2958.679931640625,-400000.0625,-13155.650390625,-400000.0625,4954.14990234375,-400000.0625
228.4634199142456,-400000.0625,-8630.5595703125,-2946.6201171875,-400000.0625,-13144.7802734375,-400000.0625,4972.89013671875,-400000.0625
228.51956486701965,-400000.0625,-8623.599609375,-2946.6201171875,-400000.0625,-13143.58984375,-400000.0625,4973.7001953125,-400000.0625
228.588472366333,-400000.0625,-8658.650390625,-2977.090087890625,-400000.0625,-13171.2900390625,-400000.0625,4948.66015625,-400000.0625
228.71666550636292,-400000.0625,-8615.6904296875,-2925.72998046875,-400000.0625,-13115.740234375,-400000.0625,4994.580078125,-400000.0625
228.7805459499359,-400000.0625,-8616.5400390625,-2930.2099609375,-400000.0625,-13120.75,-400000.0625,4996.43994140625,-400000.0625
228.84706449508667,-400000.0625,-8642.25,-2950.6201171875,-400000.0625,-13140.5400390625,-400000.0625,4970.06982421875,-400000.0625
228.9330780506134,-400000.0625,-8660.0302734375,-2967.550048828125,-400000.0625,-13161.330078125,-400000.0625,4951.18994140625,-400000.0625
228.98067617416382,-400000.0625,-8654.4501953125,-2962.260009765625,-400000.0625,-13142.6396484375,-400000.0625,4962.39990234375,-400000.0625
229.030522108078,-400000.0625,-8602.759765625,-2907.610107421875,-400000.0625,-13106.58984375,-400000.0625,5001.97021484375,-400000.0625
229.11421918869019,-400000.0625,-8642.6298828125,-2937.080078125,-400000.0625,-13126.6103515625,-400000.0625,4972.169921875,-400000.0625
229.17180609703064,-400000.0625,-8644.6796875,-2942.85009765625,-400000.0625,-13129.9501953125,-400000.0625,4972.64990234375,-400000.0625
229.33061242103577,-400000.0625,-8646.5400390625,-2942.89990234375,-400000.0625,-13124.4697265625,-400000.0625,4976.56005859375,-400000.0625
229.35036373138428,-400000.0625,-8631.1796875,-2923.43994140625,-400000.0625,-13100.33984375,-400000.0625,4998.490234375,-400000.0625
229.41924118995667,-400000.0625,-8642.8701171875,-2927.639892578125,-400000.0625,-13110.3095703125,-400000.0625,4992.39013671875,-400000.0625
229.54579377174377,-400000.0625,-8686.9697265625,-2974.3701171875,-400000.0625,-13149.83984375,-400000.0625,4932.5498046875,-400000.0625
229.60812735557556,-400000.0625,-8674.76953125,-2966.1201171875,-400000.0625,-13151.080078125,-400000.0625,4943.7998046875,-400000.0625
229.61415553092957,-400000.0625,-8651.5400390625,-2947.0400390625,-400000.0625,-13124.0400390625,-400000.0625,4971.89013671875,-400000.0625
229.6189363002777,-400000.0625,-8634.4697265625,-2928.639892578125,-400000.0625,-13098.76953125,-400000.0625,4986.18994140625,-400000.0625
229.61894536018372,-400000.0625,-8663.7998046875,-2953.9599609375,-400000.0625,-13131.1904296875,-400000.0625,4963.68017578125,-400000.0625
229.61895060539246,-400000.0625,-8687.9296875,-2979.22998046875,-400000.0625,-13161.419921875,-400000.0625,4939.83984375,-400000.0625
229.61895489692688,-400000.0625,-8682.73046875,-2971.360107421875,-400000.0625,-13154.650390625,-400000.0625,4948.14013671875,-400000.0625
229.61895895004272,-400000.0625,-8657.8896484375,-2943.56005859375,-400000.0625,-13124.849609375,-400000.0625,4968.06982421875,-400000.0625
229.61896276474,-400000.0625,-8638.9599609375,-2928.2099609375,-400000.0625,-13102.6298828125,-400000.0625,4985.7099609375,-400000.0625
229.61896681785583,-400000.0625,-8663.419921875,-2945.469970703125,-400000.0625,-13127.0400390625,-400000.0625,4969.83984375,-400000.0625
229.6189706325531,-400000.0625,-8683.6298828125,-2970.030029296875,-400000.0625,-13156.75,-400000.0625,4947.08984375,-400000.0625
229.61897468566895,-400000.0625,-8680.2001953125,-2967.639892578125,-400000.0625,-13154.4599609375,-400000.0625,4950.18994140625,-400000.0625
229.6189785003662,-400000.0625,-8661.1796875,-2944.85009765625,-400000.0625,-13124.900390625,-400000.0625,4974.02978515625,-400000.0625
229.61898183822632,-400000.0625,-8639.2900390625,-2923.8701171875,-400000.0625,-13102.4404296875,-400000.0625,4990.39013671875,-400000.0625
229.61898589134216,-400000.0625,-8661.080078125,-2944.22998046875,-400000.0625,-13122.3203125,-400000.0625,4964.02001953125,-400000.0625
229.61898970603943,-400000.0625,-8687.1201171875,-2970.409912109375,-400000.0625,-13151.599609375,-400000.0625,4942.1298828125,-400000.0625
229.61899328231812,-400000.0625,-8684.25,-2970.7900390625,-400000.0625,-13151.2197265625,-400000.0625,4947.9501953125,-400000.0625
229.68432474136353,-400000.0625,-8661.5595703125,-2946.0,-400000.0625,-13121.1298828125,-400000.0625,4972.60009765625,-400000.0625
229.69355964660645,-400000.0625,-8635.0,-2923.35009765625,-400000.0625,-13102.76953125,-400000.0625,4991.43994140625,-400000.0625
229.69796991348267,-400000.0625,-8656.41015625,-2942.610107421875,-400000.0625,-13126.66015625,-400000.0625,4968.60009765625,-400000.0625
229.69797778129578,-400000.0625,-8681.8701171875,-2966.1201171875,-400000.0625,-13148.169921875,-400000.0625,4944.47021484375,-400000.0625
229.6979820728302,-400000.0625,-8682.919921875,-2967.7900390625,-400000.0625,-13145.0703125,-400000.0625,4951.9501953125,-400000.0625
229.6979866027832,-400000.0625,-8654.7900390625,-2937.60009765625,-400000.0625,-13129.1904296875,-400000.0625,4974.990234375,-400000.0625
229.69799041748047,-400000.0625,-8629.66015625,-2914.2900390625,-400000.0625,-13106.0595703125,-400000.0625,4990.240234375,-400000.0625
229.69799399375916,-400000.0625,-8655.1201171875,-2940.610107421875,-400000.0625,-13125.9501953125,-400000.0625,4975.1298828125,-400000.0625
229.69799780845642,-400000.0625,-8681.6796875,-2966.1201171875,-400000.0625,-13152.7900390625,-400000.0625,4949.89990234375,-400000.0625
229.6980013847351,-400000.0625,-8675.0498046875,-2959.820068359375,-400000.0625,-13150.5,-400000.0625,4950.47998046875,-400000.0625
229.69800543785095,-400000.0625,-8656.3603515625,-2938.1298828125,-400000.0625,-13122.0400390625,-400000.0625,4973.83984375,-400000.0625
229.69800925254822,-400000.0625,-8631.7099609375,-2917.340087890625,-400000.0625,-13102.8203125,-400000.0625,4995.2998046875,-400000.0625
229.6980128288269,-400000.0625,-8654.1201171875,-2938.60009765625,-400000.0625,-13126.419921875,-400000.0625,4967.64013671875,-400000.0625
229.69801664352417,-400000.0625,-8684.73046875,-2969.929931640625,-400000.0625,-13148.2099609375,-400000.0625,4948.18994140625,-400000.0625
229.69802117347717,-400000.0625,-8676.240234375,-2965.639892578125,-400000.0625,-13143.490234375,-400000.0625,4952.14990234375,-400000.0625
229.69802474975586,-400000.0625,-8649.6396484375,-2935.7900390625,-400000.0625,-13124.900390625,-400000.0625,4973.169921875,-400000.0625
229.7468855381012,-400000.0625,-8634.0400390625,-2919.9599609375,-400000.0625,-13104.76953125,-400000.0625,4998.35009765625,-400000.0625
229.75175404548645,-400000.0625,-8655.3095703125,-2940.75,-400000.0625,-13127.849609375,-400000.0625,4965.06982421875,-400000.0625
229.75176215171814,-400000.0625,-8675.0498046875,-2964.5400390625,-400000.0625,-13156.3701171875,-400000.0625,4944.52001953125,-400000.0625
229.75176644325256,-400000.0625,-8673.4296875,-2964.5400390625,-400000.0625,-13150.7900390625,-400000.0625,4954.77001953125,-400000.0625
229.7517704963684,-400000.0625,-8646.8701171875,-2933.030029296875,-400000.0625,-13114.169921875,-400000.0625,4971.31005859375,-400000.0625
229.75177478790283,-400000.0625,-8629.419921875,-2915.719970703125,-400000.0625,-13096.8095703125,-400000.0625,4986.81005859375,-400000.0625
229.75177836418152,-400000.0625,-8649.58984375,-2938.93994140625,-400000.0625,-13125.75,-400000.0625,4973.7001953125,-400000.0625
229.75178217887878,-400000.0625,-8671.8095703125,-2959.35009765625,-400000.0625,-13146.58984375,-400000.0625,4946.89990234375,-400000.0625
229.75178575515747,-400000.0625,-8666.419921875,-2953.389892578125,-400000.0625,-13137.150390625,-400000.0625,4951.9501953125,-400000.0625
229.75178933143616,-400000.0625,-8643.9599609375,-2932.169921875,-400000.0625,-13112.3603515625,-400000.0625,4979.0400390625,-400000.0625
229.75179290771484,-400000.0625,-8623.5498046875,-2916.340087890625,-400000.0625,-13098.8603515625,-400000.0625,5001.2099609375,-400000.0625
229.7517967224121,-400000.0625,-8647.1103515625,-2938.080078125,-400000.0625,-13124.1796875,-400000.0625,4976.1298828125,-400000.0625
229.7518002986908,-400000.0625,-8673.3798828125,-2962.260009765625,-400000.0625,-13150.7900390625,-400000.0625,4944.08984375,-400000.0625
229.75180387496948,-400000.0625,-8666.849609375,-2961.639892578125,-400000.0625,-13150.0302734375,-400000.0625,4944.7099609375,-400000.0625
229.75180745124817,-400000.0625,-8643.150390625,-2940.989990234375,-400000.0625,-13125.849609375,-400000.0625,4966.64013671875,-400000.0625
229.75181102752686,-400000.0625,-8628.419921875,-2918.530029296875,-400000.0625,-13101.5302734375,-400000.0625,4982.9501953125,-400000.0625
229.81400632858276,-400000.0625,-8654.1201171875,-2941.800048828125,-400000.0625,-13126.7998046875,-400000.0625,4972.89013671875,-400000.0625
229.8253993988037,-400000.0625,-8678.0595703125,-2966.830078125,-400000.0625,-13151.740234375,-400000.0625,4940.419921875,-400000.0625
229.8319764137268,-400000.0625,-8671.240234375,-2960.35009765625,-400000.0625,-13152.26953125,-400000.0625,4945.330078125,-400000.0625
229.83847212791443,-400000.0625,-8646.349609375,-2937.169921875,-400000.0625,-13124.419921875,-400000.0625,4972.02978515625,-400000.0625
229.8446409702301,-400000.0625,-8629.23046875,-2913.330078125,-400000.0625,-13101.91015625,-400000.0625,4989.33984375,-400000.0625
229.85034012794495,-400000.0625,-8656.83984375,-2940.800048828125,-400000.0625,-13132.759765625,-400000.0625,4964.72998046875,-400000.0625
229.85598802566528,-400000.0625,-8685.490234375,-2966.8798828125,-400000.0625,-13157.5595703125,-400000.0625,4937.35986328125,-400000.0625
229.86234068870544,-400000.0625,-8681.0595703125,-2961.110107421875,-400000.0625,-13147.58984375,-400000.0625,4945.419921875,-400000.0625
229.8691987991333,-400000.0625,-8654.7900390625,-2937.699951171875,-400000.0625,-13124.7998046875,-400000.0625,4971.22021484375,-400000.0625
229.87501311302185,-400000.0625,-8644.33984375,-2927.72998046875,-400000.0625,-13114.6396484375,-400000.0625,4984.330078125,-400000.0625
229.8808515071869,-400000.0625,-8668.2802734375,-2945.52001953125,-400000.0625,-13135.5302734375,-400000.0625,4965.93017578125,-400000.0625
229.8857662677765,-400000.0625,-8687.830078125,-2974.419921875,-400000.0625,-13157.26953125,-400000.0625,4943.7099609375,-400000.0625
229.88578057289124,-400000.0625,-8677.76953125,-2965.639892578125,-400000.0625,-13152.2197265625,-400000.0625,4949.85986328125,-400000.0625
229.88578915596008,-400000.0625,-8659.41015625,-2945.0400390625,-400000.0625,-13126.849609375,-400000.0625,4965.68994140625,-400000.0625
229.88579750061035,-400000.0625,-8644.8203125,-2928.68994140625,-400000.0625,-13109.5400390625,-400000.0625,4986.9501953125,-400000.0625
229.88580560684204,-400000.0625,-8667.759765625,-2946.22998046875,-400000.0625,-13129.4296875,-400000.0625,4964.35009765625,-400000.0625
229.88581323623657,-400000.0625,-8693.1201171875,-2970.030029296875,-400000.0625,-13150.740234375,-400000.0625,4941.75,-400000.0625
229.88582110404968,-400000.0625,-8700.1796875,-2964.2099609375,-400000.0625,-13148.3603515625,-400000.0625,4944.85009765625,-400000.0625
229.8858287334442,-400000.0625,-8670.8095703125,-2939.179931640625,-400000.0625,-13117.599609375,-400000.0625,4968.41015625,-400000.0625
229.88583660125732,-400000.0625,-8651.73046875,-2923.8701171875,-400000.0625,-13095.7099609375,-400000.0625,4992.009765625,-400000.0625
229.88584423065186,-400000.0625,-8695.41015625,-2939.800048828125,-400000.0625,-13126.1796875,-400000.0625,4975.31982421875,-400000.0625
229.8858518600464,-400000.0625,-8728.3095703125,-2952.669921875,-400000.0625,-13150.6904296875,-400000.0625,4959.06005859375,-400000.0625
229.88585948944092,-400000.0625,-8733.3203125,-2964.449951171875,-400000.0625,-13146.6904296875,-400000.0625,4961.68017578125,-400000.0625
229.89049458503723,-400000.0625,-8722.6396484375,-2935.030029296875,-400000.0625,-13109.490234375,-400000.0625,4981.22998046875,-400000.0625
229.8905029296875,-400000.0625,-8684.9697265625,-2923.679931640625,-400000.0625,-13084.5595703125,-400000.0625,4993.81982421875,-400000.0625
229.89050769805908,-400000.0625,-8739.08984375,-2955.530029296875,-400000.0625,-13107.919921875,-400000.0625,4964.16015625,-400000.0625
229.89051151275635,-400000.0625,-8757.5400390625,-2978.949951171875,-400000.0625,-13124.75,-400000.0625,4935.93017578125,-400000.0625
229.89051580429077,-400000.0625,-8765.26953125,-2991.679931640625,-400000.0625,-13115.8798828125,-400000.0625,4925.2998046875,-400000.0625
229.89051961898804,-400000.0625,-8745.240234375,-2979.760009765625,-400000.0625,-13080.740234375,-400000.0625,4942.60986328125,-400000.0625
229.8905234336853,-400000.0625,-8752.009765625,-2975.800048828125,-400000.0625,-13050.1298828125,-400000.0625,4962.97021484375,-400000.0625
229.890527009964,-400000.0625,-8797.9296875,-3004.4599609375,-400000.0625,-13061.3798828125,-400000.0625,4929.919921875,-400000.0625
229.89053058624268,-400000.0625,-8858.8203125,-3050.800048828125,-400000.0625,-13076.6904296875,-400000.0625,4890.490234375,-400000.0625
229.93020701408386,-400000.0625,-8889.150390625,-3061.14990234375,-400000.0625,-13062.669921875,-400000.0625,4885.580078125,-400000.0625
229.94062685966492,-400000.0625,-8900.4501953125,-3048.280029296875,-400000.0625,-13024.51953125,-400000.0625,4899.7900390625,-400000.0625
229.94529914855957,-400000.0625,-8914.330078125,-3038.449951171875,-400000.0625,-12993.0498046875,-400000.0625,4914.0,-400000.0625
229.9453055858612,-400000.0625,-8965.25,-3066.489990234375,-400000.0625,-13014.509765625,-400000.0625,4888.9599609375,-400000.0625
229.94530963897705,-400000.0625,-9009.3095703125,-3095.669921875,-400000.0625,-13042.5498046875,-400000.0625,4864.5498046875,-400000.0625
229.94531416893005,-400000.0625,-9015.6103515625,-3086.760009765625,-400000.0625,-13031.91015625,-400000.0625,4864.60009765625,-400000.0625
229.94531798362732,-400000.0625,-8999.6796875,-3062.9599609375,-400000.0625,-13009.0302734375,-400000.0625,4889.2001953125,-400000.0625
229.945321559906,-400000.0625,-8971.5,-3039.030029296875,-400000.0625,-12998.3896484375,-400000.0625,4906.4599609375,-400000.0625
229.94532537460327,-400000.0625,-8987.48046875,-3061.43994140625,-400000.0625,-13029.2900390625,-400000.0625,4888.10986328125,-400000.0625
229.94532895088196,-400000.0625,-9006.1201171875,-3082.22998046875,-400000.0625,-13056.849609375,-400000.0625,4856.8701171875,-400000.0625
229.94533276557922,-400000.0625,-8991.669921875,-3075.929931640625,-400000.0625,-13054.3701171875,-400000.0625,4865.31005859375,-400000.0625
229.9453365802765,-400000.0625,-8955.6201171875,-3053.139892578125,-400000.0625,-13035.16015625,-400000.0625,4887.8701171875,-400000.0625
229.94534039497375,-400000.0625,-8922.240234375,-3031.969970703125,-400000.0625,-13020.2802734375,-400000.0625,4913.85986328125,-400000.0625
229.94534397125244,-400000.0625,-8928.16015625,-3045.22998046875,-400000.0625,-13052.26953125,-400000.0625,4892.10986328125,-400000.0625
229.94534826278687,-400000.0625,-8935.2099609375,-3061.6298828125,-400000.0625,-13076.400390625,-400000.0625,4876.27978515625,-400000.0625
229.94535207748413,-400000.0625,-8916.900390625,-3051.22998046875,-400000.0625,-13075.9296875,-400000.0625,4880.669921875,-400000.0625
230.043212890625,-400000.0625,-8877.08984375,-3020.18994140625,-400000.0625,-13054.7099609375,-400000.0625,4903.509765625,-400000.0625
230.05325722694397,-400000.0625,-8846.5703125,-3000.159912109375,-400000.0625,-13038.16015625,-400000.0625,4929.35009765625,-400000.0625
230.05813121795654,-400000.0625,-8859.2998046875,-3019.139892578125,-400000.0625,-13066.009765625,-400000.0625,4907.990234375,-400000.0625
230.05813837051392,-400000.0625,-8871.26953125,-3042.030029296875,-400000.0625,-13099.3896484375,-400000.0625,4888.33984375,-400000.0625
230.05814290046692,-400000.0625,-8859.58984375,-3037.2099609375,-400000.0625,-13098.099609375,-400000.0625,4893.02001953125,-400000.0625
230.05814695358276,-400000.0625,-8820.6796875,-3006.27001953125,-400000.0625,-13076.8798828125,-400000.0625,4915.52001953125,-400000.0625
230.0581510066986,-400000.0625,-8786.349609375,-2973.219970703125,-400000.0625,-13055.66015625,-400000.0625,4945.89990234375,-400000.0625
230.05815482139587,-400000.0625,-8807.08984375,-3000.449951171875,-400000.0625,-13081.3095703125,-400000.0625,4920.43994140625,-400000.0625
230.05815887451172,-400000.0625,-8821.9697265625,-3020.719970703125,-400000.0625,-13111.8798828125,-400000.0625,4898.4501953125,-400000.0625
230.05816268920898,-400000.0625,-8813.5703125,-3013.7099609375,-400000.0625,-13114.1201171875,-400000.0625,4901.64990234375,-400000.0625
230.05816650390625,-400000.0625,-8784.580078125,-2989.669921875,-400000.0625,-13085.9404296875,-400000.0625,4926.25,-400000.0625
230.05817031860352,-400000.0625,-8754.6396484375,-2964.780029296875,-400000.0625,-13070.580078125,-400000.0625,4954.2001953125,-400000.0625
230.05817437171936,-400000.0625,-8767.509765625,-2982.81005859375,-400000.0625,-13098.669921875,-400000.0625,4931.4501953125,-400000.0625
230.05817818641663,-400000.0625,-8792.2099609375,-3007.030029296875,-400000.0625,-13120.650390625,-400000.0625,4908.0400390625,-400000.0625
230.05818223953247,-400000.0625,-8781.7197265625,-2998.72998046875,-400000.0625,-13124.990234375,-400000.0625,4916.0,-400000.0625
230.05818629264832,-400000.0625,-8750.6298828125,-2974.419921875,-400000.0625,-13104.6298828125,-400000.0625,4938.169921875,-400000.0625
230.05819034576416,-400000.0625,-8721.2998046875,-2945.090087890625,-400000.0625,-13085.41015625,-400000.0625,4963.830078125,-400000.0625
230.05819392204285,-400000.0625,-8738.7099609375,-2964.590087890625,-400000.0625,-13107.349609375,-400000.0625,4945.3701171875,-400000.0625
230.0581977367401,-400000.0625,-8763.98046875,-2989.010009765625,-400000.0625,-13131.48046875,-400000.0625,4918.580078125,-400000.0625
230.05820155143738,-400000.0625,-8760.0703125,-2991.679931640625,-400000.0625,-13131.6201171875,-400000.0625,4918.18994140625,-400000.0625
230.05820512771606,-400000.0625,-8726.6904296875,-2959.679931640625,-400000.0625,-13107.1103515625,-400000.0625,4949.7099609375,-400000.0625
230.0582091808319,-400000.0625,-8701.900390625,-2934.889892578125,-400000.0625,-13088.990234375,-400000.0625,4973.7001953125,-400000.0625
230.05821347236633,-400000.0625,-8722.8798828125,-2959.159912109375,-400000.0625,-13113.3603515625,-400000.0625,4952.18994140625,-400000.0625
230.0582172870636,-400000.0625,-8748.150390625,-2984.81005859375,-400000.0625,-13140.6298828125,-400000.0625,4925.77978515625,-400000.0625
230.05822134017944,-400000.0625,-8743.8095703125,-2983.139892578125,-400000.0625,-13137.91015625,-400000.0625,4927.830078125,-400000.0625
230.05822491645813,-400000.0625,-8714.490234375,-2958.110107421875,-400000.0625,-13123.23046875,-400000.0625,4955.43994140625,-400000.0625
230.05822896957397,-400000.0625,-8692.41015625,-2933.7900390625,-400000.0625,-13095.9501953125,-400000.0625,4976.22998046875,-400000.0625
230.0582332611084,-400000.0625,-8713.5302734375,-2956.6298828125,-400000.0625,-13117.4599609375,-400000.0625,4951.14013671875,-400000.0625
230.05823707580566,-400000.0625,-8734.7998046875,-2978.280029296875,-400000.0625,-13147.3095703125,-400000.0625,4929.64013671875,-400000.0625
230.05824089050293,-400000.0625,-8730.650390625,-2976.27001953125,-400000.0625,-13147.0703125,-400000.0625,4930.93017578125,-400000.0625
230.0582447052002,-400000.0625,-8700.66015625,-2949.330078125,-400000.0625,-13118.4599609375,-400000.0625,4957.52978515625,-400000.0625
230.05824851989746,-400000.0625,-8679.919921875,-2925.159912109375,-400000.0625,-13097.1396484375,-400000.0625,4971.64990234375,-400000.0625
230.1198558807373,-400000.0625,-8694.7001953125,-2945.22998046875,-400000.0625,-13121.83984375,-400000.0625,4959.2998046875,-400000.0625
230.18950271606445,-400000.0625,-8690.9296875,-2957.389892578125,-400000.0625,-13150.0703125,-400000.0625,4945.89990234375,-400000.0625
230.26697301864624,-400000.0625,-8663.419921875,-2935.97998046875,-400000.0625,-13127.759765625,-400000.0625,4972.02978515625,-400000.0625
230.34706592559814,-400000.0625,-8645.9599609375,-2914.429931640625,-400000.0625,-13103.2998046875,-400000.0625,4993.25,-400000.0625
230.452472448349,-400000.0625,-8666.5595703125,-2934.31005859375,-400000.0625,-13129.759765625,-400000.0625,4968.60009765625,-400000.0625
230.52688646316528,-400000.0625,-8687.3095703125,-2960.06005859375,-400000.0625,-13157.3203125,-400000.0625,4943.66015625,-400000.0625
230.56555199623108,-400000.0625,-8697.1298828125,-2967.31005859375,-400000.0625,-13161.9501953125,-400000.0625,4935.97998046875,-400000.0625
230.6334125995636,-400000.0625,-8677.009765625,-2946.0,-400000.0625,-13136.9599609375,-400000.0625,4959.5400390625,-400000.0625
230.78037214279175,-400000.0625,-8697.2197265625,-2967.02001953125,-400000.0625,-13161.0400390625,-400000.0625,4937.83984375,-400000.0625
230.83290362358093,-400000.0625,-8695.080078125,-2967.68994140625,-400000.0625,-13163.759765625,-400000.0625,4938.169921875,-400000.0625
230.8947718143463,-400000.0625,-8690.9296875,-2959.780029296875,-400000.0625,-13157.8896484375,-400000.0625,4937.35986328125,-400000.0625
231.01920914649963,-400000.0625,-8657.98046875,-2914.47998046875,-400000.0625,-13106.1103515625,-400000.0625,4991.009765625,-400000.0625
231.15569829940796,-400000.0625,-8698.4599609375,-2949.050048828125,-400000.0625,-13151.98046875,-400000.0625,4946.27978515625,-400000.0625
231.21038174629211,-400000.0625,-8696.83984375,-2950.909912109375,-400000.0625,-13159.1796875,-400000.0625,4937.89013671875,-400000.0625
231.2834188938141,-400000.0625,-8677.25,-2935.4599609375,-400000.0625,-13133.580078125,-400000.0625,4957.33984375,-400000.0625
231.33719611167908,-400000.0625,-8647.6796875,-2909.7099609375,-400000.0625,-13105.580078125,-400000.0625,4985.56982421875,-400000.0625
231.4166259765625,-400000.0625,-8673.7197265625,-2928.5,-400000.0625,-13126.4697265625,-400000.0625,4960.5400390625,-400000.0625
231.4889748096466,-400000.0625,-8696.75,-2952.860107421875,-400000.0625,-13166.330078125,-400000.0625,4943.89990234375,-400000.0625
231.5305507183075,-400000.0625,-8694.650390625,-2955.530029296875,-400000.0625,-13157.0400390625,-400000.0625,4934.5,-400000.0625
231.66357564926147,-400000.0625,-8669.2802734375,-2924.199951171875,-400000.0625,-13114.83984375,-400000.0625,4969.7900390625,-400000.0625
231.71783709526062,-400000.0625,-8679.8203125,-2933.68994140625,-400000.0625,-13135.009765625,-400000.0625,4944.75,-400000.0625
231.7841784954071,-400000.0625,-8696.7998046875,-2954.10009765625,-400000.0625,-13166.0498046875,-400000.0625,4929.97021484375,-400000.0625
231.90077114105225,-400000.0625,-8694.169921875,-2960.300048828125,-400000.0625,-13170.33984375,-400000.0625,4919.91015625,-400000.0625
232.06458377838135,-400000.0625,-8976.41015625,-3048.93994140625,-400000.0625,-12997.099609375,-400000.0625,4867.7900390625,-400000.0625
232.10433053970337,-400000.0625,-8877.2802734375,-3035.070068359375,-400000.0625,-13090.5595703125,-400000.0625,4857.06005859375,-400000.0625
232.16878819465637,-400000.0625,-8755.16015625,-2985.860107421875,-400000.0625,-13132.5703125,-400000.0625,4891.919921875,-400000.0625
232.18027544021606,-400000.0625,-8728.2197265625,-2962.39990234375,-400000.0625,-13113.169921875,-400000.0625,4920.47998046875,-400000.0625
232.18576788902283,-400000.0625,-8697.080078125,-2937.169921875,-400000.0625,-13088.1796875,-400000.0625,4949.18994140625,-400000.0625
232.1901330947876,-400000.0625,-8708.2900390625,-2953.14990234375,-400000.0625,-13111.2099609375,-400000.0625,4935.31005859375,-400000.0625
232.19014048576355,-400000.0625,-8732.3701171875,-2974.800048828125,-400000.0625,-13135.9599609375,-400000.0625,4913.240234375,-400000.0625
232.1901457309723,-400000.0625,-8735.7099609375,-2980.280029296875,-400000.0625,-13140.009765625,-400000.0625,4902.080078125,-400000.0625
232.19014954566956,-400000.0625,-8712.580078125,-2961.449951171875,-400000.0625,-13108.6396484375,-400000.0625,4924.06005859375,-400000.0625
232.1901535987854,-400000.0625,-8680.009765625,-2931.7900390625,-400000.0625,-13086.509765625,-400000.0625,4954.9599609375,-400000.0625
232.19015765190125,-400000.0625,-8693.080078125,-2944.760009765625,-400000.0625,-13112.5,-400000.0625,4933.64013671875,-400000.0625
232.1901614665985,-400000.0625,-8721.2998046875,-2968.409912109375,-400000.0625,-13142.9697265625,-400000.0625,4906.60986328125,-400000.0625
232.19016528129578,-400000.0625,-8729.509765625,-2976.3701171875,-400000.0625,-13152.2197265625,-400000.0625,4900.89013671875,-400000.0625
232.19016909599304,-400000.0625,-8699.66015625,-2950.760009765625,-400000.0625,-13124.1796875,-400000.0625,4932.35986328125,-400000.0625
232.19017267227173,-400000.0625,-8674.7197265625,-2926.06005859375,-400000.0625,-13095.5703125,-400000.0625,4958.9599609375,-400000.0625
232.190176486969,-400000.0625,-8690.740234375,-2941.989990234375,-400000.0625,-13114.0703125,-400000.0625,4942.47021484375,-400000.0625
232.19018030166626,-400000.0625,-8710.4296875,-2963.260009765625,-400000.0625,-13138.2998046875,-400000.0625,4913.240234375,-400000.0625
232.19018411636353,-400000.0625,-8712.48046875,-2970.739990234375,-400000.0625,-13150.8798828125,-400000.0625,4908.93994140625,-400000.0625
232.2677185535431,-400000.0625,-8689.830078125,-2948.860107421875,-400000.0625,-13127.51953125,-400000.0625,4933.02001953125,-400000.0625
232.2737147808075,-400000.0625,-8672.5703125,-2923.969970703125,-400000.0625,-13098.1904296875,-400000.0625,4967.259765625,-400000.0625
232.283221244812,-400000.0625,-8683.5400390625,-2938.179931640625,-400000.0625,-13114.41015625,-400000.0625,4946.60986328125,-400000.0625
232.28764533996582,-400000.0625,-8703.5703125,-2955.820068359375,-400000.0625,-13141.25,-400000.0625,4920.91015625,-400000.0625
232.28765320777893,-400000.0625,-8703.849609375,-2959.969970703125,-400000.0625,-13150.9296875,-400000.0625,4916.759765625,-400000.0625
232.28765773773193,-400000.0625,-8683.16015625,-2940.989990234375,-400000.0625,-13128.0,-400000.0625,4940.27001953125,-400000.0625
232.2876615524292,-400000.0625,-8660.3701171875,-2920.10009765625,-400000.0625,-13097.33984375,-400000.0625,4967.35986328125,-400000.0625
232.28766536712646,-400000.0625,-8673.2900390625,-2933.449951171875,-400000.0625,-13111.7802734375,-400000.0625,4953.43017578125,-400000.0625
232.28766894340515,-400000.0625,-8700.66015625,-2956.199951171875,-400000.0625,-13143.01953125,-400000.0625,4924.10986328125,-400000.0625
232.28767275810242,-400000.0625,-8713.2001953125,-2967.1201171875,-400000.0625,-13147.5,-400000.0625,4913.56982421875,-400000.0625
232.28767704963684,-400000.0625,-8685.919921875,-2942.610107421875,-400000.0625,-13120.6103515625,-400000.0625,4940.3701171875,-400000.0625
232.28768134117126,-400000.0625,-8661.3203125,-2914.760009765625,-400000.0625,-13103.25,-400000.0625,4966.5,-400000.0625
232.2876853942871,-400000.0625,-8679.099609375,-2934.97998046875,-400000.0625,-13122.7998046875,-400000.0625,4948.3798828125,-400000.0625
232.28768920898438,-400000.0625,-8710.0,-2963.8798828125,-400000.0625,-13152.9296875,-400000.0625,4915.759765625,-400000.0625
232.28769278526306,-400000.0625,-8715.009765625,-2972.699951171875,-400000.0625,-13158.2802734375,-400000.0625,4914.0,-400000.0625
232.28769636154175,-400000.0625,-8687.16015625,-2946.570068359375,-400000.0625,-13125.900390625,-400000.0625,4943.66015625,-400000.0625
232.29859733581543,-400000.0625,-8658.98046875,-2916.239990234375,-400000.0625,-13102.2001953125,-400000.0625,4966.93017578125,-400000.0625
232.30344700813293,-400000.0625,-8679.580078125,-2937.510009765625,-400000.0625,-13120.2197265625,-400000.0625,4942.85009765625,-400000.0625
232.30345630645752,-400000.0625,-8704.1904296875,-2959.43994140625,-400000.0625,-13147.6396484375,-400000.0625,4922.580078125,-400000.0625
232.3034610748291,-400000.0625,-8704.759765625,-2962.070068359375,-400000.0625,-13155.26953125,-400000.0625,4910.0400390625,-400000.0625
232.30346488952637,-400000.0625,-8678.8701171875,-2937.1298828125,-400000.0625,-13129.9501953125,-400000.0625,4936.93017578125,-400000.0625
232.30346870422363,-400000.0625,-8658.1201171875,-2919.2900390625,-400000.0625,-13106.25,-400000.0625,4966.259765625,-400000.0625
232.30347228050232,-400000.0625,-8677.33984375,-2935.97998046875,-400000.0625,-13123.3701171875,-400000.0625,4951.14013671875,-400000.0625
232.30347657203674,-400000.0625,-8696.83984375,-2958.820068359375,-400000.0625,-13148.3095703125,-400000.0625,4928.58984375,-400000.0625
232.303480386734,-400000.0625,-8702.2802734375,-2964.31005859375,-400000.0625,-13151.98046875,-400000.0625,4914.759765625,-400000.0625
232.3034839630127,-400000.0625,-8683.6298828125,-2945.0400390625,-400000.0625,-13128.3798828125,-400000.0625,4935.740234375,-400000.0625
232.30348777770996,-400000.0625,-8657.41015625,-2917.47998046875,-400000.0625,-13102.150390625,-400000.0625,4967.64013671875,-400000.0625
232.30349135398865,-400000.0625,-8671.08984375,-2929.31005859375,-400000.0625,-13122.6103515625,-400000.0625,4945.47021484375,-400000.0625
232.30349493026733,-400000.0625,-8699.66015625,-2958.06005859375,-400000.0625,-13148.01953125,-400000.0625,4924.2001953125,-400000.0625
232.30349850654602,-400000.0625,-8712.0498046875,-2967.7900390625,-400000.0625,-13161.1396484375,-400000.0625,4919.52978515625,-400000.0625
232.3035020828247,-400000.0625,-8686.16015625,-2943.610107421875,-400000.0625,-13136.5302734375,-400000.0625,4939.509765625,-400000.0625
232.30350589752197,-400000.0625,-8660.1298828125,-2917.81005859375,-400000.0625,-13109.73046875,-400000.0625,4962.43994140625,-400000.0625
232.35794234275818,-400000.0625,-8673.91015625,-2934.409912109375,-400000.0625,-13123.5595703125,-400000.0625,4947.47021484375,-400000.0625
232.36276769638062,-400000.0625,-8704.6201171875,-2960.72998046875,-400000.0625,-13150.599609375,-400000.0625,4928.16015625,-400000.0625
232.3627758026123,-400000.0625,-8711.4296875,-2965.449951171875,-400000.0625,-13160.330078125,-400000.0625,4917.43017578125,-400000.0625
232.36277985572815,-400000.0625,-8687.740234375,-2945.52001953125,-400000.0625,-13133.33984375,-400000.0625,4944.22998046875,-400000.0625
232.36278343200684,-400000.0625,-8660.0302734375,-2922.389892578125,-400000.0625,-13106.16015625,-400000.0625,4965.4501953125,-400000.0625
232.36278676986694,-400000.0625,-8680.25,-2937.75,-400000.0625,-13127.419921875,-400000.0625,4951.3798828125,-400000.0625
232.36279034614563,-400000.0625,-8706.759765625,-2959.919921875,-400000.0625,-13155.3203125,-400000.0625,4926.72998046875,-400000.0625
232.3627953529358,-400000.0625,-8713.9599609375,-2970.360107421875,-400000.0625,-13166.1904296875,-400000.0625,4921.6298828125,-400000.0625
232.36279821395874,-400000.0625,-8689.7900390625,-2949.139892578125,-400000.0625,-13139.1103515625,-400000.0625,4941.080078125,-400000.0625
232.36280131340027,-400000.0625,-8666.9501953125,-2922.25,-400000.0625,-13112.7802734375,-400000.0625,4957.009765625,-400000.0625
232.36280465126038,-400000.0625,-8682.919921875,-2937.75,-400000.0625,-13130.0,-400000.0625,4954.2900390625,-400000.0625
232.3628077507019,-400000.0625,-8700.990234375,-2960.72998046875,-400000.0625,-13154.2197265625,-400000.0625,4928.16015625,-400000.0625
232.3628113269806,-400000.0625,-8710.0,-2969.219970703125,-400000.0625,-13162.51953125,-400000.0625,4916.2900390625,-400000.0625
232.36281490325928,-400000.0625,-8689.8798828125,-2944.570068359375,-400000.0625,-13136.009765625,-400000.0625,4939.7998046875,-400000.0625
232.36281824111938,-400000.0625,-8663.23046875,-2916.860107421875,-400000.0625,-13107.0595703125,-400000.0625,4967.169921875,-400000.0625
232.36282181739807,-400000.0625,-8674.7197265625,-2935.699951171875,-400000.0625,-13123.3203125,-400000.0625,4950.330078125,-400000.0625
232.4302008152008,-400000.0625,-8702.9501953125,-2966.5,-400000.0625,-13152.169921875,-400000.0625,4923.39013671875,-400000.0625
232.4399871826172,-400000.0625,-8715.009765625,-2977.75,-400000.0625,-13169.6201171875,-400000.0625,4908.27978515625,-400000.0625
232.44458627700806,-400000.0625,-8697.9404296875,-2953.10009765625,-400000.0625,-13149.2197265625,-400000.0625,4934.8798828125,-400000.0625
232.444593667984,-400000.0625,-8668.4697265625,-2921.530029296875,-400000.0625,-13114.6396484375,-400000.0625,4960.10986328125,-400000.0625
232.44459795951843,-400000.0625,-8685.73046875,-2939.699951171875,-400000.0625,-13124.3203125,-400000.0625,4944.0400390625,-400000.0625
232.44460201263428,-400000.0625,-8712.48046875,-2965.97998046875,-400000.0625,-13150.5498046875,-400000.0625,4909.419921875,-400000.0625
232.44460582733154,-400000.0625,-8719.7802734375,-2977.89990234375,-400000.0625,-13163.0,-400000.0625,4906.22998046875,-400000.0625
232.4446098804474,-400000.0625,-8690.8798828125,-2952.669921875,-400000.0625,-13135.4296875,-400000.0625,4934.06982421875,-400000.0625
232.44461369514465,-400000.0625,-8659.7900390625,-2922.010009765625,-400000.0625,-13107.7802734375,-400000.0625,4961.6298828125,-400000.0625
232.44461727142334,-400000.0625,-8678.76953125,-2939.75,-400000.0625,-13122.849609375,-400000.0625,4942.1298828125,-400000.0625
232.44462084770203,-400000.0625,-8707.5703125,-2963.780029296875,-400000.0625,-13151.599609375,-400000.0625,4917.0,-400000.0625
232.4446244239807,-400000.0625,-8717.1103515625,-2975.989990234375,-400000.0625,-13164.1904296875,-400000.0625,4909.60986328125,-400000.0625
232.44462823867798,-400000.0625,-8686.9697265625,-2949.909912109375,-400000.0625,-13135.669921875,-400000.0625,4937.7001953125,-400000.0625
232.4446315765381,-400000.0625,-8662.1298828125,-2924.110107421875,-400000.0625,-13111.7802734375,-400000.0625,4960.6298828125,-400000.0625
232.44463515281677,-400000.0625,-8678.91015625,-2940.93994140625,-400000.0625,-13132.1396484375,-400000.0625,4948.08984375,-400000.0625
232.44463872909546,-400000.0625,-8704.3798828125,-2965.5,-400000.0625,-13150.0703125,-400000.0625,4922.33984375,-400000.0625
232.48593139648438,-400000.0625,-8712.25,-2971.219970703125,-400000.0625,-13150.9296875,-400000.0625,4904.18017578125,-400000.0625
232.4909348487854,-400000.0625,-8691.599609375,-2946.81005859375,-400000.0625,-13131.51953125,-400000.0625,4930.06982421875,-400000.0625
232.4909427165985,-400000.0625,-8663.9404296875,-2920.340087890625,-400000.0625,-13104.8701171875,-400000.0625,4958.6298828125,-400000.0625
232.49539232254028,-400000.0625,-8679.8701171875,-2937.840087890625,-400000.0625,-13124.1796875,-400000.0625,4945.7998046875,-400000.0625
232.49539923667908,-400000.0625,-8702.990234375,-2962.110107421875,-400000.0625,-13147.16015625,-400000.0625,4920.2001953125,-400000.0625
232.49540376663208,-400000.0625,-8712.150390625,-2971.840087890625,-400000.0625,-13153.650390625,-400000.0625,4913.3798828125,-400000.0625
232.49540758132935,-400000.0625,-8682.5400390625,-2943.800048828125,-400000.0625,-13137.6298828125,-400000.0625,4938.64990234375,-400000.0625
232.4954113960266,-400000.0625,-8659.9404296875,-2922.010009765625,-400000.0625,-13111.400390625,-400000.0625,4959.81982421875,-400000.0625
232.49541521072388,-400000.0625,-8677.9599609375,-2939.75,-400000.0625,-13128.23046875,-400000.0625,4937.35986328125,-400000.0625
232.49541878700256,-400000.0625,-8704.849609375,-2962.780029296875,-400000.0625,-13155.41015625,-400000.0625,4916.2900390625,-400000.0625
232.49542260169983,-400000.0625,-8707.1396484375,-2971.030029296875,-400000.0625,-13160.51953125,-400000.0625,4914.0498046875,-400000.0625
232.49542617797852,-400000.0625,-8685.1103515625,-2952.77001953125,-400000.0625,-13135.48046875,-400000.0625,4935.64990234375,-400000.0625
232.49543023109436,-400000.0625,-8664.3203125,-2930.830078125,-400000.0625,-13105.349609375,-400000.0625,4959.72998046875,-400000.0625
232.49543380737305,-400000.0625,-8675.1904296875,-2942.0400390625,-400000.0625,-13117.8896484375,-400000.0625,4948.18994140625,-400000.0625
232.49543738365173,-400000.0625,-8697.080078125,-2963.110107421875,-400000.0625,-13148.169921875,-400000.0625,4926.35009765625,-400000.0625
232.49544095993042,-400000.0625,-8706.6201171875,-2972.56005859375,-400000.0625,-13164.330078125,-400000.0625,4911.89990234375,-400000.0625
232.56078052520752,-400000.0625,-8686.4501953125,-2955.580078125,-400000.0625,-13144.349609375,-400000.0625,4937.41015625,-400000.0625
232.57074546813965,-400000.0625,-8658.9296875,-2927.590087890625,-400000.0625,-13113.400390625,-400000.0625,4965.740234375,-400000.0625
232.57559776306152,-400000.0625,-8672.099609375,-2941.659912109375,-400000.0625,-13131.330078125,-400000.0625,4951.52978515625,-400000.0625
232.5756049156189,-400000.0625,-8702.08984375,-2969.070068359375,-400000.0625,-13159.75,-400000.0625,4920.52978515625,-400000.0625
232.5756094455719,-400000.0625,-8710.580078125,-2978.179931640625,-400000.0625,-13168.099609375,-400000.0625,4909.7099609375,-400000.0625
232.57561326026917,-400000.0625,-8682.2001953125,-2953.580078125,-400000.0625,-13137.5302734375,-400000.0625,4937.4599609375,-400000.0625
232.57561779022217,-400000.0625,-8653.5498046875,-2921.010009765625,-400000.0625,-13100.48046875,-400000.0625,4967.2099609375,-400000.0625
232.575621843338,-400000.0625,-8669.66015625,-2934.27001953125,-400000.0625,-13117.98046875,-400000.0625,4949.18994140625,-400000.0625
232.57562589645386,-400000.0625,-8695.1298828125,-2958.969970703125,-400000.0625,-13151.1201171875,-400000.0625,4919.669921875,-400000.0625
232.5756320953369,-400000.0625,-8702.990234375,-2967.31005859375,-400000.0625,-13166.0498046875,-400000.0625,4921.10009765625,-400000.0625
232.57563614845276,-400000.0625,-8680.009765625,-2943.659912109375,-400000.0625,-13136.150390625,-400000.0625,4942.85009765625,-400000.0625
232.57563972473145,-400000.0625,-8657.3095703125,-2919.47998046875,-400000.0625,-13109.6396484375,-400000.0625,4962.58984375,-400000.0625
232.5756437778473,-400000.0625,-8673.4296875,-2937.56005859375,-400000.0625,-13123.7998046875,-400000.0625,4946.66015625,-400000.0625
232.57564735412598,-400000.0625,-8692.1201171875,-2959.780029296875,-400000.0625,-13150.740234375,-400000.0625,4927.2998046875,-400000.0625
232.57565140724182,-400000.0625,-8697.4599609375,-2967.02001953125,-400000.0625,-13157.23046875,-400000.0625,4922.06005859375,-400000.0625
232.5756549835205,-400000.0625,-8674.48046875,-2941.800048828125,-400000.0625,-13130.7099609375,-400000.0625,4939.60009765625,-400000.0625
232.63953566551208,-400000.0625,-8657.5498046875,-2926.2099609375,-400000.0625,-13116.3095703125,-400000.0625,4952.33984375,-400000.0625
232.67780590057373,-400000.0625,-8668.0400390625,-2935.360107421875,-400000.0625,-13124.1298828125,-400000.0625,4948.56982421875,-400000.0625
232.74665999412537,-400000.0625,-8700.6103515625,-2967.449951171875,-400000.0625,-13161.6103515625,-400000.0625,4916.10009765625,-400000.0625
232.88057398796082,-400000.0625,-8655.599609375,-2930.929931640625,-400000.0625,-13130.51953125,-400000.0625,4937.080078125,-400000.0625
233.00259828567505,-400000.0625,-8672.9501953125,-2947.3798828125,-400000.0625,-13151.740234375,-400000.0625,4928.06005859375,-400000.0625
233.0856330394745,-400000.0625,-8663.990234375,-2938.3701171875,-400000.0625,-13140.009765625,-400000.0625,4928.5400390625,-400000.0625
233.2139072418213,-400000.0625,-8650.58984375,-2936.699951171875,-400000.0625,-13128.5703125,-400000.0625,4952.6201171875,-400000.0625
233.38421726226807,-400000.0625,-8641.2001953125,-2928.68994140625,-400000.0625,-13130.1396484375,-400000.0625,4963.4501953125,-400000.0625
233.4046015739441,-400000.0625,-8664.849609375,-2950.949951171875,-400000.0625,-13143.8701171875,-400000.0625,4934.31005859375,-400000.0625
233.65821504592896,-400000.0625,-8647.25,-2939.75,-400000.0625,-13141.9697265625,-400000.0625,4954.33984375,-400000.0625
233.7303705215454,-400000.0625,-8674.2900390625,-2965.8798828125,-400000.0625,-13168.4296875,-400000.0625,4918.72021484375,-400000.0625
233.83353734016418,-400000.0625,-8650.6396484375,-2948.860107421875,-400000.0625,-13156.26953125,-400000.0625,4939.7001953125,-400000.0625
233.91511917114258,-400000.0625,-8619.3603515625,-2916.3798828125,-400000.0625,-13119.41015625,-400000.0625,4977.31982421875,-400000.0625
233.9631142616272,-400000.0625,-8632.1796875,-2928.780029296875,-400000.0625,-13139.9599609375,-400000.0625,4960.919921875,-400000.0625
234.03055953979492,-400000.0625,-8664.4697265625,-2957.5400390625,-400000.0625,-13159.51953125,-400000.0625,4942.31982421875,-400000.0625
234.10097932815552,-400000.0625,-8681.1103515625,-2972.219970703125,-400000.0625,-13175.8203125,-400000.0625,4925.39013671875,-400000.0625
234.15840363502502,-400000.0625,-8642.2001953125,-2935.550048828125,-400000.0625,-13144.259765625,-400000.0625,4952.81005859375,-400000.0625
234.21787118911743,-400000.0625,-8620.7900390625,-2916.3798828125,-400000.0625,-13112.98046875,-400000.0625,4973.4599609375,-400000.0625
234.3645315170288,-400000.0625,-8667.08984375,-2951.81005859375,-400000.0625,-13154.7001953125,-400000.0625,4950.47998046875,-400000.0625
234.44702625274658,-400000.0625,-8663.75,-2945.949951171875,-400000.0625,-13149.1201171875,-400000.0625,4962.02001953125,-400000.0625
234.490562915802,-400000.0625,-8663.3701171875,-2945.469970703125,-400000.0625,-13151.599609375,-400000.0625,4956.6298828125,-400000.0625
234.53819489479065,-400000.0625,-8644.3896484375,-2927.39990234375,-400000.0625,-13123.66015625,-400000.0625,4973.7001953125,-400000.0625
234.61728620529175,-400000.0625,-8654.7900390625,-2932.5,-400000.0625,-13131.669921875,-400000.0625,4975.75,-400000.0625
234.6271207332611,-400000.0625,-8677.2001953125,-2957.199951171875,-400000.0625,-13161.1396484375,-400000.0625,4947.18994140625,-400000.0625
234.63263630867004,-400000.0625,-8686.6396484375,-2968.1201171875,-400000.0625,-13174.150390625,-400000.0625,4933.1201171875,-400000.0625
234.63740634918213,-400000.0625,-8662.9404296875,-2947.429931640625,-400000.0625,-13150.5498046875,-400000.0625,4958.2001953125,-400000.0625
234.63741493225098,-400000.0625,-8632.5703125,-2917.239990234375,-400000.0625,-13123.5595703125,-400000.0625,4983.3798828125,-400000.0625
234.63741898536682,-400000.0625,-8644.3896484375,-2925.919921875,-400000.0625,-13134.76953125,-400000.0625,4973.97998046875,-400000.0625
234.6374228000641,-400000.0625,-8672.4296875,-2955.25,-400000.0625,-13159.5595703125,-400000.0625,4952.14990234375,-400000.0625
234.63742661476135,-400000.0625,-8694.8896484375,-2972.56005859375,-400000.0625,-13170.4296875,-400000.0625,4939.1298828125,-400000.0625
234.63743019104004,-400000.0625,-8669.1904296875,-2951.719970703125,-400000.0625,-13146.58984375,-400000.0625,4966.5498046875,-400000.0625
234.63743376731873,-400000.0625,-8633.900390625,-2919.530029296875,-400000.0625,-13121.9404296875,-400000.0625,4990.33984375,-400000.0625
234.6374373435974,-400000.0625,-8646.2998046875,-2928.72998046875,-400000.0625,-13133.9599609375,-400000.0625,4979.56005859375,-400000.0625
234.63744115829468,-400000.0625,-8671.1396484375,-2952.81005859375,-400000.0625,-13158.0400390625,-400000.0625,4951.72021484375,-400000.0625
234.63744473457336,-400000.0625,-8689.740234375,-2972.7900390625,-400000.0625,-13178.400390625,-400000.0625,4940.31982421875,-400000.0625
234.6374487876892,-400000.0625,-8663.75,-2948.330078125,-400000.0625,-13151.2197265625,-400000.0625,4959.77001953125,-400000.0625
234.63745212554932,-400000.0625,-8634.0,-2920.25,-400000.0625,-13119.26953125,-400000.0625,4988.85986328125,-400000.0625
234.63745594024658,-400000.0625,-8645.2998046875,-2929.31005859375,-400000.0625,-13133.33984375,-400000.0625,4978.31982421875,-400000.0625
234.67059087753296,-400000.0625,-8665.66015625,-2948.6201171875,-400000.0625,-13153.0302734375,-400000.0625,4951.669921875,-400000.0625
234.6760356426239,-400000.0625,-8678.76953125,-2966.169921875,-400000.0625,-13165.0498046875,-400000.0625,4940.31982421875,-400000.0625
234.6805100440979,-400000.0625,-8656.599609375,-2945.760009765625,-400000.0625,-13146.2099609375,-400000.0625,4964.5400390625,-400000.0625
234.6805191040039,-400000.0625,-8629.080078125,-2920.43994140625,-400000.0625,-13120.75,-400000.0625,4991.68017578125,-400000.0625
234.6805238723755,-400000.0625,-8644.1103515625,-2929.159912109375,-400000.0625,-13132.2900390625,-400000.0625,4982.18994140625,-400000.0625
234.68052792549133,-400000.0625,-8668.3798828125,-2950.330078125,-400000.0625,-13157.419921875,-400000.0625,4951.759765625,-400000.0625
234.68053150177002,-400000.0625,-8681.5400390625,-2961.449951171875,-400000.0625,-13175.16015625,-400000.0625,4940.080078125,-400000.0625
234.6805648803711,-400000.0625,-8659.98046875,-2939.320068359375,-400000.0625,-13143.1103515625,-400000.0625,4965.259765625,-400000.0625
234.68057012557983,-400000.0625,-8632.2802734375,-2912.52001953125,-400000.0625,-13110.259765625,-400000.0625,4991.47998046875,-400000.0625
234.6805739402771,-400000.0625,-8643.4404296875,-2923.969970703125,-400000.0625,-13123.2802734375,-400000.0625,4975.93994140625,-400000.0625
234.6805775165558,-400000.0625,-8670.1396484375,-2947.280029296875,-400000.0625,-13150.740234375,-400000.0625,4952.47998046875,-400000.0625
234.68058109283447,-400000.0625,-8684.7802734375,-2960.010009765625,-400000.0625,-13162.900390625,-400000.0625,4940.64990234375,-400000.0625
234.68058466911316,-400000.0625,-8656.3603515625,-2942.280029296875,-400000.0625,-13140.8203125,-400000.0625,4956.06005859375,-400000.0625
234.68058848381042,-400000.0625,-8629.75,-2914.239990234375,-400000.0625,-13112.5,-400000.0625,4986.0,-400000.0625
234.6805920600891,-400000.0625,-8645.009765625,-2930.070068359375,-400000.0625,-13127.51953125,-400000.0625,4975.3701171875,-400000.0625
234.68059587478638,-400000.0625,-8668.1396484375,-2949.669921875,-400000.0625,-13155.990234375,-400000.0625,4955.2001953125,-400000.0625
234.72831082344055,-400000.0625,-8681.490234375,-2958.6298828125,-400000.0625,-13169.9599609375,-400000.0625,4934.169921875,-400000.0625
234.73983216285706,-400000.0625,-8663.66015625,-2943.56005859375,-400000.0625,-13145.6396484375,-400000.0625,4959.5400390625,-400000.0625
234.7447419166565,-400000.0625,-8641.91015625,-2921.43994140625,-400000.0625,-13111.5498046875,-400000.0625,4983.22998046875,-400000.0625
234.7447497844696,-400000.0625,-8649.4501953125,-2929.639892578125,-400000.0625,-13127.0400390625,-400000.0625,4975.27001953125,-400000.0625
234.74475383758545,-400000.0625,-8671.5703125,-2948.090087890625,-400000.0625,-13153.0302734375,-400000.0625,4950.08984375,-400000.0625
234.74475836753845,-400000.0625,-8685.5400390625,-2963.35009765625,-400000.0625,-13175.1103515625,-400000.0625,4940.509765625,-400000.0625
234.74476218223572,-400000.0625,-8663.9404296875,-2943.7099609375,-400000.0625,-13150.98046875,-400000.0625,4961.35009765625,-400000.0625
234.74476623535156,-400000.0625,-8638.4296875,-2918.719970703125,-400000.0625,-13120.7998046875,-400000.0625,4988.43017578125,-400000.0625
234.74477005004883,-400000.0625,-8645.009765625,-2926.780029296875,-400000.0625,-13131.5703125,-400000.0625,4974.3701171875,-400000.0625
234.74477362632751,-400000.0625,-8670.759765625,-2952.14990234375,-400000.0625,-13154.650390625,-400000.0625,4951.14013671875,-400000.0625
234.74477767944336,-400000.0625,-8687.9296875,-2970.080078125,-400000.0625,-13174.9599609375,-400000.0625,4940.4599609375,-400000.0625
234.74478125572205,-400000.0625,-8664.66015625,-2943.22998046875,-400000.0625,-13153.26953125,-400000.0625,4964.5,-400000.0625
234.74478483200073,-400000.0625,-8638.8603515625,-2915.570068359375,-400000.0625,-13121.650390625,-400000.0625,4983.85009765625,-400000.0625
234.74478840827942,-400000.0625,-8645.9599609375,-2928.110107421875,-400000.0625,-13127.23046875,-400000.0625,4969.1201171875,-400000.0625
234.74479222297668,-400000.0625,-8672.8095703125,-2949.0,-400000.0625,-13153.41015625,-400000.0625,4950.85986328125,-400000.0625
234.74479579925537,-400000.0625,-8689.0703125,-2963.260009765625,-400000.0625,-13171.3896484375,-400000.0625,4939.41015625,-400000.0625
234.8343164920807,-400000.0625,-8663.75,-2942.280029296875,-400000.0625,-13146.2099609375,-400000.0625,4966.06982421875,-400000.0625
234.84396123886108,-400000.0625,-8633.1396484375,-2912.3798828125,-400000.0625,-13119.5595703125,-400000.0625,4995.490234375,-400000.0625
234.84856986999512,-400000.0625,-8646.919921875,-2923.489990234375,-400000.0625,-13132.8095703125,-400000.0625,4985.330078125,-400000.0625
234.8487012386322,-400000.0625,-8671.8603515625,-2949.669921875,-400000.0625,-13158.990234375,-400000.0625,4960.25,-400000.0625
234.84870553016663,-400000.0625,-8684.58984375,-2960.72998046875,-400000.0625,-13173.099609375,-400000.0625,4947.22998046875,-400000.0625
234.8487093448639,-400000.0625,-8661.4599609375,-2938.60009765625,-400000.0625,-13146.740234375,-400000.0625,4961.830078125,-400000.0625
234.84871315956116,-400000.0625,-8634.4296875,-2913.050048828125,-400000.0625,-13113.830078125,-400000.0625,4989.91015625,-400000.0625
234.84871697425842,-400000.0625,-8648.2998046875,-2927.39990234375,-400000.0625,-13123.75,-400000.0625,4981.08984375,-400000.0625
234.8487207889557,-400000.0625,-8670.0400390625,-2947.090087890625,-400000.0625,-13149.83984375,-400000.0625,4952.9599609375,-400000.0625
234.8487250804901,-400000.0625,-8683.5400390625,-2961.35009765625,-400000.0625,-13167.669921875,-400000.0625,4938.64990234375,-400000.0625
234.84872889518738,-400000.0625,-8664.4697265625,-2943.7099609375,-400000.0625,-13152.169921875,-400000.0625,4960.72998046875,-400000.0625
234.84873294830322,-400000.0625,-8636.759765625,-2913.280029296875,-400000.0625,-13120.3701171875,-400000.0625,4987.18994140625,-400000.0625
234.8487367630005,-400000.0625,-8651.0703125,-2931.02001953125,-400000.0625,-13132.1904296875,-400000.0625,4972.35986328125,-400000.0625
234.84874033927917,-400000.0625,-8679.3896484375,-2958.25,-400000.0625,-13164.6201171875,-400000.0625,4954.2900390625,-400000.0625
234.84874415397644,-400000.0625,-8684.6796875,-2963.159912109375,-400000.0625,-13173.6298828125,-400000.0625,4944.330078125,-400000.0625
234.84874892234802,-400000.0625,-8664.9404296875,-2942.89990234375,-400000.0625,-13148.7900390625,-400000.0625,4966.2099609375,-400000.0625
234.85421133041382,-400000.0625,-8643.3896484375,-2914.760009765625,-400000.0625,-13118.7001953125,-400000.0625,4992.2001953125,-400000.0625
234.85911679267883,-400000.0625,-8650.6396484375,-2925.06005859375,-400000.0625,-13133.6201171875,-400000.0625,4974.93994140625,-400000.0625
234.8591251373291,-400000.0625,-8675.4296875,-2948.6201171875,-400000.0625,-13167.48046875,-400000.0625,4956.2001953125,-400000.0625
234.8591661453247,-400000.0625,-8695.8896484375,-2964.780029296875,-400000.0625,-13168.0498046875,-400000.0625,4933.93017578125,-400000.0625
234.85917735099792,-400000.0625,-8674.669921875,-2942.419921875,-400000.0625,-13147.259765625,-400000.0625,4958.68017578125,-400000.0625
234.8591821193695,-400000.0625,-8641.6298828125,-2912.469970703125,-400000.0625,-13128.5703125,-400000.0625,4987.0498046875,-400000.0625
234.85918593406677,-400000.0625,-8650.6904296875,-2924.06005859375,-400000.0625,-13135.76953125,-400000.0625,4976.18017578125,-400000.0625
234.85918998718262,-400000.0625,-8675.6201171875,-2951.18994140625,-400000.0625,-13157.0400390625,-400000.0625,4952.3798828125,-400000.0625
234.8591935634613,-400000.0625,-8693.7001953125,-2963.300048828125,-400000.0625,-13169.76953125,-400000.0625,4935.7900390625,-400000.0625
234.85919713974,-400000.0625,-8670.7099609375,-2946.89990234375,-400000.0625,-13147.6396484375,-400000.0625,4957.490234375,-400000.0625
234.85920095443726,-400000.0625,-8643.6298828125,-2913.330078125,-400000.0625,-13117.83984375,-400000.0625,4989.81982421875,-400000.0625
234.85920476913452,-400000.0625,-8657.9296875,-2924.6298828125,-400000.0625,-13129.4296875,-400000.0625,4976.75,-400000.0625
234.8592085838318,-400000.0625,-8684.5400390625,-2950.47998046875,-400000.0625,-13154.26953125,-400000.0625,4954.240234375,-400000.0625
234.85921216011047,-400000.0625,-8698.26953125,-2964.68994140625,-400000.0625,-13164.2802734375,-400000.0625,4939.93994140625,-400000.0625
234.85921621322632,-400000.0625,-8689.3603515625,-2928.35009765625,-400000.0625,-13137.6298828125,-400000.0625,4969.64990234375,-400000.0625
234.859219789505,-400000.0625,-8683.16015625,-2888.06005859375,-400000.0625,-13103.76953125,-400000.0625,5010.990234375,-400000.0625
234.91908288002014,-400000.0625,-8690.3095703125,-2903.840087890625,-400000.0625,-13116.5498046875,-400000.0625,4996.10986328125,-400000.0625
234.92474555969238,-400000.0625,-8720.9697265625,-2930.260009765625,-400000.0625,-13145.8798828125,-400000.0625,4957.490234375,-400000.0625
234.92999911308289,-400000.0625,-8735.509765625,-2957.25,-400000.0625,-13150.3095703125,-400000.0625,4949.240234375,-400000.0625
234.9352753162384,-400000.0625,-8744.1904296875,-2943.7099609375,-400000.0625,-13129.8603515625,-400000.0625,4962.02001953125,-400000.0625
234.9440770149231,-400000.0625,-8701.990234375,-2904.179931640625,-400000.0625,-13093.66015625,-400000.0625,4979.89990234375,-400000.0625
234.94846153259277,-400000.0625,-8717.3896484375,-2930.68994140625,-400000.0625,-13091.849609375,-400000.0625,4958.43994140625,-400000.0625
234.94846940040588,-400000.0625,-8744.91015625,-2972.840087890625,-400000.0625,-13118.8896484375,-400000.0625,4927.06005859375,-400000.0625
234.94847416877747,-400000.0625,-8761.599609375,-2999.39990234375,-400000.0625,-13116.1201171875,-400000.0625,4914.56982421875,-400000.0625
234.94847798347473,-400000.0625,-8758.740234375,-2999.39990234375,-400000.0625,-13066.91015625,-400000.0625,4925.919921875,-400000.0625
234.948481798172,-400000.0625,-8785.2998046875,-2983.860107421875,-400000.0625,-13017.26953125,-400000.0625,4935.22021484375,-400000.0625
234.94848561286926,-400000.0625,-8847.2900390625,-3014.52001953125,-400000.0625,-13014.650390625,-400000.0625,4912.52001953125,-400000.0625
234.94848942756653,-400000.0625,-8930.259765625,-3064.010009765625,-400000.0625,-13032.0595703125,-400000.0625,4871.66015625,-400000.0625
234.94849348068237,-400000.0625,-8981.08984375,-3088.949951171875,-400000.0625,-13043.6396484375,-400000.0625,4844.9501953125,-400000.0625
234.94849729537964,-400000.0625,-8978.419921875,-3066.969970703125,-400000.0625,-13009.259765625,-400000.0625,4867.169921875,-400000.0625
234.94850087165833,-400000.0625,-8980.75,-3050.610107421875,-400000.0625,-12978.2197265625,-400000.0625,4891.5400390625,-400000.0625
234.94850492477417,-400000.0625,-9023.0498046875,-3069.35009765625,-400000.0625,-12982.080078125,-400000.0625,4878.47021484375,-400000.0625
234.9904022216797,-400000.0625,-9062.3896484375,-3089.2900390625,-400000.0625,-13003.2099609375,-400000.0625,4858.64013671875,-400000.0625
234.99556756019592,-400000.0625,-9079.41015625,-3103.02001953125,-400000.0625,-13024.759765625,-400000.0625,4848.85986328125,-400000.0625
235.00084447860718,-400000.0625,-9050.1298828125,-3077.320068359375,-400000.0625,-13001.8701171875,-400000.0625,4872.27001953125,-400000.0625
235.00547289848328,-400000.0625,-9020.5703125,-3045.27001953125,-400000.0625,-12977.41015625,-400000.0625,4895.830078125,-400000.0625
235.0054805278778,-400000.0625,-9025.669921875,-3048.93994140625,-400000.0625,-12993.4296875,-400000.0625,4888.14990234375,-400000.0625
235.00548481941223,-400000.0625,-9037.5400390625,-3073.64990234375,-400000.0625,-13020.330078125,-400000.0625,4864.60009765625,-400000.0625
235.00548839569092,-400000.0625,-9040.98046875,-3084.469970703125,-400000.0625,-13035.1103515625,-400000.0625,4851.8701171875,-400000.0625
235.00549221038818,-400000.0625,-9008.5,-3057.860107421875,-400000.0625,-13012.4599609375,-400000.0625,4874.18017578125,-400000.0625
235.0054965019226,-400000.0625,-8965.919921875,-3029.300048828125,-400000.0625,-12991.240234375,-400000.0625,4904.89013671875,-400000.0625
235.00550079345703,-400000.0625,-8955.7197265625,-3034.02001953125,-400000.0625,-13010.8798828125,-400000.0625,4892.97021484375,-400000.0625
235.0055046081543,-400000.0625,-8963.349609375,-3051.570068359375,-400000.0625,-13044.8798828125,-400000.0625,4870.93994140625,-400000.0625
235.00550842285156,-400000.0625,-8963.400390625,-3061.580078125,-400000.0625,-13064.2900390625,-400000.0625,4857.10986328125,-400000.0625
235.00551199913025,-400000.0625,-8926.9599609375,-3036.360107421875,-400000.0625,-13039.2099609375,-400000.0625,4879.0498046875,-400000.0625
235.00551581382751,-400000.0625,-8886.48046875,-3004.68994140625,-400000.0625,-13016.23046875,-400000.0625,4909.08984375,-400000.0625
235.00551962852478,-400000.0625,-8881.669921875,-3011.0400390625,-400000.0625,-13036.009765625,-400000.0625,4906.85009765625,-400000.0625
235.00552344322205,-400000.0625,-8895.830078125,-3030.43994140625,-400000.0625,-13067.2001953125,-400000.0625,4884.77001953125,-400000.0625
235.05547046661377,-400000.0625,-8894.0595703125,-3039.409912109375,-400000.0625,-13088.1796875,-400000.0625,4874.1298828125,-400000.0625
235.06542253494263,-400000.0625,-8858.6298828125,-3007.030029296875,-400000.0625,-13069.6796875,-400000.0625,4900.169921875,-400000.0625
235.06992721557617,-400000.0625,-8825.1103515625,-2980.760009765625,-400000.0625,-13050.1796875,-400000.0625,4930.93017578125,-400000.0625
235.0699348449707,-400000.0625,-8822.16015625,-2983.760009765625,-400000.0625,-13059.51953125,-400000.0625,4921.47998046875,-400000.0625
235.0699393749237,-400000.0625,-8834.8896484375,-3005.7900390625,-400000.0625,-13086.5595703125,-400000.0625,4899.22021484375,-400000.0625
235.06994318962097,-400000.0625,-8840.1796875,-3017.0,-400000.0625,-13111.7802734375,-400000.0625,4888.919921875,-400000.0625
235.06994700431824,-400000.0625,-8806.7099609375,-2988.860107421875,-400000.0625,-13091.4697265625,-400000.0625,4910.66015625,-400000.0625
235.06995105743408,-400000.0625,-8769.0400390625,-2956.580078125,-400000.0625,-13063.5302734375,-400000.0625,4942.93994140625,-400000.0625
235.06995511054993,-400000.0625,-8776.08984375,-2964.1201171875,-400000.0625,-13080.1201171875,-400000.0625,4937.169921875,-400000.0625
235.0699589252472,-400000.0625,-8793.0703125,-2984.81005859375,-400000.0625,-13110.3095703125,-400000.0625,4917.0498046875,-400000.0625
235.06996250152588,-400000.0625,-8792.8798828125,-2993.300048828125,-400000.0625,-13122.9404296875,-400000.0625,4903.35986328125,-400000.0625
235.0699667930603,-400000.0625,-8760.5498046875,-2968.030029296875,-400000.0625,-13100.580078125,-400000.0625,4928.259765625,-400000.0625
235.069970369339,-400000.0625,-8730.509765625,-2940.85009765625,-400000.0625,-13078.9296875,-400000.0625,4959.009765625,-400000.0625
235.0699746608734,-400000.0625,-8739.08984375,-2950.239990234375,-400000.0625,-13092.8095703125,-400000.0625,4947.7099609375,-400000.0625
235.06997895240784,-400000.0625,-8759.2099609375,-2971.699951171875,-400000.0625,-13118.5498046875,-400000.0625,4925.16015625,-400000.0625
235.06998300552368,-400000.0625,-8767.2197265625,-2983.050048828125,-400000.0625,-13138.25,-400000.0625,4915.2900390625,-400000.0625
235.11511874198914,-400000.0625,-8742.330078125,-2959.300048828125,-400000.0625,-13118.509765625,-400000.0625,4936.35986328125,-400000.0625
235.20343279838562,-400000.0625,-8667.330078125,-2907.610107421875,-400000.0625,-13093.900390625,-400000.0625,4978.22998046875,-400000.0625
235.23817324638367,-400000.0625,-8658.740234375,-2910.090087890625,-400000.0625,-13114.259765625,-400000.0625,4980.60986328125,-400000.0625
235.31427574157715,-400000.0625,-8679.009765625,-2925.159912109375,-400000.0625,-13147.0703125,-400000.0625,4964.64013671875,-400000.0625
235.37169861793518,-400000.0625,-8690.5,-2931.8798828125,-400000.0625,-13157.3203125,-400000.0625,4955.33984375,-400000.0625
235.55480575561523,-400000.0625,-8631.900390625,-2877.7099609375,-400000.0625,-13117.9296875,-400000.0625,5009.31982421875,-400000.0625
235.68801140785217,-400000.0625,-8673.1904296875,-2915.719970703125,-400000.0625,-13162.08984375,-400000.0625,4962.25,-400000.0625
235.76428270339966,-400000.0625,-8664.66015625,-2909.89990234375,-400000.0625,-13147.2099609375,-400000.0625,4980.330078125,-400000.0625
235.8163938522339,-400000.0625,-8635.4697265625,-2874.469970703125,-400000.0625,-13123.9404296875,-400000.0625,5005.02978515625,-400000.0625
235.95217299461365,-400000.0625,-8640.8095703125,-2880.139892578125,-400000.0625,-13122.6103515625,-400000.0625,4996.58984375,-400000.0625
236.0732147693634,-400000.0625,-8667.990234375,-2900.7900390625,-400000.0625,-13147.5498046875,-400000.0625,4984.330078125,-400000.0625
236.1375732421875,-400000.0625,-8644.2998046875,-2867.030029296875,-400000.0625,-13114.259765625,-400000.0625,5008.02978515625,-400000.0625
236.2140610218048,-400000.0625,-8658.7001953125,-2885.530029296875,-400000.0625,-13131.669921875,-400000.0625,5002.5498046875,-400000.0625
236.30341482162476,-400000.0625,-8683.490234375,-2904.030029296875,-400000.0625,-13162.4697265625,-400000.0625,4978.85009765625,-400000.0625
236.326740026474,-400000.0625,-8693.5498046875,-2914.47998046875,-400000.0625,-13174.8701171875,-400000.0625,4960.77978515625,-400000.0625
236.4057137966156,-400000.0625,-8674.099609375,-2894.5,-400000.0625,-13140.1103515625,-400000.0625,4991.2001953125,-400000.0625
236.4640748500824,-400000.0625,-8639.5302734375,-2855.969970703125,-400000.0625,-13108.7802734375,-400000.0625,5015.7099609375,-400000.0625
236.51945281028748,-400000.0625,-8657.169921875,-2864.409912109375,-400000.0625,-13124.1298828125,-400000.0625,5012.66015625,-400000.0625
236.68048810958862,-400000.0625,-8696.4599609375,-2899.27001953125,-400000.0625,-13163.900390625,-400000.0625,4966.35009765625,-400000.0625
236.7299439907074,-400000.0625,-8649.8701171875,-2853.43994140625,-400000.0625,-13117.650390625,-400000.0625,5008.7900390625,-400000.0625
236.77435660362244,-400000.0625,-8650.58984375,-2848.669921875,-400000.0625,-13115.98046875,-400000.0625,5014.47021484375,-400000.0625
236.84070944786072,-400000.0625,-8663.7998046875,-2852.72998046875,-400000.0625,-13110.830078125,-400000.0625,5002.35986328125,-400000.0625
236.9732964038849,-400000.0625,-9050.419921875,-3026.8701171875,-400000.0625,-13039.5400390625,-400000.0625,4885.47998046875,-400000.0625
237.0331585407257,-400000.0625,-8849.240234375,-2961.35009765625,-400000.0625,-13087.4599609375,-400000.0625,4932.68994140625,-400000.0625
237.1084680557251,-400000.0625,-8726.5498046875,-2881.77001953125,-400000.0625,-13092.9501953125,-400000.0625,4989.85986328125,-400000.0625
237.16490530967712,-400000.0625,-8696.83984375,-2871.179931640625,-400000.0625,-13106.2998046875,-400000.0625,4996.5400390625,-400000.0625
237.17114973068237,-400000.0625,-8730.98046875,-2900.699951171875,-400000.0625,-13132.759765625,-400000.0625,4974.02978515625,-400000.0625
237.17583918571472,-400000.0625,-8743.8095703125,-2912.760009765625,-400000.0625,-13154.9404296875,-400000.0625,4959.14990234375,-400000.0625
237.17584681510925,-400000.0625,-8716.2001953125,-2886.9599609375,-400000.0625,-13133.6201171875,-400000.0625,4982.759765625,-400000.0625
237.17585134506226,-400000.0625,-8694.7001953125,-2866.320068359375,-400000.0625,-13106.919921875,-400000.0625,5006.97998046875,-400000.0625
237.17585515975952,-400000.0625,-8700.66015625,-2875.139892578125,-400000.0625,-13112.1201171875,-400000.0625,5001.93017578125,-400000.0625
237.1758589744568,-400000.0625,-8720.58984375,-2894.639892578125,-400000.0625,-13135.76953125,-400000.0625,4974.75,-400000.0625
237.17586302757263,-400000.0625,-8739.419921875,-2910.89990234375,-400000.0625,-13153.599609375,-400000.0625,4964.39990234375,-400000.0625
237.17586660385132,-400000.0625,-8715.580078125,-2890.72998046875,-400000.0625,-13126.849609375,-400000.0625,4981.08984375,-400000.0625
237.17587018013,-400000.0625,-8691.740234375,-2867.699951171875,-400000.0625,-13102.76953125,-400000.0625,5000.77978515625,-400000.0625
237.1758737564087,-400000.0625,-8699.9404296875,-2875.610107421875,-400000.0625,-13117.41015625,-400000.0625,4996.58984375,-400000.0625
237.17587757110596,-400000.0625,-8725.599609375,-2894.2099609375,-400000.0625,-13139.73046875,-400000.0625,4967.64013671875,-400000.0625
237.17588114738464,-400000.0625,-8742.4296875,-2912.0,-400000.0625,-13154.3203125,-400000.0625,4956.9599609375,-400000.0625
237.17588448524475,-400000.0625,-8719.58984375,-2894.739990234375,-400000.0625,-13136.2900390625,-400000.0625,4973.7900390625,-400000.0625
237.17588806152344,-400000.0625,-8689.5498046875,-2869.3701171875,-400000.0625,-13109.259765625,-400000.0625,4998.10986328125,-400000.0625
237.17589163780212,-400000.0625,-8696.26953125,-2872.3701171875,-400000.0625,-13117.0302734375,-400000.0625,5000.72998046875,-400000.0625
237.22659182548523,-400000.0625,-8717.5400390625,-2891.590087890625,-400000.0625,-13138.2001953125,-400000.0625,4981.3798828125,-400000.0625
237.2360715866089,-400000.0625,-8735.419921875,-2908.56005859375,-400000.0625,-13150.740234375,-400000.0625,4962.68017578125,-400000.0625
237.24068522453308,-400000.0625,-8716.1103515625,-2893.929931640625,-400000.0625,-13131.5703125,-400000.0625,4975.990234375,-400000.0625
237.2406930923462,-400000.0625,-8689.9296875,-2866.1298828125,-400000.0625,-13105.5400390625,-400000.0625,5010.990234375,-400000.0625
237.24069738388062,-400000.0625,-8688.98046875,-2867.4599609375,-400000.0625,-13111.0703125,-400000.0625,5005.97998046875,-400000.0625
237.24070119857788,-400000.0625,-8710.2900390625,-2887.43994140625,-400000.0625,-13141.0595703125,-400000.0625,4982.08984375,-400000.0625
237.24070501327515,-400000.0625,-8729.509765625,-2906.610107421875,-400000.0625,-13161.4697265625,-400000.0625,4962.39990234375,-400000.0625
237.240709066391,-400000.0625,-8709.9599609375,-2885.8701171875,-400000.0625,-13138.150390625,-400000.0625,4985.6201171875,-400000.0625
237.24071288108826,-400000.0625,-8679.2001953125,-2855.8701171875,-400000.0625,-13102.25,-400000.0625,5007.64990234375,-400000.0625
237.24071645736694,-400000.0625,-8687.9296875,-2864.409912109375,-400000.0625,-13111.9697265625,-400000.0625,5005.5,-400000.0625
237.24072003364563,-400000.0625,-8702.2802734375,-2882.530029296875,-400000.0625,-13139.33984375,-400000.0625,4979.27978515625,-400000.0625
237.24072360992432,-400000.0625,-8723.6904296875,-2899.739990234375,-400000.0625,-13155.7001953125,-400000.0625,4965.68994140625,-400000.0625
237.240727186203,-400000.0625,-8703.8095703125,-2879.050048828125,-400000.0625,-13130.9501953125,-400000.0625,4984.43017578125,-400000.0625
237.2407307624817,-400000.0625,-8677.25,-2853.35009765625,-400000.0625,-13102.5302734375,-400000.0625,5007.89013671875,-400000.0625
237.24073433876038,-400000.0625,-8692.9296875,-2868.610107421875,-400000.0625,-13113.98046875,-400000.0625,4997.77978515625,-400000.0625
237.24073791503906,-400000.0625,-8712.150390625,-2887.110107421875,-400000.0625,-13137.9599609375,-400000.0625,4975.1298828125,-400000.0625
237.28593230247498,-400000.0625,-8721.73046875,-2900.97998046875,-400000.0625,-13159.7099609375,-400000.0625,4970.35986328125,-400000.0625
237.2938470840454,-400000.0625,-8703.23046875,-2883.47998046875,-400000.0625,-13144.16015625,-400000.0625,4985.759765625,-400000.0625
237.2985646724701,-400000.0625,-8683.2099609375,-2862.409912109375,-400000.0625,-13111.1201171875,-400000.0625,5013.60986328125,-400000.0625
237.29857230186462,-400000.0625,-8689.98046875,-2869.179931640625,-400000.0625,-13113.1201171875,-400000.0625,5001.06982421875,-400000.0625
237.29857683181763,-400000.0625,-8709.3798828125,-2890.919921875,-400000.0625,-13140.2001953125,-400000.0625,4979.85009765625,-400000.0625
237.2985806465149,-400000.0625,-8723.5498046875,-2902.3701171875,-400000.0625,-13162.23046875,-400000.0625,4970.02978515625,-400000.0625
237.29858541488647,-400000.0625,-8698.849609375,-2879.6201171875,-400000.0625,-13137.150390625,-400000.0625,4991.06005859375,-400000.0625
237.29858922958374,-400000.0625,-8678.4404296875,-2857.830078125,-400000.0625,-13108.2998046875,-400000.0625,5008.60009765625,-400000.0625
237.29859328269958,-400000.0625,-8680.580078125,-2860.159912109375,-400000.0625,-13123.1298828125,-400000.0625,5006.93017578125,-400000.0625
237.29859805107117,-400000.0625,-8700.66015625,-2882.2900390625,-400000.0625,-13145.5,-400000.0625,4985.85986328125,-400000.0625
237.29860186576843,-400000.0625,-8725.1201171875,-2901.60009765625,-400000.0625,-13159.08984375,-400000.0625,4970.60009765625,-400000.0625
237.29873085021973,-400000.0625,-8707.240234375,-2887.340087890625,-400000.0625,-13140.16015625,-400000.0625,4995.8701171875,-400000.0625
237.29873514175415,-400000.0625,-8677.91015625,-2858.449951171875,-400000.0625,-13112.1201171875,-400000.0625,5010.41015625,-400000.0625
237.29874205589294,-400000.0625,-8682.2001953125,-2860.550048828125,-400000.0625,-13121.5595703125,-400000.0625,5006.02978515625,-400000.0625
237.29874634742737,-400000.0625,-8702.5703125,-2880.429931640625,-400000.0625,-13144.919921875,-400000.0625,4988.240234375,-400000.0625
237.2987504005432,-400000.0625,-8722.9296875,-2899.739990234375,-400000.0625,-13162.1396484375,-400000.0625,4973.56005859375,-400000.0625
237.40267491340637,-400000.0625,-8707.759765625,-2884.25,-400000.0625,-13142.73046875,-400000.0625,4993.009765625,-400000.0625
237.41357254981995,-400000.0625,-8676.240234375,-2856.919921875,-400000.0625,-13116.169921875,-400000.0625,5019.3798828125,-400000.0625
237.41884779930115,-400000.0625,-8681.2998046875,-2862.7900390625,-400000.0625,-13123.3203125,-400000.0625,5011.02978515625,-400000.0625
237.4243447780609,-400000.0625,-8702.5703125,-2882.719970703125,-400000.0625,-13144.2099609375,-400000.0625,4980.9501953125,-400000.0625
237.42935919761658,-400000.0625,-8720.259765625,-2897.360107421875,-400000.0625,-13155.3203125,-400000.0625,4970.27001953125,-400000.0625
237.43432664871216,-400000.0625,-8708.669921875,-2884.43994140625,-400000.0625,-13140.5400390625,-400000.0625,4986.0,-400000.0625
237.4343364238739,-400000.0625,-8678.009765625,-2857.639892578125,-400000.0625,-13112.169921875,-400000.0625,5012.0400390625,-400000.0625
237.43434119224548,-400000.0625,-8678.76953125,-2863.260009765625,-400000.0625,-13117.5498046875,-400000.0625,5003.830078125,-400000.0625
237.4343478679657,-400000.0625,-8705.51953125,-2888.780029296875,-400000.0625,-13144.1103515625,-400000.0625,4980.990234375,-400000.0625
237.43435192108154,-400000.0625,-8724.6904296875,-2909.949951171875,-400000.0625,-13167.1904296875,-400000.0625,4970.22021484375,-400000.0625
237.4343559741974,-400000.0625,-8707.240234375,-2889.72998046875,-400000.0625,-13141.2998046875,-400000.0625,4988.9599609375,-400000.0625
237.43436002731323,-400000.0625,-8683.5400390625,-2860.5,-400000.0625,-13112.2099609375,-400000.0625,5007.22021484375,-400000.0625
237.4343638420105,-400000.0625,-8680.919921875,-2858.72998046875,-400000.0625,-13118.3603515625,-400000.0625,5001.58984375,-400000.0625
237.43908762931824,-400000.0625,-8706.759765625,-2887.110107421875,-400000.0625,-13142.2099609375,-400000.0625,4986.18994140625,-400000.0625
237.43909764289856,-400000.0625,-8727.8896484375,-2908.179931640625,-400000.0625,-13160.51953125,-400000.0625,4966.68994140625,-400000.0625
237.43910217285156,-400000.0625,-8704.23046875,-2884.340087890625,-400000.0625,-13148.740234375,-400000.0625,4981.47021484375,-400000.0625
237.439106464386,-400000.0625,-8679.76953125,-2862.1201171875,-400000.0625,-13122.990234375,-400000.0625,5009.3701171875,-400000.0625
237.4391107559204,-400000.0625,-8683.349609375,-2866.1298828125,-400000.0625,-13122.26953125,-400000.0625,4999.68994140625,-400000.0625
237.43911480903625,-400000.0625,-8704.66015625,-2890.159912109375,-400000.0625,-13146.2099609375,-400000.0625,4972.22021484375,-400000.0625
237.43911862373352,-400000.0625,-8717.490234375,-2901.840087890625,-400000.0625,-13162.419921875,-400000.0625,4967.4501953125,-400000.0625
237.43912267684937,-400000.0625,-8698.509765625,-2881.570068359375,-400000.0625,-13133.240234375,-400000.0625,4987.0498046875,-400000.0625
237.43912649154663,-400000.0625,-8670.8603515625,-2856.5400390625,-400000.0625,-13106.8701171875,-400000.0625,5012.419921875,-400000.0625
237.4391303062439,-400000.0625,-8681.1103515625,-2865.27001953125,-400000.0625,-13118.3603515625,-400000.0625,5007.22021484375,-400000.0625
237.43913412094116,-400000.0625,-8700.1796875,-2883.719970703125,-400000.0625,-13144.6904296875,-400000.0625,4984.669921875,-400000.0625
237.439138174057,-400000.0625,-8716.9697265625,-2898.260009765625,-400000.0625,-13155.990234375,-400000.0625,4961.16015625,-400000.0625
237.43914198875427,-400000.0625,-8701.1796875,-2884.340087890625,-400000.0625,-13134.669921875,-400000.0625,4987.91015625,-400000.0625
237.43914580345154,-400000.0625,-8676.8203125,-2857.919921875,-400000.0625,-13114.259765625,-400000.0625,5011.4599609375,-400000.0625
237.43915057182312,-400000.0625,-8678.8701171875,-2857.110107421875,-400000.0625,-13118.2197265625,-400000.0625,5009.83984375,-400000.0625
237.43915438652039,-400000.0625,-8702.4697265625,-2878.3798828125,-400000.0625,-13136.76953125,-400000.0625,4988.240234375,-400000.0625
237.43915820121765,-400000.0625,-8722.349609375,-2899.360107421875,-400000.0625,-13149.83984375,-400000.0625,4967.97998046875,-400000.0625
237.43916201591492,-400000.0625,-8696.75,-2873.949951171875,-400000.0625,-13130.0,-400000.0625,4993.52978515625,-400000.0625
237.4391655921936,-400000.0625,-8671.08984375,-2847.909912109375,-400000.0625,-13107.0595703125,-400000.0625,5013.08984375,-400000.0625
237.48155617713928,-400000.0625,-8681.490234375,-2858.5400390625,-400000.0625,-13118.3603515625,-400000.0625,5000.16015625,-400000.0625
237.4870138168335,-400000.0625,-8703.2802734375,-2879.429931640625,-400000.0625,-13144.1103515625,-400000.0625,4980.990234375,-400000.0625
237.49215054512024,-400000.0625,-8718.6796875,-2899.219970703125,-400000.0625,-13157.419921875,-400000.0625,4965.2099609375,-400000.0625
237.4966917037964,-400000.0625,-8696.509765625,-2876.330078125,-400000.0625,-13125.900390625,-400000.0625,4986.669921875,-400000.0625
237.4967017173767,-400000.0625,-8670.0400390625,-2852.199951171875,-400000.0625,-13105.919921875,-400000.0625,5017.9501953125,-400000.0625
237.4967062473297,-400000.0625,-8672.099609375,-2855.489990234375,-400000.0625,-13111.830078125,-400000.0625,5009.7001953125,-400000.0625
237.49671006202698,-400000.0625,-8696.650390625,-2879.0,-400000.0625,-13131.1396484375,-400000.0625,4983.14013671875,-400000.0625
237.49671387672424,-400000.0625,-8716.5400390625,-2897.449951171875,-400000.0625,-13153.83984375,-400000.0625,4965.68994140625,-400000.0625
237.49671745300293,-400000.0625,-8696.8896484375,-2882.340087890625,-400000.0625,-13136.9599609375,-400000.0625,4982.22998046875,-400000.0625
237.49672150611877,-400000.0625,-8669.6201171875,-2853.780029296875,-400000.0625,-13111.01953125,-400000.0625,5009.75,-400000.0625
237.49672532081604,-400000.0625,-8675.9599609375,-2860.97998046875,-400000.0625,-13116.8896484375,-400000.0625,5008.64990234375,-400000.0625
237.4967291355133,-400000.0625,-8695.8896484375,-2876.949951171875,-400000.0625,-13132.8603515625,-400000.0625,4984.0498046875,-400000.0625
237.49673295021057,-400000.0625,-8715.009765625,-2893.68994140625,-400000.0625,-13155.509765625,-400000.0625,4966.8798828125,-400000.0625
237.49673652648926,-400000.0625,-8704.6201171875,-2882.050048828125,-400000.0625,-13136.5302734375,-400000.0625,4985.759765625,-400000.0625
237.49674034118652,-400000.0625,-8672.330078125,-2852.5400390625,-400000.0625,-13109.919921875,-400000.0625,5010.93994140625,-400000.0625
237.4967441558838,-400000.0625,-8675.580078125,-2858.39990234375,-400000.0625,-13113.830078125,-400000.0625,5007.89013671875,-400000.0625
237.58255076408386,-400000.0625,-8703.2802734375,-2882.909912109375,-400000.0625,-13139.0595703125,-400000.0625,4983.56982421875,-400000.0625
237.59253859519958,-400000.0625,-8716.16015625,-2894.739990234375,-400000.0625,-13158.5595703125,-400000.0625,4963.830078125,-400000.0625
237.59708046913147,-400000.0625,-8694.3603515625,-2879.47998046875,-400000.0625,-13138.490234375,-400000.0625,4995.490234375,-400000.0625
237.5970892906189,-400000.0625,-8668.8095703125,-2853.35009765625,-400000.0625,-13109.830078125,-400000.0625,5025.669921875,-400000.0625
237.5970938205719,-400000.0625,-8674.91015625,-2856.679931640625,-400000.0625,-13108.1103515625,-400000.0625,5009.080078125,-400000.0625
237.59709787368774,-400000.0625,-8696.26953125,-2877.090087890625,-400000.0625,-13133.3798828125,-400000.0625,4985.240234375,-400000.0625
237.5971028804779,-400000.0625,-8712.150390625,-2893.5400390625,-400000.0625,-13156.3203125,-400000.0625,4969.06982421875,-400000.0625
237.59710669517517,-400000.0625,-8694.98046875,-2873.659912109375,-400000.0625,-13135.8603515625,-400000.0625,4987.33984375,-400000.0625
237.59711074829102,-400000.0625,-8667.3701171875,-2847.860107421875,-400000.0625,-13109.1103515625,-400000.0625,5012.7001953125,-400000.0625
237.59711456298828,-400000.0625,-8677.8701171875,-2858.639892578125,-400000.0625,-13113.7900390625,-400000.0625,5010.56005859375,-400000.0625
237.59711837768555,-400000.0625,-8699.849609375,-2882.050048828125,-400000.0625,-13140.4404296875,-400000.0625,4989.0498046875,-400000.0625
237.5971221923828,-400000.0625,-8716.4404296875,-2899.27001953125,-400000.0625,-13157.3203125,-400000.0625,4967.35986328125,-400000.0625
237.59712648391724,-400000.0625,-8692.3603515625,-2872.469970703125,-400000.0625,-13137.6298828125,-400000.0625,4998.35009765625,-400000.0625
237.59713006019592,-400000.0625,-8671.0,-2855.02001953125,-400000.0625,-13107.1103515625,-400000.0625,5024.33984375,-400000.0625
237.5971336364746,-400000.0625,-8671.08984375,-2855.679931640625,-400000.0625,-13113.4501953125,-400000.0625,5016.3798828125,-400000.0625
237.59713745117188,-400000.0625,-8693.5498046875,-2878.3798828125,-400000.0625,-13146.4501953125,-400000.0625,4990.43994140625,-400000.0625
237.60539722442627,-400000.0625,-8716.73046875,-2899.070068359375,-400000.0625,-13160.7998046875,-400000.0625,4970.68994140625,-400000.0625
237.6108956336975,-400000.0625,-8697.2197265625,-2876.330078125,-400000.0625,-13134.5302734375,-400000.0625,4987.18994140625,-400000.0625
237.61548709869385,-400000.0625,-8670.8603515625,-2849.9599609375,-400000.0625,-13108.349609375,-400000.0625,5010.31982421875,-400000.0625
237.61549520492554,-400000.0625,-8674.4296875,-2858.830078125,-400000.0625,-13116.5498046875,-400000.0625,5014.52001953125,-400000.0625
237.61549997329712,-400000.0625,-8693.650390625,-2879.239990234375,-400000.0625,-13137.4404296875,-400000.0625,4985.81005859375,-400000.0625
237.61550402641296,-400000.0625,-8713.009765625,-2898.030029296875,-400000.0625,-13158.900390625,-400000.0625,4964.39990234375,-400000.0625
237.61550760269165,-400000.0625,-8693.9296875,-2877.81005859375,-400000.0625,-13135.150390625,-400000.0625,4994.10986328125,-400000.0625
237.61551189422607,-400000.0625,-8669.66015625,-2853.489990234375,-400000.0625,-13105.25,-400000.0625,5020.0498046875,-400000.0625
237.61551594734192,-400000.0625,-8675.9599609375,-2859.639892578125,-400000.0625,-13113.4501953125,-400000.0625,5011.7001953125,-400000.0625
237.61551976203918,-400000.0625,-8696.509765625,-2882.530029296875,-400000.0625,-13141.349609375,-400000.0625,4990.39013671875,-400000.0625
237.61552357673645,-400000.0625,-8712.7197265625,-2900.889892578125,-400000.0625,-13161.23046875,-400000.0625,4971.7900390625,-400000.0625
237.61552739143372,-400000.0625,-8693.599609375,-2880.429931640625,-400000.0625,-13140.490234375,-400000.0625,4992.91015625,-400000.0625
237.61553120613098,-400000.0625,-8664.7001953125,-2853.25,-400000.0625,-13114.0703125,-400000.0625,5019.47021484375,-400000.0625
237.61553502082825,-400000.0625,-8676.240234375,-2859.929931640625,-400000.0625,-13117.5498046875,-400000.0625,5006.93017578125,-400000.0625
237.61553859710693,-400000.0625,-8697.7001953125,-2879.050048828125,-400000.0625,-13139.580078125,-400000.0625,4984.18994140625,-400000.0625
237.61554217338562,-400000.0625,-8716.8701171875,-2897.550048828125,-400000.0625,-13160.9501953125,-400000.0625,4969.60009765625,-400000.0625
237.67332243919373,-400000.0625,-8696.080078125,-2876.949951171875,-400000.0625,-13139.490234375,-400000.0625,4991.52978515625,-400000.0625
237.76576948165894,-400000.0625,-8669.5703125,-2850.6298828125,-400000.0625,-13104.490234375,-400000.0625,5013.1298828125,-400000.0625
237.80046725273132,-400000.0625,-8674.5703125,-2862.550048828125,-400000.0625,-13113.0703125,-400000.0625,5003.60009765625,-400000.0625
237.8636064529419,-400000.0625,-8693.169921875,-2879.570068359375,-400000.0625,-13140.490234375,-400000.0625,4979.93994140625,-400000.0625
237.93031430244446,-400000.0625,-8716.2998046875,-2895.929931640625,-400000.0625,-13155.26953125,-400000.0625,4963.5400390625,-400000.0625
238.0173192024231,-400000.0625,-8697.990234375,-2883.429931640625,-400000.0625,-13144.7802734375,-400000.0625,4989.91015625,-400000.0625
238.0698688030243,-400000.0625,-8676.009765625,-2858.35009765625,-400000.0625,-13116.5498046875,-400000.0625,5011.31982421875,-400000.0625
238.1888906955719,-400000.0625,-8704.4697265625,-2882.429931640625,-400000.0625,-13144.5400390625,-400000.0625,4983.3798828125,-400000.0625
238.26459980010986,-400000.0625,-8724.5498046875,-2902.169921875,-400000.0625,-13164.1396484375,-400000.0625,4954.91015625,-400000.0625
238.3160800933838,-400000.0625,-8707.5703125,-2887.72998046875,-400000.0625,-13141.490234375,-400000.0625,4976.64990234375,-400000.0625
238.58024096488953,-400000.0625,-8703.5703125,-2888.25,-400000.0625,-13134.099609375,-400000.0625,4967.740234375,-400000.0625
238.63430833816528,-400000.0625,-8708.0,-2889.35009765625,-400000.0625,-13137.91015625,-400000.0625,4970.02978515625,-400000.0625
238.71431851387024,-400000.0625,-8676.6298828125,-2865.4599609375,-400000.0625,-13106.8203125,-400000.0625,4992.8701171875,-400000.0625
238.76302790641785,-400000.0625,-8691.5,-2878.860107421875,-400000.0625,-13125.330078125,-400000.0625,4975.60986328125,-400000.0625
238.8680934906006,-400000.0625,-8712.9599609375,-2899.31005859375,-400000.0625,-13152.7001953125,-400000.0625,4956.91015625,-400000.0625
238.8971426486969,-400000.0625,-8734.3203125,-2918.580078125,-400000.0625,-13168.099609375,-400000.0625,4942.419921875,-400000.0625
238.9636800289154,-400000.0625,-8676.33984375,-2872.179931640625,-400000.0625,-13123.9404296875,-400000.0625,4987.47998046875,-400000.0625
239.01962280273438,-400000.0625,-8674.33984375,-2869.320068359375,-400000.0625,-13116.7001953125,-400000.0625,4986.56982421875,-400000.0625
239.07818341255188,-400000.0625,-8686.58984375,-2881.530029296875,-400000.0625,-13124.0400390625,-400000.0625,4978.419921875,-400000.0625
239.28084421157837,-400000.0625,-8723.3603515625,-2915.47998046875,-400000.0625,-13157.1298828125,-400000.0625,4945.0400390625,-400000.0625
239.3329427242279,-400000.0625,-8695.3203125,-2884.909912109375,-400000.0625,-13126.759765625,-400000.0625,4978.18017578125,-400000.0625
239.40825152397156,-400000.0625,-8687.4501953125,-2884.9599609375,-400000.0625,-13123.900390625,-400000.0625,4971.35986328125,-400000.0625
239.49715566635132,-400000.0625,-8715.4404296875,-2917.10009765625,-400000.0625,-13156.990234375,-400000.0625,4943.990234375,-400000.0625
239.52974009513855,-400000.0625,-8734.1796875,-2942.469970703125,-400000.0625,-13177.2099609375,-400000.0625,4922.52978515625,-400000.0625
239.6154100894928,-400000.0625,-8711.0498046875,-2922.679931640625,-400000.0625,-13147.7802734375,-400000.0625,4943.0400390625,-400000.0625
239.6719229221344,-400000.0625,-8699.1298828125,-2904.75,-400000.0625,-13121.5595703125,-400000.0625,4960.72998046875,-400000.0625
239.68129706382751,-400000.0625,-8699.8896484375,-2908.56005859375,-400000.0625,-13127.6103515625,-400000.0625,4954.39013671875,-400000.0625
239.68585991859436,-400000.0625,-8727.3095703125,-2933.449951171875,-400000.0625,-13161.08984375,-400000.0625,4926.97021484375,-400000.0625
239.6858687400818,-400000.0625,-8747.580078125,-2953.340087890625,-400000.0625,-13185.5498046875,-400000.0625,4915.759765625,-400000.0625
239.6858730316162,-400000.0625,-8725.1201171875,-2936.699951171875,-400000.0625,-13160.23046875,-400000.0625,4938.83984375,-400000.0625
239.6858775615692,-400000.0625,-8700.23046875,-2908.56005859375,-400000.0625,-13125.9501953125,-400000.0625,4967.5,-400000.0625
239.6858811378479,-400000.0625,-8700.75,-2906.89990234375,-400000.0625,-13128.08984375,-400000.0625,4958.43994140625,-400000.0625
239.68588519096375,-400000.0625,-8723.259765625,-2932.5,-400000.0625,-13155.26953125,-400000.0625,4928.68017578125,-400000.0625
239.685889005661,-400000.0625,-8741.4296875,-2952.429931640625,-400000.0625,-13171.4404296875,-400000.0625,4915.669921875,-400000.0625
239.68589282035828,-400000.0625,-8725.599609375,-2932.739990234375,-400000.0625,-13147.3095703125,-400000.0625,4936.1201171875,-400000.0625
239.68589663505554,-400000.0625,-8697.080078125,-2906.320068359375,-400000.0625,-13116.080078125,-400000.0625,4960.58984375,-400000.0625
239.6859006881714,-400000.0625,-8698.66015625,-2910.81005859375,-400000.0625,-13137.91015625,-400000.0625,4954.14990234375,-400000.0625
239.6859049797058,-400000.0625,-8725.5,-2934.31005859375,-400000.0625,-13166.2900390625,-400000.0625,4935.4599609375,-400000.0625
239.68590903282166,-400000.0625,-8742.0,-2951.530029296875,-400000.0625,-13176.0595703125,-400000.0625,4907.0400390625,-400000.0625
239.68591260910034,-400000.0625,-8716.6796875,-2928.449951171875,-400000.0625,-13149.259765625,-400000.0625,4931.58984375,-400000.0625
239.6859164237976,-400000.0625,-8688.1201171875,-2901.840087890625,-400000.0625,-13121.650390625,-400000.0625,4962.8701171875,-400000.0625
239.7331337928772,-400000.0625,-8697.990234375,-2911.6201171875,-400000.0625,-13130.0498046875,-400000.0625,4958.77001953125,-400000.0625
239.73889017105103,-400000.0625,-8716.3896484375,-2926.780029296875,-400000.0625,-13156.990234375,-400000.0625,4935.35986328125,-400000.0625
239.74345064163208,-400000.0625,-8733.75,-2940.56005859375,-400000.0625,-13168.33984375,-400000.0625,4913.759765625,-400000.0625
239.74345707893372,-400000.0625,-8718.2998046875,-2928.35009765625,-400000.0625,-13143.6396484375,-400000.0625,4936.169921875,-400000.0625
239.74346113204956,-400000.0625,-8686.01953125,-2899.840087890625,-400000.0625,-13116.650390625,-400000.0625,4962.77978515625,-400000.0625
239.74346494674683,-400000.0625,-8690.169921875,-2905.419921875,-400000.0625,-13130.08984375,-400000.0625,4960.43994140625,-400000.0625
239.7434685230255,-400000.0625,-8714.6796875,-2929.2099609375,-400000.0625,-13161.4697265625,-400000.0625,4933.830078125,-400000.0625
239.74347233772278,-400000.0625,-8731.3203125,-2947.89990234375,-400000.0625,-13172.490234375,-400000.0625,4919.33984375,-400000.0625
239.74347615242004,-400000.0625,-8713.0595703125,-2922.820068359375,-400000.0625,-13145.58984375,-400000.0625,4933.41015625,-400000.0625
239.7434799671173,-400000.0625,-8687.349609375,-2899.030029296875,-400000.0625,-13116.9296875,-400000.0625,4959.919921875,-400000.0625
239.74350881576538,-400000.0625,-8682.7802734375,-2899.409912109375,-400000.0625,-13122.1796875,-400000.0625,4961.5400390625,-400000.0625
239.74351286888123,-400000.0625,-8705.4697265625,-2924.6298828125,-400000.0625,-13147.5498046875,-400000.0625,4940.18017578125,-400000.0625
239.7435166835785,-400000.0625,-8727.7900390625,-2941.320068359375,-400000.0625,-13165.4296875,-400000.0625,4928.10986328125,-400000.0625
239.74352025985718,-400000.0625,-8709.150390625,-2921.77001953125,-400000.0625,-13144.6396484375,-400000.0625,4943.0400390625,-400000.0625
239.74352383613586,-400000.0625,-8684.73046875,-2895.449951171875,-400000.0625,-13124.900390625,-400000.0625,4975.41015625,-400000.0625
239.74352741241455,-400000.0625,-8685.2998046875,-2900.31005859375,-400000.0625,-13127.759765625,-400000.0625,4964.64013671875,-400000.0625
239.79720854759216,-400000.0625,-8709.76953125,-2924.6298828125,-400000.0625,-13155.509765625,-400000.0625,4943.75,-400000.0625
239.8067831993103,-400000.0625,-8731.650390625,-2946.3798828125,-400000.0625,-13177.4404296875,-400000.0625,4920.2001953125,-400000.0625
239.81188488006592,-400000.0625,-8710.9599609375,-2923.679931640625,-400000.0625,-13149.3095703125,-400000.0625,4938.080078125,-400000.0625
239.81683778762817,-400000.0625,-8684.4501953125,-2902.60009765625,-400000.0625,-13125.990234375,-400000.0625,4970.41015625,-400000.0625
239.81684708595276,-400000.0625,-8695.3203125,-2908.989990234375,-400000.0625,-13135.009765625,-400000.0625,4964.8798828125,-400000.0625
239.81685137748718,-400000.0625,-8715.33984375,-2932.739990234375,-400000.0625,-13160.419921875,-400000.0625,4939.1298828125,-400000.0625
239.81685543060303,-400000.0625,-8734.1796875,-2948.860107421875,-400000.0625,-13177.4404296875,-400000.0625,4916.56982421875,-400000.0625
239.8168590068817,-400000.0625,-8710.240234375,-2927.39990234375,-400000.0625,-13149.740234375,-400000.0625,4946.60986328125,-400000.0625
239.81686305999756,-400000.0625,-8682.25,-2902.409912109375,-400000.0625,-13124.75,-400000.0625,4975.93994140625,-400000.0625
239.81686663627625,-400000.0625,-8693.26953125,-2911.89990234375,-400000.0625,-13130.3798828125,-400000.0625,4964.39990234375,-400000.0625
239.81687092781067,-400000.0625,-8715.8203125,-2929.070068359375,-400000.0625,-13154.509765625,-400000.0625,4931.740234375,-400000.0625
239.8168749809265,-400000.0625,-8732.8896484375,-2948.89990234375,-400000.0625,-13174.009765625,-400000.0625,4918.9599609375,-400000.0625
239.81687879562378,-400000.0625,-8711.76953125,-2931.550048828125,-400000.0625,-13153.7900390625,-400000.0625,4945.759765625,-400000.0625
239.81688261032104,-400000.0625,-8687.7802734375,-2908.090087890625,-400000.0625,-13129.759765625,-400000.0625,4973.080078125,-400000.0625
239.8168864250183,-400000.0625,-8693.2197265625,-2911.469970703125,-400000.0625,-13134.9599609375,-400000.0625,4964.259765625,-400000.0625
239.81689071655273,-400000.0625,-8722.2099609375,-2936.64990234375,-400000.0625,-13156.990234375,-400000.0625,4931.5,-400000.0625
239.86391186714172,-400000.0625,-8733.1796875,-2957.199951171875,-400000.0625,-13169.6201171875,-400000.0625,4915.2900390625,-400000.0625
239.86920022964478,-400000.0625,-8706.759765625,-2930.449951171875,-400000.0625,-13146.9697265625,-400000.0625,4935.60009765625,-400000.0625
239.87380933761597,-400000.0625,-8687.5400390625,-2907.1298828125,-400000.0625,-13126.3701171875,-400000.0625,4966.31005859375,-400000.0625
239.87381792068481,-400000.0625,-8703.2802734375,-2921.8701171875,-400000.0625,-13136.9599609375,-400000.0625,4958.2998046875,-400000.0625
239.87382221221924,-400000.0625,-8717.73046875,-2941.22998046875,-400000.0625,-13161.6103515625,-400000.0625,4931.4501953125,-400000.0625
239.87382626533508,-400000.0625,-8729.740234375,-2959.25,-400000.0625,-13177.6796875,-400000.0625,4914.52001953125,-400000.0625
239.87383008003235,-400000.0625,-8714.0595703125,-2943.22998046875,-400000.0625,-13148.740234375,-400000.0625,4933.1201171875,-400000.0625
239.8738341331482,-400000.0625,-8687.9697265625,-2908.280029296875,-400000.0625,-13125.1796875,-400000.0625,4961.16015625,-400000.0625
239.87383794784546,-400000.0625,-8697.1298828125,-2910.22998046875,-400000.0625,-13135.240234375,-400000.0625,4962.490234375,-400000.0625
239.8738420009613,-400000.0625,-8752.16015625,-2935.840087890625,-400000.0625,-13162.330078125,-400000.0625,4932.740234375,-400000.0625
239.87384605407715,-400000.0625,-8765.98046875,-2945.469970703125,-400000.0625,-13178.01953125,-400000.0625,4920.10009765625,-400000.0625
239.873850107193,-400000.0625,-8747.580078125,-2906.89990234375,-400000.0625,-13148.599609375,-400000.0625,4948.66015625,-400000.0625
239.87385392189026,-400000.0625,-8720.73046875,-2894.2099609375,-400000.0625,-13116.8896484375,-400000.0625,4985.85986328125,-400000.0625
239.87385773658752,-400000.0625,-8736.419921875,-2916.6201171875,-400000.0625,-13122.7001953125,-400000.0625,4967.259765625,-400000.0625
239.8738615512848,-400000.0625,-8793.2099609375,-2926.969970703125,-400000.0625,-13141.6796875,-400000.0625,4938.080078125,-400000.0625
239.87386560440063,-400000.0625,-8802.0302734375,-2957.389892578125,-400000.0625,-13155.0302734375,-400000.0625,4902.509765625,-400000.0625
239.9093041419983,-400000.0625,-8766.75,-2949.18994140625,-400000.0625,-13129.1904296875,-400000.0625,4906.3701171875,-400000.0625
239.91834831237793,-400000.0625,-8766.4599609375,-2934.739990234375,-400000.0625,-13093.8095703125,-400000.0625,4945.0400390625,-400000.0625
239.9230194091797,-400000.0625,-8793.400390625,-2937.510009765625,-400000.0625,-13093.1904296875,-400000.0625,4947.0400390625,-400000.0625
239.9230272769928,-400000.0625,-8797.3095703125,-2981.139892578125,-400000.0625,-13097.1396484375,-400000.0625,4898.830078125,-400000.0625
239.92303156852722,-400000.0625,-8826.6904296875,-3022.530029296875,-400000.0625,-13099.6201171875,-400000.0625,4866.64990234375,-400000.0625
239.9230353832245,-400000.0625,-8861.2998046875,-3013.1298828125,-400000.0625,-13059.08984375,-400000.0625,4870.60986328125,-400000.0625
239.92303919792175,-400000.0625,-8917.1396484375,-2997.72998046875,-400000.0625,-13011.599609375,-400000.0625,4898.35986328125,-400000.0625
239.9230432510376,-400000.0625,-8944.1298828125,-3036.929931640625,-400000.0625,-13012.83984375,-400000.0625,4878.0,-400000.0625
239.92304706573486,-400000.0625,-9002.830078125,-3083.0400390625,-400000.0625,-13026.91015625,-400000.0625,4825.16015625,-400000.0625
239.92305088043213,-400000.0625,-9040.9296875,-3101.8701171875,-400000.0625,-13035.490234375,-400000.0625,4806.66015625,-400000.0625
239.92305493354797,-400000.0625,-9053.6103515625,-3086.760009765625,-400000.0625,-13008.259765625,-400000.0625,4836.3701171875,-400000.0625
239.92305850982666,-400000.0625,-9053.5703125,-3064.389892578125,-400000.0625,-12978.599609375,-400000.0625,4868.64990234375,-400000.0625
239.92306232452393,-400000.0625,-9085.3203125,-3072.639892578125,-400000.0625,-12980.41015625,-400000.0625,4865.93017578125,-400000.0625
239.92306661605835,-400000.0625,-9133.150390625,-3100.780029296875,-400000.0625,-13003.6396484375,-400000.0625,4831.83984375,-400000.0625
239.92307019233704,-400000.0625,-9166.9599609375,-3122.6201171875,-400000.0625,-13018.3701171875,-400000.0625,4819.16015625,-400000.0625
239.9230740070343,-400000.0625,-9149.8896484375,-3099.780029296875,-400000.0625,-12991.3798828125,-400000.0625,4838.1298828125,-400000.0625
239.97546243667603,-400000.0625,-9120.75,-3072.1201171875,-400000.0625,-12973.01953125,-400000.0625,4867.75,-400000.0625
239.98141598701477,-400000.0625,-9121.7099609375,-3076.510009765625,-400000.0625,-12980.650390625,-400000.0625,4860.16015625,-400000.0625
239.986163854599,-400000.0625,-9143.8798828125,-3095.909912109375,-400000.0625,-13011.41015625,-400000.0625,4838.990234375,-400000.0625
239.98617243766785,-400000.0625,-9153.1796875,-3110.219970703125,-400000.0625,-13034.5400390625,-400000.0625,4831.93017578125,-400000.0625
239.98617696762085,-400000.0625,-9112.169921875,-3079.179931640625,-400000.0625,-13004.5,-400000.0625,4849.43017578125,-400000.0625
239.98618078231812,-400000.0625,-9078.3603515625,-3047.510009765625,-400000.0625,-12984.51953125,-400000.0625,4865.7900390625,-400000.0625
239.98618459701538,-400000.0625,-9072.16015625,-3053.330078125,-400000.0625,-13004.73046875,-400000.0625,4863.1201171875,-400000.0625
239.98618841171265,-400000.0625,-9079.26953125,-3069.639892578125,-400000.0625,-13034.9697265625,-400000.0625,4847.9599609375,-400000.0625
239.98619270324707,-400000.0625,-9081.41015625,-3090.570068359375,-400000.0625,-13056.6103515625,-400000.0625,4821.43994140625,-400000.0625
239.98619651794434,-400000.0625,-9047.75,-3067.5400390625,-400000.0625,-13042.7900390625,-400000.0625,4842.3798828125,-400000.0625
239.98620009422302,-400000.0625,-9001.0703125,-3033.300048828125,-400000.0625,-13017.23046875,-400000.0625,4874.66015625,-400000.0625
239.9862039089203,-400000.0625,-8987.6201171875,-3034.5400390625,-400000.0625,-13027.2900390625,-400000.0625,4864.35986328125,-400000.0625
239.98620748519897,-400000.0625,-8998.0595703125,-3050.280029296875,-400000.0625,-13058.51953125,-400000.0625,4837.7998046875,-400000.0625
239.98621082305908,-400000.0625,-9005.9296875,-3061.679931640625,-400000.0625,-13084.2197265625,-400000.0625,4832.5498046875,-400000.0625
239.98621439933777,-400000.0625,-8959.2900390625,-3035.8798828125,-400000.0625,-13070.580078125,-400000.0625,4856.06005859375,-400000.0625
239.98621821403503,-400000.0625,-8922.3896484375,-3007.4599609375,-400000.0625,-13048.26953125,-400000.0625,4882.2900390625,-400000.0625
240.0433428287506,-400000.0625,-8909.8896484375,-2999.68994140625,-400000.0625,-13054.7998046875,-400000.0625,4879.52001953125,-400000.0625
240.0554552078247,-400000.0625,-8919.2900390625,-3021.570068359375,-400000.0625,-13090.900390625,-400000.0625,4860.68994140625,-400000.0625
240.06075406074524,-400000.0625,-8933.6396484375,-3034.830078125,-400000.0625,-13116.26953125,-400000.0625,4848.0,-400000.0625
240.06582474708557,-400000.0625,-8897.400390625,-3012.800048828125,-400000.0625,-13097.6201171875,-400000.0625,4871.31982421875,-400000.0625
240.0712878704071,-400000.0625,-8859.830078125,-2985.050048828125,-400000.0625,-13068.3896484375,-400000.0625,4899.06982421875,-400000.0625
240.07597088813782,-400000.0625,-8854.33984375,-2985.2900390625,-400000.0625,-13078.3603515625,-400000.0625,4904.080078125,-400000.0625
240.07597994804382,-400000.0625,-8863.6396484375,-3000.02001953125,-400000.0625,-13106.16015625,-400000.0625,4879.669921875,-400000.0625
240.07598447799683,-400000.0625,-8867.259765625,-3011.080078125,-400000.0625,-13130.759765625,-400000.0625,4866.97998046875,-400000.0625
240.07598853111267,-400000.0625,-8836.2197265625,-2984.2900390625,-400000.0625,-13108.830078125,-400000.0625,4888.77001953125,-400000.0625
240.07599234580994,-400000.0625,-8803.7998046875,-2958.489990234375,-400000.0625,-13086.7998046875,-400000.0625,4920.81982421875,-400000.0625
240.07599592208862,-400000.0625,-8805.08984375,-2962.5400390625,-400000.0625,-13098.9599609375,-400000.0625,4917.18994140625,-400000.0625
240.07600021362305,-400000.0625,-8823.25,-2983.429931640625,-400000.0625,-13133.9599609375,-400000.0625,4898.169921875,-400000.0625
240.0760040283203,-400000.0625,-8833.26953125,-2994.110107421875,-400000.0625,-13149.83984375,-400000.0625,4881.56982421875,-400000.0625
240.076007604599,-400000.0625,-8804.419921875,-2968.739990234375,-400000.0625,-13128.330078125,-400000.0625,4908.509765625,-400000.0625
240.07601165771484,-400000.0625,-8767.3203125,-2937.409912109375,-400000.0625,-13101.76953125,-400000.0625,4937.1201171875,-400000.0625
240.0760157108307,-400000.0625,-8768.7998046875,-2946.0,-400000.0625,-13107.73046875,-400000.0625,4927.5400390625,-400000.0625
240.10829734802246,-400000.0625,-8784.150390625,-2966.739990234375,-400000.0625,-13136.25,-400000.0625,4909.7099609375,-400000.0625
240.11406683921814,-400000.0625,-8799.7900390625,-2982.949951171875,-400000.0625,-13159.7998046875,-400000.0625,4894.77978515625,-400000.0625
240.11972570419312,-400000.0625,-8775.1396484375,-2961.72998046875,-400000.0625,-13138.009765625,-400000.0625,4914.7099609375,-400000.0625
240.1660726070404,-400000.0625,-8759.599609375,-2956.719970703125,-400000.0625,-13169.8095703125,-400000.0625,4907.7001953125,-400000.0625
240.17894887924194,-400000.0625,-8739.330078125,-2939.320068359375,-400000.0625,-13150.650390625,-400000.0625,4930.64013671875,-400000.0625
240.190279006958,-400000.0625,-8712.4404296875,-2912.7099609375,-400000.0625,-13127.759765625,-400000.0625,4953.43017578125,-400000.0625
240.20615792274475,-400000.0625,-8719.01953125,-2922.820068359375,-400000.0625,-13136.2001953125,-400000.0625,4949.43017578125,-400000.0625
240.2122838497162,-400000.0625,-8740.5703125,-2946.7099609375,-400000.0625,-13161.5703125,-400000.0625,4923.8701171875,-400000.0625
240.21910309791565,-400000.0625,-8761.4501953125,-2965.02001953125,-400000.0625,-13178.919921875,-400000.0625,4911.60986328125,-400000.0625
240.25072288513184,-400000.0625,-8741.08984375,-2942.75,-400000.0625,-13155.75,-400000.0625,4927.25,-400000.0625
240.25611400604248,-400000.0625,-8710.33984375,-2915.18994140625,-400000.0625,-13127.330078125,-400000.0625,4950.3798828125,-400000.0625
240.27065896987915,-400000.0625,-8714.76953125,-2918.389892578125,-400000.0625,-13123.5595703125,-400000.0625,4948.89990234375,-400000.0625
240.2932825088501,-400000.0625,-8740.51953125,-2945.52001953125,-400000.0625,-13159.51953125,-400000.0625,4927.10986328125,-400000.0625
240.3049738407135,-400000.0625,-8758.400390625,-2963.68994140625,-400000.0625,-13183.6904296875,-400000.0625,4907.509765625,-400000.0625
240.31077814102173,-400000.0625,-8736.66015625,-2942.56005859375,-400000.0625,-13155.1796875,-400000.0625,4925.43994140625,-400000.0625
240.3176839351654,-400000.0625,-8708.5703125,-2916.81005859375,-400000.0625,-13130.0498046875,-400000.0625,4956.72021484375,-400000.0625
240.32380151748657,-400000.0625,-8715.6298828125,-2924.110107421875,-400000.0625,-13137.7197265625,-400000.0625,4952.85986328125,-400000.0625
240.3292202949524,-400000.0625,-8738.6103515625,-2952.580078125,-400000.0625,-13152.98046875,-400000.0625,4923.8701171875,-400000.0625
240.33543992042542,-400000.0625,-8759.5,-2966.68994140625,-400000.0625,-13174.009765625,-400000.0625,4904.31982421875,-400000.0625
240.34585094451904,-400000.0625,-8742.1396484375,-2945.330078125,-400000.0625,-13156.080078125,-400000.0625,4928.58984375,-400000.0625
240.3536913394928,-400000.0625,-8713.76953125,-2918.580078125,-400000.0625,-13128.6201171875,-400000.0625,4955.72021484375,-400000.0625
240.35907626152039,-400000.0625,-8713.4404296875,-2921.10009765625,-400000.0625,-13130.6201171875,-400000.0625,4949.6201171875,-400000.0625
240.36376881599426,-400000.0625,-8740.759765625,-2948.669921875,-400000.0625,-13160.51953125,-400000.0625,4921.47998046875,-400000.0625
240.36377906799316,-400000.0625,-8755.6796875,-2963.590087890625,-400000.0625,-13178.2998046875,-400000.0625,4902.080078125,-400000.0625
240.36378383636475,-400000.0625,-8729.7900390625,-2943.330078125,-400000.0625,-13151.3603515625,-400000.0625,4927.72998046875,-400000.0625
240.36378860473633,-400000.0625,-8704.1904296875,-2921.919921875,-400000.0625,-13131.5703125,-400000.0625,4958.72998046875,-400000.0625
240.3637924194336,-400000.0625,-8708.1904296875,-2928.5400390625,-400000.0625,-13140.2001953125,-400000.0625,4952.72021484375,-400000.0625
240.36379647254944,-400000.0625,-8732.9404296875,-2949.050048828125,-400000.0625,-13159.849609375,-400000.0625,4926.830078125,-400000.0625
240.3638002872467,-400000.0625,-8750.25,-2965.739990234375,-400000.0625,-13176.1103515625,-400000.0625,4916.10009765625,-400000.0625
240.36380553245544,-400000.0625,-8724.169921875,-2941.800048828125,-400000.0625,-13151.83984375,-400000.0625,4932.64013671875,-400000.0625
240.36380982398987,-400000.0625,-8696.7998046875,-2916.860107421875,-400000.0625,-13131.1396484375,-400000.0625,4957.009765625,-400000.0625
240.3638138771057,-400000.0625,-8705.51953125,-2924.969970703125,-400000.0625,-13137.150390625,-400000.0625,4948.18994140625,-400000.0625
240.36381793022156,-400000.0625,-8736.6103515625,-2952.6201171875,-400000.0625,-13163.1904296875,-400000.0625,4928.72998046875,-400000.0625
240.36382174491882,-400000.0625,-8748.2900390625,-2966.360107421875,-400000.0625,-13181.259765625,-400000.0625,4908.31982421875,-400000.0625
240.3638255596161,-400000.0625,-8725.41015625,-2945.760009765625,-400000.0625,-13158.6103515625,-400000.0625,4937.7001953125,-400000.0625
240.36382937431335,-400000.0625,-8698.7001953125,-2918.050048828125,-400000.0625,-13129.1904296875,-400000.0625,4954.10009765625,-400000.0625
240.3638334274292,-400000.0625,-8702.7099609375,-2926.780029296875,-400000.0625,-13137.76953125,-400000.0625,4946.27978515625,-400000.0625
240.36383724212646,-400000.0625,-8723.5498046875,-2948.570068359375,-400000.0625,-13165.51953125,-400000.0625,4929.97021484375,-400000.0625
240.3638415336609,-400000.0625,-8744.6201171875,-2964.2099609375,-400000.0625,-13180.9296875,-400000.0625,4909.3701171875,-400000.0625
240.36384534835815,-400000.0625,-8722.58984375,-2944.610107421875,-400000.0625,-13160.5595703125,-400000.0625,4931.740234375,-400000.0625
240.363849401474,-400000.0625,-8694.75,-2920.14990234375,-400000.0625,-13134.6201171875,-400000.0625,4954.2001953125,-400000.0625
240.36385321617126,-400000.0625,-8702.23046875,-2924.5400390625,-400000.0625,-13134.099609375,-400000.0625,4953.77001953125,-400000.0625
240.36385703086853,-400000.0625,-8722.7802734375,-2947.18994140625,-400000.0625,-13160.2802734375,-400000.0625,4926.10986328125,-400000.0625
240.36386108398438,-400000.0625,-8738.6103515625,-2963.449951171875,-400000.0625,-13177.6298828125,-400000.0625,4912.759765625,-400000.0625
240.36386489868164,-400000.0625,-8719.0595703125,-2943.949951171875,-400000.0625,-13154.2197265625,-400000.0625,4920.2001953125,-400000.0625
240.36386847496033,-400000.0625,-8696.990234375,-2923.159912109375,-400000.0625,-13136.8203125,-400000.0625,4958.2001953125,-400000.0625
240.36387252807617,-400000.0625,-8697.7001953125,-2923.35009765625,-400000.0625,-13135.7197265625,-400000.0625,4964.06982421875,-400000.0625
240.36387658119202,-400000.0625,-8720.5400390625,-2945.610107421875,-400000.0625,-13164.4697265625,-400000.0625,4930.2099609375,-400000.0625
240.36388063430786,-400000.0625,-8744.2900390625,-2962.070068359375,-400000.0625,-13180.73046875,-400000.0625,4908.47021484375,-400000.0625
240.3638858795166,-400000.0625,-8723.740234375,-2947.429931640625,-400000.0625,-13155.3203125,-400000.0625,4929.02001953125,-400000.0625
240.36388969421387,-400000.0625,-8690.41015625,-2923.06005859375,-400000.0625,-13131.1904296875,-400000.0625,4956.9599609375,-400000.0625
240.36389350891113,-400000.0625,-8694.9404296875,-2927.72998046875,-400000.0625,-13137.91015625,-400000.0625,4948.6201171875,-400000.0625
240.36389780044556,-400000.0625,-8721.8798828125,-2952.719970703125,-400000.0625,-13167.91015625,-400000.0625,4923.8701171875,-400000.0625
240.36390137672424,-400000.0625,-8737.990234375,-2969.929931640625,-400000.0625,-13190.75,-400000.0625,4908.66015625,-400000.0625
240.3639051914215,-400000.0625,-8717.009765625,-2945.949951171875,-400000.0625,-13168.150390625,-400000.0625,4927.77978515625,-400000.0625
240.36390900611877,-400000.0625,-8692.1201171875,-2923.8701171875,-400000.0625,-13131.759765625,-400000.0625,4953.52978515625,-400000.0625
240.3639132976532,-400000.0625,-8698.509765625,-2927.489990234375,-400000.0625,-13134.2900390625,-400000.0625,4937.83984375,-400000.0625
240.36391687393188,-400000.0625,-8716.5400390625,-2946.7099609375,-400000.0625,-13168.0498046875,-400000.0625,4925.2001953125,-400000.0625
240.36392068862915,-400000.0625,-8731.599609375,-2963.5,-400000.0625,-13186.98046875,-400000.0625,4906.93994140625,-400000.0625
240.36392450332642,-400000.0625,-8721.400390625,-2946.659912109375,-400000.0625,-13160.990234375,-400000.0625,4924.97021484375,-400000.0625
240.36392831802368,-400000.0625,-8691.650390625,-2919.389892578125,-400000.0625,-13132.9599609375,-400000.0625,4954.2900390625,-400000.0625
240.36393237113953,-400000.0625,-8693.169921875,-2925.919921875,-400000.0625,-13141.490234375,-400000.0625,4946.419921875,-400000.0625
240.3639361858368,-400000.0625,-8716.490234375,-2949.18994140625,-400000.0625,-13165.240234375,-400000.0625,4921.580078125,-400000.0625
240.36394047737122,-400000.0625,-8729.3203125,-2959.389892578125,-400000.0625,-13172.33984375,-400000.0625,4901.22021484375,-400000.0625
240.36394453048706,-400000.0625,-8711.3896484375,-2937.320068359375,-400000.0625,-13146.9296875,-400000.0625,4927.58984375,-400000.0625
240.36394929885864,-400000.0625,-8680.73046875,-2917.0,-400000.0625,-13134.8603515625,-400000.0625,4958.33984375,-400000.0625
240.3639543056488,-400000.0625,-8682.0595703125,-2920.679931640625,-400000.0625,-13150.0703125,-400000.0625,4945.7099609375,-400000.0625
240.43060946464539,-400000.0625,-8707.8603515625,-2942.989990234375,-400000.0625,-13175.4404296875,-400000.0625,4926.16015625,-400000.0625
240.4401831626892,-400000.0625,-8725.259765625,-2961.2099609375,-400000.0625,-13184.01953125,-400000.0625,4910.759765625,-400000.0625
240.44466185569763,-400000.0625,-8704.900390625,-2937.840087890625,-400000.0625,-13155.2197265625,-400000.0625,4926.97021484375,-400000.0625
240.44466924667358,-400000.0625,-8679.919921875,-2914.81005859375,-400000.0625,-13131.91015625,-400000.0625,4955.85986328125,-400000.0625
240.4446737766266,-400000.0625,-8681.2001953125,-2917.0,-400000.0625,-13136.099609375,-400000.0625,4946.56982421875,-400000.0625
240.44467759132385,-400000.0625,-8711.4296875,-2943.1298828125,-400000.0625,-13157.7001953125,-400000.0625,4923.6298828125,-400000.0625
240.4446816444397,-400000.0625,-8733.990234375,-2964.590087890625,-400000.0625,-13185.83984375,-400000.0625,4908.60986328125,-400000.0625
240.44468545913696,-400000.0625,-8712.009765625,-2940.989990234375,-400000.0625,-13165.240234375,-400000.0625,4922.2998046875,-400000.0625
240.44468927383423,-400000.0625,-8683.4404296875,-2916.3798828125,-400000.0625,-13136.7197265625,-400000.0625,4954.2001953125,-400000.0625
240.4446930885315,-400000.0625,-8688.830078125,-2921.389892578125,-400000.0625,-13143.0595703125,-400000.0625,4952.33984375,-400000.0625
240.44469690322876,-400000.0625,-8713.2001953125,-2938.64990234375,-400000.0625,-13164.1904296875,-400000.0625,4922.68017578125,-400000.0625
240.44470047950745,-400000.0625,-8732.5595703125,-2960.2099609375,-400000.0625,-13180.4501953125,-400000.0625,4906.60986328125,-400000.0625
240.4447045326233,-400000.0625,-8710.5302734375,-2941.85009765625,-400000.0625,-13157.4599609375,-400000.0625,4924.490234375,-400000.0625
240.44470834732056,-400000.0625,-8682.400390625,-2915.669921875,-400000.0625,-13135.580078125,-400000.0625,4951.3798828125,-400000.0625
240.4447124004364,-400000.0625,-8691.3603515625,-2920.340087890625,-400000.0625,-13149.98046875,-400000.0625,4944.89990234375,-400000.0625
240.4447159767151,-400000.0625,-8715.1103515625,-2944.89990234375,-400000.0625,-13175.919921875,-400000.0625,4920.33984375,-400000.0625
240.48595809936523,-400000.0625,-8736.330078125,-2966.5,-400000.0625,-13188.650390625,-400000.0625,4903.22021484375,-400000.0625
240.49764919281006,-400000.0625,-8708.759765625,-2943.7099609375,-400000.0625,-13164.240234375,-400000.0625,4922.33984375,-400000.0625
240.5089147090912,-400000.0625,-8683.349609375,-2915.669921875,-400000.0625,-13130.0498046875,-400000.0625,4954.77001953125,-400000.0625
240.52140593528748,-400000.0625,-8692.26953125,-2923.300048828125,-400000.0625,-13132.759765625,-400000.0625,4941.7998046875,-400000.0625
240.5328495502472,-400000.0625,-8715.580078125,-2945.52001953125,-400000.0625,-13165.669921875,-400000.0625,4922.2001953125,-400000.0625
240.5536618232727,-400000.0625,-8729.9404296875,-2961.780029296875,-400000.0625,-13186.3603515625,-400000.0625,4903.41015625,-400000.0625
240.56352066993713,-400000.0625,-8708.4296875,-2940.3701171875,-400000.0625,-13162.0400390625,-400000.0625,4925.43994140625,-400000.0625
240.58044576644897,-400000.0625,-8682.009765625,-2912.81005859375,-400000.0625,-13134.8095703125,-400000.0625,4950.669921875,-400000.0625
240.58668041229248,-400000.0625,-8688.7802734375,-2922.43994140625,-400000.0625,-13141.73046875,-400000.0625,4946.22998046875,-400000.0625
240.5937054157257,-400000.0625,-8711.6298828125,-2947.090087890625,-400000.0625,-13165.2802734375,-400000.0625,4922.43994140625,-400000.0625
240.60571002960205,-400000.0625,-8725.6904296875,-2961.969970703125,-400000.0625,-13178.73046875,-400000.0625,4908.1298828125,-400000.0625
240.61720538139343,-400000.0625,-8710.3896484375,-2944.090087890625,-400000.0625,-13155.75,-400000.0625,4929.4501953125,-400000.0625
240.6281979084015,-400000.0625,-8687.5,-2915.669921875,-400000.0625,-13139.6298828125,-400000.0625,4949.56982421875,-400000.0625
240.6419403553009,-400000.0625,-8690.4501953125,-2917.389892578125,-400000.0625,-13138.5302734375,-400000.0625,4949.330078125,-400000.0625
240.66303610801697,-400000.0625,-8713.0595703125,-2941.699951171875,-400000.0625,-13160.2802734375,-400000.0625,4926.39990234375,-400000.0625
240.6700096130371,-400000.0625,-8737.3701171875,-2967.02001953125,-400000.0625,-13188.2197265625,-400000.0625,4905.83984375,-400000.0625
240.6761348247528,-400000.0625,-8709.8095703125,-2942.320068359375,-400000.0625,-13165.0,-400000.0625,4925.77978515625,-400000.0625
240.68358516693115,-400000.0625,-8685.16015625,-2914.570068359375,-400000.0625,-13135.0498046875,-400000.0625,4954.2001953125,-400000.0625
240.6909589767456,-400000.0625,-8698.3701171875,-2927.070068359375,-400000.0625,-13137.7197265625,-400000.0625,4945.22998046875,-400000.0625
240.6986072063446,-400000.0625,-8721.259765625,-2953.010009765625,-400000.0625,-13166.1396484375,-400000.0625,4917.56982421875,-400000.0625
240.7076234817505,-400000.0625,-8733.4599609375,-2961.679931640625,-400000.0625,-13183.1201171875,-400000.0625,4909.22998046875,-400000.0625
240.72063541412354,-400000.0625,-8719.16015625,-2947.18994140625,-400000.0625,-13161.4697265625,-400000.0625,4929.02001953125,-400000.0625
240.73224687576294,-400000.0625,-8693.509765625,-2922.43994140625,-400000.0625,-13130.8603515625,-400000.0625,4952.33984375,-400000.0625
240.74062728881836,-400000.0625,-8698.26953125,-2929.31005859375,-400000.0625,-13142.5400390625,-400000.0625,4943.56005859375,-400000.0625
240.74924039840698,-400000.0625,-8719.01953125,-2948.860107421875,-400000.0625,-13168.76953125,-400000.0625,4922.33984375,-400000.0625
240.76317954063416,-400000.0625,-8739.08984375,-2967.2099609375,-400000.0625,-13192.3203125,-400000.0625,4903.509765625,-400000.0625
