time,ch1,ch2,ch3,ch4,ch5,ch6,ch7,ch8
153.73525261878967,-400000.0625,-7839.16015625,-4566.77001953125,-400000.0625,-16671.0390625,-400000.0625,-7162.0498046875,-400000.0625
153.74292159080505,-400000.0625,-7790.47021484375,-4520.75,-400000.0625,-16632.509765625,-400000.0625,-7114.27001953125,-400000.0625
153.75666069984436,-400000.0625,-7801.2998046875,-4531.18994140625,-400000.0625,-16641.619140625,-400000.0625,-7125.52001953125,-400000.0625
153.76603436470032,-400000.0625,-7860.14013671875,-4586.27001953125,-400000.0625,-16688.919921875,-400000.0625,-7183.35986328125,-400000.0625
153.7740671634674,-400000.0625,-7883.7900390625,-4605.39013671875,-400000.0625,-16706.80078125,-400000.0625,-7205.10986328125,-400000.0625
153.78524208068848,-400000.0625,-7840.16015625,-4563.759765625,-400000.0625,-16667.369140625,-400000.0625,-7160.759765625,-400000.0625
153.79596614837646,-400000.0625,-7789.0400390625,-4518.56005859375,-400000.0625,-16629.029296875,-400000.0625,-7113.740234375,-400000.0625
153.80393886566162,-400000.0625,-7798.81982421875,-4532.14990234375,-400000.0625,-16642.240234375,-400000.0625,-7126.240234375,-400000.0625
153.81130123138428,-400000.0625,-7860.3798828125,-4587.27001953125,-400000.0625,-16692.58984375,-400000.0625,-7183.60009765625,-400000.0625
153.8280074596405,-400000.0625,-7883.97998046875,-4608.2998046875,-400000.0625,-16707.470703125,-400000.0625,-7205.919921875,-400000.0625
153.83588886260986,-400000.0625,-7839.009765625,-4567.85986328125,-400000.0625,-16667.990234375,-400000.0625,-7165.2900390625,-400000.0625
153.84310793876648,-400000.0625,-7791.759765625,-4523.330078125,-400000.0625,-16628.509765625,-400000.0625,-7118.509765625,-400000.0625
153.85448622703552,-400000.0625,-7803.2001953125,-4533.39013671875,-400000.0625,-16638.140625,-400000.0625,-7129.72021484375,-400000.0625
153.8625190258026,-400000.0625,-7859.52001953125,-4585.35986328125,-400000.0625,-16686.970703125,-400000.0625,-7182.4599609375,-400000.0625
153.86959886550903,-400000.0625,-7883.35986328125,-4607.919921875,-400000.0625,-16707.369140625,-400000.0625,-7209.10986328125,-400000.0625
153.87856531143188,-400000.0625,-7839.2998046875,-4567.47998046875,-400000.0625,-16673.140625,-400000.0625,-7165.0,-400000.0625
153.8871784210205,-400000.0625,-7788.7099609375,-4519.7001953125,-400000.0625,-16627.740234375,-400000.0625,-7114.31982421875,-400000.0625
153.89992904663086,-400000.0625,-7800.77001953125,-4529.759765625,-400000.0625,-16635.08984375,-400000.0625,-7125.08984375,-400000.0625
153.91189122200012,-400000.0625,-7862.89990234375,-4588.080078125,-400000.0625,-16686.16015625,-400000.0625,-7180.830078125,-400000.0625
153.93320727348328,-400000.0625,-7885.89013671875,-4608.81982421875,-400000.0625,-16705.609375,-400000.0625,-7204.33984375,-400000.0625
153.9401364326477,-400000.0625,-7843.5400390625,-4568.580078125,-400000.0625,-16669.609375,-400000.0625,-7163.0,-400000.0625
153.9478325843811,-400000.0625,-7793.0498046875,-4523.60986328125,-400000.0625,-16628.83984375,-400000.0625,-7112.4599609375,-400000.0625
153.95651125907898,-400000.0625,-7803.77001953125,-4535.8701171875,-400000.0625,-16640.470703125,-400000.0625,-7124.47021484375,-400000.0625
153.96364068984985,-400000.0625,-7865.0498046875,-4591.990234375,-400000.0625,-16691.16015625,-400000.0625,-7183.080078125,-400000.0625
153.9703085422516,-400000.0625,-7887.31982421875,-4611.77978515625,-400000.0625,-16713.9609375,-400000.0625,-7205.06005859375,-400000.0625
153.97686767578125,-400000.0625,-7843.06982421875,-4570.33984375,-400000.0625,-16674.140625,-400000.0625,-7159.56982421875,-400000.0625
153.98663640022278,-400000.0625,-7795.669921875,-4526.66015625,-400000.0625,-16631.220703125,-400000.0625,-7111.64990234375,-400000.0625
153.9958894252777,-400000.0625,-7810.16015625,-4541.35009765625,-400000.0625,-16644.240234375,-400000.0625,-7125.9501953125,-400000.0625
154.00319242477417,-400000.0625,-7867.85986328125,-4596.0400390625,-400000.0625,-16694.740234375,-400000.0625,-7180.169921875,-400000.0625
154.009863615036,-400000.0625,-7886.7900390625,-4612.68017578125,-400000.0625,-16704.419921875,-400000.0625,-7200.0498046875,-400000.0625
154.01925992965698,-400000.0625,-7840.009765625,-4567.43017578125,-400000.0625,-16669.279296875,-400000.0625,-7157.60986328125,-400000.0625
154.03415179252625,-400000.0625,-7792.81005859375,-4524.330078125,-400000.0625,-16636.470703125,-400000.0625,-7109.60009765625,-400000.0625
154.04075503349304,-400000.0625,-7806.10986328125,-4535.72021484375,-400000.0625,-16646.8203125,-400000.0625,-7121.47021484375,-400000.0625
154.04926252365112,-400000.0625,-7864.330078125,-4590.93994140625,-400000.0625,-16691.400390625,-400000.0625,-7181.22021484375,-400000.0625
154.0587863922119,-400000.0625,-7885.740234375,-4611.35009765625,-400000.0625,-16708.94921875,-400000.0625,-7203.8701171875,-400000.0625
154.06673121452332,-400000.0625,-7840.009765625,-4570.06005859375,-400000.0625,-16674.0,-400000.0625,-7159.52001953125,-400000.0625
154.07297492027283,-400000.0625,-7790.47021484375,-4522.75,-400000.0625,-16630.7890625,-400000.0625,-7107.68994140625,-400000.0625
154.08166885375977,-400000.0625,-7804.06005859375,-4535.25,-400000.0625,-16637.849609375,-400000.0625,-7119.1298828125,-400000.0625
154.0906581878662,-400000.0625,-7862.6201171875,-4588.41015625,-400000.0625,-16689.16015625,-400000.0625,-7180.02001953125,-400000.0625
154.0978240966797,-400000.0625,-7887.22021484375,-4611.919921875,-400000.0625,-16713.619140625,-400000.0625,-7204.39013671875,-400000.0625
154.104346036911,-400000.0625,-7839.2001953125,-4569.580078125,-400000.0625,-16674.08984375,-400000.0625,-7156.1298828125,-400000.0625
154.1108260154724,-400000.0625,-7787.56005859375,-4522.85009765625,-400000.0625,-16630.3203125,-400000.0625,-7109.1201171875,-400000.0625
154.11883282661438,-400000.0625,-7803.81982421875,-4536.68017578125,-400000.0625,-16645.859375,-400000.0625,-7122.85009765625,-400000.0625
154.1279489994049,-400000.0625,-7859.0400390625,-4589.60986328125,-400000.0625,-16690.01953125,-400000.0625,-7178.35986328125,-400000.0625
154.14093470573425,-400000.0625,-7880.8798828125,-4610.6298828125,-400000.0625,-16706.369140625,-400000.0625,-7203.25,-400000.0625
154.150452375412,-400000.0625,-7840.5400390625,-4571.14990234375,-400000.0625,-16671.609375,-400000.0625,-7159.18994140625,-400000.0625
154.1603229045868,-400000.0625,-7790.18017578125,-4522.89990234375,-400000.0625,-16627.55078125,-400000.0625,-7109.68994140625,-400000.0625
154.16710925102234,-400000.0625,-7803.39013671875,-4536.2998046875,-400000.0625,-16642.4296875,-400000.0625,-7123.18994140625,-400000.0625
154.17319321632385,-400000.0625,-7863.14013671875,-4592.93994140625,-400000.0625,-16692.44921875,-400000.0625,-7186.31982421875,-400000.0625
154.1803252696991,-400000.0625,-7883.1201171875,-4615.02001953125,-400000.0625,-16714.240234375,-400000.0625,-7211.10986328125,-400000.0625
154.18992590904236,-400000.0625,-7837.81982421875,-4569.33984375,-400000.0625,-16672.94921875,-400000.0625,-7166.14990234375,-400000.0625
154.19713139533997,-400000.0625,-7793.08984375,-4527.89990234375,-400000.0625,-16631.80078125,-400000.0625,-7114.83984375,-400000.0625
154.20345878601074,-400000.0625,-7804.06005859375,-4540.77978515625,-400000.0625,-16643.720703125,-400000.0625,-7128.2900390625,-400000.0625
154.20953822135925,-400000.0625,-7853.080078125,-4583.4501953125,-400000.0625,-16682.009765625,-400000.0625,-7184.02978515625,-400000.0625
154.21814942359924,-400000.0625,-7880.06982421875,-4609.5400390625,-400000.0625,-16702.69921875,-400000.0625,-7212.2099609375,-400000.0625
154.22737646102905,-400000.0625,-7839.10986328125,-4570.91015625,-400000.0625,-16677.099609375,-400000.0625,-7166.240234375,-400000.0625
154.23501682281494,-400000.0625,-7789.7099609375,-4524.0400390625,-400000.0625,-16639.810546875,-400000.0625,-7115.97998046875,-400000.0625
154.25110387802124,-400000.0625,-7804.35009765625,-4535.8701171875,-400000.0625,-16646.390625,-400000.0625,-7129.9599609375,-400000.0625
154.26125168800354,-400000.0625,-7860.89990234375,-4590.1298828125,-400000.0625,-16692.58984375,-400000.0625,-7184.5498046875,-400000.0625
154.26937174797058,-400000.0625,-7881.1201171875,-4609.97021484375,-400000.0625,-16706.1796875,-400000.0625,-7206.97021484375,-400000.0625
154.27584624290466,-400000.0625,-7838.2001953125,-4569.77001953125,-400000.0625,-16669.130859375,-400000.0625,-7163.3798828125,-400000.0625
154.29421377182007,-400000.0625,-7789.759765625,-4523.75,-400000.0625,-16632.890625,-400000.0625,-7114.83984375,-400000.0625
154.3032581806183,-400000.0625,-7797.9599609375,-4533.669921875,-400000.0625,-16641.48046875,-400000.0625,-7127.91015625,-400000.0625
154.3099091053009,-400000.0625,-7853.89013671875,-4585.83984375,-400000.0625,-16683.630859375,-400000.0625,-7183.27001953125,-400000.0625
154.3194818496704,-400000.0625,-7882.7900390625,-4612.4501953125,-400000.0625,-16710.619140625,-400000.0625,-7207.72998046875,-400000.0625
154.32941198349,-400000.0625,-7838.43994140625,-4569.72021484375,-400000.0625,-16672.08984375,-400000.0625,-7162.56982421875,-400000.0625
154.33660888671875,-400000.0625,-7789.47021484375,-4523.47021484375,-400000.0625,-16630.169921875,-400000.0625,-7108.58984375,-400000.0625
154.3536458015442,-400000.0625,-7803.25,-4535.39013671875,-400000.0625,-16638.279296875,-400000.0625,-7127.81005859375,-400000.0625
154.36424446105957,-400000.0625,-7859.759765625,-4587.60009765625,-400000.0625,-16686.779296875,-400000.0625,-7188.3701171875,-400000.0625
154.37099862098694,-400000.0625,-7879.1201171875,-4609.77978515625,-400000.0625,-16706.470703125,-400000.0625,-7206.68017578125,-400000.0625
154.37854671478271,-400000.0625,-7835.43994140625,-4569.6298828125,-400000.0625,-16669.369140625,-400000.0625,-7162.2900390625,-400000.0625
154.39224886894226,-400000.0625,-7786.93994140625,-4522.75,-400000.0625,-16628.69921875,-400000.0625,-7113.169921875,-400000.0625
154.40129733085632,-400000.0625,-7801.14990234375,-4536.68017578125,-400000.0625,-16641.619140625,-400000.0625,-7126.6201171875,-400000.0625
154.40821051597595,-400000.0625,-7860.52001953125,-4591.0400390625,-400000.0625,-16685.869140625,-400000.0625,-7179.06982421875,-400000.0625
154.41882228851318,-400000.0625,-7886.31982421875,-4615.8798828125,-400000.0625,-16707.279296875,-400000.0625,-7201.85986328125,-400000.0625
154.4274196624756,-400000.0625,-7841.8701171875,-4574.5400390625,-400000.0625,-16674.759765625,-400000.0625,-7163.91015625,-400000.0625
154.4378216266632,-400000.0625,-7794.2900390625,-4528.56982421875,-400000.0625,-16635.609375,-400000.0625,-7114.169921875,-400000.0625
154.45605444908142,-400000.0625,-7804.5400390625,-4542.5400390625,-400000.0625,-16645.33984375,-400000.0625,-7124.419921875,-400000.0625
154.46544742584229,-400000.0625,-7858.7099609375,-4594.18017578125,-400000.0625,-16690.109375,-400000.0625,-7181.93017578125,-400000.0625
154.4742271900177,-400000.0625,-7881.35986328125,-4613.64013671875,-400000.0625,-16702.990234375,-400000.0625,-7206.6298828125,-400000.0625
154.48346424102783,-400000.0625,-7842.8798828125,-4574.58984375,-400000.0625,-16668.939453125,-400000.0625,-7164.77001953125,-400000.0625
154.49114060401917,-400000.0625,-7795.47998046875,-4531.43017578125,-400000.0625,-16630.3203125,-400000.0625,-7120.47021484375,-400000.0625
154.50216150283813,-400000.0625,-7808.97021484375,-4545.02001953125,-400000.0625,-16642.240234375,-400000.0625,-7133.39013671875,-400000.0625
154.51214361190796,-400000.0625,-7869.81982421875,-4601.6201171875,-400000.0625,-16692.640625,-400000.0625,-7193.0400390625,-400000.0625
154.52027249336243,-400000.0625,-7890.89013671875,-4621.1201171875,-400000.0625,-16708.7109375,-400000.0625,-7216.4501953125,-400000.0625
154.5288052558899,-400000.0625,-7845.97021484375,-4577.259765625,-400000.0625,-16672.330078125,-400000.0625,-7167.10009765625,-400000.0625
154.54728364944458,-400000.0625,-7800.25,-4535.33984375,-400000.0625,-16635.51953125,-400000.0625,-7117.18017578125,-400000.0625
154.56671690940857,-400000.0625,-7813.4501953125,-4545.31005859375,-400000.0625,-16643.619140625,-400000.0625,-7132.9599609375,-400000.0625
154.57608914375305,-400000.0625,-7869.10009765625,-4598.669921875,-400000.0625,-16686.390625,-400000.0625,-7190.990234375,-400000.0625
154.58569073677063,-400000.0625,-7892.93994140625,-4623.27001953125,-400000.0625,-16712.810546875,-400000.0625,-7212.5,-400000.0625
154.5927698612213,-400000.0625,-7850.41015625,-4582.2099609375,-400000.0625,-16679.810546875,-400000.0625,-7172.009765625,-400000.0625
154.60369277000427,-400000.0625,-7800.9599609375,-4533.9599609375,-400000.0625,-16634.80078125,-400000.0625,-7120.31982421875,-400000.0625
154.61377382278442,-400000.0625,-7818.4599609375,-4551.02978515625,-400000.0625,-16647.9609375,-400000.0625,-7136.5400390625,-400000.0625
154.62098264694214,-400000.0625,-7878.16015625,-4605.39013671875,-400000.0625,-16696.650390625,-400000.0625,-7193.66015625,-400000.0625
154.6291000843048,-400000.0625,-7898.3798828125,-4623.83984375,-400000.0625,-16709.0390625,-400000.0625,-7213.31005859375,-400000.0625
154.63915348052979,-400000.0625,-7855.27001953125,-4582.740234375,-400000.0625,-16673.189453125,-400000.0625,-7168.14990234375,-400000.0625
154.64997935295105,-400000.0625,-7805.5400390625,-4537.2998046875,-400000.0625,-16634.509765625,-400000.0625,-7121.419921875,-400000.0625
154.66682124137878,-400000.0625,-7815.7900390625,-4548.1201171875,-400000.0625,-16641.859375,-400000.0625,-7133.81982421875,-400000.0625
154.67609119415283,-400000.0625,-7874.35009765625,-4603.10009765625,-400000.0625,-16697.4609375,-400000.0625,-7192.7998046875,-400000.0625
154.68532156944275,-400000.0625,-7896.6201171875,-4624.3701171875,-400000.0625,-16715.150390625,-400000.0625,-7211.830078125,-400000.0625
154.6926486492157,-400000.0625,-7848.83984375,-4581.8798828125,-400000.0625,-16675.08984375,-400000.0625,-7165.0,-400000.0625
154.70200729370117,-400000.0625,-7800.2900390625,-4536.009765625,-400000.0625,-16635.560546875,-400000.0625,-7118.18017578125,-400000.0625
154.71492958068848,-400000.0625,-7813.83984375,-4547.02001953125,-400000.0625,-16648.390625,-400000.0625,-7132.77001953125,-400000.0625
154.72221899032593,-400000.0625,-7872.68017578125,-4602.47998046875,-400000.0625,-16695.44921875,-400000.0625,-7190.509765625,-400000.0625
154.7348792552948,-400000.0625,-7891.1298828125,-4620.64990234375,-400000.0625,-16711.189453125,-400000.0625,-7208.5400390625,-400000.0625
154.74476552009583,-400000.0625,-7845.02001953125,-4580.06982421875,-400000.0625,-16673.330078125,-400000.0625,-7166.47998046875,-400000.0625
154.7535388469696,-400000.0625,-7800.68017578125,-4537.2001953125,-400000.0625,-16636.94921875,-400000.0625,-7118.22998046875,-400000.0625
154.77298760414124,-400000.0625,-7818.89013671875,-4550.35986328125,-400000.0625,-16651.439453125,-400000.0625,-7134.52978515625,-400000.0625
154.78345441818237,-400000.0625,-7872.009765625,-4601.43017578125,-400000.0625,-16695.0703125,-400000.0625,-7191.1298828125,-400000.0625
154.7907371520996,-400000.0625,-7894.27978515625,-4623.27001953125,-400000.0625,-16712.05078125,-400000.0625,-7212.740234375,-400000.0625
154.80171251296997,-400000.0625,-7849.27001953125,-4581.5498046875,-400000.0625,-16675.279296875,-400000.0625,-7167.81982421875,-400000.0625
154.8130066394806,-400000.0625,-7804.490234375,-4540.72998046875,-400000.0625,-16640.759765625,-400000.0625,-7118.75,-400000.0625
154.82076001167297,-400000.0625,-7817.080078125,-4550.080078125,-400000.0625,-16649.439453125,-400000.0625,-7135.25,-400000.0625
154.82891154289246,-400000.0625,-7872.490234375,-4602.240234375,-400000.0625,-16690.44921875,-400000.0625,-7194.56982421875,-400000.0625
154.84025478363037,-400000.0625,-7894.3701171875,-4622.97998046875,-400000.0625,-16703.80078125,-400000.0625,-7213.1201171875,-400000.0625
154.85050439834595,-400000.0625,-7846.2099609375,-4581.4501953125,-400000.0625,-16672.849609375,-400000.0625,-7167.77001953125,-400000.0625
154.85815906524658,-400000.0625,-7798.009765625,-4536.580078125,-400000.0625,-16638.849609375,-400000.0625,-7119.1298828125,-400000.0625
154.88451170921326,-400000.0625,-7813.06982421875,-4548.64990234375,-400000.0625,-16646.669921875,-400000.0625,-7132.9599609375,-400000.0625
154.89197945594788,-400000.0625,-7869.77001953125,-4602.72021484375,-400000.0625,-16690.44921875,-400000.0625,-7187.93994140625,-400000.0625
154.90243911743164,-400000.0625,-7890.7001953125,-4622.97998046875,-400000.0625,-16711.669921875,-400000.0625,-7211.72998046875,-400000.0625
154.913019657135,-400000.0625,-7844.259765625,-4579.16015625,-400000.0625,-16670.23046875,-400000.0625,-7167.52978515625,-400000.0625
154.9211573600769,-400000.0625,-7801.81982421875,-4539.2998046875,-400000.0625,-16632.1796875,-400000.0625,-7118.080078125,-400000.0625
154.93545007705688,-400000.0625,-7818.080078125,-4551.7001953125,-400000.0625,-16644.720703125,-400000.0625,-7136.2001953125,-400000.0625
154.94794750213623,-400000.0625,-7876.64013671875,-4605.009765625,-400000.0625,-16693.689453125,-400000.0625,-7198.3798828125,-400000.0625
154.95608830451965,-400000.0625,-7896.7099609375,-4623.4599609375,-400000.0625,-16712.4296875,-400000.0625,-7214.830078125,-400000.0625
154.96693468093872,-400000.0625,-7849.02978515625,-4578.830078125,-400000.0625,-16675.380859375,-400000.0625,-7166.39013671875,-400000.0625
154.98530840873718,-400000.0625,-7799.009765625,-4533.33984375,-400000.0625,-16632.509765625,-400000.0625,-7119.60986328125,-400000.0625
154.99297332763672,-400000.0625,-7813.7900390625,-4548.169921875,-400000.0625,-16642.51953125,-400000.0625,-7135.009765625,-400000.0625
155.01030349731445,-400000.0625,-7872.72998046875,-4599.669921875,-400000.0625,-16692.2109375,-400000.0625,-7190.18017578125,-400000.0625
155.019029378891,-400000.0625,-7892.22998046875,-4616.58984375,-400000.0625,-16707.279296875,-400000.0625,-7208.39990234375,-400000.0625
155.02617502212524,-400000.0625,-7846.64013671875,-4576.72998046875,-400000.0625,-16670.939453125,-400000.0625,-7165.14990234375,-400000.0625
155.03671503067017,-400000.0625,-7798.33984375,-4533.52978515625,-400000.0625,-16635.369140625,-400000.0625,-7117.22021484375,-400000.0625
155.04700207710266,-400000.0625,-7813.169921875,-4547.31005859375,-400000.0625,-16651.970703125,-400000.0625,-7132.43994140625,-400000.0625
155.05534100532532,-400000.0625,-7867.14990234375,-4598.330078125,-400000.0625,-16693.9296875,-400000.0625,-7191.52001953125,-400000.0625
155.06399011611938,-400000.0625,-7885.97998046875,-4615.35986328125,-400000.0625,-16706.470703125,-400000.0625,-7206.2001953125,-400000.0625
155.07577395439148,-400000.0625,-7844.1201171875,-4573.8701171875,-400000.0625,-16671.419921875,-400000.0625,-7163.759765625,-400000.0625
155.0910747051239,-400000.0625,-7798.43017578125,-4529.2900390625,-400000.0625,-16635.23046875,-400000.0625,-7116.7998046875,-400000.0625
155.1007697582245,-400000.0625,-7813.35986328125,-4542.259765625,-400000.0625,-16648.580078125,-400000.0625,-7133.33984375,-400000.0625
155.11194515228271,-400000.0625,-7871.33984375,-4599.18994140625,-400000.0625,-16694.119140625,-400000.0625,-7189.7001953125,-400000.0625
155.1202781200409,-400000.0625,-7890.93994140625,-4616.7900390625,-400000.0625,-16705.3203125,-400000.0625,-7209.64013671875,-400000.0625
155.12798595428467,-400000.0625,-7841.58984375,-4572.33984375,-400000.0625,-16670.279296875,-400000.0625,-7161.3798828125,-400000.0625
155.14121890068054,-400000.0625,-7793.9501953125,-4531.3798828125,-400000.0625,-16633.369140625,-400000.0625,-7114.35986328125,-400000.0625
155.14915680885315,-400000.0625,-7811.93017578125,-4546.7900390625,-400000.0625,-16645.91015625,-400000.0625,-7130.18994140625,-400000.0625
155.1561131477356,-400000.0625,-7864.669921875,-4598.330078125,-400000.0625,-16695.740234375,-400000.0625,-7187.75,-400000.0625
155.16516780853271,-400000.0625,-7882.5498046875,-4615.68994140625,-400000.0625,-16709.470703125,-400000.0625,-7204.8701171875,-400000.0625
155.1750910282135,-400000.0625,-7838.77001953125,-4571.2001953125,-400000.0625,-16667.650390625,-400000.0625,-7159.330078125,-400000.0625
155.18295049667358,-400000.0625,-7793.08984375,-4528.3798828125,-400000.0625,-16627.98046875,-400000.0625,-7114.89013671875,-400000.0625
155.2051010131836,-400000.0625,-7807.830078125,-4544.68994140625,-400000.0625,-16644.0,-400000.0625,-7131.43017578125,-400000.0625
155.21742939949036,-400000.0625,-7866.56982421875,-4600.2900390625,-400000.0625,-16696.55078125,-400000.0625,-7190.419921875,-400000.0625
155.2248020172119,-400000.0625,-7888.60009765625,-4620.83984375,-400000.0625,-16714.05078125,-400000.0625,-7210.02001953125,-400000.0625
155.23972058296204,-400000.0625,-7841.06005859375,-4578.77978515625,-400000.0625,-16673.849609375,-400000.0625,-7166.669921875,-400000.0625
155.24833226203918,-400000.0625,-7791.81005859375,-4530.759765625,-400000.0625,-16630.130859375,-400000.0625,-7115.169921875,-400000.0625
155.25594663619995,-400000.0625,-7810.02001953125,-4544.16015625,-400000.0625,-16641.900390625,-400000.0625,-7129.18994140625,-400000.0625
155.26394414901733,-400000.0625,-7866.52978515625,-4599.0,-400000.0625,-16690.30078125,-400000.0625,-7186.4599609375,-400000.0625
155.27278637886047,-400000.0625,-7883.60009765625,-4615.97021484375,-400000.0625,-16704.369140625,-400000.0625,-7202.9599609375,-400000.0625
155.28056001663208,-400000.0625,-7839.72998046875,-4572.68017578125,-400000.0625,-16669.80078125,-400000.0625,-7161.14013671875,-400000.0625
155.28752875328064,-400000.0625,-7790.66015625,-4529.52001953125,-400000.0625,-16635.23046875,-400000.0625,-7114.1298828125,-400000.0625
155.30215525627136,-400000.0625,-7805.97021484375,-4545.97998046875,-400000.0625,-16650.9609375,-400000.0625,-7127.2900390625,-400000.0625
155.3122067451477,-400000.0625,-7865.47998046875,-4597.759765625,-400000.0625,-16694.880859375,-400000.0625,-7185.60009765625,-400000.0625
155.3199770450592,-400000.0625,-7884.7900390625,-4617.64013671875,-400000.0625,-16710.0,-400000.0625,-7206.2998046875,-400000.0625
155.32804226875305,-400000.0625,-7839.58984375,-4579.16015625,-400000.0625,-16675.380859375,-400000.0625,-7157.7998046875,-400000.0625
155.3417525291443,-400000.0625,-7788.60986328125,-4531.85986328125,-400000.0625,-16635.3203125,-400000.0625,-7108.39990234375,-400000.0625
155.3495273590088,-400000.0625,-7801.68017578125,-4543.97021484375,-400000.0625,-16643.9609375,-400000.0625,-7120.31982421875,-400000.0625
155.3563802242279,-400000.0625,-7865.2900390625,-4601.81005859375,-400000.0625,-16697.7890625,-400000.0625,-7181.83984375,-400000.0625
155.3650860786438,-400000.0625,-7885.93017578125,-4622.56005859375,-400000.0625,-16712.240234375,-400000.0625,-7205.9599609375,-400000.0625
155.37551879882812,-400000.0625,-7840.72998046875,-4581.169921875,-400000.0625,-16676.859375,-400000.0625,-7157.3701171875,-400000.0625
155.38305139541626,-400000.0625,-7794.0,-4538.39013671875,-400000.0625,-16642.4296875,-400000.0625,-7110.97998046875,-400000.0625
155.3898150920868,-400000.0625,-7806.8701171875,-4549.93017578125,-400000.0625,-16655.01953125,-400000.0625,-7123.7099609375,-400000.0625
155.40652441978455,-400000.0625,-7862.0400390625,-4601.77001953125,-400000.0625,-16696.599609375,-400000.0625,-7181.7900390625,-400000.0625
155.4160852432251,-400000.0625,-7881.169921875,-4622.60009765625,-400000.0625,-16706.330078125,-400000.0625,-7200.669921875,-400000.0625
155.42346024513245,-400000.0625,-7837.25,-4580.4501953125,-400000.0625,-16671.849609375,-400000.0625,-7154.60986328125,-400000.0625
155.43233609199524,-400000.0625,-7788.52001953125,-4530.18994140625,-400000.0625,-16632.890625,-400000.0625,-7107.2099609375,-400000.0625
155.44118523597717,-400000.0625,-7805.43994140625,-4549.41015625,-400000.0625,-16646.099609375,-400000.0625,-7124.85009765625,-400000.0625
155.44858074188232,-400000.0625,-7866.18994140625,-4606.68017578125,-400000.0625,-16699.55078125,-400000.0625,-7186.990234375,-400000.0625
155.45545935630798,-400000.0625,-7883.35986328125,-4621.509765625,-400000.0625,-16712.810546875,-400000.0625,-7205.2998046875,-400000.0625
155.46410608291626,-400000.0625,-7838.97021484375,-4578.06982421875,-400000.0625,-16674.849609375,-400000.0625,-7160.52001953125,-400000.0625
155.47582054138184,-400000.0625,-7790.56982421875,-4533.81982421875,-400000.0625,-16637.900390625,-400000.0625,-7112.5498046875,-400000.0625
155.48594760894775,-400000.0625,-7808.8798828125,-4549.64990234375,-400000.0625,-16650.150390625,-400000.0625,-7129.0,-400000.0625
155.49290227890015,-400000.0625,-7865.6201171875,-4602.2900390625,-400000.0625,-16692.0703125,-400000.0625,-7181.97998046875,-400000.0625
155.51194405555725,-400000.0625,-7882.169921875,-4620.41015625,-400000.0625,-16712.240234375,-400000.0625,-7199.0,-400000.0625
155.51945996284485,-400000.0625,-7843.77978515625,-4582.97998046875,-400000.0625,-16678.189453125,-400000.0625,-7156.27978515625,-400000.0625
155.52655935287476,-400000.0625,-7797.39013671875,-4540.009765625,-400000.0625,-16637.759765625,-400000.0625,-7109.259765625,-400000.0625
155.54439425468445,-400000.0625,-7814.4599609375,-4558.52001953125,-400000.0625,-16657.2109375,-400000.0625,-7127.0498046875,-400000.0625
155.55882668495178,-400000.0625,-7873.97021484375,-4613.10986328125,-400000.0625,-16706.23046875,-400000.0625,-7188.18017578125,-400000.0625
155.56948399543762,-400000.0625,-7889.509765625,-4626.60986328125,-400000.0625,-16715.9609375,-400000.0625,-7203.14990234375,-400000.0625
155.58018040657043,-400000.0625,-7839.25,-4579.35009765625,-400000.0625,-16675.859375,-400000.0625,-7155.419921875,-400000.0625
155.5883822441101,-400000.0625,-7790.66015625,-4531.3798828125,-400000.0625,-16635.470703125,-400000.0625,-7106.5,-400000.0625
155.59707117080688,-400000.0625,-7802.77001953125,-4545.97998046875,-400000.0625,-16643.4296875,-400000.0625,-7123.52001953125,-400000.0625
155.61619782447815,-400000.0625,-7863.669921875,-4604.2900390625,-400000.0625,-16698.98046875,-400000.0625,-7181.740234375,-400000.0625
155.6240119934082,-400000.0625,-7888.3701171875,-4625.60986328125,-400000.0625,-16718.91015625,-400000.0625,-7204.580078125,-400000.0625
155.63825917243958,-400000.0625,-7841.35009765625,-4579.35009765625,-400000.0625,-16680.099609375,-400000.0625,-7158.18017578125,-400000.0625
155.64898252487183,-400000.0625,-7793.14013671875,-4534.2900390625,-400000.0625,-16641.380859375,-400000.0625,-7106.97021484375,-400000.0625
155.6570224761963,-400000.0625,-7808.64013671875,-4550.27001953125,-400000.0625,-16649.19921875,-400000.0625,-7123.52001953125,-400000.0625
155.66647338867188,-400000.0625,-7865.6201171875,-4603.77001953125,-400000.0625,-16694.640625,-400000.0625,-7181.97998046875,-400000.0625
155.6777048110962,-400000.0625,-7885.22021484375,-4621.93994140625,-400000.0625,-16712.4296875,-400000.0625,-7204.580078125,-400000.0625
155.6861550807953,-400000.0625,-7835.81982421875,-4577.02001953125,-400000.0625,-16672.94921875,-400000.0625,-7155.93994140625,-400000.0625
155.69440698623657,-400000.0625,-7787.75,-4532.43017578125,-400000.0625,-16634.419921875,-400000.0625,-7107.77978515625,-400000.0625
155.70563793182373,-400000.0625,-7806.58984375,-4550.97998046875,-400000.0625,-16653.349609375,-400000.0625,-7126.56982421875,-400000.0625
155.72032403945923,-400000.0625,-7861.56982421875,-4601.47998046875,-400000.0625,-16697.98046875,-400000.0625,-7181.93017578125,-400000.0625
155.73045778274536,-400000.0625,-7880.06982421875,-4619.31005859375,-400000.0625,-16714.529296875,-400000.0625,-7202.2900390625,-400000.0625
155.74216747283936,-400000.0625,-7833.10009765625,-4575.35009765625,-400000.0625,-16677.859375,-400000.0625,-7153.990234375,-400000.0625
155.7507483959198,-400000.0625,-7782.080078125,-4527.3798828125,-400000.0625,-16636.279296875,-400000.0625,-7105.39990234375,-400000.0625
155.75846147537231,-400000.0625,-7800.43994140625,-4543.64013671875,-400000.0625,-16651.16015625,-400000.0625,-7121.3701171875,-400000.0625
155.76877355575562,-400000.0625,-7858.47021484375,-4598.6201171875,-400000.0625,-16694.259765625,-400000.0625,-7176.97021484375,-400000.0625
155.77779173851013,-400000.0625,-7875.009765625,-4613.97021484375,-400000.0625,-16709.900390625,-400000.0625,-7196.759765625,-400000.0625
155.78566217422485,-400000.0625,-7827.14013671875,-4570.68017578125,-400000.0625,-16676.51953125,-400000.0625,-7150.1298828125,-400000.0625
155.79284811019897,-400000.0625,-7780.64990234375,-4527.759765625,-400000.0625,-16636.0390625,-400000.0625,-7103.6298828125,-400000.0625
155.806640625,-400000.0625,-7800.06005859375,-4546.1201171875,-400000.0625,-16649.580078125,-400000.0625,-7117.31982421875,-400000.0625
155.8200342655182,-400000.0625,-7855.7001953125,-4597.89990234375,-400000.0625,-16699.26953125,-400000.0625,-7174.919921875,-400000.0625
155.82668018341064,-400000.0625,-7872.8701171875,-4612.490234375,-400000.0625,-16710.7109375,-400000.0625,-7196.52001953125,-400000.0625
155.83832478523254,-400000.0625,-7826.89990234375,-4567.2900390625,-400000.0625,-16667.220703125,-400000.0625,-7149.1201171875,-400000.0625
155.84769010543823,-400000.0625,-7781.4599609375,-4524.330078125,-400000.0625,-16629.599609375,-400000.0625,-7100.68017578125,-400000.0625
155.8550796508789,-400000.0625,-7794.240234375,-4534.85986328125,-400000.0625,-16637.849609375,-400000.0625,-7115.56005859375,-400000.0625
155.86291599273682,-400000.0625,-7851.080078125,-4591.56005859375,-400000.0625,-16691.73046875,-400000.0625,-7171.68017578125,-400000.0625
155.87299704551697,-400000.0625,-7870.47998046875,-4610.35009765625,-400000.0625,-16710.330078125,-400000.0625,-7192.56005859375,-400000.0625
155.8803312778473,-400000.0625,-7826.56982421875,-4568.0498046875,-400000.0625,-16675.08984375,-400000.0625,-7151.22021484375,-400000.0625
155.88707995414734,-400000.0625,-7776.740234375,-4524.0400390625,-400000.0625,-16636.08984375,-400000.0625,-7098.52978515625,-400000.0625
155.8936595916748,-400000.0625,-7795.6201171875,-4541.830078125,-400000.0625,-16650.30078125,-400000.0625,-7109.4501953125,-400000.0625
155.9064040184021,-400000.0625,-7854.56005859375,-4597.52001953125,-400000.0625,-16695.44921875,-400000.0625,-7170.14990234375,-400000.0625
155.91424822807312,-400000.0625,-7872.10986328125,-4614.259765625,-400000.0625,-16707.66015625,-400000.0625,-7192.3701171875,-400000.0625
155.92734956741333,-400000.0625,-7826.0400390625,-4572.72998046875,-400000.0625,-16671.369140625,-400000.0625,-7144.169921875,-400000.0625
155.93928050994873,-400000.0625,-7776.5498046875,-4529.14013671875,-400000.0625,-16630.599609375,-400000.0625,-7097.43994140625,-400000.0625
155.9467511177063,-400000.0625,-7794.52001953125,-4544.31005859375,-400000.0625,-16646.8203125,-400000.0625,-7115.64990234375,-400000.0625
155.95340132713318,-400000.0625,-7856.66015625,-4601.85986328125,-400000.0625,-16701.1796875,-400000.0625,-7176.919921875,-400000.0625
155.95979523658752,-400000.0625,-7877.06005859375,-4620.89013671875,-400000.0625,-16716.009765625,-400000.0625,-7198.14013671875,-400000.0625
155.9683482646942,-400000.0625,-7824.60986328125,-4572.2001953125,-400000.0625,-16675.189453125,-400000.0625,-7147.68994140625,-400000.0625
155.97673106193542,-400000.0625,-7780.35986328125,-4529.91015625,-400000.0625,-16634.849609375,-400000.0625,-7098.8701171875,-400000.0625
155.98380208015442,-400000.0625,-7800.06005859375,-4547.5498046875,-400000.0625,-16647.76953125,-400000.0625,-7120.18017578125,-400000.0625
155.99057149887085,-400000.0625,-7856.1298828125,-4603.14990234375,-400000.0625,-16696.359375,-400000.0625,-7176.97021484375,-400000.0625
156.00024795532227,-400000.0625,-7874.6298828125,-4620.83984375,-400000.0625,-16713.669921875,-400000.0625,-7193.85009765625,-400000.0625
156.0099425315857,-400000.0625,-7826.85009765625,-4577.64013671875,-400000.0625,-16674.849609375,-400000.0625,-7149.5498046875,-400000.0625
156.01815032958984,-400000.0625,-7781.35986328125,-4535.68017578125,-400000.0625,-16636.560546875,-400000.0625,-7101.35009765625,-400000.0625
156.03635668754578,-400000.0625,-7801.25,-4553.18017578125,-400000.0625,-16654.349609375,-400000.0625,-7119.080078125,-400000.0625
156.0445113182068,-400000.0625,-7858.1298828125,-4605.2001953125,-400000.0625,-16698.69921875,-400000.0625,-7176.2099609375,-400000.0625
156.05161237716675,-400000.0625,-7872.39013671875,-4618.740234375,-400000.0625,-16709.759765625,-400000.0625,-7190.7998046875,-400000.0625
156.05812907218933,-400000.0625,-7824.7099609375,-4575.77978515625,-400000.0625,-16672.51953125,-400000.0625,-7144.740234375,-400000.0625
156.06593561172485,-400000.0625,-7779.06982421875,-4531.9599609375,-400000.0625,-16632.080078125,-400000.0625,-7099.43994140625,-400000.0625
156.07359290122986,-400000.0625,-7799.14990234375,-4549.41015625,-400000.0625,-16651.009765625,-400000.0625,-7112.83984375,-400000.0625
156.0808835029602,-400000.0625,-7856.47021484375,-4602.47998046875,-400000.0625,-16693.640625,-400000.0625,-7172.25,-400000.0625
156.08753418922424,-400000.0625,-7872.919921875,-4618.259765625,-400000.0625,-16710.330078125,-400000.0625,-7193.18017578125,-400000.0625
156.09400749206543,-400000.0625,-7826.27978515625,-4573.06005859375,-400000.0625,-16670.75,-400000.0625,-7144.2099609375,-400000.0625
156.10194611549377,-400000.0625,-7778.35986328125,-4528.9501953125,-400000.0625,-16632.130859375,-400000.0625,-7097.2001953125,-400000.0625
156.11012959480286,-400000.0625,-7790.18017578125,-4543.58984375,-400000.0625,-16648.33984375,-400000.0625,-7118.1298828125,-400000.0625
156.11716723442078,-400000.0625,-7850.7900390625,-4596.0,-400000.0625,-16695.9296875,-400000.0625,-7174.64013671875,-400000.0625
156.12363934516907,-400000.0625,-7869.6298828125,-4615.35986328125,-400000.0625,-16707.900390625,-400000.0625,-7190.89990234375,-400000.0625
156.14068055152893,-400000.0625,-7822.60986328125,-4571.43994140625,-400000.0625,-16671.419921875,-400000.0625,-7143.5498046875,-400000.0625
156.14856505393982,-400000.0625,-7776.7900390625,-4528.85986328125,-400000.0625,-16635.7109375,-400000.0625,-7097.9599609375,-400000.0625
156.15578985214233,-400000.0625,-7794.0,-4547.93017578125,-400000.0625,-16648.150390625,-400000.0625,-7115.169921875,-400000.0625
156.1630232334137,-400000.0625,-7849.93017578125,-4598.669921875,-400000.0625,-16691.779296875,-400000.0625,-7173.25,-400000.0625
156.17301774024963,-400000.0625,-7868.0,-4614.39990234375,-400000.0625,-16707.7109375,-400000.0625,-7187.7998046875,-400000.0625
156.18051385879517,-400000.0625,-7821.66015625,-4569.81982421875,-400000.0625,-16674.08984375,-400000.0625,-7146.41015625,-400000.0625
156.18726921081543,-400000.0625,-7774.5400390625,-4525.22998046875,-400000.0625,-16634.1796875,-400000.0625,-7098.2900390625,-400000.0625
156.19390296936035,-400000.0625,-7795.240234375,-4543.919921875,-400000.0625,-16646.669921875,-400000.0625,-7116.3701171875,-400000.0625
156.20205521583557,-400000.0625,-7850.169921875,-4599.0498046875,-400000.0625,-16689.830078125,-400000.0625,-7178.64013671875,-400000.0625
156.21018385887146,-400000.0625,-7870.06005859375,-4618.83984375,-400000.0625,-16709.5703125,-400000.0625,-7194.89990234375,-400000.0625
156.21717739105225,-400000.0625,-7827.85986328125,-4575.830078125,-400000.0625,-16676.48046875,-400000.0625,-7144.8798828125,-400000.0625
156.2235667705536,-400000.0625,-7780.64990234375,-4532.0498046875,-400000.0625,-16635.130859375,-400000.0625,-7102.81982421875,-400000.0625
156.2301299571991,-400000.0625,-7798.0498046875,-4551.080078125,-400000.0625,-16646.009765625,-400000.0625,-7121.60986328125,-400000.0625
156.24542427062988,-400000.0625,-7859.330078125,-4609.39013671875,-400000.0625,-16701.029296875,-400000.0625,-7180.02001953125,-400000.0625
156.25216150283813,-400000.0625,-7875.77978515625,-4624.56005859375,-400000.0625,-16718.099609375,-400000.0625,-7196.240234375,-400000.0625
156.2583246231079,-400000.0625,-7827.0400390625,-4577.68017578125,-400000.0625,-16677.380859375,-400000.0625,-7147.5,-400000.0625
156.26629114151,-400000.0625,-7779.5498046875,-4533.009765625,-400000.0625,-16635.369140625,-400000.0625,-7101.25,-400000.0625
156.2770779132843,-400000.0625,-7796.56982421875,-4550.27001953125,-400000.0625,-16651.349609375,-400000.0625,-7119.27001953125,-400000.0625
156.28439736366272,-400000.0625,-7857.7998046875,-4605.14990234375,-400000.0625,-16699.26953125,-400000.0625,-7178.16015625,-400000.0625
156.2908844947815,-400000.0625,-7876.490234375,-4623.83984375,-400000.0625,-16713.0,-400000.0625,-7195.330078125,-400000.0625
156.29863357543945,-400000.0625,-7826.3798828125,-4577.830078125,-400000.0625,-16674.23046875,-400000.0625,-7144.4501953125,-400000.0625
156.31067442893982,-400000.0625,-7778.8798828125,-4533.009765625,-400000.0625,-16636.1796875,-400000.0625,-7097.72021484375,-400000.0625
156.31835103034973,-400000.0625,-7801.14990234375,-4553.83984375,-400000.0625,-16655.970703125,-400000.0625,-7119.1298828125,-400000.0625
156.3252775669098,-400000.0625,-7858.89990234375,-4608.43994140625,-400000.0625,-16703.419921875,-400000.0625,-7176.06982421875,-400000.0625
156.33407926559448,-400000.0625,-7870.39013671875,-4620.7001953125,-400000.0625,-16715.2890625,-400000.0625,-7190.85009765625,-400000.0625
156.35043001174927,-400000.0625,-7822.22998046875,-4573.25,-400000.0625,-16673.0390625,-400000.0625,-7143.5,-400000.0625
156.3569052219391,-400000.0625,-7778.1201171875,-4532.0,-400000.0625,-16635.130859375,-400000.0625,-7098.39013671875,-400000.0625
156.3671841621399,-400000.0625,-7798.2900390625,-4549.06982421875,-400000.0625,-16651.25,-400000.0625,-7117.4599609375,-400000.0625
156.37761521339417,-400000.0625,-7855.419921875,-4601.52978515625,-400000.0625,-16695.98046875,-400000.0625,-7179.06982421875,-400000.0625
156.38462471961975,-400000.0625,-7872.580078125,-4619.4599609375,-400000.0625,-16714.189453125,-400000.0625,-7196.240234375,-400000.0625
156.39116215705872,-400000.0625,-7831.669921875,-4580.259765625,-400000.0625,-16682.439453125,-400000.0625,-7146.02978515625,-400000.0625
156.3997061252594,-400000.0625,-7781.31982421875,-4532.85986328125,-400000.0625,-16637.419921875,-400000.0625,-7098.39013671875,-400000.0625
156.40977334976196,-400000.0625,-7794.669921875,-4548.02978515625,-400000.0625,-16650.33984375,-400000.0625,-7118.7001953125,-400000.0625
156.4169898033142,-400000.0625,-7852.93994140625,-4602.580078125,-400000.0625,-16698.080078125,-400000.0625,-7171.580078125,-400000.0625
156.42347645759583,-400000.0625,-7870.6298828125,-4621.740234375,-400000.0625,-16714.859375,-400000.0625,-7190.93994140625,-400000.0625
156.43046355247498,-400000.0625,-7821.27001953125,-4577.64013671875,-400000.0625,-16673.419921875,-400000.0625,-7147.27001953125,-400000.0625
156.44075298309326,-400000.0625,-7776.93017578125,-4533.72021484375,-400000.0625,-16637.849609375,-400000.0625,-7098.6298828125,-400000.0625
156.4552357196808,-400000.0625,-7797.2900390625,-4550.83984375,-400000.0625,-16654.5390625,-400000.0625,-7114.93994140625,-400000.0625
156.46301126480103,-400000.0625,-7855.1298828125,-4603.10009765625,-400000.0625,-16697.029296875,-400000.0625,-7174.5400390625,-400000.0625
156.47699427604675,-400000.0625,-7870.6298828125,-4619.169921875,-400000.0625,-16715.05078125,-400000.0625,-7190.31982421875,-400000.0625
156.48681116104126,-400000.0625,-7820.419921875,-4573.580078125,-400000.0625,-16673.759765625,-400000.0625,-7141.72998046875,-400000.0625
156.49489951133728,-400000.0625,-7771.77978515625,-4528.3798828125,-400000.0625,-16633.890625,-400000.0625,-7094.0,-400000.0625
156.50399565696716,-400000.0625,-7794.10009765625,-4548.169921875,-400000.0625,-16651.8203125,-400000.0625,-7115.22021484375,-400000.0625
156.51148796081543,-400000.0625,-7848.259765625,-4600.6201171875,-400000.0625,-16698.7890625,-400000.0625,-7173.009765625,-400000.0625
156.51837253570557,-400000.0625,-7866.43017578125,-4618.169921875,-400000.0625,-16712.859375,-400000.0625,-7189.7001953125,-400000.0625
156.52497100830078,-400000.0625,-7818.64990234375,-4574.009765625,-400000.0625,-16672.51953125,-400000.0625,-7143.740234375,-400000.0625
156.53608393669128,-400000.0625,-7773.02001953125,-4529.91015625,-400000.0625,-16630.890625,-400000.0625,-7099.25,-400000.0625
156.5511655807495,-400000.0625,-7791.14013671875,-4548.1201171875,-400000.0625,-16648.529296875,-400000.0625,-7116.18017578125,-400000.0625
156.5707540512085,-400000.0625,-7852.02978515625,-4606.8701171875,-400000.0625,-16697.83984375,-400000.0625,-7173.10986328125,-400000.0625
156.57798194885254,-400000.0625,-7869.2900390625,-4623.31982421875,-400000.0625,-16710.189453125,-400000.0625,-7192.22998046875,-400000.0625
156.58482480049133,-400000.0625,-7819.4599609375,-4577.490234375,-400000.0625,-16677.48046875,-400000.0625,-7145.02001953125,-400000.0625
156.59132552146912,-400000.0625,-7773.72998046875,-4533.47998046875,-400000.0625,-16637.759765625,-400000.0625,-7099.490234375,-400000.0625
156.60063219070435,-400000.0625,-7792.27978515625,-4550.27001953125,-400000.0625,-16651.490234375,-400000.0625,-7116.22021484375,-400000.0625
156.6111855506897,-400000.0625,-7851.4599609375,-4603.2001953125,-400000.0625,-16697.029296875,-400000.0625,-7177.39990234375,-400000.0625
156.62027883529663,-400000.0625,-7867.14990234375,-4618.97998046875,-400000.0625,-16710.900390625,-400000.0625,-7194.56982421875,-400000.0625
156.62820482254028,-400000.0625,-7814.31005859375,-4570.77001953125,-400000.0625,-16667.3203125,-400000.0625,-7141.8798828125,-400000.0625
156.63927245140076,-400000.0625,-7768.2998046875,-4528.6201171875,-400000.0625,-16635.23046875,-400000.0625,-7094.240234375,-400000.0625
156.64733052253723,-400000.0625,-7788.419921875,-4547.31005859375,-400000.0625,-16651.6796875,-400000.0625,-7116.4599609375,-400000.0625
156.65437269210815,-400000.0625,-7846.93017578125,-4600.56982421875,-400000.0625,-16697.740234375,-400000.0625,-7178.97998046875,-400000.0625
156.66980910301208,-400000.0625,-7866.72021484375,-4621.169921875,-400000.0625,-16714.05078125,-400000.0625,-7191.75,-400000.0625
156.67806887626648,-400000.0625,-7820.080078125,-4575.77978515625,-400000.0625,-16674.66015625,-400000.0625,-7144.169921875,-400000.0625
156.68571662902832,-400000.0625,-7774.2099609375,-4531.14990234375,-400000.0625,-16635.0390625,-400000.0625,-7098.68017578125,-400000.0625
156.69249033927917,-400000.0625,-7791.330078125,-4550.35986328125,-400000.0625,-16651.30078125,-400000.0625,-7116.75,-400000.0625
156.70284223556519,-400000.0625,-7850.89013671875,-4606.43994140625,-400000.0625,-16699.220703125,-400000.0625,-7174.06005859375,-400000.0625
156.71182537078857,-400000.0625,-7869.009765625,-4621.1201171875,-400000.0625,-16713.2890625,-400000.0625,-7191.7099609375,-400000.0625
156.71919465065002,-400000.0625,-7818.080078125,-4575.830078125,-400000.0625,-16678.5703125,-400000.0625,-7142.68994140625,-400000.0625
156.72631359100342,-400000.0625,-7771.64013671875,-4534.2001953125,-400000.0625,-16639.66015625,-400000.0625,-7095.85986328125,-400000.0625
156.73923301696777,-400000.0625,-7792.66015625,-4551.31982421875,-400000.0625,-16652.6796875,-400000.0625,-7115.89013671875,-400000.0625
156.74764251708984,-400000.0625,-7850.5498046875,-4606.10009765625,-400000.0625,-16702.4609375,-400000.0625,-7180.7900390625,-400000.0625
156.75457000732422,-400000.0625,-7867.33984375,-4621.5498046875,-400000.0625,-16715.240234375,-400000.0625,-7196.240234375,-400000.0625
156.77386283874512,-400000.0625,-7820.22998046875,-4576.10986328125,-400000.0625,-16673.609375,-400000.0625,-7143.06982421875,-400000.0625
156.78150391578674,-400000.0625,-7770.58984375,-4531.669921875,-400000.0625,-16637.609375,-400000.0625,-7095.77001953125,-400000.0625
156.78963470458984,-400000.0625,-7786.93994140625,-4546.830078125,-400000.0625,-16650.109375,-400000.0625,-7116.509765625,-400000.0625
156.79793095588684,-400000.0625,-7846.169921875,-4603.91015625,-400000.0625,-16698.310546875,-400000.0625,-7177.97021484375,-400000.0625
156.80667400360107,-400000.0625,-7865.3798828125,-4622.64990234375,-400000.0625,-16713.240234375,-400000.0625,-7197.669921875,-400000.0625
156.81401252746582,-400000.0625,-7816.02978515625,-4577.02001953125,-400000.0625,-16673.609375,-400000.0625,-7149.64990234375,-400000.0625
156.8206548690796,-400000.0625,-7772.5400390625,-4534.85986328125,-400000.0625,-16640.759765625,-400000.0625,-7104.490234375,-400000.0625
156.82707285881042,-400000.0625,-7794.10009765625,-4554.7001953125,-400000.0625,-16658.01953125,-400000.0625,-7126.3798828125,-400000.0625
156.8367063999176,-400000.0625,-7853.27001953125,-4607.72998046875,-400000.0625,-16704.130859375,-400000.0625,-7182.169921875,-400000.0625
156.84606552124023,-400000.0625,-7865.6201171875,-4621.7900390625,-400000.0625,-16714.91015625,-400000.0625,-7198.3798828125,-400000.0625
156.85340523719788,-400000.0625,-7815.41015625,-4574.8701171875,-400000.0625,-16674.849609375,-400000.0625,-7147.4599609375,-400000.0625
156.86043548583984,-400000.0625,-7767.72998046875,-4526.7099609375,-400000.0625,-16636.609375,-400000.0625,-7099.009765625,-400000.0625
156.87624788284302,-400000.0625,-7787.509765625,-4547.64013671875,-400000.0625,-16649.490234375,-400000.0625,-7121.1298828125,-400000.0625
156.88438940048218,-400000.0625,-7849.4599609375,-4604.81982421875,-400000.0625,-16700.4609375,-400000.0625,-7182.27001953125,-400000.0625
156.89100193977356,-400000.0625,-7866.91015625,-4620.35986328125,-400000.0625,-16714.05078125,-400000.0625,-7194.9501953125,-400000.0625
156.90534853935242,-400000.0625,-7816.1201171875,-4575.25,-400000.0625,-16675.4296875,-400000.0625,-7143.4501953125,-400000.0625
156.91328239440918,-400000.0625,-7770.77978515625,-4532.85986328125,-400000.0625,-16637.419921875,-400000.0625,-7099.490234375,-400000.0625
156.9207422733307,-400000.0625,-7790.7998046875,-4550.41015625,-400000.0625,-16652.490234375,-400000.0625,-7123.18994140625,-400000.0625
156.92853307724,-400000.0625,-7848.169921875,-4605.25,-400000.0625,-16701.939453125,-400000.0625,-7181.22021484375,-400000.0625
156.93781328201294,-400000.0625,-7859.419921875,-4617.169921875,-400000.0625,-16715.0,-400000.0625,-7194.6201171875,-400000.0625
156.94597816467285,-400000.0625,-7808.830078125,-4569.33984375,-400000.0625,-16671.990234375,-400000.0625,-7145.02001953125,-400000.0625
156.95284485816956,-400000.0625,-7767.009765625,-4529.0,-400000.0625,-16636.140625,-400000.0625,-7099.009765625,-400000.0625
156.9594738483429,-400000.0625,-7790.85009765625,-4547.93017578125,-400000.0625,-16656.0703125,-400000.0625,-7123.47021484375,-400000.0625
156.97190165519714,-400000.0625,-7844.740234375,-4601.52978515625,-400000.0625,-16699.41015625,-400000.0625,-7183.02978515625,-400000.0625
156.98690342903137,-400000.0625,-7859.56005859375,-4615.1201171875,-400000.0625,-16712.140625,-400000.0625,-7196.85986328125,-400000.0625
156.99406337738037,-400000.0625,-7810.64013671875,-4569.10009765625,-400000.0625,-16670.130859375,-400000.0625,-7150.509765625,-400000.0625
157.00276064872742,-400000.0625,-7766.490234375,-4529.330078125,-400000.0625,-16631.26953125,-400000.0625,-7101.97021484375,-400000.0625
157.01115226745605,-400000.0625,-7787.990234375,-4549.31005859375,-400000.0625,-16651.16015625,-400000.0625,-7120.31982421875,-400000.0625
157.01815581321716,-400000.0625,-7845.68994140625,-4602.52978515625,-400000.0625,-16698.26953125,-400000.0625,-7177.4501953125,-400000.0625
157.02441668510437,-400000.0625,-7863.52001953125,-4617.64013671875,-400000.0625,-16712.0,-400000.0625,-7198.52978515625,-400000.0625
157.03201627731323,-400000.0625,-7812.4501953125,-4571.68017578125,-400000.0625,-16676.48046875,-400000.0625,-7152.7998046875,-400000.0625
157.0412471294403,-400000.0625,-7766.2998046875,-4529.669921875,-400000.0625,-16638.810546875,-400000.0625,-7103.58984375,-400000.0625
157.0495913028717,-400000.0625,-7784.31982421875,-4547.60009765625,-400000.0625,-16652.779296875,-400000.0625,-7124.56982421875,-400000.0625
157.0573811531067,-400000.0625,-7842.10986328125,-4602.47998046875,-400000.0625,-16698.080078125,-400000.0625,-7183.93017578125,-400000.0625
157.06574892997742,-400000.0625,-7857.31982421875,-4615.39990234375,-400000.0625,-16710.189453125,-400000.0625,-7196.0498046875,-400000.0625
157.07469606399536,-400000.0625,-7805.39990234375,-4567.10009765625,-400000.0625,-16664.939453125,-400000.0625,-7142.58984375,-400000.0625
157.08826208114624,-400000.0625,-7766.77001953125,-4529.2900390625,-400000.0625,-16629.939453125,-400000.0625,-7099.009765625,-400000.0625
157.09545612335205,-400000.0625,-7788.7099609375,-4549.169921875,-400000.0625,-16653.16015625,-400000.0625,-7120.93994140625,-400000.0625
157.10515928268433,-400000.0625,-7841.919921875,-4601.9599609375,-400000.0625,-16698.310546875,-400000.0625,-7177.39990234375,-400000.0625
157.11219596862793,-400000.0625,-7854.31982421875,-4614.93017578125,-400000.0625,-16710.7109375,-400000.0625,-7192.14013671875,-400000.0625
157.11892294883728,-400000.0625,-7806.72998046875,-4569.72021484375,-400000.0625,-16669.80078125,-400000.0625,-7143.68994140625,-400000.0625
157.12516260147095,-400000.0625,-7763.9599609375,-4529.56982421875,-400000.0625,-16638.810546875,-400000.0625,-7098.9599609375,-400000.0625
157.13391828536987,-400000.0625,-7783.31982421875,-4548.64990234375,-400000.0625,-16653.30078125,-400000.0625,-7118.419921875,-400000.0625
157.14201498031616,-400000.0625,-7837.14990234375,-4599.0498046875,-400000.0625,-16696.029296875,-400000.0625,-7176.830078125,-400000.0625
157.14982557296753,-400000.0625,-7853.89013671875,-4612.77978515625,-400000.0625,-16707.23046875,-400000.0625,-7188.93994140625,-400000.0625
157.15670228004456,-400000.0625,-7808.97021484375,-4570.2900390625,-400000.0625,-16668.1796875,-400000.0625,-7141.5400390625,-400000.0625
157.16482281684875,-400000.0625,-7764.33984375,-4530.47998046875,-400000.0625,-16634.0390625,-400000.0625,-7098.72021484375,-400000.0625
157.17410016059875,-400000.0625,-7787.1298828125,-4552.4599609375,-400000.0625,-16655.44921875,-400000.0625,-7120.31982421875,-400000.0625
157.18205189704895,-400000.0625,-7844.4501953125,-4605.6298828125,-400000.0625,-16702.3203125,-400000.0625,-7182.97998046875,-400000.0625
157.19645237922668,-400000.0625,-7857.1298828125,-4616.740234375,-400000.0625,-16714.4296875,-400000.0625,-7192.56005859375,-400000.0625
157.2046160697937,-400000.0625,-7808.5400390625,-4570.009765625,-400000.0625,-16672.23046875,-400000.0625,-7140.97021484375,-400000.0625
157.21280717849731,-400000.0625,-7763.10009765625,-4528.330078125,-400000.0625,-16635.609375,-400000.0625,-7098.9599609375,-400000.0625
157.2194151878357,-400000.0625,-7784.1298828125,-4546.740234375,-400000.0625,-16651.779296875,-400000.0625,-7115.080078125,-400000.0625
157.2258701324463,-400000.0625,-7842.68017578125,-4602.14990234375,-400000.0625,-16695.599609375,-400000.0625,-7172.16015625,-400000.0625
157.23586416244507,-400000.0625,-7857.60986328125,-4616.5,-400000.0625,-16703.890625,-400000.0625,-7190.08984375,-400000.0625
157.245037317276,-400000.0625,-7810.06982421875,-4572.580078125,-400000.0625,-16670.560546875,-400000.0625,-7146.1201171875,-400000.0625
157.25205898284912,-400000.0625,-7765.8701171875,-4532.240234375,-400000.0625,-16639.849609375,-400000.0625,-7104.10986328125,-400000.0625
157.25883722305298,-400000.0625,-7786.1298828125,-4552.60009765625,-400000.0625,-16655.0703125,-400000.0625,-7122.22998046875,-400000.0625
157.2704095840454,-400000.0625,-7842.72998046875,-4603.669921875,-400000.0625,-16700.169921875,-400000.0625,-7176.259765625,-400000.0625
157.27862358093262,-400000.0625,-7859.08984375,-4616.35986328125,-400000.0625,-16710.810546875,-400000.0625,-7191.56005859375,-400000.0625
157.28578352928162,-400000.0625,-7805.830078125,-4566.91015625,-400000.0625,-16669.560546875,-400000.0625,-7139.830078125,-400000.0625
157.30168795585632,-400000.0625,-7757.759765625,-4525.18994140625,-400000.0625,-16629.650390625,-400000.0625,-7094.47998046875,-400000.0625
157.3106334209442,-400000.0625,-7781.60009765625,-4545.1201171875,-400000.0625,-16643.48046875,-400000.0625,-7116.64990234375,-400000.0625
157.3184244632721,-400000.0625,-7841.68017578125,-4600.6201171875,-400000.0625,-16700.939453125,-400000.0625,-7175.64013671875,-400000.0625
157.32544898986816,-400000.0625,-7853.27001953125,-4614.16015625,-400000.0625,-16712.759765625,-400000.0625,-7191.52001953125,-400000.0625
157.33687782287598,-400000.0625,-7803.5400390625,-4566.33984375,-400000.0625,-16669.419921875,-400000.0625,-7140.35009765625,-400000.0625
157.34536242485046,-400000.0625,-7761.52978515625,-4523.7998046875,-400000.0625,-16634.80078125,-400000.0625,-7096.39013671875,-400000.0625
157.3523817062378,-400000.0625,-7784.56005859375,-4545.2099609375,-400000.0625,-16653.16015625,-400000.0625,-7119.3701171875,-400000.0625
157.35923504829407,-400000.0625,-7838.6298828125,-4598.52001953125,-400000.0625,-16698.359375,-400000.0625,-7176.4501953125,-400000.0625
157.36869835853577,-400000.0625,-7849.5,-4609.77978515625,-400000.0625,-16705.80078125,-400000.0625,-7187.75,-400000.0625
157.37628173828125,-400000.0625,-7802.009765625,-4565.52978515625,-400000.0625,-16664.509765625,-400000.0625,-7139.72998046875,-400000.0625
157.38348293304443,-400000.0625,-7759.759765625,-4523.85009765625,-400000.0625,-16629.3203125,-400000.0625,-7098.47998046875,-400000.0625
157.39022946357727,-400000.0625,-7781.7900390625,-4547.5,-400000.0625,-16651.060546875,-400000.0625,-7119.0400390625,-400000.0625
157.40717554092407,-400000.0625,-7839.10986328125,-4597.52001953125,-400000.0625,-16697.7890625,-400000.0625,-7174.5400390625,-400000.0625
157.4153425693512,-400000.0625,-7854.1298828125,-4610.2998046875,-400000.0625,-16706.94921875,-400000.0625,-7187.22021484375,-400000.0625
157.42205500602722,-400000.0625,-7802.77001953125,-4563.669921875,-400000.0625,-16668.939453125,-400000.0625,-7137.97021484375,-400000.0625
157.43051171302795,-400000.0625,-7757.7099609375,-4521.990234375,-400000.0625,-16633.080078125,-400000.0625,-7095.669921875,-400000.0625
157.44238424301147,-400000.0625,-7776.259765625,-4539.6298828125,-400000.0625,-16646.33984375,-400000.0625,-7118.509765625,-400000.0625
157.4496624469757,-400000.0625,-7834.52978515625,-4593.9501953125,-400000.0625,-16694.830078125,-400000.0625,-7172.919921875,-400000.0625
157.4560832977295,-400000.0625,-7851.7900390625,-4609.25,-400000.0625,-16706.75,-400000.0625,-7184.7900390625,-400000.0625
157.46267747879028,-400000.0625,-7802.43994140625,-4564.10009765625,-400000.0625,-16666.220703125,-400000.0625,-7137.16015625,-400000.0625
157.47063541412354,-400000.0625,-7756.3798828125,-4523.08984375,-400000.0625,-16631.69921875,-400000.0625,-7093.18994140625,-400000.0625
157.47882747650146,-400000.0625,-7778.4501953125,-4544.35009765625,-400000.0625,-16650.630859375,-400000.0625,-7115.93994140625,-400000.0625
157.48580479621887,-400000.0625,-7832.91015625,-4592.990234375,-400000.0625,-16691.5,-400000.0625,-7175.64013671875,-400000.0625
157.49208331108093,-400000.0625,-7846.7900390625,-4605.6298828125,-400000.0625,-16700.3203125,-400000.0625,-7188.56005859375,-400000.0625
157.50957560539246,-400000.0625,-7801.009765625,-4564.56982421875,-400000.0625,-16667.4609375,-400000.0625,-7141.2998046875,-400000.0625
157.51663994789124,-400000.0625,-7757.85986328125,-4520.22998046875,-400000.0625,-16632.369140625,-400000.0625,-7098.2001953125,-400000.0625
157.52322030067444,-400000.0625,-7778.259765625,-4542.16015625,-400000.0625,-16649.76953125,-400000.0625,-7119.60986328125,-400000.0625
157.5322721004486,-400000.0625,-7835.009765625,-4598.240234375,-400000.0625,-16694.310546875,-400000.0625,-7177.259765625,-400000.0625
157.5495388507843,-400000.0625,-7853.4599609375,-4613.2099609375,-400000.0625,-16706.419921875,-400000.0625,-7193.08984375,-400000.0625
157.5572793483734,-400000.0625,-7808.919921875,-4567.47998046875,-400000.0625,-16672.369140625,-400000.0625,-7144.5,-400000.0625
157.56652569770813,-400000.0625,-7763.580078125,-4531.0498046875,-400000.0625,-16639.140625,-400000.0625,-7102.2001953125,-400000.0625
157.5748369693756,-400000.0625,-7787.56005859375,-4552.75,-400000.0625,-16655.689453125,-400000.0625,-7128.14013671875,-400000.0625
157.58196711540222,-400000.0625,-7844.259765625,-4603.2001953125,-400000.0625,-16696.9296875,-400000.0625,-7185.080078125,-400000.0625
157.58866810798645,-400000.0625,-7855.990234375,-4616.5,-400000.0625,-16705.3203125,-400000.0625,-7198.2900390625,-400000.0625
157.59637880325317,-400000.0625,-7802.77001953125,-4568.6298828125,-400000.0625,-16663.41015625,-400000.0625,-7147.740234375,-400000.0625
157.61301493644714,-400000.0625,-7761.52978515625,-4528.7099609375,-400000.0625,-16632.509765625,-400000.0625,-7106.58984375,-400000.0625
157.62026500701904,-400000.0625,-7780.509765625,-4548.83984375,-400000.0625,-16651.390625,-400000.0625,-7126.47998046875,-400000.0625
157.6275234222412,-400000.0625,-7838.39013671875,-4603.580078125,-400000.0625,-16695.41015625,-400000.0625,-7185.27001953125,-400000.0625
157.64026594161987,-400000.0625,-7856.509765625,-4618.259765625,-400000.0625,-16711.48046875,-400000.0625,-7198.91015625,-400000.0625
157.64757180213928,-400000.0625,-7807.2998046875,-4572.2001953125,-400000.0625,-16672.759765625,-400000.0625,-7151.1298828125,-400000.0625
157.65421628952026,-400000.0625,-7764.0498046875,-4531.43017578125,-400000.0625,-16633.130859375,-400000.0625,-7105.77978515625,-400000.0625
157.66039633750916,-400000.0625,-7786.22998046875,-4552.41015625,-400000.0625,-16648.33984375,-400000.0625,-7127.3798828125,-400000.0625
157.67010498046875,-400000.0625,-7840.5400390625,-4603.10009765625,-400000.0625,-16691.16015625,-400000.0625,-7184.89013671875,-400000.0625
157.67801094055176,-400000.0625,-7852.02978515625,-4616.1201171875,-400000.0625,-16704.66015625,-400000.0625,-7196.759765625,-400000.0625
157.68584728240967,-400000.0625,-7799.91015625,-4567.9599609375,-400000.0625,-16665.650390625,-400000.0625,-7153.64990234375,-400000.0625
157.69213032722473,-400000.0625,-7759.18994140625,-4529.2900390625,-400000.0625,-16630.509765625,-400000.0625,-7107.68994140625,-400000.0625
157.70108222961426,-400000.0625,-7782.93994140625,-4549.4599609375,-400000.0625,-16650.25,-400000.0625,-7129.0498046875,-400000.0625
157.71573686599731,-400000.0625,-7838.81982421875,-4604.85986328125,-400000.0625,-16702.369140625,-400000.0625,-7185.1298828125,-400000.0625
157.72218585014343,-400000.0625,-7850.7001953125,-4616.5,-400000.0625,-16708.470703125,-400000.0625,-7194.0,-400000.0625
157.72912073135376,-400000.0625,-7801.009765625,-4570.2001953125,-400000.0625,-16667.130859375,-400000.0625,-7142.35009765625,-400000.0625
157.74019122123718,-400000.0625,-7760.14013671875,-4528.81005859375,-400000.0625,-16630.029296875,-400000.0625,-7099.2998046875,-400000.0625
157.74820351600647,-400000.0625,-7781.31982421875,-4546.97998046875,-400000.0625,-16647.150390625,-400000.0625,-7123.0400390625,-400000.0625
157.7549810409546,-400000.0625,-7838.009765625,-4599.91015625,-400000.0625,-16695.55078125,-400000.0625,-7183.5,-400000.0625
157.76228761672974,-400000.0625,-7851.22021484375,-4611.58984375,-400000.0625,-16706.900390625,-400000.0625,-7196.0,-400000.0625
157.77101850509644,-400000.0625,-7798.85986328125,-4563.18994140625,-400000.0625,-16667.609375,-400000.0625,-7144.830078125,-400000.0625
157.77851557731628,-400000.0625,-7755.9501953125,-4521.66015625,-400000.0625,-16631.890625,-400000.0625,-7099.6298828125,-400000.0625
157.78561282157898,-400000.0625,-7781.740234375,-4546.259765625,-400000.0625,-16650.5390625,-400000.0625,-7122.85009765625,-400000.0625
157.79231667518616,-400000.0625,-7837.580078125,-4600.18994140625,-400000.0625,-16695.689453125,-400000.0625,-7180.5,-400000.0625
157.8001708984375,-400000.0625,-7850.93017578125,-4611.72998046875,-400000.0625,-16706.990234375,-400000.0625,-7195.81005859375,-400000.0625
157.8083553314209,-400000.0625,-7802.81982421875,-4563.6201171875,-400000.0625,-16662.650390625,-400000.0625,-7143.06982421875,-400000.0625
157.82170510292053,-400000.0625,-7760.0,-4524.85009765625,-400000.0625,-16630.83984375,-400000.0625,-7099.490234375,-400000.0625
157.82910013198853,-400000.0625,-7785.85009765625,-4548.93017578125,-400000.0625,-16653.58984375,-400000.0625,-7124.330078125,-400000.0625
157.8377947807312,-400000.0625,-7843.830078125,-4604.39013671875,-400000.0625,-16700.4609375,-400000.0625,-7182.5498046875,-400000.0625
157.84505128860474,-400000.0625,-7857.27978515625,-4616.4501953125,-400000.0625,-16711.4296875,-400000.0625,-7194.6201171875,-400000.0625
157.85196328163147,-400000.0625,-7804.5400390625,-4566.0498046875,-400000.0625,-16665.26953125,-400000.0625,-7146.169921875,-400000.0625
157.85850071907043,-400000.0625,-7759.47998046875,-4523.22998046875,-400000.0625,-16630.599609375,-400000.0625,-7103.06005859375,-400000.0625
157.8662679195404,-400000.0625,-7786.31982421875,-4548.740234375,-400000.0625,-16653.970703125,-400000.0625,-7128.0498046875,-400000.0625
157.87409043312073,-400000.0625,-7841.77978515625,-4601.2900390625,-400000.0625,-16697.599609375,-400000.0625,-7186.509765625,-400000.0625
157.88127183914185,-400000.0625,-7854.56005859375,-4612.77978515625,-400000.0625,-16706.1796875,-400000.0625,-7197.14013671875,-400000.0625
157.8882019519806,-400000.0625,-7807.58984375,-4568.14990234375,-400000.0625,-16666.650390625,-400000.0625,-7146.97998046875,-400000.0625
157.89524173736572,-400000.0625,-7765.14990234375,-4527.9501953125,-400000.0625,-16632.69921875,-400000.0625,-7104.02001953125,-400000.0625
157.90631890296936,-400000.0625,-7784.080078125,-4547.7900390625,-400000.0625,-16650.5390625,-400000.0625,-7130.47998046875,-400000.0625
157.9144332408905,-400000.0625,-7840.490234375,-4600.240234375,-400000.0625,-16695.83984375,-400000.0625,-7188.4599609375,-400000.0625
157.93307518959045,-400000.0625,-7851.169921875,-4610.39990234375,-400000.0625,-16707.369140625,-400000.0625,-7199.56982421875,-400000.0625
157.94202637672424,-400000.0625,-7802.919921875,-4564.3798828125,-400000.0625,-16665.83984375,-400000.0625,-7148.60009765625,-400000.0625
157.94990396499634,-400000.0625,-7761.91015625,-4525.52001953125,-400000.0625,-16633.75,-400000.0625,-7103.97021484375,-400000.0625
157.95678448677063,-400000.0625,-7785.3701171875,-4549.93017578125,-400000.0625,-16649.490234375,-400000.0625,-7129.0,-400000.0625
157.9657666683197,-400000.0625,-7848.60009765625,-4610.35009765625,-400000.0625,-16706.990234375,-400000.0625,-7189.85009765625,-400000.0625
157.9769697189331,-400000.0625,-7865.2900390625,-4622.22021484375,-400000.0625,-16717.9609375,-400000.0625,-7201.6201171875,-400000.0625
157.98500275611877,-400000.0625,-7815.5498046875,-4572.919921875,-400000.0625,-16673.849609375,-400000.0625,-7145.740234375,-400000.0625
157.99165654182434,-400000.0625,-7766.25,-4530.52978515625,-400000.0625,-16635.23046875,-400000.0625,-7102.5400390625,-400000.0625
158.0029101371765,-400000.0625,-7787.18017578125,-4549.22021484375,-400000.0625,-16651.5390625,-400000.0625,-7127.0,-400000.0625
158.0102276802063,-400000.0625,-7841.830078125,-4601.47998046875,-400000.0625,-16695.599609375,-400000.0625,-7184.080078125,-400000.0625
158.0176248550415,-400000.0625,-7851.740234375,-4613.830078125,-400000.0625,-16706.470703125,-400000.0625,-7193.85009765625,-400000.0625
158.03033328056335,-400000.0625,-7804.10986328125,-4565.9501953125,-400000.0625,-16662.41015625,-400000.0625,-7145.97998046875,-400000.0625
158.0407910346985,-400000.0625,-7765.6298828125,-4526.9501953125,-400000.0625,-16631.80078125,-400000.0625,-7105.8798828125,-400000.0625
158.04865503311157,-400000.0625,-7789.3701171875,-4551.4599609375,-400000.0625,-16657.58984375,-400000.0625,-7128.669921875,-400000.0625
158.05562663078308,-400000.0625,-7843.2998046875,-4604.2900390625,-400000.0625,-16700.990234375,-400000.0625,-7187.31982421875,-400000.0625
158.06281685829163,-400000.0625,-7854.83984375,-4612.8798828125,-400000.0625,-16710.94921875,-400000.0625,-7195.89990234375,-400000.0625
158.07122802734375,-400000.0625,-7806.72998046875,-4567.72021484375,-400000.0625,-16668.849609375,-400000.0625,-7143.5498046875,-400000.0625
158.07830047607422,-400000.0625,-7760.6201171875,-4524.759765625,-400000.0625,-16629.98046875,-400000.0625,-7102.10986328125,-400000.0625
158.08506059646606,-400000.0625,-7781.22021484375,-4543.4501953125,-400000.0625,-16649.109375,-400000.0625,-7124.7099609375,-400000.0625
158.09143924713135,-400000.0625,-7838.919921875,-4597.9501953125,-400000.0625,-16696.169921875,-400000.0625,-7179.1201171875,-400000.0625
158.1015784740448,-400000.0625,-7849.97998046875,-4609.009765625,-400000.0625,-16704.279296875,-400000.0625,-7189.7001953125,-400000.0625
158.1105260848999,-400000.0625,-7801.10009765625,-4561.89990234375,-400000.0625,-16662.890625,-400000.0625,-7141.64013671875,-400000.0625
158.1173815727234,-400000.0625,-7762.52978515625,-4526.66015625,-400000.0625,-16636.330078125,-400000.0625,-7101.35009765625,-400000.0625
158.12382078170776,-400000.0625,-7789.47021484375,-4552.02978515625,-400000.0625,-16660.01953125,-400000.0625,-7127.43017578125,-400000.0625
158.1407163143158,-400000.0625,-7844.5,-4603.669921875,-400000.0625,-16703.23046875,-400000.0625,-7182.5498046875,-400000.0625
158.14864420890808,-400000.0625,-7851.080078125,-4611.16015625,-400000.0625,-16710.140625,-400000.0625,-7192.9501953125,-400000.0625
158.1557583808899,-400000.0625,-7800.2900390625,-4561.52001953125,-400000.0625,-16665.509765625,-400000.0625,-7139.02001953125,-400000.0625
158.16402864456177,-400000.0625,-7762.0,-4522.22998046875,-400000.0625,-16630.369140625,-400000.0625,-7093.14013671875,-400000.0625
158.17619585990906,-400000.0625,-7784.60986328125,-4544.77978515625,-400000.0625,-16652.16015625,-400000.0625,-7117.080078125,-400000.0625
158.18349075317383,-400000.0625,-7841.06005859375,-4600.240234375,-400000.0625,-16699.75,-400000.0625,-7176.4501953125,-400000.0625
158.1905689239502,-400000.0625,-7853.3701171875,-4612.259765625,-400000.0625,-16708.849609375,-400000.0625,-7191.89990234375,-400000.0625
158.20074105262756,-400000.0625,-7804.68017578125,-4565.240234375,-400000.0625,-16675.189453125,-400000.0625,-7144.259765625,-400000.0625
158.20971274375916,-400000.0625,-7760.56982421875,-4523.22998046875,-400000.0625,-16642.0,-400000.0625,-7100.72998046875,-400000.0625
158.21768712997437,-400000.0625,-7783.7001953125,-4546.93017578125,-400000.0625,-16656.73046875,-400000.0625,-7125.18994140625,-400000.0625
158.22426390647888,-400000.0625,-7845.740234375,-4602.91015625,-400000.0625,-16703.75,-400000.0625,-7182.60009765625,-400000.0625
158.2399399280548,-400000.0625,-7855.89013671875,-4612.8798828125,-400000.0625,-16710.859375,-400000.0625,-7192.60986328125,-400000.0625
158.24692749977112,-400000.0625,-7805.16015625,-4566.240234375,-400000.0625,-16669.69921875,-400000.0625,-7140.97021484375,-400000.0625
158.25369119644165,-400000.0625,-7764.81982421875,-4526.81005859375,-400000.0625,-16637.279296875,-400000.0625,-7097.33984375,-400000.0625
158.2598955631256,-400000.0625,-7792.759765625,-4550.02978515625,-400000.0625,-16660.599609375,-400000.0625,-7124.759765625,-400000.0625
158.26717448234558,-400000.0625,-7848.93017578125,-4605.25,-400000.0625,-16706.990234375,-400000.0625,-7182.93017578125,-400000.0625
158.27431678771973,-400000.0625,-7858.1298828125,-4613.77978515625,-400000.0625,-16711.0,-400000.0625,-7191.47021484375,-400000.0625
158.2813332080841,-400000.0625,-7804.68017578125,-4563.89990234375,-400000.0625,-16669.080078125,-400000.0625,-7142.1201171875,-400000.0625
158.28784608840942,-400000.0625,-7760.56982421875,-4522.60986328125,-400000.0625,-16635.23046875,-400000.0625,-7098.14990234375,-400000.0625
158.29469871520996,-400000.0625,-7785.18017578125,-4544.39990234375,-400000.0625,-16651.349609375,-400000.0625,-7121.22998046875,-400000.0625
158.30271744728088,-400000.0625,-7841.5400390625,-4596.419921875,-400000.0625,-16696.740234375,-400000.0625,-7176.35009765625,-400000.0625
158.31194233894348,-400000.0625,-7851.93994140625,-4607.14990234375,-400000.0625,-16708.94921875,-400000.0625,-7187.75,-400000.0625
158.31889581680298,-400000.0625,-7803.2001953125,-4558.75,-400000.0625,-16668.609375,-400000.0625,-7135.2001953125,-400000.0625
158.32491493225098,-400000.0625,-7762.9599609375,-4523.22998046875,-400000.0625,-16636.470703125,-400000.0625,-7093.85986328125,-400000.0625
158.3438959121704,-400000.0625,-7792.43017578125,-4549.83984375,-400000.0625,-16657.779296875,-400000.0625,-7120.08984375,-400000.0625
158.35086178779602,-400000.0625,-7847.97998046875,-4602.43017578125,-400000.0625,-16703.23046875,-400000.0625,-7173.35009765625,-400000.0625
158.35723900794983,-400000.0625,-7854.75,-4611.830078125,-400000.0625,-16709.380859375,-400000.0625,-7187.1298828125,-400000.0625
158.36628937721252,-400000.0625,-7805.06005859375,-4563.52001953125,-400000.0625,-16667.029296875,-400000.0625,-7136.2001953125,-400000.0625
158.37432718276978,-400000.0625,-7762.85986328125,-4522.7998046875,-400000.0625,-16633.80078125,-400000.0625,-7094.0,-400000.0625
158.38257503509521,-400000.0625,-7787.7099609375,-4545.02001953125,-400000.0625,-16652.060546875,-400000.0625,-7122.08984375,-400000.0625
158.3890519142151,-400000.0625,-7844.35009765625,-4600.330078125,-400000.0625,-16699.890625,-400000.0625,-7180.259765625,-400000.0625
158.39597344398499,-400000.0625,-7853.3701171875,-4608.77001953125,-400000.0625,-16711.810546875,-400000.0625,-7192.0400390625,-400000.0625
158.40461540222168,-400000.0625,-7807.2099609375,-4566.0,-400000.0625,-16673.759765625,-400000.0625,-7141.39990234375,-400000.0625
158.41211032867432,-400000.0625,-7767.6298828125,-4525.7099609375,-400000.0625,-16637.900390625,-400000.0625,-7098.6298828125,-400000.0625
158.41973567008972,-400000.0625,-7788.9501953125,-4549.1201171875,-400000.0625,-16655.01953125,-400000.0625,-7124.7099609375,-400000.0625
158.42655062675476,-400000.0625,-7843.5,-4600.240234375,-400000.0625,-16699.890625,-400000.0625,-7181.06982421875,-400000.0625
158.4405176639557,-400000.0625,-7853.31982421875,-4609.2998046875,-400000.0625,-16708.759765625,-400000.0625,-7191.7099609375,-400000.0625
158.44714641571045,-400000.0625,-7805.77978515625,-4564.14013671875,-400000.0625,-16667.890625,-400000.0625,-7141.35009765625,-400000.0625
158.45361948013306,-400000.0625,-7760.56982421875,-4519.3701171875,-400000.0625,-16631.26953125,-400000.0625,-7101.16015625,-400000.0625
158.45965433120728,-400000.0625,-7788.08984375,-4547.06982421875,-400000.0625,-16655.490234375,-400000.0625,-7128.240234375,-400000.0625
158.46749472618103,-400000.0625,-7847.1201171875,-4600.81005859375,-400000.0625,-16701.939453125,-400000.0625,-7181.259765625,-400000.0625
158.47523760795593,-400000.0625,-7853.3701171875,-4606.919921875,-400000.0625,-16709.140625,-400000.0625,-7192.08984375,-400000.0625
158.48207449913025,-400000.0625,-7804.06005859375,-4560.66015625,-400000.0625,-16666.75,-400000.0625,-7140.4501953125,-400000.0625
158.48872709274292,-400000.0625,-7759.91015625,-4520.18017578125,-400000.0625,-16634.1796875,-400000.0625,-7099.9599609375,-400000.0625
158.49575185775757,-400000.0625,-7780.83984375,-4539.43994140625,-400000.0625,-16650.73046875,-400000.0625,-7124.56982421875,-400000.0625
158.5054874420166,-400000.0625,-7841.8701171875,-4595.47021484375,-400000.0625,-16695.41015625,-400000.0625,-7178.77978515625,-400000.0625
158.51293325424194,-400000.0625,-7854.509765625,-4608.10986328125,-400000.0625,-16707.7109375,-400000.0625,-7190.56005859375,-400000.0625
158.52235865592957,-400000.0625,-7801.77001953125,-4557.419921875,-400000.0625,-16664.7890625,-400000.0625,-7141.919921875,-400000.0625
158.52880263328552,-400000.0625,-7760.240234375,-4518.1298828125,-400000.0625,-16635.75,-400000.0625,-7103.2998046875,-400000.0625
158.55129957199097,-400000.0625,-7786.27001953125,-4541.64013671875,-400000.0625,-16653.400390625,-400000.0625,-7126.759765625,-400000.0625
158.5583324432373,-400000.0625,-7841.02001953125,-4592.3701171875,-400000.0625,-16699.55078125,-400000.0625,-7183.22021484375,-400000.0625
158.56798195838928,-400000.0625,-7852.75,-4601.56982421875,-400000.0625,-16706.80078125,-400000.0625,-7191.08984375,-400000.0625
158.57574462890625,-400000.0625,-7799.43994140625,-4554.56005859375,-400000.0625,-16664.509765625,-400000.0625,-7140.830078125,-400000.0625
158.58584547042847,-400000.0625,-7754.759765625,-4510.5,-400000.0625,-16628.359375,-400000.0625,-7096.85986328125,-400000.0625
158.59221959114075,-400000.0625,-7778.35986328125,-4531.240234375,-400000.0625,-16646.580078125,-400000.0625,-7121.75,-400000.0625
158.6012532711029,-400000.0625,-7841.64013671875,-4588.64990234375,-400000.0625,-16696.310546875,-400000.0625,-7180.97998046875,-400000.0625
158.60848546028137,-400000.0625,-7852.60009765625,-4602.6201171875,-400000.0625,-16704.0390625,-400000.0625,-7190.93994140625,-400000.0625
158.61572766304016,-400000.0625,-7798.6201171875,-4552.89013671875,-400000.0625,-16666.939453125,-400000.0625,-7139.06005859375,-400000.0625
158.6223452091217,-400000.0625,-7755.3798828125,-4512.64013671875,-400000.0625,-16633.1796875,-400000.0625,-7094.47998046875,-400000.0625
158.62925577163696,-400000.0625,-7779.4599609375,-4536.52978515625,-400000.0625,-16650.6796875,-400000.0625,-7118.93994140625,-400000.0625
158.6434862613678,-400000.0625,-7837.81982421875,-4592.1298828125,-400000.0625,-16694.98046875,-400000.0625,-7174.8701171875,-400000.0625
158.65029001235962,-400000.0625,-7849.06982421875,-4599.6201171875,-400000.0625,-16704.130859375,-400000.0625,-7184.93994140625,-400000.0625
158.65684747695923,-400000.0625,-7799.10009765625,-4549.7900390625,-400000.0625,-16662.7890625,-400000.0625,-7132.6298828125,-400000.0625
158.6641607284546,-400000.0625,-7760.2900390625,-4513.60009765625,-400000.0625,-16629.169921875,-400000.0625,-7089.52001953125,-400000.0625
158.67189717292786,-400000.0625,-7784.31982421875,-4535.2900390625,-400000.0625,-16649.25,-400000.0625,-7119.7998046875,-400000.0625
158.67882657051086,-400000.0625,-7841.64013671875,-4592.22998046875,-400000.0625,-16699.41015625,-400000.0625,-7179.06982421875,-400000.0625
158.68559980392456,-400000.0625,-7852.080078125,-4602.47998046875,-400000.0625,-16707.23046875,-400000.0625,-7186.7001953125,-400000.0625
158.69207239151,-400000.0625,-7799.669921875,-4553.64990234375,-400000.0625,-16662.83984375,-400000.0625,-7131.85986328125,-400000.0625
158.6997947692871,-400000.0625,-7756.89990234375,-4512.5,-400000.0625,-16631.130859375,-400000.0625,-7095.43017578125,-400000.0625
158.70958733558655,-400000.0625,-7782.1298828125,-4535.39013671875,-400000.0625,-16650.490234375,-400000.0625,-7119.7998046875,-400000.0625
158.71745109558105,-400000.0625,-7841.39990234375,-4591.7998046875,-400000.0625,-16701.41015625,-400000.0625,-7174.16015625,-400000.0625
158.72553753852844,-400000.0625,-7851.31982421875,-4602.39013671875,-400000.0625,-16708.140625,-400000.0625,-7187.22021484375,-400000.0625
158.73347353935242,-400000.0625,-7801.6298828125,-4553.83984375,-400000.0625,-16664.26953125,-400000.0625,-7135.43994140625,-400000.0625
158.74834275245667,-400000.0625,-7757.0400390625,-4472.35009765625,-400000.0625,-16581.25,-400000.0625,-7065.8701171875,-400000.0625
158.74837279319763,-400000.0625,-7801.14990234375,-4512.60009765625,-400000.0625,-16611.48046875,-400000.0625,-7110.41015625,-400000.0625
158.74838066101074,-400000.0625,-7849.31005859375,-4558.52001953125,-400000.0625,-16662.26953125,-400000.0625,-7161.27978515625,-400000.0625
158.74838852882385,-400000.0625,-7841.39990234375,-4551.27001953125,-400000.0625,-16651.73046875,-400000.0625,-7152.18017578125,-400000.0625
158.74839663505554,-400000.0625,-7787.27978515625,-4497.18994140625,-400000.0625,-16605.859375,-400000.0625,-7095.52978515625,-400000.0625
158.7484049797058,-400000.0625,-7758.330078125,-4470.2998046875,-400000.0625,-16586.779296875,-400000.0625,-7067.77978515625,-400000.0625
158.74841284751892,-400000.0625,-7797.77001953125,-4508.93017578125,-400000.0625,-16618.919921875,-400000.0625,-7110.06982421875,-400000.0625
158.74841952323914,-400000.0625,-7854.080078125,-4558.27978515625,-400000.0625,-16661.119140625,-400000.0625,-7162.2900390625,-400000.0625
158.74842739105225,-400000.0625,-7839.97021484375,-4547.169921875,-400000.0625,-16649.19921875,-400000.0625,-7154.75,-400000.0625
158.74843502044678,-400000.0625,-7781.27001953125,-4493.47998046875,-400000.0625,-16599.470703125,-400000.0625,-7093.56982421875,-400000.0625
158.7484426498413,-400000.0625,-7750.1298828125,-4464.43994140625,-400000.0625,-16575.76953125,-400000.0625,-7064.919921875,-400000.0625
158.748450756073,-400000.0625,-7790.419921875,-4500.10009765625,-400000.0625,-16610.9609375,-400000.0625,-7106.97021484375,-400000.0625
158.74845695495605,-400000.0625,-7845.06982421875,-4550.1201171875,-400000.0625,-16654.30078125,-400000.0625,-7159.759765625,-400000.0625
158.74846291542053,-400000.0625,-7840.97021484375,-4544.35009765625,-400000.0625,-16648.720703125,-400000.0625,-7150.169921875,-400000.0625
158.74846816062927,-400000.0625,-7782.75,-4490.66015625,-400000.0625,-16604.08984375,-400000.0625,-7093.85986328125,-400000.0625
158.748473405838,-400000.0625,-7754.759765625,-4465.06005859375,-400000.0625,-16581.16015625,-400000.0625,-7067.97021484375,-400000.0625
158.7484791278839,-400000.0625,-7797.2900390625,-4505.490234375,-400000.0625,-16612.76953125,-400000.0625,-7107.2099609375,-400000.0625
158.7484850883484,-400000.0625,-7849.5,-4556.31982421875,-400000.0625,-16651.6796875,-400000.0625,-7160.56982421875,-400000.0625
158.74849033355713,-400000.0625,-7842.72998046875,-4548.97998046875,-400000.0625,-16646.720703125,-400000.0625,-7152.83984375,-400000.0625
158.7484953403473,-400000.0625,-7782.27001953125,-4494.43017578125,-400000.0625,-16602.380859375,-400000.0625,-7094.81005859375,-400000.0625
158.74850034713745,-400000.0625,-7757.27978515625,-4469.81982421875,-400000.0625,-16583.01953125,-400000.0625,-7068.25,-400000.0625
158.75210189819336,-400000.0625,-7830.240234375,-4548.68994140625,-400000.0625,-16642.0,-400000.0625,-7152.75,-400000.0625
158.7521255016327,-400000.0625,-7875.16015625,-4592.990234375,-400000.0625,-16681.240234375,-400000.0625,-7201.0,-400000.0625
158.75213837623596,-400000.0625,-7858.47021484375,-4577.68017578125,-400000.0625,-16668.1796875,-400000.0625,-7184.93994140625,-400000.0625
158.75215029716492,-400000.0625,-7802.81982421875,-4524.52001953125,-400000.0625,-16618.73046875,-400000.0625,-7127.47998046875,-400000.0625
158.7521619796753,-400000.0625,-7783.22021484375,-4506.4501953125,-400000.0625,-16601.80078125,-400000.0625,-7108.68994140625,-400000.0625
158.75217390060425,-400000.0625,-7827.81005859375,-4546.830078125,-400000.0625,-16639.51953125,-400000.0625,-7156.0400390625,-400000.0625
158.75218558311462,-400000.0625,-7875.6298828125,-4591.31982421875,-400000.0625,-16675.810546875,-400000.0625,-7201.580078125,-400000.0625
158.75219678878784,-400000.0625,-7864.330078125,-4581.97998046875,-400000.0625,-16667.3203125,-400000.0625,-7189.1298828125,-400000.0625
158.75220847129822,-400000.0625,-7810.8798828125,-4530.18994140625,-400000.0625,-16623.119140625,-400000.0625,-7134.68017578125,-400000.0625
158.75221967697144,-400000.0625,-7791.81005859375,-4510.5,-400000.0625,-16604.849609375,-400000.0625,-7110.68994140625,-400000.0625
158.7522315979004,-400000.0625,-7829.3798828125,-4548.5498046875,-400000.0625,-16635.369140625,-400000.0625,-7157.08984375,-400000.0625
158.75224375724792,-400000.0625,-7876.2099609375,-4590.7001953125,-400000.0625,-16678.48046875,-400000.0625,-7206.009765625,-400000.0625
158.75225639343262,-400000.0625,-7860.3798828125,-4575.68017578125,-400000.0625,-16664.83984375,-400000.0625,-7190.31982421875,-400000.0625
158.75226855278015,-400000.0625,-7799.2001953125,-4518.18017578125,-400000.0625,-16613.2890625,-400000.0625,-7134.43994140625,-400000.0625
158.75228071212769,-400000.0625,-7782.89013671875,-4499.009765625,-400000.0625,-16599.080078125,-400000.0625,-7115.27001953125,-400000.0625
158.75229263305664,-400000.0625,-7828.52001953125,-4545.259765625,-400000.0625,-16639.5703125,-400000.0625,-7159.419921875,-400000.0625
158.75230431556702,-400000.0625,-7872.8701171875,-4589.990234375,-400000.0625,-16676.279296875,-400000.0625,-7204.52978515625,-400000.0625
158.7523159980774,-400000.0625,-7859.9501953125,-4576.77978515625,-400000.0625,-16662.080078125,-400000.0625,-7188.7998046875,-400000.0625
158.75232768058777,-400000.0625,-7798.33984375,-4520.75,-400000.0625,-16618.439453125,-400000.0625,-7128.18994140625,-400000.0625
158.75233912467957,-400000.0625,-7780.31005859375,-4502.580078125,-400000.0625,-16607.4296875,-400000.0625,-7109.8798828125,-400000.0625
158.75235056877136,-400000.0625,-7824.14013671875,-4545.35986328125,-400000.0625,-16638.51953125,-400000.0625,-7152.83984375,-400000.0625
158.75236177444458,-400000.0625,-7868.9599609375,-4587.83984375,-400000.0625,-16674.0390625,-400000.0625,-7199.33984375,-400000.0625
158.75237345695496,-400000.0625,-7854.4599609375,-4574.06005859375,-400000.0625,-16665.26953125,-400000.0625,-7183.41015625,-400000.0625
158.75238490104675,-400000.0625,-7797.39013671875,-4520.22998046875,-400000.0625,-16615.580078125,-400000.0625,-7125.89990234375,-400000.0625
158.75239610671997,-400000.0625,-7775.259765625,-4500.9599609375,-400000.0625,-16597.75,-400000.0625,-7107.58984375,-400000.0625
158.7524070739746,-400000.0625,-7823.52001953125,-4545.64013671875,-400000.0625,-16639.189453125,-400000.0625,-7154.18017578125,-400000.0625
158.752423286438,-400000.0625,-7875.16015625,-4593.60986328125,-400000.0625,-16682.529296875,-400000.0625,-7196.0498046875,-400000.0625
158.75243473052979,-400000.0625,-7856.27001953125,-4577.02001953125,-400000.0625,-16665.75,-400000.0625,-7179.830078125,-400000.0625
158.75244569778442,-400000.0625,-7796.77001953125,-4519.18017578125,-400000.0625,-16611.859375,-400000.0625,-7122.9501953125,-400000.0625
158.75245690345764,-400000.0625,-7782.22021484375,-4504.25,-400000.0625,-16601.849609375,-400000.0625,-7104.4501953125,-400000.0625
158.75246834754944,-400000.0625,-7827.240234375,-4546.64013671875,-400000.0625,-16638.810546875,-400000.0625,-7153.31982421875,-400000.0625
158.7524790763855,-400000.0625,-7870.77001953125,-4589.7998046875,-400000.0625,-16675.810546875,-400000.0625,-7197.759765625,-400000.0625
158.75249028205872,-400000.0625,-7858.22998046875,-4574.8701171875,-400000.0625,-16665.130859375,-400000.0625,-7181.740234375,-400000.0625
158.75250148773193,-400000.0625,-7799.85986328125,-4520.93994140625,-400000.0625,-16618.779296875,-400000.0625,-7126.3798828125,-400000.0625
158.75251245498657,-400000.0625,-7775.259765625,-4503.25,-400000.0625,-16598.470703125,-400000.0625,-7106.72998046875,-400000.0625
158.75252389907837,-400000.0625,-7822.47021484375,-4543.5,-400000.0625,-16634.509765625,-400000.0625,-7147.27001953125,-400000.0625
158.75253534317017,-400000.0625,-7872.14990234375,-4588.3701171875,-400000.0625,-16675.240234375,-400000.0625,-7200.2900390625,-400000.0625
158.7525463104248,-400000.0625,-7858.990234375,-4576.06005859375,-400000.0625,-16661.9296875,-400000.0625,-7186.60009765625,-400000.0625
158.75255751609802,-400000.0625,-7801.14990234375,-4522.66015625,-400000.0625,-16617.630859375,-400000.0625,-7127.0,-400000.0625
158.75256872177124,-400000.0625,-7783.83984375,-4504.72998046875,-400000.0625,-16608.099609375,-400000.0625,-7110.02001953125,-400000.0625
158.75257968902588,-400000.0625,-7825.7099609375,-4546.93017578125,-400000.0625,-16641.330078125,-400000.0625,-7154.47021484375,-400000.0625
158.75259113311768,-400000.0625,-7875.68017578125,-4592.22998046875,-400000.0625,-16678.240234375,-400000.0625,-7201.33984375,-400000.0625
158.7526023387909,-400000.0625,-7858.419921875,-4574.97021484375,-400000.0625,-16659.400390625,-400000.0625,-7183.4599609375,-400000.0625
158.7526137828827,-400000.0625,-7799.14990234375,-4521.89013671875,-400000.0625,-16612.869140625,-400000.0625,-7126.18994140625,-400000.0625
158.75262475013733,-400000.0625,-7784.7998046875,-4507.490234375,-400000.0625,-16603.279296875,-400000.0625,-7110.259765625,-400000.0625
158.75263619422913,-400000.0625,-7830.759765625,-4548.02978515625,-400000.0625,-16640.05078125,-400000.0625,-7154.509765625,-400000.0625
158.75264763832092,-400000.0625,-7875.68017578125,-4592.419921875,-400000.0625,-16675.900390625,-400000.0625,-7200.3798828125,-400000.0625
158.75266075134277,-400000.0625,-7858.93994140625,-4578.830078125,-400000.0625,-16663.029296875,-400000.0625,-7185.7900390625,-400000.0625
158.7526731491089,-400000.0625,-7800.6298828125,-4524.66015625,-400000.0625,-16615.919921875,-400000.0625,-7129.0498046875,-400000.0625
158.75268578529358,-400000.0625,-7782.27001953125,-4505.35009765625,-400000.0625,-16601.23046875,-400000.0625,-7112.1201171875,-400000.0625
158.752699136734,-400000.0625,-7831.72021484375,-4549.1201171875,-400000.0625,-16640.240234375,-400000.0625,-7160.9501953125,-400000.0625
158.75271201133728,-400000.0625,-7878.5,-4593.330078125,-400000.0625,-16680.4296875,-400000.0625,-7205.81982421875,-400000.0625
158.75272488594055,-400000.0625,-7861.27978515625,-4576.97021484375,-400000.0625,-16664.7890625,-400000.0625,-7186.080078125,-400000.0625
158.7527370452881,-400000.0625,-7803.8701171875,-4521.66015625,-400000.0625,-16617.30078125,-400000.0625,-7129.77001953125,-400000.0625
158.75274872779846,-400000.0625,-7784.419921875,-4504.35009765625,-400000.0625,-16602.380859375,-400000.0625,-7115.22021484375,-400000.0625
158.75275993347168,-400000.0625,-7827.7099609375,-4544.259765625,-400000.0625,-16637.0390625,-400000.0625,-7160.6201171875,-400000.0625
158.75277090072632,-400000.0625,-7872.06005859375,-4585.080078125,-400000.0625,-16670.279296875,-400000.0625,-7199.18994140625,-400000.0625
158.75278162956238,-400000.0625,-7853.4599609375,-4568.2001953125,-400000.0625,-16657.0703125,-400000.0625,-7186.56005859375,-400000.0625
158.7527928352356,-400000.0625,-7795.759765625,-4518.080078125,-400000.0625,-16618.01953125,-400000.0625,-7135.68017578125,-400000.0625
158.75280356407166,-400000.0625,-7785.18017578125,-4505.2998046875,-400000.0625,-16605.189453125,-400000.0625,-7115.75,-400000.0625
158.75281429290771,-400000.0625,-7827.27978515625,-4545.97998046875,-400000.0625,-16640.189453125,-400000.0625,-7160.6201171875,-400000.0625
158.7528257369995,-400000.0625,-7872.14990234375,-4590.080078125,-400000.0625,-16674.7109375,-400000.0625,-7206.72998046875,-400000.0625
158.75283646583557,-400000.0625,-7853.56005859375,-4571.2998046875,-400000.0625,-16659.7890625,-400000.0625,-7185.41015625,-400000.0625
158.7528474330902,-400000.0625,-7795.56982421875,-4515.4599609375,-400000.0625,-16614.009765625,-400000.0625,-7127.52001953125,-400000.0625
158.75285840034485,-400000.0625,-7778.83984375,-4502.10986328125,-400000.0625,-16598.26953125,-400000.0625,-7109.4501953125,-400000.0625
158.75286960601807,-400000.0625,-7822.75,-4542.830078125,-400000.0625,-16634.080078125,-400000.0625,-7157.47021484375,-400000.0625
158.75288152694702,-400000.0625,-7871.10009765625,-4587.75,-400000.0625,-16671.0390625,-400000.0625,-7208.43994140625,-400000.0625
158.75289344787598,-400000.0625,-7853.41015625,-4570.77001953125,-400000.0625,-16656.5,-400000.0625,-7184.93994140625,-400000.0625
158.75290489196777,-400000.0625,-7797.0,-4521.419921875,-400000.0625,-16616.869140625,-400000.0625,-7128.85986328125,-400000.0625
158.75292682647705,-400000.0625,-7782.93994140625,-4506.16015625,-400000.0625,-16605.0,-400000.0625,-7112.22021484375,-400000.0625
158.75293922424316,-400000.0625,-7830.3798828125,-4551.02978515625,-400000.0625,-16642.140625,-400000.0625,-7156.9501953125,-400000.0625
158.75295090675354,-400000.0625,-7872.33984375,-4591.990234375,-400000.0625,-16673.51953125,-400000.0625,-7201.72021484375,-400000.0625
158.75296211242676,-400000.0625,-7853.64990234375,-4574.10986328125,-400000.0625,-16657.58984375,-400000.0625,-7188.1298828125,-400000.0625
158.75297355651855,-400000.0625,-7799.2900390625,-4524.08984375,-400000.0625,-16616.19921875,-400000.0625,-7134.9599609375,-400000.0625
158.75298476219177,-400000.0625,-7783.83984375,-4507.830078125,-400000.0625,-16602.51953125,-400000.0625,-7118.080078125,-400000.0625
158.75299620628357,-400000.0625,-7825.7998046875,-4545.39990234375,-400000.0625,-16635.130859375,-400000.0625,-7163.47998046875,-400000.0625
158.75300812721252,-400000.0625,-7873.10986328125,-4589.990234375,-400000.0625,-16674.619140625,-400000.0625,-7210.58984375,-400000.0625
158.75301933288574,-400000.0625,-7863.08984375,-4578.06982421875,-400000.0625,-16667.990234375,-400000.0625,-7192.89990234375,-400000.0625
158.75303053855896,-400000.0625,-7813.02978515625,-4527.6201171875,-400000.0625,-16622.259765625,-400000.0625,-7140.5400390625,-400000.0625
158.7530415058136,-400000.0625,-7804.68017578125,-4513.259765625,-400000.0625,-16607.94921875,-400000.0625,-7126.89990234375,-400000.0625
158.75305271148682,-400000.0625,-7850.97998046875,-4551.169921875,-400000.0625,-16639.66015625,-400000.0625,-7172.43994140625,-400000.0625
158.75306391716003,-400000.0625,-7885.41015625,-4590.64990234375,-400000.0625,-16666.369140625,-400000.0625,-7209.25,-400000.0625
158.753075838089,-400000.0625,-7873.72998046875,-4587.83984375,-400000.0625,-16650.390625,-400000.0625,-7194.330078125,-400000.0625
158.7530870437622,-400000.0625,-7829.240234375,-4539.6298828125,-400000.0625,-16607.810546875,-400000.0625,-7146.93017578125,-400000.0625
158.753098487854,-400000.0625,-7820.02978515625,-4527.0,-400000.0625,-16590.9296875,-400000.0625,-7134.52978515625,-400000.0625
158.7531099319458,-400000.0625,-7867.91015625,-4574.97021484375,-400000.0625,-16626.9296875,-400000.0625,-7187.1298828125,-400000.0625
158.75312161445618,-400000.0625,-7922.41015625,-4624.31982421875,-400000.0625,-16665.41015625,-400000.0625,-7238.72021484375,-400000.0625
158.7531337738037,-400000.0625,-7918.64013671875,-4612.06005859375,-400000.0625,-16644.91015625,-400000.0625,-7221.75,-400000.0625
158.75314497947693,-400000.0625,-7865.18994140625,-4562.66015625,-400000.0625,-16595.650390625,-400000.0625,-7167.81982421875,-400000.0625
158.75315594673157,-400000.0625,-7858.7099609375,-4557.18017578125,-400000.0625,-16587.119140625,-400000.0625,-7159.52001953125,-400000.0625
158.75316715240479,-400000.0625,-7921.080078125,-4609.009765625,-400000.0625,-16627.740234375,-400000.0625,-7209.06005859375,-400000.0625
158.75317811965942,-400000.0625,-7965.759765625,-4649.02001953125,-400000.0625,-16659.44921875,-400000.0625,-7255.97998046875,-400000.0625
158.75318908691406,-400000.0625,-7948.77978515625,-4636.72021484375,-400000.0625,-16644.2890625,-400000.0625,-7245.64013671875,-400000.0625
158.75320053100586,-400000.0625,-7900.52978515625,-4587.7001953125,-400000.0625,-16596.41015625,-400000.0625,-7194.85009765625,-400000.0625
158.75321173667908,-400000.0625,-7898.52001953125,-4579.35009765625,-400000.0625,-16583.2109375,-400000.0625,-7182.7900390625,-400000.0625
158.75322270393372,-400000.0625,-7948.259765625,-4627.7099609375,-400000.0625,-16619.109375,-400000.0625,-7227.47021484375,-400000.0625
158.75323390960693,-400000.0625,-7999.08984375,-4677.009765625,-400000.0625,-16652.349609375,-400000.0625,-7284.39990234375,-400000.0625
158.75324487686157,-400000.0625,-7985.06982421875,-4660.18017578125,-400000.0625,-16639.5703125,-400000.0625,-7267.18994140625,-400000.0625
158.75325632095337,-400000.0625,-7925.31982421875,-4605.25,-400000.0625,-16588.640625,-400000.0625,-7209.02001953125,-400000.0625
158.75326776504517,-400000.0625,-7920.93017578125,-4595.85009765625,-400000.0625,-16579.9609375,-400000.0625,-7200.43017578125,-400000.0625
158.75327920913696,-400000.0625,-7976.72021484375,-4642.25,-400000.0625,-16622.830078125,-400000.0625,-7246.35009765625,-400000.0625
158.75329041481018,-400000.0625,-8015.81982421875,-4683.2998046875,-400000.0625,-16653.490234375,-400000.0625,-7289.740234375,-400000.0625
158.7533016204834,-400000.0625,-8001.56982421875,-4668.81005859375,-400000.0625,-16638.189453125,-400000.0625,-7272.77001953125,-400000.0625
158.75331258773804,-400000.0625,-7945.35009765625,-4615.1201171875,-400000.0625,-16591.169921875,-400000.0625,-7221.1298828125,-400000.0625
158.75332379341125,-400000.0625,-7926.66015625,-4598.18994140625,-400000.0625,-16579.439453125,-400000.0625,-7203.47998046875,-400000.0625
158.75333714485168,-400000.0625,-7971.3798828125,-4639.14990234375,-400000.0625,-16618.5390625,-400000.0625,-7247.39990234375,-400000.0625
158.75335264205933,-400000.0625,-8016.2099609375,-4681.10986328125,-400000.0625,-16656.349609375,-400000.0625,-7290.83984375,-400000.0625
158.76527190208435,-400000.0625,-8200.169921875,-4694.080078125,-400000.0625,-16552.400390625,-400000.0625,-7430.5498046875,-400000.0625
158.78848791122437,-400000.0625,-7915.1201171875,-4609.919921875,-400000.0625,-16631.029296875,-400000.0625,-7290.31982421875,-400000.0625
158.9037675857544,-400000.0625,-7858.18017578125,-4572.68017578125,-400000.0625,-16584.01953125,-400000.0625,-7217.02978515625,-400000.0625
158.97123432159424,-400000.0625,-7832.10009765625,-4549.31005859375,-400000.0625,-16563.609375,-400000.0625,-7182.31005859375,-400000.0625
159.04591059684753,-400000.0625,-7881.35986328125,-4598.89990234375,-400000.0625,-16591.55078125,-400000.0625,-7200.85986328125,-400000.0625
159.09889483451843,-400000.0625,-7930.0400390625,-4663.08984375,-400000.0625,-16632.4609375,-400000.0625,-7247.72998046875,-400000.0625
159.26189017295837,-400000.0625,-8193.919921875,-4721.2099609375,-400000.0625,-16476.490234375,-400000.0625,-7336.240234375,-400000.0625
159.41366171836853,-400000.0625,-7968.6201171875,-4665.66015625,-400000.0625,-16625.220703125,-400000.0625,-7271.669921875,-400000.0625
159.49090433120728,-400000.0625,-7965.08984375,-4669.240234375,-400000.0625,-16629.3203125,-400000.0625,-7266.669921875,-400000.0625
159.54732751846313,-400000.0625,-7903.10009765625,-4619.89013671875,-400000.0625,-16593.4609375,-400000.0625,-7218.35986328125,-400000.0625
159.6711232662201,-400000.0625,-7972.91015625,-4734.3701171875,-400000.0625,-16633.80078125,-400000.0625,-7213.68994140625,-400000.0625
159.7503559589386,-400000.0625,-7973.0498046875,-4730.56005859375,-400000.0625,-16634.0390625,-400000.0625,-7211.8798828125,-400000.0625
159.80501747131348,-400000.0625,-7978.25,-4733.85009765625,-400000.0625,-16636.759765625,-400000.0625,-7220.509765625,-400000.0625
159.88739943504333,-400000.0625,-7932.52001953125,-4697.419921875,-400000.0625,-16598.3203125,-400000.0625,-7152.419921875,-400000.0625
159.96628761291504,-400000.0625,-7889.89013671875,-4667.22998046875,-400000.0625,-16565.369140625,-400000.0625,-7112.5498046875,-400000.0625
159.99888229370117,-400000.0625,-7984.02001953125,-4748.2001953125,-400000.0625,-16641.240234375,-400000.0625,-7202.43994140625,-400000.0625
160.05493783950806,-400000.0625,-7990.080078125,-4754.259765625,-400000.0625,-16639.810546875,-400000.0625,-7209.490234375,-400000.0625
160.12008118629456,-400000.0625,-7918.93017578125,-4644.35009765625,-400000.0625,-16591.599609375,-400000.0625,-7204.43994140625,-400000.0625
160.19543766975403,-400000.0625,-7917.35986328125,-4639.33984375,-400000.0625,-16594.220703125,-400000.0625,-7205.490234375,-400000.0625
160.27404403686523,-400000.0625,-7883.68994140625,-4604.009765625,-400000.0625,-16563.419921875,-400000.0625,-7166.77001953125,-400000.0625
160.33867406845093,-400000.0625,-7915.31005859375,-4636.6201171875,-400000.0625,-16589.2109375,-400000.0625,-7199.56982421875,-400000.0625
160.38057398796082,-400000.0625,-7961.7998046875,-4671.669921875,-400000.0625,-16628.4609375,-400000.0625,-7269.47998046875,-400000.0625
160.43986201286316,-400000.0625,-7912.919921875,-4621.22021484375,-400000.0625,-16585.830078125,-400000.0625,-7217.83984375,-400000.0625
160.53000664710999,-400000.0625,-7905.43994140625,-4622.080078125,-400000.0625,-16585.44921875,-400000.0625,-7222.1298828125,-400000.0625
160.64475464820862,-400000.0625,-7910.919921875,-4621.1201171875,-400000.0625,-16587.689453125,-400000.0625,-7229.27978515625,-400000.0625
160.75841617584229,-400000.0625,-7977.919921875,-4672.240234375,-400000.0625,-16637.849609375,-400000.0625,-7286.60009765625,-400000.0625
160.9525909423828,-400000.0625,-7919.169921875,-4619.41015625,-400000.0625,-16588.119140625,-400000.0625,-7226.66015625,-400000.0625
161.01394605636597,-400000.0625,-7981.490234375,-4676.91015625,-400000.0625,-16636.609375,-400000.0625,-7291.60009765625,-400000.0625
161.0798373222351,-400000.0625,-7924.41015625,-4625.02978515625,-400000.0625,-16589.5,-400000.0625,-7226.52001953125,-400000.0625
161.16839838027954,-400000.0625,-7934.52001953125,-4627.89990234375,-400000.0625,-16592.9296875,-400000.0625,-7240.72998046875,-400000.0625
161.27231740951538,-400000.0625,-7937.2900390625,-4628.990234375,-400000.0625,-16594.3203125,-400000.0625,-7239.43994140625,-400000.0625
161.29289555549622,-400000.0625,-7987.169921875,-4680.6298828125,-400000.0625,-16635.08984375,-400000.0625,-7291.509765625,-400000.0625
161.30194973945618,-400000.0625,-7984.259765625,-4675.33984375,-400000.0625,-16629.75,-400000.0625,-7286.68994140625,-400000.0625
161.31243586540222,-400000.0625,-7927.1298828125,-4622.41015625,-400000.0625,-16587.310546875,-400000.0625,-7228.7998046875,-400000.0625
161.32569479942322,-400000.0625,-7896.56982421875,-4593.22998046875,-400000.0625,-16564.560546875,-400000.0625,-7198.6201171875,-400000.0625
161.33388376235962,-400000.0625,-7933.9501953125,-4626.60986328125,-400000.0625,-16587.119140625,-400000.0625,-7236.33984375,-400000.0625
161.340829372406,-400000.0625,-7991.02978515625,-4680.009765625,-400000.0625,-16635.0390625,-400000.0625,-7293.56005859375,-400000.0625
161.35020446777344,-400000.0625,-7988.02001953125,-4676.91015625,-400000.0625,-16631.41015625,-400000.0625,-7287.93017578125,-400000.0625
161.3595073223114,-400000.0625,-7931.14013671875,-4626.22998046875,-400000.0625,-16587.970703125,-400000.0625,-7232.14013671875,-400000.0625
161.36706805229187,-400000.0625,-7896.759765625,-4591.18017578125,-400000.0625,-16563.66015625,-400000.0625,-7199.0498046875,-400000.0625
161.37341618537903,-400000.0625,-7935.14013671875,-4629.47021484375,-400000.0625,-16597.849609375,-400000.0625,-7236.39013671875,-400000.0625
161.39458394050598,-400000.0625,-7994.83984375,-4686.68994140625,-400000.0625,-16644.669921875,-400000.0625,-7292.509765625,-400000.0625
161.40419006347656,-400000.0625,-7992.080078125,-4680.77978515625,-400000.0625,-16634.130859375,-400000.0625,-7290.5498046875,-400000.0625
161.41142320632935,-400000.0625,-7934.669921875,-4627.18017578125,-400000.0625,-16588.0703125,-400000.0625,-7233.669921875,-400000.0625
161.42099475860596,-400000.0625,-7902.72021484375,-4600.85986328125,-400000.0625,-16567.94921875,-400000.0625,-7200.0,-400000.0625
161.42967247962952,-400000.0625,-7937.240234375,-4632.7099609375,-400000.0625,-16596.83984375,-400000.0625,-7236.81982421875,-400000.0625
161.43870162963867,-400000.0625,-7987.8798828125,-4681.5400390625,-400000.0625,-16635.609375,-400000.0625,-7288.5498046875,-400000.0625
161.44764375686646,-400000.0625,-7983.8798828125,-4680.81982421875,-400000.0625,-16631.1796875,-400000.0625,-7281.72998046875,-400000.0625
161.46098279953003,-400000.0625,-7927.93994140625,-4624.990234375,-400000.0625,-16586.349609375,-400000.0625,-7226.47021484375,-400000.0625
161.46850442886353,-400000.0625,-7901.3798828125,-4598.52001953125,-400000.0625,-16567.23046875,-400000.0625,-7196.56982421875,-400000.0625
161.47533321380615,-400000.0625,-7939.52978515625,-4635.47998046875,-400000.0625,-16598.419921875,-400000.0625,-7238.25,-400000.0625
161.4982054233551,-400000.0625,-7995.31982421875,-4686.93017578125,-400000.0625,-16640.0,-400000.0625,-7293.02978515625,-400000.0625
161.5051188468933,-400000.0625,-7991.080078125,-4683.2998046875,-400000.0625,-16634.080078125,-400000.0625,-7288.64990234375,-400000.0625
161.51569437980652,-400000.0625,-7932.85009765625,-4629.08984375,-400000.0625,-16592.740234375,-400000.0625,-7235.9599609375,-400000.0625
161.52785873413086,-400000.0625,-7903.72021484375,-4601.3798828125,-400000.0625,-16568.330078125,-400000.0625,-7203.14990234375,-400000.0625
161.53885173797607,-400000.0625,-7941.009765625,-4634.91015625,-400000.0625,-16596.3203125,-400000.0625,-7242.25,-400000.0625
161.55318069458008,-400000.0625,-7994.3701171875,-4686.31005859375,-400000.0625,-16637.51953125,-400000.0625,-7294.4599609375,-400000.0625
161.56710028648376,-400000.0625,-7988.06982421875,-4680.06005859375,-400000.0625,-16634.66015625,-400000.0625,-7288.02978515625,-400000.0625
161.57444977760315,-400000.0625,-7931.759765625,-4627.60986328125,-400000.0625,-16591.259765625,-400000.0625,-7232.0498046875,-400000.0625
161.58842182159424,-400000.0625,-7903.52978515625,-4600.759765625,-400000.0625,-16566.140625,-400000.0625,-7201.77001953125,-400000.0625
161.60451126098633,-400000.0625,-7943.009765625,-4636.81005859375,-400000.0625,-16598.0390625,-400000.0625,-7239.52978515625,-400000.0625
161.6115345954895,-400000.0625,-7999.60986328125,-4686.7900390625,-400000.0625,-16641.859375,-400000.0625,-7291.4599609375,-400000.0625
161.6209237575531,-400000.0625,-7997.47021484375,-4685.830078125,-400000.0625,-16640.279296875,-400000.0625,-7286.97998046875,-400000.0625
161.6294298171997,-400000.0625,-7938.240234375,-4633.47021484375,-400000.0625,-16592.41015625,-400000.0625,-7232.85986328125,-400000.0625
161.63720679283142,-400000.0625,-7905.06005859375,-4603.9599609375,-400000.0625,-16566.900390625,-400000.0625,-7203.72021484375,-400000.0625
161.64785408973694,-400000.0625,-7945.58984375,-4639.6298828125,-400000.0625,-16596.130859375,-400000.0625,-7238.81982421875,-400000.0625
161.65845823287964,-400000.0625,-8000.9501953125,-4689.97998046875,-400000.0625,-16639.380859375,-400000.0625,-7292.83984375,-400000.0625
161.66760110855103,-400000.0625,-7990.68994140625,-4686.5498046875,-400000.0625,-16637.7109375,-400000.0625,-7289.31982421875,-400000.0625
161.67495703697205,-400000.0625,-7935.81005859375,-4634.43017578125,-400000.0625,-16591.740234375,-400000.0625,-7233.81005859375,-400000.0625
161.68673872947693,-400000.0625,-7909.8701171875,-4601.91015625,-400000.0625,-16565.369140625,-400000.0625,-7203.2001953125,-400000.0625
161.69599318504333,-400000.0625,-7943.6298828125,-4638.2900390625,-400000.0625,-16596.609375,-400000.0625,-7242.35009765625,-400000.0625
161.71081066131592,-400000.0625,-7995.89013671875,-4689.02978515625,-400000.0625,-16638.5703125,-400000.0625,-7294.22998046875,-400000.0625
161.71963214874268,-400000.0625,-7993.56005859375,-4684.259765625,-400000.0625,-16630.41015625,-400000.0625,-7290.31982421875,-400000.0625
161.72792983055115,-400000.0625,-7936.43017578125,-4631.14013671875,-400000.0625,-16586.259765625,-400000.0625,-7237.52978515625,-400000.0625
161.73811888694763,-400000.0625,-7909.6298828125,-4606.490234375,-400000.0625,-16567.51953125,-400000.0625,-7203.6298828125,-400000.0625
161.8289704322815,-400000.0625,-7962.27978515625,-4644.6298828125,-400000.0625,-16584.490234375,-400000.0625,-7245.68017578125,-400000.0625
161.84613513946533,-400000.0625,-7920.080078125,-4613.77978515625,-400000.0625,-16557.890625,-400000.0625,-7211.68994140625,-400000.0625
161.91289591789246,-400000.0625,-7960.27001953125,-4654.68994140625,-400000.0625,-16589.689453125,-400000.0625,-7245.10986328125,-400000.0625
161.97343921661377,-400000.0625,-8012.580078125,-4702.47021484375,-400000.0625,-16638.7109375,-400000.0625,-7297.56005859375,-400000.0625
162.10703587532043,-400000.0625,-7942.06005859375,-4638.72021484375,-400000.0625,-16586.970703125,-400000.0625,-7235.91015625,-400000.0625
162.17346477508545,-400000.0625,-7917.259765625,-4619.7900390625,-400000.0625,-16567.380859375,-400000.0625,-7212.39990234375,-400000.0625
162.2447144985199,-400000.0625,-7952.4501953125,-4656.7001953125,-400000.0625,-16602.66015625,-400000.0625,-7244.02001953125,-400000.0625
162.3009614944458,-400000.0625,-8008.6201171875,-4708.91015625,-400000.0625,-16643.5703125,-400000.0625,-7306.669921875,-400000.0625
162.45536422729492,-400000.0625,-7943.68017578125,-4638.85986328125,-400000.0625,-16582.970703125,-400000.0625,-7246.259765625,-400000.0625
162.5536072254181,-400000.0625,-7964.89990234375,-4661.7998046875,-400000.0625,-16603.810546875,-400000.0625,-7258.3701171875,-400000.0625
162.61344242095947,-400000.0625,-8009.52978515625,-4695.7001953125,-400000.0625,-16640.619140625,-400000.0625,-7321.93017578125,-400000.0625
162.69403862953186,-400000.0625,-8003.330078125,-4688.259765625,-400000.0625,-16636.419921875,-400000.0625,-7308.91015625,-400000.0625
162.77905106544495,-400000.0625,-7939.85986328125,-4631.3798828125,-400000.0625,-16589.599609375,-400000.0625,-7246.64013671875,-400000.0625
162.81163215637207,-400000.0625,-7948.2099609375,-4650.93017578125,-400000.0625,-16597.69921875,-400000.0625,-7255.7900390625,-400000.0625
162.8975739479065,-400000.0625,-7998.31982421875,-4698.3701171875,-400000.0625,-16638.140625,-400000.0625,-7302.47998046875,-400000.0625
163.00122380256653,-400000.0625,-7990.02978515625,-4690.1201171875,-400000.0625,-16627.029296875,-400000.0625,-7287.83984375,-400000.0625
163.08741331100464,-400000.0625,-7927.1298828125,-4635.669921875,-400000.0625,-16577.529296875,-400000.0625,-7229.3798828125,-400000.0625
163.14604902267456,-400000.0625,-7903.77001953125,-4615.5498046875,-400000.0625,-16562.419921875,-400000.0625,-7200.6201171875,-400000.0625
163.1934540271759,-400000.0625,-7952.1201171875,-4654.169921875,-400000.0625,-16591.220703125,-400000.0625,-7237.2900390625,-400000.0625
163.31992268562317,-400000.0625,-7982.2099609375,-4689.97998046875,-400000.0625,-16620.2109375,-400000.0625,-7283.02001953125,-400000.0625
163.39579844474792,-400000.0625,-7899.3798828125,-4617.64013671875,-400000.0625,-16553.119140625,-400000.0625,-7204.39013671875,-400000.0625
163.44966745376587,-400000.0625,-7894.56005859375,-4608.5400390625,-400000.0625,-16553.44921875,-400000.0625,-7198.81005859375,-400000.0625
163.50969982147217,-400000.0625,-7937.52978515625,-4655.64990234375,-400000.0625,-16590.83984375,-400000.0625,-7249.7900390625,-400000.0625
163.7687382698059,-400000.0625,-7886.02978515625,-4605.72021484375,-400000.0625,-16547.779296875,-400000.0625,-7194.56982421875,-400000.0625
163.78431630134583,-400000.0625,-7932.7099609375,-4647.72998046875,-400000.0625,-16584.73046875,-400000.0625,-7246.77978515625,-400000.0625
163.79354119300842,-400000.0625,-7985.16015625,-4698.0400390625,-400000.0625,-16626.220703125,-400000.0625,-7293.64990234375,-400000.0625
163.80175948143005,-400000.0625,-7970.91015625,-4685.259765625,-400000.0625,-16612.720703125,-400000.0625,-7276.06005859375,-400000.0625
163.80833172798157,-400000.0625,-7910.77978515625,-4629.7099609375,-400000.0625,-16567.279296875,-400000.0625,-7216.41015625,-400000.0625
163.81930017471313,-400000.0625,-7889.990234375,-4610.58984375,-400000.0625,-16547.869140625,-400000.0625,-7197.18994140625,-400000.0625
163.82794070243835,-400000.0625,-7930.89990234375,-4650.830078125,-400000.0625,-16577.439453125,-400000.0625,-7240.009765625,-400000.0625
163.83653211593628,-400000.0625,-7980.35009765625,-4699.08984375,-400000.0625,-16620.400390625,-400000.0625,-7292.93994140625,-400000.0625
163.84292149543762,-400000.0625,-7966.60986328125,-4685.68994140625,-400000.0625,-16614.490234375,-400000.0625,-7281.35009765625,-400000.0625
163.8549234867096,-400000.0625,-7907.490234375,-4629.7998046875,-400000.0625,-16565.609375,-400000.0625,-7223.7998046875,-400000.0625
163.8617217540741,-400000.0625,-7891.18017578125,-4610.830078125,-400000.0625,-16545.6796875,-400000.0625,-7201.2900390625,-400000.0625
163.8685531616211,-400000.0625,-7937.2900390625,-4654.35986328125,-400000.0625,-16586.01953125,-400000.0625,-7248.68994140625,-400000.0625
163.87569975852966,-400000.0625,-7983.68994140625,-4697.31982421875,-400000.0625,-16624.0703125,-400000.0625,-7295.93994140625,-400000.0625
163.89497351646423,-400000.0625,-7971.14013671875,-4683.64013671875,-400000.0625,-16610.859375,-400000.0625,-7274.33984375,-400000.0625
163.90188455581665,-400000.0625,-7912.490234375,-4628.990234375,-400000.0625,-16560.650390625,-400000.0625,-7221.990234375,-400000.0625
163.90777969360352,-400000.0625,-7891.27001953125,-4610.830078125,-400000.0625,-16546.6796875,-400000.0625,-7202.91015625,-400000.0625
163.91521525382996,-400000.0625,-7940.47998046875,-4657.83984375,-400000.0625,-16584.830078125,-400000.0625,-7245.4501953125,-400000.0625
163.9263756275177,-400000.0625,-7986.31005859375,-4703.7099609375,-400000.0625,-16620.880859375,-400000.0625,-7294.509765625,-400000.0625
163.9337193965912,-400000.0625,-7969.669921875,-4686.58984375,-400000.0625,-16605.5703125,-400000.0625,-7279.490234375,-400000.0625
163.93965911865234,-400000.0625,-7913.10986328125,-4632.759765625,-400000.0625,-16557.5,-400000.0625,-7219.02978515625,-400000.0625
163.94843292236328,-400000.0625,-7892.509765625,-4614.31005859375,-400000.0625,-16545.25,-400000.0625,-7203.8701171875,-400000.0625
163.95839595794678,-400000.0625,-7935.47998046875,-4655.7001953125,-400000.0625,-16581.16015625,-400000.0625,-7250.5,-400000.0625
163.9687945842743,-400000.0625,-7986.58984375,-4702.759765625,-400000.0625,-16618.6796875,-400000.0625,-7299.0400390625,-400000.0625
163.9836983680725,-400000.0625,-7975.2001953125,-4690.27001953125,-400000.0625,-16611.33984375,-400000.0625,-7285.5498046875,-400000.0625
163.99933505058289,-400000.0625,-7916.97998046875,-4637.580078125,-400000.0625,-16563.470703125,-400000.0625,-7225.7998046875,-400000.0625
164.0087866783142,-400000.0625,-7896.3798828125,-4616.8798828125,-400000.0625,-16544.109375,-400000.0625,-7205.2001953125,-400000.0625
164.01662254333496,-400000.0625,-7943.81982421875,-4660.1298828125,-400000.0625,-16584.490234375,-400000.0625,-7252.7900390625,-400000.0625
164.02369856834412,-400000.0625,-7990.31005859375,-4706.240234375,-400000.0625,-16625.0703125,-400000.0625,-7300.56982421875,-400000.0625
164.03591132164001,-400000.0625,-7975.2900390625,-4691.31982421875,-400000.0625,-16611.630859375,-400000.0625,-7283.06982421875,-400000.0625
164.04602336883545,-400000.0625,-7915.58984375,-4634.669921875,-400000.0625,-16562.080078125,-400000.0625,-7226.18017578125,-400000.0625
164.05384707450867,-400000.0625,-7895.52001953125,-4613.06982421875,-400000.0625,-16544.869140625,-400000.0625,-7201.91015625,-400000.0625
164.06097078323364,-400000.0625,-7939.52978515625,-4656.169921875,-400000.0625,-16582.25,-400000.0625,-7247.58984375,-400000.0625
164.06963467597961,-400000.0625,-7989.4599609375,-4703.3798828125,-400000.0625,-16627.740234375,-400000.0625,-7296.31982421875,-400000.0625
164.07762026786804,-400000.0625,-7976.33984375,-4688.97998046875,-400000.0625,-16611.19921875,-400000.0625,-7281.39990234375,-400000.0625
164.08467054367065,-400000.0625,-7919.83984375,-4637.6201171875,-400000.0625,-16563.75,-400000.0625,-7223.080078125,-400000.0625
164.10182404518127,-400000.0625,-7897.7099609375,-4618.22021484375,-400000.0625,-16548.30078125,-400000.0625,-7204.81982421875,-400000.0625
164.110933303833,-400000.0625,-7946.35009765625,-4661.89013671875,-400000.0625,-16589.119140625,-400000.0625,-7249.169921875,-400000.0625
164.11827683448792,-400000.0625,-7991.7001953125,-4706.91015625,-400000.0625,-16626.310546875,-400000.0625,-7295.0400390625,-400000.0625
164.12454628944397,-400000.0625,-7971.43017578125,-4689.5,-400000.0625,-16609.380859375,-400000.0625,-7275.33984375,-400000.0625
164.13549280166626,-400000.0625,-7914.35009765625,-4634.47998046875,-400000.0625,-16557.650390625,-400000.0625,-7217.35986328125,-400000.0625
164.14968252182007,-400000.0625,-7890.7998046875,-4611.919921875,-400000.0625,-16539.2890625,-400000.0625,-7198.43017578125,-400000.0625
164.16157698631287,-400000.0625,-7941.580078125,-4657.7900390625,-400000.0625,-16584.44921875,-400000.0625,-7247.64013671875,-400000.0625
164.1741771697998,-400000.0625,-7993.75,-4704.47998046875,-400000.0625,-16628.359375,-400000.0625,-7295.89990234375,-400000.0625
164.18362474441528,-400000.0625,-7975.47998046875,-4688.1201171875,-400000.0625,-16613.390625,-400000.0625,-7279.25,-400000.0625
164.1900932788849,-400000.0625,-7916.169921875,-4633.3798828125,-400000.0625,-16562.419921875,-400000.0625,-7220.27001953125,-400000.0625
164.20746850967407,-400000.0625,-7898.3798828125,-4614.97021484375,-400000.0625,-16544.9609375,-400000.0625,-7200.77001953125,-400000.0625
164.21488094329834,-400000.0625,-7945.25,-4659.22021484375,-400000.0625,-16583.16015625,-400000.0625,-7248.64013671875,-400000.0625
164.22156715393066,-400000.0625,-7990.68994140625,-4704.330078125,-400000.0625,-16620.640625,-400000.0625,-7296.419921875,-400000.0625
164.23052167892456,-400000.0625,-7970.0498046875,-4684.68994140625,-400000.0625,-16602.470703125,-400000.0625,-7274.72021484375,-400000.0625
164.24106073379517,-400000.0625,-7913.97021484375,-4628.27978515625,-400000.0625,-16555.740234375,-400000.0625,-7216.06982421875,-400000.0625
164.24831914901733,-400000.0625,-7897.66015625,-4612.8798828125,-400000.0625,-16547.16015625,-400000.0625,-7197.9501953125,-400000.0625
164.29643034934998,-400000.0625,-7984.830078125,-4693.3701171875,-400000.0625,-16581.009765625,-400000.0625,-7269.6201171875,-400000.0625
164.37920761108398,-400000.0625,-7913.2099609375,-4636.669921875,-400000.0625,-16546.25,-400000.0625,-7212.68994140625,-400000.0625
164.41270327568054,-400000.0625,-7890.56005859375,-4611.2998046875,-400000.0625,-16532.5703125,-400000.0625,-7190.18017578125,-400000.0625
164.4921853542328,-400000.0625,-7932.85009765625,-4654.68994140625,-400000.0625,-16571.91015625,-400000.0625,-7229.759765625,-400000.0625
164.5450417995453,-400000.0625,-7973.39013671875,-4694.4599609375,-400000.0625,-16608.05078125,-400000.0625,-7282.58984375,-400000.0625
164.6654155254364,-400000.0625,-7898.669921875,-4625.64990234375,-400000.0625,-16542.009765625,-400000.0625,-7206.97021484375,-400000.0625
164.76992654800415,-400000.0625,-7879.97021484375,-4608.72998046875,-400000.0625,-16535.4296875,-400000.0625,-7188.89013671875,-400000.0625
164.8534712791443,-400000.0625,-7950.5,-4672.240234375,-400000.0625,-16587.310546875,-400000.0625,-7261.1298828125,-400000.0625
164.91854763031006,-400000.0625,-7953.60009765625,-4676.06005859375,-400000.0625,-16587.310546875,-400000.0625,-7261.7099609375,-400000.0625
165.01290369033813,-400000.0625,-7894.22998046875,-4625.56005859375,-400000.0625,-16533.810546875,-400000.0625,-7204.33984375,-400000.0625
165.047381401062,-400000.0625,-7890.02978515625,-4615.5498046875,-400000.0625,-16525.599609375,-400000.0625,-7196.0,-400000.0625
165.19654726982117,-400000.0625,-7970.0498046875,-4692.60009765625,-400000.0625,-16592.080078125,-400000.0625,-7272.85986328125,-400000.0625
165.30222082138062,-400000.0625,-7893.66015625,-4622.31982421875,-400000.0625,-16532.140625,-400000.0625,-7217.169921875,-400000.0625
165.4797477722168,-400000.0625,-7931.9501953125,-4657.080078125,-400000.0625,-16565.609375,-400000.0625,-7249.39990234375,-400000.0625
165.56242775917053,-400000.0625,-7954.35986328125,-4675.72021484375,-400000.0625,-16573.189453125,-400000.0625,-7266.330078125,-400000.0625
165.6525914669037,-400000.0625,-7895.330078125,-4617.02001953125,-400000.0625,-16529.939453125,-400000.0625,-7203.43994140625,-400000.0625
165.71224808692932,-400000.0625,-7890.27001953125,-4619.60009765625,-400000.0625,-16524.650390625,-400000.0625,-7201.9599609375,-400000.0625
165.84640765190125,-400000.0625,-7980.6298828125,-4704.18994140625,-400000.0625,-16592.740234375,-400000.0625,-7301.27978515625,-400000.0625
165.8800013065338,-400000.0625,-7899.56982421875,-4626.60986328125,-400000.0625,-16526.3203125,-400000.0625,-7220.93994140625,-400000.0625
166.01342487335205,-400000.0625,-7909.72998046875,-4632.56982421875,-400000.0625,-16526.080078125,-400000.0625,-7217.27001953125,-400000.0625
166.07876992225647,-400000.0625,-7958.3701171875,-4684.77978515625,-400000.0625,-16567.94921875,-400000.0625,-7270.43017578125,-400000.0625
166.14485144615173,-400000.0625,-8001.81005859375,-4721.5,-400000.0625,-16594.83984375,-400000.0625,-7307.52978515625,-400000.0625
166.22010397911072,-400000.0625,-7916.8798828125,-4640.68017578125,-400000.0625,-16528.080078125,-400000.0625,-7221.1298828125,-400000.0625
166.2937982082367,-400000.0625,-7908.77001953125,-4636.669921875,-400000.0625,-16523.83984375,-400000.0625,-7220.02978515625,-400000.0625
166.31589126586914,-400000.0625,-7905.33984375,-4632.330078125,-400000.0625,-16521.310546875,-400000.0625,-7214.31005859375,-400000.0625
166.32435536384583,-400000.0625,-7961.31982421875,-4684.58984375,-400000.0625,-16566.23046875,-400000.0625,-7270.18994140625,-400000.0625
166.3326027393341,-400000.0625,-7998.66015625,-4720.830078125,-400000.0625,-16594.3203125,-400000.0625,-7306.669921875,-400000.0625
166.3421392440796,-400000.0625,-7963.1298828125,-4688.97998046875,-400000.0625,-16567.23046875,-400000.0625,-7274.91015625,-400000.0625
166.35185027122498,-400000.0625,-7909.10986328125,-4635.759765625,-400000.0625,-16524.080078125,-400000.0625,-7215.740234375,-400000.0625
166.35914421081543,-400000.0625,-7907.9599609375,-4636.0498046875,-400000.0625,-16524.220703125,-400000.0625,-7213.97021484375,-400000.0625
166.37238121032715,-400000.0625,-7963.3701171875,-4690.22021484375,-400000.0625,-16566.94921875,-400000.0625,-7271.47998046875,-400000.0625
166.38176608085632,-400000.0625,-8001.08984375,-4723.740234375,-400000.0625,-16595.7890625,-400000.0625,-7310.25,-400000.0625
166.38945817947388,-400000.0625,-7971.72021484375,-4694.990234375,-400000.0625,-16570.05078125,-400000.0625,-7280.06005859375,-400000.0625
166.39806699752808,-400000.0625,-7910.8701171875,-4640.8701171875,-400000.0625,-16518.169921875,-400000.0625,-7224.0400390625,-400000.0625
166.4167501926422,-400000.0625,-7904.47998046875,-4635.0498046875,-400000.0625,-16517.740234375,-400000.0625,-7221.31982421875,-400000.0625
166.42590618133545,-400000.0625,-7959.56005859375,-4684.39990234375,-400000.0625,-16562.939453125,-400000.0625,-7269.81005859375,-400000.0625
166.4393825531006,-400000.0625,-7997.47021484375,-4719.77978515625,-400000.0625,-16594.220703125,-400000.0625,-7305.18994140625,-400000.0625
166.44671821594238,-400000.0625,-7963.31982421875,-4687.830078125,-400000.0625,-16566.849609375,-400000.0625,-7273.2001953125,-400000.0625
166.45576882362366,-400000.0625,-7909.919921875,-4638.52978515625,-400000.0625,-16522.5,-400000.0625,-7220.7900390625,-400000.0625
166.46336960792542,-400000.0625,-7910.81982421875,-4637.9599609375,-400000.0625,-16523.3203125,-400000.0625,-7223.080078125,-400000.0625
166.47777318954468,-400000.0625,-7961.85009765625,-4686.5498046875,-400000.0625,-16566.609375,-400000.0625,-7276.5400390625,-400000.0625
166.48492217063904,-400000.0625,-7995.509765625,-4722.740234375,-400000.0625,-16596.080078125,-400000.0625,-7310.10986328125,-400000.0625
166.49216270446777,-400000.0625,-7965.14013671875,-4688.83984375,-400000.0625,-16570.08984375,-400000.0625,-7278.06005859375,-400000.0625
166.50391817092896,-400000.0625,-7908.8701171875,-4637.0498046875,-400000.0625,-16519.41015625,-400000.0625,-7220.60009765625,-400000.0625
166.51953959465027,-400000.0625,-7909.25,-4637.77001953125,-400000.0625,-16518.2109375,-400000.0625,-7220.31982421875,-400000.0625
166.5284013748169,-400000.0625,-7962.75,-4686.2099609375,-400000.0625,-16566.560546875,-400000.0625,-7276.43994140625,-400000.0625
166.5409665107727,-400000.0625,-7996.419921875,-4718.490234375,-400000.0625,-16597.890625,-400000.0625,-7311.8701171875,-400000.0625
166.549968957901,-400000.0625,-7963.990234375,-4688.68994140625,-400000.0625,-16569.5703125,-400000.0625,-7281.35009765625,-400000.0625
166.55638813972473,-400000.0625,-7911.919921875,-4641.10009765625,-400000.0625,-16523.650390625,-400000.0625,-7224.66015625,-400000.0625
166.56277179718018,-400000.0625,-7916.39990234375,-4643.2998046875,-400000.0625,-16524.41015625,-400000.0625,-7222.02978515625,-400000.0625
166.57191038131714,-400000.0625,-7967.759765625,-4692.35986328125,-400000.0625,-16566.900390625,-400000.0625,-7278.39990234375,-400000.0625
166.57993745803833,-400000.0625,-8003.85986328125,-4726.7001953125,-400000.0625,-16596.990234375,-400000.0625,-7310.6298828125,-400000.0625
166.58793878555298,-400000.0625,-7969.9501953125,-4697.7998046875,-400000.0625,-16570.279296875,-400000.0625,-7279.35009765625,-400000.0625
166.59600567817688,-400000.0625,-7914.77978515625,-4646.02001953125,-400000.0625,-16527.609375,-400000.0625,-7225.85009765625,-400000.0625
166.6074137687683,-400000.0625,-7913.259765625,-4643.490234375,-400000.0625,-16524.69921875,-400000.0625,-7222.4599609375,-400000.0625
166.63371396064758,-400000.0625,-7965.419921875,-4693.4599609375,-400000.0625,-16565.419921875,-400000.0625,-7275.10986328125,-400000.0625
166.64524173736572,-400000.0625,-7999.7099609375,-4724.31005859375,-400000.0625,-16589.119140625,-400000.0625,-7312.97021484375,-400000.0625
166.6524739265442,-400000.0625,-7969.56982421875,-4692.31982421875,-400000.0625,-16563.369140625,-400000.0625,-7279.97021484375,-400000.0625
166.65956473350525,-400000.0625,-7913.259765625,-4640.10009765625,-400000.0625,-16520.310546875,-400000.0625,-7223.56005859375,-400000.0625
166.66861248016357,-400000.0625,-7911.25,-4640.43994140625,-400000.0625,-16525.029296875,-400000.0625,-7224.0400390625,-400000.0625
166.68123245239258,-400000.0625,-7967.0,-4693.60009765625,-400000.0625,-16570.94921875,-400000.0625,-7279.43994140625,-400000.0625
166.68879771232605,-400000.0625,-8002.81005859375,-4726.1201171875,-400000.0625,-16596.3203125,-400000.0625,-7314.72998046875,-400000.0625
166.696848154068,-400000.0625,-7968.759765625,-4691.740234375,-400000.0625,-16563.1796875,-400000.0625,-7283.35009765625,-400000.0625
166.7070198059082,-400000.0625,-7914.72998046875,-4641.81982421875,-400000.0625,-16517.689453125,-400000.0625,-7228.22998046875,-400000.0625
166.71465587615967,-400000.0625,-7915.16015625,-4643.68017578125,-400000.0625,-16519.01953125,-400000.0625,-7226.56005859375,-400000.0625
166.73355913162231,-400000.0625,-7970.85986328125,-4694.56005859375,-400000.0625,-16566.369140625,-400000.0625,-7279.830078125,-400000.0625
166.74202513694763,-400000.0625,-8002.66015625,-4723.740234375,-400000.0625,-16598.509765625,-400000.0625,-7312.43994140625,-400000.0625
166.7502317428589,-400000.0625,-7968.18994140625,-4692.56005859375,-400000.0625,-16568.51953125,-400000.0625,-7279.490234375,-400000.0625
166.75786519050598,-400000.0625,-7916.1201171875,-4642.919921875,-400000.0625,-16521.740234375,-400000.0625,-7223.89013671875,-400000.0625
166.77507042884827,-400000.0625,-7995.93994140625,-4723.5498046875,-400000.0625,-16588.169921875,-400000.0625,-7315.490234375,-400000.0625
166.84359502792358,-400000.0625,-7959.31982421875,-4688.4501953125,-400000.0625,-16562.419921875,-400000.0625,-7283.39990234375,-400000.0625
166.93398523330688,-400000.0625,-7902.81005859375,-4642.68017578125,-400000.0625,-16520.83984375,-400000.0625,-7230.9501953125,-400000.0625
166.98482084274292,-400000.0625,-7899.56982421875,-4637.0,-400000.0625,-16517.359375,-400000.0625,-7231.9501953125,-400000.0625
167.04593873023987,-400000.0625,-7956.31982421875,-4693.080078125,-400000.0625,-16567.849609375,-400000.0625,-7290.4599609375,-400000.0625
167.0975251197815,-400000.0625,-7988.740234375,-4720.93017578125,-400000.0625,-16590.0703125,-400000.0625,-7319.68994140625,-400000.0625
167.1584243774414,-400000.0625,-7971.81005859375,-4736.14013671875,-400000.0625,-16565.23046875,-400000.0625,-7259.990234375,-400000.0625
167.23264241218567,-400000.0625,-7922.7001953125,-4749.919921875,-400000.0625,-16523.3203125,-400000.0625,-7156.7998046875,-400000.0625
167.32590675354004,-400000.0625,-7909.25,-4691.169921875,-400000.0625,-16518.0703125,-400000.0625,-7213.2099609375,-400000.0625
167.35726308822632,-400000.0625,-7974.14990234375,-4735.419921875,-400000.0625,-16572.48046875,-400000.0625,-7284.58984375,-400000.0625
167.41350531578064,-400000.0625,-7958.22021484375,-4714.77978515625,-400000.0625,-16556.599609375,-400000.0625,-7268.91015625,-400000.0625
167.49341869354248,-400000.0625,-7964.7099609375,-4718.68994140625,-400000.0625,-16560.939453125,-400000.0625,-7271.9599609375,-400000.0625
167.57072734832764,-400000.0625,-7926.7998046875,-4677.43994140625,-400000.0625,-16530.3203125,-400000.0625,-7216.5498046875,-400000.0625
167.68473076820374,-400000.0625,-7977.9599609375,-4711.10009765625,-400000.0625,-16575.390625,-400000.0625,-7307.009765625,-400000.0625
167.7451310157776,-400000.0625,-8018.97021484375,-4750.06005859375,-400000.0625,-16609.05078125,-400000.0625,-7334.56982421875,-400000.0625
167.80011296272278,-400000.0625,-7924.75,-4657.7001953125,-400000.0625,-16528.75,-400000.0625,-7244.5400390625,-400000.0625
167.8627691268921,-400000.0625,-7932.47021484375,-4665.18017578125,-400000.0625,-16530.990234375,-400000.0625,-7248.4501953125,-400000.0625
167.94098329544067,-400000.0625,-7938.14990234375,-4670.81005859375,-400000.0625,-16535.330078125,-400000.0625,-7247.77978515625,-400000.0625
168.00053215026855,-400000.0625,-8019.72998046875,-4742.43017578125,-400000.0625,-16600.66015625,-400000.0625,-7327.83984375,-400000.0625
168.0639464855194,-400000.0625,-8023.31005859375,-4749.77978515625,-400000.0625,-16607.48046875,-400000.0625,-7332.18017578125,-400000.0625
168.11980891227722,-400000.0625,-7984.97021484375,-4710.25,-400000.0625,-16574.4296875,-400000.0625,-7284.1201171875,-400000.0625
168.21246218681335,-400000.0625,-7932.18994140625,-4657.080078125,-400000.0625,-16528.419921875,-400000.0625,-7245.72998046875,-400000.0625
168.26240134239197,-400000.0625,-7938.81982421875,-4659.93994140625,-400000.0625,-16533.470703125,-400000.0625,-7255.509765625,-400000.0625
168.31124234199524,-400000.0625,-7996.509765625,-4713.8701171875,-400000.0625,-16580.19921875,-400000.0625,-7309.6298828125,-400000.0625
168.42137932777405,-400000.0625,-8022.06982421875,-4735.27978515625,-400000.0625,-16603.810546875,-400000.0625,-7336.52001953125,-400000.0625
168.50241899490356,-400000.0625,-7922.4599609375,-4634.669921875,-400000.0625,-16521.029296875,-400000.0625,-7239.33984375,-400000.0625
168.56848788261414,-400000.0625,-7941.580078125,-4650.39990234375,-400000.0625,-16538.5703125,-400000.0625,-7258.27001953125,-400000.0625
168.64339876174927,-400000.0625,-8000.419921875,-4700.85009765625,-400000.0625,-16580.76953125,-400000.0625,-7319.259765625,-400000.0625
168.69874501228333,-400000.0625,-8017.77978515625,-4711.2900390625,-400000.0625,-16600.470703125,-400000.0625,-7336.43017578125,-400000.0625
168.78224873542786,-400000.0625,-7969.240234375,-4663.60986328125,-400000.0625,-16561.650390625,-400000.0625,-7290.509765625,-400000.0625
168.792494058609,-400000.0625,-7923.56005859375,-4620.7900390625,-400000.0625,-16526.1796875,-400000.0625,-7245.16015625,-400000.0625
168.80483412742615,-400000.0625,-7945.25,-4639.10009765625,-400000.0625,-16544.869140625,-400000.0625,-7264.81005859375,-400000.0625
168.82794523239136,-400000.0625,-8005.81005859375,-4692.89013671875,-400000.0625,-16585.779296875,-400000.0625,-7318.2099609375,-400000.0625
168.84309887886047,-400000.0625,-8024.31005859375,-4712.68017578125,-400000.0625,-16597.419921875,-400000.0625,-7336.47021484375,-400000.0625
168.85187530517578,-400000.0625,-7975.91015625,-4667.43017578125,-400000.0625,-16556.220703125,-400000.0625,-7290.93994140625,-400000.0625
168.85927367210388,-400000.0625,-7926.31982421875,-4620.1201171875,-400000.0625,-16518.5,-400000.0625,-7245.06005859375,-400000.0625
168.8705620765686,-400000.0625,-7947.77978515625,-4640.6298828125,-400000.0625,-16535.140625,-400000.0625,-7268.759765625,-400000.0625
168.8809850215912,-400000.0625,-8008.18994140625,-4696.080078125,-400000.0625,-16581.439453125,-400000.0625,-7325.97998046875,-400000.0625
168.89048528671265,-400000.0625,-8026.35986328125,-4712.72998046875,-400000.0625,-16595.75,-400000.0625,-7345.25,-400000.0625
168.90265893936157,-400000.0625,-7977.39013671875,-4668.56982421875,-400000.0625,-16560.220703125,-400000.0625,-7301.81005859375,-400000.0625
168.9131374359131,-400000.0625,-7933.0,-4625.1298828125,-400000.0625,-16521.26953125,-400000.0625,-7256.7900390625,-400000.0625
168.93713998794556,-400000.0625,-7953.740234375,-4646.64013671875,-400000.0625,-16539.9609375,-400000.0625,-7272.77001953125,-400000.0625
168.94625520706177,-400000.0625,-8011.33984375,-4701.66015625,-400000.0625,-16584.109375,-400000.0625,-7331.22998046875,-400000.0625
168.95532989501953,-400000.0625,-8030.27001953125,-4716.35009765625,-400000.0625,-16597.69921875,-400000.0625,-7346.919921875,-400000.0625
168.96636056900024,-400000.0625,-7980.72998046875,-4670.85986328125,-400000.0625,-16562.080078125,-400000.0625,-7298.89990234375,-400000.0625
168.98078632354736,-400000.0625,-7933.240234375,-4628.0400390625,-400000.0625,-16523.890625,-400000.0625,-7249.93017578125,-400000.0625
168.99050283432007,-400000.0625,-7954.35986328125,-4642.68017578125,-400000.0625,-16532.94921875,-400000.0625,-7269.669921875,-400000.0625
169.0023591518402,-400000.0625,-8007.6201171875,-4695.75,-400000.0625,-16578.9609375,-400000.0625,-7327.18017578125,-400000.0625
169.01304936408997,-400000.0625,-8025.22021484375,-4714.919921875,-400000.0625,-16600.7109375,-400000.0625,-7344.33984375,-400000.0625
169.0239613056183,-400000.0625,-7981.10986328125,-4673.0,-400000.0625,-16558.55078125,-400000.0625,-7298.7998046875,-400000.0625
169.04182958602905,-400000.0625,-7937.77001953125,-4630.0400390625,-400000.0625,-16520.599609375,-400000.0625,-7251.5498046875,-400000.0625
169.0511190891266,-400000.0625,-7950.93017578125,-4642.81982421875,-400000.0625,-16531.990234375,-400000.0625,-7271.52978515625,-400000.0625
169.06269025802612,-400000.0625,-8009.39013671875,-4695.89013671875,-400000.0625,-16582.779296875,-400000.0625,-7327.75,-400000.0625
169.07482314109802,-400000.0625,-8029.89013671875,-4713.97021484375,-400000.0625,-16599.560546875,-400000.0625,-7346.9599609375,-400000.0625
169.08188843727112,-400000.0625,-7978.14990234375,-4666.3798828125,-400000.0625,-16556.98046875,-400000.0625,-7298.759765625,-400000.0625
169.08950638771057,-400000.0625,-7929.56005859375,-4622.7900390625,-400000.0625,-16521.0703125,-400000.0625,-7251.31005859375,-400000.0625
169.0995237827301,-400000.0625,-7951.259765625,-4641.39013671875,-400000.0625,-16534.810546875,-400000.0625,-7268.2900390625,-400000.0625
169.11466097831726,-400000.0625,-8010.009765625,-4696.27001953125,-400000.0625,-16577.390625,-400000.0625,-7325.64990234375,-400000.0625
169.12211155891418,-400000.0625,-8027.27001953125,-4711.91015625,-400000.0625,-16591.650390625,-400000.0625,-7346.580078125,-400000.0625
169.1307291984558,-400000.0625,-7982.35009765625,-4670.18994140625,-400000.0625,-16557.7890625,-400000.0625,-7301.0498046875,-400000.0625
169.15119409561157,-400000.0625,-7934.18994140625,-4623.31982421875,-400000.0625,-16517.259765625,-400000.0625,-7253.27001953125,-400000.0625
169.15957617759705,-400000.0625,-7948.919921875,-4639.580078125,-400000.0625,-16531.419921875,-400000.0625,-7272.33984375,-400000.0625
169.17056822776794,-400000.0625,-8008.52978515625,-4695.75,-400000.0625,-16583.869140625,-400000.0625,-7331.18017578125,-400000.0625
169.18216371536255,-400000.0625,-8026.93017578125,-4712.2001953125,-400000.0625,-16596.3203125,-400000.0625,-7346.06005859375,-400000.0625
169.18935894966125,-400000.0625,-7980.58984375,-4667.27978515625,-400000.0625,-16555.41015625,-400000.0625,-7298.419921875,-400000.0625
169.19684600830078,-400000.0625,-7929.22998046875,-4619.7900390625,-400000.0625,-16515.73046875,-400000.0625,-7253.02978515625,-400000.0625
169.20894312858582,-400000.0625,-7945.81982421875,-4636.56982421875,-400000.0625,-16529.560546875,-400000.0625,-7273.33984375,-400000.0625
169.22290086746216,-400000.0625,-8008.0498046875,-4693.31982421875,-400000.0625,-16578.060546875,-400000.0625,-7332.60986328125,-400000.0625
169.2340166568756,-400000.0625,-8027.02978515625,-4710.580078125,-400000.0625,-16595.029296875,-400000.0625,-7352.5400390625,-400000.0625
169.2554075717926,-400000.0625,-7984.259765625,-4668.759765625,-400000.0625,-16561.560546875,-400000.0625,-7307.240234375,-400000.0625
169.29622793197632,-400000.0625,-8031.89013671875,-4691.93994140625,-400000.0625,-16574.720703125,-400000.0625,-7347.2998046875,-400000.0625
169.34185147285461,-400000.0625,-8041.52978515625,-4698.93994140625,-400000.0625,-16591.55078125,-400000.0625,-7349.64013671875,-400000.0625
169.40107250213623,-400000.0625,-7974.72021484375,-4642.39013671875,-400000.0625,-16543.439453125,-400000.0625,-7291.41015625,-400000.0625
169.50153803825378,-400000.0625,-7930.22998046875,-4594.56005859375,-400000.0625,-16510.19921875,-400000.0625,-7249.39990234375,-400000.0625
169.54505348205566,-400000.0625,-7957.97998046875,-4618.83984375,-400000.0625,-16530.08984375,-400000.0625,-7270.85986328125,-400000.0625
169.6006932258606,-400000.0625,-8025.35986328125,-4684.39990234375,-400000.0625,-16583.490234375,-400000.0625,-7343.39013671875,-400000.0625
169.65494871139526,-400000.0625,-8025.83984375,-4685.35009765625,-400000.0625,-16582.25,-400000.0625,-7351.02001953125,-400000.0625
169.7211525440216,-400000.0625,-7966.9501953125,-4628.75,-400000.0625,-16539.099609375,-400000.0625,-7295.0400390625,-400000.0625
169.89601588249207,-400000.0625,-7947.490234375,-4603.2001953125,-400000.0625,-16527.849609375,-400000.0625,-7272.47998046875,-400000.0625
169.99129962921143,-400000.0625,-8022.06982421875,-4676.72021484375,-400000.0625,-16578.6796875,-400000.0625,-7343.6298828125,-400000.0625
170.04594159126282,-400000.0625,-7967.89990234375,-4623.7998046875,-400000.0625,-16539.76953125,-400000.0625,-7277.2001953125,-400000.0625
170.13067960739136,-400000.0625,-7912.2998046875,-4574.009765625,-400000.0625,-16499.7109375,-400000.0625,-7239.2900390625,-400000.0625
170.17073583602905,-400000.0625,-7945.97021484375,-4605.8701171875,-400000.0625,-16524.509765625,-400000.0625,-7259.93994140625,-400000.0625
170.2522246837616,-400000.0625,-8005.91015625,-4664.27978515625,-400000.0625,-16577.669921875,-400000.0625,-7315.919921875,-400000.0625
170.42346334457397,-400000.0625,-7890.27001953125,-4559.18017578125,-400000.0625,-16491.080078125,-400000.0625,-7233.9501953125,-400000.0625
170.49935054779053,-400000.0625,-7915.830078125,-4585.35986328125,-400000.0625,-16517.310546875,-400000.0625,-7257.7001953125,-400000.0625
170.63242745399475,-400000.0625,-7969.18994140625,-4646.490234375,-400000.0625,-16562.75,-400000.0625,-7323.7001953125,-400000.0625
170.69093322753906,-400000.0625,-7917.35986328125,-4595.60986328125,-400000.0625,-16522.26953125,-400000.0625,-7264.0400390625,-400000.0625
170.77341198921204,-400000.0625,-7873.68017578125,-4552.4599609375,-400000.0625,-16484.169921875,-400000.0625,-7225.22998046875,-400000.0625
170.97909212112427,-400000.0625,-7907.2001953125,-4589.75,-400000.0625,-16513.400390625,-400000.0625,-7265.66015625,-400000.0625
171.0011978149414,-400000.0625,-7901.52978515625,-4590.3701171875,-400000.0625,-16516.5390625,-400000.0625,-7267.14013671875,-400000.0625
171.06497049331665,-400000.0625,-7897.08984375,-4584.60009765625,-400000.0625,-16518.55078125,-400000.0625,-7262.7099609375,-400000.0625
171.13985991477966,-400000.0625,-7898.52001953125,-4583.97998046875,-400000.0625,-16516.970703125,-400000.0625,-7263.27978515625,-400000.0625
171.19507384300232,-400000.0625,-7959.89013671875,-4645.43994140625,-400000.0625,-16564.66015625,-400000.0625,-7321.64013671875,-400000.0625
171.25347232818604,-400000.0625,-7957.89013671875,-4644.35009765625,-400000.0625,-16559.560546875,-400000.0625,-7321.41015625,-400000.0625
171.35846495628357,-400000.0625,-7906.25,-4590.93994140625,-400000.0625,-16515.16015625,-400000.0625,-7267.08984375,-400000.0625
171.37456846237183,-400000.0625,-7871.43994140625,-4556.60986328125,-400000.0625,-16488.98046875,-400000.0625,-7231.52001953125,-400000.0625
171.38096714019775,-400000.0625,-7906.06005859375,-4588.89013671875,-400000.0625,-16513.16015625,-400000.0625,-7266.81005859375,-400000.0625
171.38646268844604,-400000.0625,-7960.83984375,-4640.77001953125,-400000.0625,-16559.599609375,-400000.0625,-7323.41015625,-400000.0625
171.39167952537537,-400000.0625,-7961.27001953125,-4640.52978515625,-400000.0625,-16562.080078125,-400000.0625,-7321.4501953125,-400000.0625
171.39864492416382,-400000.0625,-7902.580078125,-4587.22021484375,-400000.0625,-16514.2109375,-400000.0625,-7266.6201171875,-400000.0625
171.40679383277893,-400000.0625,-7869.52978515625,-4556.7001953125,-400000.0625,-16487.310546875,-400000.0625,-7228.0400390625,-400000.0625
171.41263365745544,-400000.0625,-7907.68017578125,-4591.47021484375,-400000.0625,-16517.830078125,-400000.0625,-7260.7998046875,-400000.0625
171.41916346549988,-400000.0625,-7960.18017578125,-4642.52978515625,-400000.0625,-16559.41015625,-400000.0625,-7317.830078125,-400000.0625
171.4254231452942,-400000.0625,-7963.3701171875,-4643.8701171875,-400000.0625,-16559.4609375,-400000.0625,-7317.4501953125,-400000.0625
171.43434596061707,-400000.0625,-7907.72998046875,-4590.0400390625,-400000.0625,-16515.0703125,-400000.0625,-7261.31982421875,-400000.0625
171.44074940681458,-400000.0625,-7869.2900390625,-4557.66015625,-400000.0625,-16492.080078125,-400000.0625,-7229.0400390625,-400000.0625
171.4473934173584,-400000.0625,-7908.72998046875,-4591.3701171875,-400000.0625,-16520.029296875,-400000.0625,-7264.47021484375,-400000.0625
171.45411109924316,-400000.0625,-7968.0498046875,-4644.35009765625,-400000.0625,-16565.08984375,-400000.0625,-7318.68994140625,-400000.0625
171.4593586921692,-400000.0625,-7962.89990234375,-4640.68017578125,-400000.0625,-16555.44921875,-400000.0625,-7316.8798828125,-400000.0625
171.47475934028625,-400000.0625,-7906.6298828125,-4589.7998046875,-400000.0625,-16514.640625,-400000.0625,-7263.759765625,-400000.0625
171.4808201789856,-400000.0625,-7870.9599609375,-4556.66015625,-400000.0625,-16492.23046875,-400000.0625,-7230.0,-400000.0625
171.48681569099426,-400000.0625,-7905.91015625,-4588.22021484375,-400000.0625,-16519.5,-400000.0625,-7263.08984375,-400000.0625
171.49211478233337,-400000.0625,-7959.93994140625,-4639.52978515625,-400000.0625,-16561.939453125,-400000.0625,-7314.97021484375,-400000.0625
171.50122904777527,-400000.0625,-7958.4599609375,-4639.72021484375,-400000.0625,-16557.26953125,-400000.0625,-7313.81982421875,-400000.0625
171.50920820236206,-400000.0625,-7910.81982421875,-4590.990234375,-400000.0625,-16515.689453125,-400000.0625,-7257.89013671875,-400000.0625
171.51567363739014,-400000.0625,-7872.06005859375,-4554.89013671875,-400000.0625,-16487.740234375,-400000.0625,-7223.27001953125,-400000.0625
171.5215241909027,-400000.0625,-7902.18994140625,-4586.89013671875,-400000.0625,-16508.630859375,-400000.0625,-7254.7001953125,-400000.0625
171.52788758277893,-400000.0625,-7959.080078125,-4640.91015625,-400000.0625,-16554.259765625,-400000.0625,-7313.8701171875,-400000.0625
171.53609156608582,-400000.0625,-7963.3701171875,-4645.2998046875,-400000.0625,-16567.900390625,-400000.0625,-7317.06982421875,-400000.0625
171.54320168495178,-400000.0625,-7902.72021484375,-4587.60009765625,-400000.0625,-16518.119140625,-400000.0625,-7261.18017578125,-400000.0625
171.5505509376526,-400000.0625,-7872.919921875,-4555.66015625,-400000.0625,-16489.220703125,-400000.0625,-7226.1298828125,-400000.0625
171.55744171142578,-400000.0625,-7908.68017578125,-4587.93994140625,-400000.0625,-16516.5390625,-400000.0625,-7263.3798828125,-400000.0625
171.56612634658813,-400000.0625,-7962.990234375,-4638.81982421875,-400000.0625,-16560.41015625,-400000.0625,-7321.5498046875,-400000.0625
171.57993388175964,-400000.0625,-7962.31982421875,-4639.91015625,-400000.0625,-16559.69921875,-400000.0625,-7318.35009765625,-400000.0625
171.58645343780518,-400000.0625,-7905.10009765625,-4588.22021484375,-400000.0625,-16514.880859375,-400000.0625,-7263.89990234375,-400000.0625
171.59223771095276,-400000.0625,-7870.77001953125,-4554.56005859375,-400000.0625,-16487.7890625,-400000.0625,-7227.52001953125,-400000.0625
171.60519909858704,-400000.0625,-7906.33984375,-4586.740234375,-400000.0625,-16509.9609375,-400000.0625,-7263.18017578125,-400000.0625
171.6125030517578,-400000.0625,-7958.990234375,-4637.33984375,-400000.0625,-16555.169921875,-400000.0625,-7314.58984375,-400000.0625
171.62050819396973,-400000.0625,-7956.41015625,-4636.91015625,-400000.0625,-16555.259765625,-400000.0625,-7314.97021484375,-400000.0625
171.62700486183167,-400000.0625,-7904.72021484375,-4585.83984375,-400000.0625,-16515.779296875,-400000.0625,-7262.66015625,-400000.0625
171.63636755943298,-400000.0625,-7869.47998046875,-4553.75,-400000.0625,-16485.310546875,-400000.0625,-7229.14013671875,-400000.0625
171.64660453796387,-400000.0625,-7907.2001953125,-4587.31982421875,-400000.0625,-16514.880859375,-400000.0625,-7259.66015625,-400000.0625
171.65247631072998,-400000.0625,-7965.47021484375,-4639.240234375,-400000.0625,-16559.939453125,-400000.0625,-7315.2998046875,-400000.0625
171.65887308120728,-400000.0625,-7962.85009765625,-4639.240234375,-400000.0625,-16558.3203125,-400000.0625,-7314.43994140625,-400000.0625
171.66840529441833,-400000.0625,-7907.919921875,-4589.83984375,-400000.0625,-16515.44921875,-400000.0625,-7262.52001953125,-400000.0625
171.6834897994995,-400000.0625,-7876.10986328125,-4556.47021484375,-400000.0625,-16485.169921875,-400000.0625,-7232.0,-400000.0625
171.6903133392334,-400000.0625,-7914.259765625,-4592.60986328125,-400000.0625,-16513.2109375,-400000.0625,-7266.47021484375,-400000.0625
171.69954347610474,-400000.0625,-7974.580078125,-4647.2099609375,-400000.0625,-16554.310546875,-400000.0625,-7322.31005859375,-400000.0625
171.70950841903687,-400000.0625,-7970.91015625,-4636.43017578125,-400000.0625,-16557.9296875,-400000.0625,-7324.93017578125,-400000.0625
171.7159743309021,-400000.0625,-7917.1201171875,-4584.97998046875,-400000.0625,-16518.44921875,-400000.0625,-7263.60986328125,-400000.0625
171.7251558303833,-400000.0625,-7895.56982421875,-4545.77978515625,-400000.0625,-16486.0703125,-400000.0625,-7223.89013671875,-400000.0625
171.73824524879456,-400000.0625,-7929.3701171875,-4581.5,-400000.0625,-16508.6796875,-400000.0625,-7259.7001953125,-400000.0625
171.747953414917,-400000.0625,-7994.22021484375,-4635.2900390625,-400000.0625,-16548.919921875,-400000.0625,-7321.8798828125,-400000.0625
171.75539827346802,-400000.0625,-7983.39990234375,-4643.5400390625,-400000.0625,-16548.16015625,-400000.0625,-7325.27001953125,-400000.0625
171.76232624053955,-400000.0625,-7942.39013671875,-4585.35986328125,-400000.0625,-16491.75,-400000.0625,-7269.0,-400000.0625
171.829820394516,-400000.0625,-7940.580078125,-4638.77001953125,-400000.0625,-16557.359375,-400000.0625,-7308.2001953125,-400000.0625
171.9623146057129,-400000.0625,-7870.43994140625,-4579.740234375,-400000.0625,-16513.869140625,-400000.0625,-7245.35009765625,-400000.0625
172.09098935127258,-400000.0625,-7834.9599609375,-4553.27001953125,-400000.0625,-16486.9296875,-400000.0625,-7208.06005859375,-400000.0625
172.16172122955322,-400000.0625,-7930.27978515625,-4641.14990234375,-400000.0625,-16571.759765625,-400000.0625,-7305.240234375,-400000.0625
172.21532320976257,-400000.0625,-7919.06982421875,-4631.22998046875,-400000.0625,-16559.890625,-400000.0625,-7296.60986328125,-400000.0625
172.2927851676941,-400000.0625,-7869.91015625,-4582.2099609375,-400000.0625,-16521.310546875,-400000.0625,-7235.81005859375,-400000.0625
172.34623527526855,-400000.0625,-7841.58984375,-4556.75,-400000.0625,-16493.75,-400000.0625,-7206.97021484375,-400000.0625
172.40725994110107,-400000.0625,-7884.5498046875,-4601.10009765625,-400000.0625,-16532.279296875,-400000.0625,-7257.75,-400000.0625
172.47090315818787,-400000.0625,-7922.080078125,-4633.18994140625,-400000.0625,-16560.890625,-400000.0625,-7294.89013671875,-400000.0625
172.54890489578247,-400000.0625,-7920.64990234375,-4634.91015625,-400000.0625,-16563.3203125,-400000.0625,-7301.669921875,-400000.0625
172.6033296585083,-400000.0625,-7857.85009765625,-4577.39990234375,-400000.0625,-16514.349609375,-400000.0625,-7232.43017578125,-400000.0625
172.68886923789978,-400000.0625,-7831.3798828125,-4552.35986328125,-400000.0625,-16495.419921875,-400000.0625,-7207.10986328125,-400000.0625
172.74346208572388,-400000.0625,-7875.35009765625,-4593.7998046875,-400000.0625,-16531.470703125,-400000.0625,-7245.16015625,-400000.0625
172.82238698005676,-400000.0625,-7928.08984375,-4645.2099609375,-400000.0625,-16568.94921875,-400000.0625,-7296.85009765625,-400000.0625
172.85368609428406,-400000.0625,-7923.7001953125,-4638.240234375,-400000.0625,-16562.130859375,-400000.0625,-7287.22021484375,-400000.0625
172.9285373687744,-400000.0625,-7840.06005859375,-4559.0400390625,-400000.0625,-16497.7109375,-400000.0625,-7205.06005859375,-400000.0625
172.99714136123657,-400000.0625,-7846.5498046875,-4560.56982421875,-400000.0625,-16499.94921875,-400000.0625,-7197.52001953125,-400000.0625
173.19381880760193,-400000.0625,-7866.669921875,-4586.83984375,-400000.0625,-16525.220703125,-400000.0625,-7237.240234375,-400000.0625
173.25222897529602,-400000.0625,-7866.240234375,-4584.22021484375,-400000.0625,-16525.369140625,-400000.0625,-7229.47021484375,-400000.0625
173.36873602867126,-400000.0625,-7894.89990234375,-4610.97021484375,-400000.0625,-16542.76953125,-400000.0625,-7260.419921875,-400000.0625
173.44426703453064,-400000.0625,-7945.8701171875,-4659.93994140625,-400000.0625,-16587.400390625,-400000.0625,-7313.68017578125,-400000.0625
173.49606895446777,-400000.0625,-7940.25,-4646.02001953125,-400000.0625,-16573.619140625,-400000.0625,-7296.31982421875,-400000.0625
173.57983541488647,-400000.0625,-8012.33984375,-4627.56005859375,-400000.0625,-16479.060546875,-400000.0625,-7289.89013671875,-400000.0625
173.64103078842163,-400000.0625,-8146.91015625,-4713.5400390625,-400000.0625,-16473.099609375,-400000.0625,-7358.83984375,-400000.0625
173.69489431381226,-400000.0625,-7996.1298828125,-4658.080078125,-400000.0625,-16521.55078125,-400000.0625,-7294.0400390625,-400000.0625
173.7511124610901,-400000.0625,-7988.8798828125,-4690.27001953125,-400000.0625,-16589.55078125,-400000.0625,-7314.06005859375,-400000.0625
173.82862424850464,-400000.0625,-7956.22021484375,-4664.52001953125,-400000.0625,-16568.619140625,-400000.0625,-7291.3701171875,-400000.0625
173.83582425117493,-400000.0625,-7894.759765625,-4609.2001953125,-400000.0625,-16517.58984375,-400000.0625,-7232.0,-400000.0625
173.84144568443298,-400000.0625,-7878.5400390625,-4589.18017578125,-400000.0625,-16504.0,-400000.0625,-7210.97021484375,-400000.0625
173.8478605747223,-400000.0625,-7924.64990234375,-4633.6201171875,-400000.0625,-16548.25,-400000.0625,-7257.83984375,-400000.0625
173.855455160141,-400000.0625,-7971.33984375,-4679.77978515625,-400000.0625,-16589.5,-400000.0625,-7307.580078125,-400000.0625
173.86891984939575,-400000.0625,-7953.5,-4664.7099609375,-400000.0625,-16571.48046875,-400000.0625,-7289.080078125,-400000.0625
173.87491273880005,-400000.0625,-7893.75,-4610.009765625,-400000.0625,-16523.3203125,-400000.0625,-7226.27978515625,-400000.0625
173.8815097808838,-400000.0625,-7878.5,-4593.7099609375,-400000.0625,-16510.19921875,-400000.0625,-7209.919921875,-400000.0625
173.88960099220276,-400000.0625,-7925.75,-4636.85986328125,-400000.0625,-16546.5390625,-400000.0625,-7256.60009765625,-400000.0625
173.8967957496643,-400000.0625,-7974.10009765625,-4680.58984375,-400000.0625,-16584.73046875,-400000.0625,-7304.52978515625,-400000.0625
173.90238666534424,-400000.0625,-7954.259765625,-4662.7099609375,-400000.0625,-16572.2890625,-400000.0625,-7290.7900390625,-400000.0625
173.90833258628845,-400000.0625,-7891.990234375,-4605.9599609375,-400000.0625,-16525.029296875,-400000.0625,-7235.72021484375,-400000.0625
173.918963432312,-400000.0625,-7875.8701171875,-4590.18017578125,-400000.0625,-16505.669921875,-400000.0625,-7217.8798828125,-400000.0625
173.9299600124359,-400000.0625,-7921.7001953125,-4632.0400390625,-400000.0625,-16543.6796875,-400000.0625,-7263.52001953125,-400000.0625
173.94028115272522,-400000.0625,-7967.89990234375,-4675.06005859375,-400000.0625,-16587.779296875,-400000.0625,-7311.25,-400000.0625
173.94731783866882,-400000.0625,-7948.8798828125,-4658.7900390625,-400000.0625,-16570.189453125,-400000.0625,-7293.75,-400000.0625
173.95720672607422,-400000.0625,-7893.52001953125,-4605.77001953125,-400000.0625,-16520.119140625,-400000.0625,-7233.91015625,-400000.0625
173.97313785552979,-400000.0625,-7873.8701171875,-4586.02978515625,-400000.0625,-16506.390625,-400000.0625,-7211.02001953125,-400000.0625
173.98378658294678,-400000.0625,-7921.02978515625,-4633.56982421875,-400000.0625,-16551.5390625,-400000.0625,-7261.52001953125,-400000.0625
173.99480199813843,-400000.0625,-7971.33984375,-4678.43994140625,-400000.0625,-16589.830078125,-400000.0625,-7307.85986328125,-400000.0625
174.00170159339905,-400000.0625,-7952.740234375,-4661.93994140625,-400000.0625,-16572.91015625,-400000.0625,-7289.97998046875,-400000.0625
174.00773978233337,-400000.0625,-7894.330078125,-4609.919921875,-400000.0625,-16522.5,-400000.0625,-7232.3798828125,-400000.0625
174.01485800743103,-400000.0625,-7877.77978515625,-4595.52001953125,-400000.0625,-16506.240234375,-400000.0625,-7214.1201171875,-400000.0625
174.02362060546875,-400000.0625,-7922.7900390625,-4636.240234375,-400000.0625,-16544.869140625,-400000.0625,-7262.56005859375,-400000.0625
174.03083109855652,-400000.0625,-7969.43017578125,-4680.72998046875,-400000.0625,-16581.8203125,-400000.0625,-7309.009765625,-400000.0625
174.03719782829285,-400000.0625,-7951.830078125,-4663.27978515625,-400000.0625,-16566.369140625,-400000.0625,-7288.41015625,-400000.0625
174.04251670837402,-400000.0625,-7891.60986328125,-4606.72021484375,-400000.0625,-16521.98046875,-400000.0625,-7228.14013671875,-400000.0625
174.0524308681488,-400000.0625,-7875.39990234375,-4593.47021484375,-400000.0625,-16509.009765625,-400000.0625,-7206.5400390625,-400000.0625
174.0602159500122,-400000.0625,-7922.509765625,-4636.33984375,-400000.0625,-16547.439453125,-400000.0625,-7257.7001953125,-400000.0625
174.07267999649048,-400000.0625,-7971.85986328125,-4680.6298828125,-400000.0625,-16584.01953125,-400000.0625,-7305.9599609375,-400000.0625
174.0796582698822,-400000.0625,-7950.31005859375,-4663.18017578125,-400000.0625,-16569.5703125,-400000.0625,-7290.7900390625,-400000.0625
174.08932089805603,-400000.0625,-7889.1298828125,-4605.39013671875,-400000.0625,-16521.740234375,-400000.0625,-7234.0498046875,-400000.0625
174.09560418128967,-400000.0625,-7871.91015625,-4588.56005859375,-400000.0625,-16505.669921875,-400000.0625,-7213.77978515625,-400000.0625
174.10145735740662,-400000.0625,-7916.4501953125,-4629.9501953125,-400000.0625,-16542.6796875,-400000.0625,-7260.0400390625,-400000.0625
174.1072382926941,-400000.0625,-7964.3701171875,-4675.52978515625,-400000.0625,-16581.490234375,-400000.0625,-7305.580078125,-400000.0625
174.1153688430786,-400000.0625,-7947.830078125,-4661.7001953125,-400000.0625,-16571.189453125,-400000.0625,-7287.22021484375,-400000.0625
174.12454652786255,-400000.0625,-7889.60986328125,-4606.2001953125,-400000.0625,-16520.599609375,-400000.0625,-7225.85009765625,-400000.0625
174.13155055046082,-400000.0625,-7872.81982421875,-4589.990234375,-400000.0625,-16507.150390625,-400000.0625,-7212.1201171875,-400000.0625
174.137553691864,-400000.0625,-7922.93994140625,-4637.52978515625,-400000.0625,-16551.2109375,-400000.0625,-7259.66015625,-400000.0625
174.14439034461975,-400000.0625,-7971.14013671875,-4682.259765625,-400000.0625,-16584.880859375,-400000.0625,-7305.43017578125,-400000.0625
174.15505933761597,-400000.0625,-7952.8798828125,-4664.18017578125,-400000.0625,-16572.240234375,-400000.0625,-7285.7900390625,-400000.0625
174.16136479377747,-400000.0625,-7895.08984375,-4610.2998046875,-400000.0625,-16530.7109375,-400000.0625,-7229.89990234375,-400000.0625
174.17329740524292,-400000.0625,-7874.2001953125,-4590.93994140625,-400000.0625,-16511.6796875,-400000.0625,-7212.2099609375,-400000.0625
174.1816041469574,-400000.0625,-7925.75,-4638.2001953125,-400000.0625,-16549.30078125,-400000.0625,-7258.60986328125,-400000.0625
174.19303274154663,-400000.0625,-7972.81005859375,-4681.10986328125,-400000.0625,-16587.830078125,-400000.0625,-7303.18994140625,-400000.0625
174.1997253894806,-400000.0625,-7951.68994140625,-4664.22998046875,-400000.0625,-16572.529296875,-400000.0625,-7288.64990234375,-400000.0625
174.20569443702698,-400000.0625,-7890.27001953125,-4606.919921875,-400000.0625,-16523.4609375,-400000.0625,-7232.6201171875,-400000.0625
174.2117521762848,-400000.0625,-7872.490234375,-4591.66015625,-400000.0625,-16512.919921875,-400000.0625,-7213.02001953125,-400000.0625
174.22061681747437,-400000.0625,-7925.419921875,-4638.2900390625,-400000.0625,-16554.44921875,-400000.0625,-7261.27978515625,-400000.0625
174.22759199142456,-400000.0625,-7971.91015625,-4679.919921875,-400000.0625,-16588.740234375,-400000.0625,-7309.77001953125,-400000.0625
174.23487496376038,-400000.0625,-7954.1201171875,-4664.3701171875,-400000.0625,-16575.48046875,-400000.0625,-7289.169921875,-400000.0625
174.24063730239868,-400000.0625,-7899.56982421875,-4612.77978515625,-400000.0625,-16530.609375,-400000.0625,-7230.27978515625,-400000.0625
174.24762892723083,-400000.0625,-7873.2998046875,-4589.22021484375,-400000.0625,-16507.099609375,-400000.0625,-7211.77978515625,-400000.0625
174.25658106803894,-400000.0625,-7920.35986328125,-4631.85009765625,-400000.0625,-16548.58984375,-400000.0625,-7257.7998046875,-400000.0625
174.263671875,-400000.0625,-7968.47021484375,-4678.43994140625,-400000.0625,-16590.44921875,-400000.0625,-7306.2001953125,-400000.0625
174.2986388206482,-400000.0625,-7877.4501953125,-4596.7099609375,-400000.0625,-16516.0703125,-400000.0625,-7209.35009765625,-400000.0625
174.33116030693054,-400000.0625,-7921.1201171875,-4640.06005859375,-400000.0625,-16555.83984375,-400000.0625,-7251.60009765625,-400000.0625
174.39558696746826,-400000.0625,-7966.47021484375,-4682.4501953125,-400000.0625,-16595.890625,-400000.0625,-7303.91015625,-400000.0625
174.45389699935913,-400000.0625,-7942.2001953125,-4663.08984375,-400000.0625,-16572.4296875,-400000.0625,-7277.10986328125,-400000.0625
174.52744722366333,-400000.0625,-7882.4501953125,-4611.77978515625,-400000.0625,-16530.130859375,-400000.0625,-7215.35986328125,-400000.0625
174.61461567878723,-400000.0625,-7880.02001953125,-4607.25,-400000.0625,-16526.80078125,-400000.0625,-7208.77978515625,-400000.0625
174.66609454154968,-400000.0625,-7928.08984375,-4658.64990234375,-400000.0625,-16563.80078125,-400000.0625,-7255.41015625,-400000.0625
174.71617555618286,-400000.0625,-7969.2900390625,-4691.27001953125,-400000.0625,-16595.69921875,-400000.0625,-7302.85986328125,-400000.0625
174.77353525161743,-400000.0625,-7949.4501953125,-4683.39990234375,-400000.0625,-16568.94921875,-400000.0625,-7272.669921875,-400000.0625
174.84863758087158,-400000.0625,-7885.89013671875,-4620.02978515625,-400000.0625,-16526.41015625,-400000.0625,-7217.31005859375,-400000.0625
174.96734261512756,-400000.0625,-7973.0,-4693.509765625,-400000.0625,-16593.4609375,-400000.0625,-7303.10009765625,-400000.0625
175.04591298103333,-400000.0625,-7981.39990234375,-4704.91015625,-400000.0625,-16596.26953125,-400000.0625,-7308.81982421875,-400000.0625
175.10034942626953,-400000.0625,-7948.02001953125,-4678.77001953125,-400000.0625,-16575.48046875,-400000.0625,-7276.06005859375,-400000.0625
175.1584873199463,-400000.0625,-7890.3701171875,-4626.22998046875,-400000.0625,-16527.080078125,-400000.0625,-7219.35986328125,-400000.0625
175.25279879570007,-400000.0625,-7933.81005859375,-4664.85009765625,-400000.0625,-16558.939453125,-400000.0625,-7260.93994140625,-400000.0625
175.30486392974854,-400000.0625,-7935.85986328125,-4662.85009765625,-400000.0625,-16557.55078125,-400000.0625,-7263.52001953125,-400000.0625
175.3997983932495,-400000.0625,-7982.10986328125,-4706.240234375,-400000.0625,-16596.75,-400000.0625,-7301.89990234375,-400000.0625
175.414457321167,-400000.0625,-7980.2998046875,-4713.14990234375,-400000.0625,-16591.599609375,-400000.0625,-7300.81005859375,-400000.0625
175.48920345306396,-400000.0625,-7900.240234375,-4639.81982421875,-400000.0625,-16526.130859375,-400000.0625,-7208.97021484375,-400000.0625
175.5491590499878,-400000.0625,-7894.330078125,-4632.66015625,-400000.0625,-16514.6796875,-400000.0625,-7204.9599609375,-400000.0625
175.60712432861328,-400000.0625,-7949.35009765625,-4685.31005859375,-400000.0625,-16569.94921875,-400000.0625,-7270.669921875,-400000.0625
175.67922568321228,-400000.0625,-7982.97021484375,-4716.2099609375,-400000.0625,-16592.55078125,-400000.0625,-7301.669921875,-400000.0625
175.76731276512146,-400000.0625,-7964.7998046875,-4704.14013671875,-400000.0625,-16575.91015625,-400000.0625,-7285.60009765625,-400000.0625
175.8951907157898,-400000.0625,-7897.22998046875,-4637.91015625,-400000.0625,-16517.779296875,-400000.0625,-7225.22998046875,-400000.0625
175.9478566646576,-400000.0625,-7948.490234375,-4683.5400390625,-400000.0625,-16558.509765625,-400000.0625,-7274.06005859375,-400000.0625
176.13624930381775,-400000.0625,-7910.35009765625,-4640.52978515625,-400000.0625,-16527.029296875,-400000.0625,-7231.85986328125,-400000.0625
176.18992280960083,-400000.0625,-7899.3798828125,-4634.7099609375,-400000.0625,-16516.880859375,-400000.0625,-7227.47021484375,-400000.0625
176.24585938453674,-400000.0625,-7949.72998046875,-4684.5400390625,-400000.0625,-16557.740234375,-400000.0625,-7277.39013671875,-400000.0625
176.31521892547607,-400000.0625,-7991.5498046875,-4720.8798828125,-400000.0625,-16590.0703125,-400000.0625,-7316.830078125,-400000.0625
176.32777643203735,-400000.0625,-7960.64990234375,-4693.56005859375,-400000.0625,-16562.69921875,-400000.0625,-7285.93017578125,-400000.0625
176.3360731601715,-400000.0625,-7910.5400390625,-4644.39013671875,-400000.0625,-16516.640625,-400000.0625,-7231.759765625,-400000.0625
176.34218287467957,-400000.0625,-7906.6298828125,-4639.2001953125,-400000.0625,-16511.390625,-400000.0625,-7228.66015625,-400000.0625
176.3512568473816,-400000.0625,-7953.259765625,-4685.830078125,-400000.0625,-16550.779296875,-400000.0625,-7279.5400390625,-400000.0625
176.3648271560669,-400000.0625,-7990.740234375,-4720.740234375,-400000.0625,-16586.259765625,-400000.0625,-7314.43994140625,-400000.0625
176.37143206596375,-400000.0625,-7960.31982421875,-4690.5498046875,-400000.0625,-16561.369140625,-400000.0625,-7285.93017578125,-400000.0625
176.3765890598297,-400000.0625,-7908.68017578125,-4641.2001953125,-400000.0625,-16512.58984375,-400000.0625,-7231.669921875,-400000.0625
176.38605976104736,-400000.0625,-7903.0498046875,-4637.10009765625,-400000.0625,-16512.349609375,-400000.0625,-7230.14013671875,-400000.0625
176.39428448677063,-400000.0625,-7958.1298828125,-4690.5,-400000.0625,-16558.26953125,-400000.0625,-7283.77978515625,-400000.0625
176.40193271636963,-400000.0625,-7996.75,-4727.4599609375,-400000.0625,-16590.220703125,-400000.0625,-7321.22021484375,-400000.0625
176.40740180015564,-400000.0625,-7963.0400390625,-4696.56005859375,-400000.0625,-16563.26953125,-400000.0625,-7290.41015625,-400000.0625
176.4147322177887,-400000.0625,-7906.2900390625,-4641.39013671875,-400000.0625,-16513.16015625,-400000.0625,-7233.18994140625,-400000.0625
176.4236080646515,-400000.0625,-7908.14990234375,-4638.81982421875,-400000.0625,-16504.33984375,-400000.0625,-7225.85009765625,-400000.0625
176.43067479133606,-400000.0625,-7961.56005859375,-4690.60009765625,-400000.0625,-16553.7890625,-400000.0625,-7282.06982421875,-400000.0625
176.43731307983398,-400000.0625,-7995.31982421875,-4721.68994140625,-400000.0625,-16586.349609375,-400000.0625,-7321.5498046875,-400000.0625
176.44309401512146,-400000.0625,-7964.89990234375,-4694.41015625,-400000.0625,-16562.1796875,-400000.0625,-7288.5498046875,-400000.0625
176.45581030845642,-400000.0625,-7908.68017578125,-4644.25,-400000.0625,-16513.869140625,-400000.0625,-7233.669921875,-400000.0625
176.4692850112915,-400000.0625,-7908.6298828125,-4641.33984375,-400000.0625,-16511.58984375,-400000.0625,-7231.18994140625,-400000.0625
176.47472405433655,-400000.0625,-7964.22998046875,-4693.080078125,-400000.0625,-16554.689453125,-400000.0625,-7287.60009765625,-400000.0625
176.48333644866943,-400000.0625,-7995.93994140625,-4723.8798828125,-400000.0625,-16580.970703125,-400000.0625,-7322.97998046875,-400000.0625
176.49084544181824,-400000.0625,-7963.52001953125,-4692.22021484375,-400000.0625,-16556.0703125,-400000.0625,-7286.5498046875,-400000.0625
176.49805307388306,-400000.0625,-7908.43994140625,-4640.6298828125,-400000.0625,-16508.30078125,-400000.0625,-7228.56982421875,-400000.0625
176.5064558982849,-400000.0625,-7905.10009765625,-4639.009765625,-400000.0625,-16513.919921875,-400000.0625,-7226.66015625,-400000.0625
176.5130319595337,-400000.0625,-7960.27001953125,-4692.080078125,-400000.0625,-16555.880859375,-400000.0625,-7278.81982421875,-400000.0625
176.52196335792542,-400000.0625,-7996.080078125,-4724.31005859375,-400000.0625,-16580.009765625,-400000.0625,-7315.5400390625,-400000.0625
176.53027629852295,-400000.0625,-7967.3798828125,-4694.27001953125,-400000.0625,-16559.080078125,-400000.0625,-7288.169921875,-400000.0625
176.53842401504517,-400000.0625,-7909.72998046875,-4642.52978515625,-400000.0625,-16516.970703125,-400000.0625,-7232.85986328125,-400000.0625
176.54573893547058,-400000.0625,-7908.06005859375,-4640.81982421875,-400000.0625,-16511.5390625,-400000.0625,-7232.7099609375,-400000.0625
176.55787253379822,-400000.0625,-7964.330078125,-4692.35986328125,-400000.0625,-16551.58984375,-400000.0625,-7285.169921875,-400000.0625
176.5736744403839,-400000.0625,-7998.1298828125,-4723.83984375,-400000.0625,-16582.779296875,-400000.0625,-7318.64013671875,-400000.0625
176.5830433368683,-400000.0625,-7963.89990234375,-4693.02978515625,-400000.0625,-16554.640625,-400000.0625,-7288.31005859375,-400000.0625
176.59267282485962,-400000.0625,-7909.10986328125,-4641.81982421875,-400000.0625,-16514.109375,-400000.0625,-7233.43017578125,-400000.0625
176.60110640525818,-400000.0625,-7906.81982421875,-4636.669921875,-400000.0625,-16512.970703125,-400000.0625,-7232.330078125,-400000.0625
176.6076054573059,-400000.0625,-7960.60986328125,-4688.5498046875,-400000.0625,-16555.169921875,-400000.0625,-7284.259765625,-400000.0625
176.61739873886108,-400000.0625,-7998.1298828125,-4724.35986328125,-400000.0625,-16585.880859375,-400000.0625,-7318.64013671875,-400000.0625
176.6260211467743,-400000.0625,-7964.7998046875,-4691.4599609375,-400000.0625,-16559.650390625,-400000.0625,-7290.41015625,-400000.0625
176.6360158920288,-400000.0625,-7908.39013671875,-4638.39013671875,-400000.0625,-16515.01953125,-400000.0625,-7229.7099609375,-400000.0625
176.6422357559204,-400000.0625,-7901.72021484375,-4636.52978515625,-400000.0625,-16510.580078125,-400000.0625,-7227.14013671875,-400000.0625
176.65191197395325,-400000.0625,-7963.47021484375,-4689.7900390625,-400000.0625,-16553.9296875,-400000.0625,-7283.259765625,-400000.0625
176.6612000465393,-400000.0625,-8000.7998046875,-4725.740234375,-400000.0625,-16584.919921875,-400000.0625,-7319.58984375,-400000.0625
176.67681074142456,-400000.0625,-7968.27978515625,-4695.85009765625,-400000.0625,-16559.130859375,-400000.0625,-7286.259765625,-400000.0625
176.69122767448425,-400000.0625,-7911.68017578125,-4642.68017578125,-400000.0625,-16509.439453125,-400000.0625,-7232.3798828125,-400000.0625
176.69961595535278,-400000.0625,-7908.77001953125,-4641.10009765625,-400000.0625,-16514.259765625,-400000.0625,-7231.52001953125,-400000.0625
176.70631861686707,-400000.0625,-7965.89990234375,-4694.509765625,-400000.0625,-16560.939453125,-400000.0625,-7285.41015625,-400000.0625
176.71314406394958,-400000.0625,-8001.47021484375,-4726.41015625,-400000.0625,-16586.779296875,-400000.0625,-7319.31005859375,-400000.0625
176.72258949279785,-400000.0625,-7964.330078125,-4694.31982421875,-400000.0625,-16557.080078125,-400000.0625,-7283.740234375,-400000.0625
176.7313437461853,-400000.0625,-7911.06005859375,-4641.8701171875,-400000.0625,-16514.01953125,-400000.0625,-7231.3798828125,-400000.0625
176.73850798606873,-400000.0625,-7914.72998046875,-4642.10986328125,-400000.0625,-16513.2109375,-400000.0625,-7230.6201171875,-400000.0625
176.7456591129303,-400000.0625,-7965.27978515625,-4692.27001953125,-400000.0625,-16553.98046875,-400000.0625,-7283.31005859375,-400000.0625
176.75593829154968,-400000.0625,-8006.9599609375,-4730.7001953125,-400000.0625,-16588.830078125,-400000.0625,-7320.1201171875,-400000.0625
176.7632975578308,-400000.0625,-7972.2900390625,-4699.89990234375,-400000.0625,-16558.26953125,-400000.0625,-7289.22021484375,-400000.0625
176.77629733085632,-400000.0625,-7916.02001953125,-4644.2001953125,-400000.0625,-16509.390625,-400000.0625,-7231.0498046875,-400000.0625
176.8663091659546,-400000.0625,-7922.31982421875,-4649.93017578125,-400000.0625,-16499.619140625,-400000.0625,-7234.759765625,-400000.0625
176.88877129554749,-400000.0625,-7967.6201171875,-4695.419921875,-400000.0625,-16545.490234375,-400000.0625,-7288.7900390625,-400000.0625
176.95109391212463,-400000.0625,-7985.64013671875,-4775.2900390625,-400000.0625,-16549.880859375,-400000.0625,-7221.83984375,-400000.0625
177.01632285118103,-400000.0625,-7981.02001953125,-4786.35009765625,-400000.0625,-16558.119140625,-400000.0625,-7213.31005859375,-400000.0625
177.09506368637085,-400000.0625,-7901.85986328125,-4682.490234375,-400000.0625,-16495.990234375,-400000.0625,-7185.56005859375,-400000.0625
177.17903757095337,-400000.0625,-7996.93994140625,-4736.7099609375,-400000.0625,-16577.390625,-400000.0625,-7308.2900390625,-400000.0625
177.23993968963623,-400000.0625,-7963.1298828125,-4702.43017578125,-400000.0625,-16549.2109375,-400000.0625,-7278.2001953125,-400000.0625
177.35119676589966,-400000.0625,-7963.60986328125,-4689.41015625,-400000.0625,-16545.060546875,-400000.0625,-7275.2001953125,-400000.0625
177.46234846115112,-400000.0625,-7913.2099609375,-4638.669921875,-400000.0625,-16501.0,-400000.0625,-7222.89013671875,-400000.0625
177.53970789909363,-400000.0625,-7969.56982421875,-4691.7900390625,-400000.0625,-16543.009765625,-400000.0625,-7279.58984375,-400000.0625
177.60607028007507,-400000.0625,-8006.91015625,-4729.509765625,-400000.0625,-16569.619140625,-400000.0625,-7307.85986328125,-400000.0625
177.66479015350342,-400000.0625,-7963.75,-4692.02978515625,-400000.0625,-16533.849609375,-400000.0625,-7275.14990234375,-400000.0625
177.81260776519775,-400000.0625,-7925.7001953125,-4647.97021484375,-400000.0625,-16499.140625,-400000.0625,-7229.85009765625,-400000.0625
178.0434765815735,-400000.0625,-7925.22998046875,-4639.43994140625,-400000.0625,-16490.26953125,-400000.0625,-7223.419921875,-400000.0625
178.1022229194641,-400000.0625,-7926.47021484375,-4639.10009765625,-400000.0625,-16492.560546875,-400000.0625,-7224.419921875,-400000.0625
178.1690638065338,-400000.0625,-7970.56982421875,-4681.72998046875,-400000.0625,-16535.380859375,-400000.0625,-7281.97021484375,-400000.0625
178.24545693397522,-400000.0625,-8009.6298828125,-4718.490234375,-400000.0625,-16558.599609375,-400000.0625,-7308.2900390625,-400000.0625
178.328360080719,-400000.0625,-7919.740234375,-4633.43017578125,-400000.0625,-16487.650390625,-400000.0625,-7216.8798828125,-400000.0625
178.36480045318604,-400000.0625,-7923.56005859375,-4636.2900390625,-400000.0625,-16488.650390625,-400000.0625,-7219.35986328125,-400000.0625
178.45380878448486,-400000.0625,-7928.1298828125,-4641.10009765625,-400000.0625,-16495.51953125,-400000.0625,-7225.1298828125,-400000.0625
178.48848867416382,-400000.0625,-7980.919921875,-4685.830078125,-400000.0625,-16539.099609375,-400000.0625,-7280.8798828125,-400000.0625
178.54994869232178,-400000.0625,-8003.08984375,-4710.14990234375,-400000.0625,-16560.029296875,-400000.0625,-7302.43017578125,-400000.0625
178.70731806755066,-400000.0625,-7919.5,-4622.41015625,-400000.0625,-16478.58984375,-400000.0625,-7218.080078125,-400000.0625
178.8059537410736,-400000.0625,-7989.5,-4685.64013671875,-400000.0625,-16535.900390625,-400000.0625,-7282.77978515625,-400000.0625
178.8139865398407,-400000.0625,-8010.580078125,-4708.240234375,-400000.0625,-16553.98046875,-400000.0625,-7305.47998046875,-400000.0625
178.83228373527527,-400000.0625,-7968.9501953125,-4667.0,-400000.0625,-16512.6796875,-400000.0625,-7262.7998046875,-400000.0625
178.8388237953186,-400000.0625,-7918.4501953125,-4618.83984375,-400000.0625,-16475.439453125,-400000.0625,-7211.2099609375,-400000.0625
178.8470423221588,-400000.0625,-7926.18017578125,-4627.08984375,-400000.0625,-16486.740234375,-400000.0625,-7221.4599609375,-400000.0625
178.85584998130798,-400000.0625,-7980.77978515625,-4679.58984375,-400000.0625,-16528.69921875,-400000.0625,-7280.259765625,-400000.0625
178.8637933731079,-400000.0625,-8003.47021484375,-4700.9501953125,-400000.0625,-16547.2109375,-400000.0625,-7301.3798828125,-400000.0625
178.8707263469696,-400000.0625,-7959.64990234375,-4657.22021484375,-400000.0625,-16511.009765625,-400000.0625,-7257.22021484375,-400000.0625
178.87774395942688,-400000.0625,-7908.81982421875,-4611.25,-400000.0625,-16469.099609375,-400000.0625,-7207.68017578125,-400000.0625
178.88749623298645,-400000.0625,-7925.22998046875,-4624.60986328125,-400000.0625,-16482.640625,-400000.0625,-7224.85009765625,-400000.0625
178.89652824401855,-400000.0625,-7985.06982421875,-4682.490234375,-400000.0625,-16533.419921875,-400000.0625,-7285.5498046875,-400000.0625
178.90321588516235,-400000.0625,-8003.18994140625,-4701.66015625,-400000.0625,-16548.830078125,-400000.0625,-7304.85986328125,-400000.0625
178.9092047214508,-400000.0625,-7959.64990234375,-4659.60986328125,-400000.0625,-16507.8203125,-400000.0625,-7258.080078125,-400000.0625
178.91834425926208,-400000.0625,-7914.259765625,-4615.58984375,-400000.0625,-16472.869140625,-400000.0625,-7209.2099609375,-400000.0625
178.93218350410461,-400000.0625,-7925.990234375,-4626.7001953125,-400000.0625,-16488.890625,-400000.0625,-7224.080078125,-400000.0625
178.93937492370605,-400000.0625,-7981.39990234375,-4676.91015625,-400000.0625,-16534.619140625,-400000.0625,-7281.16015625,-400000.0625
178.94798517227173,-400000.0625,-8001.08984375,-4695.080078125,-400000.0625,-16550.5,-400000.0625,-7301.0498046875,-400000.0625
178.9568920135498,-400000.0625,-7955.5498046875,-4654.5498046875,-400000.0625,-16510.25,-400000.0625,-7253.89013671875,-400000.0625
178.96363401412964,-400000.0625,-7908.8701171875,-4607.919921875,-400000.0625,-16471.439453125,-400000.0625,-7205.580078125,-400000.0625
178.96999430656433,-400000.0625,-7922.75,-4621.83984375,-400000.0625,-16483.830078125,-400000.0625,-7217.35986328125,-400000.0625
178.97667789459229,-400000.0625,-7979.25,-4678.2001953125,-400000.0625,-16531.470703125,-400000.0625,-7277.06005859375,-400000.0625
178.98611998558044,-400000.0625,-8004.0,-4700.85009765625,-400000.0625,-16549.30078125,-400000.0625,-7300.9501953125,-400000.0625
178.99365758895874,-400000.0625,-7957.080078125,-4658.02978515625,-400000.0625,-16507.720703125,-400000.0625,-7256.22021484375,-400000.0625
179.0008087158203,-400000.0625,-7905.72021484375,-4611.58984375,-400000.0625,-16470.76953125,-400000.0625,-7206.35009765625,-400000.0625
179.00772404670715,-400000.0625,-7921.1201171875,-4625.080078125,-400000.0625,-16485.7890625,-400000.0625,-7218.31005859375,-400000.0625
179.01533770561218,-400000.0625,-7977.580078125,-4676.06005859375,-400000.0625,-16528.1796875,-400000.0625,-7276.14990234375,-400000.0625
179.02615666389465,-400000.0625,-7999.0400390625,-4697.18017578125,-400000.0625,-16548.970703125,-400000.0625,-7297.56005859375,-400000.0625
179.0419225692749,-400000.0625,-7954.41015625,-4654.5,-400000.0625,-16515.58984375,-400000.0625,-7253.97998046875,-400000.0625
179.05200052261353,-400000.0625,-7906.33984375,-4607.2001953125,-400000.0625,-16475.25,-400000.0625,-7203.91015625,-400000.0625
179.06002688407898,-400000.0625,-7920.169921875,-4620.1201171875,-400000.0625,-16482.689453125,-400000.0625,-7218.1201171875,-400000.0625
179.06768155097961,-400000.0625,-7978.9599609375,-4677.9599609375,-400000.0625,-16526.4609375,-400000.0625,-7272.39013671875,-400000.0625
179.07342886924744,-400000.0625,-8001.330078125,-4699.990234375,-400000.0625,-16545.009765625,-400000.0625,-7293.3701171875,-400000.0625
179.08008527755737,-400000.0625,-7953.02001953125,-4655.7900390625,-400000.0625,-16506.19921875,-400000.0625,-7249.31005859375,-400000.0625
179.08874011039734,-400000.0625,-7909.10986328125,-4610.97021484375,-400000.0625,-16467.859375,-400000.0625,-7199.9599609375,-400000.0625
179.09522438049316,-400000.0625,-7929.0400390625,-4622.7001953125,-400000.0625,-16483.58984375,-400000.0625,-7213.39990234375,-400000.0625
179.10129261016846,-400000.0625,-7995.18017578125,-4680.58984375,-400000.0625,-16536.2890625,-400000.0625,-7271.9599609375,-400000.0625
179.10688519477844,-400000.0625,-8020.39990234375,-4702.52001953125,-400000.0625,-16552.740234375,-400000.0625,-7295.1298828125,-400000.0625
179.11354804039001,-400000.0625,-7972.9599609375,-4660.419921875,-400000.0625,-16507.33984375,-400000.0625,-7245.8798828125,-400000.0625
179.12258553504944,-400000.0625,-7917.2099609375,-4615.02001953125,-400000.0625,-16465.759765625,-400000.0625,-7204.39013671875,-400000.0625
179.13080143928528,-400000.0625,-7952.06982421875,-4625.22998046875,-400000.0625,-16479.44921875,-400000.0625,-7224.60986328125,-400000.0625
179.1441788673401,-400000.0625,-8017.25,-4674.85986328125,-400000.0625,-16526.75,-400000.0625,-7271.6201171875,-400000.0625
179.1523985862732,-400000.0625,-8047.68017578125,-4701.419921875,-400000.0625,-16540.099609375,-400000.0625,-7294.509765625,-400000.0625
179.1611773967743,-400000.0625,-7992.1298828125,-4662.08984375,-400000.0625,-16501.380859375,-400000.0625,-7252.7900390625,-400000.0625
179.16839599609375,-400000.0625,-7975.580078125,-4598.669921875,-400000.0625,-16455.369140625,-400000.0625,-7198.6201171875,-400000.0625
179.17630887031555,-400000.0625,-7998.89990234375,-4629.419921875,-400000.0625,-16460.990234375,-400000.0625,-7218.22021484375,-400000.0625
179.1854910850525,-400000.0625,-8068.7099609375,-4694.7998046875,-400000.0625,-16504.48046875,-400000.0625,-7295.56005859375,-400000.0625
179.19303035736084,-400000.0625,-8090.68994140625,-4704.2900390625,-400000.0625,-16519.7890625,-400000.0625,-7325.22021484375,-400000.0625
179.19977378845215,-400000.0625,-8038.9501953125,-4694.64990234375,-400000.0625,-16473.580078125,-400000.0625,-7300.81005859375,-400000.0625
179.2056736946106,-400000.0625,-8013.2998046875,-4658.83984375,-400000.0625,-16428.810546875,-400000.0625,-7262.08984375,-400000.0625
179.21165919303894,-400000.0625,-8066.7998046875,-4676.14990234375,-400000.0625,-16424.369140625,-400000.0625,-7280.10986328125,-400000.0625
179.22203588485718,-400000.0625,-8154.490234375,-4746.2900390625,-400000.0625,-16452.650390625,-400000.0625,-7360.509765625,-400000.0625
179.2296597957611,-400000.0625,-8235.7900390625,-4792.06982421875,-400000.0625,-16448.830078125,-400000.0625,-7413.10009765625,-400000.0625
179.23686981201172,-400000.0625,-8246.0400390625,-4771.08984375,-400000.0625,-16391.66015625,-400000.0625,-7388.77978515625,-400000.0625
179.2514932155609,-400000.0625,-8242.7998046875,-4743.85986328125,-400000.0625,-16345.169921875,-400000.0625,-7353.5498046875,-400000.0625
179.26006627082825,-400000.0625,-8284.51953125,-4766.89013671875,-400000.0625,-16346.8896484375,-400000.0625,-7381.72998046875,-400000.0625
179.27051377296448,-400000.0625,-8360.3896484375,-4827.830078125,-400000.0625,-16384.41015625,-400000.0625,-7440.759765625,-400000.0625
179.27886295318604,-400000.0625,-8394.6201171875,-4849.009765625,-400000.0625,-16403.390625,-400000.0625,-7464.35986328125,-400000.0625
179.3186583518982,-400000.0625,-7922.509765625,-4625.18017578125,-400000.0625,-16479.830078125,-400000.0625,-7205.52978515625,-400000.0625
179.38859033584595,-400000.0625,-7928.60986328125,-4633.81005859375,-400000.0625,-16491.220703125,-400000.0625,-7214.35986328125,-400000.0625
179.4560787677765,-400000.0625,-8013.009765625,-4714.2998046875,-400000.0625,-16556.7890625,-400000.0625,-7297.7099609375,-400000.0625
179.5796856880188,-400000.0625,-7958.64990234375,-4663.3701171875,-400000.0625,-16514.259765625,-400000.0625,-7248.02001953125,-400000.0625
179.73247265815735,-400000.0625,-7944.39013671875,-4641.25,-400000.0625,-16500.0,-400000.0625,-7221.990234375,-400000.0625
179.8323175907135,-400000.0625,-8002.7099609375,-4712.9599609375,-400000.0625,-16557.650390625,-400000.0625,-7286.02001953125,-400000.0625
179.9623155593872,-400000.0625,-7928.7998046875,-4645.2099609375,-400000.0625,-16501.0,-400000.0625,-7216.169921875,-400000.0625
180.0222294330597,-400000.0625,-7922.22021484375,-4633.43017578125,-400000.0625,-16503.2890625,-400000.0625,-7224.509765625,-400000.0625
180.09723377227783,-400000.0625,-7986.64013671875,-4690.60009765625,-400000.0625,-16554.2109375,-400000.0625,-7284.740234375,-400000.0625
180.1796896457672,-400000.0625,-7997.60986328125,-4704.0,-400000.0625,-16568.849609375,-400000.0625,-7293.75,-400000.0625
180.22912311553955,-400000.0625,-7936.9599609375,-4649.93017578125,-400000.0625,-16524.4609375,-400000.0625,-7242.6298828125,-400000.0625
180.36976623535156,-400000.0625,-7920.93017578125,-4637.33984375,-400000.0625,-16509.33984375,-400000.0625,-7213.8798828125,-400000.0625
180.47801852226257,-400000.0625,-7984.10986328125,-4696.1298828125,-400000.0625,-16563.80078125,-400000.0625,-7282.68994140625,-400000.0625
180.55717372894287,-400000.0625,-7935.3798828125,-4643.35009765625,-400000.0625,-16526.890625,-400000.0625,-7241.8701171875,-400000.0625
180.61402702331543,-400000.0625,-7880.740234375,-4593.9501953125,-400000.0625,-16485.0703125,-400000.0625,-7190.56005859375,-400000.0625
180.66990637779236,-400000.0625,-7914.830078125,-4629.419921875,-400000.0625,-16523.3203125,-400000.0625,-7228.22998046875,-400000.0625
180.74495339393616,-400000.0625,-7977.2001953125,-4691.89013671875,-400000.0625,-16568.23046875,-400000.0625,-7291.22021484375,-400000.0625
180.85502314567566,-400000.0625,-7890.75,-4609.68017578125,-400000.0625,-16489.83984375,-400000.0625,-7197.240234375,-400000.0625
180.92488050460815,-400000.0625,-7892.7998046875,-4611.39990234375,-400000.0625,-16500.140625,-400000.0625,-7197.9501953125,-400000.0625
181.00981044769287,-400000.0625,-7916.7900390625,-4637.47998046875,-400000.0625,-16523.41015625,-400000.0625,-7226.990234375,-400000.0625
181.06244134902954,-400000.0625,-7976.580078125,-4693.27001953125,-400000.0625,-16573.140625,-400000.0625,-7286.83984375,-400000.0625
181.11359930038452,-400000.0625,-7925.22998046875,-4646.02001953125,-400000.0625,-16530.23046875,-400000.0625,-7235.72021484375,-400000.0625
181.19475674629211,-400000.0625,-7928.56005859375,-4650.31005859375,-400000.0625,-16529.990234375,-400000.0625,-7241.2001953125,-400000.0625
181.2834165096283,-400000.0625,-7894.7998046875,-4617.7900390625,-400000.0625,-16502.720703125,-400000.0625,-7210.72998046875,-400000.0625
181.2986035346985,-400000.0625,-7924.509765625,-4648.8798828125,-400000.0625,-16529.80078125,-400000.0625,-7245.16015625,-400000.0625
181.3059480190277,-400000.0625,-7979.39013671875,-4701.27978515625,-400000.0625,-16574.05078125,-400000.0625,-7300.89990234375,-400000.0625
181.31174087524414,-400000.0625,-7978.06005859375,-4699.7998046875,-400000.0625,-16569.7109375,-400000.0625,-7300.85009765625,-400000.0625
181.3211419582367,-400000.0625,-7929.56005859375,-4650.64013671875,-400000.0625,-16525.69921875,-400000.0625,-7246.5,-400000.0625
181.32759165763855,-400000.0625,-7894.66015625,-4619.169921875,-400000.0625,-16499.619140625,-400000.0625,-7215.68994140625,-400000.0625
181.33468008041382,-400000.0625,-7926.89013671875,-4647.919921875,-400000.0625,-16524.83984375,-400000.0625,-7246.06982421875,-400000.0625
181.34030079841614,-400000.0625,-7984.35009765625,-4702.52001953125,-400000.0625,-16572.859375,-400000.0625,-7302.669921875,-400000.0625
181.34766507148743,-400000.0625,-7986.06982421875,-4703.81005859375,-400000.0625,-16573.189453125,-400000.0625,-7306.43017578125,-400000.0625
181.35562682151794,-400000.0625,-7930.85009765625,-4650.31005859375,-400000.0625,-16528.80078125,-400000.0625,-7249.7900390625,-400000.0625
181.3619465827942,-400000.0625,-7893.93994140625,-4617.41015625,-400000.0625,-16499.330078125,-400000.0625,-7213.64013671875,-400000.0625
181.36917877197266,-400000.0625,-7926.47021484375,-4649.259765625,-400000.0625,-16524.560546875,-400000.0625,-7248.06982421875,-400000.0625
181.37496137619019,-400000.0625,-7983.64013671875,-4701.85009765625,-400000.0625,-16571.330078125,-400000.0625,-7303.18994140625,-400000.0625
181.38154911994934,-400000.0625,-7985.5498046875,-4703.6201171875,-400000.0625,-16575.2890625,-400000.0625,-7307.9599609375,-400000.0625
181.38983511924744,-400000.0625,-7929.759765625,-4650.259765625,-400000.0625,-16529.1796875,-400000.0625,-7249.64013671875,-400000.0625
181.40285348892212,-400000.0625,-7895.14013671875,-4619.06982421875,-400000.0625,-16501.08984375,-400000.0625,-7216.41015625,-400000.0625
181.40879797935486,-400000.0625,-7928.419921875,-4652.31005859375,-400000.0625,-16527.939453125,-400000.0625,-7253.83984375,-400000.0625
181.41946482658386,-400000.0625,-7985.2099609375,-4701.3798828125,-400000.0625,-16571.5703125,-400000.0625,-7307.14990234375,-400000.0625
181.42937445640564,-400000.0625,-7985.06982421875,-4703.81005859375,-400000.0625,-16578.8203125,-400000.0625,-7306.72021484375,-400000.0625
181.43665266036987,-400000.0625,-7931.18994140625,-4654.68994140625,-400000.0625,-16534.189453125,-400000.0625,-7248.68994140625,-400000.0625
181.4423475265503,-400000.0625,-7897.3798828125,-4621.7001953125,-400000.0625,-16505.150390625,-400000.0625,-7212.58984375,-400000.0625
181.45069336891174,-400000.0625,-7932.14013671875,-4654.02978515625,-400000.0625,-16534.0,-400000.0625,-7247.2099609375,-400000.0625
181.45829129219055,-400000.0625,-7982.58984375,-4705.0498046875,-400000.0625,-16571.5703125,-400000.0625,-7302.759765625,-400000.0625
181.46577548980713,-400000.0625,-7985.68994140625,-4708.240234375,-400000.0625,-16572.05078125,-400000.0625,-7304.72021484375,-400000.0625
181.4718463420868,-400000.0625,-7932.330078125,-4656.89013671875,-400000.0625,-16532.0390625,-400000.0625,-7250.41015625,-400000.0625
181.47782969474792,-400000.0625,-7896.6201171875,-4622.7001953125,-400000.0625,-16502.099609375,-400000.0625,-7214.830078125,-400000.0625
181.4870481491089,-400000.0625,-7923.89013671875,-4650.4501953125,-400000.0625,-16532.849609375,-400000.0625,-7246.2998046875,-400000.0625
181.49379301071167,-400000.0625,-7981.58984375,-4706.6201171875,-400000.0625,-16577.76953125,-400000.0625,-7302.9501953125,-400000.0625
181.5072832107544,-400000.0625,-7986.77978515625,-4708.10009765625,-400000.0625,-16578.390625,-400000.0625,-7303.6201171875,-400000.0625
181.51838994026184,-400000.0625,-7927.990234375,-4654.4599609375,-400000.0625,-16529.0390625,-400000.0625,-7248.2099609375,-400000.0625
181.52714037895203,-400000.0625,-7895.759765625,-4623.93994140625,-400000.0625,-16499.330078125,-400000.0625,-7214.39990234375,-400000.0625
181.53351402282715,-400000.0625,-7934.91015625,-4656.97998046875,-400000.0625,-16528.560546875,-400000.0625,-7248.58984375,-400000.0625
181.54007196426392,-400000.0625,-7991.27001953125,-4710.8701171875,-400000.0625,-16573.2890625,-400000.0625,-7304.240234375,-400000.0625
181.54739928245544,-400000.0625,-7992.75,-4713.14990234375,-400000.0625,-16578.150390625,-400000.0625,-7303.0,-400000.0625
181.55623531341553,-400000.0625,-7931.759765625,-4655.31005859375,-400000.0625,-16532.380859375,-400000.0625,-7248.5,-400000.0625
181.5641267299652,-400000.0625,-7893.27978515625,-4617.8798828125,-400000.0625,-16498.849609375,-400000.0625,-7209.77978515625,-400000.0625
181.5712387561798,-400000.0625,-7928.3701171875,-4653.02978515625,-400000.0625,-16529.66015625,-400000.0625,-7246.35009765625,-400000.0625
181.57853364944458,-400000.0625,-7981.919921875,-4703.330078125,-400000.0625,-16575.0,-400000.0625,-7303.91015625,-400000.0625
181.58942008018494,-400000.0625,-7977.14990234375,-4700.89990234375,-400000.0625,-16573.0,-400000.0625,-7304.9599609375,-400000.0625
181.59666395187378,-400000.0625,-7930.330078125,-4651.740234375,-400000.0625,-16527.75,-400000.0625,-7249.1201171875,-400000.0625
181.60897159576416,-400000.0625,-7896.3798828125,-4618.4501953125,-400000.0625,-16500.51953125,-400000.0625,-7212.02001953125,-400000.0625
181.61733627319336,-400000.0625,-7925.31982421875,-4648.35009765625,-400000.0625,-16527.939453125,-400000.0625,-7248.06982421875,-400000.0625
181.6257894039154,-400000.0625,-7985.35009765625,-4705.6201171875,-400000.0625,-16574.05078125,-400000.0625,-7306.85986328125,-400000.0625
181.63251280784607,-400000.0625,-7986.5498046875,-4705.56982421875,-400000.0625,-16573.759765625,-400000.0625,-7305.6201171875,-400000.0625
181.6386137008667,-400000.0625,-7925.3701171875,-4651.35986328125,-400000.0625,-16528.890625,-400000.0625,-7250.02001953125,-400000.0625
181.64681792259216,-400000.0625,-7889.83984375,-4619.7900390625,-400000.0625,-16501.669921875,-400000.0625,-7213.16015625,-400000.0625
181.65719437599182,-400000.0625,-7925.93994140625,-4652.5498046875,-400000.0625,-16527.369140625,-400000.0625,-7244.02001953125,-400000.0625
181.66476035118103,-400000.0625,-7982.35009765625,-4704.85986328125,-400000.0625,-16574.580078125,-400000.0625,-7301.0,-400000.0625
181.67154502868652,-400000.0625,-7979.97021484375,-4703.08984375,-400000.0625,-16573.759765625,-400000.0625,-7303.47998046875,-400000.0625
181.67869663238525,-400000.0625,-7928.08984375,-4651.5,-400000.0625,-16531.759765625,-400000.0625,-7248.259765625,-400000.0625
181.68904447555542,-400000.0625,-7898.330078125,-4622.75,-400000.0625,-16502.720703125,-400000.0625,-7216.06982421875,-400000.0625
181.69725155830383,-400000.0625,-7929.66015625,-4654.4599609375,-400000.0625,-16530.849609375,-400000.0625,-7252.02978515625,-400000.0625
181.7090609073639,-400000.0625,-7985.5498046875,-4706.81005859375,-400000.0625,-16576.48046875,-400000.0625,-7309.14990234375,-400000.0625
181.71710872650146,-400000.0625,-7988.8798828125,-4709.43994140625,-400000.0625,-16578.150390625,-400000.0625,-7307.81982421875,-400000.0625
181.72563576698303,-400000.0625,-7931.08984375,-4655.02978515625,-400000.0625,-16533.0390625,-400000.0625,-7250.259765625,-400000.0625
181.73315286636353,-400000.0625,-7892.18017578125,-4620.7900390625,-400000.0625,-16499.66015625,-400000.0625,-7212.4501953125,-400000.0625
181.74130821228027,-400000.0625,-7926.75,-4652.64013671875,-400000.0625,-16525.890625,-400000.0625,-7245.8798828125,-400000.0625
181.75109887123108,-400000.0625,-7983.77978515625,-4706.47998046875,-400000.0625,-16580.060546875,-400000.0625,-7302.0,-400000.0625
181.76017689704895,-400000.0625,-7985.1201171875,-4708.240234375,-400000.0625,-16581.19921875,-400000.0625,-7301.3798828125,-400000.0625
181.7668948173523,-400000.0625,-7931.14013671875,-4658.080078125,-400000.0625,-16534.900390625,-400000.0625,-7245.10986328125,-400000.0625
181.77427506446838,-400000.0625,-7895.18017578125,-4626.22998046875,-400000.0625,-16505.099609375,-400000.0625,-7215.7900390625,-400000.0625
181.89114046096802,-400000.0625,-7920.93017578125,-4661.419921875,-400000.0625,-16528.69921875,-400000.0625,-7248.39990234375,-400000.0625
181.94548153877258,-400000.0625,-7927.60986328125,-4671.0498046875,-400000.0625,-16535.140625,-400000.0625,-7262.419921875,-400000.0625
182.02294754981995,-400000.0625,-7978.14990234375,-4718.16015625,-400000.0625,-16576.240234375,-400000.0625,-7313.43994140625,-400000.0625
182.07730174064636,-400000.0625,-7984.10986328125,-4725.97998046875,-400000.0625,-16585.73046875,-400000.0625,-7314.5400390625,-400000.0625
182.14354634284973,-400000.0625,-7915.4501953125,-4656.509765625,-400000.0625,-16531.140625,-400000.0625,-7253.64990234375,-400000.0625
182.20099210739136,-400000.0625,-7883.8798828125,-4629.3701171875,-400000.0625,-16508.490234375,-400000.0625,-7218.4599609375,-400000.0625
182.2955460548401,-400000.0625,-7930.18017578125,-4667.47021484375,-400000.0625,-16530.80078125,-400000.0625,-7262.08984375,-400000.0625
182.38134217262268,-400000.0625,-7984.35009765625,-4732.31982421875,-400000.0625,-16585.16015625,-400000.0625,-7301.47021484375,-400000.0625
182.46153497695923,-400000.0625,-7896.330078125,-4651.31005859375,-400000.0625,-16509.19921875,-400000.0625,-7210.58984375,-400000.0625
182.52094078063965,-400000.0625,-7894.47021484375,-4645.2998046875,-400000.0625,-16507.91015625,-400000.0625,-7205.8701171875,-400000.0625
182.5951910018921,-400000.0625,-7944.009765625,-4691.169921875,-400000.0625,-16542.720703125,-400000.0625,-7253.02978515625,-400000.0625
182.75158882141113,-400000.0625,-7931.08984375,-4668.08984375,-400000.0625,-16518.259765625,-400000.0625,-7252.7900390625,-400000.0625
182.77912855148315,-400000.0625,-7932.6201171875,-4668.81005859375,-400000.0625,-16522.599609375,-400000.0625,-7250.740234375,-400000.0625
182.85261154174805,-400000.0625,-7904.009765625,-4636.47998046875,-400000.0625,-16500.669921875,-400000.0625,-7218.7001953125,-400000.0625
182.9326753616333,-400000.0625,-7963.85009765625,-4686.4501953125,-400000.0625,-16542.720703125,-400000.0625,-7270.33984375,-400000.0625
182.97148323059082,-400000.0625,-7987.02001953125,-4712.33984375,-400000.0625,-16563.990234375,-400000.0625,-7309.43994140625,-400000.0625
183.0492238998413,-400000.0625,-7989.5498046875,-4712.77001953125,-400000.0625,-16561.080078125,-400000.0625,-7308.8701171875,-400000.0625
183.16184306144714,-400000.0625,-7962.27978515625,-4684.93017578125,-400000.0625,-16529.3203125,-400000.0625,-7278.009765625,-400000.0625
183.22353744506836,-400000.0625,-7966.7099609375,-4689.7900390625,-400000.0625,-16531.0390625,-400000.0625,-7275.68017578125,-400000.0625
183.3014533519745,-400000.0625,-8009.33984375,-4733.419921875,-400000.0625,-16565.1796875,-400000.0625,-7321.83984375,-400000.0625
183.35133695602417,-400000.0625,-8000.08984375,-4721.97998046875,-400000.0625,-16554.689453125,-400000.0625,-7308.39013671875,-400000.0625
183.49467396736145,-400000.0625,-7923.169921875,-4650.39990234375,-400000.0625,-16494.7109375,-400000.0625,-7226.60986328125,-400000.0625
183.5698275566101,-400000.0625,-7970.759765625,-4697.85009765625,-400000.0625,-16524.130859375,-400000.0625,-7284.39990234375,-400000.0625
183.607360124588,-400000.0625,-8021.4501953125,-4739.52001953125,-400000.0625,-16565.130859375,-400000.0625,-7329.990234375,-400000.0625
183.67301106452942,-400000.0625,-8005.330078125,-4725.080078125,-400000.0625,-16548.779296875,-400000.0625,-7309.6298828125,-400000.0625
183.80085587501526,-400000.0625,-7921.64990234375,-4655.080078125,-400000.0625,-16481.970703125,-400000.0625,-7226.56005859375,-400000.0625
183.8119924068451,-400000.0625,-7974.580078125,-4704.669921875,-400000.0625,-16530.1796875,-400000.0625,-7276.81982421875,-400000.0625
183.8197362422943,-400000.0625,-8019.2099609375,-4745.9599609375,-400000.0625,-16563.26953125,-400000.0625,-7322.8798828125,-400000.0625
183.8282871246338,-400000.0625,-7998.419921875,-4722.68994140625,-400000.0625,-16542.009765625,-400000.0625,-7303.6201171875,-400000.0625
183.83534932136536,-400000.0625,-7936.759765625,-4667.14013671875,-400000.0625,-16495.419921875,-400000.0625,-7246.39990234375,-400000.0625
183.8411684036255,-400000.0625,-7922.22021484375,-4653.83984375,-400000.0625,-16481.44921875,-400000.0625,-7231.08984375,-400000.0625
183.84853768348694,-400000.0625,-7969.56982421875,-4698.56005859375,-400000.0625,-16519.830078125,-400000.0625,-7275.77001953125,-400000.0625
183.85573768615723,-400000.0625,-8016.5400390625,-4745.2001953125,-400000.0625,-16557.26953125,-400000.0625,-7322.35986328125,-400000.0625
183.86186170578003,-400000.0625,-7996.0400390625,-4725.02978515625,-400000.0625,-16541.19921875,-400000.0625,-7304.18994140625,-400000.0625
183.8682417869568,-400000.0625,-7937.9599609375,-4667.22998046875,-400000.0625,-16491.220703125,-400000.0625,-7247.4501953125,-400000.0625
183.87384700775146,-400000.0625,-7923.41015625,-4652.830078125,-400000.0625,-16484.0703125,-400000.0625,-7230.3798828125,-400000.0625
183.87987756729126,-400000.0625,-7967.85009765625,-4695.509765625,-400000.0625,-16518.7890625,-400000.0625,-7281.4501953125,-400000.0625
183.88958597183228,-400000.0625,-8015.72998046875,-4739.52001953125,-400000.0625,-16556.41015625,-400000.0625,-7327.509765625,-400000.0625
183.89654970169067,-400000.0625,-7995.18017578125,-4721.169921875,-400000.0625,-16540.48046875,-400000.0625,-7305.18994140625,-400000.0625
183.90319633483887,-400000.0625,-7935.9501953125,-4665.419921875,-400000.0625,-16490.080078125,-400000.0625,-7246.4501953125,-400000.0625
183.9172179698944,-400000.0625,-7924.990234375,-4656.509765625,-400000.0625,-16482.880859375,-400000.0625,-7229.419921875,-400000.0625
183.92449951171875,-400000.0625,-7970.240234375,-4700.85009765625,-400000.0625,-16523.509765625,-400000.0625,-7278.6298828125,-400000.0625
183.93115162849426,-400000.0625,-8017.25,-4744.47998046875,-400000.0625,-16558.98046875,-400000.0625,-7324.509765625,-400000.0625
183.9410698413849,-400000.0625,-7997.22998046875,-4727.080078125,-400000.0625,-16541.05078125,-400000.0625,-7309.2900390625,-400000.0625
183.9480345249176,-400000.0625,-7937.33984375,-4671.669921875,-400000.0625,-16492.890625,-400000.0625,-7247.5,-400000.0625
183.95723748207092,-400000.0625,-7919.35986328125,-4655.93017578125,-400000.0625,-16477.109375,-400000.0625,-7228.759765625,-400000.0625
183.96371221542358,-400000.0625,-7967.0400390625,-4701.0,-400000.0625,-16517.359375,-400000.0625,-7276.919921875,-400000.0625
183.96992659568787,-400000.0625,-8014.39013671875,-4743.47998046875,-400000.0625,-16554.119140625,-400000.0625,-7326.22021484375,-400000.0625
183.97677445411682,-400000.0625,-7993.990234375,-4724.60009765625,-400000.0625,-16538.0,-400000.0625,-7306.52978515625,-400000.0625
183.98749828338623,-400000.0625,-7932.9501953125,-4667.6201171875,-400000.0625,-16490.26953125,-400000.0625,-7247.02001953125,-400000.0625
183.99535059928894,-400000.0625,-7922.1298828125,-4656.31982421875,-400000.0625,-16478.58984375,-400000.0625,-7235.0,-400000.0625
184.0022792816162,-400000.0625,-7969.47998046875,-4700.47021484375,-400000.0625,-16516.970703125,-400000.0625,-7283.39990234375,-400000.0625
184.00783252716064,-400000.0625,-8009.580078125,-4742.33984375,-400000.0625,-16552.9296875,-400000.0625,-7325.93994140625,-400000.0625
184.02696537971497,-400000.0625,-7991.35986328125,-4721.93017578125,-400000.0625,-16535.7109375,-400000.0625,-7306.580078125,-400000.0625
184.034672498703,-400000.0625,-7935.56982421875,-4665.47021484375,-400000.0625,-16487.310546875,-400000.0625,-7247.39990234375,-400000.0625
184.04035782814026,-400000.0625,-7918.68994140625,-4651.7900390625,-400000.0625,-16475.30078125,-400000.0625,-7234.18994140625,-400000.0625
184.04706859588623,-400000.0625,-7969.08984375,-4699.85009765625,-400000.0625,-16518.359375,-400000.0625,-7283.16015625,-400000.0625
184.05754351615906,-400000.0625,-8015.10986328125,-4743.0498046875,-400000.0625,-16552.55078125,-400000.0625,-7332.14013671875,-400000.0625
184.06465363502502,-400000.0625,-7995.89013671875,-4724.1201171875,-400000.0625,-16535.0,-400000.0625,-7310.10986328125,-400000.0625
184.07085371017456,-400000.0625,-7938.52978515625,-4672.240234375,-400000.0625,-16488.890625,-400000.0625,-7249.7900390625,-400000.0625
184.0796399116516,-400000.0625,-7920.7001953125,-4655.169921875,-400000.0625,-16475.060546875,-400000.0625,-7237.2001953125,-400000.0625
184.08813190460205,-400000.0625,-7973.0498046875,-4704.240234375,-400000.0625,-16514.2109375,-400000.0625,-7284.35986328125,-400000.0625
184.0944926738739,-400000.0625,-8019.02001953125,-4748.39013671875,-400000.0625,-16547.349609375,-400000.0625,-7330.93994140625,-400000.0625
184.10063314437866,-400000.0625,-7997.27978515625,-4727.22021484375,-400000.0625,-16532.609375,-400000.0625,-7307.669921875,-400000.0625
184.10660862922668,-400000.0625,-7935.85986328125,-4669.08984375,-400000.0625,-16487.169921875,-400000.0625,-7247.72998046875,-400000.0625
184.11316680908203,-400000.0625,-7924.89013671875,-4659.22021484375,-400000.0625,-16475.060546875,-400000.0625,-7232.52001953125,-400000.0625
184.13164067268372,-400000.0625,-7978.6298828125,-4705.9501953125,-400000.0625,-16510.349609375,-400000.0625,-7281.06982421875,-400000.0625
184.13850116729736,-400000.0625,-8022.02001953125,-4747.68017578125,-400000.0625,-16553.2109375,-400000.0625,-7328.60986328125,-400000.0625
184.15099120140076,-400000.0625,-7996.0400390625,-4725.7001953125,-400000.0625,-16532.94921875,-400000.0625,-7305.0,-400000.0625
184.16266298294067,-400000.0625,-7937.91015625,-4671.81005859375,-400000.0625,-16484.9296875,-400000.0625,-7245.97021484375,-400000.0625
184.17053294181824,-400000.0625,-7920.93017578125,-4658.080078125,-400000.0625,-16473.25,-400000.0625,-7228.89990234375,-400000.0625
184.17727875709534,-400000.0625,-7971.0498046875,-4704.0498046875,-400000.0625,-16517.259765625,-400000.0625,-7280.06005859375,-400000.0625
184.18709897994995,-400000.0625,-8020.1201171875,-4748.2001953125,-400000.0625,-16552.16015625,-400000.0625,-7328.7001953125,-400000.0625
184.19497895240784,-400000.0625,-8001.47021484375,-4730.27001953125,-400000.0625,-16530.08984375,-400000.0625,-7307.240234375,-400000.0625
184.20253896713257,-400000.0625,-7941.10009765625,-4674.2001953125,-400000.0625,-16482.880859375,-400000.0625,-7250.4501953125,-400000.0625
184.21017932891846,-400000.0625,-7921.31982421875,-4659.1298828125,-400000.0625,-16474.060546875,-400000.0625,-7233.240234375,-400000.0625
184.2224714756012,-400000.0625,-7969.56982421875,-4701.7099609375,-400000.0625,-16514.01953125,-400000.0625,-7281.5400390625,-400000.0625
184.23855257034302,-400000.0625,-8014.009765625,-4745.33984375,-400000.0625,-16544.490234375,-400000.0625,-7327.56005859375,-400000.0625
184.24559044837952,-400000.0625,-7994.56005859375,-4727.22021484375,-400000.0625,-16530.939453125,-400000.0625,-7305.43017578125,-400000.0625
184.25713682174683,-400000.0625,-7935.330078125,-4669.7099609375,-400000.0625,-16482.98046875,-400000.0625,-7243.68017578125,-400000.0625
184.2671241760254,-400000.0625,-7921.97998046875,-4654.83984375,-400000.0625,-16471.05078125,-400000.0625,-7231.27978515625,-400000.0625
184.275244474411,-400000.0625,-7966.7099609375,-4695.080078125,-400000.0625,-16511.439453125,-400000.0625,-7277.919921875,-400000.0625
184.28538513183594,-400000.0625,-8008.77001953125,-4735.89990234375,-400000.0625,-16544.009765625,-400000.0625,-7323.89013671875,-400000.0625
184.29451966285706,-400000.0625,-7993.990234375,-4725.31005859375,-400000.0625,-16532.1796875,-400000.0625,-7301.6201171875,-400000.0625
184.31389236450195,-400000.0625,-7988.68994140625,-4731.419921875,-400000.0625,-16511.970703125,-400000.0625,-7307.39013671875,-400000.0625
184.33232378959656,-400000.0625,-7925.31982421875,-4675.669921875,-400000.0625,-16466.05078125,-400000.0625,-7250.35986328125,-400000.0625
184.35857319831848,-400000.0625,-7914.72998046875,-4662.7099609375,-400000.0625,-16457.26953125,-400000.0625,-7236.77001953125,-400000.0625
184.38683819770813,-400000.0625,-7961.7998046875,-4705.759765625,-400000.0625,-16497.80078125,-400000.0625,-7283.31005859375,-400000.0625
184.40723586082458,-400000.0625,-8002.14013671875,-4745.47998046875,-400000.0625,-16537.140625,-400000.0625,-7327.509765625,-400000.0625
